{"type":"FeatureCollection","bbox":[-10.301973,52.665109,-7.584171,54.474345],"features":[
{"type":"Feature","id":"IRL:ADM2:IE-C.tuam-lea-7","properties":{"shapeName":"TUAM LEA-7","shapeISO":"","shapeGroup":"IRL","shapeType":"ADM2","adm1ISO":"IE-C","parentISO":"IE-C","parentID":"IRL:ADM1:IE-C","src_shape_id":"5873133B37999422461820"},"geometry":{"type":"Polygon","coordinates":[[[-8.669733,53.44607],[-8.659495,53.445932],[-8.655484,53.445101],[-8.653181,53.447063],[-8.648338,53.448667],[-8.638225,53.449082],[-8.638102,53.452221],[-8.631766,53.451804],[-8.629702,53.454675],[-8.631367,53.46218],[-8.633989,53.464518],[-8.636307,53.47323],[-8.644139,53.470176],[-8.649919,53.470852],[-8.655956,53.473148],[-8.654412,53.475497],[-8.658955,53.47737],[-8.661909,53.483313],[-8.67148,53.484387],[-8.666696,53.481729],[-8.674265,53.480237],[-8.676857,53.484082],[-8.673415,53.497003],[-8.670347,53.499687],[-8.664491,53.498219],[-8.664113,53.507293],[-8.666328,53.508191],[-8.667215,53.513062],[-8.668451,53.514424],[-8.662941,53.51954],[-8.661015,53.524861],[-8.657675,53.526189],[-8.657635,53.527899],[-8.662166,53.52871],[-8.662421,53.530908],[-8.664933,53.532982],[-8.665371,53.537343],[-8.664264,53.541915],[-8.666183,53.543555],[-8.664423,53.550158],[-8.66129,53.552211],[-8.654875,53.552701],[-8.647161,53.551783],[-8.645471,53.552665],[-8.64881,53.5623],[-8.652649,53.56512],[-8.657558,53.565439],[-8.660371,53.567691],[-8.66047,53.571029],[-8.662186,53.57443],[-8.661237,53.579248],[-8.661815,53.581427],[-8.668909,53.583689],[-8.666203,53.585731],[-8.666981,53.588667],[-8.663261,53.589156],[-8.65089,53.592574],[-8.648628,53.599333],[-8.651981,53.60018],[-8.656254,53.603671],[-8.651211,53.604663],[-8.648863,53.607001],[-8.650139,53.609785],[-8.647035,53.61155],[-8.645686,53.615995],[-8.648266,53.621035],[-8.64862,53.623338],[-8.646094,53.625705],[-8.647839,53.628588],[-8.646368,53.631558],[-8.646731,53.633534],[-8.644683,53.635518],[-8.645796,53.639753],[-8.644082,53.64343],[-8.644588,53.646835],[-8.641232,53.650228],[-8.650021,53.64875],[-8.654899,53.656005],[-8.659807,53.656733],[-8.662276,53.655228],[-8.673511,53.656361],[-8.679384,53.655998],[-8.681718,53.658877],[-8.686564,53.659172],[-8.69521,53.667676],[-8.693195,53.668374],[-8.695531,53.670884],[-8.702042,53.668674],[-8.713214,53.6659],[-8.723447,53.665056],[-8.724665,53.669665],[-8.72908,53.671215],[-8.73385,53.665825],[-8.739965,53.662611],[-8.748528,53.662127],[-8.752741,53.663708],[-8.755845,53.665882],[-8.761403,53.663893],[-8.76903,53.664084],[-8.773531,53.666435],[-8.777852,53.665177],[-8.785759,53.658719],[-8.794293,53.657039],[-8.800913,53.657299],[-8.809095,53.660853],[-8.814933,53.66201],[-8.819149,53.665926],[-8.823289,53.664989],[-8.830943,53.660152],[-8.841154,53.654765],[-8.842695,53.652961],[-8.848614,53.652535],[-8.862009,53.654453],[-8.866307,53.656724],[-8.869438,53.654949],[-8.873726,53.655496],[-8.876302,53.653704],[-8.880229,53.653758],[-8.882752,53.652494],[-8.891833,53.652151],[-8.897393,53.653011],[-8.895487,53.648718],[-8.898717,53.647408],[-8.901392,53.642105],[-8.904592,53.643121],[-8.912016,53.643939],[-8.913016,53.646168],[-8.916631,53.646982],[-8.925325,53.65329],[-8.937551,53.659074],[-8.938743,53.660653],[-8.942739,53.66191],[-8.946658,53.661634],[-8.949137,53.658994],[-8.954787,53.655733],[-8.96308,53.653988],[-8.96705,53.653985],[-8.971402,53.655358],[-8.976841,53.648202],[-8.978786,53.644346],[-8.974971,53.64237],[-8.971576,53.64252],[-8.97506,53.638092],[-8.973491,53.635706],[-8.973213,53.632063],[-8.974569,53.629781],[-8.974939,53.62542],[-8.978841,53.624218],[-8.983717,53.620897],[-8.988231,53.618656],[-8.984556,53.615729],[-8.983485,53.612938],[-8.980777,53.60961],[-8.980264,53.604997],[-8.984543,53.604519],[-8.986577,53.603118],[-8.990068,53.60316],[-8.992746,53.597146],[-8.994925,53.598223],[-8.998391,53.602076],[-9.001178,53.602211],[-9.007023,53.59877],[-9.015405,53.598207],[-9.012507,53.595758],[-9.009042,53.591122],[-9.006829,53.584078],[-9.014468,53.581991],[-9.023232,53.580434],[-9.028625,53.58068],[-9.031411,53.579612],[-9.035652,53.581425],[-9.041458,53.580762],[-9.046182,53.576735],[-9.044113,53.576345],[-9.041573,53.567996],[-9.041847,53.56601],[-9.038723,53.564398],[-9.041419,53.56168],[-9.035349,53.560162],[-9.031529,53.558035],[-9.028817,53.552147],[-9.025312,53.55154],[-9.036949,53.542898],[-9.037541,53.540821],[-9.034087,53.538971],[-9.037941,53.535717],[-9.040422,53.536239],[-9.049342,53.536378],[-9.055088,53.535256],[-9.055408,53.53234],[-9.058248,53.527587],[-9.064588,53.525118],[-9.067729,53.525342],[-9.075177,53.522109],[-9.081632,53.521338],[-9.090175,53.516033],[-9.093602,53.514971],[-9.0938,53.51228],[-9.095636,53.510029],[-9.094958,53.502143],[-9.096256,53.499079],[-9.099026,53.497263],[-9.099361,53.493814],[-9.105869,53.492419],[-9.10874,53.495155],[-9.114982,53.494542],[-9.118831,53.490437],[-9.124634,53.482134],[-9.127975,53.482843],[-9.137152,53.477252],[-9.142049,53.478308],[-9.146544,53.480997],[-9.150663,53.480741],[-9.1552,53.48273],[-9.158324,53.482673],[-9.16167,53.480516],[-9.169378,53.479751],[-9.172274,53.477511],[-9.175415,53.47653],[-9.176131,53.473443],[-9.182016,53.471926],[-9.188255,53.473187],[-9.189797,53.475302],[-9.200344,53.475178],[-9.203706,53.474171],[-9.204952,53.472504],[-9.209445,53.472399],[-9.211176,53.473471],[-9.209124,53.475387],[-9.212497,53.478497],[-9.236584,53.480245],[-9.266299,53.468988],[-9.259963,53.449704],[-9.239845,53.444791],[-9.214161,53.443908],[-9.185138,53.425452],[-9.14551,53.423567],[-9.13284,53.425695],[-9.122223,53.422988],[-9.119717,53.410013],[-9.101928,53.402981],[-9.053261,53.412227],[-9.048035,53.413604],[-9.043226,53.413371],[-9.037832,53.41226],[-9.034115,53.41303],[-9.030197,53.415366],[-9.028316,53.418093],[-9.023565,53.419456],[-9.019076,53.418288],[-9.018985,53.412883],[-9.015942,53.406007],[-9.007628,53.407121],[-9.004681,53.407978],[-8.997343,53.408312],[-8.991562,53.41021],[-8.990912,53.406276],[-8.986275,53.402736],[-8.98121,53.400685],[-8.969808,53.397623],[-8.965731,53.402017],[-8.958269,53.40212],[-8.952895,53.401053],[-8.952369,53.399095],[-8.960715,53.392672],[-8.951656,53.394723],[-8.939535,53.399501],[-8.934761,53.397715],[-8.92848,53.396603],[-8.914573,53.400464],[-8.91383,53.397662],[-8.908433,53.397198],[-8.901658,53.402325],[-8.898683,53.400124],[-8.892956,53.394427],[-8.887388,53.386949],[-8.878275,53.38869],[-8.870187,53.388748],[-8.867244,53.391592],[-8.863465,53.398529],[-8.859687,53.400873],[-8.847826,53.403078],[-8.843355,53.404786],[-8.838069,53.405897],[-8.833914,53.405166],[-8.823686,53.400173],[-8.816481,53.395045],[-8.811294,53.393472],[-8.797433,53.396737],[-8.798828,53.398118],[-8.794824,53.400345],[-8.795574,53.403029],[-8.788165,53.406297],[-8.78402,53.406723],[-8.780244,53.409287],[-8.775415,53.410693],[-8.772587,53.406211],[-8.764755,53.404465],[-8.75511,53.404893],[-8.750458,53.403206],[-8.745267,53.404449],[-8.740879,53.404161],[-8.73784,53.406226],[-8.728822,53.410074],[-8.745536,53.411076],[-8.74432,53.41241],[-8.741173,53.420164],[-8.740984,53.424438],[-8.745099,53.433135],[-8.74459,53.437424],[-8.741617,53.439435],[-8.738839,53.438631],[-8.72855,53.440573],[-8.724189,53.443301],[-8.719422,53.444302],[-8.71366,53.446602],[-8.7064,53.444606],[-8.69434,53.445441],[-8.689832,53.447372],[-8.669733,53.44607]]]}},
{"type":"Feature","id":"IRL:ADM2:IE-C.galway-city-east-lea-6","properties":{"shapeName":"GALWAY CITY EAST LEA-6","shapeISO":"","shapeGroup":"IRL","shapeType":"ADM2","adm1ISO":"IE-C","parentISO":"IE-C","parentID":"IRL:ADM1:IE-C","src_shape_id":"5873133B29107056882514"},"geometry":{"type":"Polygon","coordinates":[[[-9.023414,53.313308],[-9.028646,53.308349],[-9.032793,53.3066],[-9.035216,53.30052],[-9.035401,53.29563],[-9.038198,53.292343],[-9.045485,53.286969],[-9.043573,53.284876],[-9.03529,53.280452],[-9.044073,53.272503],[-9.042712,53.271924],[-9.04394,53.268003],[-9.038762,53.269692],[-9.031055,53.267961],[-9.02803,53.26932],[-9.022821,53.269658],[-9.019656,53.27107],[-9.016527,53.268889],[-9.017456,53.266411],[-9.01032,53.267756],[-8.998043,53.269162],[-8.993813,53.27098],[-8.992218,53.268655],[-8.996251,53.268013],[-8.996948,53.266677],[-8.995682,53.263123],[-8.993455,53.262012],[-8.984783,53.263174],[-8.979811,53.264615],[-8.976752,53.262663],[-8.973486,53.262943],[-8.976638,53.266492],[-8.973209,53.270073],[-8.968592,53.27086],[-8.963535,53.26924],[-8.955023,53.272054],[-8.958522,53.279631],[-8.963716,53.279764],[-8.962609,53.282717],[-8.963705,53.286726],[-8.961995,53.291162],[-8.956844,53.290659],[-8.954859,53.294366],[-8.960933,53.300528],[-8.964251,53.29918],[-8.975391,53.293308],[-8.983707,53.292314],[-8.986603,53.298134],[-8.988381,53.299668],[-8.999171,53.302917],[-9.014182,53.304619],[-9.022712,53.30643],[-9.020558,53.309975],[-9.015506,53.311277],[-9.012911,53.314687],[-9.016436,53.315028],[-9.023414,53.313308]]]}},
{"type":"Feature","id":"IRL:ADM2:IE-C.manorhamilton-lea-6","properties":{"shapeName":"MANORHAMILTON LEA-6","shapeISO":"","shapeGroup":"IRL","shapeType":"ADM2","adm1ISO":"IE-C","parentISO":"IE-C","parentID":"IRL:ADM1:IE-C","src_shape_id":"5873133B72319523044240"},"geometry":{"type":"Polygon","coordinates":[[[-7.946579,54.30429],[-7.961718,54.312503],[-7.963366,54.32051],[-7.972145,54.330873],[-7.982587,54.336205],[-7.98295,54.339928],[-7.985532,54.341905],[-7.986437,54.344196],[-7.991491,54.34589],[-7.996776,54.346157],[-7.999473,54.347176],[-8.001276,54.350583],[-7.997532,54.355702],[-8.0003,54.358143],[-8.007571,54.361278],[-8.012486,54.358212],[-8.018341,54.356718],[-8.022531,54.359097],[-8.025791,54.359949],[-8.031301,54.356701],[-8.037007,54.359282],[-8.039527,54.362647],[-8.047093,54.362704],[-8.049454,54.365968],[-8.057398,54.365756],[-8.056212,54.368138],[-8.058256,54.371068],[-8.062936,54.373305],[-8.067941,54.380714],[-8.070428,54.383288],[-8.073668,54.38479],[-8.074594,54.387625],[-8.07865,54.39216],[-8.083408,54.394621],[-8.08415,54.397405],[-8.087602,54.398479],[-8.091262,54.402197],[-8.09543,54.403818],[-8.097342,54.40649],[-8.153853,54.4371],[-8.158736,54.439011],[-8.161878,54.442034],[-8.160551,54.443934],[-8.157357,54.444593],[-8.150222,54.444565],[-8.14596,54.447435],[-8.146337,54.448949],[-8.142849,54.450451],[-8.144784,54.452228],[-8.149206,54.453967],[-8.167416,54.459273],[-8.169416,54.460613],[-8.170034,54.464545],[-8.17753,54.464756],[-8.179473,54.465043],[-8.190742,54.467492],[-8.196936,54.467683],[-8.19808,54.469154],[-8.20425,54.469704],[-8.208811,54.471136],[-8.217672,54.472943],[-8.221011,54.472928],[-8.224349,54.47027],[-8.230434,54.470807],[-8.232001,54.46969],[-8.231375,54.467084],[-8.233457,54.465608],[-8.233856,54.462368],[-8.236206,54.461157],[-8.24871,54.461418],[-8.253827,54.462217],[-8.258977,54.460719],[-8.259947,54.459063],[-8.270641,54.459788],[-8.272884,54.461479],[-8.281852,54.464553],[-8.284697,54.464539],[-8.28781,54.462617],[-8.299069,54.463654],[-8.304469,54.468128],[-8.304086,54.470514],[-8.310055,54.471905],[-8.31294,54.474345],[-8.316875,54.473905],[-8.319735,54.472332],[-8.321756,54.473464],[-8.325714,54.472807],[-8.328786,54.474044],[-8.331302,54.47334],[-8.334523,54.470595],[-8.344699,54.47184],[-8.350117,54.470531],[-8.353356,54.468407],[-8.357688,54.467453],[-8.369206,54.467065],[-8.372895,54.467668],[-8.38114,54.464268],[-8.378942,54.457072],[-8.374633,54.457153],[-8.372176,54.455495],[-8.372151,54.452442],[-8.375436,54.450565],[-8.378699,54.45158],[-8.396916,54.446872],[-8.401851,54.445877],[-8.409427,54.440056],[-8.408314,54.430714],[-8.419564,54.426766],[-8.42765,54.421094],[-8.421774,54.418232],[-8.419837,54.41494],[-8.413611,54.414375],[-8.408276,54.416641],[-8.403586,54.416401],[-8.394757,54.418462],[-8.392787,54.420211],[-8.398008,54.426622],[-8.395183,54.427983],[-8.391907,54.427948],[-8.379286,54.426509],[-8.374274,54.423364],[-8.369452,54.423161],[-8.364127,54.421936],[-8.359333,54.423441],[-8.357674,54.422739],[-8.353484,54.424155],[-8.35118,54.42258],[-8.348029,54.422611],[-8.34441,54.421309],[-8.345894,54.417398],[-8.349839,54.415144],[-8.346288,54.412217],[-8.347273,54.408028],[-8.349828,54.403709],[-8.352697,54.402588],[-8.3546,54.40006],[-8.359102,54.396394],[-8.360207,54.391695],[-8.360319,54.387251],[-8.366642,54.37458],[-8.365054,54.372001],[-8.374826,54.367021],[-8.382255,54.364833],[-8.386938,54.361504],[-8.393521,54.359788],[-8.399446,54.359997],[-8.397329,54.356351],[-8.39501,54.354856],[-8.394677,54.352586],[-8.391777,54.350101],[-8.393192,54.348038],[-8.391609,54.344948],[-8.39268,54.343167],[-8.390273,54.338751],[-8.391007,54.334404],[-8.386141,54.328866],[-8.386867,54.32468],[-8.389082,54.320426],[-8.381635,54.315608],[-8.375057,54.315973],[-8.375969,54.313877],[-8.362605,54.314289],[-8.35517,54.312169],[-8.35434,54.30759],[-8.349605,54.305856],[-8.348311,54.301287],[-8.346289,54.298811],[-8.346454,54.29454],[-8.345227,54.292085],[-8.345072,54.284957],[-8.342965,54.284624],[-8.343607,54.280171],[-8.346731,54.274404],[-8.341565,54.251524],[-8.339488,54.249144],[-8.334516,54.248656],[-8.333532,54.241004],[-8.335519,54.239115],[-8.335721,54.23419],[-8.336993,54.232002],[-8.337827,54.227225],[-8.34068,54.22379],[-8.338419,54.220585],[-8.335476,54.218647],[-8.334452,54.216335],[-8.336413,54.212592],[-8.331894,54.2117],[-8.333839,54.209112],[-8.336487,54.208418],[-8.339276,54.20353],[-8.347673,54.200215],[-8.347705,54.199281],[-8.340765,54.199071],[-8.333617,54.196868],[-8.335381,54.194959],[-8.332779,54.191865],[-8.326296,54.190976],[-8.321556,54.189358],[-8.318398,54.18992],[-8.316329,54.188298],[-8.318104,54.184051],[-8.322286,54.180086],[-8.328307,54.178374],[-8.330588,54.175036],[-8.328393,54.173282],[-8.324636,54.174888],[-8.321002,54.174087],[-8.318418,54.169472],[-8.313682,54.167125],[-8.307271,54.16634],[-8.303458,54.167094],[-8.281342,54.152622],[-8.268521,54.153543],[-8.260831,54.153186],[-8.260301,54.156977],[-8.253415,54.156657],[-8.251205,54.15927],[-8.243526,54.157561],[-8.238369,54.155006],[-8.227448,54.154754],[-8.220577,54.149018],[-8.221396,54.147512],[-8.217305,54.145225],[-8.215963,54.140418],[-8.207552,54.136764],[-8.203307,54.134115],[-8.199233,54.134612],[-8.19577,54.133497],[-8.19006,54.12876],[-8.186228,54.12358],[-8.181581,54.121798],[-8.180589,54.117818],[-8.17773,54.116659],[-8.172345,54.111708],[-8.167772,54.112116],[-8.163512,54.108982],[-8.162552,54.111424],[-8.153888,54.115753],[-8.152572,54.11902],[-8.148312,54.124309],[-8.140672,54.123834],[-8.134741,54.119816],[-8.131459,54.12028],[-8.124157,54.118471],[-8.114213,54.114555],[-8.111047,54.11429],[-8.108526,54.110849],[-8.105526,54.108928],[-8.095862,54.109005],[-8.092244,54.107639],[-8.088903,54.107963],[-8.084601,54.109573],[-8.083355,54.10601],[-8.077661,54.10566],[-8.072352,54.104503],[-8.067487,54.105285],[-8.05315,54.104687],[-8.050947,54.119174],[-8.047787,54.154201],[-8.045709,54.157311],[-8.044979,54.163231],[-8.043092,54.16503],[-8.046248,54.167017],[-8.046372,54.169419],[-8.042849,54.173364],[-8.044324,54.174802],[-8.033945,54.180282],[-8.038834,54.183843],[-8.04227,54.183112],[-8.044689,54.186062],[-8.047954,54.186862],[-8.048531,54.190101],[-8.047037,54.194726],[-8.050883,54.19633],[-8.04542,54.203242],[-8.042746,54.203107],[-8.036718,54.205488],[-8.033281,54.208944],[-8.033513,54.213789],[-8.035205,54.214367],[-8.039054,54.22226],[-8.044262,54.222391],[-8.046663,54.225321],[-8.045802,54.22666],[-8.048849,54.228327],[-8.049109,54.230952],[-8.051917,54.233295],[-8.056264,54.234329],[-8.058133,54.235914],[-8.05466,54.238594],[-8.054889,54.240829],[-8.052658,54.243342],[-8.049922,54.24431],[-8.04926,54.246268],[-8.045781,54.24858],[-8.041176,54.254005],[-8.031143,54.251442],[-8.019095,54.250292],[-8.009921,54.248351],[-8.003774,54.249339],[-7.998335,54.254051],[-7.99148,54.257547],[-7.986135,54.262923],[-7.9855,54.265796],[-7.981604,54.269164],[-7.974366,54.273538],[-7.97455,54.280466],[-7.972471,54.284414],[-7.967666,54.286964],[-7.964929,54.290328],[-7.961621,54.291541],[-7.957455,54.294348],[-7.946579,54.30429]]]}},
{"type":"Feature","id":"IRL:ADM2:IE-C.belmullet-lea-3","properties":{"shapeName":"BELMULLET-LEA-3","shapeISO":"","shapeGroup":"IRL","shapeType":"ADM2","adm1ISO":"IE-C","parentISO":"IE-C","parentID":"IRL:ADM1:IE-C","src_shape_id":"5873133B47562740874876"},"geometry":{"type":"MultiPolygon","coordinates":[[[[-9.482087,54.00896],[-9.481358,54.010646],[-9.482015,54.014752],[-9.484792,54.018135],[-9.483505,54.023125],[-9.483827,54.025367],[-9.487451,54.026325],[-9.485441,54.030575],[-9.490169,54.033565],[-9.488801,54.035506],[-9.491055,54.037965],[-9.492746,54.041915],[-9.48633,54.046594],[-9.487441,54.050445],[-9.493376,54.05351],[-9.497355,54.057227],[-9.500853,54.058023],[-9.506949,54.056385],[-9.509387,54.058672],[-9.514168,54.060912],[-9.515379,54.065003],[-9.52577,54.067032],[-9.522484,54.069419],[-9.523653,54.071166],[-9.51874,54.07532],[-9.523058,54.076534],[-9.531291,54.073953],[-9.538392,54.072931],[-9.541935,54.07395],[-9.550885,54.072919],[-9.55726,54.076984],[-9.562703,54.076937],[-9.567567,54.080499],[-9.569549,54.08623],[-9.572383,54.087778],[-9.572534,54.092402],[-9.568406,54.099241],[-9.575318,54.100473],[-9.578487,54.100449],[-9.580838,54.102124],[-9.576873,54.106912],[-9.575355,54.112279],[-9.573172,54.115103],[-9.573941,54.118704],[-9.576578,54.118506],[-9.569866,54.124908],[-9.564601,54.127384],[-9.562869,54.130515],[-9.565899,54.132245],[-9.566675,54.136511],[-9.563937,54.140538],[-9.557909,54.143278],[-9.559413,54.144194],[-9.559589,54.148569],[-9.561464,54.15215],[-9.559274,54.15378],[-9.556463,54.159698],[-9.556851,54.169734],[-9.556029,54.170658],[-9.560803,54.173937],[-9.560955,54.178525],[-9.558534,54.180661],[-9.553828,54.183152],[-9.556427,54.186714],[-9.556382,54.188216],[-9.561095,54.192343],[-9.562076,54.195623],[-9.565919,54.201376],[-9.563064,54.204744],[-9.557263,54.208787],[-9.55164,54.208773],[-9.550595,54.214601],[-9.551409,54.221173],[-9.547551,54.222803],[-9.540758,54.223578],[-9.539723,54.221535],[-9.535235,54.218932],[-9.520065,54.22227],[-9.510486,54.226007],[-9.50909,54.228727],[-9.504467,54.232094],[-9.5038,54.23999],[-9.498527,54.239785],[-9.49691,54.238809],[-9.487494,54.240066],[-9.483002,54.240225],[-9.47938,54.239466],[-9.475365,54.240432],[-9.471638,54.24031],[-9.463945,54.245472],[-9.468163,54.249515],[-9.469113,54.255574],[-9.480209,54.267644],[-9.482068,54.268793],[-9.478918,54.271089],[-9.472468,54.280945],[-9.459362,54.297158],[-9.45951,54.303818],[-9.456983,54.309092],[-9.460838,54.310636],[-9.46418,54.309943],[-9.469364,54.311837],[-9.469739,54.31287],[-9.475766,54.314542],[-9.479493,54.317122],[-9.484692,54.316184],[-9.485734,54.317736],[-9.490453,54.315733],[-9.498723,54.318239],[-9.5011,54.31987],[-9.504431,54.317382],[-9.50268,54.316338],[-9.509711,54.310207],[-9.513025,54.310896],[-9.5166,54.309357],[-9.5201,54.309583],[-9.521985,54.311891],[-9.529954,54.309995],[-9.533221,54.312313],[-9.533489,54.317922],[-9.546307,54.316552],[-9.54885,54.314843],[-9.549828,54.311992],[-9.56186,54.313268],[-9.563345,54.318309],[-9.56177,54.320033],[-9.569157,54.321789],[-9.574244,54.320814],[-9.576366,54.3235],[-9.579575,54.319915],[-9.584969,54.320866],[-9.593663,54.3232],[-9.596857,54.322942],[-9.599318,54.324173],[-9.608192,54.323062],[-9.612474,54.321332],[-9.615305,54.321983],[-9.615106,54.323983],[-9.617519,54.326048],[-9.62012,54.324351],[-9.625585,54.323308],[-9.631437,54.323344],[-9.6351,54.320439],[-9.637112,54.320438],[-9.638752,54.324031],[-9.643025,54.323706],[-9.644453,54.32122],[-9.647976,54.317953],[-9.651706,54.316706],[-9.656165,54.316678],[-9.66019,54.313079],[-9.664347,54.314245],[-9.667085,54.317453],[-9.669815,54.318562],[-9.678899,54.316496],[-9.680479,54.317535],[-9.688038,54.316748],[-9.689666,54.318357],[-9.69618,54.318877],[-9.696847,54.321348],[-9.702352,54.320589],[-9.71045,54.322714],[-9.714137,54.324182],[-9.71804,54.323949],[-9.721617,54.325357],[-9.724796,54.327923],[-9.730146,54.326512],[-9.7328,54.328737],[-9.73542,54.327046],[-9.741962,54.327432],[-9.747519,54.331951],[-9.748279,54.336326],[-9.75336,54.335946],[-9.755935,54.340077],[-9.757747,54.338501],[-9.770161,54.334905],[-9.773388,54.335654],[-9.773843,54.338935],[-9.777877,54.337648],[-9.779827,54.331523],[-9.784041,54.331664],[-9.783692,54.335128],[-9.782103,54.338751],[-9.786315,54.341745],[-9.7882,54.339537],[-9.792555,54.338381],[-9.796357,54.338854],[-9.796696,54.340559],[-9.801761,54.342352],[-9.810998,54.341672],[-9.814476,54.339962],[-9.812468,54.338525],[-9.814873,54.336678],[-9.819022,54.338295],[-9.821508,54.337189],[-9.820225,54.335197],[-9.82245,54.333313],[-9.825506,54.332653],[-9.828815,54.330065],[-9.835405,54.329953],[-9.834468,54.327943],[-9.837164,54.323702],[-9.840144,54.325338],[-9.851488,54.323859],[-9.854888,54.325381],[-9.859088,54.323045],[-9.857346,54.319145],[-9.860403,54.317839],[-9.855955,54.312167],[-9.854043,54.311133],[-9.853807,54.307983],[-9.856922,54.305213],[-9.862033,54.305808],[-9.86206,54.303072],[-9.857016,54.303547],[-9.849853,54.302354],[-9.849006,54.303676],[-9.844955,54.303802],[-9.845021,54.300891],[-9.846452,54.296817],[-9.844733,54.296125],[-9.842162,54.300926],[-9.836416,54.300789],[-9.82247,54.293185],[-9.818285,54.291375],[-9.812562,54.291323],[-9.80915,54.294976],[-9.804225,54.296927],[-9.798232,54.297255],[-9.796468,54.29811],[-9.789704,54.296217],[-9.783541,54.292222],[-9.783819,54.290285],[-9.779223,54.290105],[-9.776335,54.28885],[-9.776716,54.287083],[-9.766628,54.282874],[-9.776308,54.283288],[-9.780789,54.283906],[-9.786102,54.28617],[-9.787255,54.288277],[-9.791589,54.290395],[-9.79241,54.292348],[-9.796185,54.294125],[-9.803619,54.293507],[-9.805268,54.289491],[-9.808438,54.287261],[-9.802669,54.282509],[-9.805229,54.280262],[-9.804139,54.277906],[-9.794978,54.273976],[-9.790505,54.273106],[-9.785708,54.2704],[-9.779729,54.268839],[-9.771594,54.268399],[-9.763883,54.265417],[-9.757144,54.261276],[-9.752728,54.25981],[-9.75288,54.257654],[-9.749967,54.255141],[-9.746795,54.25649],[-9.748132,54.25819],[-9.743742,54.259729],[-9.740563,54.257648],[-9.743963,54.256877],[-9.743748,54.254458],[-9.746062,54.25322],[-9.75231,54.253239],[-9.756745,54.255324],[-9.764918,54.255991],[-9.768662,54.259192],[-9.777962,54.262606],[-9.778666,54.264317],[-9.787496,54.265209],[-9.790715,54.26634],[-9.794607,54.266138],[-9.797529,54.268088],[-9.803723,54.26973],[-9.804418,54.273806],[-9.808512,54.279695],[-9.811713,54.283045],[-9.816504,54.284283],[-9.82252,54.282291],[-9.832341,54.280272],[-9.837304,54.279913],[-9.841315,54.280938],[-9.845119,54.27753],[-9.856157,54.274428],[-9.859239,54.275261],[-9.865118,54.274612],[-9.86856,54.272948],[-9.866903,54.267576],[-9.870714,54.267327],[-9.872768,54.263715],[-9.871118,54.26244],[-9.871065,54.258281],[-9.87818,54.257599],[-9.879761,54.256596],[-9.877707,54.25253],[-9.873525,54.251762],[-9.873601,54.249481],[-9.87608,54.246733],[-9.88066,54.245683],[-9.874678,54.239831],[-9.866992,54.23509],[-9.864438,54.230881],[-9.860574,54.227548],[-9.856196,54.226679],[-9.852654,54.227341],[-9.849214,54.223124],[-9.859212,54.223956],[-9.86741,54.225629],[-9.86852,54.226743],[-9.867226,54.229577],[-9.872684,54.230411],[-9.875245,54.232633],[-9.88187,54.233683],[-9.892205,54.230401],[-9.889138,54.22905],[-9.883703,54.228456],[-9.876794,54.226447],[-9.874461,54.2215],[-9.876109,54.217701],[-9.886952,54.216758],[-9.889716,54.2144],[-9.898589,54.213337],[-9.90921,54.213892],[-9.913025,54.212415],[-9.919816,54.212886],[-9.926293,54.212079],[-9.93133,54.213253],[-9.936994,54.212455],[-9.947326,54.212605],[-9.956174,54.215349],[-9.960162,54.215185],[-9.969937,54.217784],[-9.974831,54.219523],[-9.982195,54.223009],[-9.983641,54.225438],[-9.978405,54.224927],[-9.975982,54.223685],[-9.97164,54.223159],[-9.967155,54.221635],[-9.963034,54.222654],[-9.964148,54.22582],[-9.969965,54.230571],[-9.971293,54.234717],[-9.977271,54.244167],[-9.981537,54.248529],[-9.980868,54.250749],[-9.977227,54.250103],[-9.977072,54.247059],[-9.971264,54.237486],[-9.965221,54.231714],[-9.961173,54.229478],[-9.960505,54.224787],[-9.958641,54.22237],[-9.952568,54.220104],[-9.94919,54.221078],[-9.944258,54.22113],[-9.949362,54.224988],[-9.946593,54.227376],[-9.942167,54.227086],[-9.938132,54.225238],[-9.935323,54.224972],[-9.932068,54.226892],[-9.926089,54.226641],[-9.921804,54.227535],[-9.917273,54.226883],[-9.914538,54.229209],[-9.919431,54.231709],[-9.923173,54.232119],[-9.923292,54.233743],[-9.919103,54.236495],[-9.913408,54.237837],[-9.910757,54.236962],[-9.908143,54.238888],[-9.902064,54.238756],[-9.902006,54.242483],[-9.897974,54.244814],[-9.896677,54.24829],[-9.897154,54.250777],[-9.89138,54.254664],[-9.895189,54.257628],[-9.895197,54.259072],[-9.88931,54.263537],[-9.88842,54.267223],[-9.890908,54.268059],[-9.895627,54.266648],[-9.898691,54.26348],[-9.905804,54.261975],[-9.910619,54.26167],[-9.918735,54.262775],[-9.920117,54.263773],[-9.917816,54.266409],[-9.919247,54.270146],[-9.924081,54.27314],[-9.924458,54.270733],[-9.927053,54.266199],[-9.927803,54.261234],[-9.929676,54.259945],[-9.926701,54.257365],[-9.929761,54.253678],[-9.929267,54.252085],[-9.931313,54.249144],[-9.934382,54.249947],[-9.935788,54.25253],[-9.935165,54.256182],[-9.933276,54.258324],[-9.935913,54.262803],[-9.929097,54.265746],[-9.929085,54.268022],[-9.931009,54.270985],[-9.934834,54.268671],[-9.938661,54.268182],[-9.944796,54.269565],[-9.946014,54.271803],[-9.949544,54.272625],[-9.952119,54.270616],[-9.955267,54.272167],[-9.957544,54.271091],[-9.962782,54.272288],[-9.961956,54.275054],[-9.963538,54.277146],[-9.962493,54.27937],[-9.970313,54.280726],[-9.972168,54.284208],[-9.971929,54.286151],[-9.97451,54.289222],[-9.978839,54.288279],[-9.979244,54.290453],[-9.985457,54.289526],[-9.990711,54.292361],[-9.990864,54.294738],[-9.988041,54.295599],[-9.98454,54.298124],[-9.989415,54.299836],[-9.990632,54.302015],[-9.993491,54.302373],[-9.994449,54.304569],[-9.998758,54.306065],[-10.001378,54.305926],[-10.007941,54.302318],[-10.00483,54.300214],[-10.008344,54.295686],[-10.007834,54.29259],[-10.009277,54.291648],[-10.019959,54.293257],[-10.022248,54.290454],[-10.026251,54.290023],[-10.027243,54.286459],[-10.024594,54.284449],[-10.032694,54.283437],[-10.035256,54.281982],[-10.041076,54.282689],[-10.047394,54.285382],[-10.051321,54.283434],[-10.049675,54.281612],[-10.049197,54.278416],[-10.05593,54.27883],[-10.059435,54.276941],[-10.06419,54.277601],[-10.069632,54.27665],[-10.072368,54.273483],[-10.070301,54.271525],[-10.076114,54.269303],[-10.077257,54.266986],[-10.075899,54.264826],[-10.080522,54.261068],[-10.079468,54.256828],[-10.083185,54.256768],[-10.084804,54.251429],[-10.083309,54.248887],[-10.09097,54.250546],[-10.096414,54.249621],[-10.09556,54.247729],[-10.092585,54.245969],[-10.081752,54.247299],[-10.074538,54.246127],[-10.072735,54.244633],[-10.070045,54.238248],[-10.07186,54.233558],[-10.077046,54.234519],[-10.079066,54.239037],[-10.08771,54.242785],[-10.095951,54.243362],[-10.09958,54.242824],[-10.107481,54.24364],[-10.108969,54.241447],[-10.102908,54.239078],[-10.094525,54.237945],[-10.094228,54.23565],[-10.08682,54.234267],[-10.08062,54.231688],[-10.075373,54.231251],[-10.07364,54.229631],[-10.067307,54.231939],[-10.064387,54.231255],[-10.06153,54.228684],[-10.055957,54.228027],[-10.055001,54.219007],[-10.060675,54.214209],[-10.060096,54.211403],[-10.063849,54.208846],[-10.069907,54.210888],[-10.075051,54.210843],[-10.083039,54.209355],[-10.085477,54.204918],[-10.096374,54.198986],[-10.092039,54.194194],[-10.087416,54.187247],[-10.086286,54.183109],[-10.087388,54.178426],[-10.08881,54.176058],[-10.095576,54.169607],[-10.092794,54.167787],[-10.097127,54.163201],[-10.097332,54.160511],[-10.103825,54.151818],[-10.108551,54.148027],[-10.111647,54.147902],[-10.118273,54.145746],[-10.117715,54.14216],[-10.120412,54.137879],[-10.12366,54.134276],[-10.125605,54.126404],[-10.124038,54.122849],[-10.124688,54.121571],[-10.121692,54.114624],[-10.122985,54.110957],[-10.125474,54.111515],[-10.132846,54.107787],[-10.130673,54.104253],[-10.13135,54.102582],[-10.126524,54.101091],[-10.124662,54.098048],[-10.126346,54.097138],[-10.120079,54.093479],[-10.119458,54.095983],[-10.11223,54.096531],[-10.109322,54.094902],[-10.102951,54.092801],[-10.100208,54.090662],[-10.094256,54.08752],[-10.085433,54.087063],[-10.082293,54.086291],[-10.078973,54.086971],[-10.070102,54.090495],[-10.066398,54.093304],[-10.064067,54.097062],[-10.059428,54.098791],[-10.065436,54.099983],[-10.068932,54.101351],[-10.07075,54.104157],[-10.070227,54.106751],[-10.066752,54.109784],[-10.074303,54.111598],[-10.083014,54.111486],[-10.092721,54.112937],[-10.092987,54.116786],[-10.090341,54.117319],[-10.088986,54.119372],[-10.091539,54.121006],[-10.090741,54.123838],[-10.087419,54.126583],[-10.079809,54.127141],[-10.074392,54.12827],[-10.072578,54.126152],[-10.075771,54.123978],[-10.074918,54.122239],[-10.071797,54.121903],[-10.06805,54.123842],[-10.069749,54.12881],[-10.067848,54.131255],[-10.068206,54.133457],[-10.070699,54.135665],[-10.075345,54.136612],[-10.075745,54.138097],[-10.073517,54.14107],[-10.069975,54.143372],[-10.063046,54.14417],[-10.055622,54.144466],[-10.058469,54.148896],[-10.062882,54.150632],[-10.078275,54.152051],[-10.082551,54.153262],[-10.088019,54.153589],[-10.093172,54.155614],[-10.092084,54.15987],[-10.088482,54.161778],[-10.080951,54.16288],[-10.076088,54.162062],[-10.070778,54.162867],[-10.072672,54.164748],[-10.068579,54.166892],[-10.069334,54.168577],[-10.062352,54.170651],[-10.053117,54.171121],[-10.044364,54.169153],[-10.04258,54.167165],[-10.043269,54.165477],[-10.046658,54.164799],[-10.046724,54.162364],[-10.04419,54.161208],[-10.038068,54.162254],[-10.036579,54.16537],[-10.041914,54.166342],[-10.041014,54.170599],[-10.036938,54.172036],[-10.037835,54.173531],[-10.03577,54.176822],[-10.04079,54.180395],[-10.040054,54.182743],[-10.04127,54.185876],[-10.046537,54.187538],[-10.048074,54.190162],[-10.043558,54.192733],[-10.037581,54.193217],[-10.033003,54.19259],[-10.024649,54.190342],[-10.021118,54.187118],[-10.015734,54.185868],[-10.014106,54.182322],[-10.010794,54.181596],[-10.010145,54.183819],[-10.007319,54.185084],[-10.007432,54.187259],[-10.013489,54.189982],[-10.008656,54.193854],[-10.003242,54.194832],[-10.003893,54.198065],[-10.0067,54.199162],[-10.005923,54.202595],[-10.008565,54.205241],[-10.014821,54.206909],[-10.024489,54.211123],[-10.023628,54.213129],[-10.020313,54.214735],[-10.008079,54.212973],[-10.004946,54.214554],[-10.00316,54.217208],[-10.007632,54.221526],[-10.010403,54.222663],[-10.013792,54.225589],[-10.011372,54.227113],[-10.007486,54.226492],[-10.002478,54.224654],[-9.998098,54.224601],[-9.997509,54.227781],[-9.992288,54.227628],[-9.991645,54.219197],[-9.988032,54.213932],[-9.985738,54.212654],[-9.978436,54.210606],[-9.973021,54.208161],[-9.969627,54.204107],[-9.963728,54.202796],[-9.959686,54.200483],[-9.955757,54.196774],[-9.952566,54.195073],[-9.950436,54.195753],[-9.951514,54.19832],[-9.945621,54.198872],[-9.940729,54.196179],[-9.936761,54.195805],[-9.932359,54.194009],[-9.925357,54.194555],[-9.923275,54.193838],[-9.923939,54.190217],[-9.930639,54.192752],[-9.93566,54.19054],[-9.937903,54.186528],[-9.934497,54.18277],[-9.935832,54.180244],[-9.940123,54.178999],[-9.942659,54.176167],[-9.948145,54.17651],[-9.948473,54.174583],[-9.954035,54.172725],[-9.966882,54.177694],[-9.967042,54.179913],[-9.970579,54.182441],[-9.976207,54.181998],[-9.984819,54.182708],[-9.985401,54.181171],[-9.981642,54.177533],[-9.977732,54.177213],[-9.972255,54.17855],[-9.961564,54.1756],[-9.954321,54.17168],[-9.944427,54.163541],[-9.943311,54.157037],[-9.942052,54.154659],[-9.936338,54.157589],[-9.932345,54.157221],[-9.923597,54.1537],[-9.924864,54.151464],[-9.923443,54.150295],[-9.92757,54.146701],[-9.932982,54.14673],[-9.937649,54.149512],[-9.942345,54.15134],[-9.948864,54.151535],[-9.956327,54.153927],[-9.958301,54.15176],[-9.95465,54.147517],[-9.959846,54.144579],[-9.959453,54.142877],[-9.949914,54.140481],[-9.942945,54.134979],[-9.938128,54.128177],[-9.934942,54.126217],[-9.930916,54.126183],[-9.930038,54.129021],[-9.92548,54.135105],[-9.917801,54.133799],[-9.914693,54.132088],[-9.912027,54.129343],[-9.912776,54.128182],[-9.910802,54.125074],[-9.906376,54.123554],[-9.899188,54.119006],[-9.904456,54.117241],[-9.908635,54.118311],[-9.912377,54.116857],[-9.918098,54.119847],[-9.924563,54.119854],[-9.928501,54.120505],[-9.931859,54.119447],[-9.934353,54.117248],[-9.937144,54.112723],[-9.94146,54.110383],[-9.946074,54.111156],[-9.949658,54.108597],[-9.955,54.107025],[-9.964206,54.108904],[-9.968306,54.108205],[-9.975264,54.105023],[-9.981074,54.106379],[-9.984613,54.103981],[-9.988552,54.104022],[-9.991464,54.102969],[-9.986778,54.100129],[-9.983235,54.100637],[-9.981595,54.098683],[-9.976004,54.095847],[-9.97499,54.091841],[-9.970376,54.088456],[-9.967519,54.085034],[-9.964891,54.079307],[-9.96308,54.072791],[-9.964664,54.06922],[-9.969662,54.066864],[-9.970961,54.062324],[-9.968031,54.061596],[-9.95905,54.063057],[-9.953612,54.063198],[-9.950265,54.066375],[-9.941805,54.065647],[-9.937184,54.062312],[-9.93038,54.060981],[-9.926177,54.062565],[-9.925261,54.065222],[-9.921581,54.066966],[-9.914869,54.067665],[-9.910652,54.067134],[-9.902919,54.07011],[-9.89773,54.070244],[-9.893192,54.072204],[-9.895099,54.07798],[-9.890956,54.080644],[-9.891563,54.083258],[-9.896788,54.085817],[-9.900302,54.090645],[-9.900529,54.096722],[-9.896108,54.096302],[-9.889,54.097102],[-9.88587,54.093412],[-9.889472,54.088963],[-9.882671,54.087494],[-9.883708,54.091334],[-9.878598,54.093457],[-9.882341,54.095522],[-9.881994,54.098006],[-9.875035,54.097143],[-9.872009,54.100679],[-9.871668,54.105076],[-9.875748,54.107959],[-9.870515,54.109635],[-9.865246,54.109316],[-9.864903,54.110709],[-9.859226,54.112259],[-9.855188,54.112408],[-9.853157,54.114881],[-9.850051,54.111221],[-9.83948,54.10981],[-9.837454,54.111712],[-9.834606,54.112183],[-9.833872,54.114118],[-9.836653,54.115228],[-9.837781,54.118759],[-9.833497,54.119729],[-9.832448,54.121296],[-9.828496,54.120814],[-9.833839,54.116634],[-9.830142,54.113893],[-9.829861,54.110254],[-9.823911,54.108229],[-9.8233,54.106727],[-9.834356,54.11024],[-9.840175,54.10762],[-9.859502,54.106805],[-9.856474,54.101695],[-9.852629,54.103392],[-9.849169,54.101141],[-9.851815,54.099042],[-9.848125,54.097988],[-9.849743,54.094784],[-9.844319,54.095271],[-9.837885,54.094454],[-9.837335,54.092539],[-9.845521,54.088846],[-9.847524,54.086525],[-9.850175,54.087095],[-9.854254,54.086285],[-9.860193,54.087367],[-9.86631,54.085784],[-9.870844,54.082364],[-9.867375,54.080584],[-9.866786,54.079009],[-9.86922,54.076285],[-9.867889,54.07313],[-9.873847,54.072477],[-9.876443,54.070019],[-9.871186,54.069172],[-9.86879,54.06995],[-9.861421,54.069302],[-9.855947,54.07235],[-9.849864,54.072912],[-9.8469,54.071533],[-9.856954,54.06937],[-9.858254,54.06654],[-9.85614,54.063868],[-9.861808,54.063473],[-9.866093,54.061851],[-9.866319,54.059113],[-9.861926,54.056305],[-9.867543,54.055693],[-9.870507,54.057283],[-9.873371,54.055812],[-9.877057,54.057148],[-9.879118,54.062159],[-9.88312,54.064777],[-9.88396,54.067062],[-9.889125,54.065933],[-9.89106,54.064109],[-9.889521,54.056047],[-9.891485,54.051863],[-9.894314,54.048977],[-9.900234,54.04686],[-9.904175,54.047568],[-9.908221,54.046183],[-9.906329,54.043101],[-9.907507,54.037265],[-9.899759,54.032694],[-9.899715,54.029471],[-9.896789,54.02721],[-9.897674,54.024127],[-9.89642,54.019823],[-9.89459,54.016872],[-9.891491,54.015767],[-9.888189,54.01817],[-9.890371,54.021389],[-9.896819,54.023522],[-9.894893,54.025644],[-9.88834,54.023071],[-9.883963,54.023031],[-9.882059,54.019474],[-9.878515,54.018474],[-9.873129,54.018897],[-9.878724,54.014231],[-9.881233,54.013678],[-9.881626,54.01138],[-9.880097,54.008517],[-9.874808,54.007304],[-9.872854,54.005851],[-9.863013,54.004568],[-9.85584,54.0015],[-9.851937,54.003606],[-9.853207,54.00656],[-9.847891,54.006007],[-9.845986,54.002507],[-9.840415,53.998664],[-9.827834,53.992412],[-9.825972,53.990359],[-9.829407,53.987574],[-9.832676,53.986768],[-9.833637,53.988935],[-9.832098,53.99127],[-9.836374,53.993143],[-9.844429,53.994912],[-9.849309,53.993238],[-9.84821,53.991524],[-9.849493,53.989369],[-9.847685,53.986935],[-9.847757,53.983636],[-9.849943,53.978679],[-9.847614,53.977098],[-9.846814,53.973655],[-9.850411,53.971287],[-9.85086,53.966789],[-9.849154,53.964836],[-9.843248,53.962728],[-9.839076,53.96227],[-9.836272,53.967086],[-9.831703,53.96826],[-9.828402,53.967188],[-9.822171,53.966919],[-9.819752,53.965645],[-9.811228,53.963059],[-9.806801,53.965039],[-9.805373,53.968004],[-9.805656,53.970237],[-9.807931,53.973414],[-9.802476,53.972545],[-9.800068,53.971033],[-9.801068,53.965467],[-9.797635,53.962784],[-9.800678,53.961704],[-9.793819,53.958241],[-9.792924,53.955897],[-9.797691,53.950296],[-9.794739,53.94724],[-9.791657,53.946179],[-9.790643,53.943198],[-9.794544,53.941815],[-9.791843,53.937785],[-9.793248,53.935356],[-9.791861,53.932848],[-9.792852,53.930269],[-9.79067,53.927057],[-9.794756,53.925031],[-9.795353,53.919124],[-9.794216,53.914022],[-9.790929,53.912116],[-9.800035,53.912194],[-9.805099,53.913451],[-9.805565,53.91644],[-9.807825,53.919522],[-9.807572,53.921153],[-9.809527,53.924551],[-9.814034,53.926696],[-9.815753,53.931117],[-9.807974,53.930389],[-9.804384,53.926651],[-9.80004,53.928353],[-9.800737,53.938535],[-9.796784,53.939032],[-9.799488,53.941275],[-9.797611,53.945948],[-9.799846,53.949055],[-9.802556,53.950766],[-9.804796,53.949779],[-9.809913,53.949666],[-9.810763,53.947601],[-9.817224,53.94561],[-9.819548,53.945842],[-9.822232,53.948454],[-9.82784,53.948818],[-9.831368,53.952218],[-9.834607,53.953961],[-9.832915,53.955944],[-9.834821,53.958035],[-9.838944,53.958728],[-9.845993,53.956712],[-9.846716,53.958287],[-9.852011,53.958381],[-9.85519,53.957284],[-9.859304,53.958243],[-9.864866,53.957451],[-9.870726,53.958314],[-9.876273,53.955686],[-9.879953,53.957698],[-9.885178,53.957902],[-9.886957,53.954715],[-9.886178,53.953004],[-9.892856,53.952966],[-9.897396,53.954835],[-9.902748,53.953024],[-9.904492,53.95401],[-9.90637,53.957694],[-9.909189,53.956446],[-9.908831,53.954535],[-9.904921,53.951455],[-9.906037,53.948605],[-9.906076,53.943642],[-9.913433,53.941441],[-9.917035,53.942584],[-9.917663,53.937058],[-9.915741,53.936042],[-9.922934,53.93239],[-9.932923,53.930759],[-9.9378,53.930586],[-9.939536,53.935608],[-9.932499,53.93679],[-9.925124,53.940002],[-9.923978,53.942518],[-9.925812,53.948358],[-9.925897,53.952149],[-9.927465,53.953809],[-9.925629,53.956293],[-9.914939,53.962055],[-9.914693,53.964335],[-9.919987,53.964922],[-9.923009,53.964165],[-9.921456,53.962264],[-9.927541,53.962077],[-9.938641,53.964033],[-9.94168,53.965554],[-9.944308,53.96353],[-9.94043,53.9626],[-9.939649,53.960575],[-9.949295,53.95836],[-9.956543,53.953163],[-9.954392,53.951445],[-9.948965,53.949501],[-9.943733,53.949089],[-9.944353,53.947426],[-9.948412,53.947509],[-9.95248,53.950454],[-9.957459,53.949049],[-9.957821,53.953054],[-9.960662,53.955132],[-9.95862,53.95886],[-9.953052,53.961501],[-9.951636,53.965554],[-9.953435,53.971391],[-9.958316,53.974365],[-9.953114,53.975038],[-9.955362,53.977841],[-9.952489,53.981277],[-9.949935,53.982201],[-9.9587,53.988694],[-9.956405,53.989746],[-9.950333,53.990289],[-9.946261,53.991623],[-9.941373,53.990461],[-9.937364,53.992166],[-9.936592,53.993548],[-9.932106,53.993689],[-9.928767,53.995224],[-9.930223,53.998023],[-9.936079,53.999673],[-9.939999,54.002354],[-9.937618,54.006439],[-9.941921,54.008935],[-9.943102,54.010962],[-9.948343,54.012473],[-9.954061,54.017117],[-9.960583,54.018416],[-9.964931,54.02214],[-9.968117,54.026934],[-9.971006,54.029043],[-9.974825,54.030083],[-9.977996,54.027875],[-9.976862,54.02516],[-9.977501,54.023016],[-9.980768,54.020286],[-9.988715,54.019782],[-9.986465,54.016493],[-9.988083,54.012273],[-9.996867,54.013],[-10.001938,54.016152],[-10.00631,54.015035],[-10.012065,54.014552],[-10.013459,54.01685],[-10.016664,54.01566],[-10.020142,54.012755],[-10.027153,54.011593],[-10.032155,54.014498],[-10.041107,54.02272],[-10.041578,54.023739],[-10.047673,54.025532],[-10.052304,54.024741],[-10.055025,54.025406],[-10.059815,54.024535],[-10.065991,54.024862],[-10.067835,54.023773],[-10.07365,54.022832],[-10.085177,54.016906],[-10.085299,54.014424],[-10.089197,54.013667],[-10.09034,54.010761],[-10.094632,54.010839],[-10.098315,54.009491],[-10.098135,54.007065],[-10.099373,54.001446],[-10.102846,54.000818],[-10.10674,54.001376],[-10.112301,54.000755],[-10.116857,54.002785],[-10.126653,54.001942],[-10.131097,53.999522],[-10.136287,53.999761],[-10.138628,54.001044],[-10.144126,54.001951],[-10.144928,54.002997],[-10.145139,54.008624],[-10.150824,54.009669],[-10.163765,54.007803],[-10.171525,54.007394],[-10.173055,54.00882],[-10.176759,54.008857],[-10.181183,54.013086],[-10.185128,54.013754],[-10.187295,54.015837],[-10.189459,54.012514],[-10.187888,54.010461],[-10.191303,54.006493],[-10.190021,54.004984],[-10.185689,54.004374],[-10.185188,54.002253],[-10.187056,53.997821],[-10.189774,53.993804],[-10.193412,53.992594],[-10.198427,53.988232],[-10.205776,53.984696],[-10.206977,53.982832],[-10.211863,53.980823],[-10.216975,53.98026],[-10.21945,53.982547],[-10.226366,53.982066],[-10.227483,53.981143],[-10.233198,53.981037],[-10.238278,53.982368],[-10.24705,53.978878],[-10.254798,53.977107],[-10.255201,53.97483],[-10.245951,53.977856],[-10.238004,53.979657],[-10.235451,53.978107],[-10.235817,53.976119],[-10.228219,53.973976],[-10.222415,53.974357],[-10.220296,53.971511],[-10.21471,53.968384],[-10.212448,53.965635],[-10.204586,53.965201],[-10.198365,53.962007],[-10.188542,53.960681],[-10.189053,53.963234],[-10.19485,53.966338],[-10.193167,53.968278],[-10.187928,53.969861],[-10.183481,53.96851],[-10.180428,53.968849],[-10.175206,53.96793],[-10.170063,53.968067],[-10.164834,53.967398],[-10.161302,53.967927],[-10.156377,53.966171],[-10.154088,53.966236],[-10.145615,53.969566],[-10.140212,53.968618],[-10.135734,53.970065],[-10.130086,53.973863],[-10.125785,53.973679],[-10.123442,53.972552],[-10.119509,53.967752],[-10.116276,53.96074],[-10.109363,53.966226],[-10.105919,53.964886],[-10.099498,53.964085],[-10.093091,53.966458],[-10.089921,53.968241],[-10.085602,53.972103],[-10.077383,53.973526],[-10.072353,53.973157],[-10.066434,53.971594],[-10.059651,53.968821],[-10.050682,53.964086],[-10.045321,53.959712],[-10.044819,53.957043],[-10.05191,53.953922],[-10.051536,53.952234],[-10.048428,53.949889],[-10.048254,53.948304],[-10.052355,53.945909],[-10.049836,53.944425],[-10.05235,53.941104],[-10.055339,53.93927],[-10.051182,53.935629],[-10.053323,53.933824],[-10.051861,53.931578],[-10.053627,53.930461],[-10.052942,53.927508],[-10.056993,53.926334],[-10.053089,53.921202],[-10.055046,53.919607],[-10.051354,53.9151],[-10.045482,53.915187],[-10.038183,53.914206],[-10.035182,53.915141],[-10.032915,53.918071],[-10.026608,53.921658],[-10.017578,53.920212],[-10.020166,53.916531],[-10.015867,53.91598],[-10.016095,53.91194],[-10.011261,53.911875],[-10.00618,53.908292],[-9.997896,53.907163],[-9.99826,53.905207],[-9.993583,53.903264],[-9.993153,53.901414],[-10.001773,53.897032],[-9.993824,53.893834],[-9.992117,53.889459],[-9.986064,53.886995],[-9.983129,53.885019],[-9.974826,53.882467],[-9.973272,53.88099],[-9.966963,53.878101],[-9.967444,53.8773],[-9.962537,53.8744],[-9.957058,53.874442],[-9.952189,53.875591],[-9.945879,53.875019],[-9.949001,53.877619],[-9.947882,53.879664],[-9.944048,53.882922],[-9.943441,53.887866],[-9.940656,53.891094],[-9.938402,53.892288],[-9.936646,53.898675],[-9.939343,53.902374],[-9.941671,53.90884],[-9.945575,53.910454],[-9.955492,53.90789],[-9.957843,53.910072],[-9.946238,53.916538],[-9.940958,53.914968],[-9.939712,53.913688],[-9.935459,53.916695],[-9.933502,53.916805],[-9.932314,53.920312],[-9.93546,53.921224],[-9.937749,53.919971],[-9.941147,53.92041],[-9.939186,53.922985],[-9.935012,53.925052],[-9.932041,53.924266],[-9.927954,53.925889],[-9.925018,53.928183],[-9.923036,53.932278],[-9.92039,53.933136],[-9.915517,53.931608],[-9.91264,53.931666],[-9.910238,53.933497],[-9.900436,53.934],[-9.90424,53.931384],[-9.905883,53.928724],[-9.909688,53.925594],[-9.914108,53.923046],[-9.915316,53.917708],[-9.924866,53.914159],[-9.929751,53.912883],[-9.930856,53.90521],[-9.929192,53.904123],[-9.927373,53.899764],[-9.92724,53.896398],[-9.924788,53.895955],[-9.922954,53.891801],[-9.924682,53.886436],[-9.929063,53.884304],[-9.93228,53.881827],[-9.932269,53.87886],[-9.936179,53.875821],[-9.939603,53.87784],[-9.94098,53.875789],[-9.935712,53.872809],[-9.935725,53.870808],[-9.929815,53.870183],[-9.924676,53.870592],[-9.916446,53.868872],[-9.912763,53.86713],[-9.9108,53.864866],[-9.905442,53.862107],[-9.90115,53.863184],[-9.896921,53.865825],[-9.889828,53.866396],[-9.886055,53.865094],[-9.878075,53.864645],[-9.868068,53.866479],[-9.865044,53.866422],[-9.855374,53.868322],[-9.844933,53.871554],[-9.843263,53.872809],[-9.839836,53.872308],[-9.833088,53.872876],[-9.830281,53.874666],[-9.823024,53.876499],[-9.820178,53.876171],[-9.811231,53.879856],[-9.811908,53.880894],[-9.804822,53.884632],[-9.80235,53.885354],[-9.801593,53.888462],[-9.796568,53.890085],[-9.796277,53.89251],[-9.793103,53.896046],[-9.78499,53.897434],[-9.778944,53.897077],[-9.784688,53.902055],[-9.783889,53.904594],[-9.779325,53.905367],[-9.776263,53.904886],[-9.77349,53.902481],[-9.770043,53.900937],[-9.764217,53.899837],[-9.760661,53.898044],[-9.756432,53.897881],[-9.750682,53.894511],[-9.747307,53.893483],[-9.744521,53.891291],[-9.739476,53.893589],[-9.731521,53.893264],[-9.733918,53.895002],[-9.739443,53.895335],[-9.748124,53.901189],[-9.74021,53.901286],[-9.732982,53.89892],[-9.723734,53.899026],[-9.724987,53.896972],[-9.719008,53.895631],[-9.715338,53.896391],[-9.71271,53.899869],[-9.705318,53.900736],[-9.704097,53.899101],[-9.697864,53.897891],[-9.689223,53.899948],[-9.686999,53.899514],[-9.679459,53.900521],[-9.681596,53.896936],[-9.678136,53.896269],[-9.674494,53.896932],[-9.670166,53.895007],[-9.669647,53.890896],[-9.666888,53.890347],[-9.662576,53.892622],[-9.665849,53.894654],[-9.654445,53.897858],[-9.650102,53.896446],[-9.650682,53.893575],[-9.656273,53.892019],[-9.658891,53.890595],[-9.649887,53.88676],[-9.64813,53.888609],[-9.65513,53.890273],[-9.655644,53.891169],[-9.644851,53.892076],[-9.639955,53.893586],[-9.638893,53.895729],[-9.626903,53.896276],[-9.622642,53.897892],[-9.616078,53.901421],[-9.613187,53.901448],[-9.608305,53.903889],[-9.605586,53.908185],[-9.606106,53.911028],[-9.597962,53.913775],[-9.598558,53.915581],[-9.592388,53.916686],[-9.588587,53.91869],[-9.582472,53.918376],[-9.580443,53.919912],[-9.575033,53.921319],[-9.570642,53.923275],[-9.565874,53.922683],[-9.563982,53.920548],[-9.559008,53.921089],[-9.556102,53.923543],[-9.55657,53.925981],[-9.552529,53.928103],[-9.553485,53.930187],[-9.55117,53.933929],[-9.551331,53.937235],[-9.544527,53.942678],[-9.541526,53.946275],[-9.538677,53.941614],[-9.537235,53.937364],[-9.533302,53.933678],[-9.533206,53.927974],[-9.537647,53.927628],[-9.540084,53.924987],[-9.536784,53.923262],[-9.530907,53.922543],[-9.528276,53.923677],[-9.521034,53.925087],[-9.521895,53.926404],[-9.526826,53.927486],[-9.526766,53.929833],[-9.523948,53.932998],[-9.523603,53.941914],[-9.529699,53.946296],[-9.53403,53.954102],[-9.532231,53.955956],[-9.526565,53.952264],[-9.518973,53.949979],[-9.513653,53.948947],[-9.50872,53.950685],[-9.501994,53.951578],[-9.500733,53.948523],[-9.495894,53.947097],[-9.491582,53.94978],[-9.484609,53.957676],[-9.486864,53.961087],[-9.48626,53.966671],[-9.48782,53.968177],[-9.488335,53.973613],[-9.492299,53.977814],[-9.495227,53.979653],[-9.49315,53.981825],[-9.487624,53.98526],[-9.487085,53.991311],[-9.483368,53.99278],[-9.484511,53.993631],[-9.484003,53.998187],[-9.482356,54.000277],[-9.482244,54.004292],[-9.48328,54.008262],[-9.482087,54.00896]]],[[[-9.89264,53.991126],[-9.889762,53.994539],[-9.891138,53.998166],[-9.890857,54.00039],[-9.886447,54.000163],[-9.886419,54.002959],[-9.89075,54.002506],[-9.896334,54.00028],[-9.903774,54.000668],[-9.905226,54.001302],[-9.914685,54.000127],[-9.919538,53.996926],[-9.92435,53.995733],[-9.922459,53.993601],[-9.922077,53.991024],[-9.917688,53.988818],[-9.917733,53.986063],[-9.909302,53.984833],[-9.912468,53.987069],[-9.912624,53.990235],[-9.909447,53.991033],[-9.908742,53.988101],[-9.90508,53.987039],[-9.903387,53.98867],[-9.905174,53.991113],[-9.901734,53.992112],[-9.896253,53.991087],[-9.896558,53.988657],[-9.891769,53.988537],[-9.89264,53.991126]]],[[[-9.859303,53.993544],[-9.861985,53.995503],[-9.865003,53.995393],[-9.86705,53.993427],[-9.864889,53.990217],[-9.867981,53.988425],[-9.871203,53.989476],[-9.872336,53.987088],[-9.875389,53.986041],[-9.874465,53.984069],[-9.870515,53.981065],[-9.866336,53.976112],[-9.86971,53.975658],[-9.871465,53.973798],[-9.871817,53.968835],[-9.868925,53.970215],[-9.855456,53.9738],[-9.853448,53.977455],[-9.853269,53.983772],[-9.857236,53.991127],[-9.859303,53.993544]]],[[[-10.184262,54.135333],[-10.18455,54.136879],[-10.192342,54.140693],[-10.192379,54.142913],[-10.198849,54.144651],[-10.195949,54.146611],[-10.204843,54.147448],[-10.207767,54.146011],[-10.203328,54.144177],[-10.20063,54.141802],[-10.20542,54.140517],[-10.208803,54.13879],[-10.208855,54.136057],[-10.202164,54.133009],[-10.210769,54.133229],[-10.208007,54.128666],[-10.207976,54.125995],[-10.202722,54.124622],[-10.200804,54.126638],[-10.197628,54.127745],[-10.198203,54.130357],[-10.194582,54.131553],[-10.190498,54.13127],[-10.185921,54.129275],[-10.182739,54.13076],[-10.185868,54.131952],[-10.186456,54.133825],[-10.184262,54.135333]]],[[[-10.206111,54.119346],[-10.20656,54.122668],[-10.210989,54.124312],[-10.216208,54.121863],[-10.21745,54.12006],[-10.220397,54.119706],[-10.221385,54.117612],[-10.225266,54.117281],[-10.225467,54.115291],[-10.22946,54.115063],[-10.233189,54.110578],[-10.229009,54.109058],[-10.237701,54.106333],[-10.238502,54.105272],[-10.233492,54.103763],[-10.230408,54.106251],[-10.224916,54.108452],[-10.225824,54.112001],[-10.222485,54.111668],[-10.216948,54.114739],[-10.213844,54.114782],[-10.212277,54.112863],[-10.206683,54.113378],[-10.205221,54.114982],[-10.208204,54.117622],[-10.206111,54.119346]]],[[[-9.948935,53.87045],[-9.949933,53.871429],[-9.963522,53.872329],[-9.966713,53.872222],[-9.966566,53.869614],[-9.962538,53.867102],[-9.953513,53.865731],[-9.95251,53.863175],[-9.956163,53.861424],[-9.952882,53.859432],[-9.947598,53.858021],[-9.942971,53.859019],[-9.945114,53.864086],[-9.943868,53.867679],[-9.948935,53.87045]]],[[[-9.82263,53.958569],[-9.821083,53.957457],[-9.819972,53.953914],[-9.822088,53.951151],[-9.817405,53.949398],[-9.817189,53.951877],[-9.813179,53.95437],[-9.815774,53.95627],[-9.814824,53.958521],[-9.817132,53.961533],[-9.825763,53.964431],[-9.82857,53.966027],[-9.828996,53.9606],[-9.824225,53.959825],[-9.82263,53.958569]]],[[[-10.171665,54.077458],[-10.174155,54.075577],[-10.178112,54.075662],[-10.179693,54.073774],[-10.182857,54.073135],[-10.175762,54.070717],[-10.17264,54.070538],[-10.16975,54.071996],[-10.164881,54.071756],[-10.16238,54.073335],[-10.161691,54.076116],[-10.170637,54.079332],[-10.171665,54.077458]]],[[[-9.725391,53.884087],[-9.723258,53.889249],[-9.725327,53.8905],[-9.729055,53.888765],[-9.732429,53.885899],[-9.725391,53.884087]]],[[[-10.129032,54.213007],[-10.131492,54.214552],[-10.135696,54.211386],[-10.135101,54.210118],[-10.126245,54.210084],[-10.129032,54.213007]]],[[[-10.149205,54.080394],[-10.153156,54.079794],[-10.154985,54.077657],[-10.154504,54.075788],[-10.150114,54.07718],[-10.14587,54.077479],[-10.149205,54.080394]]],[[[-9.68368,53.888951],[-9.682916,53.88852],[-9.672857,53.889234],[-9.677408,53.891495],[-9.681352,53.891019],[-9.68368,53.888951]]],[[[-9.703011,53.895407],[-9.705231,53.895938],[-9.711826,53.895619],[-9.708356,53.893428],[-9.702995,53.894238],[-9.703011,53.895407]]],[[[-9.695793,53.890927],[-9.691499,53.89103],[-9.690872,53.893073],[-9.697616,53.894395],[-9.695793,53.890927]]],[[[-9.701762,53.886771],[-9.706088,53.887788],[-9.709681,53.889783],[-9.710346,53.88713],[-9.705258,53.885994],[-9.701762,53.886771]]],[[[-9.860813,54.326478],[-9.862327,54.327932],[-9.867255,54.328249],[-9.866128,54.325647],[-9.863573,54.324961],[-9.860813,54.326478]]],[[[-9.662109,53.887364],[-9.667829,53.88763],[-9.668298,53.884928],[-9.662919,53.88606],[-9.662109,53.887364]]],[[[-9.8023,53.961109],[-9.804382,53.961363],[-9.807231,53.95776],[-9.802151,53.957621],[-9.8023,53.961109]]],[[[-9.686746,53.884852],[-9.693698,53.885506],[-9.694252,53.883746],[-9.689848,53.883193],[-9.686746,53.884852]]],[[[-9.68628,53.89585],[-9.689597,53.897372],[-9.693375,53.896788],[-9.694247,53.895134],[-9.68628,53.89585]]],[[[-10.089364,54.281532],[-10.087869,54.283523],[-10.091587,54.284564],[-10.093606,54.283588],[-10.089364,54.281532]]],[[[-10.103051,53.957837],[-10.100318,53.956711],[-10.097316,53.957086],[-10.098898,53.959559],[-10.103051,53.957837]]]]}},
{"type":"Feature","id":"IRL:ADM2:IE-C.claremorris-lea-6","properties":{"shapeName":"CLAREMORRIS LEA-6","shapeISO":"","shapeGroup":"IRL","shapeType":"ADM2","adm1ISO":"IE-C","parentISO":"IE-C","parentID":"IRL:ADM1:IE-C","src_shape_id":"5873133B40533987579120"},"geometry":{"type":"Polygon","coordinates":[[[-8.823289,53.664989],[-8.821221,53.667077],[-8.817432,53.667685],[-8.813696,53.669426],[-8.813629,53.671092],[-8.810903,53.673266],[-8.806886,53.674842],[-8.806607,53.678996],[-8.801682,53.681673],[-8.797891,53.68964],[-8.794631,53.691944],[-8.792319,53.695694],[-8.78618,53.695588],[-8.785144,53.692352],[-8.780207,53.691215],[-8.778805,53.689183],[-8.776001,53.688076],[-8.773309,53.689876],[-8.76694,53.689461],[-8.762773,53.690776],[-8.759318,53.690866],[-8.757002,53.693051],[-8.759675,53.696543],[-8.756093,53.700759],[-8.750293,53.700717],[-8.746483,53.703571],[-8.744037,53.703209],[-8.72908,53.706514],[-8.72769,53.709375],[-8.722695,53.71075],[-8.720563,53.709992],[-8.716777,53.712155],[-8.712886,53.712116],[-8.714896,53.722789],[-8.714469,53.724696],[-8.709771,53.723533],[-8.70219,53.724499],[-8.693336,53.723973],[-8.694069,53.726839],[-8.696541,53.730477],[-8.700559,53.733743],[-8.69649,53.736177],[-8.694848,53.739601],[-8.702595,53.739621],[-8.704872,53.743341],[-8.707805,53.74499],[-8.708369,53.747334],[-8.703417,53.75162],[-8.707821,53.754567],[-8.707498,53.757535],[-8.709678,53.76099],[-8.708593,53.763905],[-8.714964,53.766582],[-8.72613,53.769397],[-8.729928,53.768573],[-8.735998,53.770883],[-8.740812,53.77091],[-8.740983,53.772862],[-8.745474,53.774326],[-8.745351,53.777126],[-8.749452,53.778938],[-8.754912,53.77976],[-8.760342,53.778221],[-8.7636,53.775073],[-8.761119,53.774144],[-8.759079,53.770817],[-8.763303,53.769545],[-8.769759,53.770897],[-8.77031,53.774802],[-8.772496,53.776717],[-8.777594,53.776345],[-8.782349,53.777683],[-8.786017,53.779805],[-8.79049,53.780675],[-8.797876,53.791131],[-8.798768,53.794216],[-8.804692,53.79564],[-8.807425,53.797999],[-8.818959,53.800401],[-8.824976,53.802641],[-8.830496,53.806509],[-8.837585,53.813006],[-8.839558,53.813695],[-8.844897,53.817624],[-8.855,53.820398],[-8.857122,53.823745],[-8.862121,53.822119],[-8.868221,53.824512],[-8.872043,53.825022],[-8.874706,53.829036],[-8.877234,53.829902],[-8.88359,53.835181],[-8.888517,53.835788],[-8.894049,53.838431],[-8.895363,53.837717],[-8.8965,53.833843],[-8.900931,53.830509],[-8.915954,53.838685],[-8.93023,53.840953],[-8.935218,53.838719],[-8.949993,53.836229],[-8.952627,53.836812],[-8.955801,53.835234],[-8.958979,53.830993],[-8.961971,53.830061],[-8.967118,53.83016],[-8.972886,53.827405],[-8.977157,53.828274],[-8.981202,53.833484],[-8.984214,53.840047],[-8.987105,53.838833],[-8.99209,53.838822],[-8.993618,53.836381],[-8.992716,53.83058],[-8.989043,53.829505],[-8.987373,53.827544],[-8.993387,53.826064],[-8.996905,53.823702],[-8.993121,53.817857],[-8.993769,53.815979],[-8.998228,53.81469],[-9.00104,53.81649],[-9.001857,53.819218],[-9.008615,53.819435],[-9.010596,53.82081],[-9.018768,53.823058],[-9.023022,53.823537],[-9.023915,53.820404],[-9.025668,53.819008],[-9.03045,53.818505],[-9.035794,53.815631],[-9.035365,53.812861],[-9.037269,53.810818],[-9.04244,53.810769],[-9.041968,53.807766],[-9.045342,53.807441],[-9.051141,53.804071],[-9.054496,53.805118],[-9.061401,53.809275],[-9.067431,53.807],[-9.070499,53.804615],[-9.072574,53.804523],[-9.071968,53.798914],[-9.074319,53.797517],[-9.072436,53.794709],[-9.072153,53.790898],[-9.073154,53.785688],[-9.068083,53.781926],[-9.066318,53.781726],[-9.060142,53.776751],[-9.06519,53.77537],[-9.067873,53.773303],[-9.070282,53.776616],[-9.077503,53.780891],[-9.082186,53.779145],[-9.093787,53.777825],[-9.094747,53.773446],[-9.096021,53.773161],[-9.10366,53.778738],[-9.110187,53.781325],[-9.114213,53.782064],[-9.118022,53.781691],[-9.119155,53.779578],[-9.11933,53.775676],[-9.117324,53.772106],[-9.120518,53.771475],[-9.116185,53.767457],[-9.118804,53.765736],[-9.116689,53.762846],[-9.120175,53.760851],[-9.122891,53.760629],[-9.125541,53.765279],[-9.13309,53.76322],[-9.132525,53.760892],[-9.134156,53.758967],[-9.127565,53.755087],[-9.128829,53.74968],[-9.131652,53.748504],[-9.135725,53.749753],[-9.139724,53.749089],[-9.138558,53.747276],[-9.138484,53.742979],[-9.13974,53.741197],[-9.138581,53.737365],[-9.144148,53.732254],[-9.150875,53.72345],[-9.152758,53.728094],[-9.155976,53.731092],[-9.161158,53.729952],[-9.165544,53.727517],[-9.165161,53.721151],[-9.167896,53.71815],[-9.173563,53.715206],[-9.174345,53.71217],[-9.181545,53.711983],[-9.179936,53.706924],[-9.178297,53.705591],[-9.1806,53.703024],[-9.179515,53.701691],[-9.182928,53.699427],[-9.190713,53.702979],[-9.196485,53.712352],[-9.207766,53.711001],[-9.211185,53.708154],[-9.213844,53.70764],[-9.215554,53.705101],[-9.218556,53.703859],[-9.253489,53.6611],[-9.263303,53.659787],[-9.264799,53.6568],[-9.268199,53.654967],[-9.270828,53.651133],[-9.285543,53.641614],[-9.331103,53.635774],[-9.338932,53.627497],[-9.361793,53.597838],[-9.360907,53.573606],[-9.356658,53.567883],[-9.34567,53.563366],[-9.346766,53.560002],[-9.3514,53.555839],[-9.353424,53.551869],[-9.353173,53.54685],[-9.342219,53.541583],[-9.334475,53.539643],[-9.331044,53.540614],[-9.326332,53.540428],[-9.324017,53.54264],[-9.319195,53.544021],[-9.322334,53.545746],[-9.320263,53.550156],[-9.314564,53.5508],[-9.310789,53.555375],[-9.306293,53.554596],[-9.303476,53.555329],[-9.303565,53.549393],[-9.307171,53.54864],[-9.306799,53.545533],[-9.300823,53.544435],[-9.296062,53.544448],[-9.28868,53.545869],[-9.284518,53.548016],[-9.283868,53.542139],[-9.288388,53.542876],[-9.28928,53.540546],[-9.287819,53.538019],[-9.282703,53.534083],[-9.285518,53.531454],[-9.278719,53.525376],[-9.279148,53.515357],[-9.235551,53.499449],[-9.236584,53.480245],[-9.212497,53.478497],[-9.209124,53.475387],[-9.211176,53.473471],[-9.209445,53.472399],[-9.204952,53.472504],[-9.203706,53.474171],[-9.200344,53.475178],[-9.189797,53.475302],[-9.188255,53.473187],[-9.182016,53.471926],[-9.176131,53.473443],[-9.175415,53.47653],[-9.172274,53.477511],[-9.169378,53.479751],[-9.16167,53.480516],[-9.158324,53.482673],[-9.1552,53.48273],[-9.150663,53.480741],[-9.146544,53.480997],[-9.142049,53.478308],[-9.137152,53.477252],[-9.127975,53.482843],[-9.124634,53.482134],[-9.118831,53.490437],[-9.114982,53.494542],[-9.10874,53.495155],[-9.105869,53.492419],[-9.099361,53.493814],[-9.099026,53.497263],[-9.096256,53.499079],[-9.094958,53.502143],[-9.095636,53.510029],[-9.0938,53.51228],[-9.093602,53.514971],[-9.090175,53.516033],[-9.081632,53.521338],[-9.075177,53.522109],[-9.067729,53.525342],[-9.064588,53.525118],[-9.058248,53.527587],[-9.055408,53.53234],[-9.055088,53.535256],[-9.049342,53.536378],[-9.040422,53.536239],[-9.037941,53.535717],[-9.034087,53.538971],[-9.037541,53.540821],[-9.036949,53.542898],[-9.025312,53.55154],[-9.028817,53.552147],[-9.031529,53.558035],[-9.035349,53.560162],[-9.041419,53.56168],[-9.038723,53.564398],[-9.041847,53.56601],[-9.041573,53.567996],[-9.044113,53.576345],[-9.046182,53.576735],[-9.041458,53.580762],[-9.035652,53.581425],[-9.031411,53.579612],[-9.028625,53.58068],[-9.023232,53.580434],[-9.014468,53.581991],[-9.006829,53.584078],[-9.009042,53.591122],[-9.012507,53.595758],[-9.015405,53.598207],[-9.007023,53.59877],[-9.001178,53.602211],[-8.998391,53.602076],[-8.994925,53.598223],[-8.992746,53.597146],[-8.990068,53.60316],[-8.986577,53.603118],[-8.984543,53.604519],[-8.980264,53.604997],[-8.980777,53.60961],[-8.983485,53.612938],[-8.984556,53.615729],[-8.988231,53.618656],[-8.983717,53.620897],[-8.978841,53.624218],[-8.974939,53.62542],[-8.974569,53.629781],[-8.973213,53.632063],[-8.973491,53.635706],[-8.97506,53.638092],[-8.971576,53.64252],[-8.974971,53.64237],[-8.978786,53.644346],[-8.976841,53.648202],[-8.971402,53.655358],[-8.96705,53.653985],[-8.96308,53.653988],[-8.954787,53.655733],[-8.949137,53.658994],[-8.946658,53.661634],[-8.942739,53.66191],[-8.938743,53.660653],[-8.937551,53.659074],[-8.925325,53.65329],[-8.916631,53.646982],[-8.913016,53.646168],[-8.912016,53.643939],[-8.904592,53.643121],[-8.901392,53.642105],[-8.898717,53.647408],[-8.895487,53.648718],[-8.897393,53.653011],[-8.891833,53.652151],[-8.882752,53.652494],[-8.880229,53.653758],[-8.876302,53.653704],[-8.873726,53.655496],[-8.869438,53.654949],[-8.866307,53.656724],[-8.862009,53.654453],[-8.848614,53.652535],[-8.842695,53.652961],[-8.841154,53.654765],[-8.830943,53.660152],[-8.823289,53.664989]]]}},
{"type":"Feature","id":"IRL:ADM2:IE-C.athenry-oranmore-lea-7","properties":{"shapeName":"ATHENRY-ORANMORE LEA-7","shapeISO":"","shapeGroup":"IRL","shapeType":"ADM2","adm1ISO":"IE-C","parentISO":"IE-C","parentID":"IRL:ADM1:IE-C","src_shape_id":"5873133B98830441057243"},"geometry":{"type":"MultiPolygon","coordinates":[[[[-9.101928,53.402981],[-9.105284,53.386598],[-9.095906,53.372234],[-9.104357,53.351444],[-9.094278,53.335273],[-9.049641,53.330175],[-9.050904,53.328442],[-9.049839,53.326535],[-9.053791,53.326274],[-9.056023,53.324729],[-9.059574,53.324653],[-9.06016,53.321833],[-9.064867,53.31899],[-9.05715,53.315457],[-9.051644,53.314234],[-9.049078,53.310162],[-9.045032,53.311418],[-9.041213,53.311221],[-9.037893,53.312957],[-9.034927,53.312452],[-9.032691,53.314565],[-9.023414,53.313308],[-9.016436,53.315028],[-9.012911,53.314687],[-9.015506,53.311277],[-9.020558,53.309975],[-9.022712,53.30643],[-9.014182,53.304619],[-8.999171,53.302917],[-8.988381,53.299668],[-8.986603,53.298134],[-8.983707,53.292314],[-8.975391,53.293308],[-8.964251,53.29918],[-8.960933,53.300528],[-8.954859,53.294366],[-8.956844,53.290659],[-8.961995,53.291162],[-8.963705,53.286726],[-8.962609,53.282717],[-8.963716,53.279764],[-8.958522,53.279631],[-8.955023,53.272054],[-8.952557,53.270185],[-8.949204,53.271308],[-8.946945,53.273426],[-8.943441,53.273451],[-8.941484,53.271375],[-8.937045,53.273202],[-8.934014,53.269818],[-8.93672,53.266575],[-8.94013,53.264734],[-8.944297,53.265164],[-8.948114,53.262372],[-8.945623,53.261422],[-8.941971,53.262449],[-8.938935,53.258552],[-8.937477,53.254319],[-8.933156,53.259242],[-8.932837,53.262289],[-8.929643,53.264783],[-8.923822,53.263114],[-8.921017,53.260116],[-8.915173,53.256517],[-8.905912,53.252921],[-8.904029,53.251334],[-8.890671,53.253582],[-8.888998,53.254626],[-8.882035,53.254547],[-8.879516,53.255867],[-8.872842,53.252257],[-8.86835,53.251278],[-8.858847,53.252852],[-8.853496,53.255194],[-8.845691,53.250409],[-8.838548,53.244175],[-8.832248,53.246356],[-8.827623,53.24898],[-8.818064,53.251116],[-8.811428,53.249698],[-8.807498,53.24979],[-8.803079,53.253376],[-8.795017,53.255531],[-8.790254,53.255469],[-8.789512,53.256776],[-8.780114,53.251661],[-8.776177,53.250556],[-8.772902,53.254887],[-8.769241,53.252636],[-8.762143,53.253201],[-8.759971,53.250487],[-8.757449,53.251599],[-8.748885,53.250132],[-8.744062,53.253885],[-8.747173,53.25853],[-8.745055,53.26067],[-8.74433,53.266607],[-8.743254,53.269119],[-8.738338,53.270314],[-8.730602,53.270282],[-8.726664,53.274349],[-8.725768,53.276345],[-8.720431,53.278841],[-8.717825,53.281092],[-8.715679,53.285624],[-8.71204,53.286357],[-8.702382,53.289541],[-8.693342,53.291047],[-8.68469,53.289157],[-8.683131,53.286839],[-8.677577,53.286307],[-8.672652,53.283954],[-8.66651,53.285423],[-8.665683,53.286923],[-8.657452,53.286679],[-8.643838,53.288345],[-8.63808,53.287387],[-8.636786,53.291947],[-8.633486,53.296957],[-8.628139,53.298104],[-8.622315,53.297804],[-8.623138,53.296429],[-8.616291,53.294079],[-8.614296,53.292655],[-8.611421,53.29497],[-8.608139,53.2954],[-8.604879,53.293471],[-8.585736,53.288133],[-8.583824,53.285754],[-8.585263,53.283603],[-8.583028,53.280383],[-8.57682,53.280438],[-8.572823,53.279523],[-8.57,53.280025],[-8.560113,53.279446],[-8.549011,53.280152],[-8.550095,53.283061],[-8.549089,53.288335],[-8.549126,53.295515],[-8.545151,53.299859],[-8.550687,53.301859],[-8.551638,53.304362],[-8.566327,53.310489],[-8.566765,53.312173],[-8.563869,53.31675],[-8.558444,53.318804],[-8.550219,53.316872],[-8.548568,53.323503],[-8.550281,53.326576],[-8.515416,53.330703],[-8.513583,53.333525],[-8.513638,53.334217],[-8.531801,53.339983],[-8.533042,53.341343],[-8.531096,53.346068],[-8.528543,53.346276],[-8.525916,53.367774],[-8.535039,53.36747],[-8.536262,53.370088],[-8.544689,53.373823],[-8.535341,53.378235],[-8.535033,53.384603],[-8.54332,53.387073],[-8.541755,53.389199],[-8.5443,53.390115],[-8.55038,53.386802],[-8.55287,53.386111],[-8.553093,53.384088],[-8.550594,53.379929],[-8.55447,53.379374],[-8.560044,53.380803],[-8.566845,53.381501],[-8.567611,53.389455],[-8.570479,53.389402],[-8.569694,53.380228],[-8.578208,53.377186],[-8.582233,53.374596],[-8.591704,53.373452],[-8.609507,53.374713],[-8.613008,53.384528],[-8.621739,53.390163],[-8.622928,53.39399],[-8.631524,53.393099],[-8.638558,53.387529],[-8.640824,53.384496],[-8.645422,53.382741],[-8.647961,53.387851],[-8.648962,53.393033],[-8.646937,53.395431],[-8.653158,53.397213],[-8.651179,53.403025],[-8.654241,53.403297],[-8.657122,53.404897],[-8.656247,53.409982],[-8.658922,53.411823],[-8.657724,53.413613],[-8.658619,53.415892],[-8.656937,53.417789],[-8.658208,53.422444],[-8.660222,53.42429],[-8.660346,53.426663],[-8.665869,53.428763],[-8.66805,53.430863],[-8.666782,53.435839],[-8.659564,53.437614],[-8.661294,53.441844],[-8.664718,53.443005],[-8.669733,53.44607],[-8.689832,53.447372],[-8.69434,53.445441],[-8.7064,53.444606],[-8.71366,53.446602],[-8.719422,53.444302],[-8.724189,53.443301],[-8.72855,53.440573],[-8.738839,53.438631],[-8.741617,53.439435],[-8.74459,53.437424],[-8.745099,53.433135],[-8.740984,53.424438],[-8.741173,53.420164],[-8.74432,53.41241],[-8.745536,53.411076],[-8.728822,53.410074],[-8.73784,53.406226],[-8.740879,53.404161],[-8.745267,53.404449],[-8.750458,53.403206],[-8.75511,53.404893],[-8.764755,53.404465],[-8.772587,53.406211],[-8.775415,53.410693],[-8.780244,53.409287],[-8.78402,53.406723],[-8.788165,53.406297],[-8.795574,53.403029],[-8.794824,53.400345],[-8.798828,53.398118],[-8.797433,53.396737],[-8.811294,53.393472],[-8.816481,53.395045],[-8.823686,53.400173],[-8.833914,53.405166],[-8.838069,53.405897],[-8.843355,53.404786],[-8.847826,53.403078],[-8.859687,53.400873],[-8.863465,53.398529],[-8.867244,53.391592],[-8.870187,53.388748],[-8.878275,53.38869],[-8.887388,53.386949],[-8.892956,53.394427],[-8.898683,53.400124],[-8.901658,53.402325],[-8.908433,53.397198],[-8.91383,53.397662],[-8.914573,53.400464],[-8.92848,53.396603],[-8.934761,53.397715],[-8.939535,53.399501],[-8.951656,53.394723],[-8.960715,53.392672],[-8.952369,53.399095],[-8.952895,53.401053],[-8.958269,53.40212],[-8.965731,53.402017],[-8.969808,53.397623],[-8.98121,53.400685],[-8.986275,53.402736],[-8.990912,53.406276],[-8.991562,53.41021],[-8.997343,53.408312],[-9.004681,53.407978],[-9.007628,53.407121],[-9.015942,53.406007],[-9.018985,53.412883],[-9.019076,53.418288],[-9.023565,53.419456],[-9.028316,53.418093],[-9.030197,53.415366],[-9.034115,53.41303],[-9.037832,53.41226],[-9.043226,53.413371],[-9.048035,53.413604],[-9.053261,53.412227],[-9.101928,53.402981]]],[[[-9.030005,53.223935],[-9.036193,53.222303],[-9.03928,53.22071],[-9.043381,53.221233],[-9.049427,53.219854],[-9.046183,53.217342],[-9.04161,53.217224],[-9.027261,53.213323],[-9.027323,53.215922],[-9.025232,53.218202],[-9.02183,53.219044],[-9.020802,53.221336],[-9.023712,53.224334],[-9.030005,53.223935]]],[[[-8.988778,53.197202],[-8.992947,53.197272],[-9.000151,53.194958],[-9.001914,53.19302],[-9.006918,53.192137],[-9.008419,53.190787],[-9.003164,53.189824],[-9.003002,53.192426],[-9.001398,53.192917],[-9.000352,53.194245],[-8.993664,53.19485],[-8.989884,53.193773],[-8.984874,53.194465],[-8.982267,53.194195],[-8.979896,53.194587],[-8.976493,53.193248],[-8.97184,53.192578],[-8.969345,53.194519],[-8.973349,53.195479],[-8.977351,53.19442],[-8.979943,53.194778],[-8.982299,53.19457],[-8.981968,53.196279],[-8.988778,53.197202]]],[[[-8.987517,53.213525],[-8.991363,53.213053],[-8.996956,53.214023],[-8.999388,53.213167],[-8.992026,53.210725],[-8.981037,53.212283],[-8.981935,53.21421],[-8.987517,53.213525]]],[[[-9.012775,53.218666],[-9.007393,53.220307],[-9.005829,53.222699],[-9.009286,53.223284],[-9.016338,53.222917],[-9.016629,53.220432],[-9.020633,53.219989],[-9.020173,53.217853],[-9.012775,53.218666]]],[[[-8.972999,53.202954],[-8.971409,53.204903],[-8.976989,53.205033],[-8.97838,53.207991],[-8.981955,53.20959],[-8.986586,53.208063],[-8.982381,53.206017],[-8.977962,53.20512],[-8.972999,53.202954]]],[[[-9.00805,53.217346],[-9.004409,53.216147],[-8.999274,53.218346],[-9.004042,53.220243],[-9.008054,53.218716],[-9.00805,53.217346]]]]}},
{"type":"Feature","id":"IRL:ADM2:IE-C.ballymote-tobercurry-lea-7","properties":{"shapeName":"BALLYMOTE-TOBERCURRY LEA-7","shapeISO":"","shapeGroup":"IRL","shapeType":"ADM2","adm1ISO":"IE-C","parentISO":"IE-C","parentID":"IRL:ADM1:IE-C","src_shape_id":"5873133B63806445794843"},"geometry":{"type":"Polygon","coordinates":[[[-8.335381,54.194959],[-8.338881,54.194334],[-8.34503,54.191046],[-8.353128,54.191683],[-8.360874,54.190012],[-8.364817,54.190893],[-8.371418,54.190666],[-8.376586,54.191128],[-8.380213,54.189764],[-8.385199,54.189549],[-8.39024,54.190608],[-8.394526,54.18971],[-8.399986,54.191236],[-8.405862,54.190992],[-8.405783,54.187597],[-8.408003,54.186907],[-8.410823,54.188742],[-8.413865,54.187918],[-8.421628,54.190468],[-8.427015,54.189953],[-8.430633,54.188284],[-8.43511,54.187822],[-8.431596,54.183263],[-8.432351,54.180538],[-8.427297,54.180902],[-8.424246,54.178845],[-8.415865,54.178237],[-8.409203,54.178302],[-8.403196,54.177457],[-8.407414,54.173355],[-8.417705,54.172587],[-8.422129,54.171166],[-8.419307,54.169059],[-8.419377,54.166839],[-8.423048,54.165601],[-8.430148,54.165647],[-8.439433,54.174129],[-8.450068,54.173577],[-8.447708,54.169994],[-8.448379,54.167126],[-8.444999,54.16571],[-8.444028,54.163955],[-8.445427,54.16097],[-8.451573,54.163189],[-8.455249,54.163473],[-8.455654,54.159355],[-8.464595,54.160982],[-8.467116,54.158723],[-8.473622,54.157442],[-8.48259,54.162512],[-8.489141,54.16241],[-8.495812,54.167465],[-8.504752,54.167111],[-8.508582,54.168259],[-8.51808,54.166941],[-8.527416,54.168854],[-8.531267,54.168018],[-8.535523,54.170184],[-8.531613,54.1736],[-8.532864,54.178531],[-8.540336,54.181331],[-8.545195,54.17957],[-8.54496,54.176776],[-8.54699,54.174161],[-8.554718,54.171857],[-8.557828,54.168667],[-8.564086,54.16826],[-8.566728,54.167247],[-8.571379,54.167114],[-8.574029,54.165902],[-8.579979,54.165518],[-8.583573,54.167968],[-8.585761,54.172691],[-8.583214,54.177027],[-8.594545,54.183635],[-8.599166,54.194166],[-8.611073,54.194199],[-8.618845,54.203163],[-8.6181,54.204168],[-8.623339,54.208425],[-8.621492,54.214251],[-8.616901,54.216819],[-8.612338,54.215652],[-8.609016,54.219386],[-8.600397,54.219401],[-8.596669,54.22116],[-8.591932,54.222109],[-8.592211,54.223502],[-8.598182,54.222639],[-8.604422,54.222837],[-8.606657,54.230664],[-8.613793,54.232894],[-8.618324,54.236053],[-8.626762,54.237041],[-8.627761,54.24194],[-8.635427,54.240882],[-8.634472,54.245776],[-8.641993,54.247912],[-8.643309,54.249546],[-8.647417,54.251103],[-8.643238,54.25317],[-8.640913,54.250487],[-8.636561,54.251792],[-8.644374,54.2578],[-8.645298,54.260817],[-8.648574,54.261659],[-8.649735,54.265181],[-8.657193,54.270833],[-8.665206,54.272171],[-8.669156,54.271424],[-8.679772,54.273139],[-8.686695,54.272806],[-8.696981,54.270487],[-8.701771,54.267355],[-8.70526,54.267487],[-8.714402,54.265963],[-8.717983,54.264637],[-8.721746,54.264574],[-8.725498,54.262796],[-8.732436,54.264045],[-8.74118,54.267584],[-8.750992,54.267599],[-8.756695,54.269341],[-8.753751,54.2747],[-8.753946,54.27755],[-8.757178,54.279007],[-8.762477,54.279047],[-8.773407,54.276422],[-8.778074,54.273818],[-8.78512,54.271423],[-8.7869,54.268243],[-8.785796,54.266393],[-8.790068,54.265723],[-8.793083,54.262954],[-8.793369,54.261194],[-8.805042,54.257215],[-8.813406,54.257561],[-8.815025,54.254829],[-8.818538,54.25493],[-8.82185,54.253484],[-8.826648,54.252802],[-8.832331,54.253693],[-8.840851,54.256797],[-8.845291,54.257485],[-8.850078,54.261051],[-8.853732,54.261927],[-8.856841,54.263875],[-8.861226,54.26224],[-8.865178,54.26229],[-8.866831,54.264963],[-8.871758,54.268446],[-8.875767,54.269989],[-8.87898,54.267676],[-8.881899,54.268262],[-8.885743,54.270962],[-8.889215,54.271063],[-8.894605,54.272625],[-8.897672,54.274496],[-8.898539,54.276703],[-8.905395,54.283031],[-8.911389,54.285677],[-8.919425,54.286554],[-8.925003,54.288727],[-8.927912,54.290573],[-8.932311,54.290944],[-8.934172,54.292834],[-8.939169,54.291019],[-8.942123,54.293241],[-8.948107,54.294818],[-8.951813,54.291838],[-8.959129,54.291752],[-8.960984,54.293967],[-8.964855,54.294152],[-8.969467,54.291447],[-8.977729,54.291763],[-8.980641,54.293387],[-8.983948,54.293219],[-8.988852,54.294735],[-8.992625,54.294442],[-8.999799,54.291631],[-9.002567,54.293285],[-9.009665,54.292635],[-9.015729,54.294024],[-9.017098,54.296071],[-9.02399,54.296733],[-9.028255,54.294685],[-9.038125,54.293408],[-9.042601,54.294406],[-9.051116,54.294535],[-9.055436,54.293297],[-9.053793,54.289613],[-9.051384,54.286636],[-9.053351,54.28297],[-9.059108,54.279533],[-9.05565,54.27823],[-9.053764,54.276274],[-9.05358,54.273817],[-9.056284,54.271237],[-9.059934,54.269419],[-9.063734,54.266238],[-9.063518,54.264014],[-9.066049,54.259479],[-9.068455,54.258003],[-9.07109,54.253988],[-9.075525,54.249477],[-9.078093,54.244156],[-9.084135,54.237258],[-9.083987,54.235632],[-9.08902,54.233848],[-9.091904,54.228116],[-9.09652,54.225358],[-9.097278,54.2219],[-9.094627,54.21482],[-9.100002,54.212192],[-9.106135,54.210514],[-9.123819,54.209287],[-9.13116,54.208087],[-9.134216,54.206972],[-9.136546,54.204017],[-9.131485,54.202942],[-9.120422,54.202146],[-9.112718,54.200443],[-9.114731,54.198487],[-9.120332,54.199364],[-9.121955,54.19792],[-9.127708,54.195529],[-9.126673,54.19225],[-9.124803,54.190976],[-9.126321,54.185181],[-9.124721,54.182101],[-9.133527,54.179561],[-9.136553,54.177706],[-9.135072,54.174197],[-9.131817,54.171856],[-9.13389,54.170515],[-9.131283,54.169007],[-9.134541,54.164989],[-9.132261,54.162363],[-9.124006,54.159163],[-9.121312,54.155357],[-9.102824,54.149285],[-9.102263,54.147876],[-9.105353,54.145909],[-9.104653,54.144005],[-9.099752,54.142626],[-9.089862,54.142967],[-9.084403,54.145974],[-9.078655,54.144817],[-9.076425,54.145949],[-9.066021,54.145193],[-9.061256,54.144274],[-9.059187,54.142618],[-9.055832,54.143205],[-9.056872,54.145706],[-9.054765,54.148337],[-9.055332,54.15021],[-9.052795,54.151132],[-9.054123,54.154318],[-9.052528,54.156818],[-9.045907,54.156489],[-9.041084,54.157175],[-9.035255,54.154687],[-9.033556,54.152872],[-9.028739,54.15489],[-9.030012,54.157513],[-9.026417,54.160909],[-9.022842,54.162303],[-9.021045,54.159028],[-9.015386,54.156622],[-9.013712,54.155145],[-9.005744,54.153067],[-9.002277,54.151444],[-8.992722,54.149582],[-8.980209,54.149471],[-8.964604,54.148334],[-8.954144,54.144811],[-8.942887,54.143282],[-8.936798,54.143062],[-8.93765,54.140774],[-8.941357,54.138265],[-8.944935,54.138982],[-8.947091,54.136587],[-8.94454,54.134286],[-8.945612,54.132602],[-8.942052,54.131528],[-8.935715,54.131378],[-8.937874,54.12835],[-8.937153,54.127072],[-8.932397,54.125618],[-8.923933,54.125419],[-8.921053,54.123472],[-8.916957,54.118043],[-8.921279,54.114923],[-8.923572,54.111655],[-8.931062,54.108616],[-8.935388,54.106133],[-8.946909,54.1047],[-8.952424,54.105013],[-8.959999,54.10231],[-8.955788,54.094479],[-8.954013,54.094134],[-8.955259,54.089367],[-8.95856,54.088104],[-8.967408,54.086894],[-8.970216,54.085955],[-8.966469,54.080319],[-8.965476,54.073195],[-8.968935,54.073293],[-8.973995,54.071963],[-8.975628,54.070277],[-8.983203,54.068303],[-8.987615,54.064369],[-8.991093,54.063689],[-8.992091,54.061681],[-8.998037,54.060816],[-8.999491,54.058689],[-9.006104,54.057973],[-9.009881,54.055731],[-9.011235,54.053652],[-9.01424,54.052416],[-9.015441,54.049637],[-9.014568,54.042812],[-9.015393,54.04105],[-9.01607,54.033806],[-9.011247,54.031732],[-9.013017,54.028381],[-9.019497,54.027368],[-9.018517,54.025168],[-9.011258,54.023985],[-9.004562,54.024601],[-9.003761,54.025813],[-8.999249,54.025429],[-8.995622,54.023617],[-8.990125,54.024669],[-8.986637,54.02632],[-8.981044,54.026579],[-8.97749,54.024225],[-8.971492,54.025694],[-8.968187,54.0285],[-8.970779,54.030815],[-8.967519,54.031262],[-8.965254,54.030082],[-8.964963,54.025758],[-8.959844,54.024332],[-8.954871,54.02169],[-8.952064,54.018688],[-8.9467,54.016172],[-8.946584,54.013127],[-8.942122,54.009653],[-8.935719,54.009824],[-8.923837,54.008859],[-8.920931,54.010406],[-8.917752,54.010583],[-8.908671,54.013755],[-8.911478,54.016149],[-8.902973,54.018757],[-8.89904,54.019079],[-8.895266,54.022055],[-8.883002,54.021078],[-8.888004,54.010007],[-8.888852,54.007185],[-8.881283,54.000138],[-8.878542,53.995843],[-8.881201,53.993102],[-8.878363,53.989298],[-8.873693,53.989844],[-8.869291,53.989309],[-8.863795,53.989847],[-8.862229,53.987972],[-8.863134,53.985729],[-8.862563,53.980371],[-8.861228,53.98048],[-8.853407,53.973583],[-8.849031,53.970984],[-8.845222,53.9722],[-8.835609,53.969948],[-8.811019,53.965494],[-8.808246,53.966692],[-8.802696,53.96574],[-8.800168,53.966732],[-8.795303,53.965567],[-8.787835,53.965634],[-8.782524,53.966283],[-8.780963,53.974504],[-8.766597,53.976648],[-8.755675,53.975944],[-8.753493,53.977404],[-8.755632,53.98222],[-8.751346,53.982747],[-8.743179,53.991273],[-8.738489,53.994744],[-8.725081,53.987557],[-8.713777,53.987767],[-8.708917,53.991594],[-8.705963,53.996676],[-8.706436,54.00088],[-8.701071,54.005245],[-8.691328,54.006441],[-8.681759,54.01139],[-8.679067,54.010416],[-8.675348,54.018423],[-8.677834,54.020236],[-8.682435,54.029677],[-8.669695,54.030826],[-8.664469,54.031626],[-8.661268,54.036345],[-8.655883,54.037089],[-8.649695,54.038799],[-8.645679,54.037458],[-8.648336,54.035791],[-8.647443,54.033499],[-8.642918,54.032233],[-8.629698,54.025594],[-8.623813,54.02407],[-8.617544,54.021201],[-8.610048,54.021039],[-8.598408,54.016663],[-8.589017,54.014935],[-8.582864,54.012902],[-8.589818,54.005796],[-8.589502,53.998942],[-8.592981,53.992509],[-8.592965,53.986581],[-8.590197,53.982403],[-8.589885,53.97972],[-8.593007,53.976397],[-8.593396,53.968656],[-8.594198,53.966762],[-8.589833,53.965118],[-8.58873,53.961286],[-8.585085,53.953818],[-8.573281,53.953853],[-8.567936,53.95229],[-8.551216,53.953134],[-8.542799,53.954896],[-8.536778,53.957546],[-8.529905,53.952792],[-8.526847,53.949395],[-8.526809,53.947274],[-8.521826,53.944339],[-8.522623,53.942652],[-8.5197,53.940562],[-8.519884,53.938006],[-8.522402,53.936158],[-8.523073,53.933016],[-8.518776,53.92622],[-8.514352,53.925088],[-8.50957,53.924824],[-8.506658,53.926209],[-8.501879,53.926122],[-8.488004,53.921413],[-8.477341,53.920917],[-8.469081,53.91301],[-8.4509,53.913508],[-8.447704,53.915119],[-8.450321,53.91964],[-8.448198,53.925577],[-8.444216,53.92687],[-8.438686,53.926323],[-8.438068,53.927694],[-8.434299,53.928618],[-8.431283,53.926853],[-8.416997,53.926395],[-8.405034,53.92677],[-8.395234,53.925434],[-8.387386,53.925661],[-8.384438,53.927272],[-8.377402,53.926659],[-8.376782,53.925492],[-8.371108,53.925511],[-8.36474,53.927417],[-8.355546,53.927459],[-8.352069,53.926711],[-8.345034,53.92693],[-8.336268,53.926238],[-8.332948,53.927655],[-8.333667,53.930501],[-8.338063,53.932901],[-8.338355,53.935522],[-8.342638,53.941555],[-8.349617,53.942302],[-8.348248,53.944741],[-8.346839,53.950932],[-8.357055,53.950441],[-8.360291,53.951219],[-8.360865,53.947993],[-8.368242,53.948396],[-8.377285,53.949449],[-8.377457,53.951862],[-8.391718,53.953742],[-8.406134,53.956658],[-8.40697,53.957729],[-8.404446,53.960461],[-8.41003,53.960426],[-8.419194,53.961953],[-8.42244,53.961987],[-8.425047,53.96535],[-8.416959,53.965229],[-8.410266,53.967183],[-8.402364,53.965903],[-8.398681,53.964433],[-8.392812,53.964858],[-8.389057,53.968992],[-8.38706,53.968918],[-8.382848,53.970985],[-8.382197,53.972465],[-8.387036,53.973181],[-8.387101,53.978431],[-8.390478,53.978885],[-8.38849,53.981547],[-8.385707,53.981798],[-8.384659,53.985591],[-8.387911,53.988368],[-8.387692,53.989856],[-8.392807,53.993354],[-8.400877,53.996655],[-8.398247,53.999507],[-8.397882,54.001641],[-8.388962,53.999004],[-8.38265,53.998604],[-8.375806,53.999572],[-8.376838,54.001638],[-8.375053,54.004365],[-8.366208,54.004591],[-8.357468,54.00279],[-8.348071,53.999607],[-8.345608,53.999253],[-8.334931,54.000741],[-8.330752,54.002215],[-8.322559,54.003146],[-8.3152,54.004608],[-8.317625,54.007653],[-8.317237,54.009447],[-8.313437,54.009627],[-8.309086,54.012265],[-8.305972,54.016612],[-8.309044,54.016764],[-8.312221,54.018643],[-8.31186,54.020415],[-8.307501,54.02521],[-8.305352,54.02571],[-8.304634,54.029159],[-8.306839,54.029882],[-8.302767,54.037627],[-8.294513,54.04477],[-8.289194,54.0429],[-8.286651,54.039577],[-8.286626,54.037687],[-8.281068,54.03866],[-8.280681,54.041647],[-8.276839,54.044948],[-8.276456,54.046672],[-8.273313,54.049051],[-8.265356,54.049825],[-8.263224,54.053291],[-8.259684,54.052729],[-8.254969,54.050327],[-8.250875,54.044293],[-8.246769,54.041425],[-8.238375,54.03964],[-8.234676,54.043423],[-8.239313,54.048701],[-8.236831,54.051983],[-8.239175,54.058293],[-8.236059,54.059735],[-8.228011,54.059192],[-8.218531,54.061552],[-8.216935,54.066717],[-8.214919,54.068368],[-8.219802,54.076962],[-8.215972,54.078368],[-8.21961,54.08305],[-8.21775,54.084448],[-8.211396,54.084315],[-8.209722,54.085655],[-8.204453,54.084895],[-8.201628,54.086163],[-8.194477,54.087541],[-8.188969,54.087292],[-8.184767,54.086074],[-8.179694,54.086426],[-8.176985,54.088395],[-8.168027,54.099011],[-8.166538,54.101354],[-8.157932,54.101193],[-8.154944,54.101747],[-8.155872,54.10396],[-8.16225,54.106375],[-8.163512,54.108982],[-8.167772,54.112116],[-8.172345,54.111708],[-8.17773,54.116659],[-8.180589,54.117818],[-8.181581,54.121798],[-8.186228,54.12358],[-8.19006,54.12876],[-8.19577,54.133497],[-8.199233,54.134612],[-8.203307,54.134115],[-8.207552,54.136764],[-8.215963,54.140418],[-8.217305,54.145225],[-8.221396,54.147512],[-8.220577,54.149018],[-8.227448,54.154754],[-8.238369,54.155006],[-8.243526,54.157561],[-8.251205,54.15927],[-8.253415,54.156657],[-8.260301,54.156977],[-8.260831,54.153186],[-8.268521,54.153543],[-8.281342,54.152622],[-8.303458,54.167094],[-8.307271,54.16634],[-8.313682,54.167125],[-8.318418,54.169472],[-8.321002,54.174087],[-8.324636,54.174888],[-8.328393,54.173282],[-8.330588,54.175036],[-8.328307,54.178374],[-8.322286,54.180086],[-8.318104,54.184051],[-8.316329,54.188298],[-8.318398,54.18992],[-8.321556,54.189358],[-8.326296,54.190976],[-8.332779,54.191865],[-8.335381,54.194959]]]}},
{"type":"Feature","id":"IRL:ADM2:IE-C.loughrea-lea-5","properties":{"shapeName":"LOUGHREA LEA-5","shapeISO":"","shapeGroup":"IRL","shapeType":"ADM2","adm1ISO":"IE-C","parentISO":"IE-C","parentID":"IRL:ADM1:IE-C","src_shape_id":"5873133B84872998039455"},"geometry":{"type":"Polygon","coordinates":[[[-8.081454,53.166895],[-8.083874,53.170043],[-8.081998,53.172019],[-8.074288,53.17598],[-8.069471,53.181788],[-8.065711,53.183671],[-8.062287,53.186933],[-8.064725,53.189312],[-8.076738,53.190623],[-8.081137,53.190461],[-8.084692,53.191913],[-8.091877,53.191576],[-8.100854,53.194093],[-8.100706,53.19642],[-8.097468,53.196714],[-8.099988,53.200756],[-8.096423,53.200884],[-8.102695,53.204643],[-8.105553,53.207321],[-8.114798,53.206203],[-8.113202,53.209989],[-8.117041,53.212123],[-8.12116,53.212587],[-8.1227,53.214122],[-8.127956,53.214415],[-8.129801,53.216931],[-8.129301,53.219673],[-8.132205,53.220277],[-8.13246,53.223826],[-8.141197,53.223838],[-8.143822,53.224321],[-8.149331,53.222822],[-8.148891,53.225306],[-8.150323,53.230778],[-8.156159,53.227392],[-8.164309,53.226248],[-8.165759,53.220781],[-8.172613,53.222587],[-8.169915,53.21839],[-8.170114,53.211818],[-8.173074,53.210193],[-8.19,53.212517],[-8.194429,53.210952],[-8.19901,53.208122],[-8.208432,53.195556],[-8.210164,53.195387],[-8.214751,53.205938],[-8.216238,53.207781],[-8.220453,53.209728],[-8.227699,53.210438],[-8.234028,53.211983],[-8.2327,53.213843],[-8.232274,53.21761],[-8.225972,53.217087],[-8.225828,53.218371],[-8.220446,53.221595],[-8.218099,53.224921],[-8.224737,53.224644],[-8.227289,53.226874],[-8.229153,53.231283],[-8.232082,53.230351],[-8.244317,53.231045],[-8.246554,53.233137],[-8.23985,53.233752],[-8.229909,53.233109],[-8.231965,53.238563],[-8.232129,53.241476],[-8.24796,53.242499],[-8.245228,53.244413],[-8.26052,53.249991],[-8.265029,53.252745],[-8.272362,53.253024],[-8.277704,53.254548],[-8.28154,53.253723],[-8.28164,53.249318],[-8.288624,53.248375],[-8.291464,53.24735],[-8.297279,53.250003],[-8.303645,53.249833],[-8.304616,53.25163],[-8.308287,53.250278],[-8.31536,53.250571],[-8.321739,53.252097],[-8.322126,53.255117],[-8.316942,53.253582],[-8.309034,53.252884],[-8.30627,53.257992],[-8.301128,53.259526],[-8.299461,53.261051],[-8.292995,53.264633],[-8.295007,53.267675],[-8.299756,53.267045],[-8.308252,53.26853],[-8.314139,53.270472],[-8.31751,53.270637],[-8.310735,53.282295],[-8.317211,53.284152],[-8.317862,53.286285],[-8.320914,53.286077],[-8.326556,53.287947],[-8.327977,53.28969],[-8.335062,53.291436],[-8.339621,53.291152],[-8.338569,53.293283],[-8.338492,53.297674],[-8.33987,53.301735],[-8.34532,53.303523],[-8.351434,53.303315],[-8.352952,53.299801],[-8.355563,53.298967],[-8.359785,53.299588],[-8.366453,53.295972],[-8.367293,53.29375],[-8.362547,53.289452],[-8.365465,53.287005],[-8.366187,53.284868],[-8.37747,53.287648],[-8.38616,53.288266],[-8.390961,53.286667],[-8.390906,53.282684],[-8.380673,53.282274],[-8.382278,53.278581],[-8.385187,53.27636],[-8.381527,53.273144],[-8.386627,53.270625],[-8.398132,53.270863],[-8.405864,53.269627],[-8.411901,53.267806],[-8.40999,53.265845],[-8.415039,53.263011],[-8.414772,53.258588],[-8.420008,53.260645],[-8.422785,53.262647],[-8.431647,53.260226],[-8.437324,53.25797],[-8.442338,53.251866],[-8.44948,53.252744],[-8.455503,53.258509],[-8.452559,53.260389],[-8.449137,53.264339],[-8.445101,53.26557],[-8.449851,53.269926],[-8.449277,53.276145],[-8.453598,53.279361],[-8.456183,53.278284],[-8.4604,53.282788],[-8.461134,53.287489],[-8.462558,53.287402],[-8.472694,53.289878],[-8.475871,53.289162],[-8.483329,53.289451],[-8.487095,53.288996],[-8.495597,53.292333],[-8.494886,53.295321],[-8.497044,53.300316],[-8.49596,53.302067],[-8.500104,53.302796],[-8.497686,53.305496],[-8.499304,53.306334],[-8.501401,53.311748],[-8.499546,53.31436],[-8.503576,53.315493],[-8.508157,53.315152],[-8.511103,53.316389],[-8.509705,53.320187],[-8.512252,53.326359],[-8.509692,53.331782],[-8.513583,53.333525],[-8.515416,53.330703],[-8.550281,53.326576],[-8.548568,53.323503],[-8.550219,53.316872],[-8.558444,53.318804],[-8.563869,53.31675],[-8.566765,53.312173],[-8.566327,53.310489],[-8.551638,53.304362],[-8.550687,53.301859],[-8.545151,53.299859],[-8.549126,53.295515],[-8.549089,53.288335],[-8.550095,53.283061],[-8.549011,53.280152],[-8.560113,53.279446],[-8.57,53.280025],[-8.572823,53.279523],[-8.57682,53.280438],[-8.583028,53.280383],[-8.585263,53.283603],[-8.583824,53.285754],[-8.585736,53.288133],[-8.604879,53.293471],[-8.608139,53.2954],[-8.611421,53.29497],[-8.614296,53.292655],[-8.616291,53.294079],[-8.623138,53.296429],[-8.622315,53.297804],[-8.628139,53.298104],[-8.633486,53.296957],[-8.636786,53.291947],[-8.63808,53.287387],[-8.643838,53.288345],[-8.657452,53.286679],[-8.665683,53.286923],[-8.66651,53.285423],[-8.672652,53.283954],[-8.677577,53.286307],[-8.683131,53.286839],[-8.68469,53.289157],[-8.693342,53.291047],[-8.702382,53.289541],[-8.71204,53.286357],[-8.715679,53.285624],[-8.717825,53.281092],[-8.720431,53.278841],[-8.725768,53.276345],[-8.726664,53.274349],[-8.730602,53.270282],[-8.729093,53.267411],[-8.728012,53.26229],[-8.723971,53.254232],[-8.716951,53.248547],[-8.712398,53.246729],[-8.710425,53.244238],[-8.718001,53.242328],[-8.718941,53.239626],[-8.716753,53.237292],[-8.711539,53.236736],[-8.707812,53.232494],[-8.701704,53.230791],[-8.699431,53.226093],[-8.704745,53.224156],[-8.699367,53.221849],[-8.695216,53.216327],[-8.694957,53.214154],[-8.688081,53.209319],[-8.684004,53.210275],[-8.679806,53.208377],[-8.677873,53.205574],[-8.675795,53.206069],[-8.670002,53.201825],[-8.663881,53.199848],[-8.656861,53.198977],[-8.656617,53.197559],[-8.660764,53.196302],[-8.662288,53.194032],[-8.6602,53.191207],[-8.656515,53.190468],[-8.652886,53.187842],[-8.649691,53.18836],[-8.645429,53.184571],[-8.637487,53.181682],[-8.62837,53.18223],[-8.625127,53.178898],[-8.624007,53.176376],[-8.624883,53.17279],[-8.628438,53.170445],[-8.627324,53.166022],[-8.624885,53.164765],[-8.626611,53.160786],[-8.618764,53.158744],[-8.619631,53.155682],[-8.622191,53.15496],[-8.619531,53.151083],[-8.61914,53.144982],[-8.623046,53.145569],[-8.628137,53.145211],[-8.631714,53.140075],[-8.636141,53.137111],[-8.64408,53.133915],[-8.648549,53.130726],[-8.642534,53.123565],[-8.639809,53.112873],[-8.633471,53.108372],[-8.630042,53.104974],[-8.624203,53.096814],[-8.618012,53.091982],[-8.607111,53.094913],[-8.599329,53.096592],[-8.588083,53.099796],[-8.574649,53.098738],[-8.568278,53.101242],[-8.558689,53.098632],[-8.55006,53.094535],[-8.545939,53.091721],[-8.543608,53.085668],[-8.541518,53.082942],[-8.541495,53.080655],[-8.552428,53.078265],[-8.553397,53.072279],[-8.551315,53.06847],[-8.547895,53.065189],[-8.545746,53.061306],[-8.549814,53.059181],[-8.549022,53.056939],[-8.556956,53.054719],[-8.564188,53.054438],[-8.564785,53.053321],[-8.554468,53.046196],[-8.554492,53.042195],[-8.560296,53.035945],[-8.560076,53.031002],[-8.556359,53.026403],[-8.551396,53.022341],[-8.547678,53.023633],[-8.536779,53.02445],[-8.528198,53.023716],[-8.525236,53.02061],[-8.526316,53.018005],[-8.523948,53.011664],[-8.516898,53.01214],[-8.5163,53.009992],[-8.511095,53.009431],[-8.510446,53.006832],[-8.508535,53.006274],[-8.510478,53.002582],[-8.510057,52.998622],[-8.504574,52.990363],[-8.502761,52.986364],[-8.502505,52.983139],[-8.497959,52.983695],[-8.49117,52.987389],[-8.484862,52.98887],[-8.469583,52.983969],[-8.461155,52.982164],[-8.456191,52.976461],[-8.450077,52.972265],[-8.443851,52.97386],[-8.424066,52.983388],[-8.421429,52.987561],[-8.418751,52.99326],[-8.410092,52.994192],[-8.407653,52.993854],[-8.404691,52.988272],[-8.402836,52.986402],[-8.398813,52.984685],[-8.388684,52.984047],[-8.380518,52.98266],[-8.369827,52.978673],[-8.366482,52.975958],[-8.366486,52.972041],[-8.358811,52.971271],[-8.356145,52.974573],[-8.351562,52.975687],[-8.350789,52.978386],[-8.345508,52.985047],[-8.33886,52.987549],[-8.316739,52.985143],[-8.301827,53.007453],[-8.278475,53.018681],[-8.268704,53.036632],[-8.26776,53.056364],[-8.24934,53.063274],[-8.218742,53.067613],[-8.213553,53.0784],[-8.208469,53.079445],[-8.198432,53.084204],[-8.197017,53.087128],[-8.196999,53.090115],[-8.188978,53.095443],[-8.184462,53.099904],[-8.182522,53.103187],[-8.177264,53.107428],[-8.174533,53.111264],[-8.168755,53.114317],[-8.171868,53.118096],[-8.172264,53.121076],[-8.170296,53.123604],[-8.166336,53.125031],[-8.162372,53.129905],[-8.161008,53.134808],[-8.156162,53.135555],[-8.153568,53.137839],[-8.146259,53.142788],[-8.147955,53.145235],[-8.142456,53.148816],[-8.136226,53.151939],[-8.130329,53.156832],[-8.12499,53.159492],[-8.118611,53.160663],[-8.107876,53.159893],[-8.098621,53.161547],[-8.094118,53.161501],[-8.084345,53.163009],[-8.081454,53.166895]]]}},
{"type":"Feature","id":"IRL:ADM2:IE-C.gort-kinvara-lea-5","properties":{"shapeName":"GORT-KINVARA LEA-5","shapeISO":"","shapeGroup":"IRL","shapeType":"ADM2","adm1ISO":"IE-C","parentISO":"IE-C","parentID":"IRL:ADM1:IE-C","src_shape_id":"5873133B79086862800883"},"geometry":{"type":"Polygon","coordinates":[[[-8.938935,53.258552],[-8.942129,53.260625],[-8.943268,53.258096],[-8.955374,53.257224],[-8.960435,53.257192],[-8.962403,53.255657],[-8.966643,53.254959],[-8.970946,53.256114],[-8.97719,53.256268],[-8.985662,53.24786],[-8.984991,53.245834],[-8.978252,53.244721],[-8.973566,53.24507],[-8.970713,53.243607],[-8.963635,53.245753],[-8.961522,53.244158],[-8.963694,53.240559],[-8.971243,53.238321],[-8.975917,53.240579],[-8.988294,53.238126],[-9.000286,53.23503],[-8.99829,53.234211],[-8.99099,53.234772],[-8.984009,53.237148],[-8.972254,53.235989],[-8.965971,53.237884],[-8.960949,53.240654],[-8.959297,53.239343],[-8.953543,53.238018],[-8.948266,53.239616],[-8.947029,53.238472],[-8.949288,53.235246],[-8.956213,53.235538],[-8.961316,53.237097],[-8.96643,53.235712],[-8.98161,53.233635],[-8.985079,53.231799],[-8.986476,53.228877],[-8.995248,53.228132],[-8.997783,53.225419],[-8.994988,53.222234],[-8.991135,53.224324],[-8.983729,53.225671],[-8.977684,53.224191],[-8.987833,53.221703],[-8.989482,53.219196],[-8.981741,53.218902],[-8.980131,53.217639],[-8.976105,53.218004],[-8.972953,53.213111],[-8.97076,53.211623],[-8.96272,53.209229],[-8.961503,53.208189],[-8.957211,53.210499],[-8.952015,53.208734],[-8.949197,53.209014],[-8.942062,53.212083],[-8.929412,53.211724],[-8.925298,53.212927],[-8.9208,53.216451],[-8.915161,53.21855],[-8.910058,53.221595],[-8.906686,53.221734],[-8.89482,53.225396],[-8.890925,53.225135],[-8.888066,53.227149],[-8.884813,53.226147],[-8.888432,53.223556],[-8.896747,53.223434],[-8.902904,53.220824],[-8.90198,53.217786],[-8.906449,53.215295],[-8.905027,53.214222],[-8.89727,53.213425],[-8.895988,53.211779],[-8.891382,53.210041],[-8.894907,53.208978],[-8.906787,53.210748],[-8.912246,53.209202],[-8.922539,53.208944],[-8.926367,53.207703],[-8.929991,53.204458],[-8.927898,53.201977],[-8.9334,53.200162],[-8.937656,53.197211],[-8.941876,53.197095],[-8.95025,53.19362],[-8.942846,53.194515],[-8.93751,53.196954],[-8.934903,53.196923],[-8.933757,53.19473],[-8.939116,53.192082],[-8.942852,53.19328],[-8.946211,53.192131],[-8.945626,53.187841],[-8.942967,53.185759],[-8.948413,53.184223],[-8.951833,53.181144],[-8.951154,53.179032],[-8.954242,53.177695],[-8.952131,53.176197],[-8.946703,53.175766],[-8.952579,53.17307],[-8.949809,53.169557],[-8.944419,53.168917],[-8.941083,53.165577],[-8.942868,53.162525],[-8.940618,53.160794],[-8.941568,53.158087],[-8.935713,53.153354],[-8.937278,53.149681],[-8.935931,53.146741],[-8.93043,53.144553],[-8.927017,53.144475],[-8.925064,53.143149],[-8.928191,53.140555],[-8.932498,53.140712],[-8.935557,53.139655],[-8.940104,53.141166],[-8.939905,53.143028],[-8.941857,53.145299],[-8.944819,53.146382],[-8.946487,53.148702],[-8.95115,53.152834],[-8.954236,53.154236],[-8.958979,53.154538],[-8.964426,53.156937],[-8.964966,53.158677],[-8.969998,53.157328],[-8.975235,53.158316],[-8.980131,53.160992],[-8.98609,53.161603],[-8.986677,53.163698],[-8.98438,53.165113],[-8.974566,53.166031],[-8.97177,53.167645],[-8.966812,53.167468],[-8.969273,53.170077],[-8.966706,53.175677],[-8.968373,53.176687],[-8.973921,53.175068],[-8.981089,53.173665],[-8.984453,53.173829],[-8.986564,53.171044],[-8.988878,53.169969],[-8.99559,53.169794],[-9.00408,53.168616],[-9.009584,53.170526],[-9.016566,53.16966],[-9.020929,53.170965],[-9.030546,53.169279],[-9.038304,53.16892],[-9.054265,53.165102],[-9.05427,53.164757],[-9.048538,53.166073],[-9.04564,53.165425],[-9.042871,53.160083],[-9.037444,53.159503],[-9.031197,53.159778],[-9.021695,53.1581],[-9.01612,53.154767],[-9.009531,53.155796],[-9.009785,53.152131],[-9.005323,53.152469],[-9.001386,53.154632],[-8.999302,53.156914],[-8.996636,53.154758],[-8.993237,53.153566],[-8.99561,53.151742],[-8.990686,53.147281],[-8.992367,53.145846],[-8.996122,53.147056],[-8.997966,53.148956],[-9.001006,53.148885],[-9.002823,53.150497],[-9.007412,53.148827],[-9.008151,53.142229],[-9.009349,53.140829],[-9.01661,53.139381],[-9.025867,53.140215],[-9.026319,53.137484],[-9.024703,53.135855],[-9.025277,53.133209],[-9.027955,53.130172],[-9.02588,53.123121],[-9.020214,53.11665],[-9.019325,53.110598],[-9.013696,53.106262],[-9.011064,53.102839],[-9.006292,53.100566],[-9.003115,53.10174],[-8.998684,53.099989],[-8.995126,53.097197],[-8.993319,53.094709],[-8.986621,53.095397],[-8.984509,53.093581],[-8.973716,53.09191],[-8.970113,53.088272],[-8.970302,53.086451],[-8.956302,53.087119],[-8.946164,53.084302],[-8.94496,53.082395],[-8.932947,53.077861],[-8.928923,53.074124],[-8.922476,53.070343],[-8.920144,53.066211],[-8.916274,53.066725],[-8.905294,53.066171],[-8.898931,53.061863],[-8.891612,53.060677],[-8.890291,53.056013],[-8.893233,53.053137],[-8.901168,53.047569],[-8.899916,53.046235],[-8.900176,53.043304],[-8.898996,53.040652],[-8.899738,53.033231],[-8.892621,53.030713],[-8.888722,53.026329],[-8.888052,53.022916],[-8.885623,53.020652],[-8.885463,53.017606],[-8.883451,53.016396],[-8.887307,53.01354],[-8.893587,53.010518],[-8.898166,53.011645],[-8.898676,53.008066],[-8.895679,53.005636],[-8.896932,53.003365],[-8.894827,52.999099],[-8.890616,52.998907],[-8.886605,52.996052],[-8.890042,52.990814],[-8.884862,52.985403],[-8.883782,52.981173],[-8.88626,52.979113],[-8.882599,52.976482],[-8.879618,52.977271],[-8.878026,52.979231],[-8.872818,52.980038],[-8.867017,52.978176],[-8.860294,52.978947],[-8.86099,52.974314],[-8.860517,52.970412],[-8.857159,52.968313],[-8.850608,52.972026],[-8.851327,52.973308],[-8.8478,52.975759],[-8.845751,52.981032],[-8.846333,52.984897],[-8.840588,52.986639],[-8.836776,52.990498],[-8.833021,52.988764],[-8.833607,52.985138],[-8.831837,52.98342],[-8.83227,52.981325],[-8.827216,52.981819],[-8.826883,52.979275],[-8.822722,52.978064],[-8.819612,52.978929],[-8.81278,52.975421],[-8.809075,52.97535],[-8.80794,52.977478],[-8.804959,52.979431],[-8.799917,52.977688],[-8.799131,52.97524],[-8.794474,52.976576],[-8.783838,52.973094],[-8.779379,52.97527],[-8.778836,52.980005],[-8.780527,52.982288],[-8.778438,52.983929],[-8.77878,52.987697],[-8.773554,52.989846],[-8.765751,52.991481],[-8.758401,52.994263],[-8.751424,52.999301],[-8.745923,53.000591],[-8.741288,53.002513],[-8.73696,53.005953],[-8.739293,53.008667],[-8.738684,53.010966],[-8.731878,53.014274],[-8.72903,53.017815],[-8.725051,53.020454],[-8.71969,53.025421],[-8.714257,53.024062],[-8.700016,53.025505],[-8.694114,53.026579],[-8.692105,53.02944],[-8.682243,53.031618],[-8.682516,53.034023],[-8.679424,53.036323],[-8.674353,53.037869],[-8.670758,53.037901],[-8.665557,53.039327],[-8.661324,53.038985],[-8.654109,53.039832],[-8.652775,53.038461],[-8.646405,53.039835],[-8.640257,53.03984],[-8.634535,53.041768],[-8.628349,53.038578],[-8.626742,53.034092],[-8.620212,53.035222],[-8.61528,53.037427],[-8.591776,53.040147],[-8.580017,53.040481],[-8.561858,53.041947],[-8.554492,53.042195],[-8.554468,53.046196],[-8.564785,53.053321],[-8.564188,53.054438],[-8.556956,53.054719],[-8.549022,53.056939],[-8.549814,53.059181],[-8.545746,53.061306],[-8.547895,53.065189],[-8.551315,53.06847],[-8.553397,53.072279],[-8.552428,53.078265],[-8.541495,53.080655],[-8.541518,53.082942],[-8.543608,53.085668],[-8.545939,53.091721],[-8.55006,53.094535],[-8.558689,53.098632],[-8.568278,53.101242],[-8.574649,53.098738],[-8.588083,53.099796],[-8.599329,53.096592],[-8.607111,53.094913],[-8.618012,53.091982],[-8.624203,53.096814],[-8.630042,53.104974],[-8.633471,53.108372],[-8.639809,53.112873],[-8.642534,53.123565],[-8.648549,53.130726],[-8.64408,53.133915],[-8.636141,53.137111],[-8.631714,53.140075],[-8.628137,53.145211],[-8.623046,53.145569],[-8.61914,53.144982],[-8.619531,53.151083],[-8.622191,53.15496],[-8.619631,53.155682],[-8.618764,53.158744],[-8.626611,53.160786],[-8.624885,53.164765],[-8.627324,53.166022],[-8.628438,53.170445],[-8.624883,53.17279],[-8.624007,53.176376],[-8.625127,53.178898],[-8.62837,53.18223],[-8.637487,53.181682],[-8.645429,53.184571],[-8.649691,53.18836],[-8.652886,53.187842],[-8.656515,53.190468],[-8.6602,53.191207],[-8.662288,53.194032],[-8.660764,53.196302],[-8.656617,53.197559],[-8.656861,53.198977],[-8.663881,53.199848],[-8.670002,53.201825],[-8.675795,53.206069],[-8.677873,53.205574],[-8.679806,53.208377],[-8.684004,53.210275],[-8.688081,53.209319],[-8.694957,53.214154],[-8.695216,53.216327],[-8.699367,53.221849],[-8.704745,53.224156],[-8.699431,53.226093],[-8.701704,53.230791],[-8.707812,53.232494],[-8.711539,53.236736],[-8.716753,53.237292],[-8.718941,53.239626],[-8.718001,53.242328],[-8.710425,53.244238],[-8.712398,53.246729],[-8.716951,53.248547],[-8.723971,53.254232],[-8.728012,53.26229],[-8.729093,53.267411],[-8.730602,53.270282],[-8.738338,53.270314],[-8.743254,53.269119],[-8.74433,53.266607],[-8.745055,53.26067],[-8.747173,53.25853],[-8.744062,53.253885],[-8.748885,53.250132],[-8.757449,53.251599],[-8.759971,53.250487],[-8.762143,53.253201],[-8.769241,53.252636],[-8.772902,53.254887],[-8.776177,53.250556],[-8.780114,53.251661],[-8.789512,53.256776],[-8.790254,53.255469],[-8.795017,53.255531],[-8.803079,53.253376],[-8.807498,53.24979],[-8.811428,53.249698],[-8.818064,53.251116],[-8.827623,53.24898],[-8.832248,53.246356],[-8.838548,53.244175],[-8.845691,53.250409],[-8.853496,53.255194],[-8.858847,53.252852],[-8.86835,53.251278],[-8.872842,53.252257],[-8.879516,53.255867],[-8.882035,53.254547],[-8.888998,53.254626],[-8.890671,53.253582],[-8.904029,53.251334],[-8.905912,53.252921],[-8.915173,53.256517],[-8.921017,53.260116],[-8.923822,53.263114],[-8.929643,53.264783],[-8.932837,53.262289],[-8.933156,53.259242],[-8.937477,53.254319],[-8.938935,53.258552]]]}},
{"type":"Feature","id":"IRL:ADM2:IE-C.conamara-north-lea-4","properties":{"shapeName":"CONAMARA NORTH LEA-4","shapeISO":"","shapeGroup":"IRL","shapeType":"ADM2","adm1ISO":"IE-C","parentISO":"IE-C","parentID":"IRL:ADM1:IE-C","src_shape_id":"5873133B12097804140145"},"geometry":{"type":"MultiPolygon","coordinates":[[[[-9.236584,53.480245],[-9.235551,53.499449],[-9.279148,53.515357],[-9.278719,53.525376],[-9.285518,53.531454],[-9.282703,53.534083],[-9.287819,53.538019],[-9.28928,53.540546],[-9.288388,53.542876],[-9.283868,53.542139],[-9.284518,53.548016],[-9.28868,53.545869],[-9.296062,53.544448],[-9.300823,53.544435],[-9.306799,53.545533],[-9.307171,53.54864],[-9.303565,53.549393],[-9.303476,53.555329],[-9.306293,53.554596],[-9.310789,53.555375],[-9.314564,53.5508],[-9.320263,53.550156],[-9.322334,53.545746],[-9.319195,53.544021],[-9.324017,53.54264],[-9.326332,53.540428],[-9.331044,53.540614],[-9.334475,53.539643],[-9.342219,53.541583],[-9.353173,53.54685],[-9.353424,53.551869],[-9.3514,53.555839],[-9.346766,53.560002],[-9.34567,53.563366],[-9.356658,53.567883],[-9.360907,53.573606],[-9.408757,53.568372],[-9.411983,53.567574],[-9.41441,53.565534],[-9.423393,53.564064],[-9.42958,53.563945],[-9.437537,53.56546],[-9.459927,53.564206],[-9.481313,53.562281],[-9.481431,53.566129],[-9.486397,53.564347],[-9.490338,53.568124],[-9.496068,53.568514],[-9.49682,53.569945],[-9.503264,53.57201],[-9.505851,53.571938],[-9.512412,53.576987],[-9.519941,53.577888],[-9.520792,53.580014],[-9.524317,53.580862],[-9.531783,53.580915],[-9.537014,53.581966],[-9.543586,53.581253],[-9.545756,53.583188],[-9.549847,53.590215],[-9.554067,53.594646],[-9.554301,53.596524],[-9.557364,53.601236],[-9.555251,53.603479],[-9.556301,53.605188],[-9.555542,53.608043],[-9.558114,53.61107],[-9.564783,53.612601],[-9.568617,53.609661],[-9.576371,53.600952],[-9.578787,53.599682],[-9.585327,53.599058],[-9.594646,53.601468],[-9.600376,53.604195],[-9.610623,53.606564],[-9.612875,53.605856],[-9.620429,53.605376],[-9.62913,53.605719],[-9.64223,53.6012],[-9.647091,53.600388],[-9.65229,53.602355],[-9.659951,53.610265],[-9.669549,53.612773],[-9.67162,53.612046],[-9.670878,53.608837],[-9.678366,53.610087],[-9.683416,53.607699],[-9.688211,53.606421],[-9.691484,53.603476],[-9.692273,53.600029],[-9.694171,53.598611],[-9.694103,53.596272],[-9.702589,53.594782],[-9.705324,53.595037],[-9.716647,53.598169],[-9.721831,53.598244],[-9.730554,53.600185],[-9.748089,53.59912],[-9.768414,53.597006],[-9.779398,53.595534],[-9.783696,53.596044],[-9.788675,53.594199],[-9.793493,53.597187],[-9.794806,53.59905],[-9.799885,53.600994],[-9.80383,53.600669],[-9.810175,53.606336],[-9.830066,53.61075],[-9.836121,53.614446],[-9.842932,53.617843],[-9.851204,53.618111],[-9.863024,53.621812],[-9.871115,53.624722],[-9.87468,53.622776],[-9.861894,53.616626],[-9.855432,53.616247],[-9.852145,53.614081],[-9.847806,53.613266],[-9.84789,53.611048],[-9.851733,53.610786],[-9.862651,53.614276],[-9.868437,53.615458],[-9.875584,53.615137],[-9.878831,53.613435],[-9.887031,53.614626],[-9.889175,53.612896],[-9.894995,53.612739],[-9.898637,53.614473],[-9.901608,53.612243],[-9.902744,53.608261],[-9.906102,53.607471],[-9.90817,53.603204],[-9.910267,53.600983],[-9.916961,53.600351],[-9.918311,53.598108],[-9.922206,53.599043],[-9.930329,53.597477],[-9.936931,53.597926],[-9.947449,53.600794],[-9.956135,53.599466],[-9.965129,53.599905],[-9.968705,53.600657],[-9.971389,53.602618],[-9.975078,53.603085],[-9.980253,53.606493],[-9.988,53.607096],[-9.991755,53.609612],[-9.996865,53.611049],[-10.00112,53.610125],[-10.006906,53.611639],[-10.010548,53.607878],[-10.015047,53.606674],[-10.024624,53.60668],[-10.028788,53.607118],[-10.034542,53.610626],[-10.038268,53.610614],[-10.042044,53.609464],[-10.047984,53.610538],[-10.049222,53.609424],[-10.047095,53.606499],[-10.050058,53.60272],[-10.043498,53.601074],[-10.043253,53.597242],[-10.044653,53.594305],[-10.035607,53.588702],[-10.03685,53.587084],[-10.02544,53.582387],[-10.025505,53.579908],[-10.017637,53.576796],[-10.008667,53.576016],[-9.997775,53.573157],[-9.990258,53.572421],[-9.984059,53.572685],[-9.976015,53.571155],[-9.972604,53.571369],[-9.971072,53.57299],[-9.965999,53.572588],[-9.962683,53.569866],[-9.968029,53.567845],[-9.96795,53.566729],[-9.97643,53.568628],[-9.978498,53.567025],[-9.976369,53.56433],[-9.972044,53.561324],[-9.981738,53.56242],[-9.98502,53.564743],[-9.98695,53.560403],[-9.98918,53.558966],[-9.992553,53.561366],[-10.00049,53.561625],[-9.999112,53.556123],[-9.990387,53.555409],[-9.978879,53.559758],[-9.973459,53.558542],[-9.966639,53.558301],[-9.959787,53.555767],[-9.955481,53.553134],[-9.958519,53.551261],[-9.966779,53.550634],[-9.971335,53.549615],[-9.973431,53.55119],[-9.975307,53.554886],[-9.980698,53.55639],[-9.983804,53.552127],[-9.990479,53.550894],[-9.991008,53.548238],[-9.999066,53.548329],[-9.999997,53.544692],[-10.005782,53.546476],[-10.005422,53.549788],[-10.011117,53.551317],[-10.009725,53.554209],[-10.017061,53.559137],[-10.017032,53.561681],[-10.010752,53.56151],[-10.010707,53.564601],[-10.014266,53.567539],[-10.027966,53.569886],[-10.033025,53.570221],[-10.036675,53.569636],[-10.045571,53.572449],[-10.049509,53.570096],[-10.053776,53.569666],[-10.062089,53.570319],[-10.061721,53.568409],[-10.065035,53.56788],[-10.06858,53.569887],[-10.068265,53.571957],[-10.073958,53.57462],[-10.08148,53.57531],[-10.086418,53.573086],[-10.095483,53.572697],[-10.099217,53.57701],[-10.108011,53.576447],[-10.114567,53.577015],[-10.120412,53.574851],[-10.122158,53.576672],[-10.127525,53.57633],[-10.129396,53.5743],[-10.125386,53.570994],[-10.121838,53.570999],[-10.114421,53.567936],[-10.113405,53.566524],[-10.101621,53.560961],[-10.097591,53.559502],[-10.096395,53.557845],[-10.093278,53.557173],[-10.096304,53.554086],[-10.10671,53.555257],[-10.111428,53.557259],[-10.11932,53.559314],[-10.120446,53.560533],[-10.128099,53.56117],[-10.129647,53.558526],[-10.135439,53.55772],[-10.140077,53.561393],[-10.145215,53.56307],[-10.144695,53.564704],[-10.149466,53.565469],[-10.152314,53.566752],[-10.155346,53.563961],[-10.151141,53.563173],[-10.151624,53.561349],[-10.156193,53.559982],[-10.157257,53.554998],[-10.153676,53.554682],[-10.154997,53.552314],[-10.158761,53.554314],[-10.158032,53.556916],[-10.162096,53.558556],[-10.161413,53.560294],[-10.164966,53.561686],[-10.168466,53.56054],[-10.176544,53.559939],[-10.178229,53.558674],[-10.19024,53.55604],[-10.193234,53.553533],[-10.19225,53.551657],[-10.188578,53.549674],[-10.19276,53.54715],[-10.196106,53.547544],[-10.201137,53.54453],[-10.197577,53.543264],[-10.195415,53.544353],[-10.189014,53.543842],[-10.184555,53.541327],[-10.176344,53.541082],[-10.16783,53.542845],[-10.157181,53.542189],[-10.154182,53.541605],[-10.145549,53.542294],[-10.1447,53.537514],[-10.145146,53.531933],[-10.142877,53.530197],[-10.139376,53.529595],[-10.134778,53.525548],[-10.135564,53.522892],[-10.125318,53.52165],[-10.112072,53.52092],[-10.105718,53.52013],[-10.101712,53.520255],[-10.096185,53.518937],[-10.093812,53.517548],[-10.085739,53.515793],[-10.080532,53.512904],[-10.075916,53.515205],[-10.070856,53.513768],[-10.069511,53.512489],[-10.062976,53.510601],[-10.059268,53.510416],[-10.054814,53.511614],[-10.053902,53.509406],[-10.051517,53.508133],[-10.047356,53.51141],[-10.043083,53.51102],[-10.041923,53.508623],[-10.045192,53.5055],[-10.050517,53.505438],[-10.055399,53.503126],[-10.057988,53.503933],[-10.061791,53.502774],[-10.064597,53.504269],[-10.069181,53.504056],[-10.075805,53.506223],[-10.082911,53.506321],[-10.079739,53.508102],[-10.074577,53.507955],[-10.077876,53.510645],[-10.085387,53.51161],[-10.097144,53.517281],[-10.10265,53.518423],[-10.107552,53.518137],[-10.112135,53.519829],[-10.131526,53.520948],[-10.136258,53.520545],[-10.132833,53.518367],[-10.125276,53.517264],[-10.120338,53.514466],[-10.117551,53.514851],[-10.105088,53.512632],[-10.106991,53.511096],[-10.112144,53.512292],[-10.114338,53.511862],[-10.13113,53.514492],[-10.135018,53.514304],[-10.138468,53.510366],[-10.136213,53.508595],[-10.13136,53.507189],[-10.127268,53.507799],[-10.128952,53.510752],[-10.121841,53.509311],[-10.119416,53.507521],[-10.115108,53.506414],[-10.115037,53.505075],[-10.110862,53.50175],[-10.116785,53.502627],[-10.122136,53.504861],[-10.126387,53.504377],[-10.125989,53.502154],[-10.122036,53.500183],[-10.118539,53.502118],[-10.113224,53.500925],[-10.112116,53.499088],[-10.107597,53.496014],[-10.097482,53.496402],[-10.094808,53.495606],[-10.091494,53.496719],[-10.087441,53.496336],[-10.079784,53.49421],[-10.074578,53.492071],[-10.069407,53.490709],[-10.0641,53.491365],[-10.059922,53.490369],[-10.055557,53.487307],[-10.048901,53.485033],[-10.043025,53.485499],[-10.030765,53.484447],[-10.028385,53.486716],[-10.025943,53.484501],[-10.028472,53.482853],[-10.031416,53.483259],[-10.042539,53.482569],[-10.045985,53.480902],[-10.043383,53.477726],[-10.041124,53.477436],[-10.037307,53.473954],[-10.033607,53.473038],[-10.029269,53.47314],[-10.023307,53.474807],[-10.019648,53.473894],[-10.019969,53.471068],[-10.017684,53.468123],[-10.019933,53.467214],[-10.0341,53.470728],[-10.038596,53.472264],[-10.044409,53.473048],[-10.050977,53.474792],[-10.056007,53.480596],[-10.0605,53.482043],[-10.06878,53.483445],[-10.075385,53.486059],[-10.077487,53.488131],[-10.083397,53.488948],[-10.08557,53.486722],[-10.089386,53.486599],[-10.090478,53.483194],[-10.094022,53.482066],[-10.098478,53.481948],[-10.100201,53.479874],[-10.093706,53.478883],[-10.092898,53.47753],[-10.084083,53.475314],[-10.079994,53.472253],[-10.086922,53.470225],[-10.08946,53.470303],[-10.091842,53.468234],[-10.087252,53.46626],[-10.085004,53.467612],[-10.082466,53.465781],[-10.075677,53.467608],[-10.065796,53.463415],[-10.059259,53.462456],[-10.054255,53.463246],[-10.050401,53.462869],[-10.048016,53.464379],[-10.034328,53.461306],[-10.034274,53.459956],[-10.041485,53.459518],[-10.044282,53.45783],[-10.051818,53.457459],[-10.055567,53.458841],[-10.058028,53.457159],[-10.059107,53.453682],[-10.061824,53.451786],[-10.061645,53.446615],[-10.064481,53.441403],[-10.06956,53.442716],[-10.07235,53.441649],[-10.071137,53.439491],[-10.074954,53.438394],[-10.081246,53.442471],[-10.083119,53.442611],[-10.083744,53.438627],[-10.087369,53.436339],[-10.089826,53.437044],[-10.089679,53.442633],[-10.093082,53.442798],[-10.096399,53.44502],[-10.094562,53.447145],[-10.100535,53.450614],[-10.105822,53.44949],[-10.110012,53.449544],[-10.110736,53.45208],[-10.120842,53.451455],[-10.127706,53.455166],[-10.127788,53.457218],[-10.134992,53.455853],[-10.133006,53.451296],[-10.136384,53.450025],[-10.1403,53.446734],[-10.138438,53.444897],[-10.13959,53.44247],[-10.14421,53.44025],[-10.147356,53.443419],[-10.149594,53.442294],[-10.152006,53.437696],[-10.155133,53.434639],[-10.159812,53.432708],[-10.165411,53.432029],[-10.162868,53.428783],[-10.169538,53.4244],[-10.173729,53.418699],[-10.178354,53.417085],[-10.182818,53.413803],[-10.180982,53.411245],[-10.177373,53.411399],[-10.173375,53.412736],[-10.166444,53.41393],[-10.163805,53.415717],[-10.160046,53.4167],[-10.157067,53.415926],[-10.151636,53.420562],[-10.147494,53.419627],[-10.140579,53.416285],[-10.137191,53.409848],[-10.134446,53.409857],[-10.130641,53.407357],[-10.127542,53.407472],[-10.126482,53.403772],[-10.123113,53.403301],[-10.120019,53.401169],[-10.117854,53.401378],[-10.116982,53.405089],[-10.120442,53.405955],[-10.120687,53.407521],[-10.115868,53.410142],[-10.115836,53.412365],[-10.109088,53.413588],[-10.108966,53.4112],[-10.105532,53.409927],[-10.097992,53.411836],[-10.097987,53.412979],[-10.090638,53.414639],[-10.086137,53.413834],[-10.086123,53.412069],[-10.083009,53.410768],[-10.077985,53.413081],[-10.077859,53.416336],[-10.079302,53.417293],[-10.072497,53.421514],[-10.066731,53.419545],[-10.064237,53.416173],[-10.052291,53.414529],[-10.04898,53.412427],[-10.043811,53.412642],[-10.035014,53.408055],[-10.033946,53.403865],[-10.036698,53.400645],[-10.034427,53.394736],[-10.036396,53.392561],[-10.034743,53.390412],[-10.029993,53.388374],[-10.029152,53.385949],[-10.025428,53.385425],[-10.016933,53.386081],[-10.015438,53.382224],[-10.011053,53.380453],[-10.008546,53.380936],[-10.00496,53.383327],[-10.000605,53.383155],[-9.998668,53.381546],[-9.989465,53.379461],[-9.984142,53.380057],[-9.973997,53.38376],[-9.965951,53.382693],[-9.962697,53.379109],[-9.9662,53.376757],[-9.969438,53.378236],[-9.974699,53.377202],[-9.976221,53.373995],[-9.972664,53.371339],[-9.967232,53.373606],[-9.961721,53.370359],[-9.961143,53.368066],[-9.957364,53.367581],[-9.952253,53.368886],[-9.951211,53.370597],[-9.954451,53.371717],[-9.961406,53.372792],[-9.96091,53.3762],[-9.955798,53.38031],[-9.951687,53.381256],[-9.949776,53.379525],[-9.946127,53.379582],[-9.942028,53.378014],[-9.934048,53.379442],[-9.929988,53.382594],[-9.926187,53.383155],[-9.922585,53.385516],[-9.917299,53.38738],[-9.915673,53.389719],[-9.915447,53.392599],[-9.919054,53.396743],[-9.918174,53.401946],[-9.91993,53.405758],[-9.916211,53.408584],[-9.916382,53.413963],[-9.914213,53.415969],[-9.911479,53.415008],[-9.908773,53.41916],[-9.902431,53.420141],[-9.900144,53.421262],[-9.901246,53.423223],[-9.896946,53.424914],[-9.894087,53.423866],[-9.893643,53.422115],[-9.897476,53.421035],[-9.893985,53.419109],[-9.894116,53.41784],[-9.884901,53.415315],[-9.880018,53.417203],[-9.87763,53.41951],[-9.872383,53.421773],[-9.863082,53.422744],[-9.860987,53.429154],[-9.86843,53.434099],[-9.866646,53.435767],[-9.862298,53.433133],[-9.852088,53.43407],[-9.850925,53.431561],[-9.845271,53.429757],[-9.838389,53.429939],[-9.836739,53.426927],[-9.833174,53.426031],[-9.826763,53.425619],[-9.831382,53.421639],[-9.833547,53.420896],[-9.839935,53.422154],[-9.841733,53.425151],[-9.845193,53.424462],[-9.846982,53.425562],[-9.852758,53.425828],[-9.853316,53.424332],[-9.848027,53.420483],[-9.850941,53.419012],[-9.857934,53.418479],[-9.862332,53.420727],[-9.864132,53.417593],[-9.870951,53.418181],[-9.885917,53.412307],[-9.887651,53.407806],[-9.879921,53.404298],[-9.88171,53.401567],[-9.879366,53.398967],[-9.882082,53.393328],[-9.878017,53.392457],[-9.875707,53.392995],[-9.869097,53.391008],[-9.865352,53.387873],[-9.861221,53.389457],[-9.860111,53.392911],[-9.860526,53.395622],[-9.86276,53.396999],[-9.862863,53.401437],[-9.858497,53.403423],[-9.85366,53.403071],[-9.851783,53.400267],[-9.853644,53.397228],[-9.855736,53.395907],[-9.851314,53.393858],[-9.844153,53.396606],[-9.844993,53.399852],[-9.848151,53.401352],[-9.846809,53.404687],[-9.841018,53.404741],[-9.836816,53.406054],[-9.834371,53.40817],[-9.833256,53.411594],[-9.829472,53.413076],[-9.828733,53.416259],[-9.821228,53.418445],[-9.813472,53.417142],[-9.810227,53.419041],[-9.8003,53.417974],[-9.797035,53.41632],[-9.798342,53.413078],[-9.80162,53.412617],[-9.805204,53.413589],[-9.816956,53.41203],[-9.821156,53.411069],[-9.8218,53.406915],[-9.817339,53.404339],[-9.815642,53.401102],[-9.811336,53.401469],[-9.809863,53.402593],[-9.80426,53.40381],[-9.800706,53.406758],[-9.791129,53.407788],[-9.78695,53.406047],[-9.793369,53.4049],[-9.796017,53.40316],[-9.796788,53.400137],[-9.80031,53.398211],[-9.799704,53.395276],[-9.79077,53.394517],[-9.787388,53.391778],[-9.792807,53.390985],[-9.795315,53.386763],[-9.797326,53.387371],[-9.806123,53.386508],[-9.815099,53.381072],[-9.816981,53.377657],[-9.820254,53.375995],[-9.823308,53.376325],[-9.823885,53.378332],[-9.828239,53.379688],[-9.83762,53.379226],[-9.835956,53.376865],[-9.839908,53.375722],[-9.840292,53.374392],[-9.848107,53.373433],[-9.854413,53.374201],[-9.862348,53.371151],[-9.867038,53.367893],[-9.868783,53.369359],[-9.87437,53.369762],[-9.882119,53.369578],[-9.889529,53.368175],[-9.892253,53.3637],[-9.890804,53.361128],[-9.886488,53.359649],[-9.888213,53.357675],[-9.89122,53.357191],[-9.89525,53.354903],[-9.894156,53.352841],[-9.890731,53.353296],[-9.886458,53.351932],[-9.879816,53.355398],[-9.876277,53.356343],[-9.875314,53.352071],[-9.877126,53.350208],[-9.882052,53.34947],[-9.885967,53.348083],[-9.88152,53.341893],[-9.884553,53.339146],[-9.89197,53.341989],[-9.898456,53.338301],[-9.900021,53.336709],[-9.898262,53.334927],[-9.898917,53.332653],[-9.897399,53.330282],[-9.89879,53.328793],[-9.903321,53.328193],[-9.905811,53.326868],[-9.905943,53.323862],[-9.898916,53.32078],[-9.897916,53.318512],[-9.893306,53.318082],[-9.887369,53.320498],[-9.888238,53.317645],[-9.8862,53.314566],[-9.880065,53.31155],[-9.864972,53.314469],[-9.865827,53.317319],[-9.863303,53.319688],[-9.862604,53.32347],[-9.865128,53.325332],[-9.867113,53.330665],[-9.865117,53.331832],[-9.854681,53.325087],[-9.855858,53.320125],[-9.8463,53.321248],[-9.844361,53.323246],[-9.838859,53.323436],[-9.839264,53.319783],[-9.835473,53.317087],[-9.836119,53.314391],[-9.833799,53.313696],[-9.835208,53.312953],[-9.833805,53.311529],[-9.829426,53.311309],[-9.825963,53.313672],[-9.825504,53.310071],[-9.822868,53.308818],[-9.817373,53.310475],[-9.819264,53.313478],[-9.818737,53.316037],[-9.822587,53.320206],[-9.817864,53.320555],[-9.815465,53.322427],[-9.812156,53.319659],[-9.813882,53.316795],[-9.815086,53.312356],[-9.813532,53.308346],[-9.809708,53.30914],[-9.808118,53.307608],[-9.796809,53.304483],[-9.792814,53.303855],[-9.786947,53.299465],[-9.783208,53.301526],[-9.780655,53.30118],[-9.780135,53.295744],[-9.774454,53.292134],[-9.771191,53.293881],[-9.773214,53.297377],[-9.774108,53.300862],[-9.770027,53.301108],[-9.769826,53.302728],[-9.762964,53.305795],[-9.758379,53.306584],[-9.756323,53.305675],[-9.749446,53.308098],[-9.74306,53.308322],[-9.743097,53.306156],[-9.739682,53.305984],[-9.732599,53.309493],[-9.730066,53.313701],[-9.731224,53.315887],[-9.731228,53.320092],[-9.734167,53.322162],[-9.731681,53.322965],[-9.732427,53.325565],[-9.728211,53.325769],[-9.72128,53.327533],[-9.719441,53.329418],[-9.718832,53.332635],[-9.714213,53.331965],[-9.709295,53.333727],[-9.708954,53.335805],[-9.714481,53.33688],[-9.713339,53.341664],[-9.704104,53.346863],[-9.698183,53.352298],[-9.699253,53.356427],[-9.70917,53.356185],[-9.713927,53.357736],[-9.710579,53.359557],[-9.709304,53.357555],[-9.703145,53.356837],[-9.694707,53.357876],[-9.696673,53.360181],[-9.692048,53.361569],[-9.687219,53.364085],[-9.68263,53.363939],[-9.68,53.366063],[-9.675964,53.36755],[-9.671115,53.367862],[-9.668172,53.370064],[-9.664345,53.370679],[-9.662797,53.372229],[-9.662749,53.374962],[-9.664705,53.377711],[-9.657372,53.380286],[-9.655468,53.383685],[-9.657071,53.386276],[-9.648387,53.387717],[-9.644207,53.386343],[-9.637995,53.388471],[-9.638201,53.386224],[-9.63533,53.384754],[-9.636345,53.382807],[-9.639675,53.380908],[-9.640115,53.376226],[-9.636942,53.376981],[-9.634628,53.379674],[-9.630064,53.380757],[-9.625345,53.37728],[-9.62863,53.376078],[-9.636835,53.374453],[-9.634029,53.370154],[-9.63545,53.367717],[-9.634597,53.364956],[-9.631226,53.36393],[-9.626692,53.361316],[-9.633479,53.359494],[-9.64614,53.353069],[-9.643443,53.352598],[-9.642794,53.349955],[-9.638502,53.348347],[-9.635011,53.349113],[-9.625956,53.348844],[-9.623738,53.346538],[-9.627103,53.345847],[-9.627818,53.343794],[-9.6345,53.341675],[-9.637573,53.342152],[-9.642471,53.340143],[-9.651027,53.343937],[-9.653782,53.342812],[-9.658665,53.342704],[-9.664409,53.339499],[-9.655987,53.335886],[-9.648288,53.335825],[-9.646707,53.333662],[-9.641873,53.331117],[-9.632793,53.332928],[-9.629271,53.330036],[-9.624833,53.330181],[-9.62211,53.331791],[-9.620677,53.33422],[-9.614736,53.333616],[-9.611839,53.332668],[-9.605831,53.335576],[-9.594876,53.336628],[-9.596062,53.338093],[-9.594279,53.340179],[-9.600678,53.346045],[-9.605395,53.34723],[-9.609978,53.345814],[-9.614682,53.346181],[-9.61264,53.34852],[-9.60914,53.35041],[-9.607164,53.348687],[-9.603133,53.35141],[-9.602542,53.354644],[-9.603041,53.359824],[-9.602306,53.363188],[-9.600124,53.364655],[-9.600991,53.367465],[-9.604659,53.369717],[-9.607677,53.36974],[-9.608493,53.373857],[-9.612341,53.376089],[-9.613446,53.379038],[-9.606566,53.383086],[-9.604261,53.382272],[-9.602106,53.37842],[-9.599698,53.378214],[-9.59643,53.38086],[-9.589181,53.381231],[-9.585575,53.379984],[-9.580761,53.380689],[-9.578745,53.378427],[-9.575771,53.380656],[-9.578165,53.382346],[-9.57667,53.385057],[-9.584,53.387244],[-9.580467,53.38819],[-9.574853,53.392572],[-9.577393,53.39549],[-9.567654,53.395549],[-9.5638,53.397546],[-9.562415,53.401047],[-9.556326,53.402662],[-9.553631,53.40168],[-9.548456,53.401534],[-9.547626,53.399757],[-9.553343,53.397645],[-9.557778,53.396889],[-9.56241,53.399767],[-9.564302,53.396092],[-9.559607,53.394515],[-9.552046,53.395105],[-9.549814,53.393493],[-9.552992,53.391739],[-9.559751,53.390392],[-9.561377,53.392018],[-9.56991,53.393567],[-9.5757,53.391096],[-9.575273,53.388229],[-9.572812,53.385849],[-9.576041,53.385453],[-9.577399,53.38331],[-9.574508,53.381601],[-9.575006,53.380179],[-9.569723,53.379728],[-9.566517,53.383056],[-9.562502,53.384488],[-9.555251,53.383403],[-9.55044,53.381133],[-9.557552,53.379402],[-9.556963,53.376899],[-9.560208,53.37639],[-9.563483,53.377308],[-9.574053,53.378107],[-9.578103,53.376516],[-9.580354,53.373801],[-9.583881,53.372919],[-9.58936,53.372765],[-9.593445,53.373399],[-9.596313,53.370901],[-9.593328,53.370236],[-9.593719,53.367793],[-9.598165,53.363953],[-9.598814,53.362194],[-9.595991,53.358614],[-9.589708,53.356214],[-9.585954,53.352985],[-9.582278,53.352762],[-9.581494,53.355267],[-9.578155,53.355719],[-9.580047,53.349543],[-9.578117,53.345982],[-9.574778,53.348299],[-9.574216,53.350481],[-9.57177,53.351381],[-9.565277,53.348045],[-9.562128,53.347985],[-9.559405,53.344092],[-9.552067,53.343758],[-9.549077,53.345083],[-9.547315,53.342791],[-9.552221,53.341527],[-9.560008,53.33685],[-9.561414,53.331344],[-9.564575,53.328462],[-9.561577,53.324498],[-9.559964,53.323784],[-9.556824,53.319834],[-9.55219,53.31827],[-9.5562,53.312577],[-9.555467,53.312352],[-9.555966,53.311757],[-9.555062,53.311587],[-9.555913,53.310619],[-9.556542,53.308104],[-9.555852,53.3056],[-9.556442,53.303832],[-9.558134,53.299545],[-9.555895,53.299273],[-9.553748,53.295522],[-9.551595,53.295595],[-9.550371,53.298677],[-9.540061,53.300466],[-9.538338,53.303267],[-9.529503,53.303089],[-9.527751,53.305531],[-9.527839,53.307689],[-9.520145,53.309763],[-9.519209,53.312788],[-9.512864,53.314047],[-9.508607,53.319651],[-9.503252,53.322103],[-9.504451,53.324293],[-9.498623,53.330795],[-9.495846,53.330627],[-9.494443,53.333131],[-9.495745,53.334293],[-9.491331,53.337109],[-9.488923,53.341779],[-9.490673,53.344186],[-9.478502,53.343417],[-9.473457,53.34612],[-9.472992,53.349413],[-9.469546,53.350933],[-9.474377,53.358421],[-9.467105,53.363626],[-9.461243,53.359116],[-9.45531,53.356527],[-9.453688,53.353486],[-9.454657,53.352431],[-9.450964,53.350456],[-9.443343,53.347574],[-9.438181,53.34991],[-9.435781,53.349286],[-9.430744,53.351506],[-9.423994,53.356586],[-9.423034,53.358419],[-9.419379,53.360978],[-9.419219,53.366944],[-9.421508,53.370302],[-9.416276,53.373351],[-9.408836,53.369984],[-9.406344,53.366361],[-9.407508,53.365231],[-9.393238,53.360384],[-9.392948,53.357343],[-9.388924,53.358981],[-9.38572,53.359293],[-9.379952,53.357671],[-9.375124,53.357899],[-9.368485,53.361653],[-9.362244,53.362217],[-9.359086,53.361222],[-9.353903,53.362492],[-9.355366,53.364684],[-9.354501,53.369253],[-9.353047,53.371326],[-9.353049,53.375956],[-9.348791,53.377811],[-9.34228,53.378614],[-9.336383,53.38022],[-9.331188,53.380179],[-9.325411,53.375877],[-9.324314,53.372237],[-9.320735,53.370666],[-9.306956,53.369035],[-9.303718,53.367152],[-9.299094,53.367169],[-9.293418,53.369059],[-9.290774,53.367637],[-9.285541,53.367594],[-9.283886,53.365068],[-9.283758,53.361344],[-9.279488,53.361116],[-9.272643,53.362738],[-9.26686,53.366764],[-9.261161,53.367623],[-9.25475,53.371417],[-9.251019,53.374415],[-9.248367,53.373983],[-9.243466,53.376435],[-9.242554,53.378111],[-9.24469,53.380654],[-9.239053,53.381477],[-9.235988,53.37881],[-9.230005,53.377418],[-9.222534,53.372581],[-9.21357,53.37314],[-9.206564,53.370783],[-9.203239,53.37361],[-9.199008,53.374904],[-9.200893,53.378608],[-9.198442,53.380309],[-9.191637,53.377896],[-9.186302,53.378249],[-9.177444,53.374591],[-9.166036,53.374909],[-9.162365,53.375408],[-9.155771,53.378418],[-9.15579,53.381582],[-9.152682,53.386959],[-9.146323,53.385822],[-9.142338,53.38647],[-9.105284,53.386598],[-9.101928,53.402981],[-9.119717,53.410013],[-9.122223,53.422988],[-9.13284,53.425695],[-9.14551,53.423567],[-9.185138,53.425452],[-9.214161,53.443908],[-9.239845,53.444791],[-9.259963,53.449704],[-9.266299,53.468988],[-9.236584,53.480245]]],[[[-10.213501,53.62908],[-10.221719,53.631346],[-10.223832,53.628925],[-10.227595,53.626722],[-10.230346,53.627704],[-10.232506,53.626254],[-10.232873,53.623417],[-10.230176,53.621469],[-10.233485,53.62037],[-10.243103,53.622384],[-10.244677,53.625503],[-10.244935,53.628755],[-10.246776,53.631155],[-10.251718,53.629889],[-10.251024,53.628735],[-10.255941,53.627304],[-10.260135,53.623387],[-10.25806,53.619652],[-10.255758,53.618304],[-10.24393,53.615653],[-10.232384,53.6121],[-10.228952,53.613898],[-10.223472,53.613957],[-10.219242,53.612789],[-10.210809,53.613684],[-10.205515,53.613632],[-10.203721,53.610352],[-10.210111,53.610562],[-10.206952,53.60773],[-10.201013,53.607813],[-10.193828,53.60612],[-10.18501,53.609276],[-10.1819,53.614616],[-10.1787,53.617355],[-10.180109,53.619418],[-10.187691,53.620571],[-10.189503,53.623806],[-10.18807,53.625578],[-10.183956,53.625223],[-10.178985,53.626949],[-10.178179,53.630912],[-10.180428,53.632346],[-10.184302,53.631841],[-10.187096,53.633257],[-10.195642,53.634024],[-10.196532,53.636365],[-10.203733,53.636523],[-10.2083,53.63461],[-10.206945,53.630398],[-10.204833,53.629561],[-10.206601,53.626621],[-10.213501,53.62908]]],[[[-9.890241,53.399957],[-9.892501,53.401583],[-9.897706,53.403399],[-9.904105,53.404094],[-9.896531,53.405909],[-9.898041,53.41103],[-9.897782,53.414916],[-9.901002,53.416342],[-9.904282,53.416458],[-9.90768,53.415351],[-9.906109,53.411853],[-9.909594,53.410655],[-9.90649,53.408443],[-9.906768,53.40486],[-9.909691,53.402588],[-9.90755,53.401793],[-9.908364,53.398556],[-9.906106,53.397716],[-9.906866,53.393997],[-9.902745,53.393916],[-9.905985,53.390585],[-9.903146,53.388095],[-9.903317,53.384241],[-9.906325,53.382209],[-9.905496,53.378912],[-9.902046,53.375798],[-9.897734,53.375326],[-9.893879,53.375821],[-9.890584,53.377666],[-9.888633,53.381195],[-9.894224,53.38595],[-9.90009,53.389003],[-9.902815,53.391155],[-9.900604,53.39297],[-9.896185,53.391353],[-9.891551,53.391389],[-9.887189,53.392895],[-9.886895,53.395326],[-9.89035,53.396368],[-9.890241,53.399957]]],[[[-10.27562,53.605404],[-10.272197,53.604222],[-10.263783,53.605264],[-10.262512,53.607202],[-10.26353,53.609045],[-10.268737,53.613286],[-10.274146,53.613808],[-10.28334,53.616634],[-10.286247,53.618942],[-10.294592,53.61354],[-10.29199,53.610701],[-10.296563,53.607493],[-10.298687,53.605151],[-10.301573,53.603919],[-10.301973,53.60212],[-10.297202,53.599842],[-10.289133,53.604083],[-10.287153,53.607091],[-10.283991,53.607525],[-10.281456,53.605402],[-10.27562,53.605404]]],[[[-9.862074,53.310802],[-9.871609,53.304726],[-9.869265,53.303131],[-9.866409,53.304452],[-9.864375,53.299881],[-9.861432,53.299475],[-9.856638,53.300479],[-9.850475,53.299833],[-9.850346,53.29041],[-9.846451,53.291394],[-9.842754,53.288504],[-9.83715,53.291445],[-9.839979,53.293015],[-9.842388,53.298159],[-9.84282,53.30078],[-9.845566,53.306204],[-9.850578,53.305168],[-9.851139,53.307603],[-9.848196,53.310695],[-9.851858,53.311324],[-9.854533,53.314208],[-9.858117,53.311884],[-9.862074,53.310802]]],[[[-10.156979,53.537473],[-10.163428,53.538726],[-10.165239,53.537025],[-10.169414,53.536303],[-10.180952,53.536036],[-10.181471,53.534896],[-10.176512,53.533875],[-10.17299,53.529962],[-10.165557,53.529412],[-10.165764,53.527922],[-10.173743,53.526698],[-10.170116,53.52309],[-10.165865,53.522841],[-10.158154,53.524131],[-10.152856,53.52668],[-10.148914,53.527233],[-10.151154,53.533162],[-10.153908,53.537131],[-10.156979,53.537473]]],[[[-9.671213,53.321055],[-9.676779,53.321445],[-9.684905,53.319654],[-9.683698,53.315569],[-9.68173,53.31498],[-9.676057,53.316797],[-9.673776,53.318584],[-9.671211,53.317112],[-9.660984,53.317622],[-9.662326,53.321529],[-9.664224,53.322587],[-9.669316,53.322455],[-9.671213,53.321055]]],[[[-9.807252,53.300542],[-9.810829,53.300589],[-9.814871,53.298547],[-9.818545,53.295101],[-9.819985,53.291231],[-9.822128,53.289877],[-9.81974,53.28771],[-9.815468,53.290735],[-9.813557,53.294124],[-9.811226,53.295797],[-9.803811,53.296995],[-9.803046,53.300468],[-9.807252,53.300542]]],[[[-10.148157,53.503589],[-10.158964,53.502183],[-10.158719,53.497967],[-10.146889,53.498324],[-10.143101,53.501792],[-10.148157,53.503589]]],[[[-9.979307,53.327046],[-9.974321,53.324065],[-9.973041,53.320383],[-9.967606,53.323486],[-9.964385,53.327999],[-9.968085,53.3295],[-9.975584,53.329269],[-9.979307,53.327046]]],[[[-10.148097,53.509935],[-10.144658,53.511312],[-10.146794,53.513962],[-10.149561,53.513624],[-10.151774,53.515342],[-10.157176,53.514388],[-10.157748,53.509883],[-10.15957,53.507016],[-10.153082,53.507183],[-10.148097,53.509935]]],[[[-9.932512,53.37338],[-9.930221,53.371302],[-9.931747,53.366306],[-9.923627,53.367421],[-9.921181,53.373274],[-9.923724,53.37604],[-9.929497,53.37547],[-9.932512,53.37338]]],[[[-9.588229,53.34713],[-9.595864,53.346988],[-9.591996,53.338346],[-9.588846,53.339874],[-9.590002,53.341298],[-9.585997,53.343687],[-9.585406,53.346657],[-9.588229,53.34713]]],[[[-9.884918,53.299009],[-9.882296,53.299005],[-9.880837,53.303033],[-9.888467,53.302953],[-9.893895,53.300272],[-9.894856,53.298309],[-9.892422,53.296998],[-9.888643,53.296913],[-9.884918,53.299009]]],[[[-10.250435,53.548936],[-10.253487,53.547914],[-10.256713,53.548737],[-10.261777,53.546751],[-10.2639,53.543751],[-10.262649,53.542048],[-10.258338,53.542234],[-10.257023,53.544045],[-10.247388,53.54817],[-10.250435,53.548936]]],[[[-9.66032,53.355068],[-9.662309,53.353867],[-9.663791,53.349757],[-9.654101,53.352312],[-9.651141,53.352239],[-9.64971,53.355004],[-9.6573,53.356484],[-9.66032,53.355068]]],[[[-10.218274,53.526058],[-10.224707,53.526123],[-10.227421,53.523633],[-10.220933,53.522196],[-10.209114,53.523616],[-10.209003,53.524806],[-10.212902,53.52633],[-10.218274,53.526058]]],[[[-10.177385,53.612968],[-10.173701,53.610384],[-10.164331,53.610481],[-10.161283,53.61167],[-10.164686,53.613204],[-10.174878,53.613775],[-10.177385,53.612968]]],[[[-9.665929,53.350632],[-9.669699,53.353665],[-9.674901,53.354208],[-9.679023,53.351783],[-9.67786,53.349349],[-9.672047,53.350333],[-9.66655,53.349381],[-9.665929,53.350632]]],[[[-9.840451,53.307111],[-9.834249,53.307113],[-9.831172,53.310356],[-9.833193,53.311473],[-9.835344,53.311467],[-9.837828,53.311966],[-9.839275,53.313815],[-9.84277,53.308107],[-9.840451,53.307111]]],[[[-10.127519,53.626039],[-10.125731,53.62742],[-10.129482,53.628925],[-10.134177,53.628245],[-10.142396,53.629314],[-10.144858,53.62785],[-10.143057,53.626341],[-10.127519,53.626039]]],[[[-9.99815,53.623334],[-9.999517,53.626172],[-10.004906,53.627206],[-10.004438,53.623357],[-9.999158,53.619754],[-9.996696,53.621474],[-9.99815,53.623334]]],[[[-9.590961,53.349623],[-9.591288,53.352702],[-9.594704,53.354955],[-9.599111,53.355337],[-9.600924,53.352757],[-9.597253,53.352115],[-9.593451,53.348316],[-9.590961,53.349623]]],[[[-9.917905,53.303349],[-9.916263,53.30512],[-9.919307,53.307409],[-9.924951,53.307454],[-9.92614,53.306536],[-9.923181,53.303556],[-9.917905,53.303349]]],[[[-10.041832,53.579291],[-10.048018,53.579882],[-10.045102,53.577313],[-10.040341,53.575214],[-10.039487,53.578438],[-10.041832,53.579291]]],[[[-9.90602,53.353243],[-9.908333,53.352117],[-9.909291,53.349804],[-9.902717,53.350119],[-9.901026,53.352948],[-9.90602,53.353243]]],[[[-9.790578,53.272284],[-9.790207,53.274191],[-9.7936,53.275904],[-9.796471,53.272889],[-9.793518,53.270868],[-9.790578,53.272284]]],[[[-10.226378,53.399765],[-10.235792,53.400567],[-10.234477,53.398478],[-10.229769,53.396746],[-10.226378,53.399765]]],[[[-9.830035,53.395818],[-9.830639,53.394657],[-9.823492,53.393472],[-9.822134,53.396469],[-9.826641,53.396945],[-9.830035,53.395818]]],[[[-9.986703,53.565751],[-9.993566,53.567256],[-9.994998,53.565169],[-9.989861,53.563863],[-9.986703,53.565751]]],[[[-10.061353,53.607342],[-10.061827,53.609377],[-10.068667,53.610443],[-10.067465,53.60719],[-10.061353,53.607342]]],[[[-10.26146,53.59812],[-10.265272,53.598492],[-10.266875,53.597024],[-10.261973,53.595627],[-10.26146,53.59812]]],[[[-10.216542,53.610691],[-10.21647,53.609086],[-10.213079,53.606975],[-10.209698,53.607491],[-10.212891,53.610112],[-10.216542,53.610691]]],[[[-10.230142,53.550244],[-10.234151,53.547569],[-10.230111,53.547084],[-10.227608,53.549516],[-10.230142,53.550244]]],[[[-10.169072,53.435602],[-10.171393,53.435665],[-10.177476,53.433331],[-10.177159,53.431623],[-10.169072,53.435602]]],[[[-9.827582,53.273195],[-9.822659,53.274168],[-9.824091,53.276435],[-9.828303,53.274668],[-9.827582,53.273195]]],[[[-9.809681,53.398047],[-9.81221,53.396121],[-9.808661,53.395248],[-9.805669,53.398286],[-9.809681,53.398047]]],[[[-10.125905,53.393465],[-10.12198,53.3947],[-10.125325,53.396473],[-10.125905,53.393465]]]]}},
{"type":"Feature","id":"IRL:ADM2:IE-C.conamara-south-lea-5","properties":{"shapeName":"CONAMARA SOUTH LEA-5","shapeISO":"","shapeGroup":"IRL","shapeType":"ADM2","adm1ISO":"IE-C","parentISO":"IE-C","parentID":"IRL:ADM1:IE-C","src_shape_id":"5873133B18707060070656"},"geometry":{"type":"MultiPolygon","coordinates":[[[[-9.105284,53.386598],[-9.142338,53.38647],[-9.146323,53.385822],[-9.152682,53.386959],[-9.15579,53.381582],[-9.155771,53.378418],[-9.162365,53.375408],[-9.166036,53.374909],[-9.177444,53.374591],[-9.186302,53.378249],[-9.191637,53.377896],[-9.198442,53.380309],[-9.200893,53.378608],[-9.199008,53.374904],[-9.203239,53.37361],[-9.206564,53.370783],[-9.21357,53.37314],[-9.222534,53.372581],[-9.230005,53.377418],[-9.235988,53.37881],[-9.239053,53.381477],[-9.24469,53.380654],[-9.242554,53.378111],[-9.243466,53.376435],[-9.248367,53.373983],[-9.251019,53.374415],[-9.25475,53.371417],[-9.261161,53.367623],[-9.26686,53.366764],[-9.272643,53.362738],[-9.279488,53.361116],[-9.283758,53.361344],[-9.283886,53.365068],[-9.285541,53.367594],[-9.290774,53.367637],[-9.293418,53.369059],[-9.299094,53.367169],[-9.303718,53.367152],[-9.306956,53.369035],[-9.320735,53.370666],[-9.324314,53.372237],[-9.325411,53.375877],[-9.331188,53.380179],[-9.336383,53.38022],[-9.34228,53.378614],[-9.348791,53.377811],[-9.353049,53.375956],[-9.353047,53.371326],[-9.354501,53.369253],[-9.355366,53.364684],[-9.353903,53.362492],[-9.359086,53.361222],[-9.362244,53.362217],[-9.368485,53.361653],[-9.375124,53.357899],[-9.379952,53.357671],[-9.38572,53.359293],[-9.388924,53.358981],[-9.392948,53.357343],[-9.393238,53.360384],[-9.407508,53.365231],[-9.406344,53.366361],[-9.408836,53.369984],[-9.416276,53.373351],[-9.421508,53.370302],[-9.419219,53.366944],[-9.419379,53.360978],[-9.423034,53.358419],[-9.423994,53.356586],[-9.430744,53.351506],[-9.435781,53.349286],[-9.438181,53.34991],[-9.443343,53.347574],[-9.450964,53.350456],[-9.454657,53.352431],[-9.453688,53.353486],[-9.45531,53.356527],[-9.461243,53.359116],[-9.467105,53.363626],[-9.474377,53.358421],[-9.469546,53.350933],[-9.472992,53.349413],[-9.473457,53.34612],[-9.478502,53.343417],[-9.490673,53.344186],[-9.488923,53.341779],[-9.491331,53.337109],[-9.495745,53.334293],[-9.494443,53.333131],[-9.495846,53.330627],[-9.498623,53.330795],[-9.504451,53.324293],[-9.503252,53.322103],[-9.508607,53.319651],[-9.512864,53.314047],[-9.519209,53.312788],[-9.520145,53.309763],[-9.527839,53.307689],[-9.527751,53.305531],[-9.529503,53.303089],[-9.538338,53.303267],[-9.540061,53.300466],[-9.550371,53.298677],[-9.551595,53.295595],[-9.553748,53.295522],[-9.555895,53.299273],[-9.558134,53.299545],[-9.556442,53.303832],[-9.556814,53.308008],[-9.555659,53.311402],[-9.556226,53.311651],[-9.556078,53.312174],[-9.556569,53.312639],[-9.556918,53.314098],[-9.558142,53.32022],[-9.564965,53.322514],[-9.566399,53.324023],[-9.564677,53.326857],[-9.565846,53.32887],[-9.562628,53.331124],[-9.563775,53.333564],[-9.562208,53.335554],[-9.566118,53.340814],[-9.568273,53.344971],[-9.571005,53.346439],[-9.57414,53.342581],[-9.576128,53.342121],[-9.574595,53.339181],[-9.569585,53.337654],[-9.568061,53.335986],[-9.572346,53.332199],[-9.578775,53.331967],[-9.58141,53.330561],[-9.582517,53.32819],[-9.577993,53.327246],[-9.57554,53.32585],[-9.577173,53.318033],[-9.581,53.321198],[-9.587135,53.324126],[-9.585022,53.325271],[-9.586721,53.328022],[-9.59097,53.329044],[-9.596344,53.329373],[-9.600322,53.327986],[-9.611853,53.327653],[-9.615529,53.326345],[-9.618895,53.327092],[-9.622551,53.325588],[-9.621035,53.32352],[-9.621705,53.320947],[-9.624268,53.320614],[-9.625191,53.318512],[-9.623125,53.315728],[-9.619651,53.313423],[-9.615418,53.313298],[-9.609606,53.312031],[-9.613734,53.309586],[-9.614542,53.307394],[-9.612834,53.303258],[-9.608525,53.301343],[-9.607336,53.299242],[-9.610384,53.297456],[-9.607813,53.295384],[-9.604334,53.294408],[-9.600161,53.295219],[-9.598482,53.289729],[-9.603224,53.289889],[-9.599408,53.284663],[-9.597978,53.279792],[-9.6001,53.278459],[-9.607399,53.276506],[-9.607076,53.271715],[-9.611188,53.2722],[-9.612164,53.269158],[-9.620284,53.267002],[-9.625623,53.25869],[-9.627798,53.257945],[-9.629008,53.252616],[-9.631262,53.250896],[-9.628713,53.24755],[-9.627857,53.244283],[-9.625987,53.244357],[-9.624599,53.241062],[-9.626599,53.238834],[-9.61737,53.235271],[-9.614314,53.232329],[-9.611007,53.235306],[-9.606157,53.238422],[-9.599764,53.240465],[-9.596341,53.239685],[-9.593866,53.237445],[-9.589927,53.2361],[-9.585046,53.237707],[-9.585258,53.241513],[-9.577735,53.246836],[-9.579436,53.249286],[-9.578564,53.2545],[-9.574238,53.259495],[-9.573591,53.26238],[-9.576036,53.264799],[-9.581198,53.267485],[-9.582006,53.269632],[-9.580892,53.272245],[-9.57705,53.273621],[-9.574696,53.277485],[-9.567537,53.279932],[-9.563872,53.28191],[-9.558266,53.280252],[-9.550219,53.280496],[-9.550129,53.283113],[-9.564158,53.286336],[-9.559394,53.287027],[-9.556521,53.288902],[-9.550287,53.285712],[-9.548403,53.286397],[-9.542744,53.284508],[-9.542802,53.282696],[-9.539856,53.279165],[-9.544384,53.276134],[-9.551555,53.275747],[-9.552765,53.273138],[-9.555833,53.270405],[-9.554743,53.268434],[-9.563249,53.264492],[-9.566305,53.262452],[-9.562123,53.255973],[-9.562707,53.255085],[-9.559185,53.250796],[-9.554358,53.251063],[-9.551298,53.259393],[-9.54729,53.25858],[-9.549584,53.254591],[-9.549753,53.246136],[-9.545362,53.246558],[-9.542496,53.242602],[-9.545263,53.242027],[-9.552502,53.243808],[-9.552552,53.242059],[-9.554942,53.238726],[-9.551306,53.237021],[-9.548158,53.23731],[-9.54651,53.233686],[-9.544192,53.233912],[-9.542002,53.23196],[-9.538142,53.232016],[-9.531646,53.229682],[-9.529832,53.223853],[-9.525828,53.221984],[-9.520752,53.223717],[-9.514533,53.222079],[-9.509752,53.221928],[-9.505,53.224057],[-9.501058,53.224087],[-9.500505,53.225758],[-9.495699,53.224712],[-9.490213,53.225871],[-9.490007,53.228131],[-9.485712,53.22908],[-9.475663,53.228597],[-9.469375,53.225715],[-9.465995,53.226179],[-9.456446,53.232386],[-9.455179,53.233748],[-9.450712,53.233921],[-9.447136,53.232781],[-9.441268,53.234328],[-9.436429,53.234058],[-9.433014,53.232997],[-9.426088,53.233347],[-9.424004,53.234145],[-9.416411,53.235147],[-9.412497,53.234142],[-9.409528,53.235157],[-9.404374,53.233793],[-9.39493,53.234149],[-9.393876,53.235343],[-9.381941,53.236904],[-9.375013,53.237289],[-9.369098,53.240535],[-9.360638,53.242461],[-9.348406,53.240166],[-9.344133,53.240321],[-9.339516,53.238442],[-9.334884,53.239853],[-9.33013,53.240037],[-9.320845,53.23945],[-9.316185,53.240248],[-9.313068,53.239443],[-9.308844,53.242859],[-9.296648,53.244002],[-9.292148,53.242157],[-9.278609,53.243646],[-9.272822,53.242568],[-9.261018,53.244788],[-9.25805,53.244516],[-9.248848,53.245861],[-9.245137,53.245256],[-9.243683,53.246471],[-9.236973,53.24665],[-9.230096,53.247486],[-9.22793,53.249045],[-9.224053,53.249757],[-9.217672,53.245709],[-9.21339,53.246931],[-9.20521,53.247408],[-9.203009,53.246834],[-9.195347,53.246878],[-9.190791,53.246243],[-9.187525,53.246782],[-9.178586,53.245227],[-9.167905,53.246796],[-9.162856,53.245741],[-9.153163,53.248035],[-9.146586,53.25036],[-9.138763,53.24864],[-9.13359,53.250513],[-9.128023,53.251192],[-9.134752,53.258618],[-9.136924,53.264237],[-9.136143,53.268284],[-9.13823,53.272098],[-9.142164,53.274894],[-9.138541,53.279731],[-9.130769,53.283908],[-9.122654,53.282432],[-9.119972,53.281151],[-9.112469,53.282307],[-9.111378,53.287022],[-9.107985,53.287705],[-9.103938,53.293949],[-9.101149,53.296564],[-9.097505,53.297645],[-9.09482,53.296964],[-9.088299,53.303715],[-9.086925,53.302826],[-9.079,53.301668],[-9.075983,53.303855],[-9.077109,53.30811],[-9.071158,53.310489],[-9.069351,53.316057],[-9.066839,53.316255],[-9.064867,53.31899],[-9.06016,53.321833],[-9.059574,53.324653],[-9.056023,53.324729],[-9.053791,53.326274],[-9.049839,53.326535],[-9.050904,53.328442],[-9.049641,53.330175],[-9.094278,53.335273],[-9.104357,53.351444],[-9.095906,53.372234],[-9.105284,53.386598]]],[[[-9.677002,53.133756],[-9.681468,53.132804],[-9.685024,53.13302],[-9.685519,53.135495],[-9.687846,53.138436],[-9.699179,53.138548],[-9.700409,53.140656],[-9.70328,53.141614],[-9.7105,53.141352],[-9.709797,53.13903],[-9.711761,53.137791],[-9.717934,53.137563],[-9.728287,53.13842],[-9.735627,53.137535],[-9.744747,53.134335],[-9.748635,53.130918],[-9.751597,53.131394],[-9.752382,53.13621],[-9.756174,53.139284],[-9.755509,53.142911],[-9.75984,53.147884],[-9.764142,53.148886],[-9.766549,53.14789],[-9.770364,53.150981],[-9.772645,53.148786],[-9.776296,53.148249],[-9.779953,53.148906],[-9.781828,53.151607],[-9.785958,53.151324],[-9.791998,53.152036],[-9.795836,53.15142],[-9.807345,53.151841],[-9.820449,53.146756],[-9.823676,53.145911],[-9.825913,53.143168],[-9.828713,53.142951],[-9.827856,53.140585],[-9.829933,53.138477],[-9.825746,53.136738],[-9.816018,53.13658],[-9.813297,53.135471],[-9.805902,53.135142],[-9.801551,53.133075],[-9.795507,53.133113],[-9.791161,53.130441],[-9.779153,53.129477],[-9.77494,53.12741],[-9.764553,53.124458],[-9.759018,53.125193],[-9.756923,53.123618],[-9.757001,53.121237],[-9.746921,53.121241],[-9.745554,53.118656],[-9.742159,53.116887],[-9.730685,53.115618],[-9.721735,53.113434],[-9.716356,53.112893],[-9.712901,53.111064],[-9.709795,53.107783],[-9.704755,53.107316],[-9.698217,53.107594],[-9.696312,53.108424],[-9.691342,53.1081],[-9.690765,53.105669],[-9.684617,53.104669],[-9.679145,53.100163],[-9.67216,53.098756],[-9.670576,53.096186],[-9.664419,53.095115],[-9.663029,53.092118],[-9.655965,53.090398],[-9.654195,53.089192],[-9.640017,53.088807],[-9.636983,53.092365],[-9.636508,53.096451],[-9.638496,53.099338],[-9.636684,53.10087],[-9.632789,53.100077],[-9.629451,53.105852],[-9.629991,53.108997],[-9.631806,53.111055],[-9.634831,53.107254],[-9.640496,53.104483],[-9.638817,53.10195],[-9.642567,53.100191],[-9.647423,53.099928],[-9.653562,53.101867],[-9.652577,53.104694],[-9.649586,53.105092],[-9.649433,53.107629],[-9.652763,53.107734],[-9.654868,53.109456],[-9.658654,53.106712],[-9.65448,53.104815],[-9.659711,53.104241],[-9.662746,53.105039],[-9.667423,53.108793],[-9.667369,53.11139],[-9.66989,53.112709],[-9.675386,53.1131],[-9.676642,53.11504],[-9.673706,53.117911],[-9.667352,53.119823],[-9.664019,53.119741],[-9.664108,53.121996],[-9.660801,53.125693],[-9.654391,53.126188],[-9.653001,53.128299],[-9.654796,53.131215],[-9.660157,53.132801],[-9.665414,53.131184],[-9.669573,53.131029],[-9.671951,53.132747],[-9.677002,53.133756]]],[[[-9.642941,53.25839],[-9.64413,53.263577],[-9.651901,53.266094],[-9.653976,53.265582],[-9.65681,53.26959],[-9.656818,53.271488],[-9.650152,53.272885],[-9.646963,53.275213],[-9.648637,53.277725],[-9.655013,53.279102],[-9.652093,53.281606],[-9.656364,53.284176],[-9.661883,53.283877],[-9.662565,53.281047],[-9.666489,53.281667],[-9.675372,53.279316],[-9.680455,53.28115],[-9.682944,53.275202],[-9.681455,53.270771],[-9.686576,53.270894],[-9.692414,53.269451],[-9.694605,53.270156],[-9.700926,53.268882],[-9.70155,53.267556],[-9.707508,53.265656],[-9.713864,53.266824],[-9.724012,53.263405],[-9.724055,53.261621],[-9.721533,53.258348],[-9.717527,53.257401],[-9.716235,53.255193],[-9.71233,53.253185],[-9.709888,53.254095],[-9.706588,53.252544],[-9.7035,53.252641],[-9.702989,53.250348],[-9.711219,53.246755],[-9.717279,53.244895],[-9.718264,53.242831],[-9.715019,53.241271],[-9.714597,53.238573],[-9.711414,53.234519],[-9.704084,53.233567],[-9.704329,53.229952],[-9.701792,53.227176],[-9.698591,53.226297],[-9.69397,53.227448],[-9.688999,53.227188],[-9.684645,53.229249],[-9.681253,53.228181],[-9.681548,53.22651],[-9.676353,53.2244],[-9.666466,53.223774],[-9.665532,53.225447],[-9.657654,53.225798],[-9.652984,53.229162],[-9.647858,53.228732],[-9.646391,53.230396],[-9.649404,53.233154],[-9.643319,53.239103],[-9.641904,53.242072],[-9.642737,53.243991],[-9.642872,53.250554],[-9.641993,53.251853],[-9.642941,53.25839]]],[[[-9.613338,53.084084],[-9.61443,53.081235],[-9.617174,53.079173],[-9.615341,53.075303],[-9.617401,53.073926],[-9.620464,53.068027],[-9.617115,53.065372],[-9.607242,53.064976],[-9.600011,53.067232],[-9.591299,53.068603],[-9.579664,53.07126],[-9.576022,53.073085],[-9.576115,53.077444],[-9.575076,53.079598],[-9.569966,53.083235],[-9.564699,53.083914],[-9.562302,53.087556],[-9.565397,53.093062],[-9.564323,53.095855],[-9.566205,53.098918],[-9.568731,53.099436],[-9.570767,53.101503],[-9.575915,53.101972],[-9.579586,53.098937],[-9.584924,53.09846],[-9.586707,53.10037],[-9.591371,53.100306],[-9.596399,53.098594],[-9.60046,53.095102],[-9.59783,53.092896],[-9.601041,53.091318],[-9.603724,53.08867],[-9.613338,53.084084]]],[[[-9.685273,53.309774],[-9.688787,53.308045],[-9.694804,53.30778],[-9.695379,53.306727],[-9.702215,53.304397],[-9.704799,53.304573],[-9.708471,53.301906],[-9.71192,53.297327],[-9.705863,53.293954],[-9.700006,53.292335],[-9.695753,53.292633],[-9.691398,53.29122],[-9.691629,53.287907],[-9.696117,53.288],[-9.699885,53.286986],[-9.704989,53.288103],[-9.707228,53.289824],[-9.709657,53.288526],[-9.706687,53.285869],[-9.701787,53.284155],[-9.694235,53.282754],[-9.690009,53.279649],[-9.684796,53.282012],[-9.687625,53.284401],[-9.686675,53.286393],[-9.676121,53.288224],[-9.673314,53.286178],[-9.660919,53.289397],[-9.657418,53.287879],[-9.650617,53.288369],[-9.648945,53.291653],[-9.642599,53.293003],[-9.640079,53.294782],[-9.636793,53.295502],[-9.632263,53.294904],[-9.631456,53.299025],[-9.636335,53.301607],[-9.645067,53.30422],[-9.651553,53.302003],[-9.65348,53.299973],[-9.658928,53.301899],[-9.6628,53.305418],[-9.666064,53.305193],[-9.667937,53.306801],[-9.671825,53.306995],[-9.675418,53.308672],[-9.679836,53.3086],[-9.685273,53.309774]]],[[[-9.541784,53.065566],[-9.546486,53.062543],[-9.547661,53.058747],[-9.550969,53.054473],[-9.554869,53.052798],[-9.55616,53.049695],[-9.545477,53.048876],[-9.541806,53.049193],[-9.538173,53.046514],[-9.534499,53.047125],[-9.531333,53.045342],[-9.525793,53.045425],[-9.52221,53.049],[-9.516754,53.049423],[-9.507615,53.055054],[-9.502225,53.055158],[-9.501739,53.05947],[-9.504188,53.061323],[-9.503749,53.062821],[-9.508495,53.065083],[-9.513505,53.066439],[-9.518031,53.065677],[-9.521412,53.066055],[-9.524108,53.068274],[-9.528681,53.068944],[-9.534071,53.068341],[-9.538075,53.065917],[-9.541784,53.065566]]],[[[-9.721913,53.247601],[-9.726664,53.247907],[-9.731572,53.249948],[-9.736388,53.246799],[-9.738953,53.247511],[-9.743355,53.247001],[-9.742285,53.243823],[-9.740235,53.242484],[-9.742944,53.240246],[-9.741991,53.237889],[-9.742684,53.235267],[-9.746348,53.23245],[-9.752257,53.2324],[-9.755188,53.234063],[-9.757439,53.232465],[-9.759482,53.229049],[-9.757192,53.227209],[-9.749633,53.230302],[-9.745342,53.23057],[-9.736548,53.228454],[-9.736317,53.231841],[-9.732647,53.23221],[-9.721224,53.227874],[-9.718382,53.229056],[-9.722313,53.235953],[-9.724152,53.237638],[-9.722456,53.241609],[-9.719629,53.243288],[-9.718632,53.245586],[-9.721913,53.247601]]],[[[-9.642849,53.319103],[-9.648363,53.317076],[-9.651134,53.311405],[-9.644565,53.310872],[-9.64202,53.312019],[-9.634721,53.310532],[-9.63532,53.307854],[-9.625594,53.308592],[-9.624834,53.311785],[-9.627331,53.312573],[-9.63091,53.310752],[-9.633624,53.314701],[-9.631607,53.31945],[-9.637349,53.320533],[-9.642849,53.319103]]],[[[-9.721644,53.278381],[-9.720294,53.274925],[-9.717457,53.272246],[-9.713227,53.272767],[-9.708679,53.276293],[-9.702032,53.274075],[-9.701195,53.276591],[-9.703584,53.279417],[-9.707793,53.281287],[-9.709952,53.280385],[-9.714207,53.281626],[-9.716599,53.284545],[-9.722171,53.282649],[-9.721644,53.278381]]],[[[-9.741626,53.260067],[-9.747226,53.262061],[-9.75025,53.262017],[-9.750427,53.25946],[-9.747835,53.250002],[-9.742336,53.247906],[-9.738329,53.248475],[-9.737531,53.25059],[-9.739691,53.256669],[-9.741626,53.260067]]],[[[-9.746383,53.24269],[-9.749236,53.243378],[-9.750576,53.24523],[-9.754054,53.245542],[-9.75821,53.243448],[-9.759585,53.241478],[-9.758201,53.239407],[-9.753424,53.239643],[-9.750441,53.238635],[-9.744748,53.240473],[-9.746383,53.24269]]],[[[-9.623559,53.284065],[-9.625666,53.281421],[-9.624912,53.279857],[-9.620216,53.27766],[-9.616336,53.278507],[-9.614731,53.281985],[-9.615805,53.284379],[-9.623559,53.284065]]],[[[-9.758662,53.259806],[-9.757474,53.258559],[-9.752342,53.25764],[-9.751832,53.264017],[-9.755537,53.266736],[-9.758233,53.26651],[-9.760823,53.263621],[-9.758662,53.259806]]],[[[-9.733774,53.281783],[-9.743175,53.283105],[-9.743583,53.280603],[-9.737927,53.277222],[-9.734568,53.276842],[-9.733774,53.281783]]],[[[-9.750565,53.250893],[-9.755045,53.251318],[-9.75751,53.252447],[-9.76012,53.248058],[-9.754191,53.245939],[-9.749783,53.248482],[-9.750565,53.250893]]],[[[-9.842036,53.147051],[-9.84507,53.146668],[-9.844246,53.144542],[-9.83811,53.142869],[-9.835471,53.146398],[-9.837469,53.149035],[-9.842036,53.147051]]],[[[-9.609709,53.287826],[-9.612161,53.283992],[-9.604011,53.284287],[-9.603315,53.286697],[-9.60518,53.289595],[-9.609709,53.287826]]],[[[-9.85689,53.150006],[-9.859683,53.150816],[-9.860227,53.147069],[-9.854587,53.145496],[-9.855501,53.149521],[-9.85689,53.150006]]],[[[-9.766011,53.232899],[-9.771615,53.230778],[-9.770593,53.229222],[-9.765615,53.228751],[-9.76268,53.229435],[-9.766011,53.232899]]],[[[-9.71711,53.296581],[-9.719687,53.296953],[-9.721203,53.294946],[-9.719128,53.292645],[-9.716612,53.294889],[-9.71711,53.296581]]],[[[-9.761098,53.243735],[-9.7663,53.242854],[-9.767034,53.240749],[-9.761468,53.240477],[-9.761098,53.243735]]],[[[-9.695032,53.221961],[-9.691434,53.221687],[-9.688811,53.22405],[-9.695378,53.223944],[-9.695032,53.221961]]],[[[-9.638811,53.289735],[-9.643579,53.288269],[-9.641228,53.285993],[-9.638382,53.287772],[-9.638811,53.289735]]]]}},
{"type":"Feature","id":"IRL:ADM2:IE-C.ballina-lea-6","properties":{"shapeName":"BALLINA LEA-6","shapeISO":"","shapeGroup":"IRL","shapeType":"ADM2","adm1ISO":"IE-C","parentISO":"IE-C","parentID":"IRL:ADM1:IE-C","src_shape_id":"5873133B94480778200635"},"geometry":{"type":"MultiPolygon","coordinates":[[[[-9.482087,54.00896],[-9.476208,54.006642],[-9.472028,54.009067],[-9.472816,54.011369],[-9.470122,54.013834],[-9.471525,54.015704],[-9.472455,54.021629],[-9.474471,54.025213],[-9.471199,54.031644],[-9.465933,54.0318],[-9.462556,54.033667],[-9.459663,54.032237],[-9.456373,54.033809],[-9.452362,54.033847],[-9.451489,54.035461],[-9.455675,54.039906],[-9.4557,54.042253],[-9.452522,54.043789],[-9.44315,54.044306],[-9.437434,54.043737],[-9.4302,54.04803],[-9.426345,54.049467],[-9.424502,54.053211],[-9.421115,54.05415],[-9.416959,54.052664],[-9.416569,54.051087],[-9.412839,54.050237],[-9.407656,54.051191],[-9.402501,54.050425],[-9.400016,54.052691],[-9.395197,54.053464],[-9.391108,54.056964],[-9.387423,54.0577],[-9.3869,54.055493],[-9.380249,54.047932],[-9.373627,54.050926],[-9.368604,54.051443],[-9.363039,54.055278],[-9.357462,54.053364],[-9.352132,54.052869],[-9.349995,54.045355],[-9.347919,54.043191],[-9.339248,54.047184],[-9.333911,54.046407],[-9.330277,54.044087],[-9.327718,54.045181],[-9.3222,54.04426],[-9.319381,54.04218],[-9.314272,54.042796],[-9.313286,54.039065],[-9.31529,54.034333],[-9.315371,54.031799],[-9.313891,54.028398],[-9.311452,54.028495],[-9.305369,54.027058],[-9.29844,54.029727],[-9.298031,54.031933],[-9.300512,54.033967],[-9.299615,54.036862],[-9.291455,54.040593],[-9.264079,54.037672],[-9.224283,54.001201],[-9.193074,54.008728],[-9.18262,54.012251],[-9.169589,54.010785],[-9.165003,54.008047],[-9.163602,54.006319],[-9.157109,54.006531],[-9.149431,54.008769],[-9.151663,54.01495],[-9.1452,54.015498],[-9.138658,54.016961],[-9.130311,54.02009],[-9.127091,54.015166],[-9.127472,54.012964],[-9.124215,54.012579],[-9.119843,54.018598],[-9.116489,54.01814],[-9.115679,54.020297],[-9.11805,54.022258],[-9.114882,54.023],[-9.111929,54.020907],[-9.113646,54.019867],[-9.113712,54.017218],[-9.108528,54.015341],[-9.101344,54.011239],[-9.096908,54.006994],[-9.091603,54.008904],[-9.087848,54.008998],[-9.083737,54.007756],[-9.073528,54.011121],[-9.063514,54.012981],[-9.063549,54.014897],[-9.061285,54.01695],[-9.064767,54.020395],[-9.059023,54.021039],[-9.050332,54.023577],[-9.042993,54.024243],[-9.042582,54.026197],[-9.038221,54.027222],[-9.02867,54.02693],[-9.022625,54.026282],[-9.018517,54.025168],[-9.019497,54.027368],[-9.013017,54.028381],[-9.011247,54.031732],[-9.01607,54.033806],[-9.015393,54.04105],[-9.014568,54.042812],[-9.015441,54.049637],[-9.01424,54.052416],[-9.011235,54.053652],[-9.009881,54.055731],[-9.006104,54.057973],[-8.999491,54.058689],[-8.998037,54.060816],[-8.992091,54.061681],[-8.991093,54.063689],[-8.987615,54.064369],[-8.983203,54.068303],[-8.975628,54.070277],[-8.973995,54.071963],[-8.968935,54.073293],[-8.965476,54.073195],[-8.966469,54.080319],[-8.970216,54.085955],[-8.967408,54.086894],[-8.95856,54.088104],[-8.955259,54.089367],[-8.954013,54.094134],[-8.955788,54.094479],[-8.959999,54.10231],[-8.952424,54.105013],[-8.946909,54.1047],[-8.935388,54.106133],[-8.931062,54.108616],[-8.923572,54.111655],[-8.921279,54.114923],[-8.916957,54.118043],[-8.921053,54.123472],[-8.923933,54.125419],[-8.932397,54.125618],[-8.937153,54.127072],[-8.937874,54.12835],[-8.935715,54.131378],[-8.942052,54.131528],[-8.945612,54.132602],[-8.94454,54.134286],[-8.947091,54.136587],[-8.944935,54.138982],[-8.941357,54.138265],[-8.93765,54.140774],[-8.936798,54.143062],[-8.942887,54.143282],[-8.954144,54.144811],[-8.964604,54.148334],[-8.980209,54.149471],[-8.992722,54.149582],[-9.002277,54.151444],[-9.005744,54.153067],[-9.013712,54.155145],[-9.015386,54.156622],[-9.021045,54.159028],[-9.022842,54.162303],[-9.026417,54.160909],[-9.030012,54.157513],[-9.028739,54.15489],[-9.033556,54.152872],[-9.035255,54.154687],[-9.041084,54.157175],[-9.045907,54.156489],[-9.052528,54.156818],[-9.054123,54.154318],[-9.052795,54.151132],[-9.055332,54.15021],[-9.054765,54.148337],[-9.056872,54.145706],[-9.055832,54.143205],[-9.059187,54.142618],[-9.061256,54.144274],[-9.066021,54.145193],[-9.076425,54.145949],[-9.078655,54.144817],[-9.084403,54.145974],[-9.089862,54.142967],[-9.099752,54.142626],[-9.104653,54.144005],[-9.105353,54.145909],[-9.102263,54.147876],[-9.102824,54.149285],[-9.121312,54.155357],[-9.124006,54.159163],[-9.132261,54.162363],[-9.137137,54.161696],[-9.141114,54.162068],[-9.141846,54.164401],[-9.139487,54.169029],[-9.143078,54.170874],[-9.146216,54.176343],[-9.143317,54.183172],[-9.146873,54.185743],[-9.15606,54.186931],[-9.164727,54.190319],[-9.160684,54.192892],[-9.158452,54.200045],[-9.162843,54.202135],[-9.165577,54.199947],[-9.170665,54.201887],[-9.173061,54.201388],[-9.175058,54.205363],[-9.182766,54.2085],[-9.194151,54.207428],[-9.194961,54.209063],[-9.19951,54.209434],[-9.200976,54.210737],[-9.205394,54.211055],[-9.208511,54.209643],[-9.21307,54.212168],[-9.218689,54.212269],[-9.215482,54.218087],[-9.218178,54.218127],[-9.220923,54.216498],[-9.223916,54.218469],[-9.213121,54.220716],[-9.212655,54.223915],[-9.216101,54.227735],[-9.213196,54.227881],[-9.209846,54.230155],[-9.210508,54.231626],[-9.201637,54.233314],[-9.203662,54.230478],[-9.207894,54.227515],[-9.205336,54.225395],[-9.198007,54.229243],[-9.19825,54.232137],[-9.196006,54.233384],[-9.193207,54.236781],[-9.192005,54.23973],[-9.192853,54.24303],[-9.195799,54.24747],[-9.197744,54.246986],[-9.213063,54.24591],[-9.215998,54.245357],[-9.218772,54.240423],[-9.221319,54.238302],[-9.233444,54.233773],[-9.241807,54.235939],[-9.250255,54.231818],[-9.254252,54.231562],[-9.255489,54.233199],[-9.249973,54.233411],[-9.242288,54.238119],[-9.240048,54.23713],[-9.234529,54.23691],[-9.23593,54.238751],[-9.227198,54.24181],[-9.219601,54.245961],[-9.21448,54.252086],[-9.213651,54.25666],[-9.216409,54.260849],[-9.211618,54.269183],[-9.209717,54.270773],[-9.209322,54.273898],[-9.206566,54.275625],[-9.210074,54.28285],[-9.213801,54.287555],[-9.215705,54.288075],[-9.221275,54.286316],[-9.226822,54.281156],[-9.227572,54.278869],[-9.231688,54.279682],[-9.233092,54.278568],[-9.247333,54.280884],[-9.242243,54.278066],[-9.241288,54.275561],[-9.242195,54.271656],[-9.244397,54.270261],[-9.252027,54.270342],[-9.256177,54.274138],[-9.256572,54.275767],[-9.255267,54.281713],[-9.250668,54.28152],[-9.252595,54.286892],[-9.248797,54.293955],[-9.248483,54.295588],[-9.251029,54.298987],[-9.251219,54.300911],[-9.253738,54.303215],[-9.264073,54.309843],[-9.270589,54.311116],[-9.273084,54.31002],[-9.280748,54.311894],[-9.291115,54.311974],[-9.304294,54.316075],[-9.313324,54.316034],[-9.320002,54.317505],[-9.323011,54.31747],[-9.329886,54.320187],[-9.336041,54.321603],[-9.337455,54.324439],[-9.341539,54.326968],[-9.348991,54.326649],[-9.345863,54.322142],[-9.34598,54.319064],[-9.351378,54.317392],[-9.356401,54.314639],[-9.35941,54.314162],[-9.361957,54.311963],[-9.360275,54.309416],[-9.362777,54.307441],[-9.366678,54.308617],[-9.372353,54.30644],[-9.374481,54.303414],[-9.372711,54.301754],[-9.375941,54.29884],[-9.376603,54.29606],[-9.383488,54.29492],[-9.387063,54.295798],[-9.391012,54.299522],[-9.389545,54.301351],[-9.390601,54.307692],[-9.393135,54.309007],[-9.396913,54.308061],[-9.400317,54.310225],[-9.404103,54.310149],[-9.406608,54.308749],[-9.414674,54.310581],[-9.418507,54.310344],[-9.424882,54.311403],[-9.430095,54.310672],[-9.433542,54.311504],[-9.434658,54.30973],[-9.439451,54.309672],[-9.446341,54.310587],[-9.449367,54.309895],[-9.452752,54.306871],[-9.456983,54.309092],[-9.45951,54.303818],[-9.459362,54.297158],[-9.472468,54.280945],[-9.478918,54.271089],[-9.482068,54.268793],[-9.480209,54.267644],[-9.469113,54.255574],[-9.468163,54.249515],[-9.463945,54.245472],[-9.471638,54.24031],[-9.475365,54.240432],[-9.47938,54.239466],[-9.483002,54.240225],[-9.487494,54.240066],[-9.49691,54.238809],[-9.498527,54.239785],[-9.5038,54.23999],[-9.504467,54.232094],[-9.50909,54.228727],[-9.510486,54.226007],[-9.520065,54.22227],[-9.535235,54.218932],[-9.539723,54.221535],[-9.540758,54.223578],[-9.547551,54.222803],[-9.551409,54.221173],[-9.550595,54.214601],[-9.55164,54.208773],[-9.557263,54.208787],[-9.563064,54.204744],[-9.565919,54.201376],[-9.562076,54.195623],[-9.561095,54.192343],[-9.556382,54.188216],[-9.556427,54.186714],[-9.553828,54.183152],[-9.558534,54.180661],[-9.560955,54.178525],[-9.560803,54.173937],[-9.556029,54.170658],[-9.556851,54.169734],[-9.556463,54.159698],[-9.559274,54.15378],[-9.561464,54.15215],[-9.559589,54.148569],[-9.559413,54.144194],[-9.557909,54.143278],[-9.563937,54.140538],[-9.566675,54.136511],[-9.565899,54.132245],[-9.562869,54.130515],[-9.564601,54.127384],[-9.569866,54.124908],[-9.576578,54.118506],[-9.573941,54.118704],[-9.573172,54.115103],[-9.575355,54.112279],[-9.576873,54.106912],[-9.580838,54.102124],[-9.578487,54.100449],[-9.575318,54.100473],[-9.568406,54.099241],[-9.572534,54.092402],[-9.572383,54.087778],[-9.569549,54.08623],[-9.567567,54.080499],[-9.562703,54.076937],[-9.55726,54.076984],[-9.550885,54.072919],[-9.541935,54.07395],[-9.538392,54.072931],[-9.531291,54.073953],[-9.523058,54.076534],[-9.51874,54.07532],[-9.523653,54.071166],[-9.522484,54.069419],[-9.52577,54.067032],[-9.515379,54.065003],[-9.514168,54.060912],[-9.509387,54.058672],[-9.506949,54.056385],[-9.500853,54.058023],[-9.497355,54.057227],[-9.493376,54.05351],[-9.487441,54.050445],[-9.48633,54.046594],[-9.492746,54.041915],[-9.491055,54.037965],[-9.488801,54.035506],[-9.490169,54.033565],[-9.485441,54.030575],[-9.487451,54.026325],[-9.483827,54.025367],[-9.483505,54.023125],[-9.484792,54.018135],[-9.482015,54.014752],[-9.481358,54.010646],[-9.482087,54.00896]]],[[[-9.146638,54.199581],[-9.140755,54.20052],[-9.143406,54.206849],[-9.150424,54.209786],[-9.153765,54.213304],[-9.158456,54.215945],[-9.164768,54.217198],[-9.173054,54.218112],[-9.187135,54.221715],[-9.192963,54.223603],[-9.198747,54.223875],[-9.199482,54.222293],[-9.195838,54.220805],[-9.177409,54.216384],[-9.164558,54.214974],[-9.16046,54.213617],[-9.15485,54.210264],[-9.152894,54.206753],[-9.148845,54.205786],[-9.14777,54.204049],[-9.149502,54.201408],[-9.146638,54.199581]]]]}},
{"type":"Feature","id":"IRL:ADM2:IE-C.ballinasloe-lea-6","properties":{"shapeName":"BALLINASLOE LEA-6","shapeISO":"","shapeGroup":"IRL","shapeType":"ADM2","adm1ISO":"IE-C","parentISO":"IE-C","parentID":"IRL:ADM1:IE-C","src_shape_id":"5873133B97089647818716"},"geometry":{"type":"Polygon","coordinates":[[[-8.669733,53.44607],[-8.664718,53.443005],[-8.661294,53.441844],[-8.659564,53.437614],[-8.666782,53.435839],[-8.66805,53.430863],[-8.665869,53.428763],[-8.660346,53.426663],[-8.660222,53.42429],[-8.658208,53.422444],[-8.656937,53.417789],[-8.658619,53.415892],[-8.657724,53.413613],[-8.658922,53.411823],[-8.656247,53.409982],[-8.657122,53.404897],[-8.654241,53.403297],[-8.651179,53.403025],[-8.653158,53.397213],[-8.646937,53.395431],[-8.648962,53.393033],[-8.647961,53.387851],[-8.645422,53.382741],[-8.640824,53.384496],[-8.638558,53.387529],[-8.631524,53.393099],[-8.622928,53.39399],[-8.621739,53.390163],[-8.613008,53.384528],[-8.609507,53.374713],[-8.591704,53.373452],[-8.582233,53.374596],[-8.578208,53.377186],[-8.569694,53.380228],[-8.570479,53.389402],[-8.567611,53.389455],[-8.566845,53.381501],[-8.560044,53.380803],[-8.55447,53.379374],[-8.550594,53.379929],[-8.553093,53.384088],[-8.55287,53.386111],[-8.55038,53.386802],[-8.5443,53.390115],[-8.541755,53.389199],[-8.54332,53.387073],[-8.535033,53.384603],[-8.535341,53.378235],[-8.544689,53.373823],[-8.536262,53.370088],[-8.535039,53.36747],[-8.525916,53.367774],[-8.528543,53.346276],[-8.531096,53.346068],[-8.533042,53.341343],[-8.531801,53.339983],[-8.513638,53.334217],[-8.513583,53.333525],[-8.509692,53.331782],[-8.512252,53.326359],[-8.509705,53.320187],[-8.511103,53.316389],[-8.508157,53.315152],[-8.503576,53.315493],[-8.499546,53.31436],[-8.501401,53.311748],[-8.499304,53.306334],[-8.497686,53.305496],[-8.500104,53.302796],[-8.49596,53.302067],[-8.497044,53.300316],[-8.494886,53.295321],[-8.495597,53.292333],[-8.487095,53.288996],[-8.483329,53.289451],[-8.475871,53.289162],[-8.472694,53.289878],[-8.462558,53.287402],[-8.461134,53.287489],[-8.4604,53.282788],[-8.456183,53.278284],[-8.453598,53.279361],[-8.449277,53.276145],[-8.449851,53.269926],[-8.445101,53.26557],[-8.449137,53.264339],[-8.452559,53.260389],[-8.455503,53.258509],[-8.44948,53.252744],[-8.442338,53.251866],[-8.437324,53.25797],[-8.431647,53.260226],[-8.422785,53.262647],[-8.420008,53.260645],[-8.414772,53.258588],[-8.415039,53.263011],[-8.40999,53.265845],[-8.411901,53.267806],[-8.405864,53.269627],[-8.398132,53.270863],[-8.386627,53.270625],[-8.381527,53.273144],[-8.385187,53.27636],[-8.382278,53.278581],[-8.380673,53.282274],[-8.390906,53.282684],[-8.390961,53.286667],[-8.38616,53.288266],[-8.37747,53.287648],[-8.366187,53.284868],[-8.365465,53.287005],[-8.362547,53.289452],[-8.367293,53.29375],[-8.366453,53.295972],[-8.359785,53.299588],[-8.355563,53.298967],[-8.352952,53.299801],[-8.351434,53.303315],[-8.34532,53.303523],[-8.33987,53.301735],[-8.338492,53.297674],[-8.338569,53.293283],[-8.339621,53.291152],[-8.335062,53.291436],[-8.327977,53.28969],[-8.326556,53.287947],[-8.320914,53.286077],[-8.317862,53.286285],[-8.317211,53.284152],[-8.310735,53.282295],[-8.31751,53.270637],[-8.314139,53.270472],[-8.308252,53.26853],[-8.299756,53.267045],[-8.295007,53.267675],[-8.292995,53.264633],[-8.299461,53.261051],[-8.301128,53.259526],[-8.30627,53.257992],[-8.309034,53.252884],[-8.316942,53.253582],[-8.322126,53.255117],[-8.321739,53.252097],[-8.31536,53.250571],[-8.308287,53.250278],[-8.304616,53.25163],[-8.303645,53.249833],[-8.297279,53.250003],[-8.291464,53.24735],[-8.288624,53.248375],[-8.28164,53.249318],[-8.28154,53.253723],[-8.277704,53.254548],[-8.272362,53.253024],[-8.265029,53.252745],[-8.26052,53.249991],[-8.245228,53.244413],[-8.24796,53.242499],[-8.232129,53.241476],[-8.231965,53.238563],[-8.229909,53.233109],[-8.23985,53.233752],[-8.246554,53.233137],[-8.244317,53.231045],[-8.232082,53.230351],[-8.229153,53.231283],[-8.227289,53.226874],[-8.224737,53.224644],[-8.218099,53.224921],[-8.220446,53.221595],[-8.225828,53.218371],[-8.225972,53.217087],[-8.232274,53.21761],[-8.2327,53.213843],[-8.234028,53.211983],[-8.227699,53.210438],[-8.220453,53.209728],[-8.216238,53.207781],[-8.214751,53.205938],[-8.210164,53.195387],[-8.208432,53.195556],[-8.19901,53.208122],[-8.194429,53.210952],[-8.19,53.212517],[-8.173074,53.210193],[-8.170114,53.211818],[-8.169915,53.21839],[-8.172613,53.222587],[-8.165759,53.220781],[-8.164309,53.226248],[-8.156159,53.227392],[-8.150323,53.230778],[-8.148891,53.225306],[-8.149331,53.222822],[-8.143822,53.224321],[-8.141197,53.223838],[-8.13246,53.223826],[-8.132205,53.220277],[-8.129301,53.219673],[-8.129801,53.216931],[-8.127956,53.214415],[-8.1227,53.214122],[-8.12116,53.212587],[-8.117041,53.212123],[-8.113202,53.209989],[-8.114798,53.206203],[-8.105553,53.207321],[-8.102695,53.204643],[-8.096423,53.200884],[-8.099988,53.200756],[-8.097468,53.196714],[-8.100706,53.19642],[-8.100854,53.194093],[-8.091877,53.191576],[-8.084692,53.191913],[-8.081137,53.190461],[-8.076738,53.190623],[-8.064725,53.189312],[-8.062287,53.186933],[-8.056589,53.190414],[-8.050252,53.19349],[-8.044845,53.193794],[-8.041451,53.194831],[-8.036896,53.195069],[-8.033595,53.193786],[-8.03021,53.194039],[-8.023309,53.195805],[-8.020314,53.194566],[-8.011878,53.193807],[-8.009365,53.194425],[-8.001939,53.192635],[-7.992705,53.193413],[-7.984956,53.199976],[-7.983346,53.202759],[-7.979644,53.204944],[-7.974249,53.209416],[-7.970343,53.215072],[-7.969848,53.220969],[-7.968369,53.222532],[-7.967337,53.226463],[-7.970059,53.229674],[-7.971391,53.232714],[-7.980309,53.238666],[-7.992359,53.242883],[-7.998713,53.244345],[-8.000928,53.24564],[-8.003793,53.249428],[-8.009507,53.251439],[-8.025088,53.252646],[-8.02761,53.253321],[-8.028871,53.257614],[-8.028457,53.260139],[-8.030306,53.263727],[-8.034947,53.263945],[-8.039831,53.267592],[-8.042809,53.271523],[-8.049112,53.2733],[-8.055685,53.274078],[-8.056153,53.271775],[-8.061712,53.271429],[-8.065922,53.27356],[-8.07568,53.272375],[-8.077289,53.27304],[-8.089635,53.274071],[-8.094313,53.275748],[-8.09711,53.275754],[-8.099165,53.278014],[-8.110143,53.278695],[-8.118647,53.279939],[-8.126172,53.280527],[-8.133086,53.281954],[-8.136789,53.281245],[-8.13966,53.278967],[-8.148033,53.279867],[-8.149948,53.285007],[-8.153544,53.287345],[-8.161104,53.288045],[-8.167613,53.287401],[-8.176435,53.288036],[-8.180155,53.291357],[-8.183371,53.300092],[-8.188094,53.301509],[-8.187285,53.304317],[-8.190027,53.306754],[-8.195389,53.307803],[-8.190331,53.313308],[-8.189974,53.316986],[-8.192225,53.31899],[-8.188937,53.321948],[-8.186853,53.322284],[-8.189085,53.327486],[-8.187601,53.332957],[-8.187616,53.336187],[-8.193512,53.33554],[-8.195618,53.3412],[-8.197211,53.341036],[-8.199948,53.347777],[-8.205941,53.347621],[-8.209471,53.34517],[-8.213568,53.344105],[-8.215829,53.346552],[-8.232517,53.349658],[-8.229787,53.35153],[-8.227596,53.355349],[-8.231639,53.358913],[-8.23783,53.358437],[-8.238545,53.36068],[-8.237371,53.364796],[-8.242503,53.365929],[-8.243199,53.369737],[-8.246314,53.3744],[-8.242966,53.375852],[-8.241154,53.377958],[-8.234495,53.381599],[-8.236041,53.382772],[-8.23049,53.386022],[-8.231249,53.388655],[-8.226861,53.3906],[-8.224592,53.395385],[-8.2252,53.397059],[-8.23157,53.400989],[-8.23207,53.403348],[-8.234784,53.405323],[-8.237827,53.405938],[-8.238112,53.410793],[-8.242289,53.413002],[-8.246412,53.413148],[-8.25474,53.412429],[-8.257223,53.413587],[-8.258502,53.41582],[-8.25674,53.420506],[-8.258555,53.422324],[-8.259179,53.427251],[-8.26283,53.429347],[-8.263095,53.433379],[-8.260977,53.435341],[-8.254452,53.436133],[-8.248778,53.438201],[-8.246307,53.437763],[-8.240332,53.439227],[-8.238862,53.440901],[-8.23941,53.443068],[-8.237591,53.444265],[-8.241549,53.44775],[-8.248443,53.449913],[-8.251039,53.44999],[-8.252803,53.452182],[-8.257579,53.454412],[-8.262681,53.455829],[-8.263616,53.458995],[-8.262649,53.461126],[-8.266689,53.463657],[-8.277154,53.466872],[-8.280366,53.469661],[-8.286485,53.470996],[-8.28732,53.473216],[-8.283032,53.47472],[-8.280273,53.477114],[-8.275394,53.47727],[-8.270498,53.479418],[-8.275334,53.481315],[-8.280409,53.486168],[-8.281578,53.48811],[-8.280774,53.490531],[-8.274845,53.494234],[-8.275264,53.496046],[-8.281168,53.499026],[-8.282518,53.503295],[-8.285754,53.504493],[-8.286972,53.506289],[-8.292998,53.509462],[-8.291173,53.518054],[-8.285393,53.520108],[-8.280992,53.518575],[-8.276628,53.520862],[-8.276944,53.523946],[-8.278376,53.525374],[-8.284554,53.526865],[-8.294091,53.53147],[-8.291381,53.534657],[-8.286495,53.536373],[-8.286324,53.538746],[-8.293158,53.540623],[-8.296613,53.542266],[-8.292243,53.546149],[-8.29849,53.548515],[-8.298285,53.551337],[-8.295674,53.553075],[-8.296802,53.55525],[-8.300498,53.556309],[-8.303161,53.558734],[-8.308141,53.559835],[-8.305228,53.561225],[-8.304002,53.564241],[-8.296829,53.565904],[-8.292211,53.563163],[-8.288093,53.561852],[-8.283914,53.563187],[-8.282944,53.564691],[-8.287367,53.567012],[-8.288193,53.568423],[-8.296999,53.572219],[-8.301064,53.572453],[-8.302128,53.574374],[-8.305732,53.575136],[-8.307884,53.577964],[-8.314599,53.579122],[-8.3231,53.577373],[-8.3332,53.576822],[-8.342117,53.578641],[-8.342661,53.582294],[-8.337469,53.588086],[-8.342444,53.590891],[-8.348247,53.591382],[-8.352291,53.593573],[-8.351829,53.594998],[-8.354016,53.598786],[-8.36028,53.598191],[-8.363794,53.600366],[-8.367503,53.601065],[-8.373624,53.598758],[-8.378702,53.599035],[-8.382756,53.603268],[-8.383559,53.607473],[-8.382151,53.610803],[-8.380392,53.611511],[-8.379704,53.615875],[-8.381173,53.618196],[-8.386558,53.61918],[-8.393411,53.62367],[-8.388798,53.625026],[-8.389939,53.62666],[-8.39357,53.626181],[-8.397109,53.626961],[-8.403149,53.625637],[-8.410905,53.624885],[-8.407419,53.627771],[-8.403723,53.627906],[-8.399603,53.629573],[-8.399409,53.632204],[-8.397325,53.632741],[-8.396454,53.637011],[-8.393466,53.640192],[-8.383224,53.639841],[-8.377275,53.642727],[-8.37056,53.641915],[-8.366999,53.640263],[-8.364449,53.641126],[-8.361544,53.647889],[-8.36283,53.651083],[-8.365606,53.651447],[-8.370396,53.654586],[-8.373681,53.655024],[-8.376814,53.653235],[-8.380991,53.654524],[-8.38183,53.656852],[-8.385857,53.6587],[-8.393142,53.660909],[-8.398053,53.663191],[-8.39834,53.665059],[-8.40391,53.666172],[-8.410941,53.667038],[-8.41593,53.666729],[-8.42384,53.669565],[-8.425282,53.670844],[-8.429579,53.671543],[-8.433335,53.673573],[-8.436754,53.677567],[-8.436147,53.681024],[-8.433934,53.681965],[-8.438547,53.684463],[-8.443564,53.684949],[-8.447195,53.6877],[-8.444005,53.691479],[-8.448011,53.693505],[-8.457968,53.696789],[-8.458923,53.700425],[-8.451767,53.699343],[-8.448883,53.697871],[-8.444513,53.702372],[-8.446158,53.705115],[-8.45261,53.705821],[-8.453041,53.708263],[-8.461396,53.71299],[-8.465927,53.713864],[-8.468823,53.715453],[-8.488233,53.71577],[-8.503245,53.714371],[-8.519772,53.712272],[-8.534536,53.718887],[-8.533873,53.716306],[-8.550657,53.718709],[-8.553975,53.718269],[-8.559406,53.715891],[-8.568483,53.716646],[-8.573708,53.718912],[-8.58137,53.713962],[-8.582831,53.713753],[-8.581075,53.708644],[-8.604317,53.710495],[-8.605623,53.707497],[-8.613492,53.70509],[-8.619796,53.706046],[-8.62705,53.705165],[-8.629512,53.704107],[-8.634752,53.704192],[-8.633634,53.700765],[-8.636324,53.698204],[-8.639802,53.697726],[-8.645259,53.693982],[-8.64114,53.689247],[-8.640991,53.685792],[-8.648319,53.683056],[-8.650806,53.683045],[-8.655458,53.678856],[-8.655533,53.676927],[-8.661859,53.675974],[-8.673165,53.675184],[-8.680709,53.673224],[-8.693758,53.671465],[-8.695531,53.670884],[-8.693195,53.668374],[-8.69521,53.667676],[-8.686564,53.659172],[-8.681718,53.658877],[-8.679384,53.655998],[-8.673511,53.656361],[-8.662276,53.655228],[-8.659807,53.656733],[-8.654899,53.656005],[-8.650021,53.64875],[-8.641232,53.650228],[-8.644588,53.646835],[-8.644082,53.64343],[-8.645796,53.639753],[-8.644683,53.635518],[-8.646731,53.633534],[-8.646368,53.631558],[-8.647839,53.628588],[-8.646094,53.625705],[-8.64862,53.623338],[-8.648266,53.621035],[-8.645686,53.615995],[-8.647035,53.61155],[-8.650139,53.609785],[-8.648863,53.607001],[-8.651211,53.604663],[-8.656254,53.603671],[-8.651981,53.60018],[-8.648628,53.599333],[-8.65089,53.592574],[-8.663261,53.589156],[-8.666981,53.588667],[-8.666203,53.585731],[-8.668909,53.583689],[-8.661815,53.581427],[-8.661237,53.579248],[-8.662186,53.57443],[-8.66047,53.571029],[-8.660371,53.567691],[-8.657558,53.565439],[-8.652649,53.56512],[-8.64881,53.5623],[-8.645471,53.552665],[-8.647161,53.551783],[-8.654875,53.552701],[-8.66129,53.552211],[-8.664423,53.550158],[-8.666183,53.543555],[-8.664264,53.541915],[-8.665371,53.537343],[-8.664933,53.532982],[-8.662421,53.530908],[-8.662166,53.52871],[-8.657635,53.527899],[-8.657675,53.526189],[-8.661015,53.524861],[-8.662941,53.51954],[-8.668451,53.514424],[-8.667215,53.513062],[-8.666328,53.508191],[-8.664113,53.507293],[-8.664491,53.498219],[-8.670347,53.499687],[-8.673415,53.497003],[-8.676857,53.484082],[-8.674265,53.480237],[-8.666696,53.481729],[-8.67148,53.484387],[-8.661909,53.483313],[-8.658955,53.47737],[-8.654412,53.475497],[-8.655956,53.473148],[-8.649919,53.470852],[-8.644139,53.470176],[-8.636307,53.47323],[-8.633989,53.464518],[-8.631367,53.46218],[-8.629702,53.454675],[-8.631766,53.451804],[-8.638102,53.452221],[-8.638225,53.449082],[-8.648338,53.448667],[-8.653181,53.447063],[-8.655484,53.445101],[-8.659495,53.445932],[-8.669733,53.44607]]]}},
{"type":"Feature","id":"IRL:ADM2:IE-C.newport-lea-4","properties":{"shapeName":"NEWPORT LEA-4","shapeISO":"","shapeGroup":"IRL","shapeType":"ADM2","adm1ISO":"IE-C","parentISO":"IE-C","parentID":"IRL:ADM1:IE-C","src_shape_id":"5873133B73905952621151"},"geometry":{"type":"Polygon","coordinates":[[[-8.05704,52.844841],[-8.059585,52.842935],[-8.066018,52.842606],[-8.072592,52.84453],[-8.076633,52.847398],[-8.077557,52.849429],[-8.083502,52.850213],[-8.09959,52.855096],[-8.108171,52.855575],[-8.111136,52.856647],[-8.11626,52.85611],[-8.120739,52.863872],[-8.126841,52.865101],[-8.124992,52.866265],[-8.124436,52.868948],[-8.130227,52.87161],[-8.13143,52.873272],[-8.139472,52.870568],[-8.14102,52.866951],[-8.138149,52.866207],[-8.136749,52.863272],[-8.14135,52.861962],[-8.14712,52.862185],[-8.149488,52.861387],[-8.143591,52.85726],[-8.144764,52.853566],[-8.147176,52.853056],[-8.147721,52.848118],[-8.143576,52.846779],[-8.136112,52.845372],[-8.133528,52.842716],[-8.141369,52.839406],[-8.148301,52.842449],[-8.151215,52.841979],[-8.153726,52.844954],[-8.159406,52.847918],[-8.164742,52.845037],[-8.16378,52.842501],[-8.168169,52.841508],[-8.171959,52.843086],[-8.175257,52.841551],[-8.179468,52.84114],[-8.178927,52.835782],[-8.176596,52.832107],[-8.182352,52.830841],[-8.183856,52.829328],[-8.195768,52.827797],[-8.19595,52.833382],[-8.200594,52.832794],[-8.202302,52.834415],[-8.202322,52.837466],[-8.206318,52.835642],[-8.210491,52.836991],[-8.212925,52.841097],[-8.221504,52.839058],[-8.224592,52.839448],[-8.226541,52.842508],[-8.23163,52.842725],[-8.238385,52.845536],[-8.242274,52.845802],[-8.244862,52.844652],[-8.250598,52.844462],[-8.253716,52.846351],[-8.256428,52.846029],[-8.260938,52.848925],[-8.25701,52.851471],[-8.251342,52.851703],[-8.246792,52.852712],[-8.246717,52.855237],[-8.25318,52.859694],[-8.249419,52.864536],[-8.242324,52.868523],[-8.250091,52.871965],[-8.254047,52.874288],[-8.260018,52.874838],[-8.262643,52.873628],[-8.273555,52.880897],[-8.277522,52.881359],[-8.282284,52.883092],[-8.28506,52.887047],[-8.284681,52.89141],[-8.286311,52.894341],[-8.28827,52.894127],[-8.291368,52.89669],[-8.338498,52.915202],[-8.367515,52.916544],[-8.407522,52.912583],[-8.41846,52.875404],[-8.424716,52.867776],[-8.455311,52.846894],[-8.451775,52.823975],[-8.448807,52.820117],[-8.449557,52.816512],[-8.448844,52.811974],[-8.445609,52.809528],[-8.440684,52.80867],[-8.436893,52.806651],[-8.436919,52.798555],[-8.439325,52.792287],[-8.442518,52.786874],[-8.44547,52.784698],[-8.450478,52.783435],[-8.454981,52.780831],[-8.454155,52.779058],[-8.456871,52.777569],[-8.462232,52.776954],[-8.465621,52.771893],[-8.469133,52.76921],[-8.469449,52.767185],[-8.47561,52.762586],[-8.477102,52.758752],[-8.480079,52.757399],[-8.476046,52.753528],[-8.475212,52.746908],[-8.469597,52.739053],[-8.472937,52.737617],[-8.470996,52.735498],[-8.4726,52.733923],[-8.470124,52.732488],[-8.470168,52.718138],[-8.466917,52.717719],[-8.468944,52.709923],[-8.468412,52.707033],[-8.465033,52.703762],[-8.466007,52.697188],[-8.460543,52.698039],[-8.457256,52.696701],[-8.455404,52.691699],[-8.449559,52.686544],[-8.451644,52.684653],[-8.446839,52.686456],[-8.440502,52.686012],[-8.432869,52.682468],[-8.432838,52.68114],[-8.427714,52.677861],[-8.422406,52.680574],[-8.41725,52.684337],[-8.415754,52.68767],[-8.407007,52.690076],[-8.404837,52.692123],[-8.402238,52.692482],[-8.400912,52.690227],[-8.386818,52.686948],[-8.384736,52.681353],[-8.377477,52.681577],[-8.374065,52.683363],[-8.370054,52.683764],[-8.366367,52.682807],[-8.364912,52.681261],[-8.36057,52.679415],[-8.354712,52.682055],[-8.350856,52.682164],[-8.3466,52.683969],[-8.33932,52.685905],[-8.337539,52.689212],[-8.332335,52.688651],[-8.325775,52.68995],[-8.321696,52.689546],[-8.318518,52.690218],[-8.317044,52.692372],[-8.30623,52.692554],[-8.30467,52.69407],[-8.299272,52.694646],[-8.296576,52.696315],[-8.292007,52.694514],[-8.284999,52.694565],[-8.281036,52.691668],[-8.274654,52.690547],[-8.268453,52.686927],[-8.261831,52.684643],[-8.257005,52.684008],[-8.253072,52.682418],[-8.253818,52.679986],[-8.252478,52.674913],[-8.254343,52.670091],[-8.241278,52.668891],[-8.236969,52.668924],[-8.228584,52.665109],[-8.224809,52.666499],[-8.224393,52.668292],[-8.220673,52.668245],[-8.215775,52.670866],[-8.210733,52.669662],[-8.209647,52.671328],[-8.204878,52.66929],[-8.199044,52.669213],[-8.197212,52.670632],[-8.190841,52.671357],[-8.188883,52.670407],[-8.183487,52.67365],[-8.180671,52.676077],[-8.176553,52.677433],[-8.173077,52.676123],[-8.16914,52.677125],[-8.164975,52.676213],[-8.161655,52.677173],[-8.157972,52.675459],[-8.152969,52.675407],[-8.149875,52.674228],[-8.142607,52.673934],[-8.137942,52.677111],[-8.133072,52.677894],[-8.129168,52.676713],[-8.121779,52.678447],[-8.111876,52.681978],[-8.106939,52.681572],[-8.10608,52.683539],[-8.101998,52.685862],[-8.098714,52.688658],[-8.094561,52.686786],[-8.088869,52.682852],[-8.08415,52.685439],[-8.080029,52.686749],[-8.076137,52.690177],[-8.072949,52.694366],[-8.068995,52.694033],[-8.057825,52.694762],[-8.052026,52.698172],[-8.05583,52.699959],[-8.055628,52.701318],[-8.060447,52.702682],[-8.060597,52.705221],[-8.062987,52.706324],[-8.061381,52.708861],[-8.064835,52.711499],[-8.063271,52.714866],[-8.060013,52.716645],[-8.064653,52.717366],[-8.066805,52.719013],[-8.064667,52.725366],[-8.066145,52.727478],[-8.063899,52.730606],[-8.060982,52.732375],[-8.057356,52.732825],[-8.054935,52.734431],[-8.06153,52.738003],[-8.061527,52.74121],[-8.058185,52.743865],[-8.055359,52.744968],[-8.054374,52.747161],[-8.044693,52.748606],[-8.04733,52.752228],[-8.051898,52.753502],[-8.057895,52.756216],[-8.058039,52.757293],[-8.052222,52.760558],[-8.053585,52.763939],[-8.05678,52.766075],[-8.056482,52.768058],[-8.064049,52.772206],[-8.062057,52.774942],[-8.059309,52.775356],[-8.055745,52.777828],[-8.048382,52.781387],[-8.045814,52.784178],[-8.040828,52.786462],[-8.038456,52.78968],[-8.039038,52.791969],[-8.045821,52.793665],[-8.048284,52.799081],[-8.054495,52.80101],[-8.055296,52.805682],[-8.062003,52.809799],[-8.066666,52.81522],[-8.072207,52.816835],[-8.068866,52.820778],[-8.073895,52.825807],[-8.072183,52.827595],[-8.074146,52.830547],[-8.069985,52.832887],[-8.066276,52.833076],[-8.060812,52.834872],[-8.057596,52.834893],[-8.057942,52.838897],[-8.051699,52.842175],[-8.055024,52.843095],[-8.05704,52.844841]]]}},
{"type":"Feature","id":"IRL:ADM2:IE-C.galway-city-west-lea-6","properties":{"shapeName":"GALWAY CITY WEST LEA-6","shapeISO":"","shapeGroup":"IRL","shapeType":"ADM2","adm1ISO":"IE-C","parentISO":"IE-C","parentID":"IRL:ADM1:IE-C","src_shape_id":"5873133B97398643420992"},"geometry":{"type":"Polygon","coordinates":[[[-9.128023,53.251192],[-9.120893,53.249885],[-9.119542,53.250749],[-9.121205,53.25364],[-9.123895,53.251267],[-9.129971,53.256292],[-9.125696,53.256447],[-9.119173,53.258411],[-9.112353,53.259109],[-9.110529,53.258523],[-9.113624,53.254944],[-9.111599,53.252151],[-9.107845,53.256485],[-9.099081,53.254569],[-9.091747,53.257202],[-9.085341,53.25715],[-9.082947,53.25818],[-9.07906,53.25796],[-9.074553,53.259796],[-9.070448,53.263278],[-9.066441,53.2632],[-9.06428,53.261601],[-9.064291,53.263517],[-9.066581,53.264947],[-9.06739,53.267388],[-9.062649,53.272269],[-9.078687,53.273673],[-9.08515,53.2734],[-9.090665,53.275004],[-9.092624,53.276353],[-9.118239,53.281122],[-9.119972,53.281151],[-9.122654,53.282432],[-9.130769,53.283908],[-9.138541,53.279731],[-9.142164,53.274894],[-9.13823,53.272098],[-9.136143,53.268284],[-9.136924,53.264237],[-9.134752,53.258618],[-9.128023,53.251192]]]}},
{"type":"Feature","id":"IRL:ADM2:IE-C.athlone-lea-6","properties":{"shapeName":"ATHLONE LEA-6","shapeISO":"","shapeGroup":"IRL","shapeType":"ADM2","adm1ISO":"IE-C","parentISO":"IE-C","parentID":"IRL:ADM1:IE-C","src_shape_id":"5873133B90689891107780"},"geometry":{"type":"Polygon","coordinates":[[[-7.923451,53.363188],[-7.918391,53.367355],[-7.91198,53.368235],[-7.910316,53.371382],[-7.914303,53.376924],[-7.913885,53.379153],[-7.917212,53.382585],[-7.919878,53.383729],[-7.92329,53.388217],[-7.924139,53.394964],[-7.929133,53.397626],[-7.930471,53.399968],[-7.937292,53.401966],[-7.940744,53.403865],[-7.942922,53.406919],[-7.943716,53.410525],[-7.942027,53.412067],[-7.972956,53.422276],[-7.970983,53.423566],[-7.95576,53.43124],[-7.958655,53.435822],[-7.958423,53.437978],[-7.960768,53.443872],[-7.966198,53.446838],[-7.966835,53.44971],[-7.955049,53.48147],[-7.969793,53.52173],[-7.980713,53.551905],[-8.013266,53.579434],[-8.039287,53.579006],[-8.03867,53.571275],[-8.043895,53.56839],[-8.048608,53.567093],[-8.050306,53.565061],[-8.053668,53.565221],[-8.055775,53.56193],[-8.059162,53.562608],[-8.060318,53.560317],[-8.066923,53.560586],[-8.068192,53.563689],[-8.07081,53.562385],[-8.075997,53.561393],[-8.078581,53.564243],[-8.08576,53.566924],[-8.083685,53.570904],[-8.08835,53.573278],[-8.086562,53.576122],[-8.091996,53.578356],[-8.098606,53.576132],[-8.09916,53.57195],[-8.104076,53.573897],[-8.10911,53.576926],[-8.108051,53.578374],[-8.114875,53.579415],[-8.120441,53.578534],[-8.111211,53.570493],[-8.115913,53.570062],[-8.118233,53.571715],[-8.122999,53.572507],[-8.123516,53.573741],[-8.130207,53.5748],[-8.13852,53.576884],[-8.141605,53.576915],[-8.142661,53.581848],[-8.14446,53.58499],[-8.156615,53.584837],[-8.157966,53.583223],[-8.1565,53.581254],[-8.16129,53.581064],[-8.164499,53.579429],[-8.16688,53.580158],[-8.174288,53.577884],[-8.175407,53.574874],[-8.182957,53.577693],[-8.18601,53.580242],[-8.193345,53.581521],[-8.195173,53.584247],[-8.194556,53.589733],[-8.188455,53.592262],[-8.198517,53.596392],[-8.198909,53.594432],[-8.202608,53.594803],[-8.215329,53.582626],[-8.219228,53.582476],[-8.221988,53.587831],[-8.222049,53.59025],[-8.22397,53.591415],[-8.222839,53.593904],[-8.223727,53.597103],[-8.222226,53.599248],[-8.224078,53.601395],[-8.223796,53.603842],[-8.226901,53.605773],[-8.225221,53.608174],[-8.225136,53.616956],[-8.230419,53.617897],[-8.241719,53.621863],[-8.242067,53.625056],[-8.234946,53.627653],[-8.23708,53.631145],[-8.240769,53.633364],[-8.240866,53.638279],[-8.242171,53.64158],[-8.245527,53.64313],[-8.259467,53.644838],[-8.259268,53.641688],[-8.262301,53.636706],[-8.266805,53.636353],[-8.271916,53.637581],[-8.27736,53.637518],[-8.283088,53.640007],[-8.286633,53.640136],[-8.288383,53.641641],[-8.287919,53.648708],[-8.29511,53.649983],[-8.295747,53.652933],[-8.309106,53.655627],[-8.313186,53.658415],[-8.312872,53.659908],[-8.317202,53.661874],[-8.316037,53.663726],[-8.317384,53.665511],[-8.316505,53.667725],[-8.317827,53.670416],[-8.324945,53.671684],[-8.324321,53.669855],[-8.337011,53.669114],[-8.337204,53.665697],[-8.342656,53.665926],[-8.348756,53.667956],[-8.352923,53.667337],[-8.354008,53.672442],[-8.35929,53.672096],[-8.366742,53.673831],[-8.368342,53.674741],[-8.376539,53.676509],[-8.379942,53.676528],[-8.384119,53.674525],[-8.38308,53.671882],[-8.384754,53.671008],[-8.390907,53.671297],[-8.397364,53.670794],[-8.403256,53.671391],[-8.40391,53.666172],[-8.39834,53.665059],[-8.398053,53.663191],[-8.393142,53.660909],[-8.385857,53.6587],[-8.38183,53.656852],[-8.380991,53.654524],[-8.376814,53.653235],[-8.373681,53.655024],[-8.370396,53.654586],[-8.365606,53.651447],[-8.36283,53.651083],[-8.361544,53.647889],[-8.364449,53.641126],[-8.366999,53.640263],[-8.37056,53.641915],[-8.377275,53.642727],[-8.383224,53.639841],[-8.393466,53.640192],[-8.396454,53.637011],[-8.397325,53.632741],[-8.399409,53.632204],[-8.399603,53.629573],[-8.403723,53.627906],[-8.407419,53.627771],[-8.410905,53.624885],[-8.403149,53.625637],[-8.397109,53.626961],[-8.39357,53.626181],[-8.389939,53.62666],[-8.388798,53.625026],[-8.393411,53.62367],[-8.386558,53.61918],[-8.381173,53.618196],[-8.379704,53.615875],[-8.380392,53.611511],[-8.382151,53.610803],[-8.383559,53.607473],[-8.382756,53.603268],[-8.378702,53.599035],[-8.373624,53.598758],[-8.367503,53.601065],[-8.363794,53.600366],[-8.36028,53.598191],[-8.354016,53.598786],[-8.351829,53.594998],[-8.352291,53.593573],[-8.348247,53.591382],[-8.342444,53.590891],[-8.337469,53.588086],[-8.342661,53.582294],[-8.342117,53.578641],[-8.3332,53.576822],[-8.3231,53.577373],[-8.314599,53.579122],[-8.307884,53.577964],[-8.305732,53.575136],[-8.302128,53.574374],[-8.301064,53.572453],[-8.296999,53.572219],[-8.288193,53.568423],[-8.287367,53.567012],[-8.282944,53.564691],[-8.283914,53.563187],[-8.288093,53.561852],[-8.292211,53.563163],[-8.296829,53.565904],[-8.304002,53.564241],[-8.305228,53.561225],[-8.308141,53.559835],[-8.303161,53.558734],[-8.300498,53.556309],[-8.296802,53.55525],[-8.295674,53.553075],[-8.298285,53.551337],[-8.29849,53.548515],[-8.292243,53.546149],[-8.296613,53.542266],[-8.293158,53.540623],[-8.286324,53.538746],[-8.286495,53.536373],[-8.291381,53.534657],[-8.294091,53.53147],[-8.284554,53.526865],[-8.278376,53.525374],[-8.276944,53.523946],[-8.276628,53.520862],[-8.280992,53.518575],[-8.285393,53.520108],[-8.291173,53.518054],[-8.292998,53.509462],[-8.286972,53.506289],[-8.285754,53.504493],[-8.282518,53.503295],[-8.281168,53.499026],[-8.275264,53.496046],[-8.274845,53.494234],[-8.280774,53.490531],[-8.281578,53.48811],[-8.280409,53.486168],[-8.275334,53.481315],[-8.270498,53.479418],[-8.275394,53.47727],[-8.280273,53.477114],[-8.283032,53.47472],[-8.28732,53.473216],[-8.286485,53.470996],[-8.280366,53.469661],[-8.277154,53.466872],[-8.266689,53.463657],[-8.262649,53.461126],[-8.263616,53.458995],[-8.262681,53.455829],[-8.257579,53.454412],[-8.252803,53.452182],[-8.251039,53.44999],[-8.248443,53.449913],[-8.241549,53.44775],[-8.237591,53.444265],[-8.23941,53.443068],[-8.238862,53.440901],[-8.240332,53.439227],[-8.246307,53.437763],[-8.248778,53.438201],[-8.254452,53.436133],[-8.260977,53.435341],[-8.263095,53.433379],[-8.26283,53.429347],[-8.259179,53.427251],[-8.258555,53.422324],[-8.25674,53.420506],[-8.258502,53.41582],[-8.257223,53.413587],[-8.25474,53.412429],[-8.246412,53.413148],[-8.242289,53.413002],[-8.238112,53.410793],[-8.237827,53.405938],[-8.234784,53.405323],[-8.23207,53.403348],[-8.23157,53.400989],[-8.2252,53.397059],[-8.224592,53.395385],[-8.226861,53.3906],[-8.231249,53.388655],[-8.23049,53.386022],[-8.236041,53.382772],[-8.234495,53.381599],[-8.241154,53.377958],[-8.242966,53.375852],[-8.246314,53.3744],[-8.243199,53.369737],[-8.242503,53.365929],[-8.237371,53.364796],[-8.238545,53.36068],[-8.23783,53.358437],[-8.231639,53.358913],[-8.227596,53.355349],[-8.229787,53.35153],[-8.232517,53.349658],[-8.215829,53.346552],[-8.213568,53.344105],[-8.209471,53.34517],[-8.205941,53.347621],[-8.199948,53.347777],[-8.197211,53.341036],[-8.195618,53.3412],[-8.193512,53.33554],[-8.187616,53.336187],[-8.187601,53.332957],[-8.189085,53.327486],[-8.186853,53.322284],[-8.188937,53.321948],[-8.192225,53.31899],[-8.189974,53.316986],[-8.190331,53.313308],[-8.195389,53.307803],[-8.190027,53.306754],[-8.187285,53.304317],[-8.188094,53.301509],[-8.183371,53.300092],[-8.180155,53.291357],[-8.176435,53.288036],[-8.167613,53.287401],[-8.161104,53.288045],[-8.153544,53.287345],[-8.149948,53.285007],[-8.148033,53.279867],[-8.13966,53.278967],[-8.136789,53.281245],[-8.133086,53.281954],[-8.126172,53.280527],[-8.118647,53.279939],[-8.110143,53.278695],[-8.099165,53.278014],[-8.09711,53.275754],[-8.094313,53.275748],[-8.089635,53.274071],[-8.077289,53.27304],[-8.07568,53.272375],[-8.065922,53.27356],[-8.061712,53.271429],[-8.056153,53.271775],[-8.055685,53.274078],[-8.051898,53.277034],[-8.049547,53.282186],[-8.04503,53.289632],[-8.03734,53.291479],[-8.0318,53.29502],[-8.02955,53.300319],[-8.024123,53.304106],[-8.025813,53.307007],[-8.025321,53.308664],[-8.027924,53.313028],[-8.0265,53.317551],[-8.027163,53.321047],[-8.021608,53.323874],[-8.012316,53.324464],[-8.00376,53.321984],[-7.995905,53.324408],[-7.991253,53.32753],[-7.986191,53.329144],[-7.989558,53.330863],[-7.988827,53.333651],[-7.982905,53.337555],[-7.975998,53.335462],[-7.969,53.335369],[-7.960603,53.336945],[-7.957775,53.33859],[-7.947432,53.341011],[-7.943578,53.341156],[-7.941535,53.344691],[-7.943448,53.346143],[-7.943669,53.350034],[-7.940076,53.35506],[-7.937028,53.358003],[-7.930686,53.362026],[-7.925867,53.361497],[-7.923451,53.363188]]]}},
{"type":"Feature","id":"IRL:ADM2:IE-C.galway-city-central-lea-6","properties":{"shapeName":"GALWAY CITY CENTRAL LEA-6","shapeISO":"","shapeGroup":"IRL","shapeType":"ADM2","adm1ISO":"IE-C","parentISO":"IE-C","parentID":"IRL:ADM1:IE-C","src_shape_id":"5873133B36266904868513"},"geometry":{"type":"Polygon","coordinates":[[[-9.023414,53.313308],[-9.032691,53.314565],[-9.034927,53.312452],[-9.037893,53.312957],[-9.041213,53.311221],[-9.045032,53.311418],[-9.049078,53.310162],[-9.051644,53.314234],[-9.05715,53.315457],[-9.064867,53.31899],[-9.066839,53.316255],[-9.069351,53.316057],[-9.071158,53.310489],[-9.077109,53.30811],[-9.075983,53.303855],[-9.079,53.301668],[-9.086925,53.302826],[-9.088299,53.303715],[-9.09482,53.296964],[-9.097505,53.297645],[-9.101149,53.296564],[-9.103938,53.293949],[-9.107985,53.287705],[-9.111378,53.287022],[-9.112469,53.282307],[-9.119972,53.281151],[-9.118239,53.281122],[-9.092624,53.276353],[-9.090665,53.275004],[-9.08515,53.2734],[-9.078687,53.273673],[-9.062649,53.272269],[-9.06739,53.267388],[-9.066581,53.264947],[-9.064291,53.263517],[-9.06428,53.261601],[-9.062393,53.263173],[-9.056534,53.262849],[-9.052735,53.263893],[-9.049831,53.266158],[-9.04667,53.266804],[-9.042712,53.271924],[-9.044073,53.272503],[-9.03529,53.280452],[-9.043573,53.284876],[-9.045485,53.286969],[-9.038198,53.292343],[-9.035401,53.29563],[-9.035216,53.30052],[-9.032793,53.3066],[-9.028646,53.308349],[-9.023414,53.313308]]]}},
{"type":"Feature","id":"IRL:ADM2:IE-C.roscommon-lea-6","properties":{"shapeName":"ROSCOMMON LEA-6","shapeISO":"","shapeGroup":"IRL","shapeType":"ADM2","adm1ISO":"IE-C","parentISO":"IE-C","parentID":"IRL:ADM1:IE-C","src_shape_id":"5873133B51577512339475"},"geometry":{"type":"Polygon","coordinates":[[[-8.695531,53.670884],[-8.693758,53.671465],[-8.680709,53.673224],[-8.673165,53.675184],[-8.661859,53.675974],[-8.655533,53.676927],[-8.655458,53.678856],[-8.650806,53.683045],[-8.648319,53.683056],[-8.640991,53.685792],[-8.64114,53.689247],[-8.645259,53.693982],[-8.639802,53.697726],[-8.636324,53.698204],[-8.633634,53.700765],[-8.634752,53.704192],[-8.629512,53.704107],[-8.62705,53.705165],[-8.619796,53.706046],[-8.613492,53.70509],[-8.605623,53.707497],[-8.604317,53.710495],[-8.581075,53.708644],[-8.582831,53.713753],[-8.58137,53.713962],[-8.573708,53.718912],[-8.568483,53.716646],[-8.559406,53.715891],[-8.553975,53.718269],[-8.550657,53.718709],[-8.533873,53.716306],[-8.534536,53.718887],[-8.519772,53.712272],[-8.503245,53.714371],[-8.488233,53.71577],[-8.468823,53.715453],[-8.465927,53.713864],[-8.461396,53.71299],[-8.453041,53.708263],[-8.45261,53.705821],[-8.446158,53.705115],[-8.444513,53.702372],[-8.448883,53.697871],[-8.451767,53.699343],[-8.458923,53.700425],[-8.457968,53.696789],[-8.448011,53.693505],[-8.444005,53.691479],[-8.447195,53.6877],[-8.443564,53.684949],[-8.438547,53.684463],[-8.433934,53.681965],[-8.436147,53.681024],[-8.436754,53.677567],[-8.433335,53.673573],[-8.429579,53.671543],[-8.425282,53.670844],[-8.42384,53.669565],[-8.41593,53.666729],[-8.410941,53.667038],[-8.40391,53.666172],[-8.403256,53.671391],[-8.397364,53.670794],[-8.390907,53.671297],[-8.384754,53.671008],[-8.38308,53.671882],[-8.384119,53.674525],[-8.379942,53.676528],[-8.376539,53.676509],[-8.368342,53.674741],[-8.366742,53.673831],[-8.35929,53.672096],[-8.354008,53.672442],[-8.352923,53.667337],[-8.348756,53.667956],[-8.342656,53.665926],[-8.337204,53.665697],[-8.337011,53.669114],[-8.324321,53.669855],[-8.324945,53.671684],[-8.317827,53.670416],[-8.316505,53.667725],[-8.317384,53.665511],[-8.316037,53.663726],[-8.317202,53.661874],[-8.312872,53.659908],[-8.313186,53.658415],[-8.309106,53.655627],[-8.295747,53.652933],[-8.29511,53.649983],[-8.287919,53.648708],[-8.288383,53.641641],[-8.286633,53.640136],[-8.283088,53.640007],[-8.27736,53.637518],[-8.271916,53.637581],[-8.266805,53.636353],[-8.262301,53.636706],[-8.259268,53.641688],[-8.259467,53.644838],[-8.245527,53.64313],[-8.242171,53.64158],[-8.240866,53.638279],[-8.240769,53.633364],[-8.23708,53.631145],[-8.234946,53.627653],[-8.242067,53.625056],[-8.241719,53.621863],[-8.230419,53.617897],[-8.225136,53.616956],[-8.225221,53.608174],[-8.226901,53.605773],[-8.223796,53.603842],[-8.224078,53.601395],[-8.222226,53.599248],[-8.223727,53.597103],[-8.222839,53.593904],[-8.22397,53.591415],[-8.222049,53.59025],[-8.221988,53.587831],[-8.219228,53.582476],[-8.215329,53.582626],[-8.202608,53.594803],[-8.198909,53.594432],[-8.198517,53.596392],[-8.188455,53.592262],[-8.194556,53.589733],[-8.195173,53.584247],[-8.193345,53.581521],[-8.18601,53.580242],[-8.182957,53.577693],[-8.175407,53.574874],[-8.174288,53.577884],[-8.16688,53.580158],[-8.164499,53.579429],[-8.16129,53.581064],[-8.1565,53.581254],[-8.157966,53.583223],[-8.156615,53.584837],[-8.14446,53.58499],[-8.142661,53.581848],[-8.141605,53.576915],[-8.13852,53.576884],[-8.130207,53.5748],[-8.123516,53.573741],[-8.122999,53.572507],[-8.118233,53.571715],[-8.115913,53.570062],[-8.111211,53.570493],[-8.120441,53.578534],[-8.114875,53.579415],[-8.108051,53.578374],[-8.10911,53.576926],[-8.104076,53.573897],[-8.09916,53.57195],[-8.098606,53.576132],[-8.091996,53.578356],[-8.086562,53.576122],[-8.08835,53.573278],[-8.083685,53.570904],[-8.08576,53.566924],[-8.078581,53.564243],[-8.075997,53.561393],[-8.07081,53.562385],[-8.068192,53.563689],[-8.066923,53.560586],[-8.060318,53.560317],[-8.059162,53.562608],[-8.055775,53.56193],[-8.053668,53.565221],[-8.050306,53.565061],[-8.048608,53.567093],[-8.043895,53.56839],[-8.03867,53.571275],[-8.039287,53.579006],[-8.013266,53.579434],[-8.015205,53.581072],[-8.035979,53.607686],[-8.035949,53.630923],[-8.034654,53.643386],[-8.026757,53.653171],[-8.021486,53.657747],[-8.014788,53.662397],[-8.010313,53.662897],[-8.005638,53.661867],[-8.002679,53.663105],[-7.99948,53.669029],[-7.992389,53.674149],[-7.990846,53.675954],[-7.984093,53.680364],[-7.982684,53.685879],[-7.982929,53.691763],[-7.98766,53.697645],[-7.987158,53.699888],[-7.984481,53.701072],[-7.976883,53.701746],[-7.972649,53.706413],[-7.969624,53.707725],[-7.965214,53.711249],[-7.960077,53.711363],[-7.954356,53.710385],[-7.949739,53.713281],[-7.949218,53.715495],[-7.945045,53.725126],[-7.94414,53.728244],[-7.947543,53.735364],[-7.947472,53.737053],[-7.943474,53.738777],[-7.939069,53.738382],[-7.93779,53.742229],[-7.93994,53.743549],[-7.944358,53.744174],[-7.947906,53.746465],[-7.953823,53.747453],[-7.963718,53.745414],[-7.967187,53.74591],[-7.972382,53.75084],[-7.973586,53.753811],[-7.972881,53.755743],[-7.975686,53.756658],[-7.984913,53.754231],[-7.99742,53.753761],[-7.999834,53.751871],[-8.017098,53.750409],[-8.017411,53.749422],[-8.030527,53.749866],[-8.034562,53.750347],[-8.03183,53.746655],[-8.03319,53.744667],[-8.033405,53.740351],[-8.036804,53.739063],[-8.035796,53.737276],[-8.0397,53.736757],[-8.05028,53.737055],[-8.056378,53.738278],[-8.06401,53.737847],[-8.064672,53.742291],[-8.075144,53.745721],[-8.077934,53.748389],[-8.089003,53.752066],[-8.088379,53.753296],[-8.094458,53.754993],[-8.09857,53.755291],[-8.101594,53.756942],[-8.106709,53.754375],[-8.111102,53.750949],[-8.113534,53.748157],[-8.116927,53.747438],[-8.124016,53.750368],[-8.123776,53.75269],[-8.128669,53.756505],[-8.128523,53.760853],[-8.134141,53.763616],[-8.135166,53.766861],[-8.142577,53.766266],[-8.144087,53.765169],[-8.145669,53.761276],[-8.157245,53.764611],[-8.163944,53.765237],[-8.17377,53.769466],[-8.179896,53.76862],[-8.185754,53.768581],[-8.188771,53.765441],[-8.192571,53.763478],[-8.195441,53.763726],[-8.201004,53.76094],[-8.20492,53.760891],[-8.211705,53.759779],[-8.213906,53.75573],[-8.220803,53.756609],[-8.227417,53.759329],[-8.227674,53.761021],[-8.237078,53.761388],[-8.237746,53.753989],[-8.249266,53.758704],[-8.25255,53.755616],[-8.248822,53.753153],[-8.249074,53.749933],[-8.256965,53.746969],[-8.263515,53.747867],[-8.268507,53.742909],[-8.272519,53.743269],[-8.276512,53.742479],[-8.281639,53.744219],[-8.276891,53.746991],[-8.276413,53.752195],[-8.286349,53.750243],[-8.290794,53.756335],[-8.288471,53.758203],[-8.298152,53.763659],[-8.303451,53.764025],[-8.308804,53.762732],[-8.307621,53.7658],[-8.306715,53.771594],[-8.302551,53.770271],[-8.29666,53.769549],[-8.294459,53.773611],[-8.298925,53.77476],[-8.308824,53.77559],[-8.312486,53.776712],[-8.306889,53.781537],[-8.30558,53.78368],[-8.313388,53.78228],[-8.318681,53.783451],[-8.314576,53.791428],[-8.326065,53.793777],[-8.327382,53.79638],[-8.340613,53.799851],[-8.345895,53.795176],[-8.35452,53.797177],[-8.359213,53.79872],[-8.360116,53.793929],[-8.366913,53.791477],[-8.376367,53.794216],[-8.382704,53.795576],[-8.387156,53.795711],[-8.391019,53.794711],[-8.388745,53.792393],[-8.390613,53.789908],[-8.408704,53.798965],[-8.413585,53.802863],[-8.40815,53.805179],[-8.40439,53.81337],[-8.397772,53.817495],[-8.399493,53.818065],[-8.397887,53.821695],[-8.405892,53.823462],[-8.409344,53.824956],[-8.414244,53.825592],[-8.430566,53.83291],[-8.420005,53.843205],[-8.434626,53.847821],[-8.4512,53.848579],[-8.454428,53.859184],[-8.469307,53.861755],[-8.472908,53.857834],[-8.480413,53.858031],[-8.480418,53.848406],[-8.484364,53.845794],[-8.490195,53.847369],[-8.498131,53.847415],[-8.502141,53.842776],[-8.510322,53.846917],[-8.519029,53.848874],[-8.523726,53.848353],[-8.525085,53.847288],[-8.533241,53.8518],[-8.53127,53.854305],[-8.53091,53.861174],[-8.525803,53.860963],[-8.504815,53.867013],[-8.501454,53.867517],[-8.500129,53.869917],[-8.501974,53.879779],[-8.504942,53.880417],[-8.505379,53.88509],[-8.511437,53.884603],[-8.519902,53.885793],[-8.524859,53.885783],[-8.528835,53.886845],[-8.530666,53.883104],[-8.543439,53.88347],[-8.544353,53.884412],[-8.55082,53.884942],[-8.551957,53.886051],[-8.562236,53.886185],[-8.566121,53.885361],[-8.573621,53.88595],[-8.579397,53.884546],[-8.581006,53.885322],[-8.585684,53.882215],[-8.583142,53.87968],[-8.590368,53.87836],[-8.595358,53.879507],[-8.597808,53.87795],[-8.600242,53.879253],[-8.604385,53.878805],[-8.605623,53.877482],[-8.616486,53.879922],[-8.620553,53.881698],[-8.62397,53.880936],[-8.626787,53.881873],[-8.630599,53.877976],[-8.63739,53.877059],[-8.638215,53.872651],[-8.635271,53.87091],[-8.635444,53.868675],[-8.63879,53.866863],[-8.644039,53.867006],[-8.647728,53.865444],[-8.662799,53.870784],[-8.667977,53.873091],[-8.672394,53.875955],[-8.677669,53.877126],[-8.682535,53.87345],[-8.69404,53.873722],[-8.703798,53.874384],[-8.702386,53.868831],[-8.699499,53.863184],[-8.694258,53.86241],[-8.695449,53.851933],[-8.698598,53.84994],[-8.705697,53.850407],[-8.713595,53.846653],[-8.716277,53.848094],[-8.721241,53.848479],[-8.723758,53.847104],[-8.721246,53.844328],[-8.718634,53.843682],[-8.716413,53.840481],[-8.716686,53.834719],[-8.713878,53.834725],[-8.711317,53.831919],[-8.712185,53.830505],[-8.717455,53.827345],[-8.72198,53.82727],[-8.723017,53.824356],[-8.715507,53.819486],[-8.715553,53.817222],[-8.725438,53.813823],[-8.728127,53.815113],[-8.738347,53.811144],[-8.739434,53.80994],[-8.733173,53.806305],[-8.727792,53.80556],[-8.717132,53.802553],[-8.714163,53.803212],[-8.708331,53.801959],[-8.707473,53.799404],[-8.705138,53.797252],[-8.699685,53.796217],[-8.695097,53.796829],[-8.693889,53.798179],[-8.686311,53.792982],[-8.688959,53.789311],[-8.682478,53.783046],[-8.680113,53.779946],[-8.675925,53.777566],[-8.672573,53.778067],[-8.667691,53.776035],[-8.669218,53.772594],[-8.672932,53.770771],[-8.675913,53.770867],[-8.684255,53.766622],[-8.682973,53.764321],[-8.680627,53.764055],[-8.680229,53.760194],[-8.682038,53.757473],[-8.680461,53.756167],[-8.68013,53.753201],[-8.685101,53.747858],[-8.684444,53.745518],[-8.689312,53.74493],[-8.691287,53.741824],[-8.689767,53.739952],[-8.694848,53.739601],[-8.69649,53.736177],[-8.700559,53.733743],[-8.696541,53.730477],[-8.694069,53.726839],[-8.693336,53.723973],[-8.70219,53.724499],[-8.709771,53.723533],[-8.714469,53.724696],[-8.714896,53.722789],[-8.712886,53.712116],[-8.716777,53.712155],[-8.720563,53.709992],[-8.722695,53.71075],[-8.72769,53.709375],[-8.72908,53.706514],[-8.744037,53.703209],[-8.746483,53.703571],[-8.750293,53.700717],[-8.756093,53.700759],[-8.759675,53.696543],[-8.757002,53.693051],[-8.759318,53.690866],[-8.762773,53.690776],[-8.76694,53.689461],[-8.773309,53.689876],[-8.776001,53.688076],[-8.778805,53.689183],[-8.780207,53.691215],[-8.785144,53.692352],[-8.78618,53.695588],[-8.792319,53.695694],[-8.794631,53.691944],[-8.797891,53.68964],[-8.801682,53.681673],[-8.806607,53.678996],[-8.806886,53.674842],[-8.810903,53.673266],[-8.813629,53.671092],[-8.813696,53.669426],[-8.817432,53.667685],[-8.821221,53.667077],[-8.823289,53.664989],[-8.819149,53.665926],[-8.814933,53.66201],[-8.809095,53.660853],[-8.800913,53.657299],[-8.794293,53.657039],[-8.785759,53.658719],[-8.777852,53.665177],[-8.773531,53.666435],[-8.76903,53.664084],[-8.761403,53.663893],[-8.755845,53.665882],[-8.752741,53.663708],[-8.748528,53.662127],[-8.739965,53.662611],[-8.73385,53.665825],[-8.72908,53.671215],[-8.724665,53.669665],[-8.723447,53.665056],[-8.713214,53.6659],[-8.702042,53.668674],[-8.695531,53.670884]]]}},
{"type":"Feature","id":"IRL:ADM2:IE-C.boyle-lea-6","properties":{"shapeName":"BOYLE LEA-6","shapeISO":"","shapeGroup":"IRL","shapeType":"ADM2","adm1ISO":"IE-C","parentISO":"IE-C","parentID":"IRL:ADM1:IE-C","src_shape_id":"5873133B69148251137192"},"geometry":{"type":"Polygon","coordinates":[[[-8.163512,54.108982],[-8.16225,54.106375],[-8.155872,54.10396],[-8.154944,54.101747],[-8.157932,54.101193],[-8.166538,54.101354],[-8.168027,54.099011],[-8.176985,54.088395],[-8.179694,54.086426],[-8.184767,54.086074],[-8.188969,54.087292],[-8.194477,54.087541],[-8.201628,54.086163],[-8.204453,54.084895],[-8.209722,54.085655],[-8.211396,54.084315],[-8.21775,54.084448],[-8.21961,54.08305],[-8.215972,54.078368],[-8.219802,54.076962],[-8.214919,54.068368],[-8.216935,54.066717],[-8.218531,54.061552],[-8.228011,54.059192],[-8.236059,54.059735],[-8.239175,54.058293],[-8.236831,54.051983],[-8.239313,54.048701],[-8.234676,54.043423],[-8.238375,54.03964],[-8.246769,54.041425],[-8.250875,54.044293],[-8.254969,54.050327],[-8.259684,54.052729],[-8.263224,54.053291],[-8.265356,54.049825],[-8.273313,54.049051],[-8.276456,54.046672],[-8.276839,54.044948],[-8.280681,54.041647],[-8.281068,54.03866],[-8.286626,54.037687],[-8.286651,54.039577],[-8.289194,54.0429],[-8.294513,54.04477],[-8.302767,54.037627],[-8.306839,54.029882],[-8.304634,54.029159],[-8.305352,54.02571],[-8.307501,54.02521],[-8.31186,54.020415],[-8.312221,54.018643],[-8.309044,54.016764],[-8.305972,54.016612],[-8.309086,54.012265],[-8.313437,54.009627],[-8.317237,54.009447],[-8.317625,54.007653],[-8.3152,54.004608],[-8.322559,54.003146],[-8.330752,54.002215],[-8.334931,54.000741],[-8.345608,53.999253],[-8.348071,53.999607],[-8.357468,54.00279],[-8.366208,54.004591],[-8.375053,54.004365],[-8.376838,54.001638],[-8.375806,53.999572],[-8.38265,53.998604],[-8.388962,53.999004],[-8.397882,54.001641],[-8.398247,53.999507],[-8.400877,53.996655],[-8.392807,53.993354],[-8.387692,53.989856],[-8.387911,53.988368],[-8.384659,53.985591],[-8.385707,53.981798],[-8.38849,53.981547],[-8.390478,53.978885],[-8.387101,53.978431],[-8.387036,53.973181],[-8.382197,53.972465],[-8.382848,53.970985],[-8.38706,53.968918],[-8.389057,53.968992],[-8.392812,53.964858],[-8.398681,53.964433],[-8.402364,53.965903],[-8.410266,53.967183],[-8.416959,53.965229],[-8.425047,53.96535],[-8.42244,53.961987],[-8.419194,53.961953],[-8.41003,53.960426],[-8.404446,53.960461],[-8.40697,53.957729],[-8.406134,53.956658],[-8.391718,53.953742],[-8.377457,53.951862],[-8.377285,53.949449],[-8.368242,53.948396],[-8.360865,53.947993],[-8.360291,53.951219],[-8.357055,53.950441],[-8.346839,53.950932],[-8.348248,53.944741],[-8.349617,53.942302],[-8.342638,53.941555],[-8.338355,53.935522],[-8.338063,53.932901],[-8.333667,53.930501],[-8.332948,53.927655],[-8.336268,53.926238],[-8.345034,53.92693],[-8.352069,53.926711],[-8.355546,53.927459],[-8.36474,53.927417],[-8.371108,53.925511],[-8.376782,53.925492],[-8.377402,53.926659],[-8.384438,53.927272],[-8.387386,53.925661],[-8.395234,53.925434],[-8.405034,53.92677],[-8.416997,53.926395],[-8.431283,53.926853],[-8.434299,53.928618],[-8.438068,53.927694],[-8.438686,53.926323],[-8.444216,53.92687],[-8.448198,53.925577],[-8.450321,53.91964],[-8.447704,53.915119],[-8.4509,53.913508],[-8.469081,53.91301],[-8.477341,53.920917],[-8.488004,53.921413],[-8.501879,53.926122],[-8.506658,53.926209],[-8.50957,53.924824],[-8.514352,53.925088],[-8.518776,53.92622],[-8.523073,53.933016],[-8.522402,53.936158],[-8.519884,53.938006],[-8.5197,53.940562],[-8.522623,53.942652],[-8.521826,53.944339],[-8.526809,53.947274],[-8.526847,53.949395],[-8.529905,53.952792],[-8.536778,53.957546],[-8.542799,53.954896],[-8.551216,53.953134],[-8.567936,53.95229],[-8.573281,53.953853],[-8.585085,53.953818],[-8.586163,53.954823],[-8.593424,53.955803],[-8.598813,53.957857],[-8.596909,53.954336],[-8.598752,53.95009],[-8.603902,53.952011],[-8.60769,53.955094],[-8.613131,53.956737],[-8.61638,53.95664],[-8.621003,53.957855],[-8.625137,53.959885],[-8.63352,53.961845],[-8.641048,53.962926],[-8.647393,53.965532],[-8.663683,53.970827],[-8.666673,53.974939],[-8.677553,53.969719],[-8.683119,53.968767],[-8.682994,53.967357],[-8.686284,53.964247],[-8.691086,53.963235],[-8.691651,53.962006],[-8.685814,53.958552],[-8.685032,53.954598],[-8.681136,53.953541],[-8.676248,53.950355],[-8.668408,53.949532],[-8.666775,53.948047],[-8.672528,53.946608],[-8.681616,53.947451],[-8.678737,53.943914],[-8.679612,53.940219],[-8.68208,53.934291],[-8.68695,53.924899],[-8.680563,53.923187],[-8.685487,53.91876],[-8.667948,53.911953],[-8.66687,53.908899],[-8.661705,53.905953],[-8.656836,53.904251],[-8.64819,53.902703],[-8.639448,53.901799],[-8.633243,53.899187],[-8.634213,53.891871],[-8.636628,53.889534],[-8.626473,53.886209],[-8.625884,53.884647],[-8.620553,53.881698],[-8.616486,53.879922],[-8.605623,53.877482],[-8.604385,53.878805],[-8.600242,53.879253],[-8.597808,53.87795],[-8.595358,53.879507],[-8.590368,53.87836],[-8.583142,53.87968],[-8.585684,53.882215],[-8.581006,53.885322],[-8.579397,53.884546],[-8.573621,53.88595],[-8.566121,53.885361],[-8.562236,53.886185],[-8.551957,53.886051],[-8.55082,53.884942],[-8.544353,53.884412],[-8.543439,53.88347],[-8.530666,53.883104],[-8.528835,53.886845],[-8.524859,53.885783],[-8.519902,53.885793],[-8.511437,53.884603],[-8.505379,53.88509],[-8.504942,53.880417],[-8.501974,53.879779],[-8.500129,53.869917],[-8.501454,53.867517],[-8.504815,53.867013],[-8.525803,53.860963],[-8.53091,53.861174],[-8.53127,53.854305],[-8.533241,53.8518],[-8.525085,53.847288],[-8.523726,53.848353],[-8.519029,53.848874],[-8.510322,53.846917],[-8.502141,53.842776],[-8.498131,53.847415],[-8.490195,53.847369],[-8.484364,53.845794],[-8.480418,53.848406],[-8.480413,53.858031],[-8.472908,53.857834],[-8.469307,53.861755],[-8.454428,53.859184],[-8.4512,53.848579],[-8.434626,53.847821],[-8.420005,53.843205],[-8.430566,53.83291],[-8.414244,53.825592],[-8.409344,53.824956],[-8.405892,53.823462],[-8.397887,53.821695],[-8.399493,53.818065],[-8.397772,53.817495],[-8.40439,53.81337],[-8.40815,53.805179],[-8.413585,53.802863],[-8.408704,53.798965],[-8.390613,53.789908],[-8.388745,53.792393],[-8.391019,53.794711],[-8.387156,53.795711],[-8.382704,53.795576],[-8.376367,53.794216],[-8.366913,53.791477],[-8.360116,53.793929],[-8.359213,53.79872],[-8.35452,53.797177],[-8.345895,53.795176],[-8.340613,53.799851],[-8.327382,53.79638],[-8.326065,53.793777],[-8.314576,53.791428],[-8.318681,53.783451],[-8.313388,53.78228],[-8.30558,53.78368],[-8.306889,53.781537],[-8.312486,53.776712],[-8.308824,53.77559],[-8.298925,53.77476],[-8.294459,53.773611],[-8.29666,53.769549],[-8.302551,53.770271],[-8.306715,53.771594],[-8.307621,53.7658],[-8.308804,53.762732],[-8.303451,53.764025],[-8.298152,53.763659],[-8.288471,53.758203],[-8.290794,53.756335],[-8.286349,53.750243],[-8.276413,53.752195],[-8.276891,53.746991],[-8.281639,53.744219],[-8.276512,53.742479],[-8.272519,53.743269],[-8.268507,53.742909],[-8.263515,53.747867],[-8.256965,53.746969],[-8.249074,53.749933],[-8.248822,53.753153],[-8.25255,53.755616],[-8.249266,53.758704],[-8.237746,53.753989],[-8.237078,53.761388],[-8.227674,53.761021],[-8.227417,53.759329],[-8.220803,53.756609],[-8.213906,53.75573],[-8.211705,53.759779],[-8.20492,53.760891],[-8.201004,53.76094],[-8.195441,53.763726],[-8.192571,53.763478],[-8.188771,53.765441],[-8.185754,53.768581],[-8.179896,53.76862],[-8.17377,53.769466],[-8.163944,53.765237],[-8.157245,53.764611],[-8.145669,53.761276],[-8.144087,53.765169],[-8.142577,53.766266],[-8.135166,53.766861],[-8.134141,53.763616],[-8.128523,53.760853],[-8.128669,53.756505],[-8.123776,53.75269],[-8.124016,53.750368],[-8.116927,53.747438],[-8.113534,53.748157],[-8.111102,53.750949],[-8.106709,53.754375],[-8.101594,53.756942],[-8.09857,53.755291],[-8.094458,53.754993],[-8.088379,53.753296],[-8.089003,53.752066],[-8.077934,53.748389],[-8.075144,53.745721],[-8.064672,53.742291],[-8.06401,53.737847],[-8.056378,53.738278],[-8.05028,53.737055],[-8.0397,53.736757],[-8.035796,53.737276],[-8.036804,53.739063],[-8.033405,53.740351],[-8.03319,53.744667],[-8.03183,53.746655],[-8.034562,53.750347],[-8.030527,53.749866],[-8.017411,53.749422],[-8.017098,53.750409],[-7.999834,53.751871],[-7.99742,53.753761],[-7.984913,53.754231],[-7.975686,53.756658],[-7.972881,53.755743],[-7.973586,53.753811],[-7.972382,53.75084],[-7.967187,53.74591],[-7.963718,53.745414],[-7.953823,53.747453],[-7.947906,53.746465],[-7.944358,53.744174],[-7.93994,53.743549],[-7.93779,53.742229],[-7.939069,53.738382],[-7.931765,53.733686],[-7.92286,53.733368],[-7.917004,53.735875],[-7.918122,53.738104],[-7.916872,53.744229],[-7.917679,53.746882],[-7.915262,53.74796],[-7.9087,53.749197],[-7.906272,53.752424],[-7.902123,53.753636],[-7.898096,53.756415],[-7.889604,53.757628],[-7.886088,53.760056],[-7.886766,53.762589],[-7.881972,53.767251],[-7.883451,53.771501],[-7.88045,53.776193],[-7.875848,53.777396],[-7.881202,53.785633],[-7.89409,53.786286],[-7.902345,53.790443],[-7.905287,53.791171],[-7.909465,53.794261],[-7.910066,53.805237],[-7.910852,53.810235],[-7.917674,53.818591],[-7.91877,53.821485],[-7.920959,53.825432],[-7.917973,53.828536],[-7.918863,53.83127],[-7.918749,53.837515],[-7.923518,53.84207],[-7.92442,53.846451],[-7.928584,53.85047],[-7.933523,53.849957],[-7.940377,53.847542],[-7.943728,53.849937],[-7.946793,53.855068],[-7.953462,53.858111],[-7.956947,53.863916],[-7.961619,53.866968],[-7.965049,53.866231],[-7.970942,53.866296],[-7.976557,53.865687],[-7.981213,53.869847],[-7.97754,53.875591],[-7.977603,53.877557],[-7.981683,53.88417],[-7.981137,53.885702],[-7.977302,53.888064],[-7.981525,53.892603],[-7.988543,53.896595],[-7.98793,53.899631],[-7.991632,53.901156],[-7.99373,53.904145],[-7.99115,53.911527],[-7.989425,53.913053],[-7.989403,53.915881],[-7.993142,53.919405],[-7.993898,53.921442],[-7.998981,53.922316],[-8.002507,53.919412],[-8.004839,53.919529],[-8.010645,53.924135],[-8.012993,53.927123],[-8.012843,53.931214],[-8.010796,53.933296],[-8.014394,53.93412],[-8.018684,53.933809],[-8.024902,53.935904],[-8.031761,53.93289],[-8.032699,53.929928],[-8.02869,53.92878],[-8.026203,53.926981],[-8.029787,53.922367],[-8.038591,53.918133],[-8.041652,53.917569],[-8.043882,53.91561],[-8.047328,53.914774],[-8.049021,53.912538],[-8.061816,53.909607],[-8.064068,53.910962],[-8.065294,53.914794],[-8.068406,53.917398],[-8.073985,53.918603],[-8.073089,53.923729],[-8.084654,53.91988],[-8.085219,53.923051],[-8.088974,53.928137],[-8.093551,53.93028],[-8.092896,53.931693],[-8.085825,53.933862],[-8.083083,53.93589],[-8.081578,53.938868],[-8.084402,53.942715],[-8.091024,53.941856],[-8.10094,53.943462],[-8.099496,53.946798],[-8.100805,53.948966],[-8.106646,53.950904],[-8.113675,53.951249],[-8.115281,53.954025],[-8.112191,53.956894],[-8.102784,53.962993],[-8.09913,53.9632],[-8.095124,53.964949],[-8.09471,53.969042],[-8.091251,53.972812],[-8.090894,53.975228],[-8.088605,53.976642],[-8.082001,53.975562],[-8.079083,53.975723],[-8.073817,53.979004],[-8.072069,53.981006],[-8.071616,53.984956],[-8.069101,53.986379],[-8.070112,53.988939],[-8.075662,53.989486],[-8.078619,53.991094],[-8.079576,53.993751],[-8.076579,53.998625],[-8.079034,53.999911],[-8.077474,54.004476],[-8.079908,54.009185],[-8.084624,54.010137],[-8.086059,54.01362],[-8.085545,54.016025],[-8.087683,54.017591],[-8.08796,54.022376],[-8.091187,54.026702],[-8.08944,54.031952],[-8.091509,54.033793],[-8.084545,54.043221],[-8.080136,54.047166],[-8.078503,54.05115],[-8.07046,54.051257],[-8.067423,54.055015],[-8.063211,54.057653],[-8.060356,54.058222],[-8.059429,54.061661],[-8.054522,54.066969],[-8.049602,54.069155],[-8.047569,54.071589],[-8.056973,54.07828],[-8.05315,54.104687],[-8.067487,54.105285],[-8.072352,54.104503],[-8.077661,54.10566],[-8.083355,54.10601],[-8.084601,54.109573],[-8.088903,54.107963],[-8.092244,54.107639],[-8.095862,54.109005],[-8.105526,54.108928],[-8.108526,54.110849],[-8.111047,54.11429],[-8.114213,54.114555],[-8.124157,54.118471],[-8.131459,54.12028],[-8.134741,54.119816],[-8.140672,54.123834],[-8.148312,54.124309],[-8.152572,54.11902],[-8.153888,54.115753],[-8.162552,54.111424],[-8.163512,54.108982]]]}},
{"type":"Feature","id":"IRL:ADM2:IE-C.ballinamore-lea-6","properties":{"shapeName":"BALLINAMORE-LEA-6","shapeISO":"","shapeGroup":"IRL","shapeType":"ADM2","adm1ISO":"IE-C","parentISO":"IE-C","parentID":"IRL:ADM1:IE-C","src_shape_id":"5873133B64566250281518"},"geometry":{"type":"Polygon","coordinates":[[[-8.038834,54.183843],[-8.033945,54.180282],[-8.044324,54.174802],[-8.042849,54.173364],[-8.046372,54.169419],[-8.046248,54.167017],[-8.043092,54.16503],[-8.044979,54.163231],[-8.045709,54.157311],[-8.047787,54.154201],[-8.050947,54.119174],[-8.05315,54.104687],[-8.056973,54.07828],[-8.047569,54.071589],[-8.049602,54.069155],[-8.054522,54.066969],[-8.059429,54.061661],[-8.060356,54.058222],[-8.063211,54.057653],[-8.067423,54.055015],[-8.07046,54.051257],[-8.078503,54.05115],[-8.080136,54.047166],[-8.084545,54.043221],[-8.091509,54.033793],[-8.08944,54.031952],[-8.091187,54.026702],[-8.08796,54.022376],[-8.082719,54.02517],[-8.079679,54.032017],[-8.075185,54.034335],[-8.067572,54.034603],[-8.063896,54.030023],[-8.059126,54.030648],[-8.051151,54.038064],[-8.045271,54.039264],[-8.038326,54.037863],[-8.037491,54.035358],[-8.039884,54.03379],[-8.037101,54.029695],[-8.038607,54.0264],[-8.042215,54.023913],[-8.046955,54.023188],[-8.049688,54.013255],[-8.041406,54.014325],[-8.031265,54.018694],[-8.02138,54.021739],[-8.0208,54.024629],[-8.024081,54.027937],[-8.019523,54.028608],[-8.014392,54.0278],[-8.010056,54.029206],[-8.007899,54.028293],[-8.005419,54.023953],[-8.005327,54.01837],[-8.006519,54.014987],[-8.009924,54.014058],[-8.014546,54.015186],[-8.01399,54.011679],[-8.01638,54.008903],[-8.016825,54.005347],[-8.012925,54.00257],[-8.006168,54.001417],[-8.003616,53.999721],[-8.003639,53.997751],[-7.998641,53.997208],[-7.995033,53.998062],[-7.991645,54.000228],[-7.985466,54.002148],[-7.983552,54.004505],[-7.97828,54.007241],[-7.973112,54.010902],[-7.966514,54.013111],[-7.966771,54.015866],[-7.964934,54.018809],[-7.96068,54.017897],[-7.951935,54.017958],[-7.947996,54.017186],[-7.944458,54.014115],[-7.938023,54.01235],[-7.933529,54.012981],[-7.932783,54.017039],[-7.929741,54.018935],[-7.926563,54.023918],[-7.921767,54.021576],[-7.919248,54.016293],[-7.913628,54.016497],[-7.906955,54.013721],[-7.902001,54.010985],[-7.903089,54.009651],[-7.903485,54.005249],[-7.905601,54.003351],[-7.909628,53.995849],[-7.908442,53.990659],[-7.907061,53.988255],[-7.908331,53.986195],[-7.912395,53.984278],[-7.91179,53.980409],[-7.906577,53.981614],[-7.898962,53.982084],[-7.901632,53.984893],[-7.907015,53.988297],[-7.903306,53.989572],[-7.899502,53.988674],[-7.896741,53.986443],[-7.890439,53.98593],[-7.887229,53.98795],[-7.886399,53.991681],[-7.881075,53.992612],[-7.875751,53.994759],[-7.872697,53.98945],[-7.869691,53.987174],[-7.868047,53.984333],[-7.873061,53.981],[-7.865037,53.974356],[-7.862006,53.973449],[-7.859398,53.970165],[-7.856645,53.972929],[-7.852867,53.973893],[-7.846573,53.973715],[-7.843297,53.968887],[-7.8327,53.963808],[-7.835011,53.961206],[-7.837178,53.956912],[-7.839416,53.956217],[-7.839745,53.953321],[-7.838322,53.944681],[-7.840157,53.941079],[-7.839832,53.937253],[-7.836936,53.935273],[-7.835468,53.927843],[-7.83257,53.925105],[-7.828509,53.922756],[-7.828238,53.920531],[-7.819199,53.917416],[-7.814994,53.912619],[-7.811736,53.911673],[-7.812018,53.904182],[-7.810015,53.898535],[-7.806442,53.895483],[-7.8042,53.896423],[-7.799877,53.891341],[-7.799647,53.887521],[-7.793599,53.882162],[-7.794094,53.877159],[-7.791658,53.872044],[-7.785295,53.871681],[-7.783779,53.869751],[-7.780386,53.869654],[-7.776825,53.867579],[-7.773234,53.866904],[-7.766987,53.867106],[-7.76214,53.864095],[-7.759199,53.86454],[-7.755222,53.86738],[-7.75452,53.869138],[-7.758163,53.873635],[-7.750579,53.875527],[-7.751169,53.879247],[-7.7471,53.880225],[-7.745557,53.878682],[-7.737754,53.876182],[-7.736241,53.87776],[-7.73234,53.87805],[-7.728178,53.881442],[-7.726255,53.888183],[-7.723966,53.88909],[-7.718708,53.889332],[-7.712723,53.891268],[-7.710733,53.8934],[-7.712272,53.899143],[-7.705568,53.899739],[-7.701382,53.901144],[-7.698837,53.904687],[-7.693298,53.904525],[-7.690618,53.905871],[-7.69211,53.910901],[-7.692597,53.916251],[-7.691253,53.918361],[-7.680114,53.916984],[-7.676632,53.917379],[-7.667372,53.921412],[-7.668982,53.925053],[-7.668216,53.928239],[-7.660732,53.929318],[-7.660253,53.934359],[-7.657677,53.937388],[-7.653169,53.938312],[-7.649515,53.941913],[-7.646731,53.941553],[-7.644135,53.937924],[-7.63454,53.939415],[-7.631547,53.937994],[-7.621585,53.936244],[-7.619761,53.935386],[-7.611785,53.936289],[-7.61029,53.938364],[-7.613433,53.940384],[-7.603649,53.950694],[-7.59982,53.950171],[-7.596557,53.953362],[-7.592124,53.954687],[-7.587259,53.957566],[-7.586272,53.962694],[-7.588224,53.964329],[-7.593846,53.9664],[-7.592763,53.970189],[-7.58918,53.97071],[-7.58551,53.972646],[-7.584171,53.976509],[-7.585058,53.980888],[-7.589346,53.981407],[-7.593305,53.984558],[-7.599727,53.985735],[-7.600078,53.990141],[-7.596885,53.994158],[-7.594003,53.995124],[-7.593363,53.997087],[-7.594728,54.002177],[-7.593117,54.002929],[-7.595386,54.005645],[-7.597801,54.006218],[-7.599012,54.01019],[-7.601198,54.012735],[-7.594577,54.015065],[-7.597223,54.018307],[-7.597538,54.020463],[-7.601036,54.023291],[-7.608257,54.024633],[-7.61115,54.026704],[-7.614079,54.025324],[-7.611537,54.021505],[-7.612444,54.018907],[-7.616002,54.019413],[-7.619168,54.018505],[-7.624776,54.020565],[-7.627597,54.020185],[-7.635683,54.023055],[-7.640437,54.022506],[-7.642656,54.027617],[-7.646785,54.027923],[-7.646391,54.03319],[-7.644118,54.035802],[-7.640559,54.036393],[-7.637559,54.03912],[-7.635209,54.039357],[-7.637956,54.04291],[-7.641714,54.044582],[-7.645816,54.043841],[-7.649146,54.040229],[-7.654917,54.042771],[-7.654163,54.048791],[-7.657656,54.056384],[-7.663293,54.05598],[-7.66646,54.058902],[-7.670793,54.056232],[-7.675551,54.057284],[-7.676135,54.059645],[-7.682075,54.059187],[-7.684935,54.060219],[-7.687474,54.068092],[-7.698569,54.072308],[-7.702254,54.07876],[-7.708904,54.084221],[-7.713115,54.083066],[-7.721145,54.084843],[-7.72612,54.084111],[-7.729784,54.082433],[-7.736595,54.082926],[-7.735907,54.088964],[-7.738698,54.094495],[-7.744917,54.093562],[-7.750514,54.095081],[-7.751695,54.096964],[-7.751257,54.1005],[-7.752687,54.102335],[-7.757139,54.102349],[-7.755245,54.104502],[-7.75632,54.106238],[-7.761925,54.107174],[-7.764901,54.109522],[-7.770558,54.107112],[-7.778091,54.108039],[-7.785402,54.107576],[-7.788451,54.108433],[-7.790182,54.111989],[-7.793461,54.112988],[-7.79669,54.116811],[-7.799854,54.116394],[-7.804118,54.113653],[-7.804928,54.110645],[-7.814126,54.10783],[-7.816844,54.104881],[-7.813569,54.100272],[-7.822297,54.096451],[-7.824408,54.097626],[-7.83137,54.098588],[-7.830554,54.100491],[-7.835922,54.102858],[-7.839464,54.103583],[-7.847216,54.106872],[-7.850737,54.109537],[-7.858696,54.113084],[-7.850831,54.11758],[-7.851944,54.119044],[-7.861281,54.122532],[-7.86459,54.122691],[-7.871008,54.124335],[-7.875868,54.124449],[-7.881158,54.127576],[-7.882816,54.129303],[-7.881636,54.131848],[-7.891899,54.136748],[-7.888381,54.141795],[-7.901078,54.147944],[-7.905132,54.153882],[-7.912315,54.154582],[-7.9166,54.161221],[-7.923404,54.16203],[-7.925134,54.16344],[-7.926412,54.166814],[-7.933985,54.168426],[-7.939017,54.168686],[-7.943882,54.170815],[-7.952981,54.1789],[-7.961991,54.178728],[-7.968891,54.177071],[-7.975121,54.178854],[-7.977953,54.178434],[-7.984402,54.178901],[-7.991033,54.180865],[-7.9999,54.185553],[-8.000345,54.18896],[-8.004446,54.190415],[-8.005305,54.192279],[-8.013142,54.190651],[-8.013883,54.188076],[-8.022456,54.18739],[-8.029368,54.190355],[-8.030113,54.187397],[-8.035365,54.187649],[-8.036569,54.185042],[-8.038834,54.183843]]]}},
{"type":"Feature","id":"IRL:ADM2:IE-C.swinford-lea-4","properties":{"shapeName":"SWINFORD LEA-4","shapeISO":"","shapeGroup":"IRL","shapeType":"ADM2","adm1ISO":"IE-C","parentISO":"IE-C","parentID":"IRL:ADM1:IE-C","src_shape_id":"5873133B98662462343086"},"geometry":{"type":"Polygon","coordinates":[[[-8.694848,53.739601],[-8.689767,53.739952],[-8.691287,53.741824],[-8.689312,53.74493],[-8.684444,53.745518],[-8.685101,53.747858],[-8.68013,53.753201],[-8.680461,53.756167],[-8.682038,53.757473],[-8.680229,53.760194],[-8.680627,53.764055],[-8.682973,53.764321],[-8.684255,53.766622],[-8.675913,53.770867],[-8.672932,53.770771],[-8.669218,53.772594],[-8.667691,53.776035],[-8.672573,53.778067],[-8.675925,53.777566],[-8.680113,53.779946],[-8.682478,53.783046],[-8.688959,53.789311],[-8.686311,53.792982],[-8.693889,53.798179],[-8.695097,53.796829],[-8.699685,53.796217],[-8.705138,53.797252],[-8.707473,53.799404],[-8.708331,53.801959],[-8.714163,53.803212],[-8.717132,53.802553],[-8.727792,53.80556],[-8.733173,53.806305],[-8.739434,53.80994],[-8.738347,53.811144],[-8.728127,53.815113],[-8.725438,53.813823],[-8.715553,53.817222],[-8.715507,53.819486],[-8.723017,53.824356],[-8.72198,53.82727],[-8.717455,53.827345],[-8.712185,53.830505],[-8.711317,53.831919],[-8.713878,53.834725],[-8.716686,53.834719],[-8.716413,53.840481],[-8.718634,53.843682],[-8.721246,53.844328],[-8.723758,53.847104],[-8.721241,53.848479],[-8.716277,53.848094],[-8.713595,53.846653],[-8.705697,53.850407],[-8.698598,53.84994],[-8.695449,53.851933],[-8.694258,53.86241],[-8.699499,53.863184],[-8.702386,53.868831],[-8.703798,53.874384],[-8.69404,53.873722],[-8.682535,53.87345],[-8.677669,53.877126],[-8.672394,53.875955],[-8.667977,53.873091],[-8.662799,53.870784],[-8.647728,53.865444],[-8.644039,53.867006],[-8.63879,53.866863],[-8.635444,53.868675],[-8.635271,53.87091],[-8.638215,53.872651],[-8.63739,53.877059],[-8.630599,53.877976],[-8.626787,53.881873],[-8.62397,53.880936],[-8.620553,53.881698],[-8.625884,53.884647],[-8.626473,53.886209],[-8.636628,53.889534],[-8.634213,53.891871],[-8.633243,53.899187],[-8.639448,53.901799],[-8.64819,53.902703],[-8.656836,53.904251],[-8.661705,53.905953],[-8.66687,53.908899],[-8.667948,53.911953],[-8.685487,53.91876],[-8.680563,53.923187],[-8.68695,53.924899],[-8.68208,53.934291],[-8.679612,53.940219],[-8.678737,53.943914],[-8.681616,53.947451],[-8.672528,53.946608],[-8.666775,53.948047],[-8.668408,53.949532],[-8.676248,53.950355],[-8.681136,53.953541],[-8.685032,53.954598],[-8.685814,53.958552],[-8.691651,53.962006],[-8.691086,53.963235],[-8.686284,53.964247],[-8.682994,53.967357],[-8.683119,53.968767],[-8.677553,53.969719],[-8.666673,53.974939],[-8.663683,53.970827],[-8.647393,53.965532],[-8.641048,53.962926],[-8.63352,53.961845],[-8.625137,53.959885],[-8.621003,53.957855],[-8.61638,53.95664],[-8.613131,53.956737],[-8.60769,53.955094],[-8.603902,53.952011],[-8.598752,53.95009],[-8.596909,53.954336],[-8.598813,53.957857],[-8.593424,53.955803],[-8.586163,53.954823],[-8.585085,53.953818],[-8.58873,53.961286],[-8.589833,53.965118],[-8.594198,53.966762],[-8.593396,53.968656],[-8.593007,53.976397],[-8.589885,53.97972],[-8.590197,53.982403],[-8.592965,53.986581],[-8.592981,53.992509],[-8.589502,53.998942],[-8.589818,54.005796],[-8.582864,54.012902],[-8.589017,54.014935],[-8.598408,54.016663],[-8.610048,54.021039],[-8.617544,54.021201],[-8.623813,54.02407],[-8.629698,54.025594],[-8.642918,54.032233],[-8.647443,54.033499],[-8.648336,54.035791],[-8.645679,54.037458],[-8.649695,54.038799],[-8.655883,54.037089],[-8.661268,54.036345],[-8.664469,54.031626],[-8.669695,54.030826],[-8.682435,54.029677],[-8.677834,54.020236],[-8.675348,54.018423],[-8.679067,54.010416],[-8.681759,54.01139],[-8.691328,54.006441],[-8.701071,54.005245],[-8.706436,54.00088],[-8.705963,53.996676],[-8.708917,53.991594],[-8.713777,53.987767],[-8.725081,53.987557],[-8.738489,53.994744],[-8.743179,53.991273],[-8.751346,53.982747],[-8.755632,53.98222],[-8.753493,53.977404],[-8.755675,53.975944],[-8.766597,53.976648],[-8.780963,53.974504],[-8.782524,53.966283],[-8.787835,53.965634],[-8.795303,53.965567],[-8.800168,53.966732],[-8.802696,53.96574],[-8.808246,53.966692],[-8.811019,53.965494],[-8.835609,53.969948],[-8.845222,53.9722],[-8.849031,53.970984],[-8.853407,53.973583],[-8.861228,53.98048],[-8.862563,53.980371],[-8.863134,53.985729],[-8.862229,53.987972],[-8.863795,53.989847],[-8.869291,53.989309],[-8.873693,53.989844],[-8.878363,53.989298],[-8.881201,53.993102],[-8.878542,53.995843],[-8.881283,54.000138],[-8.888852,54.007185],[-8.888004,54.010007],[-8.883002,54.021078],[-8.895266,54.022055],[-8.89904,54.019079],[-8.902973,54.018757],[-8.911478,54.016149],[-8.908671,54.013755],[-8.917752,54.010583],[-8.920931,54.010406],[-8.923837,54.008859],[-8.935719,54.009824],[-8.942122,54.009653],[-8.946584,54.013127],[-8.9467,54.016172],[-8.952064,54.018688],[-8.954871,54.02169],[-8.959844,54.024332],[-8.964963,54.025758],[-8.965254,54.030082],[-8.967519,54.031262],[-8.970779,54.030815],[-8.968187,54.0285],[-8.971492,54.025694],[-8.97749,54.024225],[-8.981044,54.026579],[-8.986637,54.02632],[-8.990125,54.024669],[-8.995622,54.023617],[-8.999249,54.025429],[-9.003761,54.025813],[-9.004562,54.024601],[-9.011258,54.023985],[-9.018517,54.025168],[-9.022625,54.026282],[-9.02867,54.02693],[-9.038221,54.027222],[-9.042582,54.026197],[-9.042993,54.024243],[-9.050332,54.023577],[-9.059023,54.021039],[-9.064767,54.020395],[-9.061285,54.01695],[-9.063549,54.014897],[-9.063514,54.012981],[-9.073528,54.011121],[-9.083737,54.007756],[-9.087848,54.008998],[-9.091603,54.008904],[-9.096908,54.006994],[-9.101344,54.011239],[-9.108528,54.015341],[-9.113712,54.017218],[-9.113646,54.019867],[-9.111929,54.020907],[-9.114882,54.023],[-9.11805,54.022258],[-9.115679,54.020297],[-9.116489,54.01814],[-9.119843,54.018598],[-9.124215,54.012579],[-9.127472,54.012964],[-9.127091,54.015166],[-9.130311,54.02009],[-9.138658,54.016961],[-9.1452,54.015498],[-9.151663,54.01495],[-9.149431,54.008769],[-9.157109,54.006531],[-9.163602,54.006319],[-9.165003,54.008047],[-9.169589,54.010785],[-9.18262,54.012251],[-9.193074,54.008728],[-9.224283,54.001201],[-9.20427,53.994393],[-9.197338,53.987587],[-9.19506,53.987628],[-9.191942,53.977895],[-9.174446,53.970154],[-9.145333,53.965458],[-9.136753,53.967399],[-9.133518,53.964872],[-9.129637,53.965625],[-9.128542,53.961792],[-9.131327,53.961957],[-9.133556,53.956667],[-9.130849,53.954784],[-9.127873,53.954743],[-9.122956,53.949325],[-9.123111,53.945986],[-9.120349,53.944324],[-9.119055,53.938437],[-9.108034,53.937295],[-9.100288,53.939322],[-9.09414,53.940129],[-9.090454,53.937063],[-9.087921,53.936502],[-9.087172,53.933615],[-9.088245,53.931731],[-9.086498,53.930304],[-9.082381,53.929278],[-9.082837,53.927562],[-9.080402,53.925527],[-9.076423,53.924594],[-9.082799,53.920928],[-9.089236,53.920274],[-9.086498,53.917702],[-9.085322,53.915125],[-9.080315,53.913012],[-9.076884,53.913258],[-9.075976,53.910986],[-9.077962,53.908544],[-9.07679,53.903668],[-9.07514,53.902271],[-9.080253,53.898166],[-9.085668,53.897448],[-9.087393,53.89888],[-9.088123,53.905569],[-9.094135,53.902651],[-9.09764,53.902205],[-9.102386,53.90325],[-9.103175,53.89867],[-9.102242,53.896481],[-9.097122,53.895508],[-9.095366,53.891014],[-9.095522,53.886114],[-9.094359,53.884806],[-9.09508,53.881187],[-9.08755,53.87848],[-9.085036,53.875062],[-9.085439,53.873477],[-9.08394,53.868601],[-9.086408,53.866677],[-9.092572,53.868128],[-9.095312,53.873084],[-9.098851,53.874695],[-9.101543,53.873663],[-9.100981,53.869199],[-9.102469,53.865519],[-9.099948,53.860902],[-9.101406,53.860052],[-9.100127,53.857289],[-9.101916,53.852703],[-9.097707,53.848359],[-9.097574,53.844798],[-9.09585,53.842932],[-9.09596,53.838782],[-9.091022,53.834008],[-9.092356,53.827736],[-9.091674,53.825031],[-9.093782,53.820015],[-9.088742,53.816177],[-9.079748,53.817915],[-9.077384,53.816664],[-9.076162,53.809804],[-9.074854,53.809154],[-9.072574,53.804523],[-9.070499,53.804615],[-9.067431,53.807],[-9.061401,53.809275],[-9.054496,53.805118],[-9.051141,53.804071],[-9.045342,53.807441],[-9.041968,53.807766],[-9.04244,53.810769],[-9.037269,53.810818],[-9.035365,53.812861],[-9.035794,53.815631],[-9.03045,53.818505],[-9.025668,53.819008],[-9.023915,53.820404],[-9.023022,53.823537],[-9.018768,53.823058],[-9.010596,53.82081],[-9.008615,53.819435],[-9.001857,53.819218],[-9.00104,53.81649],[-8.998228,53.81469],[-8.993769,53.815979],[-8.993121,53.817857],[-8.996905,53.823702],[-8.993387,53.826064],[-8.987373,53.827544],[-8.989043,53.829505],[-8.992716,53.83058],[-8.993618,53.836381],[-8.99209,53.838822],[-8.987105,53.838833],[-8.984214,53.840047],[-8.981202,53.833484],[-8.977157,53.828274],[-8.972886,53.827405],[-8.967118,53.83016],[-8.961971,53.830061],[-8.958979,53.830993],[-8.955801,53.835234],[-8.952627,53.836812],[-8.949993,53.836229],[-8.935218,53.838719],[-8.93023,53.840953],[-8.915954,53.838685],[-8.900931,53.830509],[-8.8965,53.833843],[-8.895363,53.837717],[-8.894049,53.838431],[-8.888517,53.835788],[-8.88359,53.835181],[-8.877234,53.829902],[-8.874706,53.829036],[-8.872043,53.825022],[-8.868221,53.824512],[-8.862121,53.822119],[-8.857122,53.823745],[-8.855,53.820398],[-8.844897,53.817624],[-8.839558,53.813695],[-8.837585,53.813006],[-8.830496,53.806509],[-8.824976,53.802641],[-8.818959,53.800401],[-8.807425,53.797999],[-8.804692,53.79564],[-8.798768,53.794216],[-8.797876,53.791131],[-8.79049,53.780675],[-8.786017,53.779805],[-8.782349,53.777683],[-8.777594,53.776345],[-8.772496,53.776717],[-8.77031,53.774802],[-8.769759,53.770897],[-8.763303,53.769545],[-8.759079,53.770817],[-8.761119,53.774144],[-8.7636,53.775073],[-8.760342,53.778221],[-8.754912,53.77976],[-8.749452,53.778938],[-8.745351,53.777126],[-8.745474,53.774326],[-8.740983,53.772862],[-8.740812,53.77091],[-8.735998,53.770883],[-8.729928,53.768573],[-8.72613,53.769397],[-8.714964,53.766582],[-8.708593,53.763905],[-8.709678,53.76099],[-8.707498,53.757535],[-8.707821,53.754567],[-8.703417,53.75162],[-8.708369,53.747334],[-8.707805,53.74499],[-8.704872,53.743341],[-8.702595,53.739621],[-8.694848,53.739601]]]}},
{"type":"Feature","id":"IRL:ADM2:IE-C.westport-lea-4","properties":{"shapeName":"WESTPORT LEA-4","shapeISO":"","shapeGroup":"IRL","shapeType":"ADM2","adm1ISO":"IE-C","parentISO":"IE-C","parentID":"IRL:ADM1:IE-C","src_shape_id":"5873133B76630404476162"},"geometry":{"type":"MultiPolygon","coordinates":[[[[-9.626903,53.896276],[-9.623214,53.894726],[-9.61517,53.893867],[-9.613496,53.888143],[-9.608458,53.887384],[-9.602937,53.888593],[-9.608005,53.89087],[-9.600306,53.893058],[-9.593619,53.89647],[-9.589852,53.89609],[-9.586927,53.897351],[-9.58634,53.893311],[-9.59218,53.891257],[-9.591235,53.889525],[-9.58732,53.88831],[-9.58597,53.889981],[-9.579824,53.893617],[-9.580921,53.896031],[-9.577883,53.898482],[-9.574523,53.899238],[-9.578185,53.894292],[-9.576914,53.893267],[-9.569169,53.893016],[-9.564909,53.891758],[-9.5677,53.889637],[-9.577899,53.88749],[-9.582199,53.887611],[-9.58535,53.886572],[-9.591669,53.886184],[-9.591424,53.884329],[-9.579928,53.886441],[-9.575364,53.886227],[-9.567673,53.887289],[-9.562146,53.886879],[-9.556532,53.890733],[-9.553867,53.889144],[-9.560082,53.888121],[-9.55971,53.885726],[-9.566797,53.885322],[-9.571018,53.884481],[-9.576865,53.884822],[-9.576091,53.882993],[-9.581028,53.881805],[-9.580932,53.879963],[-9.567602,53.881554],[-9.563364,53.879593],[-9.564388,53.878033],[-9.567919,53.877518],[-9.572156,53.879355],[-9.576745,53.879629],[-9.579339,53.876679],[-9.583586,53.876679],[-9.586718,53.87487],[-9.582031,53.874068],[-9.577729,53.875315],[-9.560421,53.875319],[-9.564068,53.872902],[-9.574858,53.873492],[-9.583148,53.870785],[-9.577261,53.869159],[-9.562819,53.871761],[-9.562253,53.870046],[-9.568012,53.869832],[-9.570714,53.868678],[-9.582527,53.867872],[-9.586222,53.869757],[-9.588649,53.868736],[-9.594564,53.86856],[-9.597571,53.866594],[-9.597087,53.865218],[-9.589366,53.865323],[-9.585835,53.866902],[-9.574012,53.866723],[-9.576655,53.863109],[-9.575808,53.861681],[-9.565016,53.862516],[-9.557023,53.860542],[-9.558375,53.85916],[-9.557046,53.856428],[-9.562157,53.857754],[-9.562314,53.860177],[-9.567114,53.861395],[-9.57208,53.859557],[-9.59122,53.859018],[-9.583398,53.857895],[-9.573727,53.858505],[-9.562099,53.857466],[-9.561907,53.855939],[-9.566748,53.855066],[-9.562821,53.852877],[-9.567579,53.851175],[-9.57916,53.853249],[-9.581719,53.851098],[-9.581011,53.849601],[-9.587725,53.850395],[-9.587423,53.852726],[-9.579878,53.853831],[-9.584751,53.856443],[-9.588877,53.856196],[-9.596998,53.852334],[-9.593916,53.850227],[-9.589148,53.850506],[-9.579719,53.84856],[-9.574834,53.846953],[-9.569304,53.848575],[-9.568661,53.846179],[-9.586241,53.846077],[-9.589661,53.845642],[-9.594534,53.848162],[-9.599153,53.848252],[-9.602748,53.845833],[-9.610102,53.846898],[-9.617462,53.844899],[-9.616683,53.841727],[-9.618763,53.84065],[-9.612339,53.838395],[-9.613063,53.836515],[-9.621016,53.833148],[-9.616656,53.83095],[-9.610099,53.831666],[-9.608389,53.834159],[-9.604597,53.83511],[-9.600062,53.835019],[-9.599616,53.832793],[-9.60463,53.830419],[-9.611838,53.83047],[-9.617041,53.829615],[-9.618835,53.828187],[-9.61133,53.824609],[-9.611119,53.823412],[-9.616185,53.822416],[-9.62109,53.825995],[-9.62682,53.826667],[-9.62722,53.823217],[-9.622823,53.821164],[-9.618381,53.821494],[-9.612614,53.819464],[-9.61206,53.81828],[-9.604367,53.816025],[-9.598592,53.815635],[-9.599098,53.812714],[-9.605174,53.815058],[-9.607902,53.814574],[-9.614965,53.817665],[-9.620794,53.817879],[-9.622928,53.815237],[-9.617136,53.811464],[-9.602719,53.811534],[-9.596889,53.810985],[-9.593149,53.811702],[-9.589555,53.809313],[-9.595172,53.807739],[-9.594684,53.805955],[-9.598818,53.805217],[-9.597459,53.803286],[-9.591858,53.802241],[-9.587348,53.80261],[-9.590912,53.804884],[-9.585642,53.806093],[-9.579349,53.805435],[-9.575253,53.804014],[-9.565453,53.803258],[-9.571273,53.806179],[-9.571417,53.807925],[-9.56669,53.808559],[-9.563094,53.807449],[-9.549619,53.805619],[-9.55424,53.802884],[-9.550867,53.801006],[-9.553719,53.796666],[-9.560532,53.799224],[-9.56693,53.79703],[-9.561564,53.795305],[-9.569152,53.791478],[-9.574754,53.792649],[-9.579478,53.792794],[-9.579402,53.790945],[-9.575185,53.790686],[-9.570662,53.789372],[-9.572819,53.786979],[-9.576345,53.787567],[-9.582085,53.786633],[-9.584294,53.784267],[-9.580337,53.782355],[-9.583295,53.780952],[-9.587698,53.780957],[-9.593759,53.782392],[-9.60202,53.781719],[-9.605738,53.7824],[-9.609306,53.784924],[-9.604953,53.786582],[-9.596529,53.786149],[-9.594211,53.788706],[-9.590499,53.790557],[-9.591487,53.793283],[-9.595889,53.793444],[-9.597231,53.789275],[-9.599974,53.787031],[-9.604865,53.787779],[-9.609379,53.786453],[-9.609989,53.785089],[-9.608197,53.783712],[-9.607186,53.779738],[-9.618122,53.778394],[-9.617478,53.780446],[-9.613756,53.782566],[-9.615788,53.784874],[-9.620916,53.786174],[-9.621842,53.784872],[-9.626648,53.7837],[-9.629095,53.78604],[-9.636609,53.788451],[-9.641789,53.787466],[-9.639892,53.785622],[-9.640156,53.78272],[-9.649496,53.781757],[-9.653408,53.782205],[-9.658162,53.781713],[-9.659406,53.785224],[-9.662113,53.787778],[-9.668156,53.788686],[-9.670483,53.786796],[-9.678881,53.784474],[-9.683099,53.78506],[-9.687985,53.783027],[-9.696325,53.782114],[-9.699446,53.779636],[-9.707027,53.777662],[-9.711964,53.777639],[-9.718977,53.77593],[-9.730478,53.775712],[-9.732299,53.774377],[-9.737365,53.774631],[-9.740491,53.773754],[-9.751265,53.77482],[-9.759462,53.774302],[-9.765943,53.774788],[-9.770537,53.776945],[-9.770111,53.78203],[-9.776551,53.782651],[-9.781829,53.78247],[-9.785759,53.781165],[-9.790921,53.781184],[-9.797689,53.77888],[-9.803069,53.778545],[-9.808789,53.77616],[-9.811,53.773932],[-9.816501,53.773291],[-9.82658,53.769429],[-9.834296,53.770605],[-9.844492,53.769761],[-9.848105,53.768948],[-9.851545,53.769581],[-9.859325,53.768334],[-9.863504,53.768713],[-9.868426,53.766411],[-9.87639,53.76546],[-9.882742,53.763557],[-9.891911,53.764909],[-9.901428,53.764351],[-9.906189,53.760337],[-9.905006,53.759308],[-9.906801,53.756238],[-9.906325,53.754595],[-9.909808,53.752579],[-9.89871,53.74997],[-9.897691,53.746962],[-9.898365,53.743171],[-9.895212,53.740869],[-9.894237,53.738647],[-9.894763,53.733652],[-9.897031,53.727785],[-9.900377,53.722024],[-9.912073,53.711577],[-9.910908,53.709364],[-9.911595,53.702947],[-9.913237,53.699895],[-9.915881,53.697985],[-9.918848,53.697997],[-9.916989,53.693329],[-9.919007,53.688736],[-9.912924,53.68505],[-9.907703,53.679781],[-9.906545,53.677102],[-9.909189,53.675089],[-9.910084,53.67145],[-9.915094,53.664646],[-9.913807,53.655908],[-9.911664,53.653128],[-9.892758,53.649249],[-9.889707,53.649562],[-9.880964,53.648604],[-9.881004,53.646595],[-9.886736,53.64445],[-9.883252,53.642438],[-9.87906,53.641746],[-9.878032,53.638683],[-9.879818,53.633786],[-9.866736,53.62995],[-9.858807,53.628067],[-9.854636,53.625701],[-9.838549,53.623367],[-9.831694,53.620646],[-9.829969,53.619158],[-9.825299,53.617524],[-9.815031,53.615931],[-9.803261,53.611488],[-9.799932,53.608663],[-9.794414,53.606752],[-9.788026,53.603703],[-9.784389,53.602746],[-9.776407,53.60233],[-9.772804,53.601373],[-9.763133,53.603762],[-9.760492,53.603497],[-9.752093,53.606177],[-9.751405,53.603602],[-9.746783,53.603338],[-9.741941,53.602188],[-9.733998,53.603137],[-9.724368,53.603671],[-9.715728,53.604914],[-9.705075,53.605105],[-9.698266,53.604543],[-9.691321,53.607082],[-9.684378,53.608603],[-9.679341,53.611331],[-9.678001,53.613923],[-9.670573,53.616227],[-9.669549,53.612773],[-9.659951,53.610265],[-9.65229,53.602355],[-9.647091,53.600388],[-9.64223,53.6012],[-9.62913,53.605719],[-9.620429,53.605376],[-9.612875,53.605856],[-9.610623,53.606564],[-9.600376,53.604195],[-9.594646,53.601468],[-9.585327,53.599058],[-9.578787,53.599682],[-9.576371,53.600952],[-9.568617,53.609661],[-9.564783,53.612601],[-9.552333,53.620157],[-9.551676,53.623524],[-9.549937,53.626533],[-9.545293,53.632346],[-9.541008,53.636861],[-9.530809,53.641518],[-9.524155,53.643338],[-9.517333,53.643507],[-9.511662,53.645056],[-9.510052,53.647883],[-9.499594,53.65527],[-9.494655,53.657467],[-9.482695,53.660937],[-9.483278,53.663019],[-9.486831,53.666182],[-9.488282,53.668777],[-9.479629,53.675262],[-9.488781,53.681847],[-9.486356,53.68444],[-9.480025,53.684474],[-9.479364,53.687746],[-9.472511,53.691147],[-9.468164,53.693915],[-9.464639,53.695072],[-9.459682,53.697965],[-9.456348,53.700813],[-9.447719,53.698678],[-9.440396,53.700431],[-9.434492,53.711592],[-9.430196,53.71364],[-9.427539,53.717689],[-9.424493,53.719085],[-9.421316,53.721893],[-9.421449,53.7256],[-9.422808,53.728916],[-9.420952,53.729713],[-9.416087,53.73422],[-9.41073,53.737084],[-9.405521,53.741704],[-9.405787,53.747134],[-9.408928,53.748611],[-9.412838,53.748447],[-9.411458,53.751633],[-9.40422,53.757429],[-9.405275,53.760042],[-9.401395,53.763012],[-9.397692,53.763648],[-9.39783,53.771271],[-9.398967,53.773521],[-9.39709,53.776235],[-9.400173,53.77865],[-9.400485,53.783022],[-9.389929,53.789411],[-9.39209,53.79113],[-9.396299,53.789709],[-9.398944,53.790244],[-9.404645,53.788379],[-9.407077,53.789097],[-9.410828,53.792143],[-9.4128,53.795517],[-9.415718,53.79707],[-9.414142,53.801571],[-9.411728,53.803882],[-9.419135,53.805156],[-9.42204,53.806739],[-9.4196,53.811921],[-9.417314,53.814532],[-9.423347,53.818453],[-9.42989,53.817401],[-9.4315,53.822452],[-9.436629,53.826159],[-9.436656,53.832055],[-9.4328,53.836355],[-9.436067,53.839001],[-9.435041,53.842361],[-9.438799,53.842841],[-9.442803,53.847186],[-9.439593,53.849102],[-9.433708,53.849968],[-9.436704,53.853035],[-9.439891,53.854476],[-9.44097,53.856335],[-9.445531,53.858168],[-9.442844,53.859497],[-9.44095,53.86282],[-9.443525,53.86555],[-9.443641,53.870812],[-9.440467,53.871973],[-9.442093,53.874042],[-9.440817,53.876331],[-9.441395,53.878656],[-9.444192,53.878615],[-9.445669,53.880426],[-9.451415,53.882069],[-9.449171,53.887197],[-9.445759,53.890583],[-9.44555,53.892846],[-9.447402,53.895289],[-9.445593,53.898172],[-9.446938,53.901575],[-9.446195,53.905474],[-9.444466,53.906888],[-9.442811,53.910883],[-9.440467,53.912851],[-9.440502,53.914934],[-9.435536,53.918554],[-9.414288,53.922316],[-9.399287,53.940804],[-9.400923,53.946612],[-9.395352,53.947667],[-9.391453,53.951798],[-9.38785,53.953336],[-9.39323,53.958298],[-9.39088,53.966596],[-9.387303,53.970429],[-9.389677,53.972002],[-9.388617,53.974211],[-9.391311,53.978718],[-9.393546,53.980455],[-9.398855,53.980571],[-9.404394,53.984672],[-9.409505,53.985188],[-9.413734,53.983791],[-9.419774,53.983712],[-9.425568,53.984977],[-9.428264,53.981779],[-9.43686,53.979767],[-9.440779,53.976948],[-9.445429,53.979259],[-9.447926,53.983732],[-9.454162,53.984548],[-9.460033,53.988107],[-9.463274,53.991064],[-9.47034,53.995084],[-9.477399,53.995668],[-9.483368,53.99278],[-9.487085,53.991311],[-9.487624,53.98526],[-9.49315,53.981825],[-9.495227,53.979653],[-9.492299,53.977814],[-9.488335,53.973613],[-9.48782,53.968177],[-9.48626,53.966671],[-9.486864,53.961087],[-9.484609,53.957676],[-9.491582,53.94978],[-9.495894,53.947097],[-9.500733,53.948523],[-9.501994,53.951578],[-9.50872,53.950685],[-9.513653,53.948947],[-9.518973,53.949979],[-9.526565,53.952264],[-9.532231,53.955956],[-9.53403,53.954102],[-9.529699,53.946296],[-9.523603,53.941914],[-9.523948,53.932998],[-9.526766,53.929833],[-9.526826,53.927486],[-9.521895,53.926404],[-9.521034,53.925087],[-9.528276,53.923677],[-9.530907,53.922543],[-9.536784,53.923262],[-9.540084,53.924987],[-9.537647,53.927628],[-9.533206,53.927974],[-9.533302,53.933678],[-9.537235,53.937364],[-9.538677,53.941614],[-9.541526,53.946275],[-9.544527,53.942678],[-9.551331,53.937235],[-9.55117,53.933929],[-9.553485,53.930187],[-9.552529,53.928103],[-9.55657,53.925981],[-9.556102,53.923543],[-9.559008,53.921089],[-9.563982,53.920548],[-9.565874,53.922683],[-9.570642,53.923275],[-9.575033,53.921319],[-9.580443,53.919912],[-9.582472,53.918376],[-9.588587,53.91869],[-9.592388,53.916686],[-9.598558,53.915581],[-9.597962,53.913775],[-9.606106,53.911028],[-9.605586,53.908185],[-9.608305,53.903889],[-9.613187,53.901448],[-9.616078,53.901421],[-9.622642,53.897892],[-9.626903,53.896276]]],[[[-9.995284,53.815527],[-9.997531,53.813971],[-10.012379,53.811002],[-10.021978,53.81111],[-10.024686,53.810725],[-10.030449,53.807998],[-10.034393,53.807387],[-10.037174,53.804632],[-10.039354,53.805645],[-10.045224,53.804244],[-10.049343,53.801987],[-10.046925,53.798457],[-10.043982,53.797118],[-10.046534,53.794391],[-10.047172,53.792033],[-10.051252,53.7903],[-10.031955,53.789841],[-10.024037,53.790873],[-10.023255,53.792024],[-10.016938,53.789477],[-10.010837,53.790099],[-10.007216,53.789833],[-9.999568,53.791171],[-9.995906,53.790244],[-9.98574,53.790724],[-9.982758,53.791893],[-9.974813,53.792863],[-9.970829,53.794263],[-9.965933,53.794472],[-9.962591,53.795632],[-9.952322,53.797385],[-9.949559,53.798974],[-9.952701,53.80031],[-9.952229,53.802259],[-9.949574,53.803113],[-9.943944,53.808076],[-9.944279,53.811127],[-9.948127,53.811975],[-9.959653,53.812319],[-9.965255,53.81381],[-9.970454,53.819902],[-9.97071,53.822397],[-9.975857,53.825367],[-9.975915,53.826822],[-9.979785,53.828723],[-9.983997,53.827322],[-9.986732,53.823959],[-9.990181,53.822637],[-9.996486,53.816422],[-9.995284,53.815527]]],[[[-10.092432,53.704233],[-10.087313,53.707149],[-10.081517,53.7092],[-10.081272,53.710264],[-10.088289,53.713881],[-10.09265,53.715002],[-10.096173,53.712876],[-10.102492,53.71112],[-10.105068,53.709688],[-10.112187,53.711554],[-10.11999,53.712597],[-10.125756,53.711527],[-10.126751,53.709317],[-10.123888,53.705229],[-10.129729,53.704178],[-10.135206,53.702152],[-10.137163,53.697171],[-10.137535,53.691666],[-10.135623,53.690449],[-10.130207,53.690315],[-10.122241,53.691905],[-10.117623,53.692305],[-10.115597,53.693606],[-10.10861,53.69464],[-10.10096,53.694627],[-10.09874,53.696162],[-10.092182,53.696796],[-10.088584,53.699563],[-10.089379,53.703036],[-10.092432,53.704233]]],[[[-9.629351,53.83608],[-9.632831,53.838121],[-9.64565,53.837141],[-9.648917,53.834662],[-9.643204,53.834997],[-9.640743,53.835895],[-9.634652,53.836021],[-9.633598,53.833858],[-9.637276,53.833084],[-9.638982,53.830947],[-9.637648,53.828114],[-9.633028,53.827096],[-9.627792,53.830575],[-9.628049,53.832551],[-9.630853,53.834574],[-9.629351,53.83608]]],[[[-9.652458,53.845204],[-9.65685,53.845554],[-9.663459,53.842146],[-9.667859,53.841904],[-9.671182,53.842788],[-9.671742,53.839422],[-9.675299,53.837709],[-9.664455,53.837268],[-9.660326,53.838253],[-9.65852,53.839741],[-9.660389,53.841945],[-9.655461,53.842549],[-9.652458,53.845204]]],[[[-10.038582,53.720886],[-10.036291,53.716739],[-10.030397,53.714984],[-10.02586,53.712967],[-10.021561,53.714805],[-10.023566,53.717382],[-10.027538,53.719507],[-10.03439,53.721134],[-10.038582,53.720886]]],[[[-9.640297,53.844162],[-9.645734,53.841846],[-9.640077,53.840133],[-9.633287,53.843877],[-9.631459,53.845983],[-9.640297,53.844162]]],[[[-9.622438,53.849043],[-9.612987,53.849776],[-9.615024,53.851176],[-9.621046,53.851739],[-9.624084,53.85107],[-9.622438,53.849043]]],[[[-9.61407,53.858621],[-9.615473,53.855435],[-9.61115,53.854159],[-9.605764,53.855042],[-9.606129,53.858091],[-9.61407,53.858621]]],[[[-9.59516,53.872795],[-9.596767,53.87095],[-9.591048,53.869517],[-9.587784,53.872886],[-9.591665,53.874457],[-9.59516,53.872795]]],[[[-9.668768,53.846308],[-9.674476,53.848727],[-9.668713,53.850195],[-9.670245,53.853004],[-9.674854,53.849365],[-9.675779,53.846649],[-9.668768,53.846308]]],[[[-9.650134,53.821095],[-9.65005,53.824091],[-9.652703,53.82621],[-9.657518,53.821881],[-9.656494,53.821062],[-9.650134,53.821095]]],[[[-9.624675,53.818501],[-9.626495,53.820954],[-9.631527,53.820925],[-9.630539,53.818477],[-9.624675,53.818501]]],[[[-9.652785,53.858869],[-9.656916,53.85929],[-9.65839,53.857057],[-9.653581,53.856368],[-9.652785,53.858869]]],[[[-9.662666,53.830452],[-9.665144,53.83112],[-9.668218,53.828178],[-9.662192,53.829279],[-9.662666,53.830452]]],[[[-9.635007,53.805077],[-9.632633,53.803645],[-9.626806,53.804669],[-9.631321,53.80643],[-9.635007,53.805077]]],[[[-9.634445,53.79878],[-9.639685,53.800373],[-9.643724,53.798314],[-9.637388,53.797905],[-9.634445,53.79878]]],[[[-9.648631,53.800063],[-9.652985,53.79882],[-9.653928,53.797008],[-9.648243,53.796932],[-9.648631,53.800063]]],[[[-9.633247,53.859285],[-9.628598,53.860294],[-9.633507,53.861882],[-9.633247,53.859285]]],[[[-9.625919,53.851821],[-9.624566,53.853159],[-9.631279,53.854052],[-9.629874,53.85214],[-9.625919,53.851821]]],[[[-9.628705,53.879017],[-9.623625,53.878462],[-9.623106,53.880499],[-9.627821,53.881039],[-9.628705,53.879017]]],[[[-9.60536,53.875754],[-9.599682,53.875481],[-9.599826,53.877245],[-9.60536,53.875754]]]]}},
{"type":"Feature","id":"IRL:ADM2:IE-C.carrick-on-shannon-lea-6","properties":{"shapeName":"CARRICK-ON-SHANNON LEA-6","shapeISO":"","shapeGroup":"IRL","shapeType":"ADM2","adm1ISO":"IE-C","parentISO":"IE-C","parentID":"IRL:ADM1:IE-C","src_shape_id":"5873133B60046508730190"},"geometry":{"type":"Polygon","coordinates":[[[-7.780251,53.828912],[-7.781983,53.833519],[-7.78215,53.837252],[-7.77921,53.838578],[-7.776594,53.841541],[-7.77638,53.843469],[-7.771945,53.846026],[-7.771131,53.849194],[-7.773303,53.854373],[-7.776825,53.867579],[-7.780386,53.869654],[-7.783779,53.869751],[-7.785295,53.871681],[-7.791658,53.872044],[-7.794094,53.877159],[-7.793599,53.882162],[-7.799647,53.887521],[-7.799877,53.891341],[-7.8042,53.896423],[-7.806442,53.895483],[-7.810015,53.898535],[-7.812018,53.904182],[-7.811736,53.911673],[-7.814994,53.912619],[-7.819199,53.917416],[-7.828238,53.920531],[-7.828509,53.922756],[-7.83257,53.925105],[-7.835468,53.927843],[-7.836936,53.935273],[-7.839832,53.937253],[-7.840157,53.941079],[-7.838322,53.944681],[-7.839745,53.953321],[-7.839416,53.956217],[-7.837178,53.956912],[-7.835011,53.961206],[-7.8327,53.963808],[-7.843297,53.968887],[-7.846573,53.973715],[-7.852867,53.973893],[-7.856645,53.972929],[-7.859398,53.970165],[-7.862006,53.973449],[-7.865037,53.974356],[-7.873061,53.981],[-7.868047,53.984333],[-7.869691,53.987174],[-7.872697,53.98945],[-7.875751,53.994759],[-7.881075,53.992612],[-7.886399,53.991681],[-7.887229,53.98795],[-7.890439,53.98593],[-7.896741,53.986443],[-7.899502,53.988674],[-7.903306,53.989572],[-7.907015,53.988297],[-7.901632,53.984893],[-7.898962,53.982084],[-7.906577,53.981614],[-7.91179,53.980409],[-7.912395,53.984278],[-7.908331,53.986195],[-7.907061,53.988255],[-7.908442,53.990659],[-7.909628,53.995849],[-7.905601,54.003351],[-7.903485,54.005249],[-7.903089,54.009651],[-7.902001,54.010985],[-7.906955,54.013721],[-7.913628,54.016497],[-7.919248,54.016293],[-7.921767,54.021576],[-7.926563,54.023918],[-7.929741,54.018935],[-7.932783,54.017039],[-7.933529,54.012981],[-7.938023,54.01235],[-7.944458,54.014115],[-7.947996,54.017186],[-7.951935,54.017958],[-7.96068,54.017897],[-7.964934,54.018809],[-7.966771,54.015866],[-7.966514,54.013111],[-7.973112,54.010902],[-7.97828,54.007241],[-7.983552,54.004505],[-7.985466,54.002148],[-7.991645,54.000228],[-7.995033,53.998062],[-7.998641,53.997208],[-8.003639,53.997751],[-8.003616,53.999721],[-8.006168,54.001417],[-8.012925,54.00257],[-8.016825,54.005347],[-8.01638,54.008903],[-8.01399,54.011679],[-8.014546,54.015186],[-8.009924,54.014058],[-8.006519,54.014987],[-8.005327,54.01837],[-8.005419,54.023953],[-8.007899,54.028293],[-8.010056,54.029206],[-8.014392,54.0278],[-8.019523,54.028608],[-8.024081,54.027937],[-8.0208,54.024629],[-8.02138,54.021739],[-8.031265,54.018694],[-8.041406,54.014325],[-8.049688,54.013255],[-8.046955,54.023188],[-8.042215,54.023913],[-8.038607,54.0264],[-8.037101,54.029695],[-8.039884,54.03379],[-8.037491,54.035358],[-8.038326,54.037863],[-8.045271,54.039264],[-8.051151,54.038064],[-8.059126,54.030648],[-8.063896,54.030023],[-8.067572,54.034603],[-8.075185,54.034335],[-8.079679,54.032017],[-8.082719,54.02517],[-8.08796,54.022376],[-8.087683,54.017591],[-8.085545,54.016025],[-8.086059,54.01362],[-8.084624,54.010137],[-8.079908,54.009185],[-8.077474,54.004476],[-8.079034,53.999911],[-8.076579,53.998625],[-8.079576,53.993751],[-8.078619,53.991094],[-8.075662,53.989486],[-8.070112,53.988939],[-8.069101,53.986379],[-8.071616,53.984956],[-8.072069,53.981006],[-8.073817,53.979004],[-8.079083,53.975723],[-8.082001,53.975562],[-8.088605,53.976642],[-8.090894,53.975228],[-8.091251,53.972812],[-8.09471,53.969042],[-8.095124,53.964949],[-8.09913,53.9632],[-8.102784,53.962993],[-8.112191,53.956894],[-8.115281,53.954025],[-8.113675,53.951249],[-8.106646,53.950904],[-8.100805,53.948966],[-8.099496,53.946798],[-8.10094,53.943462],[-8.091024,53.941856],[-8.084402,53.942715],[-8.081578,53.938868],[-8.083083,53.93589],[-8.085825,53.933862],[-8.092896,53.931693],[-8.093551,53.93028],[-8.088974,53.928137],[-8.085219,53.923051],[-8.084654,53.91988],[-8.073089,53.923729],[-8.073985,53.918603],[-8.068406,53.917398],[-8.065294,53.914794],[-8.064068,53.910962],[-8.061816,53.909607],[-8.049021,53.912538],[-8.047328,53.914774],[-8.043882,53.91561],[-8.041652,53.917569],[-8.038591,53.918133],[-8.029787,53.922367],[-8.026203,53.926981],[-8.02869,53.92878],[-8.032699,53.929928],[-8.031761,53.93289],[-8.024902,53.935904],[-8.018684,53.933809],[-8.014394,53.93412],[-8.010796,53.933296],[-8.012843,53.931214],[-8.012993,53.927123],[-8.010645,53.924135],[-8.004839,53.919529],[-8.002507,53.919412],[-7.998981,53.922316],[-7.993898,53.921442],[-7.993142,53.919405],[-7.989403,53.915881],[-7.989425,53.913053],[-7.99115,53.911527],[-7.99373,53.904145],[-7.991632,53.901156],[-7.98793,53.899631],[-7.988543,53.896595],[-7.981525,53.892603],[-7.977302,53.888064],[-7.981137,53.885702],[-7.981683,53.88417],[-7.977603,53.877557],[-7.97754,53.875591],[-7.981213,53.869847],[-7.976557,53.865687],[-7.970942,53.866296],[-7.965049,53.866231],[-7.961619,53.866968],[-7.956947,53.863916],[-7.953462,53.858111],[-7.946793,53.855068],[-7.943728,53.849937],[-7.940377,53.847542],[-7.933523,53.849957],[-7.928584,53.85047],[-7.92442,53.846451],[-7.923518,53.84207],[-7.918749,53.837515],[-7.918863,53.83127],[-7.917973,53.828536],[-7.920959,53.825432],[-7.91877,53.821485],[-7.911754,53.821351],[-7.896952,53.824016],[-7.896877,53.821767],[-7.888598,53.823758],[-7.883767,53.829332],[-7.88178,53.827888],[-7.882558,53.821248],[-7.885206,53.820234],[-7.885163,53.817401],[-7.883053,53.815364],[-7.879076,53.818305],[-7.875549,53.815326],[-7.871258,53.816938],[-7.870518,53.813932],[-7.875641,53.810904],[-7.876445,53.808446],[-7.86841,53.805967],[-7.863781,53.807993],[-7.861119,53.812447],[-7.862691,53.817517],[-7.861873,53.819401],[-7.863575,53.821644],[-7.863917,53.825667],[-7.862495,53.828002],[-7.857738,53.831322],[-7.85474,53.831546],[-7.848895,53.823819],[-7.846395,53.818491],[-7.838433,53.813369],[-7.837095,53.810829],[-7.827915,53.811704],[-7.825366,53.814179],[-7.819016,53.817218],[-7.818192,53.819281],[-7.810919,53.820378],[-7.803114,53.815161],[-7.799234,53.816295],[-7.788284,53.816363],[-7.787662,53.823123],[-7.780251,53.828912]]]}},
{"type":"Feature","id":"IRL:ADM2:IE-C.sligo-drumcliff-lea-5","properties":{"shapeName":"SLIGO-DRUMCLIFF LEA-5","shapeISO":"","shapeGroup":"IRL","shapeType":"ADM2","adm1ISO":"IE-C","parentISO":"IE-C","parentID":"IRL:ADM1:IE-C","src_shape_id":"5873133B89616968350212"},"geometry":{"type":"MultiPolygon","coordinates":[[[[-8.38114,54.464268],[-8.383246,54.465679],[-8.395383,54.463282],[-8.401662,54.463262],[-8.412807,54.457628],[-8.418688,54.455879],[-8.425457,54.455068],[-8.440335,54.454991],[-8.44374,54.4558],[-8.45092,54.459887],[-8.45235,54.461523],[-8.447825,54.466433],[-8.447952,54.470231],[-8.454589,54.473025],[-8.458771,54.47259],[-8.462689,54.470918],[-8.469178,54.469535],[-8.47016,54.467184],[-8.46813,54.465123],[-8.467172,54.460616],[-8.469518,54.460563],[-8.473991,54.458162],[-8.475895,54.452328],[-8.473026,54.449117],[-8.468591,54.446674],[-8.468232,54.441832],[-8.467258,54.440111],[-8.476605,54.433637],[-8.482741,54.431719],[-8.487341,54.427247],[-8.48868,54.424749],[-8.486972,54.420947],[-8.490729,54.417874],[-8.503111,54.414424],[-8.508316,54.414257],[-8.514792,54.412999],[-8.519744,54.410733],[-8.518996,54.409201],[-8.526355,54.406294],[-8.528148,54.404115],[-8.532505,54.401912],[-8.540898,54.399799],[-8.543358,54.397916],[-8.550796,54.39739],[-8.547462,54.392642],[-8.553568,54.394231],[-8.555884,54.396287],[-8.562111,54.398443],[-8.563936,54.401147],[-8.559725,54.404362],[-8.554865,54.403102],[-8.550916,54.403166],[-8.544397,54.404762],[-8.541918,54.406183],[-8.534612,54.407042],[-8.531295,54.410209],[-8.526178,54.411882],[-8.524844,54.414844],[-8.522447,54.415902],[-8.516943,54.416429],[-8.518414,54.419703],[-8.513776,54.42016],[-8.509888,54.423699],[-8.516355,54.424633],[-8.523482,54.419048],[-8.527056,54.418174],[-8.52646,54.415338],[-8.527717,54.413681],[-8.534636,54.409923],[-8.541977,54.407452],[-8.553655,54.405288],[-8.558494,54.40498],[-8.56289,54.405833],[-8.565442,54.40842],[-8.568547,54.409847],[-8.57161,54.405323],[-8.573143,54.401149],[-8.568581,54.398741],[-8.571245,54.396297],[-8.569689,54.392546],[-8.571527,54.391344],[-8.581619,54.390281],[-8.585819,54.388488],[-8.588214,54.386518],[-8.594885,54.384239],[-8.599013,54.384483],[-8.605512,54.381759],[-8.613745,54.380994],[-8.618924,54.37914],[-8.621489,54.375812],[-8.621936,54.37079],[-8.627166,54.368211],[-8.631388,54.37074],[-8.638402,54.369671],[-8.640662,54.371205],[-8.647055,54.369608],[-8.65269,54.367554],[-8.659786,54.365829],[-8.66377,54.362657],[-8.66781,54.362351],[-8.670374,54.364665],[-8.674281,54.363083],[-8.672021,54.360368],[-8.674395,54.358515],[-8.680436,54.356626],[-8.676461,54.354955],[-8.672703,54.355637],[-8.67003,54.353806],[-8.669978,54.350456],[-8.677224,54.348659],[-8.673028,54.346791],[-8.667693,54.346629],[-8.657218,54.343123],[-8.652702,54.34041],[-8.648865,54.336107],[-8.648235,54.332038],[-8.650304,54.329529],[-8.655276,54.330174],[-8.658534,54.327151],[-8.65654,54.324134],[-8.651765,54.322847],[-8.642757,54.323071],[-8.643105,54.326935],[-8.647081,54.331081],[-8.642797,54.333768],[-8.633217,54.335458],[-8.624919,54.335397],[-8.620425,54.334563],[-8.616711,54.335453],[-8.614432,54.338081],[-8.602268,54.338563],[-8.597599,54.341455],[-8.59352,54.342696],[-8.582626,54.342772],[-8.577226,54.344131],[-8.571455,54.342001],[-8.563537,54.341524],[-8.558673,54.342333],[-8.55442,54.341986],[-8.551508,54.340747],[-8.54836,54.337653],[-8.543049,54.337896],[-8.539224,54.337198],[-8.539611,54.335624],[-8.544632,54.333406],[-8.548288,54.333436],[-8.546009,54.329711],[-8.543063,54.328667],[-8.541286,54.330628],[-8.533625,54.332488],[-8.528594,54.331534],[-8.525466,54.329693],[-8.511116,54.327927],[-8.508696,54.325597],[-8.500433,54.323116],[-8.500351,54.321469],[-8.506328,54.317583],[-8.507587,54.315527],[-8.515152,54.314028],[-8.529999,54.315012],[-8.539272,54.318059],[-8.556648,54.321523],[-8.560148,54.324304],[-8.562153,54.329798],[-8.565707,54.333452],[-8.565119,54.336115],[-8.567998,54.336313],[-8.569609,54.333814],[-8.569191,54.330819],[-8.566329,54.326792],[-8.568226,54.322953],[-8.57329,54.322376],[-8.574368,54.319775],[-8.572397,54.317652],[-8.571126,54.314147],[-8.571167,54.311073],[-8.574936,54.306006],[-8.572226,54.304504],[-8.568471,54.30492],[-8.560707,54.304591],[-8.552396,54.305936],[-8.549087,54.30594],[-8.542273,54.303263],[-8.536183,54.302006],[-8.528309,54.302792],[-8.522426,54.302451],[-8.505407,54.296239],[-8.499921,54.294912],[-8.491758,54.292023],[-8.491279,54.289596],[-8.484148,54.287792],[-8.47278,54.288856],[-8.462064,54.287613],[-8.45765,54.286358],[-8.449629,54.282368],[-8.444063,54.276799],[-8.442467,54.273199],[-8.442121,54.269938],[-8.443596,54.264622],[-8.446913,54.260804],[-8.453278,54.256427],[-8.461021,54.253642],[-8.46626,54.252633],[-8.474899,54.252178],[-8.480146,54.252585],[-8.488788,54.254411],[-8.495701,54.257401],[-8.501005,54.261506],[-8.504297,54.26651],[-8.504924,54.271918],[-8.513519,54.271717],[-8.519321,54.270597],[-8.519158,54.268696],[-8.514433,54.263167],[-8.521612,54.258689],[-8.521786,54.256109],[-8.525238,54.252582],[-8.533265,54.25185],[-8.531252,54.249766],[-8.537107,54.249279],[-8.539867,54.245415],[-8.544416,54.24543],[-8.553557,54.241312],[-8.562172,54.242939],[-8.569325,54.241204],[-8.574357,54.241666],[-8.574822,54.239159],[-8.573196,54.235207],[-8.567258,54.230932],[-8.5614,54.230582],[-8.558097,54.229514],[-8.549859,54.230945],[-8.544348,54.229725],[-8.542111,54.227228],[-8.541081,54.221401],[-8.535566,54.22232],[-8.536259,54.227425],[-8.533756,54.226944],[-8.530352,54.222307],[-8.522963,54.221948],[-8.521263,54.220452],[-8.516772,54.220628],[-8.512295,54.21878],[-8.507469,54.218874],[-8.508412,54.216898],[-8.512773,54.215886],[-8.516983,54.218239],[-8.523102,54.216456],[-8.531453,54.21629],[-8.536635,54.215335],[-8.547386,54.218324],[-8.555706,54.217745],[-8.564523,54.215992],[-8.572184,54.217251],[-8.576304,54.215339],[-8.573187,54.211854],[-8.574896,54.208937],[-8.580229,54.207262],[-8.584167,54.207632],[-8.587683,54.209364],[-8.591932,54.222109],[-8.596669,54.22116],[-8.600397,54.219401],[-8.609016,54.219386],[-8.612338,54.215652],[-8.616901,54.216819],[-8.621492,54.214251],[-8.623339,54.208425],[-8.6181,54.204168],[-8.618845,54.203163],[-8.611073,54.194199],[-8.599166,54.194166],[-8.594545,54.183635],[-8.583214,54.177027],[-8.585761,54.172691],[-8.583573,54.167968],[-8.579979,54.165518],[-8.574029,54.165902],[-8.571379,54.167114],[-8.566728,54.167247],[-8.564086,54.16826],[-8.557828,54.168667],[-8.554718,54.171857],[-8.54699,54.174161],[-8.54496,54.176776],[-8.545195,54.17957],[-8.540336,54.181331],[-8.532864,54.178531],[-8.531613,54.1736],[-8.535523,54.170184],[-8.531267,54.168018],[-8.527416,54.168854],[-8.51808,54.166941],[-8.508582,54.168259],[-8.504752,54.167111],[-8.495812,54.167465],[-8.489141,54.16241],[-8.48259,54.162512],[-8.473622,54.157442],[-8.467116,54.158723],[-8.464595,54.160982],[-8.455654,54.159355],[-8.455249,54.163473],[-8.451573,54.163189],[-8.445427,54.16097],[-8.444028,54.163955],[-8.444999,54.16571],[-8.448379,54.167126],[-8.447708,54.169994],[-8.450068,54.173577],[-8.439433,54.174129],[-8.430148,54.165647],[-8.423048,54.165601],[-8.419377,54.166839],[-8.419307,54.169059],[-8.422129,54.171166],[-8.417705,54.172587],[-8.407414,54.173355],[-8.403196,54.177457],[-8.409203,54.178302],[-8.415865,54.178237],[-8.424246,54.178845],[-8.427297,54.180902],[-8.432351,54.180538],[-8.431596,54.183263],[-8.43511,54.187822],[-8.430633,54.188284],[-8.427015,54.189953],[-8.421628,54.190468],[-8.413865,54.187918],[-8.410823,54.188742],[-8.408003,54.186907],[-8.405783,54.187597],[-8.405862,54.190992],[-8.399986,54.191236],[-8.394526,54.18971],[-8.39024,54.190608],[-8.385199,54.189549],[-8.380213,54.189764],[-8.376586,54.191128],[-8.371418,54.190666],[-8.364817,54.190893],[-8.360874,54.190012],[-8.353128,54.191683],[-8.34503,54.191046],[-8.338881,54.194334],[-8.335381,54.194959],[-8.333617,54.196868],[-8.340765,54.199071],[-8.347705,54.199281],[-8.347673,54.200215],[-8.339276,54.20353],[-8.336487,54.208418],[-8.333839,54.209112],[-8.331894,54.2117],[-8.336413,54.212592],[-8.334452,54.216335],[-8.335476,54.218647],[-8.338419,54.220585],[-8.34068,54.22379],[-8.337827,54.227225],[-8.336993,54.232002],[-8.335721,54.23419],[-8.335519,54.239115],[-8.333532,54.241004],[-8.334516,54.248656],[-8.339488,54.249144],[-8.341565,54.251524],[-8.346731,54.274404],[-8.343607,54.280171],[-8.342965,54.284624],[-8.345072,54.284957],[-8.345227,54.292085],[-8.346454,54.29454],[-8.346289,54.298811],[-8.348311,54.301287],[-8.349605,54.305856],[-8.35434,54.30759],[-8.35517,54.312169],[-8.362605,54.314289],[-8.375969,54.313877],[-8.375057,54.315973],[-8.381635,54.315608],[-8.389082,54.320426],[-8.386867,54.32468],[-8.386141,54.328866],[-8.391007,54.334404],[-8.390273,54.338751],[-8.39268,54.343167],[-8.391609,54.344948],[-8.393192,54.348038],[-8.391777,54.350101],[-8.394677,54.352586],[-8.39501,54.354856],[-8.397329,54.356351],[-8.399446,54.359997],[-8.393521,54.359788],[-8.386938,54.361504],[-8.382255,54.364833],[-8.374826,54.367021],[-8.365054,54.372001],[-8.366642,54.37458],[-8.360319,54.387251],[-8.360207,54.391695],[-8.359102,54.396394],[-8.3546,54.40006],[-8.352697,54.402588],[-8.349828,54.403709],[-8.347273,54.408028],[-8.346288,54.412217],[-8.349839,54.415144],[-8.345894,54.417398],[-8.34441,54.421309],[-8.348029,54.422611],[-8.35118,54.42258],[-8.353484,54.424155],[-8.357674,54.422739],[-8.359333,54.423441],[-8.364127,54.421936],[-8.369452,54.423161],[-8.374274,54.423364],[-8.379286,54.426509],[-8.391907,54.427948],[-8.395183,54.427983],[-8.398008,54.426622],[-8.392787,54.420211],[-8.394757,54.418462],[-8.403586,54.416401],[-8.408276,54.416641],[-8.413611,54.414375],[-8.419837,54.41494],[-8.421774,54.418232],[-8.42765,54.421094],[-8.419564,54.426766],[-8.408314,54.430714],[-8.409427,54.440056],[-8.401851,54.445877],[-8.396916,54.446872],[-8.378699,54.45158],[-8.375436,54.450565],[-8.372151,54.452442],[-8.372176,54.455495],[-8.374633,54.457153],[-8.378942,54.457072],[-8.38114,54.464268]]],[[[-8.592545,54.287635],[-8.589165,54.286551],[-8.585445,54.287903],[-8.583237,54.291892],[-8.582267,54.297963],[-8.577791,54.299334],[-8.579146,54.301062],[-8.584172,54.304072],[-8.592491,54.305886],[-8.599796,54.299797],[-8.594747,54.299684],[-8.593205,54.296673],[-8.595674,54.293841],[-8.59398,54.291813],[-8.595383,54.289247],[-8.592545,54.287635]]],[[[-8.662659,54.436036],[-8.664796,54.435804],[-8.671684,54.432331],[-8.669564,54.428322],[-8.663245,54.42903],[-8.650332,54.431229],[-8.645383,54.432966],[-8.653499,54.435976],[-8.662659,54.436036]]],[[[-8.496264,54.42609],[-8.502347,54.425714],[-8.501112,54.424255],[-8.502455,54.421498],[-8.498681,54.417963],[-8.491303,54.421611],[-8.491172,54.422867],[-8.496264,54.42609]]],[[[-8.564268,54.30284],[-8.572429,54.302027],[-8.570347,54.300511],[-8.557883,54.30207],[-8.564268,54.30284]]]]}},
{"type":"Feature","id":"IRL:ADM2:IE-C.castlebar-lea-7","properties":{"shapeName":"CASTLEBAR LEA-7","shapeISO":"","shapeGroup":"IRL","shapeType":"ADM2","adm1ISO":"IE-C","parentISO":"IE-C","parentID":"IRL:ADM1:IE-C","src_shape_id":"5873133B79217415432935"},"geometry":{"type":"Polygon","coordinates":[[[-9.483368,53.99278],[-9.477399,53.995668],[-9.47034,53.995084],[-9.463274,53.991064],[-9.460033,53.988107],[-9.454162,53.984548],[-9.447926,53.983732],[-9.445429,53.979259],[-9.440779,53.976948],[-9.43686,53.979767],[-9.428264,53.981779],[-9.425568,53.984977],[-9.419774,53.983712],[-9.413734,53.983791],[-9.409505,53.985188],[-9.404394,53.984672],[-9.398855,53.980571],[-9.393546,53.980455],[-9.391311,53.978718],[-9.388617,53.974211],[-9.389677,53.972002],[-9.387303,53.970429],[-9.39088,53.966596],[-9.39323,53.958298],[-9.38785,53.953336],[-9.391453,53.951798],[-9.395352,53.947667],[-9.400923,53.946612],[-9.399287,53.940804],[-9.414288,53.922316],[-9.435536,53.918554],[-9.440502,53.914934],[-9.440467,53.912851],[-9.442811,53.910883],[-9.444466,53.906888],[-9.446195,53.905474],[-9.446938,53.901575],[-9.445593,53.898172],[-9.447402,53.895289],[-9.44555,53.892846],[-9.445759,53.890583],[-9.449171,53.887197],[-9.451415,53.882069],[-9.445669,53.880426],[-9.444192,53.878615],[-9.441395,53.878656],[-9.440817,53.876331],[-9.442093,53.874042],[-9.440467,53.871973],[-9.443641,53.870812],[-9.443525,53.86555],[-9.44095,53.86282],[-9.442844,53.859497],[-9.445531,53.858168],[-9.44097,53.856335],[-9.439891,53.854476],[-9.436704,53.853035],[-9.433708,53.849968],[-9.439593,53.849102],[-9.442803,53.847186],[-9.438799,53.842841],[-9.435041,53.842361],[-9.436067,53.839001],[-9.4328,53.836355],[-9.436656,53.832055],[-9.436629,53.826159],[-9.4315,53.822452],[-9.42989,53.817401],[-9.423347,53.818453],[-9.417314,53.814532],[-9.4196,53.811921],[-9.42204,53.806739],[-9.419135,53.805156],[-9.411728,53.803882],[-9.414142,53.801571],[-9.415718,53.79707],[-9.4128,53.795517],[-9.410828,53.792143],[-9.407077,53.789097],[-9.404645,53.788379],[-9.398944,53.790244],[-9.396299,53.789709],[-9.39209,53.79113],[-9.389929,53.789411],[-9.400485,53.783022],[-9.400173,53.77865],[-9.39709,53.776235],[-9.398967,53.773521],[-9.39783,53.771271],[-9.397692,53.763648],[-9.401395,53.763012],[-9.405275,53.760042],[-9.40422,53.757429],[-9.411458,53.751633],[-9.412838,53.748447],[-9.408928,53.748611],[-9.405787,53.747134],[-9.405521,53.741704],[-9.41073,53.737084],[-9.416087,53.73422],[-9.420952,53.729713],[-9.422808,53.728916],[-9.421449,53.7256],[-9.421316,53.721893],[-9.424493,53.719085],[-9.427539,53.717689],[-9.430196,53.71364],[-9.434492,53.711592],[-9.440396,53.700431],[-9.447719,53.698678],[-9.456348,53.700813],[-9.459682,53.697965],[-9.464639,53.695072],[-9.468164,53.693915],[-9.472511,53.691147],[-9.479364,53.687746],[-9.480025,53.684474],[-9.486356,53.68444],[-9.488781,53.681847],[-9.479629,53.675262],[-9.488282,53.668777],[-9.486831,53.666182],[-9.483278,53.663019],[-9.482695,53.660937],[-9.494655,53.657467],[-9.499594,53.65527],[-9.510052,53.647883],[-9.511662,53.645056],[-9.517333,53.643507],[-9.524155,53.643338],[-9.530809,53.641518],[-9.541008,53.636861],[-9.545293,53.632346],[-9.549937,53.626533],[-9.551676,53.623524],[-9.552333,53.620157],[-9.564783,53.612601],[-9.558114,53.61107],[-9.555542,53.608043],[-9.556301,53.605188],[-9.555251,53.603479],[-9.557364,53.601236],[-9.554301,53.596524],[-9.554067,53.594646],[-9.549847,53.590215],[-9.545756,53.583188],[-9.543586,53.581253],[-9.537014,53.581966],[-9.531783,53.580915],[-9.524317,53.580862],[-9.520792,53.580014],[-9.519941,53.577888],[-9.512412,53.576987],[-9.505851,53.571938],[-9.503264,53.57201],[-9.49682,53.569945],[-9.496068,53.568514],[-9.490338,53.568124],[-9.486397,53.564347],[-9.481431,53.566129],[-9.481313,53.562281],[-9.459927,53.564206],[-9.437537,53.56546],[-9.42958,53.563945],[-9.423393,53.564064],[-9.41441,53.565534],[-9.411983,53.567574],[-9.408757,53.568372],[-9.360907,53.573606],[-9.361793,53.597838],[-9.338932,53.627497],[-9.331103,53.635774],[-9.285543,53.641614],[-9.270828,53.651133],[-9.268199,53.654967],[-9.264799,53.6568],[-9.263303,53.659787],[-9.253489,53.6611],[-9.218556,53.703859],[-9.215554,53.705101],[-9.213844,53.70764],[-9.211185,53.708154],[-9.207766,53.711001],[-9.196485,53.712352],[-9.190713,53.702979],[-9.182928,53.699427],[-9.179515,53.701691],[-9.1806,53.703024],[-9.178297,53.705591],[-9.179936,53.706924],[-9.181545,53.711983],[-9.174345,53.71217],[-9.173563,53.715206],[-9.167896,53.71815],[-9.165161,53.721151],[-9.165544,53.727517],[-9.161158,53.729952],[-9.155976,53.731092],[-9.152758,53.728094],[-9.150875,53.72345],[-9.144148,53.732254],[-9.138581,53.737365],[-9.13974,53.741197],[-9.138484,53.742979],[-9.138558,53.747276],[-9.139724,53.749089],[-9.135725,53.749753],[-9.131652,53.748504],[-9.128829,53.74968],[-9.127565,53.755087],[-9.134156,53.758967],[-9.132525,53.760892],[-9.13309,53.76322],[-9.125541,53.765279],[-9.122891,53.760629],[-9.120175,53.760851],[-9.116689,53.762846],[-9.118804,53.765736],[-9.116185,53.767457],[-9.120518,53.771475],[-9.117324,53.772106],[-9.11933,53.775676],[-9.119155,53.779578],[-9.118022,53.781691],[-9.114213,53.782064],[-9.110187,53.781325],[-9.10366,53.778738],[-9.096021,53.773161],[-9.094747,53.773446],[-9.093787,53.777825],[-9.082186,53.779145],[-9.077503,53.780891],[-9.070282,53.776616],[-9.067873,53.773303],[-9.06519,53.77537],[-9.060142,53.776751],[-9.066318,53.781726],[-9.068083,53.781926],[-9.073154,53.785688],[-9.072153,53.790898],[-9.072436,53.794709],[-9.074319,53.797517],[-9.071968,53.798914],[-9.072574,53.804523],[-9.074854,53.809154],[-9.076162,53.809804],[-9.077384,53.816664],[-9.079748,53.817915],[-9.088742,53.816177],[-9.093782,53.820015],[-9.091674,53.825031],[-9.092356,53.827736],[-9.091022,53.834008],[-9.09596,53.838782],[-9.09585,53.842932],[-9.097574,53.844798],[-9.097707,53.848359],[-9.101916,53.852703],[-9.100127,53.857289],[-9.101406,53.860052],[-9.099948,53.860902],[-9.102469,53.865519],[-9.100981,53.869199],[-9.101543,53.873663],[-9.098851,53.874695],[-9.095312,53.873084],[-9.092572,53.868128],[-9.086408,53.866677],[-9.08394,53.868601],[-9.085439,53.873477],[-9.085036,53.875062],[-9.08755,53.87848],[-9.09508,53.881187],[-9.094359,53.884806],[-9.095522,53.886114],[-9.095366,53.891014],[-9.097122,53.895508],[-9.102242,53.896481],[-9.103175,53.89867],[-9.102386,53.90325],[-9.09764,53.902205],[-9.094135,53.902651],[-9.088123,53.905569],[-9.087393,53.89888],[-9.085668,53.897448],[-9.080253,53.898166],[-9.07514,53.902271],[-9.07679,53.903668],[-9.077962,53.908544],[-9.075976,53.910986],[-9.076884,53.913258],[-9.080315,53.913012],[-9.085322,53.915125],[-9.086498,53.917702],[-9.089236,53.920274],[-9.082799,53.920928],[-9.076423,53.924594],[-9.080402,53.925527],[-9.082837,53.927562],[-9.082381,53.929278],[-9.086498,53.930304],[-9.088245,53.931731],[-9.087172,53.933615],[-9.087921,53.936502],[-9.090454,53.937063],[-9.09414,53.940129],[-9.100288,53.939322],[-9.108034,53.937295],[-9.119055,53.938437],[-9.120349,53.944324],[-9.123111,53.945986],[-9.122956,53.949325],[-9.127873,53.954743],[-9.130849,53.954784],[-9.133556,53.956667],[-9.131327,53.961957],[-9.128542,53.961792],[-9.129637,53.965625],[-9.133518,53.964872],[-9.136753,53.967399],[-9.145333,53.965458],[-9.174446,53.970154],[-9.191942,53.977895],[-9.19506,53.987628],[-9.197338,53.987587],[-9.20427,53.994393],[-9.224283,54.001201],[-9.264079,54.037672],[-9.291455,54.040593],[-9.299615,54.036862],[-9.300512,54.033967],[-9.298031,54.031933],[-9.29844,54.029727],[-9.305369,54.027058],[-9.311452,54.028495],[-9.313891,54.028398],[-9.315371,54.031799],[-9.31529,54.034333],[-9.313286,54.039065],[-9.314272,54.042796],[-9.319381,54.04218],[-9.3222,54.04426],[-9.327718,54.045181],[-9.330277,54.044087],[-9.333911,54.046407],[-9.339248,54.047184],[-9.347919,54.043191],[-9.349995,54.045355],[-9.352132,54.052869],[-9.357462,54.053364],[-9.363039,54.055278],[-9.368604,54.051443],[-9.373627,54.050926],[-9.380249,54.047932],[-9.3869,54.055493],[-9.387423,54.0577],[-9.391108,54.056964],[-9.395197,54.053464],[-9.400016,54.052691],[-9.402501,54.050425],[-9.407656,54.051191],[-9.412839,54.050237],[-9.416569,54.051087],[-9.416959,54.052664],[-9.421115,54.05415],[-9.424502,54.053211],[-9.426345,54.049467],[-9.4302,54.04803],[-9.437434,54.043737],[-9.44315,54.044306],[-9.452522,54.043789],[-9.4557,54.042253],[-9.455675,54.039906],[-9.451489,54.035461],[-9.452362,54.033847],[-9.456373,54.033809],[-9.459663,54.032237],[-9.462556,54.033667],[-9.465933,54.0318],[-9.471199,54.031644],[-9.474471,54.025213],[-9.472455,54.021629],[-9.471525,54.015704],[-9.470122,54.013834],[-9.472816,54.011369],[-9.472028,54.009067],[-9.476208,54.006642],[-9.482087,54.00896],[-9.48328,54.008262],[-9.482244,54.004292],[-9.482356,54.000277],[-9.484003,53.998187],[-9.484511,53.993631],[-9.483368,53.99278]]]}},
{"type":"Feature","id":"IRL:ADM2:IE-C.sligo-strandhill-lea-6","properties":{"shapeName":"SLIGO-STRANDHILL LEA-6","shapeISO":"","shapeGroup":"IRL","shapeType":"ADM2","adm1ISO":"IE-C","parentISO":"IE-C","parentID":"IRL:ADM1:IE-C","src_shape_id":"5873133B64230948512776"},"geometry":{"type":"Polygon","coordinates":[[[-8.484148,54.287792],[-8.478618,54.287003],[-8.479117,54.282251],[-8.485513,54.282232],[-8.484942,54.279678],[-8.477816,54.278456],[-8.47988,54.276101],[-8.486345,54.279086],[-8.490908,54.28181],[-8.495324,54.285736],[-8.498585,54.284941],[-8.497114,54.283013],[-8.50017,54.282348],[-8.505936,54.283157],[-8.51393,54.279441],[-8.517588,54.27637],[-8.522628,54.278473],[-8.526744,54.279161],[-8.545024,54.280321],[-8.552276,54.279679],[-8.562904,54.275851],[-8.571575,54.276032],[-8.57316,54.277741],[-8.578022,54.278859],[-8.579043,54.277367],[-8.584041,54.276237],[-8.588917,54.278468],[-8.590839,54.280677],[-8.58897,54.283175],[-8.592787,54.283948],[-8.598136,54.281852],[-8.609183,54.283114],[-8.609536,54.280277],[-8.606133,54.276948],[-8.608136,54.272128],[-8.612513,54.267763],[-8.619633,54.263674],[-8.622749,54.261129],[-8.624422,54.25769],[-8.623965,54.254021],[-8.621139,54.254484],[-8.617353,54.257449],[-8.618878,54.259729],[-8.606932,54.261143],[-8.601843,54.260303],[-8.601247,54.257794],[-8.597278,54.253406],[-8.594032,54.254051],[-8.588058,54.25226],[-8.58566,54.249229],[-8.585505,54.246832],[-8.580743,54.246321],[-8.574357,54.241666],[-8.569325,54.241204],[-8.562172,54.242939],[-8.553557,54.241312],[-8.544416,54.24543],[-8.539867,54.245415],[-8.537107,54.249279],[-8.531252,54.249766],[-8.533265,54.25185],[-8.525238,54.252582],[-8.521786,54.256109],[-8.521612,54.258689],[-8.514433,54.263167],[-8.519158,54.268696],[-8.519321,54.270597],[-8.513519,54.271717],[-8.504924,54.271918],[-8.504297,54.26651],[-8.501005,54.261506],[-8.495701,54.257401],[-8.488788,54.254411],[-8.480146,54.252585],[-8.474899,54.252178],[-8.46626,54.252633],[-8.461021,54.253642],[-8.453278,54.256427],[-8.446913,54.260804],[-8.443596,54.264622],[-8.442121,54.269938],[-8.442467,54.273199],[-8.444063,54.276799],[-8.449629,54.282368],[-8.45765,54.286358],[-8.462064,54.287613],[-8.47278,54.288856],[-8.484148,54.287792]]]}}
]}