{"type":"FeatureCollection","bbox":[-4.851658,42.758081,-3.149635,43.513443],"features":[
{"type":"Feature","id":"ESP:ADM3:ES-CB.alfoz-de-lloredo","properties":{"shapeName":"Alfoz de Lloredo","shapeISO":"","shapeGroup":"ESP","shapeType":"ADM3","adm1ISO":"ES-CB","parentISO":"ES-CB","parentID":"ESP:ADM1:ES-CB","src_shape_id":"28895703B29368796401997"},"geometry":{"type":"Polygon","coordinates":[[[-4.265088,43.364628],[-4.262379,43.36255],[-4.256342,43.356467],[-4.254134,43.355302],[-4.243138,43.356467],[-4.239886,43.357943],[-4.235164,43.358174],[-4.232481,43.356078],[-4.225652,43.35399],[-4.218343,43.3526],[-4.216773,43.348736],[-4.217097,43.3464],[-4.209256,43.346745],[-4.205657,43.346296],[-4.195348,43.350357],[-4.194531,43.348988],[-4.183247,43.341641],[-4.179134,43.342683],[-4.176082,43.342426],[-4.169367,43.344169],[-4.166262,43.348928],[-4.161262,43.349438],[-4.157834,43.348213],[-4.15129,43.349305],[-4.148335,43.352252],[-4.15289,43.355637],[-4.151065,43.358969],[-4.145142,43.363558],[-4.143417,43.365673],[-4.140745,43.365367],[-4.139445,43.363182],[-4.137256,43.362934],[-4.136826,43.365667],[-4.141167,43.368145],[-4.145541,43.371658],[-4.151627,43.374334],[-4.145378,43.379376],[-4.144195,43.379523],[-4.143698,43.380663],[-4.138305,43.382733],[-4.126663,43.391394],[-4.12661,43.393844],[-4.127913,43.397559],[-4.131522,43.403034],[-4.132282,43.406016],[-4.131224,43.412248],[-4.133651,43.414129],[-4.134865,43.411411],[-4.137441,43.413096],[-4.143166,43.413471],[-4.148953,43.411811],[-4.153226,43.411155],[-4.153167,43.410003],[-4.156506,43.408241],[-4.159718,43.40828],[-4.164088,43.406885],[-4.16961,43.403741],[-4.171853,43.403492],[-4.175226,43.401054],[-4.179294,43.40447],[-4.193666,43.40243],[-4.198463,43.400795],[-4.200256,43.399047],[-4.208278,43.401286],[-4.214215,43.398648],[-4.217586,43.39619],[-4.222221,43.395865],[-4.221277,43.390613],[-4.22267,43.388032],[-4.225177,43.386213],[-4.222768,43.384933],[-4.224618,43.381762],[-4.229002,43.378167],[-4.231269,43.373073],[-4.23165,43.37053],[-4.230521,43.368417],[-4.233064,43.366598],[-4.236422,43.36241],[-4.241223,43.364222],[-4.251329,43.361114],[-4.257459,43.360957],[-4.260075,43.36154],[-4.265088,43.364628]]]}},
{"type":"Feature","id":"ESP:ADM3:ES-CB.ampuero","properties":{"shapeName":"Ampuero","shapeISO":"","shapeGroup":"ESP","shapeType":"ADM3","adm1ISO":"ES-CB","parentISO":"ES-CB","parentID":"ESP:ADM1:ES-CB","src_shape_id":"28895703B50905097961695"},"geometry":{"type":"Polygon","coordinates":[[[-3.473515,43.303688],[-3.465047,43.300145],[-3.463703,43.299171],[-3.467427,43.292328],[-3.46299,43.292239],[-3.455963,43.295634],[-3.450012,43.297916],[-3.445424,43.297762],[-3.444468,43.300215],[-3.451403,43.307707],[-3.4463,43.307943],[-3.44591,43.310232],[-3.448127,43.313285],[-3.446138,43.31612],[-3.442082,43.314556],[-3.438664,43.31876],[-3.437588,43.324141],[-3.442101,43.327463],[-3.441186,43.328817],[-3.433091,43.330011],[-3.43156,43.331646],[-3.427512,43.331796],[-3.412632,43.331439],[-3.403465,43.330079],[-3.39629,43.326498],[-3.39254,43.322788],[-3.385132,43.320158],[-3.37972,43.314041],[-3.35883,43.306538],[-3.360065,43.311996],[-3.360956,43.31869],[-3.364952,43.32642],[-3.368132,43.331217],[-3.373411,43.342878],[-3.372789,43.349509],[-3.370673,43.355095],[-3.37183,43.356433],[-3.380681,43.361066],[-3.3891,43.362658],[-3.396835,43.359486],[-3.404183,43.359298],[-3.408517,43.358411],[-3.413826,43.359117],[-3.417926,43.35675],[-3.425071,43.355668],[-3.429645,43.355804],[-3.432856,43.35384],[-3.4443,43.356196],[-3.443568,43.35448],[-3.447653,43.351151],[-3.448027,43.348304],[-3.446529,43.345933],[-3.451214,43.34224],[-3.454485,43.340778],[-3.460406,43.330786],[-3.462273,43.329761],[-3.464947,43.324573],[-3.468072,43.323498],[-3.470904,43.316516],[-3.473537,43.314182],[-3.475004,43.309331],[-3.472771,43.307549],[-3.473515,43.303688]]]}},
{"type":"Feature","id":"ESP:ADM3:ES-CB.anievas","properties":{"shapeName":"Anievas","shapeISO":"","shapeGroup":"ESP","shapeType":"ADM3","adm1ISO":"ES-CB","parentISO":"ES-CB","parentID":"ESP:ADM1:ES-CB","src_shape_id":"28895703B34566462750989"},"geometry":{"type":"Polygon","coordinates":[[[-4.026566,43.220022],[-4.029518,43.209586],[-4.032289,43.205986],[-4.030295,43.1979],[-4.028482,43.192567],[-4.022971,43.186061],[-4.009749,43.173049],[-3.981993,43.177685],[-3.976511,43.178791],[-3.978207,43.182214],[-3.978599,43.18684],[-3.977994,43.189727],[-3.979522,43.194864],[-3.97719,43.196918],[-3.979852,43.205968],[-3.984543,43.213111],[-3.989612,43.22345],[-4.002253,43.232872],[-4.003709,43.229454],[-4.007869,43.227833],[-4.016979,43.229157],[-4.019297,43.227129],[-4.024368,43.221104],[-4.026566,43.220022]]]}},
{"type":"Feature","id":"ESP:ADM3:ES-CB.arenas-de-iguna","properties":{"shapeName":"Arenas de Iguña","shapeISO":"","shapeGroup":"ESP","shapeType":"ADM3","adm1ISO":"ES-CB","parentISO":"ES-CB","parentID":"ESP:ADM1:ES-CB","src_shape_id":"28895703B89823466403571"},"geometry":{"type":"Polygon","coordinates":[[[-4.026566,43.220022],[-4.032114,43.220431],[-4.036267,43.221375],[-4.045991,43.22479],[-4.048853,43.227961],[-4.062253,43.229503],[-4.066598,43.228688],[-4.067493,43.227734],[-4.065746,43.22432],[-4.069908,43.222912],[-4.066931,43.220941],[-4.070429,43.216055],[-4.067834,43.214818],[-4.066845,43.212486],[-4.072567,43.208813],[-4.078314,43.208687],[-4.085184,43.210108],[-4.093337,43.203421],[-4.098939,43.204844],[-4.108611,43.202599],[-4.115735,43.199072],[-4.123054,43.197461],[-4.126054,43.197963],[-4.134,43.200379],[-4.13583,43.202134],[-4.138509,43.202558],[-4.143734,43.204838],[-4.149935,43.206037],[-4.154721,43.200667],[-4.157508,43.198334],[-4.167279,43.196307],[-4.167613,43.194431],[-4.171762,43.195793],[-4.177499,43.194573],[-4.186847,43.191766],[-4.186195,43.188603],[-4.182411,43.184437],[-4.182743,43.180634],[-4.180001,43.176889],[-4.177868,43.175344],[-4.175592,43.170262],[-4.169706,43.166738],[-4.163933,43.163951],[-4.161673,43.160913],[-4.163514,43.158093],[-4.161979,43.151734],[-4.167575,43.142681],[-4.161836,43.140245],[-4.161163,43.13782],[-4.158248,43.134545],[-4.153216,43.131732],[-4.145968,43.130094],[-4.140487,43.12824],[-4.127318,43.122076],[-4.125069,43.122054],[-4.1222,43.125962],[-4.117896,43.127941],[-4.116274,43.130694],[-4.115077,43.136487],[-4.113276,43.138926],[-4.108127,43.140453],[-4.099968,43.140587],[-4.095746,43.144642],[-4.089447,43.145908],[-4.087831,43.151822],[-4.087646,43.154597],[-4.085686,43.158506],[-4.081943,43.159036],[-4.082822,43.164224],[-4.079246,43.164447],[-4.061601,43.171986],[-4.059507,43.173257],[-4.054094,43.173298],[-4.050298,43.171487],[-4.043244,43.169733],[-4.02891,43.171834],[-4.022081,43.171049],[-4.011727,43.171366],[-3.997913,43.165427],[-3.991772,43.16376],[-3.983911,43.160685],[-3.974929,43.159744],[-3.96408,43.157378],[-3.960657,43.154003],[-3.951823,43.149853],[-3.950563,43.151926],[-3.953384,43.154987],[-3.954705,43.156457],[-3.954008,43.161478],[-3.954361,43.166779],[-3.96079,43.169643],[-3.964342,43.17018],[-3.966564,43.171449],[-3.969118,43.175003],[-3.973426,43.17665],[-3.976511,43.178791],[-3.981993,43.177685],[-4.009749,43.173049],[-4.022971,43.186061],[-4.028482,43.192567],[-4.030295,43.1979],[-4.032289,43.205986],[-4.029518,43.209586],[-4.026566,43.220022]]]}},
{"type":"Feature","id":"ESP:ADM3:ES-CB.argonos","properties":{"shapeName":"Argoños","shapeISO":"","shapeGroup":"ESP","shapeType":"ADM3","adm1ISO":"ES-CB","parentISO":"ES-CB","parentID":"ESP:ADM1:ES-CB","src_shape_id":"28895703B58650391001147"},"geometry":{"type":"Polygon","coordinates":[[[-3.514711,43.454803],[-3.507391,43.451725],[-3.499008,43.448943],[-3.490942,43.445288],[-3.475505,43.442921],[-3.474047,43.443689],[-3.473,43.452333],[-3.476981,43.45686],[-3.479789,43.458408],[-3.485837,43.457103],[-3.487112,43.458492],[-3.484083,43.464086],[-3.502949,43.466061],[-3.511492,43.46567],[-3.514522,43.460427],[-3.514711,43.454803]]]}},
{"type":"Feature","id":"ESP:ADM3:ES-CB.arnuero","properties":{"shapeName":"Arnuero","shapeISO":"","shapeGroup":"ESP","shapeType":"ADM3","adm1ISO":"ES-CB","parentISO":"ES-CB","parentID":"ESP:ADM1:ES-CB","src_shape_id":"28895703B96114164885231"},"geometry":{"type":"Polygon","coordinates":[[[-3.514522,43.460427],[-3.525625,43.466491],[-3.527476,43.468914],[-3.534247,43.471251],[-3.539741,43.468974],[-3.542896,43.473425],[-3.539578,43.475692],[-3.537489,43.478538],[-3.540571,43.483143],[-3.547205,43.489307],[-3.540036,43.495575],[-3.541066,43.497044],[-3.541098,43.502059],[-3.54264,43.504411],[-3.545287,43.504353],[-3.546256,43.507554],[-3.549269,43.508341],[-3.559517,43.507509],[-3.562681,43.508457],[-3.565409,43.507849],[-3.571092,43.508334],[-3.57799,43.50649],[-3.580354,43.504358],[-3.583271,43.504173],[-3.586038,43.502475],[-3.586949,43.500678],[-3.585129,43.499274],[-3.586724,43.496627],[-3.585887,43.494489],[-3.588019,43.492353],[-3.587545,43.490743],[-3.58977,43.489318],[-3.591206,43.486925],[-3.594666,43.484115],[-3.59408,43.482453],[-3.590687,43.481831],[-3.588716,43.478878],[-3.586571,43.47952],[-3.583452,43.477898],[-3.587253,43.475941],[-3.586906,43.469461],[-3.585914,43.465315],[-3.575553,43.46389],[-3.571574,43.464018],[-3.565176,43.463148],[-3.563552,43.460088],[-3.554614,43.448078],[-3.554798,43.442898],[-3.555728,43.43882],[-3.544007,43.446893],[-3.534739,43.451304],[-3.530004,43.4511],[-3.514711,43.454803],[-3.514522,43.460427]]]}},
{"type":"Feature","id":"ESP:ADM3:ES-CB.arredondo","properties":{"shapeName":"Arredondo","shapeISO":"","shapeGroup":"ESP","shapeType":"ADM3","adm1ISO":"ES-CB","parentISO":"ES-CB","parentID":"ESP:ADM1:ES-CB","src_shape_id":"28895703B23320409880674"},"geometry":{"type":"Polygon","coordinates":[[[-3.68733,43.26108],[-3.682843,43.260231],[-3.678826,43.256851],[-3.677542,43.254401],[-3.675688,43.253835],[-3.671756,43.254768],[-3.667038,43.254849],[-3.661936,43.253609],[-3.661314,43.250749],[-3.656385,43.247176],[-3.653564,43.243654],[-3.653246,43.241593],[-3.655618,43.239914],[-3.660763,43.238507],[-3.656863,43.234954],[-3.65202,43.235207],[-3.646656,43.233346],[-3.643732,43.234101],[-3.640264,43.233328],[-3.638346,43.234824],[-3.632307,43.235624],[-3.628895,43.236804],[-3.623946,43.236912],[-3.617988,43.23482],[-3.615846,43.234858],[-3.606962,43.236949],[-3.606227,43.239844],[-3.601262,43.242211],[-3.593182,43.243451],[-3.591561,43.242622],[-3.582274,43.240094],[-3.581539,43.240557],[-3.578705,43.250475],[-3.580373,43.251904],[-3.589113,43.256467],[-3.585714,43.263232],[-3.586954,43.275314],[-3.586909,43.279904],[-3.59381,43.28624],[-3.597526,43.289041],[-3.595507,43.292442],[-3.595926,43.295228],[-3.600274,43.295821],[-3.601578,43.296769],[-3.608047,43.295159],[-3.610823,43.295378],[-3.61604,43.293342],[-3.618963,43.291117],[-3.625063,43.291494],[-3.628202,43.292744],[-3.635273,43.293444],[-3.642598,43.292203],[-3.644311,43.294789],[-3.647821,43.29685],[-3.64944,43.301211],[-3.663147,43.303776],[-3.668654,43.303384],[-3.674036,43.301567],[-3.67502,43.301959],[-3.675838,43.30052],[-3.674964,43.297656],[-3.675465,43.294988],[-3.677736,43.293011],[-3.67759,43.289842],[-3.679509,43.286371],[-3.676944,43.283822],[-3.679065,43.279478],[-3.683212,43.277932],[-3.682182,43.276146],[-3.682359,43.272165],[-3.688699,43.267174],[-3.68733,43.26108]]]}},
{"type":"Feature","id":"ESP:ADM3:ES-CB.el-astillero","properties":{"shapeName":"El Astillero","shapeISO":"","shapeGroup":"ESP","shapeType":"ADM3","adm1ISO":"ES-CB","parentISO":"ES-CB","parentID":"ESP:ADM1:ES-CB","src_shape_id":"28895703B14848503619079"},"geometry":{"type":"Polygon","coordinates":[[[-3.86107,43.390048],[-3.858158,43.388196],[-3.849961,43.385841],[-3.844466,43.390185],[-3.842772,43.389109],[-3.836798,43.393817],[-3.833366,43.39476],[-3.830785,43.393807],[-3.827889,43.39417],[-3.820011,43.393254],[-3.814858,43.392206],[-3.809657,43.39358],[-3.809713,43.394777],[-3.813404,43.397113],[-3.815076,43.399401],[-3.815642,43.402479],[-3.817541,43.405941],[-3.820271,43.408695],[-3.821242,43.411964],[-3.823332,43.411771],[-3.828537,43.407273],[-3.829563,43.406476],[-3.834841,43.406852],[-3.836608,43.409639],[-3.840653,43.412751],[-3.843558,43.412465],[-3.845877,43.409171],[-3.85465,43.400681],[-3.857469,43.398523],[-3.86107,43.390048]]]}},
{"type":"Feature","id":"ESP:ADM3:ES-CB.barcena-de-cicero","properties":{"shapeName":"Bárcena de Cicero","shapeISO":"","shapeGroup":"ESP","shapeType":"ADM3","adm1ISO":"ES-CB","parentISO":"ES-CB","parentID":"ESP:ADM1:ES-CB","src_shape_id":"28895703B45718510784328"},"geometry":{"type":"Polygon","coordinates":[[[-3.552764,43.423139],[-3.554206,43.418016],[-3.553027,43.415866],[-3.554691,43.404619],[-3.557635,43.401614],[-3.560795,43.396659],[-3.565381,43.392045],[-3.562645,43.39058],[-3.547561,43.386958],[-3.545019,43.386067],[-3.539579,43.382829],[-3.530075,43.377501],[-3.525197,43.380694],[-3.518348,43.381353],[-3.517498,43.383767],[-3.514638,43.385707],[-3.509901,43.387638],[-3.503811,43.387296],[-3.500405,43.388994],[-3.497014,43.387965],[-3.492712,43.384201],[-3.485932,43.38396],[-3.485055,43.380812],[-3.480678,43.379967],[-3.480876,43.378498],[-3.477552,43.376468],[-3.478065,43.374206],[-3.475895,43.372918],[-3.471035,43.373397],[-3.465869,43.377371],[-3.466119,43.382692],[-3.467374,43.383704],[-3.465694,43.388457],[-3.463985,43.390646],[-3.465485,43.395991],[-3.462994,43.403451],[-3.464796,43.405801],[-3.460966,43.421899],[-3.461698,43.423949],[-3.460929,43.428571],[-3.46307,43.429031],[-3.463569,43.43128],[-3.471175,43.430098],[-3.47343,43.430811],[-3.482496,43.430944],[-3.48423,43.430078],[-3.485397,43.42696],[-3.488299,43.423269],[-3.491528,43.423075],[-3.49737,43.423233],[-3.515473,43.42517],[-3.52222,43.426115],[-3.524331,43.424994],[-3.527714,43.424983],[-3.53758,43.423179],[-3.541774,43.426508],[-3.547544,43.426571],[-3.552764,43.423139]]]}},
{"type":"Feature","id":"ESP:ADM3:ES-CB.barcena-de-pie-de-concha","properties":{"shapeName":"Bárcena de Pie de Concha","shapeISO":"","shapeGroup":"ESP","shapeType":"ADM3","adm1ISO":"ES-CB","parentISO":"ES-CB","parentID":"ESP:ADM1:ES-CB","src_shape_id":"28895703B92447790648374"},"geometry":{"type":"Polygon","coordinates":[[[-4.125069,43.122054],[-4.128296,43.1205],[-4.12998,43.116494],[-4.131165,43.116389],[-4.134025,43.112708],[-4.133585,43.103689],[-4.112575,43.100972],[-4.090153,43.096653],[-4.089472,43.102086],[-4.073133,43.111025],[-4.072488,43.113517],[-4.065401,43.11877],[-4.06147,43.120688],[-4.062606,43.10936],[-4.066839,43.10166],[-4.055664,43.098654],[-4.05113,43.095796],[-4.048218,43.091987],[-4.041704,43.089711],[-4.037529,43.089119],[-4.023932,43.091747],[-4.015254,43.092905],[-4.009142,43.097984],[-4.008765,43.101967],[-4.01175,43.102643],[-4.012583,43.106202],[-4.023184,43.108107],[-4.024604,43.109949],[-4.027,43.110675],[-4.030776,43.113766],[-4.029574,43.116123],[-4.037349,43.118536],[-4.046338,43.124263],[-4.049552,43.130813],[-4.055995,43.135307],[-4.059328,43.134153],[-4.060618,43.128653],[-4.062316,43.126022],[-4.072025,43.127775],[-4.078156,43.133892],[-4.088489,43.140481],[-4.093461,43.14037],[-4.098267,43.139228],[-4.099968,43.140587],[-4.108127,43.140453],[-4.113276,43.138926],[-4.115077,43.136487],[-4.116274,43.130694],[-4.117896,43.127941],[-4.1222,43.125962],[-4.125069,43.122054]]]}},
{"type":"Feature","id":"ESP:ADM3:ES-CB.bareyo","properties":{"shapeName":"Bareyo","shapeISO":"","shapeGroup":"ESP","shapeType":"ADM3","adm1ISO":"ES-CB","parentISO":"ES-CB","parentID":"ESP:ADM1:ES-CB","src_shape_id":"28895703B74565224849497"},"geometry":{"type":"Polygon","coordinates":[[[-3.57799,43.50649],[-3.580173,43.507127],[-3.583787,43.512377],[-3.590033,43.513443],[-3.593894,43.512316],[-3.596707,43.512743],[-3.599585,43.509738],[-3.602242,43.5094],[-3.605016,43.507198],[-3.607135,43.503891],[-3.608822,43.503081],[-3.611801,43.499184],[-3.614038,43.499019],[-3.616395,43.500888],[-3.618194,43.497763],[-3.626063,43.498036],[-3.630219,43.496779],[-3.633718,43.496616],[-3.637815,43.498133],[-3.644643,43.498095],[-3.647835,43.495826],[-3.654833,43.492307],[-3.650721,43.488708],[-3.649923,43.485822],[-3.646663,43.483889],[-3.64724,43.478418],[-3.642381,43.472188],[-3.637059,43.46854],[-3.639526,43.465718],[-3.643896,43.463174],[-3.647801,43.462002],[-3.655587,43.456502],[-3.655058,43.448442],[-3.647176,43.441819],[-3.64663,43.440206],[-3.628665,43.434757],[-3.625837,43.434734],[-3.611984,43.432643],[-3.609416,43.433232],[-3.609727,43.443274],[-3.609142,43.446143],[-3.60426,43.453187],[-3.607011,43.459243],[-3.599799,43.461066],[-3.591424,43.463665],[-3.588524,43.465464],[-3.585914,43.465315],[-3.586906,43.469461],[-3.587253,43.475941],[-3.583452,43.477898],[-3.586571,43.47952],[-3.588716,43.478878],[-3.590687,43.481831],[-3.59408,43.482453],[-3.594666,43.484115],[-3.591206,43.486925],[-3.58977,43.489318],[-3.587545,43.490743],[-3.588019,43.492353],[-3.585887,43.494489],[-3.586724,43.496627],[-3.585129,43.499274],[-3.586949,43.500678],[-3.586038,43.502475],[-3.583271,43.504173],[-3.580354,43.504358],[-3.57799,43.50649]]]}},
{"type":"Feature","id":"ESP:ADM3:ES-CB.cabezon-de-la-sal","properties":{"shapeName":"Cabezón de la Sal","shapeISO":"","shapeGroup":"ESP","shapeType":"ADM3","adm1ISO":"ES-CB","parentISO":"ES-CB","parentID":"ESP:ADM1:ES-CB","src_shape_id":"28895703B62838684735785"},"geometry":{"type":"Polygon","coordinates":[[[-4.217097,43.3464],[-4.219779,43.343562],[-4.219688,43.342087],[-4.222652,43.337958],[-4.220173,43.329979],[-4.224127,43.327236],[-4.22387,43.323619],[-4.22671,43.32195],[-4.236359,43.320972],[-4.24117,43.319209],[-4.250924,43.317924],[-4.253766,43.318811],[-4.258194,43.321806],[-4.262892,43.322349],[-4.267084,43.321699],[-4.269382,43.319521],[-4.272275,43.313375],[-4.2723,43.312195],[-4.277844,43.308991],[-4.277326,43.306043],[-4.278354,43.303925],[-4.275449,43.30059],[-4.276656,43.297028],[-4.283463,43.29417],[-4.282675,43.291261],[-4.284316,43.290162],[-4.28415,43.286967],[-4.27843,43.284006],[-4.274349,43.282746],[-4.274187,43.275004],[-4.265016,43.275483],[-4.261569,43.276242],[-4.253528,43.276564],[-4.24946,43.27895],[-4.246294,43.276607],[-4.244387,43.27797],[-4.23939,43.2777],[-4.238495,43.280357],[-4.236225,43.282677],[-4.233601,43.287613],[-4.230972,43.288695],[-4.228772,43.293275],[-4.226826,43.29461],[-4.221971,43.295338],[-4.213136,43.301141],[-4.205735,43.309701],[-4.202526,43.315183],[-4.205225,43.318828],[-4.197018,43.319806],[-4.192547,43.321959],[-4.189633,43.321197],[-4.185173,43.321387],[-4.181708,43.323332],[-4.174254,43.323742],[-4.175004,43.326823],[-4.173574,43.328828],[-4.173292,43.336583],[-4.172548,43.338968],[-4.169115,43.340687],[-4.169367,43.344169],[-4.176082,43.342426],[-4.179134,43.342683],[-4.183247,43.341641],[-4.194531,43.348988],[-4.195348,43.350357],[-4.205657,43.346296],[-4.209256,43.346745],[-4.217097,43.3464]]]}},
{"type":"Feature","id":"ESP:ADM3:ES-CB.cabezon-de-liebana","properties":{"shapeName":"Cabezón de Liébana","shapeISO":"","shapeGroup":"ESP","shapeType":"ADM3","adm1ISO":"ES-CB","parentISO":"ES-CB","parentID":"ESP:ADM1:ES-CB","src_shape_id":"28895703B62577430112825"},"geometry":{"type":"Polygon","coordinates":[[[-4.612587,43.158269],[-4.613076,43.155406],[-4.610303,43.150538],[-4.610512,43.147717],[-4.609222,43.144493],[-4.610195,43.138455],[-4.610053,43.135395],[-4.608646,43.132381],[-4.607919,43.126655],[-4.604724,43.124854],[-4.60448,43.122543],[-4.602316,43.117819],[-4.605312,43.114427],[-4.60342,43.10833],[-4.601702,43.106067],[-4.601001,43.102754],[-4.601885,43.097537],[-4.600399,43.09428],[-4.601819,43.090775],[-4.599788,43.087778],[-4.596857,43.085144],[-4.596316,43.083261],[-4.592451,43.080586],[-4.586415,43.080886],[-4.581817,43.083624],[-4.5787,43.08663],[-4.57111,43.09202],[-4.567593,43.095283],[-4.571555,43.102685],[-4.572261,43.104845],[-4.574652,43.106046],[-4.573436,43.108017],[-4.568333,43.108402],[-4.566317,43.105485],[-4.557011,43.107809],[-4.544302,43.105289],[-4.540281,43.103758],[-4.537017,43.10346],[-4.530952,43.097769],[-4.531064,43.096327],[-4.527542,43.093078],[-4.525207,43.092065],[-4.513843,43.091631],[-4.508202,43.092047],[-4.504191,43.094342],[-4.499093,43.093887],[-4.495728,43.096488],[-4.492567,43.095872],[-4.489861,43.093233],[-4.484498,43.095527],[-4.480392,43.096471],[-4.477284,43.099582],[-4.471063,43.100959],[-4.470966,43.103094],[-4.467208,43.107807],[-4.468249,43.112305],[-4.471604,43.114342],[-4.475392,43.114933],[-4.476142,43.11649],[-4.482223,43.120923],[-4.483937,43.123179],[-4.481475,43.127614],[-4.479186,43.127545],[-4.476308,43.129509],[-4.476851,43.133194],[-4.474513,43.137186],[-4.470871,43.136576],[-4.468276,43.139139],[-4.467435,43.143544],[-4.464355,43.146943],[-4.466987,43.147458],[-4.473764,43.150541],[-4.475641,43.152399],[-4.478092,43.152538],[-4.482311,43.155104],[-4.484061,43.157288],[-4.486362,43.157321],[-4.48977,43.159366],[-4.49194,43.161624],[-4.497255,43.162176],[-4.499811,43.163061],[-4.502238,43.16674],[-4.506276,43.167866],[-4.512192,43.17229],[-4.517018,43.167931],[-4.522803,43.166594],[-4.53848,43.169689],[-4.546833,43.170162],[-4.552458,43.169293],[-4.557976,43.167606],[-4.562544,43.166787],[-4.562635,43.165562],[-4.56655,43.163734],[-4.571167,43.159114],[-4.575962,43.158049],[-4.581706,43.157582],[-4.58257,43.156724],[-4.5876,43.156717],[-4.599514,43.157965],[-4.60609,43.155883],[-4.612587,43.158269]]]}},
{"type":"Feature","id":"ESP:ADM3:ES-CB.cabuerniga","properties":{"shapeName":"Cabuérniga","shapeISO":"","shapeGroup":"ESP","shapeType":"ADM3","adm1ISO":"ES-CB","parentISO":"ES-CB","parentID":"ESP:ADM1:ES-CB","src_shape_id":"28895703B26936133026265"},"geometry":{"type":"Polygon","coordinates":[[[-4.367691,43.270206],[-4.364911,43.268771],[-4.36416,43.266583],[-4.366184,43.264515],[-4.372701,43.260079],[-4.380215,43.256747],[-4.381268,43.254825],[-4.3814,43.247566],[-4.377719,43.246593],[-4.37697,43.243414],[-4.381325,43.237698],[-4.37683,43.234996],[-4.37228,43.235294],[-4.367511,43.232965],[-4.361215,43.232284],[-4.358802,43.22899],[-4.354249,43.226333],[-4.351554,43.225879],[-4.343401,43.222454],[-4.342517,43.21807],[-4.339557,43.216727],[-4.338251,43.213834],[-4.336281,43.21048],[-4.334313,43.208846],[-4.333829,43.205862],[-4.331352,43.20119],[-4.332861,43.198147],[-4.331184,43.193475],[-4.330449,43.189117],[-4.332915,43.183676],[-4.33199,43.180724],[-4.329797,43.177202],[-4.335406,43.173183],[-4.337966,43.167598],[-4.336344,43.164276],[-4.336225,43.160513],[-4.334048,43.159404],[-4.335176,43.155825],[-4.335027,43.153503],[-4.33796,43.150957],[-4.337532,43.146559],[-4.33792,43.142916],[-4.336455,43.139475],[-4.331675,43.139045],[-4.326668,43.141228],[-4.322548,43.142329],[-4.32005,43.143952],[-4.312206,43.145771],[-4.311636,43.149019],[-4.309812,43.152858],[-4.305992,43.15599],[-4.30353,43.159386],[-4.301067,43.166753],[-4.294283,43.168847],[-4.288837,43.169008],[-4.28621,43.172198],[-4.280607,43.180788],[-4.276997,43.178199],[-4.272978,43.17782],[-4.268458,43.178231],[-4.263804,43.176887],[-4.253146,43.175563],[-4.248295,43.1754],[-4.238923,43.171287],[-4.236266,43.173126],[-4.228158,43.17623],[-4.22534,43.181708],[-4.21896,43.180173],[-4.214415,43.17996],[-4.209766,43.180703],[-4.206652,43.179385],[-4.203557,43.179688],[-4.202647,43.182245],[-4.199308,43.186387],[-4.193418,43.191077],[-4.194518,43.193208],[-4.194914,43.197715],[-4.199445,43.199055],[-4.211833,43.198105],[-4.214034,43.198622],[-4.218481,43.201889],[-4.223097,43.202542],[-4.237319,43.202758],[-4.238475,43.203916],[-4.245742,43.201712],[-4.248572,43.201691],[-4.253737,43.203831],[-4.257059,43.202552],[-4.264633,43.203964],[-4.270657,43.204149],[-4.273645,43.205764],[-4.27815,43.206965],[-4.279295,43.208735],[-4.277222,43.210866],[-4.276977,43.213867],[-4.28068,43.226675],[-4.282867,43.228182],[-4.286315,43.235221],[-4.287759,43.237131],[-4.290009,43.237547],[-4.291412,43.244474],[-4.288181,43.251894],[-4.285963,43.254215],[-4.285583,43.256093],[-4.290385,43.257119],[-4.297907,43.262059],[-4.304862,43.261755],[-4.309731,43.264724],[-4.313021,43.264732],[-4.319228,43.265723],[-4.323728,43.265284],[-4.323744,43.272298],[-4.333342,43.274465],[-4.337161,43.273268],[-4.346352,43.272044],[-4.348122,43.272428],[-4.355316,43.271731],[-4.364987,43.272733],[-4.367691,43.270206]]]}},
{"type":"Feature","id":"ESP:ADM3:ES-CB.camaleno","properties":{"shapeName":"Camaleño","shapeISO":"","shapeGroup":"ESP","shapeType":"ADM3","adm1ISO":"ES-CB","parentISO":"ES-CB","parentID":"ESP:ADM1:ES-CB","src_shape_id":"28895703B16816611031986"},"geometry":{"type":"Polygon","coordinates":[[[-4.841023,43.18078],[-4.842493,43.180558],[-4.849364,43.177053],[-4.851658,43.173585],[-4.838843,43.16675],[-4.840655,43.162371],[-4.834737,43.158216],[-4.835137,43.155986],[-4.837597,43.151858],[-4.838596,43.147043],[-4.843853,43.146022],[-4.842697,43.133326],[-4.844261,43.131355],[-4.851425,43.125945],[-4.846421,43.124021],[-4.844878,43.120561],[-4.839397,43.116728],[-4.836275,43.115745],[-4.836563,43.113273],[-4.835626,43.109098],[-4.836282,43.106466],[-4.833492,43.102173],[-4.831294,43.100912],[-4.821999,43.09876],[-4.81846,43.096369],[-4.816304,43.092295],[-4.809037,43.091804],[-4.805747,43.089459],[-4.801121,43.087735],[-4.79639,43.087537],[-4.788708,43.084121],[-4.784439,43.083615],[-4.779723,43.081203],[-4.773274,43.079088],[-4.770876,43.076874],[-4.766497,43.074547],[-4.757115,43.07461],[-4.748575,43.076227],[-4.745895,43.078771],[-4.736691,43.081261],[-4.732389,43.088593],[-4.723838,43.092522],[-4.72144,43.097718],[-4.71118,43.099943],[-4.708201,43.104607],[-4.707244,43.109547],[-4.700057,43.117641],[-4.699633,43.119647],[-4.694782,43.121601],[-4.692242,43.121737],[-4.689874,43.127274],[-4.67862,43.132942],[-4.670035,43.134193],[-4.662824,43.138936],[-4.661928,43.140354],[-4.657444,43.140085],[-4.647037,43.141307],[-4.644889,43.142356],[-4.639452,43.145964],[-4.637455,43.149468],[-4.635058,43.150916],[-4.632602,43.155652],[-4.633632,43.160617],[-4.630181,43.166834],[-4.629841,43.170528],[-4.634795,43.171937],[-4.638156,43.174329],[-4.641937,43.174491],[-4.645055,43.178354],[-4.648622,43.179203],[-4.651142,43.180941],[-4.653569,43.181077],[-4.653743,43.185208],[-4.65844,43.185536],[-4.659598,43.192417],[-4.662772,43.194171],[-4.66046,43.198311],[-4.662472,43.200344],[-4.670585,43.206736],[-4.672677,43.206237],[-4.675366,43.208692],[-4.679819,43.208573],[-4.687707,43.211572],[-4.698184,43.202719],[-4.700354,43.200201],[-4.699956,43.19828],[-4.703505,43.198002],[-4.706898,43.198744],[-4.711204,43.197356],[-4.714158,43.198239],[-4.719267,43.200891],[-4.72697,43.196885],[-4.730474,43.19459],[-4.733497,43.194241],[-4.734156,43.189879],[-4.738426,43.186383],[-4.741705,43.186162],[-4.743638,43.184458],[-4.747686,43.184009],[-4.755444,43.18507],[-4.764052,43.188296],[-4.77792,43.192061],[-4.786027,43.186874],[-4.7903,43.185304],[-4.796136,43.184564],[-4.799351,43.183415],[-4.804161,43.18297],[-4.805452,43.182094],[-4.811139,43.18132],[-4.81752,43.184046],[-4.819042,43.178961],[-4.830917,43.178601],[-4.832369,43.179829],[-4.836966,43.18089],[-4.841023,43.18078]]]}},
{"type":"Feature","id":"ESP:ADM3:ES-CB.camargo","properties":{"shapeName":"Camargo","shapeISO":"","shapeGroup":"ESP","shapeType":"ADM3","adm1ISO":"ES-CB","parentISO":"ES-CB","parentID":"ESP:ADM1:ES-CB","src_shape_id":"28895703B95026905094186"},"geometry":{"type":"Polygon","coordinates":[[[-3.828537,43.407273],[-3.828153,43.411943],[-3.825892,43.41354],[-3.820012,43.414253],[-3.817227,43.413831],[-3.813801,43.416269],[-3.808026,43.421362],[-3.805807,43.421746],[-3.803777,43.426164],[-3.814102,43.428648],[-3.814362,43.430502],[-3.818918,43.432108],[-3.827474,43.432479],[-3.829434,43.434138],[-3.841758,43.434525],[-3.843413,43.437115],[-3.846679,43.437424],[-3.854228,43.437091],[-3.861471,43.438063],[-3.875493,43.438126],[-3.882832,43.43844],[-3.885942,43.440283],[-3.888346,43.443331],[-3.889415,43.441233],[-3.899195,43.438239],[-3.902638,43.43796],[-3.903686,43.436583],[-3.89894,43.426906],[-3.896608,43.424078],[-3.897951,43.423032],[-3.900388,43.418445],[-3.903816,43.416338],[-3.904152,43.413611],[-3.908146,43.413328],[-3.911207,43.412011],[-3.912151,43.409475],[-3.91983,43.409804],[-3.921468,43.408132],[-3.920261,43.405918],[-3.919367,43.396386],[-3.920505,43.38831],[-3.920979,43.381455],[-3.923842,43.377829],[-3.920843,43.375345],[-3.913741,43.374898],[-3.909763,43.378431],[-3.907717,43.378789],[-3.903811,43.381627],[-3.899382,43.383891],[-3.896756,43.383283],[-3.88537,43.382821],[-3.875593,43.388278],[-3.871682,43.388264],[-3.864282,43.389129],[-3.86107,43.390048],[-3.857469,43.398523],[-3.85465,43.400681],[-3.845877,43.409171],[-3.843558,43.412465],[-3.840653,43.412751],[-3.836608,43.409639],[-3.834841,43.406852],[-3.829563,43.406476],[-3.828537,43.407273]]]}},
{"type":"Feature","id":"ESP:ADM3:ES-CB.campoo-de-yuso","properties":{"shapeName":"Campoo de Yuso","shapeISO":"","shapeGroup":"ESP","shapeType":"ADM3","adm1ISO":"ES-CB","parentISO":"ES-CB","parentID":"ESP:ADM1:ES-CB","src_shape_id":"28895703B99185897537819"},"geometry":{"type":"Polygon","coordinates":[[[-4.078133,43.035021],[-4.079434,43.032217],[-4.081911,43.02997],[-4.083844,43.025413],[-4.083469,43.022967],[-4.081537,43.021265],[-4.080699,43.017563],[-4.084764,43.013509],[-4.086967,43.012479],[-4.089269,43.004596],[-4.088482,42.998228],[-4.082548,42.992818],[-4.077415,42.990381],[-4.070088,42.990918],[-4.063126,42.99191],[-4.060619,42.995229],[-4.054393,42.992],[-4.051257,42.993677],[-4.044696,42.99452],[-4.042717,42.996492],[-4.036134,42.993823],[-4.030813,42.992565],[-4.030239,42.99122],[-4.022036,42.989952],[-4.02157,42.985507],[-4.019224,42.984583],[-4.01477,42.985234],[-4.011863,42.988223],[-4.007899,42.988816],[-4.006353,42.99109],[-3.995805,42.997251],[-3.992131,42.998436],[-3.980222,43.005616],[-3.976147,43.008578],[-3.966229,43.005231],[-3.96108,43.004743],[-3.9563,43.005071],[-3.948509,43.006675],[-3.945465,43.005773],[-3.924699,43.010355],[-3.91259,43.014657],[-3.909261,43.016097],[-3.905226,43.020416],[-3.900615,43.026566],[-3.893062,43.035585],[-3.892643,43.039686],[-3.891051,43.041661],[-3.888763,43.04221],[-3.878441,43.041569],[-3.878177,43.042487],[-3.87755,43.045904],[-3.882231,43.048308],[-3.885729,43.050776],[-3.891825,43.051215],[-3.895393,43.053357],[-3.90038,43.05266],[-3.901802,43.054189],[-3.909698,43.055855],[-3.911001,43.056755],[-3.91598,43.062955],[-3.919828,43.063231],[-3.922793,43.065179],[-3.925988,43.068584],[-3.933256,43.069164],[-3.942118,43.071199],[-3.94458,43.069972],[-3.949789,43.073206],[-3.953358,43.074428],[-3.956879,43.077124],[-3.958995,43.077594],[-3.967413,43.070624],[-3.971092,43.069458],[-3.974795,43.066752],[-3.976315,43.062651],[-3.979481,43.062498],[-3.984855,43.059701],[-3.992946,43.0516],[-3.997026,43.049526],[-4.001622,43.045844],[-4.005928,43.044105],[-4.012673,43.042399],[-4.016558,43.042883],[-4.023436,43.041763],[-4.026054,43.040445],[-4.032087,43.038616],[-4.038466,43.040756],[-4.043428,43.0437],[-4.045294,43.041391],[-4.041537,43.031155],[-4.048314,43.032094],[-4.052296,43.030959],[-4.061184,43.031156],[-4.065942,43.033743],[-4.075322,43.035462],[-4.078133,43.035021]]]}},
{"type":"Feature","id":"ESP:ADM3:ES-CB.cartes","properties":{"shapeName":"Cartes","shapeISO":"","shapeGroup":"ESP","shapeType":"ADM3","adm1ISO":"ES-CB","parentISO":"ES-CB","parentID":"ESP:ADM1:ES-CB","src_shape_id":"28895703B60562480373036"},"geometry":{"type":"Polygon","coordinates":[[[-4.126328,43.293114],[-4.122212,43.293107],[-4.119192,43.294469],[-4.10895,43.291876],[-4.1015,43.293695],[-4.099636,43.293687],[-4.074933,43.30009],[-4.074353,43.299851],[-4.073782,43.30362],[-4.068149,43.313323],[-4.068435,43.314636],[-4.065382,43.318112],[-4.067414,43.323424],[-4.064926,43.325642],[-4.064464,43.328318],[-4.060175,43.328722],[-4.059411,43.333028],[-4.062369,43.335797],[-4.063066,43.33864],[-4.068778,43.34503],[-4.074468,43.343188],[-4.080081,43.342966],[-4.080022,43.342097],[-4.087751,43.335315],[-4.088677,43.332942],[-4.093098,43.33046],[-4.100447,43.32894],[-4.104489,43.328703],[-4.111572,43.326136],[-4.113858,43.324279],[-4.113547,43.320889],[-4.117351,43.319141],[-4.118662,43.315347],[-4.120818,43.314533],[-4.120577,43.310844],[-4.126626,43.305965],[-4.128698,43.303236],[-4.129656,43.298509],[-4.126328,43.293114]]]}},
{"type":"Feature","id":"ESP:ADM3:ES-CB.castaneda","properties":{"shapeName":"Castañeda","shapeISO":"","shapeGroup":"ESP","shapeType":"ADM3","adm1ISO":"ES-CB","parentISO":"ES-CB","parentID":"ESP:ADM1:ES-CB","src_shape_id":"28895703B42332690304431"},"geometry":{"type":"Polygon","coordinates":[[[-3.951361,43.331677],[-3.956196,43.32461],[-3.958883,43.316751],[-3.95792,43.311838],[-3.958452,43.309558],[-3.955906,43.309473],[-3.95571,43.307479],[-3.962696,43.304992],[-3.96381,43.301564],[-3.956058,43.299948],[-3.953019,43.300246],[-3.949981,43.298667],[-3.945135,43.297958],[-3.936624,43.295188],[-3.931528,43.292312],[-3.91992,43.292523],[-3.926059,43.304178],[-3.914141,43.310061],[-3.908851,43.310789],[-3.901431,43.309128],[-3.897981,43.309308],[-3.892689,43.313654],[-3.894109,43.320301],[-3.896193,43.325968],[-3.899898,43.329736],[-3.905294,43.332565],[-3.90432,43.338171],[-3.904237,43.341896],[-3.906695,43.342023],[-3.916443,43.341085],[-3.920654,43.341619],[-3.925182,43.338746],[-3.933128,43.336484],[-3.934881,43.336883],[-3.939396,43.334642],[-3.951361,43.331677]]]}},
{"type":"Feature","id":"ESP:ADM3:ES-CB.castro-urdiales","properties":{"shapeName":"Castro-Urdiales","shapeISO":"","shapeGroup":"ESP","shapeType":"ADM3","adm1ISO":"ES-CB","parentISO":"ES-CB","parentID":"ESP:ADM1:ES-CB","src_shape_id":"28895703B45825850989351"},"geometry":{"type":"Polygon","coordinates":[[[-3.209506,43.283538],[-3.20867,43.284188],[-3.205278,43.290947],[-3.198568,43.2933],[-3.196974,43.296094],[-3.193209,43.298451],[-3.185665,43.298914],[-3.18422,43.29815],[-3.180566,43.299683],[-3.17409,43.2994],[-3.167412,43.300824],[-3.157326,43.30132],[-3.151461,43.307174],[-3.149635,43.319284],[-3.151453,43.323638],[-3.154358,43.341016],[-3.151385,43.34508],[-3.150759,43.348715],[-3.153287,43.353315],[-3.160789,43.35215],[-3.163752,43.352614],[-3.169053,43.355452],[-3.168848,43.356947],[-3.172728,43.358994],[-3.175388,43.35691],[-3.177672,43.357195],[-3.18196,43.359178],[-3.183309,43.360581],[-3.18457,43.365207],[-3.190852,43.365413],[-3.193144,43.364121],[-3.195377,43.367728],[-3.194856,43.370926],[-3.200558,43.374302],[-3.205148,43.373816],[-3.212126,43.375001],[-3.216181,43.380207],[-3.217277,43.382817],[-3.214457,43.384839],[-3.218253,43.386471],[-3.223941,43.385415],[-3.225844,43.389202],[-3.221628,43.39121],[-3.222058,43.394099],[-3.230067,43.395902],[-3.240425,43.398646],[-3.246772,43.398551],[-3.250783,43.400884],[-3.257312,43.403012],[-3.259854,43.402538],[-3.265808,43.402885],[-3.270486,43.402271],[-3.281196,43.402957],[-3.2845,43.404209],[-3.28734,43.404166],[-3.290026,43.405492],[-3.296875,43.406825],[-3.29928,43.408836],[-3.306904,43.409473],[-3.311011,43.408246],[-3.310569,43.406339],[-3.313121,43.405476],[-3.312741,43.403685],[-3.315872,43.402488],[-3.320764,43.40279],[-3.324379,43.404446],[-3.324629,43.40974],[-3.327174,43.414442],[-3.330086,43.416144],[-3.336155,43.41454],[-3.329372,43.410392],[-3.326873,43.404579],[-3.328454,43.396913],[-3.326921,43.39047],[-3.324748,43.387099],[-3.318307,43.386327],[-3.313322,43.382055],[-3.304906,43.380214],[-3.300581,43.376956],[-3.297159,43.376317],[-3.294107,43.378207],[-3.288547,43.379923],[-3.291516,43.37589],[-3.290975,43.373793],[-3.293406,43.37105],[-3.290681,43.366563],[-3.282808,43.361342],[-3.279994,43.358666],[-3.279793,43.355163],[-3.28057,43.349732],[-3.279436,43.347312],[-3.279766,43.343953],[-3.276697,43.341844],[-3.279343,43.337614],[-3.278458,43.335708],[-3.272064,43.331968],[-3.268707,43.331571],[-3.265926,43.330226],[-3.260004,43.330033],[-3.255526,43.3269],[-3.250604,43.326758],[-3.249266,43.325311],[-3.241927,43.322131],[-3.235777,43.317056],[-3.231914,43.3161],[-3.228654,43.311613],[-3.225228,43.308937],[-3.224169,43.302438],[-3.225055,43.2986],[-3.224009,43.295982],[-3.218399,43.292247],[-3.217631,43.291149],[-3.21838,43.286826],[-3.214518,43.28587],[-3.209506,43.283538]]]}},
{"type":"Feature","id":"ESP:ADM3:ES-CB.cieza","properties":{"shapeName":"Cieza","shapeISO":"","shapeGroup":"ESP","shapeType":"ADM3","adm1ISO":"ES-CB","parentISO":"ES-CB","parentID":"ESP:ADM1:ES-CB","src_shape_id":"28895703B13373480699590"},"geometry":{"type":"Polygon","coordinates":[[[-4.066598,43.228688],[-4.068632,43.228786],[-4.072393,43.231894],[-4.070105,43.234869],[-4.07325,43.237946],[-4.076425,43.237808],[-4.082055,43.23925],[-4.091515,43.239349],[-4.095503,43.241229],[-4.097798,43.243522],[-4.103404,43.244981],[-4.107857,43.241237],[-4.112587,43.241254],[-4.117925,43.242183],[-4.120896,43.244352],[-4.121884,43.246494],[-4.137342,43.251087],[-4.147554,43.254407],[-4.152987,43.254343],[-4.154969,43.25101],[-4.167184,43.248131],[-4.172099,43.248152],[-4.175367,43.247047],[-4.179841,43.246533],[-4.180076,43.243379],[-4.178465,43.240316],[-4.177031,43.233676],[-4.177535,43.229772],[-4.180583,43.223726],[-4.179223,43.222164],[-4.179577,43.216847],[-4.181953,43.214311],[-4.182857,43.207548],[-4.185415,43.20491],[-4.185101,43.203301],[-4.182294,43.202007],[-4.184238,43.198763],[-4.184782,43.195687],[-4.186847,43.191766],[-4.177499,43.194573],[-4.171762,43.195793],[-4.167613,43.194431],[-4.167279,43.196307],[-4.157508,43.198334],[-4.154721,43.200667],[-4.149935,43.206037],[-4.143734,43.204838],[-4.138509,43.202558],[-4.13583,43.202134],[-4.134,43.200379],[-4.126054,43.197963],[-4.123054,43.197461],[-4.115735,43.199072],[-4.108611,43.202599],[-4.098939,43.204844],[-4.093337,43.203421],[-4.085184,43.210108],[-4.078314,43.208687],[-4.072567,43.208813],[-4.066845,43.212486],[-4.067834,43.214818],[-4.070429,43.216055],[-4.066931,43.220941],[-4.069908,43.222912],[-4.065746,43.22432],[-4.067493,43.227734],[-4.066598,43.228688]]]}},
{"type":"Feature","id":"ESP:ADM3:ES-CB.cillorigo-de-liebana","properties":{"shapeName":"Cillorigo de Liébana","shapeISO":"","shapeGroup":"ESP","shapeType":"ADM3","adm1ISO":"ES-CB","parentISO":"ES-CB","parentID":"ESP:ADM1:ES-CB","src_shape_id":"28895703B47944671724214"},"geometry":{"type":"Polygon","coordinates":[[[-4.733497,43.194241],[-4.730474,43.19459],[-4.72697,43.196885],[-4.719267,43.200891],[-4.714158,43.198239],[-4.711204,43.197356],[-4.706898,43.198744],[-4.703505,43.198002],[-4.699956,43.19828],[-4.700354,43.200201],[-4.698184,43.202719],[-4.687707,43.211572],[-4.679819,43.208573],[-4.675366,43.208692],[-4.672677,43.206237],[-4.670585,43.206736],[-4.662472,43.200344],[-4.66046,43.198311],[-4.662772,43.194171],[-4.659598,43.192417],[-4.65844,43.185536],[-4.653743,43.185208],[-4.653569,43.181077],[-4.651142,43.180941],[-4.648622,43.179203],[-4.645055,43.178354],[-4.641937,43.174491],[-4.638156,43.174329],[-4.634795,43.171937],[-4.629841,43.170528],[-4.618062,43.172342],[-4.61254,43.166599],[-4.613788,43.159248],[-4.612587,43.158269],[-4.60609,43.155883],[-4.599514,43.157965],[-4.5876,43.156717],[-4.58257,43.156724],[-4.581706,43.157582],[-4.575962,43.158049],[-4.571167,43.159114],[-4.56655,43.163734],[-4.562635,43.165562],[-4.562544,43.166787],[-4.557976,43.167606],[-4.552458,43.169293],[-4.546833,43.170162],[-4.53848,43.169689],[-4.522803,43.166594],[-4.517018,43.167931],[-4.512192,43.17229],[-4.518008,43.179093],[-4.520914,43.183656],[-4.523181,43.19218],[-4.525116,43.195747],[-4.530104,43.196851],[-4.53672,43.199563],[-4.539074,43.201675],[-4.543435,43.203255],[-4.547349,43.203742],[-4.55083,43.208495],[-4.552059,43.211341],[-4.554226,43.213266],[-4.557208,43.213883],[-4.558433,43.215568],[-4.557096,43.219638],[-4.55743,43.22211],[-4.560198,43.224918],[-4.566472,43.227083],[-4.572094,43.231175],[-4.5781,43.232956],[-4.595284,43.22745],[-4.595039,43.232235],[-4.598714,43.231491],[-4.603827,43.233445],[-4.608,43.238042],[-4.604585,43.240746],[-4.612026,43.244063],[-4.628039,43.247772],[-4.629241,43.250816],[-4.635772,43.254586],[-4.640057,43.259531],[-4.643205,43.257045],[-4.652517,43.256056],[-4.659766,43.24944],[-4.665701,43.246626],[-4.669318,43.246006],[-4.67359,43.246826],[-4.680269,43.249168],[-4.68457,43.248348],[-4.69096,43.249092],[-4.692159,43.24793],[-4.697594,43.237359],[-4.70076,43.233846],[-4.704909,43.232919],[-4.705848,43.229069],[-4.710871,43.228157],[-4.717142,43.23089],[-4.71829,43.232728],[-4.715496,43.237164],[-4.7159,43.239265],[-4.719881,43.238953],[-4.722601,43.240576],[-4.724537,43.239192],[-4.724796,43.236998],[-4.721011,43.229512],[-4.730668,43.223441],[-4.728125,43.218005],[-4.729832,43.213486],[-4.732509,43.211941],[-4.733104,43.209897],[-4.735565,43.209022],[-4.736467,43.206938],[-4.735617,43.20171],[-4.737618,43.198069],[-4.737128,43.195996],[-4.733497,43.194241]]]}},
{"type":"Feature","id":"ESP:ADM3:ES-CB.colindres","properties":{"shapeName":"Colindres","shapeISO":"","shapeGroup":"ESP","shapeType":"ADM3","adm1ISO":"ES-CB","parentISO":"ES-CB","parentID":"ESP:ADM1:ES-CB","src_shape_id":"28895703B74031308365993"},"geometry":{"type":"Polygon","coordinates":[[[-3.463985,43.390646],[-3.459027,43.390185],[-3.455065,43.388634],[-3.449229,43.384093],[-3.444146,43.381303],[-3.435009,43.377493],[-3.429685,43.380601],[-3.427313,43.380688],[-3.423998,43.373525],[-3.413032,43.373857],[-3.406585,43.373554],[-3.408957,43.375897],[-3.413127,43.377176],[-3.419065,43.377873],[-3.422416,43.38038],[-3.423113,43.386817],[-3.429068,43.390828],[-3.431313,43.393298],[-3.437713,43.395624],[-3.440033,43.39539],[-3.451026,43.400804],[-3.452912,43.402085],[-3.46108,43.403552],[-3.462994,43.403451],[-3.465485,43.395991],[-3.463985,43.390646]]]}},
{"type":"Feature","id":"ESP:ADM3:ES-CB.comillas","properties":{"shapeName":"Comillas","shapeISO":"","shapeGroup":"ESP","shapeType":"ADM3","adm1ISO":"ES-CB","parentISO":"ES-CB","parentID":"ESP:ADM1:ES-CB","src_shape_id":"28895703B72340949255157"},"geometry":{"type":"Polygon","coordinates":[[[-4.265088,43.364628],[-4.267962,43.363929],[-4.273502,43.366839],[-4.274942,43.371362],[-4.276892,43.372501],[-4.280329,43.376281],[-4.279309,43.378859],[-4.281145,43.386933],[-4.280491,43.387994],[-4.284044,43.389719],[-4.288798,43.390908],[-4.289939,43.394083],[-4.296237,43.390617],[-4.301961,43.391525],[-4.305618,43.390474],[-4.307795,43.392386],[-4.311111,43.39214],[-4.312759,43.390672],[-4.322593,43.390928],[-4.319082,43.389023],[-4.319802,43.384639],[-4.317236,43.384173],[-4.318053,43.380274],[-4.315827,43.374969],[-4.31173,43.37389],[-4.309272,43.371505],[-4.308936,43.369645],[-4.312073,43.368043],[-4.316749,43.36735],[-4.317936,43.365175],[-4.316935,43.363422],[-4.31875,43.361744],[-4.319832,43.358139],[-4.317927,43.354514],[-4.30939,43.349407],[-4.307521,43.344566],[-4.304339,43.342288],[-4.302335,43.342068],[-4.298067,43.339748],[-4.293493,43.341061],[-4.290106,43.339568],[-4.286015,43.342144],[-4.272871,43.344893],[-4.276206,43.35097],[-4.273579,43.352224],[-4.26807,43.353096],[-4.265583,43.352178],[-4.256662,43.35523],[-4.254134,43.355302],[-4.256342,43.356467],[-4.262379,43.36255],[-4.265088,43.364628]]]}},
{"type":"Feature","id":"ESP:ADM3:ES-CB.los-corrales-de-buelna","properties":{"shapeName":"Los Corrales de Buelna","shapeISO":"","shapeGroup":"ESP","shapeType":"ADM3","adm1ISO":"ES-CB","parentISO":"ES-CB","parentID":"ESP:ADM1:ES-CB","src_shape_id":"28895703B67279123242875"},"geometry":{"type":"Polygon","coordinates":[[[-4.019297,43.227129],[-4.02214,43.229237],[-4.026772,43.235229],[-4.028667,43.239552],[-4.037071,43.244141],[-4.044584,43.246243],[-4.050746,43.249284],[-4.052502,43.253284],[-4.055028,43.255431],[-4.056842,43.258458],[-4.059606,43.265105],[-4.060723,43.269102],[-4.062009,43.269387],[-4.065573,43.275216],[-4.068974,43.285027],[-4.073665,43.288278],[-4.076799,43.292607],[-4.071935,43.296453],[-4.074353,43.299851],[-4.074933,43.30009],[-4.099636,43.293687],[-4.1015,43.293695],[-4.10895,43.291876],[-4.119192,43.294469],[-4.122212,43.293107],[-4.126328,43.293114],[-4.129557,43.293016],[-4.135327,43.291041],[-4.138677,43.290732],[-4.144202,43.281557],[-4.14722,43.278886],[-4.147497,43.276622],[-4.143945,43.27021],[-4.142684,43.264293],[-4.144112,43.260581],[-4.147554,43.254407],[-4.137342,43.251087],[-4.121884,43.246494],[-4.120896,43.244352],[-4.117925,43.242183],[-4.112587,43.241254],[-4.107857,43.241237],[-4.103404,43.244981],[-4.097798,43.243522],[-4.095503,43.241229],[-4.091515,43.239349],[-4.082055,43.23925],[-4.076425,43.237808],[-4.07325,43.237946],[-4.070105,43.234869],[-4.072393,43.231894],[-4.068632,43.228786],[-4.066598,43.228688],[-4.062253,43.229503],[-4.048853,43.227961],[-4.045991,43.22479],[-4.036267,43.221375],[-4.032114,43.220431],[-4.026566,43.220022],[-4.024368,43.221104],[-4.019297,43.227129]]]}},
{"type":"Feature","id":"ESP:ADM3:ES-CB.corvera-de-toranzo","properties":{"shapeName":"Corvera de Toranzo","shapeISO":"","shapeGroup":"ESP","shapeType":"ADM3","adm1ISO":"ES-CB","parentISO":"ES-CB","parentID":"ESP:ADM1:ES-CB","src_shape_id":"28895703B98677197990325"},"geometry":{"type":"Polygon","coordinates":[[[-3.976511,43.178791],[-3.973426,43.17665],[-3.969118,43.175003],[-3.966564,43.171449],[-3.964342,43.17018],[-3.96079,43.169643],[-3.954361,43.166779],[-3.954008,43.161478],[-3.954705,43.156457],[-3.953384,43.154987],[-3.940644,43.161149],[-3.909818,43.169838],[-3.905099,43.171546],[-3.90432,43.173499],[-3.899836,43.172443],[-3.903352,43.177174],[-3.908408,43.180457],[-3.909493,43.182222],[-3.909145,43.185367],[-3.906363,43.188604],[-3.907176,43.191155],[-3.90937,43.193866],[-3.914327,43.196951],[-3.91709,43.199846],[-3.924844,43.203881],[-3.928148,43.206664],[-3.930802,43.211217],[-3.935475,43.214852],[-3.940108,43.221541],[-3.943525,43.223548],[-3.945918,43.227004],[-3.94587,43.229481],[-3.943858,43.233927],[-3.944864,43.239268],[-3.946477,43.241659],[-3.945753,43.24497],[-3.943179,43.248214],[-3.94106,43.254634],[-3.941694,43.258195],[-3.940702,43.264155],[-3.942095,43.27141],[-3.944777,43.27825],[-3.952659,43.276312],[-3.964608,43.270218],[-3.965323,43.267867],[-3.963088,43.264173],[-3.963049,43.257005],[-3.969314,43.255722],[-3.971631,43.253415],[-3.977257,43.250116],[-3.98017,43.249722],[-3.991287,43.245738],[-3.998285,43.249542],[-3.999425,43.246764],[-3.995901,43.243492],[-4.002253,43.232872],[-3.989612,43.22345],[-3.984543,43.213111],[-3.979852,43.205968],[-3.97719,43.196918],[-3.979522,43.194864],[-3.977994,43.189727],[-3.978599,43.18684],[-3.978207,43.182214],[-3.976511,43.178791]]]}},
{"type":"Feature","id":"ESP:ADM3:ES-CB.campoo-de-enmedio","properties":{"shapeName":"Campoo de Enmedio","shapeISO":"","shapeGroup":"ESP","shapeType":"ADM3","adm1ISO":"ES-CB","parentISO":"ES-CB","parentID":"ESP:ADM1:ES-CB","src_shape_id":"28895703B84148425765928"},"geometry":{"type":"Polygon","coordinates":[[[-4.078133,43.035021],[-4.080715,43.035276],[-4.086177,43.031739],[-4.09099,43.033189],[-4.099933,43.04046],[-4.103807,43.042242],[-4.100766,43.043784],[-4.100688,43.051799],[-4.10562,43.055714],[-4.10678,43.058089],[-4.109019,43.058274],[-4.120881,43.062283],[-4.121949,43.066334],[-4.120993,43.069108],[-4.121255,43.073392],[-4.122422,43.076082],[-4.120921,43.082067],[-4.128543,43.085045],[-4.132295,43.087934],[-4.13651,43.085326],[-4.136795,43.082136],[-4.134209,43.079838],[-4.135482,43.078231],[-4.135989,43.073769],[-4.141087,43.069117],[-4.150579,43.061773],[-4.155189,43.050227],[-4.154932,43.047691],[-4.152956,43.044424],[-4.155376,43.041869],[-4.158381,43.034518],[-4.161179,43.029915],[-4.160211,43.02807],[-4.15526,43.024545],[-4.156636,43.022667],[-4.157244,43.016483],[-4.157072,43.011244],[-4.159746,43.002005],[-4.161538,43.000087],[-4.162669,42.996329],[-4.165346,42.992538],[-4.169782,42.988404],[-4.169347,42.986851],[-4.166497,42.985277],[-4.163508,42.980274],[-4.164247,42.978492],[-4.166954,42.978339],[-4.167484,42.975848],[-4.172276,42.968604],[-4.179824,42.961241],[-4.182317,42.956965],[-4.185144,42.950291],[-4.176223,42.949176],[-4.164729,42.946141],[-4.158642,42.943817],[-4.148622,42.947456],[-4.144022,42.947304],[-4.138244,42.945029],[-4.129374,42.937886],[-4.128856,42.934343],[-4.138045,42.922239],[-4.131597,42.920727],[-4.126143,42.917944],[-4.119725,42.918728],[-4.116716,42.919],[-4.113206,42.920727],[-4.105291,42.920786],[-4.104051,42.922004],[-4.0941,42.923306],[-4.089442,42.926007],[-4.07971,42.937122],[-4.076374,42.94822],[-4.073618,42.94767],[-4.076985,42.954446],[-4.083336,42.959375],[-4.088396,42.959903],[-4.08707,42.963977],[-4.084029,42.970229],[-4.07959,42.975169],[-4.078822,42.978265],[-4.078028,42.987548],[-4.077415,42.990381],[-4.082548,42.992818],[-4.088482,42.998228],[-4.089269,43.004596],[-4.086967,43.012479],[-4.084764,43.013509],[-4.080699,43.017563],[-4.081537,43.021265],[-4.083469,43.022967],[-4.083844,43.025413],[-4.081911,43.02997],[-4.079434,43.032217],[-4.078133,43.035021]],[[-4.148627,42.995297],[-4.146056,42.99882],[-4.14904,43.002763],[-4.140107,43.008538],[-4.135759,43.011822],[-4.129017,43.012704],[-4.125528,43.015143],[-4.122002,43.010907],[-4.124856,43.008432],[-4.126156,43.005754],[-4.127005,42.99921],[-4.131185,42.992654],[-4.134484,42.988608],[-4.135211,42.986094],[-4.139319,42.985545],[-4.140951,42.987232],[-4.145369,42.988908],[-4.148205,42.992176],[-4.150485,42.993011],[-4.148627,42.995297]]]}},
{"type":"Feature","id":"ESP:ADM3:ES-CB.entrambasaguas","properties":{"shapeName":"Entrambasaguas","shapeISO":"","shapeGroup":"ESP","shapeType":"ADM3","adm1ISO":"ES-CB","parentISO":"ES-CB","parentID":"ESP:ADM1:ES-CB","src_shape_id":"28895703B38736005996550"},"geometry":{"type":"Polygon","coordinates":[[[-3.72978,43.389687],[-3.730941,43.382494],[-3.720542,43.381066],[-3.717174,43.379151],[-3.709797,43.376487],[-3.712465,43.370293],[-3.713647,43.365774],[-3.713397,43.363471],[-3.707197,43.358877],[-3.693855,43.353312],[-3.689202,43.353259],[-3.685174,43.351672],[-3.68492,43.349863],[-3.679244,43.349924],[-3.671466,43.34725],[-3.663124,43.351729],[-3.658203,43.34278],[-3.657382,43.336409],[-3.658074,43.333082],[-3.651804,43.32695],[-3.65158,43.322134],[-3.64717,43.316846],[-3.641842,43.31331],[-3.636816,43.310719],[-3.629934,43.319605],[-3.627349,43.322474],[-3.62185,43.326313],[-3.620572,43.327985],[-3.615763,43.331041],[-3.616866,43.331455],[-3.626322,43.339238],[-3.623719,43.34751],[-3.616506,43.362684],[-3.614437,43.369595],[-3.616862,43.372125],[-3.623488,43.376941],[-3.626853,43.37549],[-3.630975,43.374782],[-3.654862,43.377988],[-3.666915,43.382404],[-3.673379,43.386823],[-3.679434,43.391975],[-3.682049,43.393301],[-3.687737,43.398262],[-3.693959,43.400871],[-3.697219,43.401534],[-3.702011,43.40028],[-3.704393,43.402318],[-3.704156,43.404247],[-3.706807,43.404959],[-3.707225,43.407662],[-3.709658,43.411109],[-3.717451,43.406865],[-3.72013,43.404651],[-3.722509,43.404321],[-3.725056,43.401432],[-3.72542,43.396802],[-3.726788,43.395568],[-3.726301,43.393023],[-3.72978,43.389687]]]}},
{"type":"Feature","id":"ESP:ADM3:ES-CB.escalante","properties":{"shapeName":"Escalante","shapeISO":"","shapeGroup":"ESP","shapeType":"ADM3","adm1ISO":"ES-CB","parentISO":"ES-CB","parentID":"ESP:ADM1:ES-CB","src_shape_id":"28895703B11026094048123"},"geometry":{"type":"Polygon","coordinates":[[[-3.475505,43.442921],[-3.490942,43.445288],[-3.499008,43.448943],[-3.507391,43.451725],[-3.514711,43.454803],[-3.530004,43.4511],[-3.534739,43.451304],[-3.544007,43.446893],[-3.555728,43.43882],[-3.55613,43.436505],[-3.56251,43.435754],[-3.567953,43.434416],[-3.576433,43.429653],[-3.573413,43.425321],[-3.571457,43.42481],[-3.562405,43.424873],[-3.552764,43.423139],[-3.547544,43.426571],[-3.541774,43.426508],[-3.53758,43.423179],[-3.527714,43.424983],[-3.524331,43.424994],[-3.52222,43.426115],[-3.515473,43.42517],[-3.49737,43.423233],[-3.491528,43.423075],[-3.489613,43.425601],[-3.487408,43.430211],[-3.48355,43.43336],[-3.481296,43.433696],[-3.47127,43.433367],[-3.464673,43.436741],[-3.465496,43.439349],[-3.464975,43.444586],[-3.472019,43.443915],[-3.475505,43.442921]]]}},
{"type":"Feature","id":"ESP:ADM3:ES-CB.guriezo","properties":{"shapeName":"Guriezo","shapeISO":"","shapeGroup":"ESP","shapeType":"ADM3","adm1ISO":"ES-CB","parentISO":"ES-CB","parentID":"ESP:ADM1:ES-CB","src_shape_id":"28895703B98282313191201"},"geometry":{"type":"Polygon","coordinates":[[[-3.21838,43.286826],[-3.217631,43.291149],[-3.218399,43.292247],[-3.224009,43.295982],[-3.225055,43.2986],[-3.224169,43.302438],[-3.225228,43.308937],[-3.228654,43.311613],[-3.231914,43.3161],[-3.235777,43.317056],[-3.241927,43.322131],[-3.249266,43.325311],[-3.250604,43.326758],[-3.255526,43.3269],[-3.260004,43.330033],[-3.265926,43.330226],[-3.268707,43.331571],[-3.272064,43.331968],[-3.278458,43.335708],[-3.279343,43.337614],[-3.276697,43.341844],[-3.279766,43.343953],[-3.279436,43.347312],[-3.28057,43.349732],[-3.279793,43.355163],[-3.279994,43.358666],[-3.282808,43.361342],[-3.290681,43.366563],[-3.293406,43.37105],[-3.290975,43.373793],[-3.291516,43.37589],[-3.288547,43.379923],[-3.294107,43.378207],[-3.297159,43.376317],[-3.300581,43.376956],[-3.304906,43.380214],[-3.313322,43.382055],[-3.318307,43.386327],[-3.324748,43.387099],[-3.330661,43.387237],[-3.33305,43.387887],[-3.338539,43.384041],[-3.351149,43.379516],[-3.353028,43.372982],[-3.352546,43.368381],[-3.36692,43.35745],[-3.37183,43.356433],[-3.370673,43.355095],[-3.372789,43.349509],[-3.373411,43.342878],[-3.368132,43.331217],[-3.364952,43.32642],[-3.360956,43.31869],[-3.360065,43.311996],[-3.35883,43.306538],[-3.352394,43.299873],[-3.347203,43.298966],[-3.343128,43.29428],[-3.337464,43.298036],[-3.331079,43.300621],[-3.329236,43.297151],[-3.325551,43.294973],[-3.323688,43.292457],[-3.321555,43.292445],[-3.316068,43.294514],[-3.313408,43.297447],[-3.309514,43.297692],[-3.294944,43.300756],[-3.292806,43.297177],[-3.293029,43.294719],[-3.29461,43.292815],[-3.291122,43.290365],[-3.279447,43.290052],[-3.272065,43.293185],[-3.268633,43.295067],[-3.264495,43.296022],[-3.257463,43.292079],[-3.252707,43.291839],[-3.245106,43.289613],[-3.23319,43.288322],[-3.227158,43.286102],[-3.22107,43.287338],[-3.21838,43.286826]]]}},
{"type":"Feature","id":"ESP:ADM3:ES-CB.hazas-de-cesto","properties":{"shapeName":"Hazas de Cesto","shapeISO":"","shapeGroup":"ESP","shapeType":"ADM3","adm1ISO":"ES-CB","parentISO":"ES-CB","parentID":"ESP:ADM1:ES-CB","src_shape_id":"28895703B88626391212361"},"geometry":{"type":"Polygon","coordinates":[[[-3.552764,43.423139],[-3.562405,43.424873],[-3.571457,43.42481],[-3.573413,43.425321],[-3.576433,43.429653],[-3.58606,43.42514],[-3.589606,43.422735],[-3.594439,43.421632],[-3.605368,43.422493],[-3.60952,43.423419],[-3.611258,43.425461],[-3.616695,43.421779],[-3.620668,43.415086],[-3.615242,43.407745],[-3.616836,43.406084],[-3.616151,43.400613],[-3.618204,43.399625],[-3.62009,43.393538],[-3.61775,43.384567],[-3.612469,43.382338],[-3.607435,43.38201],[-3.598099,43.386196],[-3.594705,43.389398],[-3.588959,43.390893],[-3.572091,43.38575],[-3.561659,43.38441],[-3.546825,43.381328],[-3.539579,43.382829],[-3.545019,43.386067],[-3.547561,43.386958],[-3.562645,43.39058],[-3.565381,43.392045],[-3.560795,43.396659],[-3.557635,43.401614],[-3.554691,43.404619],[-3.553027,43.415866],[-3.554206,43.418016],[-3.552764,43.423139]]]}},
{"type":"Feature","id":"ESP:ADM3:ES-CB.hermandad-de-campoo-de-suso","properties":{"shapeName":"Hermandad de Campoo de Suso","shapeISO":"","shapeGroup":"ESP","shapeType":"ADM3","adm1ISO":"ES-CB","parentISO":"ES-CB","parentID":"ESP:ADM1:ES-CB","src_shape_id":"28895703B30877902700733"},"geometry":{"type":"Polygon","coordinates":[[[-4.131165,43.116389],[-4.134364,43.114217],[-4.143734,43.109793],[-4.163304,43.100897],[-4.183323,43.095838],[-4.20287,43.09441],[-4.211373,43.100066],[-4.212608,43.100341],[-4.228113,43.098942],[-4.22866,43.09682],[-4.227933,43.090587],[-4.233302,43.089314],[-4.234322,43.086872],[-4.231885,43.084206],[-4.23327,43.080373],[-4.236649,43.077959],[-4.235372,43.074344],[-4.236163,43.072741],[-4.235448,43.068319],[-4.23346,43.067782],[-4.233433,43.064594],[-4.239484,43.066861],[-4.244225,43.071709],[-4.248701,43.073182],[-4.256414,43.074376],[-4.263748,43.076195],[-4.268847,43.074455],[-4.276449,43.075595],[-4.279742,43.075622],[-4.285772,43.073825],[-4.287159,43.070847],[-4.288683,43.064427],[-4.289459,43.057503],[-4.291577,43.053076],[-4.291396,43.049142],[-4.290372,43.047722],[-4.295956,43.046452],[-4.298909,43.046743],[-4.309094,43.049374],[-4.315412,43.050283],[-4.323294,43.047968],[-4.32821,43.04873],[-4.331494,43.050142],[-4.337367,43.053702],[-4.339815,43.052224],[-4.345651,43.051291],[-4.349335,43.052986],[-4.353194,43.050878],[-4.3608,43.048375],[-4.362721,43.046947],[-4.368208,43.049106],[-4.371709,43.04973],[-4.373373,43.048359],[-4.377421,43.047662],[-4.380161,43.048827],[-4.387333,43.04784],[-4.389473,43.048525],[-4.391995,43.046018],[-4.400257,43.043819],[-4.403982,43.038137],[-4.398114,43.034868],[-4.39405,43.030514],[-4.392272,43.02733],[-4.389168,43.025738],[-4.389123,43.02319],[-4.387092,43.020216],[-4.386188,43.016039],[-4.381371,43.012991],[-4.379983,43.010738],[-4.377633,43.00992],[-4.374357,43.006069],[-4.37396,43.003103],[-4.374833,42.998797],[-4.372213,42.994632],[-4.366971,42.991119],[-4.362884,42.984928],[-4.360491,42.982624],[-4.351718,42.975749],[-4.348485,42.972581],[-4.344602,42.971654],[-4.338915,42.971217],[-4.335033,42.970344],[-4.331998,42.97118],[-4.317417,42.969404],[-4.315473,42.969688],[-4.306976,42.968011],[-4.303716,42.966923],[-4.299025,42.966562],[-4.290718,42.969213],[-4.278034,42.965465],[-4.273255,42.966203],[-4.262225,42.965271],[-4.253889,42.962914],[-4.248794,42.960169],[-4.240249,42.956533],[-4.238489,42.954373],[-4.234789,42.959375],[-4.230379,42.959566],[-4.224558,42.958476],[-4.220578,42.956853],[-4.216719,42.956335],[-4.209032,42.953211],[-4.203724,42.951988],[-4.19625,42.950932],[-4.185144,42.950291],[-4.182317,42.956965],[-4.179824,42.961241],[-4.172276,42.968604],[-4.167484,42.975848],[-4.166954,42.978339],[-4.164247,42.978492],[-4.163508,42.980274],[-4.166497,42.985277],[-4.169347,42.986851],[-4.169782,42.988404],[-4.165346,42.992538],[-4.162669,42.996329],[-4.161538,43.000087],[-4.159746,43.002005],[-4.157072,43.011244],[-4.157244,43.016483],[-4.156636,43.022667],[-4.15526,43.024545],[-4.160211,43.02807],[-4.161179,43.029915],[-4.158381,43.034518],[-4.155376,43.041869],[-4.152956,43.044424],[-4.154932,43.047691],[-4.155189,43.050227],[-4.150579,43.061773],[-4.141087,43.069117],[-4.135989,43.073769],[-4.135482,43.078231],[-4.134209,43.079838],[-4.136795,43.082136],[-4.13651,43.085326],[-4.132295,43.087934],[-4.133015,43.091709],[-4.132537,43.095757],[-4.133683,43.099258],[-4.133585,43.103689],[-4.134025,43.112708],[-4.131165,43.116389]]]}},
{"type":"Feature","id":"ESP:ADM3:ES-CB.herrerias","properties":{"shapeName":"Herrerías","shapeISO":"","shapeGroup":"ESP","shapeType":"ADM3","adm1ISO":"ES-CB","parentISO":"ES-CB","parentID":"ESP:ADM1:ES-CB","src_shape_id":"28895703B81672585082637"},"geometry":{"type":"Polygon","coordinates":[[[-4.521713,43.280625],[-4.514159,43.282634],[-4.50546,43.282776],[-4.499053,43.280321],[-4.49644,43.279815],[-4.486227,43.281029],[-4.482758,43.28228],[-4.47849,43.286216],[-4.474753,43.286652],[-4.473955,43.287797],[-4.47033,43.287735],[-4.464278,43.289803],[-4.463512,43.291812],[-4.456279,43.293984],[-4.442137,43.293353],[-4.438772,43.295475],[-4.424127,43.298684],[-4.421511,43.30121],[-4.418525,43.313863],[-4.423375,43.321009],[-4.428348,43.320223],[-4.429988,43.324639],[-4.436844,43.329181],[-4.439615,43.3318],[-4.447274,43.33509],[-4.45396,43.334401],[-4.458895,43.331417],[-4.464513,43.33258],[-4.476661,43.333358],[-4.494535,43.335896],[-4.497849,43.336824],[-4.49909,43.338663],[-4.505781,43.338323],[-4.510947,43.335238],[-4.522483,43.335699],[-4.522981,43.333393],[-4.52703,43.327612],[-4.52017,43.314656],[-4.519102,43.309925],[-4.518571,43.294039],[-4.521713,43.280625]]]}},
{"type":"Feature","id":"ESP:ADM3:ES-CB.lamason","properties":{"shapeName":"Lamasón","shapeISO":"","shapeGroup":"ESP","shapeType":"ADM3","adm1ISO":"ES-CB","parentISO":"ES-CB","parentID":"ESP:ADM1:ES-CB","src_shape_id":"28895703B52556467468318"},"geometry":{"type":"Polygon","coordinates":[[[-4.547773,43.268687],[-4.542545,43.258285],[-4.538835,43.249916],[-4.53398,43.247892],[-4.533544,43.238848],[-4.527676,43.231759],[-4.5265,43.221635],[-4.523588,43.208023],[-4.524777,43.201884],[-4.525116,43.195747],[-4.523181,43.19218],[-4.520914,43.183656],[-4.518008,43.179093],[-4.512192,43.17229],[-4.506276,43.167866],[-4.502238,43.16674],[-4.499811,43.163061],[-4.497255,43.162176],[-4.49194,43.161624],[-4.48977,43.159366],[-4.486362,43.157321],[-4.484061,43.157288],[-4.481834,43.159793],[-4.481405,43.163436],[-4.482068,43.167453],[-4.483532,43.171531],[-4.48212,43.175682],[-4.479401,43.177744],[-4.47694,43.181323],[-4.47093,43.18521],[-4.463343,43.189035],[-4.454308,43.196705],[-4.453105,43.198386],[-4.455923,43.202006],[-4.452539,43.205687],[-4.449172,43.213177],[-4.446525,43.216326],[-4.448256,43.220284],[-4.446253,43.22356],[-4.446226,43.228153],[-4.449369,43.230877],[-4.448955,43.234683],[-4.449623,43.23951],[-4.447283,43.242646],[-4.448818,43.247642],[-4.450086,43.24967],[-4.450586,43.26037],[-4.457508,43.261291],[-4.466329,43.260251],[-4.46681,43.262333],[-4.472539,43.2628],[-4.475188,43.266881],[-4.473163,43.268771],[-4.4737,43.270583],[-4.477105,43.273808],[-4.477502,43.27699],[-4.481263,43.282138],[-4.482758,43.28228],[-4.486227,43.281029],[-4.49644,43.279815],[-4.499053,43.280321],[-4.50546,43.282776],[-4.514159,43.282634],[-4.521713,43.280625],[-4.522425,43.27904],[-4.529399,43.275507],[-4.532672,43.275319],[-4.536006,43.270196],[-4.547773,43.268687]]]}},
{"type":"Feature","id":"ESP:ADM3:ES-CB.laredo","properties":{"shapeName":"Laredo","shapeISO":"","shapeGroup":"ESP","shapeType":"ADM3","adm1ISO":"ES-CB","parentISO":"ES-CB","parentID":"ESP:ADM1:ES-CB","src_shape_id":"28895703B23170920319811"},"geometry":{"type":"Polygon","coordinates":[[[-3.429068,43.390828],[-3.426907,43.390005],[-3.423867,43.392212],[-3.418781,43.399522],[-3.41607,43.400833],[-3.41084,43.400957],[-3.40762,43.395852],[-3.406652,43.387761],[-3.405369,43.383578],[-3.402518,43.381992],[-3.393295,43.389562],[-3.39178,43.392008],[-3.392683,43.398128],[-3.391746,43.406082],[-3.383364,43.412602],[-3.382172,43.415425],[-3.387334,43.4172],[-3.393021,43.416001],[-3.394238,43.41714],[-3.39935,43.416762],[-3.401353,43.415225],[-3.405292,43.414977],[-3.411268,43.416495],[-3.411286,43.419133],[-3.415847,43.417676],[-3.416534,43.415171],[-3.42008,43.413582],[-3.425241,43.413248],[-3.429363,43.414583],[-3.435019,43.417894],[-3.443611,43.425659],[-3.444498,43.428708],[-3.44781,43.433873],[-3.450051,43.436061],[-3.454079,43.43112],[-3.455025,43.42547],[-3.454792,43.420663],[-3.455703,43.415265],[-3.457675,43.411359],[-3.459508,43.410451],[-3.46108,43.403552],[-3.452912,43.402085],[-3.451026,43.400804],[-3.440033,43.39539],[-3.437713,43.395624],[-3.431313,43.393298],[-3.429068,43.390828]]]}},
{"type":"Feature","id":"ESP:ADM3:ES-CB.liendo","properties":{"shapeName":"Liendo","shapeISO":"","shapeGroup":"ESP","shapeType":"ADM3","adm1ISO":"ES-CB","parentISO":"ES-CB","parentID":"ESP:ADM1:ES-CB","src_shape_id":"28895703B67085803651380"},"geometry":{"type":"Polygon","coordinates":[[[-3.37183,43.356433],[-3.36692,43.35745],[-3.352546,43.368381],[-3.353028,43.372982],[-3.351149,43.379516],[-3.338539,43.384041],[-3.33305,43.387887],[-3.330661,43.387237],[-3.324748,43.387099],[-3.326921,43.39047],[-3.328454,43.396913],[-3.326873,43.404579],[-3.329372,43.410392],[-3.336155,43.41454],[-3.339689,43.41473],[-3.343217,43.416205],[-3.347288,43.415238],[-3.350354,43.413518],[-3.354849,43.413405],[-3.358448,43.41198],[-3.363601,43.412469],[-3.365673,43.411868],[-3.370511,43.413293],[-3.369956,43.415519],[-3.372064,43.416863],[-3.375602,43.415744],[-3.382172,43.415425],[-3.383364,43.412602],[-3.391746,43.406082],[-3.392683,43.398128],[-3.39178,43.392008],[-3.393295,43.389562],[-3.402518,43.381992],[-3.404927,43.378889],[-3.395261,43.374272],[-3.393314,43.367087],[-3.3891,43.362658],[-3.380681,43.361066],[-3.37183,43.356433]]]}},
{"type":"Feature","id":"ESP:ADM3:ES-CB.lierganes","properties":{"shapeName":"Liérganes","shapeISO":"","shapeGroup":"ESP","shapeType":"ADM3","adm1ISO":"ES-CB","parentISO":"ES-CB","parentID":"ESP:ADM1:ES-CB","src_shape_id":"28895703B31535637412308"},"geometry":{"type":"Polygon","coordinates":[[[-3.807606,43.370577],[-3.806075,43.364546],[-3.808223,43.358048],[-3.806979,43.356391],[-3.802185,43.354083],[-3.800842,43.350445],[-3.798278,43.346861],[-3.798249,43.343683],[-3.794112,43.337714],[-3.789585,43.335882],[-3.788971,43.332275],[-3.781049,43.329169],[-3.778982,43.327652],[-3.77827,43.321128],[-3.775917,43.319397],[-3.775216,43.315692],[-3.778287,43.306946],[-3.776414,43.30124],[-3.778531,43.297493],[-3.773727,43.29577],[-3.771795,43.294108],[-3.766778,43.291928],[-3.761927,43.295404],[-3.748365,43.299559],[-3.744539,43.301195],[-3.74175,43.305049],[-3.741093,43.308389],[-3.737625,43.310632],[-3.734264,43.309023],[-3.73007,43.309914],[-3.727629,43.311956],[-3.724341,43.311266],[-3.71729,43.313589],[-3.714036,43.313726],[-3.709963,43.316632],[-3.713319,43.319881],[-3.716675,43.32003],[-3.719532,43.321263],[-3.718944,43.322982],[-3.720335,43.327425],[-3.724182,43.328069],[-3.7283,43.327917],[-3.734448,43.331523],[-3.734569,43.33659],[-3.732614,43.347065],[-3.728479,43.349049],[-3.723487,43.348415],[-3.72205,43.350059],[-3.725345,43.354445],[-3.733262,43.355817],[-3.738125,43.354058],[-3.745596,43.358049],[-3.753579,43.359834],[-3.761242,43.360217],[-3.771323,43.365732],[-3.778645,43.372943],[-3.778521,43.378955],[-3.79247,43.375972],[-3.807606,43.370577]]]}},
{"type":"Feature","id":"ESP:ADM3:ES-CB.limpias","properties":{"shapeName":"Limpias","shapeISO":"","shapeGroup":"ESP","shapeType":"ADM3","adm1ISO":"ES-CB","parentISO":"ES-CB","parentID":"ESP:ADM1:ES-CB","src_shape_id":"28895703B17665007759474"},"geometry":{"type":"Polygon","coordinates":[[[-3.3891,43.362658],[-3.393314,43.367087],[-3.395261,43.374272],[-3.404927,43.378889],[-3.402518,43.381992],[-3.405369,43.383578],[-3.406652,43.387761],[-3.40762,43.395852],[-3.41084,43.400957],[-3.41607,43.400833],[-3.418781,43.399522],[-3.423867,43.392212],[-3.426907,43.390005],[-3.429068,43.390828],[-3.423113,43.386817],[-3.422416,43.38038],[-3.419065,43.377873],[-3.413127,43.377176],[-3.408957,43.375897],[-3.406585,43.373554],[-3.413032,43.373857],[-3.423998,43.373525],[-3.427313,43.380688],[-3.429685,43.380601],[-3.435009,43.377493],[-3.43428,43.375722],[-3.437231,43.36893],[-3.43553,43.36411],[-3.427392,43.361782],[-3.427731,43.35999],[-3.430981,43.356181],[-3.429645,43.355804],[-3.425071,43.355668],[-3.417926,43.35675],[-3.413826,43.359117],[-3.408517,43.358411],[-3.404183,43.359298],[-3.396835,43.359486],[-3.3891,43.362658]]]}},
{"type":"Feature","id":"ESP:ADM3:ES-CB.luena","properties":{"shapeName":"Luena","shapeISO":"","shapeGroup":"ESP","shapeType":"ADM3","adm1ISO":"ES-CB","parentISO":"ES-CB","parentID":"ESP:ADM1:ES-CB","src_shape_id":"28895703B60071313174828"},"geometry":{"type":"Polygon","coordinates":[[[-3.951823,43.149853],[-3.953256,43.147077],[-3.951504,43.144345],[-3.951896,43.142305],[-3.94973,43.136201],[-3.949747,43.132527],[-3.948446,43.129494],[-3.947896,43.125717],[-3.9489,43.123817],[-3.945374,43.118132],[-3.944286,43.11163],[-3.945661,43.104912],[-3.948907,43.099495],[-3.952363,43.097249],[-3.953294,43.09332],[-3.960061,43.089563],[-3.958262,43.087625],[-3.959786,43.082903],[-3.959006,43.078455],[-3.956879,43.077124],[-3.953358,43.074428],[-3.949789,43.073206],[-3.94458,43.069972],[-3.942118,43.071199],[-3.933256,43.069164],[-3.925988,43.068584],[-3.922793,43.065179],[-3.919828,43.063231],[-3.91598,43.062955],[-3.911001,43.056755],[-3.909698,43.055855],[-3.901802,43.054189],[-3.90038,43.05266],[-3.895393,43.053357],[-3.891825,43.051215],[-3.885729,43.050776],[-3.882231,43.048308],[-3.87755,43.045904],[-3.878177,43.042487],[-3.86692,43.043827],[-3.864909,43.04224],[-3.861512,43.043409],[-3.859462,43.042533],[-3.856562,43.039691],[-3.851115,43.039092],[-3.849154,43.041106],[-3.849758,43.048395],[-3.845593,43.050938],[-3.842688,43.051302],[-3.834503,43.058061],[-3.833725,43.063182],[-3.834715,43.064615],[-3.838945,43.066764],[-3.840747,43.069254],[-3.846016,43.070998],[-3.848768,43.075561],[-3.850718,43.077051],[-3.850783,43.08004],[-3.847013,43.084421],[-3.850787,43.089472],[-3.860729,43.093936],[-3.863968,43.098844],[-3.867789,43.100457],[-3.870079,43.10431],[-3.869532,43.106808],[-3.867374,43.109463],[-3.868647,43.111255],[-3.874689,43.114684],[-3.877544,43.119135],[-3.877279,43.122331],[-3.879384,43.129834],[-3.877038,43.133135],[-3.876232,43.137397],[-3.878033,43.141978],[-3.879354,43.143574],[-3.87958,43.148489],[-3.876037,43.153649],[-3.876404,43.157321],[-3.871028,43.160184],[-3.868222,43.163231],[-3.870037,43.167207],[-3.870068,43.171213],[-3.865803,43.170702],[-3.861468,43.171523],[-3.860636,43.167881],[-3.857235,43.168272],[-3.855987,43.170532],[-3.858711,43.173537],[-3.858873,43.179134],[-3.868428,43.181949],[-3.874498,43.184431],[-3.872669,43.182783],[-3.873653,43.178702],[-3.888434,43.170556],[-3.899836,43.172443],[-3.90432,43.173499],[-3.905099,43.171546],[-3.909818,43.169838],[-3.940644,43.161149],[-3.953384,43.154987],[-3.950563,43.151926],[-3.951823,43.149853]]]}},
{"type":"Feature","id":"ESP:ADM3:ES-CB.marina-de-cudeyo","properties":{"shapeName":"Marina de Cudeyo","shapeISO":"","shapeGroup":"ESP","shapeType":"ADM3","adm1ISO":"ES-CB","parentISO":"ES-CB","parentID":"ESP:ADM1:ES-CB","src_shape_id":"28895703B64334560657908"},"geometry":{"type":"Polygon","coordinates":[[[-3.709658,43.411109],[-3.71076,43.413586],[-3.711505,43.415312],[-3.711552,43.417812],[-3.713368,43.419258],[-3.714154,43.420271],[-3.713901,43.420721],[-3.717483,43.423768],[-3.717694,43.428317],[-3.720561,43.430832],[-3.720333,43.433468],[-3.721787,43.437619],[-3.723428,43.439981],[-3.727877,43.442621],[-3.735316,43.435929],[-3.736434,43.431512],[-3.74471,43.431442],[-3.746237,43.432036],[-3.752405,43.430168],[-3.754015,43.431463],[-3.757217,43.430631],[-3.762312,43.43392],[-3.761449,43.437069],[-3.758175,43.440044],[-3.754941,43.441389],[-3.754405,43.443995],[-3.755932,43.445516],[-3.755927,43.448145],[-3.759848,43.448389],[-3.76526,43.446282],[-3.769371,43.448839],[-3.773284,43.448471],[-3.77398,43.445837],[-3.78048,43.440912],[-3.782295,43.440846],[-3.786915,43.436834],[-3.790187,43.432805],[-3.790786,43.430405],[-3.784447,43.425577],[-3.77944,43.424369],[-3.779297,43.420912],[-3.782358,43.421684],[-3.784022,43.420448],[-3.787598,43.41991],[-3.793436,43.417627],[-3.794886,43.416123],[-3.798694,43.414466],[-3.800372,43.411465],[-3.803401,43.413533],[-3.802428,43.414728],[-3.803597,43.417151],[-3.805815,43.417703],[-3.813194,43.412491],[-3.815007,43.410425],[-3.815315,43.40756],[-3.813592,43.402466],[-3.810057,43.397562],[-3.8078,43.396342],[-3.805039,43.396664],[-3.801583,43.399934],[-3.796151,43.401075],[-3.793683,43.400156],[-3.789621,43.399976],[-3.786235,43.400866],[-3.779934,43.404913],[-3.775459,43.404895],[-3.77283,43.406584],[-3.768931,43.407556],[-3.766542,43.40603],[-3.764013,43.4065],[-3.757894,43.403507],[-3.756961,43.402265],[-3.756119,43.39581],[-3.753709,43.393637],[-3.745332,43.393978],[-3.72978,43.389687],[-3.726301,43.393023],[-3.726788,43.395568],[-3.72542,43.396802],[-3.725056,43.401432],[-3.722509,43.404321],[-3.72013,43.404651],[-3.717451,43.406865],[-3.709658,43.411109]]]}},
{"type":"Feature","id":"ESP:ADM3:ES-CB.mazcuerras","properties":{"shapeName":"Mazcuerras","shapeISO":"","shapeGroup":"ESP","shapeType":"ADM3","adm1ISO":"ES-CB","parentISO":"ES-CB","parentID":"ESP:ADM1:ES-CB","src_shape_id":"28895703B17054650768483"},"geometry":{"type":"Polygon","coordinates":[[[-4.246294,43.276607],[-4.240834,43.272948],[-4.237384,43.272949],[-4.233066,43.273941],[-4.226563,43.273534],[-4.218295,43.270488],[-4.214875,43.265833],[-4.209412,43.26002],[-4.208856,43.25619],[-4.20708,43.254218],[-4.202602,43.252654],[-4.193813,43.251746],[-4.189195,43.249291],[-4.179841,43.246533],[-4.175367,43.247047],[-4.172099,43.248152],[-4.167184,43.248131],[-4.154969,43.25101],[-4.152987,43.254343],[-4.147554,43.254407],[-4.144112,43.260581],[-4.142684,43.264293],[-4.143945,43.27021],[-4.147497,43.276622],[-4.14722,43.278886],[-4.144202,43.281557],[-4.138677,43.290732],[-4.135327,43.291041],[-4.129557,43.293016],[-4.126328,43.293114],[-4.129656,43.298509],[-4.128698,43.303236],[-4.126626,43.305965],[-4.120577,43.310844],[-4.120818,43.314533],[-4.118662,43.315347],[-4.117351,43.319141],[-4.113547,43.320889],[-4.113858,43.324279],[-4.117884,43.326836],[-4.118955,43.332085],[-4.127273,43.329671],[-4.138252,43.331714],[-4.140361,43.328389],[-4.146478,43.324366],[-4.155063,43.323136],[-4.159309,43.321319],[-4.162645,43.32233],[-4.165294,43.324725],[-4.174254,43.323742],[-4.181708,43.323332],[-4.185173,43.321387],[-4.189633,43.321197],[-4.192547,43.321959],[-4.197018,43.319806],[-4.205225,43.318828],[-4.202526,43.315183],[-4.205735,43.309701],[-4.213136,43.301141],[-4.221971,43.295338],[-4.226826,43.29461],[-4.228772,43.293275],[-4.230972,43.288695],[-4.233601,43.287613],[-4.236225,43.282677],[-4.238495,43.280357],[-4.23939,43.2777],[-4.244387,43.27797],[-4.246294,43.276607]]]}},
{"type":"Feature","id":"ESP:ADM3:ES-CB.medio-cudeyo","properties":{"shapeName":"Medio Cudeyo","shapeISO":"","shapeGroup":"ESP","shapeType":"ADM3","adm1ISO":"ES-CB","parentISO":"ES-CB","parentID":"ESP:ADM1:ES-CB","src_shape_id":"28895703B58671475736128"},"geometry":{"type":"Polygon","coordinates":[[[-3.814858,43.392206],[-3.806874,43.384855],[-3.805283,43.379329],[-3.807606,43.370577],[-3.79247,43.375972],[-3.778521,43.378955],[-3.778645,43.372943],[-3.771323,43.365732],[-3.761242,43.360217],[-3.753579,43.359834],[-3.745596,43.358049],[-3.738125,43.354058],[-3.733262,43.355817],[-3.725345,43.354445],[-3.721716,43.35511],[-3.720879,43.357595],[-3.71366,43.361749],[-3.713397,43.363471],[-3.713647,43.365774],[-3.712465,43.370293],[-3.709797,43.376487],[-3.717174,43.379151],[-3.720542,43.381066],[-3.730941,43.382494],[-3.72978,43.389687],[-3.745332,43.393978],[-3.753709,43.393637],[-3.756119,43.39581],[-3.756961,43.402265],[-3.757894,43.403507],[-3.764013,43.4065],[-3.766542,43.40603],[-3.770607,43.406801],[-3.775014,43.403459],[-3.777875,43.403445],[-3.781791,43.402038],[-3.785897,43.399165],[-3.788503,43.398601],[-3.798046,43.39861],[-3.802641,43.397433],[-3.804745,43.395248],[-3.809657,43.39358],[-3.814858,43.392206]]]}},
{"type":"Feature","id":"ESP:ADM3:ES-CB.meruelo","properties":{"shapeName":"Meruelo","shapeISO":"","shapeGroup":"ESP","shapeType":"ADM3","adm1ISO":"ES-CB","parentISO":"ES-CB","parentID":"ESP:ADM1:ES-CB","src_shape_id":"28895703B74326125378715"},"geometry":{"type":"Polygon","coordinates":[[[-3.585914,43.465315],[-3.588524,43.465464],[-3.591424,43.463665],[-3.599799,43.461066],[-3.607011,43.459243],[-3.60426,43.453187],[-3.609142,43.446143],[-3.609727,43.443274],[-3.609416,43.433232],[-3.611984,43.432643],[-3.614797,43.430659],[-3.614721,43.42805],[-3.611258,43.425461],[-3.60952,43.423419],[-3.605368,43.422493],[-3.594439,43.421632],[-3.589606,43.422735],[-3.58606,43.42514],[-3.576433,43.429653],[-3.567953,43.434416],[-3.56251,43.435754],[-3.55613,43.436505],[-3.555728,43.43882],[-3.554798,43.442898],[-3.554614,43.448078],[-3.563552,43.460088],[-3.565176,43.463148],[-3.571574,43.464018],[-3.575553,43.46389],[-3.585914,43.465315]]]}},
{"type":"Feature","id":"ESP:ADM3:ES-CB.miengo","properties":{"shapeName":"Miengo","shapeISO":"","shapeGroup":"ESP","shapeType":"ADM3","adm1ISO":"ES-CB","parentISO":"ES-CB","parentID":"ESP:ADM1:ES-CB","src_shape_id":"28895703B93675515077963"},"geometry":{"type":"Polygon","coordinates":[[[-4.035399,43.43569],[-4.033368,43.429265],[-4.030618,43.427381],[-4.026151,43.425512],[-4.025557,43.421798],[-4.031364,43.41818],[-4.034032,43.415284],[-4.032692,43.412739],[-4.029707,43.412279],[-4.014891,43.405982],[-4.018215,43.401271],[-4.01545,43.400623],[-4.01397,43.402147],[-4.009236,43.402621],[-4.005699,43.398309],[-4.0037,43.397129],[-3.997914,43.398892],[-3.989747,43.399733],[-3.987177,43.399263],[-3.982793,43.402967],[-3.978372,43.404481],[-3.978021,43.409554],[-3.971525,43.412662],[-3.962502,43.416205],[-3.959181,43.418628],[-3.957573,43.418533],[-3.956156,43.425002],[-3.96156,43.434753],[-3.960573,43.436374],[-3.953237,43.436633],[-3.951985,43.439543],[-3.955455,43.444079],[-3.957354,43.444577],[-3.963046,43.442692],[-3.965022,43.440289],[-3.967798,43.43923],[-3.970166,43.441317],[-3.973663,43.442827],[-3.975924,43.442033],[-3.977976,43.43899],[-3.981045,43.437713],[-3.983005,43.4382],[-3.982031,43.441313],[-3.981745,43.443595],[-3.985404,43.445905],[-3.99064,43.443402],[-3.995521,43.441901],[-3.999315,43.439625],[-4.002671,43.440082],[-4.004172,43.442689],[-4.008283,43.443896],[-4.01474,43.44799],[-4.019199,43.447833],[-4.021829,43.445441],[-4.022564,43.441419],[-4.030254,43.440918],[-4.031999,43.440335],[-4.032481,43.435945],[-4.035399,43.43569]]]}},
{"type":"Feature","id":"ESP:ADM3:ES-CB.miera","properties":{"shapeName":"Miera","shapeISO":"","shapeGroup":"ESP","shapeType":"ADM3","adm1ISO":"ES-CB","parentISO":"ES-CB","parentID":"ESP:ADM1:ES-CB","src_shape_id":"28895703B42537064579544"},"geometry":{"type":"Polygon","coordinates":[[[-3.67502,43.301959],[-3.676367,43.304104],[-3.682525,43.309042],[-3.688694,43.305715],[-3.692377,43.306772],[-3.702826,43.313732],[-3.707631,43.314414],[-3.709963,43.316632],[-3.714036,43.313726],[-3.71729,43.313589],[-3.724341,43.311266],[-3.727629,43.311956],[-3.73007,43.309914],[-3.734264,43.309023],[-3.737625,43.310632],[-3.741093,43.308389],[-3.74175,43.305049],[-3.744539,43.301195],[-3.748365,43.299559],[-3.761927,43.295404],[-3.766778,43.291928],[-3.763727,43.285575],[-3.767057,43.282882],[-3.765865,43.280748],[-3.759263,43.278605],[-3.758422,43.277422],[-3.750913,43.274104],[-3.746231,43.269119],[-3.745862,43.267167],[-3.742326,43.264164],[-3.742197,43.262697],[-3.738339,43.259472],[-3.733244,43.257884],[-3.727253,43.254714],[-3.721417,43.254835],[-3.716336,43.257559],[-3.712028,43.254749],[-3.707423,43.259163],[-3.703988,43.260562],[-3.701853,43.260116],[-3.692473,43.261975],[-3.68733,43.26108],[-3.688699,43.267174],[-3.682359,43.272165],[-3.682182,43.276146],[-3.683212,43.277932],[-3.679065,43.279478],[-3.676944,43.283822],[-3.679509,43.286371],[-3.67759,43.289842],[-3.677736,43.293011],[-3.675465,43.294988],[-3.674964,43.297656],[-3.675838,43.30052],[-3.67502,43.301959]]]}},
{"type":"Feature","id":"ESP:ADM3:ES-CB.molledo","properties":{"shapeName":"Molledo","shapeISO":"","shapeGroup":"ESP","shapeType":"ADM3","adm1ISO":"ES-CB","parentISO":"ES-CB","parentID":"ESP:ADM1:ES-CB","src_shape_id":"28895703B10643906978487"},"geometry":{"type":"MultiPolygon","coordinates":[[[[-4.090153,43.096653],[-4.081099,43.09888],[-4.066839,43.10166],[-4.062606,43.10936],[-4.06147,43.120688],[-4.065401,43.11877],[-4.072488,43.113517],[-4.073133,43.111025],[-4.089472,43.102086],[-4.090153,43.096653]]],[[[-4.099968,43.140587],[-4.098267,43.139228],[-4.093461,43.14037],[-4.088489,43.140481],[-4.078156,43.133892],[-4.072025,43.127775],[-4.062316,43.126022],[-4.060618,43.128653],[-4.059328,43.134153],[-4.055995,43.135307],[-4.049552,43.130813],[-4.046338,43.124263],[-4.037349,43.118536],[-4.029574,43.116123],[-4.030776,43.113766],[-4.027,43.110675],[-4.024604,43.109949],[-4.023184,43.108107],[-4.012583,43.106202],[-4.01175,43.102643],[-4.008765,43.101967],[-4.009142,43.097984],[-4.004502,43.10096],[-4.000451,43.102341],[-3.994811,43.100777],[-3.979226,43.098995],[-3.976666,43.095574],[-3.97405,43.093731],[-3.969218,43.093349],[-3.964261,43.090767],[-3.960061,43.089563],[-3.953294,43.09332],[-3.952363,43.097249],[-3.948907,43.099495],[-3.945661,43.104912],[-3.944286,43.11163],[-3.945374,43.118132],[-3.9489,43.123817],[-3.947896,43.125717],[-3.948446,43.129494],[-3.949747,43.132527],[-3.94973,43.136201],[-3.951896,43.142305],[-3.951504,43.144345],[-3.953256,43.147077],[-3.951823,43.149853],[-3.960657,43.154003],[-3.96408,43.157378],[-3.974929,43.159744],[-3.983911,43.160685],[-3.991772,43.16376],[-3.997913,43.165427],[-4.011727,43.171366],[-4.022081,43.171049],[-4.02891,43.171834],[-4.043244,43.169733],[-4.050298,43.171487],[-4.054094,43.173298],[-4.059507,43.173257],[-4.061601,43.171986],[-4.079246,43.164447],[-4.082822,43.164224],[-4.081943,43.159036],[-4.085686,43.158506],[-4.087646,43.154597],[-4.087831,43.151822],[-4.089447,43.145908],[-4.095746,43.144642],[-4.099968,43.140587]]]]}},
{"type":"Feature","id":"ESP:ADM3:ES-CB.noja","properties":{"shapeName":"Noja","shapeISO":"","shapeGroup":"ESP","shapeType":"ADM3","adm1ISO":"ES-CB","parentISO":"ES-CB","parentID":"ESP:ADM1:ES-CB","src_shape_id":"28895703B36381035641855"},"geometry":{"type":"Polygon","coordinates":[[[-3.484083,43.464086],[-3.480095,43.465411],[-3.476021,43.469235],[-3.48651,43.471093],[-3.493335,43.471154],[-3.498687,43.472563],[-3.506111,43.476222],[-3.511887,43.477863],[-3.515233,43.481711],[-3.514091,43.484012],[-3.515263,43.488113],[-3.512982,43.491932],[-3.515187,43.492309],[-3.518881,43.49476],[-3.526892,43.494282],[-3.531314,43.492218],[-3.534074,43.493817],[-3.536824,43.492886],[-3.540036,43.495575],[-3.547205,43.489307],[-3.540571,43.483143],[-3.537489,43.478538],[-3.539578,43.475692],[-3.542896,43.473425],[-3.539741,43.468974],[-3.534247,43.471251],[-3.527476,43.468914],[-3.525625,43.466491],[-3.514522,43.460427],[-3.511492,43.46567],[-3.502949,43.466061],[-3.484083,43.464086]]]}},
{"type":"Feature","id":"ESP:ADM3:ES-CB.penagos","properties":{"shapeName":"Penagos","shapeISO":"","shapeGroup":"ESP","shapeType":"ADM3","adm1ISO":"ES-CB","parentISO":"ES-CB","parentID":"ESP:ADM1:ES-CB","src_shape_id":"28895703B29430249682938"},"geometry":{"type":"Polygon","coordinates":[[[-3.807606,43.370577],[-3.812949,43.37009],[-3.816522,43.371433],[-3.822029,43.369665],[-3.827574,43.369895],[-3.832071,43.368368],[-3.838464,43.367438],[-3.838908,43.363833],[-3.841771,43.360219],[-3.845333,43.358996],[-3.849418,43.359019],[-3.849664,43.355389],[-3.845523,43.34863],[-3.852289,43.345419],[-3.85525,43.335058],[-3.852306,43.332488],[-3.82767,43.316946],[-3.825164,43.31492],[-3.821961,43.307865],[-3.81908,43.304473],[-3.804072,43.297727],[-3.798581,43.297378],[-3.796378,43.298654],[-3.790328,43.296003],[-3.780854,43.296537],[-3.778531,43.297493],[-3.776414,43.30124],[-3.778287,43.306946],[-3.775216,43.315692],[-3.775917,43.319397],[-3.77827,43.321128],[-3.778982,43.327652],[-3.781049,43.329169],[-3.788971,43.332275],[-3.789585,43.335882],[-3.794112,43.337714],[-3.798249,43.343683],[-3.798278,43.346861],[-3.800842,43.350445],[-3.802185,43.354083],[-3.806979,43.356391],[-3.808223,43.358048],[-3.806075,43.364546],[-3.807606,43.370577]]]}},
{"type":"Feature","id":"ESP:ADM3:ES-CB.penarrubia","properties":{"shapeName":"Peñarrubia","shapeISO":"","shapeGroup":"ESP","shapeType":"ADM3","adm1ISO":"ES-CB","parentISO":"ES-CB","parentID":"ESP:ADM1:ES-CB","src_shape_id":"28895703B64940200383396"},"geometry":{"type":"Polygon","coordinates":[[[-4.631883,43.267653],[-4.637597,43.264293],[-4.637351,43.26156],[-4.640057,43.259531],[-4.635772,43.254586],[-4.629241,43.250816],[-4.628039,43.247772],[-4.612026,43.244063],[-4.604585,43.240746],[-4.608,43.238042],[-4.603827,43.233445],[-4.598714,43.231491],[-4.595039,43.232235],[-4.595284,43.22745],[-4.5781,43.232956],[-4.572094,43.231175],[-4.566472,43.227083],[-4.560198,43.224918],[-4.55743,43.22211],[-4.557096,43.219638],[-4.558433,43.215568],[-4.557208,43.213883],[-4.554226,43.213266],[-4.552059,43.211341],[-4.55083,43.208495],[-4.547349,43.203742],[-4.543435,43.203255],[-4.539074,43.201675],[-4.53672,43.199563],[-4.530104,43.196851],[-4.525116,43.195747],[-4.524777,43.201884],[-4.523588,43.208023],[-4.5265,43.221635],[-4.527676,43.231759],[-4.533544,43.238848],[-4.53398,43.247892],[-4.538835,43.249916],[-4.542545,43.258285],[-4.547773,43.268687],[-4.552785,43.271942],[-4.552778,43.280883],[-4.550876,43.28461],[-4.555242,43.288098],[-4.55839,43.288254],[-4.562495,43.290197],[-4.571325,43.291796],[-4.573236,43.289419],[-4.580267,43.289592],[-4.581518,43.291286],[-4.587092,43.292793],[-4.590938,43.293235],[-4.594627,43.2962],[-4.59916,43.298865],[-4.606552,43.300554],[-4.607595,43.295235],[-4.611525,43.293721],[-4.614962,43.291287],[-4.618517,43.290552],[-4.619807,43.288058],[-4.623907,43.288369],[-4.625923,43.285369],[-4.626447,43.282381],[-4.630824,43.279212],[-4.631193,43.277784],[-4.634548,43.27743],[-4.637088,43.27426],[-4.634883,43.268772],[-4.631883,43.267653]]]}},
{"type":"Feature","id":"ESP:ADM3:ES-CB.pesaguero","properties":{"shapeName":"Pesaguero","shapeISO":"","shapeGroup":"ESP","shapeType":"ADM3","adm1ISO":"ES-CB","parentISO":"ES-CB","parentID":"ESP:ADM1:ES-CB","src_shape_id":"28895703B60820616471387"},"geometry":{"type":"Polygon","coordinates":[[[-4.592451,43.080586],[-4.592905,43.078662],[-4.592399,43.072879],[-4.589189,43.068448],[-4.590707,43.065392],[-4.589918,43.063386],[-4.589736,43.058724],[-4.591557,43.051243],[-4.593223,43.049202],[-4.595066,43.044998],[-4.599654,43.041531],[-4.602327,43.040917],[-4.606084,43.035767],[-4.602628,43.034105],[-4.601631,43.032588],[-4.596643,43.030037],[-4.595666,43.028817],[-4.590607,43.025871],[-4.578501,43.026201],[-4.57431,43.026925],[-4.569779,43.025393],[-4.560125,43.02078],[-4.556584,43.020522],[-4.552108,43.025535],[-4.529787,43.04055],[-4.520932,43.047368],[-4.510435,43.043409],[-4.499403,43.040087],[-4.495852,43.038414],[-4.493979,43.039654],[-4.475713,43.038702],[-4.476463,43.041286],[-4.47115,43.051692],[-4.463097,43.060062],[-4.46886,43.063284],[-4.467865,43.064287],[-4.466549,43.071463],[-4.467521,43.076655],[-4.465526,43.079553],[-4.467343,43.0836],[-4.470595,43.086026],[-4.473293,43.089953],[-4.472548,43.093205],[-4.469135,43.098471],[-4.471063,43.100959],[-4.477284,43.099582],[-4.480392,43.096471],[-4.484498,43.095527],[-4.489861,43.093233],[-4.492567,43.095872],[-4.495728,43.096488],[-4.499093,43.093887],[-4.504191,43.094342],[-4.508202,43.092047],[-4.513843,43.091631],[-4.525207,43.092065],[-4.527542,43.093078],[-4.531064,43.096327],[-4.530952,43.097769],[-4.537017,43.10346],[-4.540281,43.103758],[-4.544302,43.105289],[-4.557011,43.107809],[-4.566317,43.105485],[-4.568333,43.108402],[-4.573436,43.108017],[-4.574652,43.106046],[-4.572261,43.104845],[-4.571555,43.102685],[-4.567593,43.095283],[-4.57111,43.09202],[-4.5787,43.08663],[-4.581817,43.083624],[-4.586415,43.080886],[-4.592451,43.080586]]]}},
{"type":"Feature","id":"ESP:ADM3:ES-CB.pesquera","properties":{"shapeName":"Pesquera","shapeISO":"","shapeGroup":"ESP","shapeType":"ADM3","adm1ISO":"ES-CB","parentISO":"ES-CB","parentID":"ESP:ADM1:ES-CB","src_shape_id":"28895703B69418845028935"},"geometry":{"type":"Polygon","coordinates":[[[-4.066839,43.10166],[-4.081099,43.09888],[-4.090153,43.096653],[-4.08931,43.086135],[-4.086369,43.084434],[-4.081023,43.078046],[-4.073204,43.073482],[-4.064049,43.071821],[-4.056682,43.067192],[-4.054132,43.077457],[-4.054346,43.079451],[-4.041704,43.089711],[-4.048218,43.091987],[-4.05113,43.095796],[-4.055664,43.098654],[-4.066839,43.10166]]]}},
{"type":"Feature","id":"ESP:ADM3:ES-CB.pielagos","properties":{"shapeName":"Piélagos","shapeISO":"","shapeGroup":"ESP","shapeType":"ADM3","adm1ISO":"ES-CB","parentISO":"ES-CB","parentID":"ESP:ADM1:ES-CB","src_shape_id":"28895703B81679792625791"},"geometry":{"type":"Polygon","coordinates":[[[-3.921468,43.408132],[-3.92366,43.419499],[-3.922006,43.438681],[-3.922701,43.440503],[-3.922857,43.447562],[-3.917389,43.450451],[-3.916787,43.457272],[-3.911505,43.461079],[-3.913748,43.468841],[-3.916275,43.474641],[-3.920157,43.473292],[-3.922374,43.473508],[-3.929495,43.471019],[-3.930706,43.469379],[-3.934433,43.468115],[-3.935899,43.470192],[-3.945136,43.468739],[-3.949421,43.464408],[-3.957098,43.455817],[-3.959705,43.454966],[-3.969643,43.449534],[-3.978506,43.445046],[-3.979307,43.442626],[-3.982031,43.441313],[-3.983005,43.4382],[-3.981045,43.437713],[-3.977976,43.43899],[-3.975924,43.442033],[-3.973663,43.442827],[-3.970166,43.441317],[-3.967798,43.43923],[-3.965022,43.440289],[-3.963046,43.442692],[-3.957354,43.444577],[-3.955455,43.444079],[-3.951985,43.439543],[-3.953237,43.436633],[-3.960573,43.436374],[-3.96156,43.434753],[-3.956156,43.425002],[-3.957573,43.418533],[-3.959181,43.418628],[-3.962502,43.416205],[-3.971525,43.412662],[-3.978021,43.409554],[-3.978372,43.404481],[-3.982793,43.402967],[-3.987177,43.399263],[-3.982828,43.394745],[-3.981378,43.391073],[-3.977308,43.390696],[-3.973521,43.386065],[-3.974636,43.383731],[-3.980291,43.377294],[-3.985263,43.375372],[-3.991614,43.37434],[-3.992907,43.369728],[-3.99513,43.367878],[-3.998058,43.363511],[-3.999296,43.363118],[-4.008188,43.355515],[-4.009402,43.349569],[-4.011395,43.343494],[-4.013261,43.336029],[-4.013606,43.332745],[-4.005731,43.330994],[-4.000965,43.332004],[-3.988123,43.33675],[-3.982103,43.338483],[-3.981931,43.335476],[-3.976388,43.33293],[-3.973338,43.333496],[-3.96968,43.333095],[-3.964507,43.331212],[-3.962858,43.329902],[-3.953997,43.332599],[-3.951361,43.331677],[-3.939396,43.334642],[-3.934881,43.336883],[-3.933128,43.336484],[-3.925182,43.338746],[-3.920654,43.341619],[-3.916443,43.341085],[-3.906695,43.342023],[-3.904237,43.341896],[-3.906124,43.34501],[-3.903074,43.349665],[-3.894812,43.356178],[-3.889488,43.36079],[-3.886688,43.368802],[-3.881539,43.373335],[-3.874287,43.374861],[-3.86869,43.377632],[-3.861257,43.381865],[-3.859894,43.387472],[-3.86107,43.390048],[-3.864282,43.389129],[-3.871682,43.388264],[-3.875593,43.388278],[-3.88537,43.382821],[-3.896756,43.383283],[-3.899382,43.383891],[-3.903811,43.381627],[-3.907717,43.378789],[-3.909763,43.378431],[-3.913741,43.374898],[-3.920843,43.375345],[-3.923842,43.377829],[-3.920979,43.381455],[-3.920505,43.38831],[-3.919367,43.396386],[-3.920261,43.405918],[-3.921468,43.408132]]]}},
{"type":"Feature","id":"ESP:ADM3:ES-CB.polaciones","properties":{"shapeName":"Polaciones","shapeISO":"","shapeGroup":"ESP","shapeType":"ADM3","adm1ISO":"ES-CB","parentISO":"ES-CB","parentID":"ESP:ADM1:ES-CB","src_shape_id":"28895703B32539851891281"},"geometry":{"type":"Polygon","coordinates":[[[-4.471063,43.100959],[-4.469135,43.098471],[-4.472548,43.093205],[-4.473293,43.089953],[-4.470595,43.086026],[-4.467343,43.0836],[-4.465526,43.079553],[-4.467521,43.076655],[-4.466549,43.071463],[-4.467865,43.064287],[-4.46886,43.063284],[-4.463097,43.060062],[-4.456763,43.057045],[-4.446182,43.057242],[-4.442479,43.055902],[-4.434115,43.048443],[-4.433065,43.046592],[-4.429998,43.0451],[-4.426131,43.044608],[-4.422429,43.042754],[-4.414983,43.041414],[-4.413953,43.041985],[-4.403982,43.038137],[-4.400257,43.043819],[-4.391995,43.046018],[-4.389473,43.048525],[-4.387333,43.04784],[-4.380161,43.048827],[-4.377421,43.047662],[-4.373373,43.048359],[-4.371709,43.04973],[-4.368208,43.049106],[-4.362721,43.046947],[-4.3608,43.048375],[-4.353194,43.050878],[-4.354049,43.064105],[-4.353133,43.070473],[-4.350681,43.077931],[-4.352161,43.080426],[-4.353581,43.086371],[-4.34545,43.09205],[-4.357954,43.105805],[-4.358324,43.109754],[-4.36747,43.113697],[-4.372065,43.111941],[-4.376972,43.116501],[-4.379323,43.121002],[-4.383669,43.125119],[-4.388253,43.132655],[-4.393261,43.131774],[-4.393789,43.133371],[-4.399834,43.138583],[-4.404072,43.13999],[-4.404174,43.141222],[-4.412131,43.143412],[-4.422013,43.138949],[-4.436405,43.137094],[-4.444084,43.13942],[-4.448252,43.139926],[-4.454939,43.143479],[-4.459442,43.14407],[-4.463328,43.145623],[-4.464355,43.146943],[-4.467435,43.143544],[-4.468276,43.139139],[-4.470871,43.136576],[-4.474513,43.137186],[-4.476851,43.133194],[-4.476308,43.129509],[-4.479186,43.127545],[-4.481475,43.127614],[-4.483937,43.123179],[-4.482223,43.120923],[-4.476142,43.11649],[-4.475392,43.114933],[-4.471604,43.114342],[-4.468249,43.112305],[-4.467208,43.107807],[-4.470966,43.103094],[-4.471063,43.100959]]]}},
{"type":"Feature","id":"ESP:ADM3:ES-CB.polanco","properties":{"shapeName":"Polanco","shapeISO":"","shapeGroup":"ESP","shapeType":"ADM3","adm1ISO":"ES-CB","parentISO":"ES-CB","parentID":"ESP:ADM1:ES-CB","src_shape_id":"28895703B79003933509070"},"geometry":{"type":"Polygon","coordinates":[[[-4.018215,43.401271],[-4.024744,43.399204],[-4.028205,43.397237],[-4.027764,43.394504],[-4.0298,43.391505],[-4.034779,43.388056],[-4.042163,43.388106],[-4.044113,43.383757],[-4.044031,43.382334],[-4.036803,43.376951],[-4.030584,43.368151],[-4.028605,43.359323],[-4.023636,43.356604],[-4.017183,43.357614],[-4.012924,43.357675],[-4.008188,43.355515],[-3.999296,43.363118],[-3.998058,43.363511],[-3.99513,43.367878],[-3.992907,43.369728],[-3.991614,43.37434],[-3.985263,43.375372],[-3.980291,43.377294],[-3.974636,43.383731],[-3.973521,43.386065],[-3.977308,43.390696],[-3.981378,43.391073],[-3.982828,43.394745],[-3.987177,43.399263],[-3.989747,43.399733],[-3.997914,43.398892],[-4.0037,43.397129],[-4.005699,43.398309],[-4.009236,43.402621],[-4.01397,43.402147],[-4.01545,43.400623],[-4.018215,43.401271]]]}},
{"type":"Feature","id":"ESP:ADM3:ES-CB.potes","properties":{"shapeName":"Potes","shapeISO":"","shapeGroup":"ESP","shapeType":"ADM3","adm1ISO":"ES-CB","parentISO":"ES-CB","parentID":"ESP:ADM1:ES-CB","src_shape_id":"28895703B24846909464777"},"geometry":{"type":"Polygon","coordinates":[[[-4.612587,43.158269],[-4.613788,43.159248],[-4.61254,43.166599],[-4.618062,43.172342],[-4.629841,43.170528],[-4.630181,43.166834],[-4.633632,43.160617],[-4.632602,43.155652],[-4.635058,43.150916],[-4.637455,43.149468],[-4.639452,43.145964],[-4.644889,43.142356],[-4.642857,43.135361],[-4.634015,43.137622],[-4.631633,43.14052],[-4.627834,43.142393],[-4.626423,43.137883],[-4.622136,43.137566],[-4.619197,43.13478],[-4.618839,43.133317],[-4.608646,43.132381],[-4.610053,43.135395],[-4.610195,43.138455],[-4.609222,43.144493],[-4.610512,43.147717],[-4.610303,43.150538],[-4.613076,43.155406],[-4.612587,43.158269]]]}},
{"type":"Feature","id":"ESP:ADM3:ES-CB.puente-viesgo","properties":{"shapeName":"Puente Viesgo","shapeISO":"","shapeGroup":"ESP","shapeType":"ADM3","adm1ISO":"ES-CB","parentISO":"ES-CB","parentID":"ESP:ADM1:ES-CB","src_shape_id":"28895703B73128753039473"},"geometry":{"type":"Polygon","coordinates":[[[-3.951361,43.331677],[-3.953997,43.332599],[-3.962858,43.329902],[-3.964507,43.331212],[-3.96968,43.333095],[-3.973338,43.333496],[-3.976388,43.33293],[-3.981931,43.335476],[-3.982103,43.338483],[-3.988123,43.33675],[-4.000965,43.332004],[-4.005731,43.330994],[-4.002185,43.320623],[-4.003869,43.315097],[-4.006482,43.311682],[-4.013423,43.3039],[-4.001658,43.28972],[-4.004127,43.284668],[-3.999856,43.277863],[-3.99915,43.268802],[-4.00094,43.266643],[-4.001431,43.263779],[-4.003668,43.258815],[-4.003219,43.255525],[-3.998285,43.249542],[-3.991287,43.245738],[-3.98017,43.249722],[-3.977257,43.250116],[-3.971631,43.253415],[-3.969314,43.255722],[-3.963049,43.257005],[-3.963088,43.264173],[-3.965323,43.267867],[-3.964608,43.270218],[-3.952659,43.276312],[-3.944777,43.27825],[-3.94668,43.281782],[-3.951451,43.285002],[-3.95385,43.288742],[-3.936624,43.295188],[-3.945135,43.297958],[-3.949981,43.298667],[-3.953019,43.300246],[-3.956058,43.299948],[-3.96381,43.301564],[-3.962696,43.304992],[-3.95571,43.307479],[-3.955906,43.309473],[-3.958452,43.309558],[-3.95792,43.311838],[-3.958883,43.316751],[-3.956196,43.32461],[-3.951361,43.331677]]]}},
{"type":"Feature","id":"ESP:ADM3:ES-CB.ramales-de-la-victoria","properties":{"shapeName":"Ramales de la Victoria","shapeISO":"","shapeGroup":"ESP","shapeType":"ADM3","adm1ISO":"ES-CB","parentISO":"ES-CB","parentID":"ESP:ADM1:ES-CB","src_shape_id":"28895703B22083930339649"},"geometry":{"type":"Polygon","coordinates":[[[-3.388641,43.264186],[-3.392723,43.264425],[-3.398242,43.27033],[-3.402633,43.272063],[-3.40725,43.274893],[-3.411248,43.275914],[-3.412314,43.277267],[-3.419532,43.280094],[-3.459065,43.29102],[-3.463261,43.290333],[-3.48134,43.289424],[-3.474206,43.27851],[-3.47626,43.273698],[-3.486809,43.263466],[-3.488469,43.260766],[-3.493627,43.25791],[-3.499035,43.253409],[-3.503302,43.251253],[-3.494511,43.250362],[-3.483461,43.248688],[-3.476095,43.250745],[-3.47124,43.251047],[-3.467427,43.24831],[-3.456756,43.246983],[-3.454368,43.245515],[-3.45375,43.243191],[-3.450161,43.242725],[-3.450329,43.236002],[-3.450147,43.236208],[-3.445709,43.237589],[-3.44179,43.235551],[-3.436404,43.235077],[-3.436753,43.237381],[-3.432839,43.241222],[-3.43037,43.242096],[-3.423014,43.239944],[-3.418439,43.241069],[-3.413152,43.244176],[-3.41331,43.245644],[-3.410548,43.247067],[-3.413462,43.249902],[-3.40663,43.250683],[-3.398948,43.24582],[-3.391992,43.252139],[-3.389936,43.261916],[-3.388641,43.264186]]]}},
{"type":"Feature","id":"ESP:ADM3:ES-CB.rasines","properties":{"shapeName":"Rasines","shapeISO":"","shapeGroup":"ESP","shapeType":"ADM3","adm1ISO":"ES-CB","parentISO":"ES-CB","parentID":"ESP:ADM1:ES-CB","src_shape_id":"28895703B52904016637385"},"geometry":{"type":"Polygon","coordinates":[[[-3.340126,43.27803],[-3.339533,43.282227],[-3.342643,43.291745],[-3.343128,43.29428],[-3.347203,43.298966],[-3.352394,43.299873],[-3.35883,43.306538],[-3.37972,43.314041],[-3.385132,43.320158],[-3.39254,43.322788],[-3.39629,43.326498],[-3.403465,43.330079],[-3.412632,43.331439],[-3.427512,43.331796],[-3.43156,43.331646],[-3.433091,43.330011],[-3.441186,43.328817],[-3.442101,43.327463],[-3.437588,43.324141],[-3.438664,43.31876],[-3.442082,43.314556],[-3.446138,43.31612],[-3.448127,43.313285],[-3.44591,43.310232],[-3.4463,43.307943],[-3.451403,43.307707],[-3.444468,43.300215],[-3.445424,43.297762],[-3.450012,43.297916],[-3.455963,43.295634],[-3.46299,43.292239],[-3.467427,43.292328],[-3.463703,43.299171],[-3.465047,43.300145],[-3.473515,43.303688],[-3.475042,43.301542],[-3.477778,43.299793],[-3.477914,43.296767],[-3.480903,43.292756],[-3.48134,43.289424],[-3.463261,43.290333],[-3.459065,43.29102],[-3.419532,43.280094],[-3.412314,43.277267],[-3.411248,43.275914],[-3.40725,43.274893],[-3.402633,43.272063],[-3.398242,43.27033],[-3.392723,43.264425],[-3.388641,43.264186],[-3.385381,43.266406],[-3.382992,43.270493],[-3.378077,43.270807],[-3.371859,43.273645],[-3.365751,43.274475],[-3.361709,43.2723],[-3.359563,43.272028],[-3.354092,43.274161],[-3.348945,43.274951],[-3.340126,43.27803]]]}},
{"type":"Feature","id":"ESP:ADM3:ES-CB.reinosa","properties":{"shapeName":"Reinosa","shapeISO":"","shapeGroup":"ESP","shapeType":"ADM3","adm1ISO":"ES-CB","parentISO":"ES-CB","parentID":"ESP:ADM1:ES-CB","src_shape_id":"28895703B17527169048371"},"geometry":{"type":"Polygon","coordinates":[[[-4.148627,42.995297],[-4.150485,42.993011],[-4.148205,42.992176],[-4.145369,42.988908],[-4.140951,42.987232],[-4.139319,42.985545],[-4.135211,42.986094],[-4.134484,42.988608],[-4.131185,42.992654],[-4.127005,42.99921],[-4.126156,43.005754],[-4.124856,43.008432],[-4.122002,43.010907],[-4.125528,43.015143],[-4.129017,43.012704],[-4.135759,43.011822],[-4.140107,43.008538],[-4.14904,43.002763],[-4.146056,42.99882],[-4.148627,42.995297]]]}},
{"type":"Feature","id":"ESP:ADM3:ES-CB.reocin","properties":{"shapeName":"Reocín","shapeISO":"","shapeGroup":"ESP","shapeType":"ADM3","adm1ISO":"ES-CB","parentISO":"ES-CB","parentID":"ESP:ADM1:ES-CB","src_shape_id":"28895703B52065819944045"},"geometry":{"type":"Polygon","coordinates":[[[-4.169367,43.344169],[-4.169115,43.340687],[-4.172548,43.338968],[-4.173292,43.336583],[-4.173574,43.328828],[-4.175004,43.326823],[-4.174254,43.323742],[-4.165294,43.324725],[-4.162645,43.32233],[-4.159309,43.321319],[-4.155063,43.323136],[-4.146478,43.324366],[-4.140361,43.328389],[-4.138252,43.331714],[-4.127273,43.329671],[-4.118955,43.332085],[-4.117884,43.326836],[-4.113858,43.324279],[-4.111572,43.326136],[-4.104489,43.328703],[-4.100447,43.32894],[-4.093098,43.33046],[-4.088677,43.332942],[-4.087751,43.335315],[-4.080022,43.342097],[-4.080081,43.342966],[-4.081854,43.34692],[-4.080513,43.351976],[-4.076563,43.35995],[-4.078083,43.362387],[-4.082235,43.363652],[-4.086035,43.368987],[-4.089917,43.372768],[-4.097245,43.36707],[-4.111416,43.374578],[-4.119733,43.37646],[-4.125095,43.376696],[-4.131273,43.378373],[-4.142259,43.379624],[-4.144195,43.379523],[-4.145378,43.379376],[-4.151627,43.374334],[-4.145541,43.371658],[-4.141167,43.368145],[-4.136826,43.365667],[-4.137256,43.362934],[-4.139445,43.363182],[-4.140745,43.365367],[-4.143417,43.365673],[-4.145142,43.363558],[-4.151065,43.358969],[-4.15289,43.355637],[-4.148335,43.352252],[-4.15129,43.349305],[-4.157834,43.348213],[-4.161262,43.349438],[-4.166262,43.348928],[-4.169367,43.344169]]]}},
{"type":"Feature","id":"ESP:ADM3:ES-CB.ribamontan-al-mar","properties":{"shapeName":"Ribamontán al Mar","shapeISO":"","shapeGroup":"ESP","shapeType":"ADM3","adm1ISO":"ES-CB","parentISO":"ES-CB","parentID":"ESP:ADM1:ES-CB","src_shape_id":"28895703B6246361719750"},"geometry":{"type":"MultiPolygon","coordinates":[[[[-3.730211,43.470058],[-3.72846,43.471401],[-3.728404,43.476003],[-3.730579,43.475935],[-3.731617,43.471796],[-3.730211,43.470058]]],[[[-3.654833,43.492307],[-3.658076,43.490131],[-3.66095,43.49052],[-3.66909,43.486187],[-3.673051,43.48539],[-3.675427,43.483314],[-3.676095,43.479969],[-3.679147,43.480906],[-3.681143,43.478057],[-3.684029,43.478517],[-3.685901,43.476678],[-3.690407,43.476111],[-3.693816,43.476856],[-3.697255,43.479122],[-3.705879,43.479592],[-3.714057,43.475769],[-3.716665,43.475609],[-3.72299,43.47312],[-3.727084,43.470149],[-3.726671,43.466568],[-3.72944,43.462453],[-3.733229,43.45989],[-3.743465,43.457951],[-3.756372,43.457066],[-3.762632,43.457421],[-3.769535,43.458834],[-3.772507,43.457283],[-3.765024,43.45501],[-3.760886,43.453236],[-3.760172,43.451548],[-3.75351,43.449575],[-3.746308,43.451873],[-3.745103,43.448369],[-3.748128,43.442091],[-3.748087,43.440794],[-3.752471,43.435516],[-3.743967,43.435301],[-3.742291,43.433673],[-3.738773,43.432866],[-3.7369,43.436564],[-3.729266,43.442798],[-3.726206,43.443427],[-3.721362,43.438697],[-3.71846,43.430012],[-3.713187,43.43065],[-3.698608,43.430879],[-3.693997,43.432157],[-3.684792,43.435902],[-3.679985,43.439415],[-3.675015,43.441404],[-3.672535,43.440526],[-3.669711,43.43697],[-3.668249,43.436873],[-3.662083,43.438845],[-3.653302,43.438763],[-3.64663,43.440206],[-3.647176,43.441819],[-3.655058,43.448442],[-3.655587,43.456502],[-3.647801,43.462002],[-3.643896,43.463174],[-3.639526,43.465718],[-3.637059,43.46854],[-3.642381,43.472188],[-3.64724,43.478418],[-3.646663,43.483889],[-3.649923,43.485822],[-3.650721,43.488708],[-3.654833,43.492307]]]]}},
{"type":"Feature","id":"ESP:ADM3:ES-CB.ribamontan-al-monte","properties":{"shapeName":"Ribamontán al Monte","shapeISO":"","shapeGroup":"ESP","shapeType":"ADM3","adm1ISO":"ES-CB","parentISO":"ES-CB","parentID":"ESP:ADM1:ES-CB","src_shape_id":"28895703B69046504787315"},"geometry":{"type":"Polygon","coordinates":[[[-3.64663,43.440206],[-3.653302,43.438763],[-3.662083,43.438845],[-3.668249,43.436873],[-3.669711,43.43697],[-3.672535,43.440526],[-3.675015,43.441404],[-3.679985,43.439415],[-3.684792,43.435902],[-3.693997,43.432157],[-3.698608,43.430879],[-3.713187,43.43065],[-3.71846,43.430012],[-3.716725,43.427176],[-3.717035,43.423476],[-3.711819,43.421863],[-3.713742,43.420401],[-3.713792,43.420013],[-3.711676,43.418197],[-3.710969,43.417067],[-3.709658,43.411109],[-3.707225,43.407662],[-3.706807,43.404959],[-3.704156,43.404247],[-3.704393,43.402318],[-3.702011,43.40028],[-3.697219,43.401534],[-3.693959,43.400871],[-3.687737,43.398262],[-3.682049,43.393301],[-3.679434,43.391975],[-3.673379,43.386823],[-3.666915,43.382404],[-3.654862,43.377988],[-3.630975,43.374782],[-3.626853,43.37549],[-3.623488,43.376941],[-3.620538,43.379299],[-3.61775,43.384567],[-3.62009,43.393538],[-3.618204,43.399625],[-3.616151,43.400613],[-3.616836,43.406084],[-3.615242,43.407745],[-3.620668,43.415086],[-3.616695,43.421779],[-3.611258,43.425461],[-3.614721,43.42805],[-3.614797,43.430659],[-3.611984,43.432643],[-3.625837,43.434734],[-3.628665,43.434757],[-3.64663,43.440206]]]}},
{"type":"Feature","id":"ESP:ADM3:ES-CB.rionansa","properties":{"shapeName":"Rionansa","shapeISO":"","shapeGroup":"ESP","shapeType":"ADM3","adm1ISO":"ES-CB","parentISO":"ES-CB","parentID":"ESP:ADM1:ES-CB","src_shape_id":"28895703B7058378572900"},"geometry":{"type":"Polygon","coordinates":[[[-4.464355,43.146943],[-4.463328,43.145623],[-4.459442,43.14407],[-4.454939,43.143479],[-4.448252,43.139926],[-4.444084,43.13942],[-4.436405,43.137094],[-4.422013,43.138949],[-4.412131,43.143412],[-4.412262,43.152316],[-4.411077,43.154275],[-4.407832,43.155972],[-4.402255,43.16166],[-4.400062,43.161506],[-4.397596,43.163941],[-4.398267,43.165842],[-4.397965,43.170933],[-4.393612,43.174813],[-4.392435,43.180969],[-4.386961,43.181548],[-4.38418,43.181024],[-4.379081,43.185705],[-4.377115,43.190744],[-4.377102,43.196732],[-4.370844,43.197573],[-4.364262,43.201577],[-4.355853,43.202028],[-4.356556,43.204857],[-4.347697,43.208977],[-4.338251,43.213834],[-4.339557,43.216727],[-4.342517,43.21807],[-4.343401,43.222454],[-4.351554,43.225879],[-4.354249,43.226333],[-4.358802,43.22899],[-4.361215,43.232284],[-4.367511,43.232965],[-4.37228,43.235294],[-4.37683,43.234996],[-4.381325,43.237698],[-4.37697,43.243414],[-4.377719,43.246593],[-4.3814,43.247566],[-4.381268,43.254825],[-4.380215,43.256747],[-4.372701,43.260079],[-4.366184,43.264515],[-4.36416,43.266583],[-4.364911,43.268771],[-4.367691,43.270206],[-4.36939,43.269051],[-4.375475,43.268402],[-4.382397,43.270426],[-4.383334,43.27208],[-4.387022,43.273854],[-4.391128,43.277731],[-4.391769,43.284242],[-4.38975,43.290309],[-4.39187,43.293002],[-4.401314,43.296273],[-4.411219,43.300788],[-4.421511,43.30121],[-4.424127,43.298684],[-4.438772,43.295475],[-4.442137,43.293353],[-4.456279,43.293984],[-4.463512,43.291812],[-4.464278,43.289803],[-4.47033,43.287735],[-4.473955,43.287797],[-4.474753,43.286652],[-4.47849,43.286216],[-4.482758,43.28228],[-4.481263,43.282138],[-4.477502,43.27699],[-4.477105,43.273808],[-4.4737,43.270583],[-4.473163,43.268771],[-4.475188,43.266881],[-4.472539,43.2628],[-4.46681,43.262333],[-4.466329,43.260251],[-4.457508,43.261291],[-4.450586,43.26037],[-4.450086,43.24967],[-4.448818,43.247642],[-4.447283,43.242646],[-4.449623,43.23951],[-4.448955,43.234683],[-4.449369,43.230877],[-4.446226,43.228153],[-4.446253,43.22356],[-4.448256,43.220284],[-4.446525,43.216326],[-4.449172,43.213177],[-4.452539,43.205687],[-4.455923,43.202006],[-4.453105,43.198386],[-4.454308,43.196705],[-4.463343,43.189035],[-4.47093,43.18521],[-4.47694,43.181323],[-4.479401,43.177744],[-4.48212,43.175682],[-4.483532,43.171531],[-4.482068,43.167453],[-4.481405,43.163436],[-4.481834,43.159793],[-4.484061,43.157288],[-4.482311,43.155104],[-4.478092,43.152538],[-4.475641,43.152399],[-4.473764,43.150541],[-4.466987,43.147458],[-4.464355,43.146943]]]}},
{"type":"Feature","id":"ESP:ADM3:ES-CB.riotuerto","properties":{"shapeName":"Riotuerto","shapeISO":"","shapeGroup":"ESP","shapeType":"ADM3","adm1ISO":"ES-CB","parentISO":"ES-CB","parentID":"ESP:ADM1:ES-CB","src_shape_id":"28895703B30845825803904"},"geometry":{"type":"Polygon","coordinates":[[[-3.64944,43.301211],[-3.644392,43.303315],[-3.642057,43.307577],[-3.636816,43.310719],[-3.641842,43.31331],[-3.64717,43.316846],[-3.65158,43.322134],[-3.651804,43.32695],[-3.658074,43.333082],[-3.657382,43.336409],[-3.658203,43.34278],[-3.663124,43.351729],[-3.671466,43.34725],[-3.679244,43.349924],[-3.68492,43.349863],[-3.685174,43.351672],[-3.689202,43.353259],[-3.693855,43.353312],[-3.707197,43.358877],[-3.713397,43.363471],[-3.71366,43.361749],[-3.720879,43.357595],[-3.721716,43.35511],[-3.725345,43.354445],[-3.72205,43.350059],[-3.723487,43.348415],[-3.728479,43.349049],[-3.732614,43.347065],[-3.734569,43.33659],[-3.734448,43.331523],[-3.7283,43.327917],[-3.724182,43.328069],[-3.720335,43.327425],[-3.718944,43.322982],[-3.719532,43.321263],[-3.716675,43.32003],[-3.713319,43.319881],[-3.709963,43.316632],[-3.707631,43.314414],[-3.702826,43.313732],[-3.692377,43.306772],[-3.688694,43.305715],[-3.682525,43.309042],[-3.676367,43.304104],[-3.67502,43.301959],[-3.674036,43.301567],[-3.668654,43.303384],[-3.663147,43.303776],[-3.64944,43.301211]]]}},
{"type":"Feature","id":"ESP:ADM3:ES-CB.las-rozas-de-valdearroyo","properties":{"shapeName":"Las Rozas de Valdearroyo","shapeISO":"","shapeGroup":"ESP","shapeType":"ADM3","adm1ISO":"ES-CB","parentISO":"ES-CB","parentID":"ESP:ADM1:ES-CB","src_shape_id":"28895703B85839650167964"},"geometry":{"type":"Polygon","coordinates":[[[-4.077415,42.990381],[-4.078028,42.987548],[-4.078822,42.978265],[-4.07959,42.975169],[-4.084029,42.970229],[-4.08707,42.963977],[-4.088396,42.959903],[-4.083336,42.959375],[-4.076985,42.954446],[-4.073618,42.94767],[-4.068622,42.947959],[-4.06218,42.945435],[-4.057312,42.946065],[-4.054349,42.937637],[-4.049145,42.938639],[-4.044669,42.935609],[-4.040054,42.935912],[-4.036435,42.932766],[-4.034567,42.930244],[-4.031746,42.928612],[-4.028973,42.924729],[-4.025278,42.924312],[-4.022081,42.927393],[-4.018979,42.92878],[-4.015736,42.932015],[-4.009292,42.935152],[-4.005647,42.931816],[-3.989574,42.933721],[-3.987248,42.93619],[-3.987171,42.94054],[-3.98383,42.94554],[-3.98182,42.951689],[-3.974032,42.968595],[-3.972615,42.970498],[-3.971666,42.97491],[-3.96868,42.977628],[-3.966372,42.983762],[-3.960816,42.992453],[-3.956293,42.997462],[-3.945465,43.005773],[-3.948509,43.006675],[-3.9563,43.005071],[-3.96108,43.004743],[-3.966229,43.005231],[-3.976147,43.008578],[-3.980222,43.005616],[-3.992131,42.998436],[-3.995805,42.997251],[-4.006353,42.99109],[-4.007899,42.988816],[-4.011863,42.988223],[-4.01477,42.985234],[-4.019224,42.984583],[-4.02157,42.985507],[-4.022036,42.989952],[-4.030239,42.99122],[-4.030813,42.992565],[-4.036134,42.993823],[-4.042717,42.996492],[-4.044696,42.99452],[-4.051257,42.993677],[-4.054393,42.992],[-4.060619,42.995229],[-4.063126,42.99191],[-4.070088,42.990918],[-4.077415,42.990381]]]}},
{"type":"Feature","id":"ESP:ADM3:ES-CB.ruente","properties":{"shapeName":"Ruente","shapeISO":"","shapeGroup":"ESP","shapeType":"ADM3","adm1ISO":"ES-CB","parentISO":"ES-CB","parentID":"ESP:ADM1:ES-CB","src_shape_id":"28895703B82873624312355"},"geometry":{"type":"Polygon","coordinates":[[[-4.274187,43.275004],[-4.27962,43.274304],[-4.288573,43.274005],[-4.293179,43.273278],[-4.30235,43.272814],[-4.319178,43.273107],[-4.323744,43.272298],[-4.323728,43.265284],[-4.319228,43.265723],[-4.313021,43.264732],[-4.309731,43.264724],[-4.304862,43.261755],[-4.297907,43.262059],[-4.290385,43.257119],[-4.285583,43.256093],[-4.285963,43.254215],[-4.288181,43.251894],[-4.291412,43.244474],[-4.290009,43.237547],[-4.287759,43.237131],[-4.286315,43.235221],[-4.282867,43.228182],[-4.28068,43.226675],[-4.276977,43.213867],[-4.277222,43.210866],[-4.279295,43.208735],[-4.27815,43.206965],[-4.273645,43.205764],[-4.270657,43.204149],[-4.264633,43.203964],[-4.257059,43.202552],[-4.253737,43.203831],[-4.248572,43.201691],[-4.245742,43.201712],[-4.238475,43.203916],[-4.237319,43.202758],[-4.223097,43.202542],[-4.218481,43.201889],[-4.214034,43.198622],[-4.211833,43.198105],[-4.199445,43.199055],[-4.194914,43.197715],[-4.194518,43.193208],[-4.193418,43.191077],[-4.186847,43.191766],[-4.184782,43.195687],[-4.184238,43.198763],[-4.182294,43.202007],[-4.185101,43.203301],[-4.185415,43.20491],[-4.182857,43.207548],[-4.181953,43.214311],[-4.179577,43.216847],[-4.179223,43.222164],[-4.180583,43.223726],[-4.177535,43.229772],[-4.177031,43.233676],[-4.178465,43.240316],[-4.180076,43.243379],[-4.179841,43.246533],[-4.189195,43.249291],[-4.193813,43.251746],[-4.202602,43.252654],[-4.20708,43.254218],[-4.208856,43.25619],[-4.209412,43.26002],[-4.214875,43.265833],[-4.218295,43.270488],[-4.226563,43.273534],[-4.233066,43.273941],[-4.237384,43.272949],[-4.240834,43.272948],[-4.246294,43.276607],[-4.24946,43.27895],[-4.253528,43.276564],[-4.261569,43.276242],[-4.265016,43.275483],[-4.274187,43.275004]]]}},
{"type":"Feature","id":"ESP:ADM3:ES-CB.ruesga","properties":{"shapeName":"Ruesga","shapeISO":"","shapeGroup":"ESP","shapeType":"ADM3","adm1ISO":"ES-CB","parentISO":"ES-CB","parentID":"ESP:ADM1:ES-CB","src_shape_id":"28895703B35146206819201"},"geometry":{"type":"MultiPolygon","coordinates":[[[[-3.68733,43.26108],[-3.692473,43.261975],[-3.701853,43.260116],[-3.703988,43.260562],[-3.707423,43.259163],[-3.712028,43.254749],[-3.708968,43.250113],[-3.701197,43.240571],[-3.700959,43.238872],[-3.698958,43.238622],[-3.689628,43.239155],[-3.687234,43.240953],[-3.684429,43.241249],[-3.676157,43.238425],[-3.672116,43.23492],[-3.669663,43.23361],[-3.663821,43.233221],[-3.656863,43.234954],[-3.660763,43.238507],[-3.655618,43.239914],[-3.653246,43.241593],[-3.653564,43.243654],[-3.656385,43.247176],[-3.661314,43.250749],[-3.661936,43.253609],[-3.667038,43.254849],[-3.671756,43.254768],[-3.675688,43.253835],[-3.677542,43.254401],[-3.678826,43.256851],[-3.682843,43.260231],[-3.68733,43.26108]]],[[[-3.578705,43.250475],[-3.576725,43.249518],[-3.559169,43.246624],[-3.554399,43.247877],[-3.549985,43.247644],[-3.531883,43.249668],[-3.523095,43.248783],[-3.51842,43.249776],[-3.514502,43.249712],[-3.503302,43.251253],[-3.499035,43.253409],[-3.493627,43.25791],[-3.488469,43.260766],[-3.486809,43.263466],[-3.47626,43.273698],[-3.474206,43.27851],[-3.48134,43.289424],[-3.480903,43.292756],[-3.477914,43.296767],[-3.477778,43.299793],[-3.475042,43.301542],[-3.473515,43.303688],[-3.477976,43.303106],[-3.479484,43.302037],[-3.48483,43.301961],[-3.486886,43.302555],[-3.49037,43.300684],[-3.498804,43.301659],[-3.506986,43.301299],[-3.522299,43.304629],[-3.533711,43.307651],[-3.546187,43.310125],[-3.555836,43.311517],[-3.553712,43.315002],[-3.553266,43.317444],[-3.554743,43.318491],[-3.56245,43.319695],[-3.563969,43.322596],[-3.567906,43.324279],[-3.568013,43.327799],[-3.571733,43.332499],[-3.571356,43.339533],[-3.570624,43.34177],[-3.574291,43.34371],[-3.588584,43.339114],[-3.595086,43.338505],[-3.608638,43.335087],[-3.611458,43.332932],[-3.615763,43.331041],[-3.620572,43.327985],[-3.62185,43.326313],[-3.627349,43.322474],[-3.629934,43.319605],[-3.636816,43.310719],[-3.642057,43.307577],[-3.644392,43.303315],[-3.64944,43.301211],[-3.647821,43.29685],[-3.644311,43.294789],[-3.642598,43.292203],[-3.635273,43.293444],[-3.628202,43.292744],[-3.625063,43.291494],[-3.618963,43.291117],[-3.61604,43.293342],[-3.610823,43.295378],[-3.608047,43.295159],[-3.601578,43.296769],[-3.600274,43.295821],[-3.595926,43.295228],[-3.595507,43.292442],[-3.597526,43.289041],[-3.59381,43.28624],[-3.586909,43.279904],[-3.586954,43.275314],[-3.585714,43.263232],[-3.589113,43.256467],[-3.580373,43.251904],[-3.578705,43.250475]]]]}},
{"type":"Feature","id":"ESP:ADM3:ES-CB.ruiloba","properties":{"shapeName":"Ruiloba","shapeISO":"","shapeGroup":"ESP","shapeType":"ADM3","adm1ISO":"ES-CB","parentISO":"ES-CB","parentID":"ESP:ADM1:ES-CB","src_shape_id":"28895703B12878937141136"},"geometry":{"type":"Polygon","coordinates":[[[-4.222221,43.395865],[-4.224551,43.398691],[-4.23264,43.400522],[-4.235871,43.3991],[-4.24042,43.398718],[-4.246443,43.397329],[-4.250087,43.395587],[-4.251852,43.396766],[-4.255354,43.397133],[-4.258489,43.395865],[-4.261821,43.395765],[-4.265281,43.393512],[-4.272177,43.393192],[-4.273309,43.389461],[-4.277857,43.389095],[-4.280491,43.387994],[-4.281145,43.386933],[-4.279309,43.378859],[-4.280329,43.376281],[-4.276892,43.372501],[-4.274942,43.371362],[-4.273502,43.366839],[-4.267962,43.363929],[-4.265088,43.364628],[-4.260075,43.36154],[-4.257459,43.360957],[-4.251329,43.361114],[-4.241223,43.364222],[-4.236422,43.36241],[-4.233064,43.366598],[-4.230521,43.368417],[-4.23165,43.37053],[-4.231269,43.373073],[-4.229002,43.378167],[-4.224618,43.381762],[-4.222768,43.384933],[-4.225177,43.386213],[-4.22267,43.388032],[-4.221277,43.390613],[-4.222221,43.395865]]]}},
{"type":"Feature","id":"ESP:ADM3:ES-CB.san-felices-de-buelna","properties":{"shapeName":"San Felices de Buelna","shapeISO":"","shapeGroup":"ESP","shapeType":"ADM3","adm1ISO":"ES-CB","parentISO":"ES-CB","parentID":"ESP:ADM1:ES-CB","src_shape_id":"28895703B7515286820749"},"geometry":{"type":"Polygon","coordinates":[[[-4.002253,43.232872],[-3.995901,43.243492],[-3.999425,43.246764],[-3.998285,43.249542],[-4.003219,43.255525],[-4.003668,43.258815],[-4.001431,43.263779],[-4.00094,43.266643],[-3.99915,43.268802],[-3.999856,43.277863],[-4.004127,43.284668],[-4.001658,43.28972],[-4.013423,43.3039],[-4.019218,43.304926],[-4.023573,43.304473],[-4.063389,43.301894],[-4.074353,43.299851],[-4.071935,43.296453],[-4.076799,43.292607],[-4.073665,43.288278],[-4.068974,43.285027],[-4.065573,43.275216],[-4.062009,43.269387],[-4.060723,43.269102],[-4.059606,43.265105],[-4.056842,43.258458],[-4.055028,43.255431],[-4.052502,43.253284],[-4.050746,43.249284],[-4.044584,43.246243],[-4.037071,43.244141],[-4.028667,43.239552],[-4.026772,43.235229],[-4.02214,43.229237],[-4.019297,43.227129],[-4.016979,43.229157],[-4.007869,43.227833],[-4.003709,43.229454],[-4.002253,43.232872]]]}},
{"type":"Feature","id":"ESP:ADM3:ES-CB.san-miguel-de-aguayo","properties":{"shapeName":"San Miguel de Aguayo","shapeISO":"","shapeGroup":"ESP","shapeType":"ADM3","adm1ISO":"ES-CB","parentISO":"ES-CB","parentID":"ESP:ADM1:ES-CB","src_shape_id":"28895703B1849772442614"},"geometry":{"type":"Polygon","coordinates":[[[-4.041704,43.089711],[-4.054346,43.079451],[-4.054132,43.077457],[-4.056682,43.067192],[-4.053398,43.06739],[-4.053142,43.0616],[-4.054684,43.058978],[-4.051765,43.05469],[-4.043428,43.0437],[-4.038466,43.040756],[-4.032087,43.038616],[-4.026054,43.040445],[-4.023436,43.041763],[-4.016558,43.042883],[-4.012673,43.042399],[-4.005928,43.044105],[-4.001622,43.045844],[-3.997026,43.049526],[-3.992946,43.0516],[-3.984855,43.059701],[-3.979481,43.062498],[-3.976315,43.062651],[-3.974795,43.066752],[-3.971092,43.069458],[-3.967413,43.070624],[-3.958995,43.077594],[-3.956879,43.077124],[-3.959006,43.078455],[-3.959786,43.082903],[-3.958262,43.087625],[-3.960061,43.089563],[-3.964261,43.090767],[-3.969218,43.093349],[-3.97405,43.093731],[-3.976666,43.095574],[-3.979226,43.098995],[-3.994811,43.100777],[-4.000451,43.102341],[-4.004502,43.10096],[-4.009142,43.097984],[-4.015254,43.092905],[-4.023932,43.091747],[-4.037529,43.089119],[-4.041704,43.089711]]]}},
{"type":"Feature","id":"ESP:ADM3:ES-CB.san-pedro-del-romeral","properties":{"shapeName":"San Pedro del Romeral","shapeISO":"","shapeGroup":"ESP","shapeType":"ADM3","adm1ISO":"ES-CB","parentISO":"ES-CB","parentID":"ESP:ADM1:ES-CB","src_shape_id":"28895703B22297897114864"},"geometry":{"type":"Polygon","coordinates":[[[-3.847013,43.084421],[-3.845256,43.0828],[-3.835754,43.080556],[-3.823261,43.080583],[-3.81828,43.082077],[-3.815634,43.085383],[-3.810208,43.086655],[-3.806308,43.08345],[-3.802022,43.082588],[-3.792695,43.078628],[-3.790281,43.078131],[-3.780426,43.079874],[-3.775804,43.082534],[-3.767594,43.080302],[-3.764277,43.081234],[-3.760558,43.083519],[-3.756912,43.08574],[-3.759816,43.092114],[-3.756249,43.096847],[-3.756044,43.098918],[-3.76272,43.09875],[-3.771727,43.101811],[-3.775305,43.103532],[-3.778365,43.104009],[-3.783159,43.109415],[-3.783255,43.112539],[-3.7891,43.119247],[-3.795537,43.12746],[-3.801859,43.131432],[-3.808487,43.130575],[-3.811947,43.13752],[-3.816357,43.142748],[-3.817305,43.14746],[-3.818392,43.149111],[-3.826088,43.156306],[-3.829226,43.160942],[-3.83216,43.159352],[-3.84183,43.159226],[-3.847099,43.156224],[-3.850873,43.154806],[-3.853252,43.157919],[-3.851877,43.161509],[-3.852321,43.163663],[-3.856768,43.166607],[-3.857235,43.168272],[-3.860636,43.167881],[-3.861468,43.171523],[-3.865803,43.170702],[-3.870068,43.171213],[-3.870037,43.167207],[-3.868222,43.163231],[-3.871028,43.160184],[-3.876404,43.157321],[-3.876037,43.153649],[-3.87958,43.148489],[-3.879354,43.143574],[-3.878033,43.141978],[-3.876232,43.137397],[-3.877038,43.133135],[-3.879384,43.129834],[-3.877279,43.122331],[-3.877544,43.119135],[-3.874689,43.114684],[-3.868647,43.111255],[-3.867374,43.109463],[-3.869532,43.106808],[-3.870079,43.10431],[-3.867789,43.100457],[-3.863968,43.098844],[-3.860729,43.093936],[-3.850787,43.089472],[-3.847013,43.084421]]]}},
{"type":"Feature","id":"ESP:ADM3:ES-CB.san-roque-de-riomiera","properties":{"shapeName":"San Roque de Riomiera","shapeISO":"","shapeGroup":"ESP","shapeType":"ADM3","adm1ISO":"ES-CB","parentISO":"ES-CB","parentID":"ESP:ADM1:ES-CB","src_shape_id":"28895703B98459609536653"},"geometry":{"type":"Polygon","coordinates":[[[-3.767057,43.282882],[-3.768738,43.281279],[-3.762083,43.27457],[-3.762837,43.271272],[-3.767248,43.267229],[-3.76584,43.265561],[-3.765239,43.259603],[-3.762855,43.255736],[-3.761538,43.255195],[-3.758588,43.251458],[-3.762785,43.243986],[-3.763031,43.238941],[-3.756643,43.234199],[-3.751801,43.232154],[-3.747318,43.231112],[-3.744587,43.22902],[-3.743347,43.225324],[-3.734094,43.222091],[-3.732948,43.219628],[-3.729886,43.217115],[-3.726825,43.215832],[-3.728056,43.213336],[-3.726472,43.20959],[-3.728134,43.207508],[-3.728942,43.203688],[-3.725927,43.203047],[-3.721376,43.199168],[-3.720002,43.196806],[-3.715595,43.19407],[-3.714457,43.184072],[-3.713704,43.182989],[-3.708472,43.18069],[-3.707766,43.179163],[-3.704056,43.176467],[-3.701569,43.176338],[-3.700103,43.174096],[-3.70079,43.170688],[-3.699933,43.167802],[-3.701697,43.165982],[-3.699417,43.160341],[-3.69342,43.159741],[-3.690319,43.158496],[-3.684406,43.157712],[-3.681248,43.158037],[-3.677086,43.154505],[-3.667954,43.15762],[-3.666755,43.16284],[-3.662242,43.165262],[-3.659931,43.16885],[-3.654524,43.170918],[-3.660673,43.170845],[-3.667992,43.171883],[-3.670091,43.171439],[-3.675818,43.171964],[-3.678931,43.175358],[-3.683506,43.176276],[-3.683189,43.17879],[-3.685402,43.186251],[-3.687167,43.188933],[-3.686903,43.190627],[-3.695464,43.197852],[-3.697553,43.20299],[-3.700516,43.205844],[-3.704686,43.213067],[-3.706513,43.214578],[-3.706391,43.217847],[-3.70816,43.2207],[-3.707024,43.223606],[-3.703794,43.227561],[-3.703156,43.229933],[-3.699833,43.232304],[-3.700959,43.238872],[-3.701197,43.240571],[-3.708968,43.250113],[-3.712028,43.254749],[-3.716336,43.257559],[-3.721417,43.254835],[-3.727253,43.254714],[-3.733244,43.257884],[-3.738339,43.259472],[-3.742197,43.262697],[-3.742326,43.264164],[-3.745862,43.267167],[-3.746231,43.269119],[-3.750913,43.274104],[-3.758422,43.277422],[-3.759263,43.278605],[-3.765865,43.280748],[-3.767057,43.282882]]]}},
{"type":"Feature","id":"ESP:ADM3:ES-CB.santa-cruz-de-bezana","properties":{"shapeName":"Santa Cruz de Bezana","shapeISO":"","shapeGroup":"ESP","shapeType":"ADM3","adm1ISO":"ES-CB","parentISO":"ES-CB","parentID":"ESP:ADM1:ES-CB","src_shape_id":"28895703B46744698876289"},"geometry":{"type":"Polygon","coordinates":[[[-3.888346,43.443331],[-3.88903,43.448352],[-3.887243,43.452085],[-3.878175,43.45581],[-3.87007,43.457781],[-3.872396,43.463986],[-3.875492,43.469464],[-3.877276,43.471449],[-3.882399,43.475129],[-3.884703,43.476291],[-3.892518,43.472097],[-3.893048,43.474515],[-3.892071,43.477008],[-3.89753,43.476605],[-3.904075,43.474383],[-3.90686,43.47455],[-3.910926,43.472798],[-3.914782,43.473506],[-3.916275,43.474641],[-3.913748,43.468841],[-3.911505,43.461079],[-3.916787,43.457272],[-3.917389,43.450451],[-3.922857,43.447562],[-3.922701,43.440503],[-3.922006,43.438681],[-3.92366,43.419499],[-3.921468,43.408132],[-3.91983,43.409804],[-3.912151,43.409475],[-3.911207,43.412011],[-3.908146,43.413328],[-3.904152,43.413611],[-3.903816,43.416338],[-3.900388,43.418445],[-3.897951,43.423032],[-3.896608,43.424078],[-3.89894,43.426906],[-3.903686,43.436583],[-3.902638,43.43796],[-3.899195,43.438239],[-3.889415,43.441233],[-3.888346,43.443331]]]}},
{"type":"Feature","id":"ESP:ADM3:ES-CB.santa-maria-de-cayon","properties":{"shapeName":"Santa María de Cayón","shapeISO":"","shapeGroup":"ESP","shapeType":"ADM3","adm1ISO":"ES-CB","parentISO":"ES-CB","parentID":"ESP:ADM1:ES-CB","src_shape_id":"28895703B24256492170808"},"geometry":{"type":"Polygon","coordinates":[[[-3.91992,43.292523],[-3.910733,43.288138],[-3.89307,43.286239],[-3.890888,43.285229],[-3.872359,43.285171],[-3.867577,43.286098],[-3.865571,43.284005],[-3.861125,43.282517],[-3.853401,43.280972],[-3.846308,43.283182],[-3.838486,43.28232],[-3.834165,43.283439],[-3.832809,43.280068],[-3.826809,43.277285],[-3.82507,43.274592],[-3.819246,43.271903],[-3.81597,43.270944],[-3.808997,43.273393],[-3.800869,43.271928],[-3.796067,43.272277],[-3.787955,43.271081],[-3.784192,43.272159],[-3.781326,43.274044],[-3.779715,43.27718],[-3.777597,43.278301],[-3.776601,43.280953],[-3.768738,43.281279],[-3.767057,43.282882],[-3.763727,43.285575],[-3.766778,43.291928],[-3.771795,43.294108],[-3.773727,43.29577],[-3.778531,43.297493],[-3.780854,43.296537],[-3.790328,43.296003],[-3.796378,43.298654],[-3.798581,43.297378],[-3.804072,43.297727],[-3.81908,43.304473],[-3.821961,43.307865],[-3.825164,43.31492],[-3.82767,43.316946],[-3.852306,43.332488],[-3.85525,43.335058],[-3.859555,43.333038],[-3.871107,43.329771],[-3.88149,43.329342],[-3.886314,43.331151],[-3.887607,43.333505],[-3.892499,43.336098],[-3.901098,43.336996],[-3.90432,43.338171],[-3.905294,43.332565],[-3.899898,43.329736],[-3.896193,43.325968],[-3.894109,43.320301],[-3.892689,43.313654],[-3.897981,43.309308],[-3.901431,43.309128],[-3.908851,43.310789],[-3.914141,43.310061],[-3.926059,43.304178],[-3.91992,43.292523]]]}},
{"type":"Feature","id":"ESP:ADM3:ES-CB.santander","properties":{"shapeName":"Santander","shapeISO":"","shapeGroup":"ESP","shapeType":"ADM3","adm1ISO":"ES-CB","parentISO":"ES-CB","parentID":"ESP:ADM1:ES-CB","src_shape_id":"28895703B57865336939630"},"geometry":{"type":"Polygon","coordinates":[[[-3.829434,43.434138],[-3.830686,43.435157],[-3.827884,43.437167],[-3.824986,43.437638],[-3.815252,43.436943],[-3.815649,43.441721],[-3.81808,43.441443],[-3.827672,43.442527],[-3.827507,43.444023],[-3.824426,43.445504],[-3.814838,43.444816],[-3.814866,43.447814],[-3.823739,43.448615],[-3.825338,43.451674],[-3.822024,43.451617],[-3.821022,43.449688],[-3.814332,43.449475],[-3.811997,43.453273],[-3.808903,43.456681],[-3.803662,43.460428],[-3.79609,43.462768],[-3.792069,43.462481],[-3.791239,43.461406],[-3.78709,43.461749],[-3.781008,43.463691],[-3.776679,43.466494],[-3.772035,43.467777],[-3.764854,43.466051],[-3.763545,43.468085],[-3.766338,43.470984],[-3.771103,43.471286],[-3.773382,43.469677],[-3.775476,43.470059],[-3.782057,43.474111],[-3.784885,43.476713],[-3.78698,43.480948],[-3.78193,43.486359],[-3.786353,43.48595],[-3.787049,43.487233],[-3.785297,43.491342],[-3.789522,43.490935],[-3.793163,43.49227],[-3.796495,43.492589],[-3.800705,43.49202],[-3.811566,43.494933],[-3.813313,43.493344],[-3.818294,43.493048],[-3.821518,43.490944],[-3.825337,43.49071],[-3.826045,43.48821],[-3.829736,43.48768],[-3.83368,43.484913],[-3.832848,43.483785],[-3.835674,43.480658],[-3.840825,43.482025],[-3.84201,43.483664],[-3.845598,43.483754],[-3.846045,43.482148],[-3.850793,43.479412],[-3.85367,43.479129],[-3.858415,43.477121],[-3.86274,43.476062],[-3.867,43.47739],[-3.87242,43.476781],[-3.875734,43.477657],[-3.875218,43.480452],[-3.879891,43.479534],[-3.879307,43.477611],[-3.88274,43.476486],[-3.882399,43.475129],[-3.877276,43.471449],[-3.875492,43.469464],[-3.872396,43.463986],[-3.87007,43.457781],[-3.878175,43.45581],[-3.887243,43.452085],[-3.88903,43.448352],[-3.888346,43.443331],[-3.885942,43.440283],[-3.882832,43.43844],[-3.875493,43.438126],[-3.861471,43.438063],[-3.854228,43.437091],[-3.846679,43.437424],[-3.843413,43.437115],[-3.841758,43.434525],[-3.829434,43.434138]]]}},
{"type":"Feature","id":"ESP:ADM3:ES-CB.santillana-del-mar","properties":{"shapeName":"Santillana del Mar","shapeISO":"","shapeGroup":"ESP","shapeType":"ADM3","adm1ISO":"ES-CB","parentISO":"ES-CB","parentID":"ESP:ADM1:ES-CB","src_shape_id":"28895703B74222929182897"},"geometry":{"type":"Polygon","coordinates":[[[-4.144195,43.379523],[-4.142259,43.379624],[-4.131273,43.378373],[-4.125095,43.376696],[-4.119733,43.37646],[-4.111416,43.374578],[-4.097245,43.36707],[-4.089917,43.372768],[-4.086035,43.368987],[-4.082235,43.363652],[-4.078083,43.362387],[-4.069909,43.364374],[-4.066903,43.368413],[-4.062059,43.367847],[-4.058306,43.369029],[-4.05551,43.36556],[-4.052104,43.363075],[-4.047562,43.362258],[-4.049869,43.367941],[-4.050087,43.373011],[-4.048011,43.37479],[-4.044031,43.382334],[-4.044113,43.383757],[-4.04637,43.382872],[-4.051713,43.386308],[-4.063085,43.394847],[-4.06604,43.395747],[-4.078019,43.396509],[-4.081715,43.398815],[-4.083034,43.401468],[-4.088781,43.405852],[-4.095534,43.407103],[-4.089505,43.413851],[-4.092368,43.421279],[-4.097729,43.4265],[-4.100825,43.425781],[-4.104812,43.423573],[-4.108011,43.420831],[-4.112062,43.420081],[-4.11199,43.418821],[-4.124294,43.416224],[-4.127514,43.414653],[-4.133651,43.414129],[-4.131224,43.412248],[-4.132282,43.406016],[-4.131522,43.403034],[-4.127913,43.397559],[-4.12661,43.393844],[-4.126663,43.391394],[-4.138305,43.382733],[-4.143698,43.380663],[-4.144195,43.379523]]]}},
{"type":"Feature","id":"ESP:ADM3:ES-CB.santiurde-de-reinosa","properties":{"shapeName":"Santiurde de Reinosa","shapeISO":"","shapeGroup":"ESP","shapeType":"ADM3","adm1ISO":"ES-CB","parentISO":"ES-CB","parentID":"ESP:ADM1:ES-CB","src_shape_id":"28895703B74383238050581"},"geometry":{"type":"Polygon","coordinates":[[[-4.133585,43.103689],[-4.133683,43.099258],[-4.132537,43.095757],[-4.133015,43.091709],[-4.132295,43.087934],[-4.128543,43.085045],[-4.120921,43.082067],[-4.122422,43.076082],[-4.121255,43.073392],[-4.120993,43.069108],[-4.121949,43.066334],[-4.120881,43.062283],[-4.109019,43.058274],[-4.10678,43.058089],[-4.10562,43.055714],[-4.100688,43.051799],[-4.100766,43.043784],[-4.103807,43.042242],[-4.099933,43.04046],[-4.09099,43.033189],[-4.086177,43.031739],[-4.080715,43.035276],[-4.078133,43.035021],[-4.075322,43.035462],[-4.065942,43.033743],[-4.061184,43.031156],[-4.052296,43.030959],[-4.048314,43.032094],[-4.041537,43.031155],[-4.045294,43.041391],[-4.043428,43.0437],[-4.051765,43.05469],[-4.054684,43.058978],[-4.053142,43.0616],[-4.053398,43.06739],[-4.056682,43.067192],[-4.064049,43.071821],[-4.073204,43.073482],[-4.081023,43.078046],[-4.086369,43.084434],[-4.08931,43.086135],[-4.090153,43.096653],[-4.112575,43.100972],[-4.133585,43.103689]]]}},
{"type":"Feature","id":"ESP:ADM3:ES-CB.santiurde-de-toranzo","properties":{"shapeName":"Santiurde de Toranzo","shapeISO":"","shapeGroup":"ESP","shapeType":"ADM3","adm1ISO":"ES-CB","parentISO":"ES-CB","parentID":"ESP:ADM1:ES-CB","src_shape_id":"28895703B42598191418568"},"geometry":{"type":"Polygon","coordinates":[[[-3.936624,43.295188],[-3.95385,43.288742],[-3.951451,43.285002],[-3.94668,43.281782],[-3.944777,43.27825],[-3.942095,43.27141],[-3.940702,43.264155],[-3.941694,43.258195],[-3.94106,43.254634],[-3.943179,43.248214],[-3.945753,43.24497],[-3.946477,43.241659],[-3.944864,43.239268],[-3.943858,43.233927],[-3.94587,43.229481],[-3.945918,43.227004],[-3.943525,43.223548],[-3.940108,43.221541],[-3.935475,43.214852],[-3.930802,43.211217],[-3.928148,43.206664],[-3.924844,43.203881],[-3.91709,43.199846],[-3.914327,43.196951],[-3.90937,43.193866],[-3.907176,43.191155],[-3.906363,43.188604],[-3.909145,43.185367],[-3.909493,43.182222],[-3.908408,43.180457],[-3.903352,43.177174],[-3.899836,43.172443],[-3.888434,43.170556],[-3.873653,43.178702],[-3.872669,43.182783],[-3.874498,43.184431],[-3.879139,43.18937],[-3.87456,43.195676],[-3.871776,43.197398],[-3.874447,43.195957],[-3.876363,43.199517],[-3.879345,43.202765],[-3.884977,43.206017],[-3.888907,43.206201],[-3.890426,43.207411],[-3.888982,43.21068],[-3.889937,43.21148],[-3.892732,43.218229],[-3.895505,43.22078],[-3.896408,43.226095],[-3.89522,43.227341],[-3.897053,43.231518],[-3.901471,43.234954],[-3.905577,43.235281],[-3.908852,43.244765],[-3.909625,43.248129],[-3.913038,43.252622],[-3.922131,43.26178],[-3.923947,43.265905],[-3.925187,43.27419],[-3.923257,43.279659],[-3.924342,43.283389],[-3.921743,43.28512],[-3.910733,43.288138],[-3.91992,43.292523],[-3.931528,43.292312],[-3.936624,43.295188]]]}},
{"type":"Feature","id":"ESP:ADM3:ES-CB.santona","properties":{"shapeName":"Santoña","shapeISO":"","shapeGroup":"ESP","shapeType":"ADM3","adm1ISO":"ES-CB","parentISO":"ES-CB","parentID":"ESP:ADM1:ES-CB","src_shape_id":"28895703B14594249280904"},"geometry":{"type":"Polygon","coordinates":[[[-3.475505,43.442921],[-3.472019,43.443915],[-3.464975,43.444586],[-3.461666,43.444254],[-3.462067,43.441812],[-3.460576,43.439099],[-3.450952,43.439317],[-3.439086,43.437103],[-3.429784,43.44101],[-3.425753,43.444276],[-3.427287,43.447935],[-3.426098,43.4511],[-3.427056,43.457327],[-3.430884,43.461995],[-3.435229,43.464581],[-3.438343,43.464425],[-3.444124,43.46552],[-3.448796,43.467113],[-3.45249,43.465109],[-3.457445,43.46481],[-3.463654,43.4652],[-3.471947,43.466481],[-3.47537,43.467853],[-3.476021,43.469235],[-3.480095,43.465411],[-3.484083,43.464086],[-3.487112,43.458492],[-3.485837,43.457103],[-3.479789,43.458408],[-3.476981,43.45686],[-3.473,43.452333],[-3.474047,43.443689],[-3.475505,43.442921]]]}},
{"type":"Feature","id":"ESP:ADM3:ES-CB.san-vicente-de-la-barquera","properties":{"shapeName":"San Vicente de la Barquera","shapeISO":"","shapeGroup":"ESP","shapeType":"ADM3","adm1ISO":"ES-CB","parentISO":"ES-CB","parentID":"ESP:ADM1:ES-CB","src_shape_id":"28895703B45096803656599"},"geometry":{"type":"Polygon","coordinates":[[[-4.423375,43.321009],[-4.414883,43.322454],[-4.415988,43.330769],[-4.414007,43.330733],[-4.408955,43.333623],[-4.4023,43.333903],[-4.39935,43.33167],[-4.393532,43.332371],[-4.38829,43.33402],[-4.383127,43.334254],[-4.381769,43.336935],[-4.382454,43.341051],[-4.384672,43.343077],[-4.384216,43.346387],[-4.380635,43.347853],[-4.380416,43.349099],[-4.38445,43.350707],[-4.38547,43.353783],[-4.383714,43.357928],[-4.381736,43.358348],[-4.377945,43.361482],[-4.378965,43.366188],[-4.376302,43.367436],[-4.372025,43.367636],[-4.355154,43.366077],[-4.354854,43.366999],[-4.34984,43.367436],[-4.348975,43.364632],[-4.342342,43.365454],[-4.343996,43.370486],[-4.346009,43.374469],[-4.349925,43.374044],[-4.349826,43.376225],[-4.346252,43.378176],[-4.345837,43.380612],[-4.336006,43.38323],[-4.334378,43.391307],[-4.332469,43.393109],[-4.338049,43.397006],[-4.337596,43.401109],[-4.339983,43.405763],[-4.34621,43.405285],[-4.350182,43.403428],[-4.354099,43.403508],[-4.357662,43.399927],[-4.368592,43.394502],[-4.372697,43.393093],[-4.378379,43.392107],[-4.383227,43.391877],[-4.385621,43.39292],[-4.389361,43.392865],[-4.391,43.394331],[-4.395978,43.395513],[-4.397853,43.39703],[-4.404659,43.397631],[-4.40942,43.397419],[-4.414677,43.398318],[-4.420107,43.39817],[-4.421346,43.397272],[-4.43029,43.396917],[-4.432213,43.396245],[-4.431427,43.393844],[-4.431373,43.391567],[-4.435606,43.389902],[-4.431892,43.385816],[-4.433058,43.383567],[-4.432828,43.379464],[-4.430868,43.378481],[-4.425136,43.377796],[-4.423437,43.376386],[-4.425861,43.372898],[-4.423159,43.371896],[-4.42188,43.363646],[-4.425074,43.360364],[-4.427747,43.354901],[-4.428578,43.349542],[-4.434258,43.342525],[-4.445849,43.33879],[-4.447274,43.33509],[-4.439615,43.3318],[-4.436844,43.329181],[-4.429988,43.324639],[-4.428348,43.320223],[-4.423375,43.321009]]]}},
{"type":"Feature","id":"ESP:ADM3:ES-CB.saro","properties":{"shapeName":"Saro","shapeISO":"","shapeGroup":"ESP","shapeType":"ADM3","adm1ISO":"ES-CB","parentISO":"ES-CB","parentID":"ESP:ADM1:ES-CB","src_shape_id":"28895703B44238720351532"},"geometry":{"type":"Polygon","coordinates":[[[-3.768738,43.281279],[-3.776601,43.280953],[-3.777597,43.278301],[-3.779715,43.27718],[-3.781326,43.274044],[-3.784192,43.272159],[-3.787955,43.271081],[-3.796067,43.272277],[-3.800869,43.271928],[-3.808997,43.273393],[-3.81597,43.270944],[-3.819246,43.271903],[-3.82507,43.274592],[-3.826809,43.277285],[-3.832809,43.280068],[-3.834165,43.283439],[-3.838486,43.28232],[-3.839923,43.281103],[-3.838663,43.278194],[-3.844512,43.272442],[-3.847745,43.271896],[-3.849063,43.265664],[-3.8465,43.262054],[-3.847236,43.259177],[-3.84563,43.257099],[-3.845724,43.253218],[-3.843132,43.251523],[-3.837039,43.252902],[-3.833255,43.253122],[-3.827647,43.251482],[-3.823952,43.251156],[-3.821488,43.252378],[-3.819792,43.255499],[-3.814815,43.255156],[-3.809784,43.257521],[-3.805754,43.256928],[-3.801739,43.253733],[-3.792622,43.250888],[-3.788117,43.252089],[-3.787246,43.250474],[-3.779835,43.248904],[-3.771151,43.245037],[-3.764435,43.244785],[-3.762785,43.243986],[-3.758588,43.251458],[-3.761538,43.255195],[-3.762855,43.255736],[-3.765239,43.259603],[-3.76584,43.265561],[-3.767248,43.267229],[-3.762837,43.271272],[-3.762083,43.27457],[-3.768738,43.281279]]]}},
{"type":"Feature","id":"ESP:ADM3:ES-CB.selaya","properties":{"shapeName":"Selaya","shapeISO":"","shapeGroup":"ESP","shapeType":"ADM3","adm1ISO":"ES-CB","parentISO":"ES-CB","parentID":"ESP:ADM1:ES-CB","src_shape_id":"28895703B30787763971487"},"geometry":{"type":"Polygon","coordinates":[[[-3.744587,43.22902],[-3.749562,43.231535],[-3.771029,43.234858],[-3.781821,43.226398],[-3.785023,43.224512],[-3.810111,43.22287],[-3.811445,43.220176],[-3.811115,43.212947],[-3.815461,43.211993],[-3.817462,43.203263],[-3.803214,43.193472],[-3.803641,43.176893],[-3.774149,43.175669],[-3.771833,43.174794],[-3.767274,43.177057],[-3.764095,43.177103],[-3.759474,43.174081],[-3.75661,43.17374],[-3.75312,43.176302],[-3.750316,43.177317],[-3.745284,43.176809],[-3.742535,43.175586],[-3.737668,43.177232],[-3.73595,43.1796],[-3.730746,43.179437],[-3.728014,43.181059],[-3.720483,43.183192],[-3.714457,43.184072],[-3.715595,43.19407],[-3.720002,43.196806],[-3.721376,43.199168],[-3.725927,43.203047],[-3.728942,43.203688],[-3.728134,43.207508],[-3.726472,43.20959],[-3.728056,43.213336],[-3.726825,43.215832],[-3.729886,43.217115],[-3.732948,43.219628],[-3.734094,43.222091],[-3.743347,43.225324],[-3.744587,43.22902]]]}},
{"type":"Feature","id":"ESP:ADM3:ES-CB.soba","properties":{"shapeName":"Soba","shapeISO":"","shapeGroup":"ESP","shapeType":"ADM3","adm1ISO":"ES-CB","parentISO":"ES-CB","parentID":"ESP:ADM1:ES-CB","src_shape_id":"28895703B46776731515500"},"geometry":{"type":"Polygon","coordinates":[[[-3.435431,43.197977],[-3.433122,43.204357],[-3.433124,43.206618],[-3.435713,43.21062],[-3.438743,43.213909],[-3.439977,43.216726],[-3.444292,43.221136],[-3.447318,43.229732],[-3.449812,43.233044],[-3.450329,43.236002],[-3.450161,43.242725],[-3.45375,43.243191],[-3.454368,43.245515],[-3.456756,43.246983],[-3.467427,43.24831],[-3.47124,43.251047],[-3.476095,43.250745],[-3.483461,43.248688],[-3.494511,43.250362],[-3.503302,43.251253],[-3.514502,43.249712],[-3.51842,43.249776],[-3.523095,43.248783],[-3.531883,43.249668],[-3.549985,43.247644],[-3.554399,43.247877],[-3.559169,43.246624],[-3.576725,43.249518],[-3.578705,43.250475],[-3.581539,43.240557],[-3.582274,43.240094],[-3.591561,43.242622],[-3.593182,43.243451],[-3.601262,43.242211],[-3.606227,43.239844],[-3.606962,43.236949],[-3.615846,43.234858],[-3.617988,43.23482],[-3.623946,43.236912],[-3.628895,43.236804],[-3.632307,43.235624],[-3.638346,43.234824],[-3.640264,43.233328],[-3.643732,43.234101],[-3.646656,43.233346],[-3.65202,43.235207],[-3.656863,43.234954],[-3.663821,43.233221],[-3.669663,43.23361],[-3.672116,43.23492],[-3.676157,43.238425],[-3.684429,43.241249],[-3.687234,43.240953],[-3.689628,43.239155],[-3.698958,43.238622],[-3.700959,43.238872],[-3.699833,43.232304],[-3.703156,43.229933],[-3.703794,43.227561],[-3.707024,43.223606],[-3.70816,43.2207],[-3.706391,43.217847],[-3.706513,43.214578],[-3.704686,43.213067],[-3.700516,43.205844],[-3.697553,43.20299],[-3.695464,43.197852],[-3.686903,43.190627],[-3.687167,43.188933],[-3.685402,43.186251],[-3.683189,43.17879],[-3.683506,43.176276],[-3.678931,43.175358],[-3.675818,43.171964],[-3.670091,43.171439],[-3.667992,43.171883],[-3.660673,43.170845],[-3.654524,43.170918],[-3.657685,43.175095],[-3.658155,43.177649],[-3.655284,43.178386],[-3.651753,43.180793],[-3.647983,43.179148],[-3.645044,43.179345],[-3.641023,43.176071],[-3.637987,43.176412],[-3.633611,43.175563],[-3.633548,43.174249],[-3.630261,43.17288],[-3.622864,43.173875],[-3.620822,43.172616],[-3.612449,43.169518],[-3.60827,43.163723],[-3.60694,43.161074],[-3.607342,43.158226],[-3.604922,43.155961],[-3.60486,43.152161],[-3.603544,43.149638],[-3.599606,43.151927],[-3.585262,43.154411],[-3.580856,43.153421],[-3.573183,43.152782],[-3.564079,43.149975],[-3.561166,43.149448],[-3.543635,43.148146],[-3.530387,43.142708],[-3.519362,43.140008],[-3.508438,43.136581],[-3.506328,43.135681],[-3.501202,43.135892],[-3.492578,43.133823],[-3.486407,43.133939],[-3.480337,43.136099],[-3.469128,43.136758],[-3.458954,43.136105],[-3.454319,43.134458],[-3.451134,43.13447],[-3.444756,43.131533],[-3.442306,43.132848],[-3.439436,43.132076],[-3.433533,43.131891],[-3.429672,43.13367],[-3.425762,43.133577],[-3.421905,43.132349],[-3.417608,43.133316],[-3.421954,43.152326],[-3.42572,43.155553],[-3.426442,43.158498],[-3.428665,43.160658],[-3.429167,43.164853],[-3.4322,43.166985],[-3.431721,43.168503],[-3.43344,43.172496],[-3.433268,43.177148],[-3.43485,43.183889],[-3.43446,43.186448],[-3.436023,43.191395],[-3.435431,43.197977]]]}},
{"type":"Feature","id":"ESP:ADM3:ES-CB.solorzano","properties":{"shapeName":"Solórzano","shapeISO":"","shapeGroup":"ESP","shapeType":"ADM3","adm1ISO":"ES-CB","parentISO":"ES-CB","parentID":"ESP:ADM1:ES-CB","src_shape_id":"28895703B91127272165871"},"geometry":{"type":"Polygon","coordinates":[[[-3.615763,43.331041],[-3.611458,43.332932],[-3.608638,43.335087],[-3.595086,43.338505],[-3.588584,43.339114],[-3.574291,43.34371],[-3.574474,43.350158],[-3.571812,43.352552],[-3.57039,43.355137],[-3.562297,43.358797],[-3.557813,43.362336],[-3.556541,43.367528],[-3.551233,43.373628],[-3.546825,43.381328],[-3.561659,43.38441],[-3.572091,43.38575],[-3.588959,43.390893],[-3.594705,43.389398],[-3.598099,43.386196],[-3.607435,43.38201],[-3.612469,43.382338],[-3.61775,43.384567],[-3.620538,43.379299],[-3.623488,43.376941],[-3.616862,43.372125],[-3.614437,43.369595],[-3.616506,43.362684],[-3.623719,43.34751],[-3.626322,43.339238],[-3.616866,43.331455],[-3.615763,43.331041]]]}},
{"type":"Feature","id":"ESP:ADM3:ES-CB.suances","properties":{"shapeName":"Suances","shapeISO":"","shapeGroup":"ESP","shapeType":"ADM3","adm1ISO":"ES-CB","parentISO":"ES-CB","parentID":"ESP:ADM1:ES-CB","src_shape_id":"28895703B39286955889157"},"geometry":{"type":"Polygon","coordinates":[[[-4.035399,43.43569],[-4.040003,43.43504],[-4.044299,43.437008],[-4.041977,43.442099],[-4.044449,43.442851],[-4.047171,43.445167],[-4.049021,43.442107],[-4.047288,43.439079],[-4.050562,43.436897],[-4.05292,43.43674],[-4.054349,43.434368],[-4.065984,43.432018],[-4.072162,43.432023],[-4.075003,43.430565],[-4.077908,43.431348],[-4.081976,43.434335],[-4.080786,43.436868],[-4.082643,43.437741],[-4.087783,43.43428],[-4.09318,43.432752],[-4.095194,43.429329],[-4.094484,43.42767],[-4.097729,43.4265],[-4.092368,43.421279],[-4.089505,43.413851],[-4.095534,43.407103],[-4.088781,43.405852],[-4.083034,43.401468],[-4.081715,43.398815],[-4.078019,43.396509],[-4.06604,43.395747],[-4.063085,43.394847],[-4.051713,43.386308],[-4.04637,43.382872],[-4.044113,43.383757],[-4.042163,43.388106],[-4.034779,43.388056],[-4.0298,43.391505],[-4.027764,43.394504],[-4.028205,43.397237],[-4.024744,43.399204],[-4.018215,43.401271],[-4.014891,43.405982],[-4.029707,43.412279],[-4.032692,43.412739],[-4.034032,43.415284],[-4.031364,43.41818],[-4.025557,43.421798],[-4.026151,43.425512],[-4.030618,43.427381],[-4.033368,43.429265],[-4.035399,43.43569]]]}},
{"type":"Feature","id":"ESP:ADM3:ES-CB.los-tojos","properties":{"shapeName":"Los Tojos","shapeISO":"","shapeGroup":"ESP","shapeType":"ADM3","adm1ISO":"ES-CB","parentISO":"ES-CB","parentID":"ESP:ADM1:ES-CB","src_shape_id":"28895703B68193560633495"},"geometry":{"type":"Polygon","coordinates":[[[-4.186847,43.191766],[-4.193418,43.191077],[-4.199308,43.186387],[-4.202647,43.182245],[-4.203557,43.179688],[-4.206652,43.179385],[-4.209766,43.180703],[-4.214415,43.17996],[-4.21896,43.180173],[-4.22534,43.181708],[-4.228158,43.17623],[-4.236266,43.173126],[-4.238923,43.171287],[-4.248295,43.1754],[-4.253146,43.175563],[-4.263804,43.176887],[-4.268458,43.178231],[-4.272978,43.17782],[-4.276997,43.178199],[-4.280607,43.180788],[-4.28621,43.172198],[-4.288837,43.169008],[-4.294283,43.168847],[-4.301067,43.166753],[-4.30353,43.159386],[-4.305992,43.15599],[-4.309812,43.152858],[-4.311636,43.149019],[-4.312206,43.145771],[-4.308502,43.145651],[-4.305689,43.141757],[-4.301806,43.138407],[-4.299455,43.132481],[-4.297401,43.129551],[-4.298242,43.128029],[-4.297927,43.124763],[-4.296259,43.122621],[-4.29128,43.126099],[-4.28585,43.12689],[-4.279691,43.131047],[-4.264422,43.131667],[-4.26097,43.132389],[-4.256051,43.129337],[-4.255544,43.127397],[-4.250971,43.123179],[-4.249388,43.120324],[-4.245146,43.116002],[-4.240355,43.114352],[-4.239965,43.112682],[-4.23251,43.108035],[-4.232252,43.103157],[-4.229623,43.101348],[-4.228113,43.098942],[-4.212608,43.100341],[-4.211373,43.100066],[-4.20287,43.09441],[-4.183323,43.095838],[-4.163304,43.100897],[-4.143734,43.109793],[-4.134364,43.114217],[-4.131165,43.116389],[-4.12998,43.116494],[-4.128296,43.1205],[-4.125069,43.122054],[-4.127318,43.122076],[-4.140487,43.12824],[-4.145968,43.130094],[-4.153216,43.131732],[-4.158248,43.134545],[-4.161163,43.13782],[-4.161836,43.140245],[-4.167575,43.142681],[-4.161979,43.151734],[-4.163514,43.158093],[-4.161673,43.160913],[-4.163933,43.163951],[-4.169706,43.166738],[-4.175592,43.170262],[-4.177868,43.175344],[-4.180001,43.176889],[-4.182743,43.180634],[-4.182411,43.184437],[-4.186195,43.188603],[-4.186847,43.191766]]]}},
{"type":"Feature","id":"ESP:ADM3:ES-CB.torrelavega","properties":{"shapeName":"Torrelavega","shapeISO":"","shapeGroup":"ESP","shapeType":"ADM3","adm1ISO":"ES-CB","parentISO":"ES-CB","parentID":"ESP:ADM1:ES-CB","src_shape_id":"28895703B81544602098081"},"geometry":{"type":"Polygon","coordinates":[[[-4.074353,43.299851],[-4.063389,43.301894],[-4.023573,43.304473],[-4.019218,43.304926],[-4.013423,43.3039],[-4.006482,43.311682],[-4.003869,43.315097],[-4.002185,43.320623],[-4.005731,43.330994],[-4.013606,43.332745],[-4.013261,43.336029],[-4.011395,43.343494],[-4.009402,43.349569],[-4.008188,43.355515],[-4.012924,43.357675],[-4.017183,43.357614],[-4.023636,43.356604],[-4.028605,43.359323],[-4.030584,43.368151],[-4.036803,43.376951],[-4.044031,43.382334],[-4.048011,43.37479],[-4.050087,43.373011],[-4.049869,43.367941],[-4.047562,43.362258],[-4.052104,43.363075],[-4.05551,43.36556],[-4.058306,43.369029],[-4.062059,43.367847],[-4.066903,43.368413],[-4.069909,43.364374],[-4.078083,43.362387],[-4.076563,43.35995],[-4.080513,43.351976],[-4.081854,43.34692],[-4.080081,43.342966],[-4.074468,43.343188],[-4.068778,43.34503],[-4.063066,43.33864],[-4.062369,43.335797],[-4.059411,43.333028],[-4.060175,43.328722],[-4.064464,43.328318],[-4.064926,43.325642],[-4.067414,43.323424],[-4.065382,43.318112],[-4.068435,43.314636],[-4.068149,43.313323],[-4.073782,43.30362],[-4.074353,43.299851]]]}},
{"type":"Feature","id":"ESP:ADM3:ES-CB.tresviso","properties":{"shapeName":"Tresviso","shapeISO":"","shapeGroup":"ESP","shapeType":"ADM3","adm1ISO":"ES-CB","parentISO":"ES-CB","parentID":"ESP:ADM1:ES-CB","src_shape_id":"28895703B61034154316341"},"geometry":{"type":"Polygon","coordinates":[[[-4.722601,43.240576],[-4.719881,43.238953],[-4.7159,43.239265],[-4.715496,43.237164],[-4.71829,43.232728],[-4.717142,43.23089],[-4.710871,43.228157],[-4.705848,43.229069],[-4.704909,43.232919],[-4.70076,43.233846],[-4.697594,43.237359],[-4.692159,43.24793],[-4.69096,43.249092],[-4.68457,43.248348],[-4.680269,43.249168],[-4.67359,43.246826],[-4.669318,43.246006],[-4.665701,43.246626],[-4.659766,43.24944],[-4.652517,43.256056],[-4.643205,43.257045],[-4.640057,43.259531],[-4.637351,43.26156],[-4.637597,43.264293],[-4.631883,43.267653],[-4.65025,43.268821],[-4.653744,43.265871],[-4.659167,43.26455],[-4.669375,43.265212],[-4.673608,43.267284],[-4.677721,43.268061],[-4.683007,43.267623],[-4.686172,43.265334],[-4.689876,43.266477],[-4.693392,43.263949],[-4.695828,43.265606],[-4.70011,43.264966],[-4.704888,43.265291],[-4.706041,43.266868],[-4.709867,43.262245],[-4.711618,43.260967],[-4.719143,43.259576],[-4.723509,43.257115],[-4.728803,43.25609],[-4.730945,43.257336],[-4.730805,43.252403],[-4.728536,43.247971],[-4.725347,43.244958],[-4.722601,43.240576]]]}},
{"type":"Feature","id":"ESP:ADM3:ES-CB.tudanca","properties":{"shapeName":"Tudanca","shapeISO":"","shapeGroup":"ESP","shapeType":"ADM3","adm1ISO":"ES-CB","parentISO":"ES-CB","parentID":"ESP:ADM1:ES-CB","src_shape_id":"28895703B72395386290528"},"geometry":{"type":"Polygon","coordinates":[[[-4.338251,43.213834],[-4.347697,43.208977],[-4.356556,43.204857],[-4.355853,43.202028],[-4.364262,43.201577],[-4.370844,43.197573],[-4.377102,43.196732],[-4.377115,43.190744],[-4.379081,43.185705],[-4.38418,43.181024],[-4.386961,43.181548],[-4.392435,43.180969],[-4.393612,43.174813],[-4.397965,43.170933],[-4.398267,43.165842],[-4.397596,43.163941],[-4.400062,43.161506],[-4.402255,43.16166],[-4.407832,43.155972],[-4.411077,43.154275],[-4.412262,43.152316],[-4.412131,43.143412],[-4.404174,43.141222],[-4.404072,43.13999],[-4.399834,43.138583],[-4.393789,43.133371],[-4.393261,43.131774],[-4.388253,43.132655],[-4.383669,43.125119],[-4.379323,43.121002],[-4.376972,43.116501],[-4.372065,43.111941],[-4.36747,43.113697],[-4.358324,43.109754],[-4.357954,43.105805],[-4.34545,43.09205],[-4.339853,43.097968],[-4.333961,43.099946],[-4.327404,43.103615],[-4.329905,43.110151],[-4.327802,43.115218],[-4.328833,43.116827],[-4.327681,43.119272],[-4.327792,43.12325],[-4.326146,43.126178],[-4.326762,43.129079],[-4.3311,43.130128],[-4.334788,43.133471],[-4.336455,43.139475],[-4.33792,43.142916],[-4.337532,43.146559],[-4.33796,43.150957],[-4.335027,43.153503],[-4.335176,43.155825],[-4.334048,43.159404],[-4.336225,43.160513],[-4.336344,43.164276],[-4.337966,43.167598],[-4.335406,43.173183],[-4.329797,43.177202],[-4.33199,43.180724],[-4.332915,43.183676],[-4.330449,43.189117],[-4.331184,43.193475],[-4.332861,43.198147],[-4.331352,43.20119],[-4.333829,43.205862],[-4.334313,43.208846],[-4.336281,43.21048],[-4.338251,43.213834]]]}},
{"type":"Feature","id":"ESP:ADM3:ES-CB.udias","properties":{"shapeName":"Udías","shapeISO":"","shapeGroup":"ESP","shapeType":"ADM3","adm1ISO":"ES-CB","parentISO":"ES-CB","parentID":"ESP:ADM1:ES-CB","src_shape_id":"28895703B38831968523542"},"geometry":{"type":"Polygon","coordinates":[[[-4.254134,43.355302],[-4.256662,43.35523],[-4.265583,43.352178],[-4.26807,43.353096],[-4.273579,43.352224],[-4.276206,43.35097],[-4.272871,43.344893],[-4.286015,43.342144],[-4.290106,43.339568],[-4.293493,43.341061],[-4.298067,43.339748],[-4.297537,43.338043],[-4.293335,43.336542],[-4.294967,43.333795],[-4.286979,43.331706],[-4.28766,43.326584],[-4.284983,43.325372],[-4.282151,43.322693],[-4.269382,43.319521],[-4.267084,43.321699],[-4.262892,43.322349],[-4.258194,43.321806],[-4.253766,43.318811],[-4.250924,43.317924],[-4.24117,43.319209],[-4.236359,43.320972],[-4.22671,43.32195],[-4.22387,43.323619],[-4.224127,43.327236],[-4.220173,43.329979],[-4.222652,43.337958],[-4.219688,43.342087],[-4.219779,43.343562],[-4.217097,43.3464],[-4.216773,43.348736],[-4.218343,43.3526],[-4.225652,43.35399],[-4.232481,43.356078],[-4.235164,43.358174],[-4.239886,43.357943],[-4.243138,43.356467],[-4.254134,43.355302]]]}},
{"type":"Feature","id":"ESP:ADM3:ES-CB.valdaliga","properties":{"shapeName":"Valdáliga","shapeISO":"","shapeGroup":"ESP","shapeType":"ADM3","adm1ISO":"ES-CB","parentISO":"ES-CB","parentID":"ESP:ADM1:ES-CB","src_shape_id":"28895703B47013682832897"},"geometry":{"type":"Polygon","coordinates":[[[-4.269382,43.319521],[-4.282151,43.322693],[-4.284983,43.325372],[-4.28766,43.326584],[-4.286979,43.331706],[-4.294967,43.333795],[-4.293335,43.336542],[-4.297537,43.338043],[-4.298067,43.339748],[-4.302335,43.342068],[-4.304339,43.342288],[-4.307521,43.344566],[-4.30939,43.349407],[-4.317927,43.354514],[-4.319832,43.358139],[-4.31875,43.361744],[-4.316935,43.363422],[-4.317936,43.365175],[-4.316749,43.36735],[-4.312073,43.368043],[-4.308936,43.369645],[-4.309272,43.371505],[-4.31173,43.37389],[-4.315827,43.374969],[-4.318053,43.380274],[-4.317236,43.384173],[-4.319802,43.384639],[-4.319082,43.389023],[-4.322593,43.390928],[-4.32802,43.391252],[-4.332469,43.393109],[-4.334378,43.391307],[-4.336006,43.38323],[-4.345837,43.380612],[-4.346252,43.378176],[-4.349826,43.376225],[-4.349925,43.374044],[-4.346009,43.374469],[-4.343996,43.370486],[-4.342342,43.365454],[-4.348975,43.364632],[-4.34984,43.367436],[-4.354854,43.366999],[-4.355154,43.366077],[-4.372025,43.367636],[-4.376302,43.367436],[-4.378965,43.366188],[-4.377945,43.361482],[-4.381736,43.358348],[-4.383714,43.357928],[-4.38547,43.353783],[-4.38445,43.350707],[-4.380416,43.349099],[-4.380635,43.347853],[-4.384216,43.346387],[-4.384672,43.343077],[-4.382454,43.341051],[-4.381769,43.336935],[-4.383127,43.334254],[-4.38829,43.33402],[-4.393532,43.332371],[-4.39935,43.33167],[-4.4023,43.333903],[-4.408955,43.333623],[-4.414007,43.330733],[-4.415988,43.330769],[-4.414883,43.322454],[-4.423375,43.321009],[-4.418525,43.313863],[-4.421511,43.30121],[-4.411219,43.300788],[-4.401314,43.296273],[-4.39187,43.293002],[-4.38975,43.290309],[-4.391769,43.284242],[-4.391128,43.277731],[-4.387022,43.273854],[-4.383334,43.27208],[-4.382397,43.270426],[-4.375475,43.268402],[-4.36939,43.269051],[-4.367691,43.270206],[-4.364987,43.272733],[-4.355316,43.271731],[-4.348122,43.272428],[-4.346352,43.272044],[-4.337161,43.273268],[-4.333342,43.274465],[-4.323744,43.272298],[-4.319178,43.273107],[-4.30235,43.272814],[-4.293179,43.273278],[-4.288573,43.274005],[-4.27962,43.274304],[-4.274187,43.275004],[-4.274349,43.282746],[-4.27843,43.284006],[-4.28415,43.286967],[-4.284316,43.290162],[-4.282675,43.291261],[-4.283463,43.29417],[-4.276656,43.297028],[-4.275449,43.30059],[-4.278354,43.303925],[-4.277326,43.306043],[-4.277844,43.308991],[-4.2723,43.312195],[-4.272275,43.313375],[-4.269382,43.319521]]]}},
{"type":"Feature","id":"ESP:ADM3:ES-CB.valdeolea","properties":{"shapeName":"Valdeolea","shapeISO":"","shapeGroup":"ESP","shapeType":"ADM3","adm1ISO":"ES-CB","parentISO":"ES-CB","parentID":"ESP:ADM1:ES-CB","src_shape_id":"28895703B4643190704840"},"geometry":{"type":"Polygon","coordinates":[[[-4.185144,42.950291],[-4.19625,42.950932],[-4.203724,42.951988],[-4.209032,42.953211],[-4.216719,42.956335],[-4.220578,42.956853],[-4.224558,42.958476],[-4.230379,42.959566],[-4.234789,42.959375],[-4.238489,42.954373],[-4.237829,42.952597],[-4.239049,42.943759],[-4.239172,42.931511],[-4.238328,42.926072],[-4.238681,42.923511],[-4.236414,42.916763],[-4.230985,42.913625],[-4.222565,42.910978],[-4.224755,42.90647],[-4.227642,42.905637],[-4.230816,42.90328],[-4.229664,42.900168],[-4.230612,42.89669],[-4.226701,42.888439],[-4.224274,42.8809],[-4.223485,42.875037],[-4.222845,42.865588],[-4.223445,42.862457],[-4.2257,42.858884],[-4.224679,42.85677],[-4.219497,42.850945],[-4.214234,42.847173],[-4.208986,42.844779],[-4.207297,42.845418],[-4.199342,42.844754],[-4.196485,42.848251],[-4.191479,42.852059],[-4.185601,42.854443],[-4.184017,42.856738],[-4.181202,42.858694],[-4.177541,42.859254],[-4.172011,42.85814],[-4.167619,42.859545],[-4.160839,42.864837],[-4.149901,42.871134],[-4.140009,42.881796],[-4.136811,42.886366],[-4.133318,42.888877],[-4.128476,42.89331],[-4.125623,42.897391],[-4.117959,42.906426],[-4.117294,42.909611],[-4.119725,42.918728],[-4.126143,42.917944],[-4.131597,42.920727],[-4.138045,42.922239],[-4.128856,42.934343],[-4.129374,42.937886],[-4.138244,42.945029],[-4.144022,42.947304],[-4.148622,42.947456],[-4.158642,42.943817],[-4.164729,42.946141],[-4.176223,42.949176],[-4.185144,42.950291]]]}},
{"type":"Feature","id":"ESP:ADM3:ES-CB.valdeprado-del-rio","properties":{"shapeName":"Valdeprado del Río","shapeISO":"","shapeGroup":"ESP","shapeType":"ADM3","adm1ISO":"ES-CB","parentISO":"ES-CB","parentID":"ESP:ADM1:ES-CB","src_shape_id":"28895703B74662561219768"},"geometry":{"type":"Polygon","coordinates":[[[-4.119725,42.918728],[-4.117294,42.909611],[-4.117959,42.906426],[-4.125623,42.897391],[-4.128476,42.89331],[-4.133318,42.888877],[-4.136811,42.886366],[-4.140009,42.881796],[-4.149901,42.871134],[-4.14426,42.868615],[-4.148994,42.865758],[-4.145256,42.86222],[-4.141222,42.861882],[-4.139094,42.859309],[-4.12612,42.856637],[-4.125502,42.854293],[-4.127778,42.852901],[-4.128477,42.846267],[-4.118202,42.845188],[-4.120225,42.84877],[-4.11906,42.851375],[-4.115849,42.853171],[-4.11793,42.855213],[-4.121209,42.856514],[-4.122252,42.858665],[-4.118755,42.861608],[-4.112879,42.862944],[-4.108875,42.860857],[-4.104976,42.859796],[-4.10199,42.85987],[-4.098237,42.856673],[-4.097098,42.853874],[-4.09023,42.85095],[-4.088202,42.848376],[-4.076818,42.849672],[-4.072401,42.850479],[-4.063084,42.849548],[-4.05367,42.849437],[-4.049148,42.850532],[-4.046019,42.852217],[-4.043958,42.859954],[-4.041763,42.861189],[-4.03835,42.859113],[-4.034477,42.859517],[-4.026409,42.863876],[-4.025762,42.867737],[-4.030114,42.868085],[-4.031614,42.872133],[-4.030841,42.874274],[-4.031252,42.877638],[-4.030584,42.880904],[-4.031998,42.883422],[-4.032309,42.887426],[-4.031406,42.889065],[-4.027774,42.889403],[-4.024004,42.891733],[-4.02201,42.891886],[-4.017297,42.890514],[-4.01567,42.892888],[-4.008431,42.891313],[-3.998032,42.894259],[-3.994491,42.894208],[-3.992124,42.895535],[-3.988047,42.896371],[-3.985524,42.899482],[-3.983357,42.900293],[-3.978214,42.898059],[-3.974213,42.906116],[-3.970981,42.909359],[-3.972855,42.911693],[-3.977578,42.918317],[-3.987794,42.925838],[-3.990888,42.930837],[-3.989574,42.933721],[-4.005647,42.931816],[-4.009292,42.935152],[-4.015736,42.932015],[-4.018979,42.92878],[-4.022081,42.927393],[-4.025278,42.924312],[-4.028973,42.924729],[-4.031746,42.928612],[-4.034567,42.930244],[-4.036435,42.932766],[-4.040054,42.935912],[-4.044669,42.935609],[-4.049145,42.938639],[-4.054349,42.937637],[-4.057312,42.946065],[-4.06218,42.945435],[-4.068622,42.947959],[-4.073618,42.94767],[-4.076374,42.94822],[-4.07971,42.937122],[-4.089442,42.926007],[-4.0941,42.923306],[-4.104051,42.922004],[-4.105291,42.920786],[-4.113206,42.920727],[-4.116716,42.919],[-4.119725,42.918728]]]}},
{"type":"Feature","id":"ESP:ADM3:ES-CB.valderredible","properties":{"shapeName":"Valderredible","shapeISO":"","shapeGroup":"ESP","shapeType":"ADM3","adm1ISO":"ES-CB","parentISO":"ES-CB","parentID":"ESP:ADM1:ES-CB","src_shape_id":"28895703B49460965038302"},"geometry":{"type":"Polygon","coordinates":[[[-4.128477,42.846267],[-4.137028,42.839428],[-4.137372,42.833481],[-4.140962,42.830392],[-4.145572,42.82896],[-4.150548,42.831386],[-4.150974,42.83457],[-4.156613,42.837791],[-4.161818,42.836082],[-4.163261,42.834068],[-4.163211,42.830106],[-4.165451,42.82821],[-4.178566,42.826247],[-4.183214,42.821733],[-4.185429,42.817297],[-4.183866,42.814828],[-4.182704,42.810346],[-4.178825,42.810881],[-4.173656,42.808575],[-4.167958,42.803428],[-4.164281,42.801052],[-4.160359,42.796652],[-4.155773,42.795329],[-4.149915,42.789309],[-4.146671,42.789765],[-4.144401,42.79131],[-4.140431,42.79152],[-4.13751,42.790279],[-4.128412,42.792234],[-4.122671,42.794595],[-4.112937,42.794546],[-4.10517,42.793027],[-4.098486,42.791182],[-4.098313,42.786267],[-4.099714,42.784596],[-4.095896,42.780211],[-4.094075,42.773321],[-4.090789,42.772065],[-4.085364,42.772179],[-4.083042,42.76868],[-4.08134,42.761464],[-4.07173,42.760537],[-4.060275,42.762435],[-4.054688,42.763027],[-4.045912,42.766611],[-4.049697,42.772935],[-4.048813,42.77342],[-4.050217,42.779801],[-4.043754,42.788794],[-4.037833,42.790802],[-4.033569,42.786608],[-4.029869,42.788343],[-4.028349,42.790329],[-4.03179,42.793594],[-4.032713,42.796873],[-4.03292,42.801257],[-4.028241,42.803001],[-4.023979,42.806344],[-4.017907,42.807479],[-4.014183,42.806377],[-4.02078,42.81935],[-4.012918,42.828587],[-4.011038,42.830378],[-4.003555,42.831407],[-4.002299,42.830914],[-4.000591,42.826669],[-3.999633,42.819554],[-3.999983,42.813923],[-4.00087,42.8098],[-3.997059,42.803232],[-3.996412,42.797195],[-3.996653,42.790835],[-3.997558,42.787819],[-3.995943,42.786221],[-3.999652,42.768979],[-3.994561,42.768609],[-3.990663,42.770984],[-3.987943,42.770594],[-3.983765,42.768414],[-3.981588,42.768307],[-3.980349,42.761806],[-3.978885,42.758081],[-3.965694,42.758599],[-3.956547,42.762215],[-3.95248,42.761573],[-3.946582,42.76191],[-3.948794,42.767503],[-3.944021,42.770343],[-3.938906,42.770799],[-3.930589,42.774487],[-3.926477,42.770126],[-3.918767,42.768675],[-3.910953,42.768386],[-3.909665,42.77144],[-3.908712,42.779859],[-3.909665,42.786443],[-3.907804,42.787944],[-3.901467,42.788588],[-3.899591,42.790764],[-3.897386,42.799787],[-3.894446,42.804538],[-3.891335,42.801671],[-3.883982,42.79718],[-3.876639,42.794175],[-3.868673,42.788535],[-3.864612,42.786611],[-3.85921,42.786778],[-3.854244,42.787562],[-3.844175,42.792455],[-3.832735,42.796528],[-3.829047,42.798725],[-3.823277,42.798856],[-3.821669,42.800291],[-3.820717,42.805971],[-3.816032,42.810561],[-3.816232,42.819286],[-3.817668,42.821527],[-3.817365,42.823583],[-3.819673,42.827844],[-3.816694,42.830251],[-3.816512,42.835926],[-3.823095,42.841462],[-3.833776,42.852174],[-3.834129,42.85571],[-3.830661,42.859968],[-3.825353,42.868633],[-3.826742,42.870857],[-3.832331,42.874959],[-3.836791,42.87878],[-3.847689,42.882384],[-3.85183,42.88347],[-3.854231,42.885316],[-3.860724,42.887249],[-3.863736,42.88981],[-3.868054,42.885978],[-3.869515,42.88186],[-3.874049,42.875117],[-3.870977,42.874339],[-3.873575,42.870185],[-3.873976,42.86559],[-3.873448,42.862037],[-3.868501,42.856698],[-3.873724,42.852903],[-3.879821,42.851326],[-3.886528,42.85475],[-3.887794,42.85683],[-3.893256,42.857021],[-3.89644,42.856303],[-3.899652,42.860006],[-3.914126,42.85955],[-3.915786,42.862508],[-3.914749,42.866055],[-3.912796,42.868097],[-3.908535,42.868923],[-3.903546,42.871863],[-3.900942,42.874675],[-3.897626,42.879879],[-3.898106,42.881757],[-3.902512,42.884919],[-3.914419,42.886869],[-3.92032,42.888443],[-3.92028,42.890659],[-3.916512,42.889257],[-3.91033,42.891963],[-3.909256,42.889702],[-3.902776,42.886268],[-3.892934,42.887363],[-3.894607,42.893851],[-3.899141,42.904136],[-3.907043,42.907559],[-3.910584,42.910926],[-3.907099,42.913078],[-3.903504,42.911018],[-3.899703,42.907418],[-3.891368,42.90281],[-3.88455,42.90316],[-3.883267,42.904286],[-3.879024,42.901302],[-3.871919,42.899591],[-3.866379,42.899327],[-3.85898,42.903678],[-3.860352,42.904559],[-3.857417,42.907562],[-3.8559,42.913958],[-3.854243,42.917284],[-3.852085,42.918948],[-3.847227,42.919371],[-3.843983,42.916946],[-3.838313,42.916231],[-3.833546,42.917986],[-3.831148,42.920966],[-3.829927,42.927693],[-3.830883,42.929532],[-3.834722,42.931629],[-3.837343,42.934231],[-3.839539,42.93978],[-3.845576,42.943004],[-3.848439,42.945261],[-3.854234,42.948577],[-3.857709,42.949911],[-3.867095,42.954829],[-3.870136,42.9497],[-3.877722,42.947788],[-3.887383,42.948767],[-3.886862,42.942314],[-3.888022,42.936893],[-3.889688,42.935142],[-3.888828,42.929863],[-3.890613,42.928714],[-3.891277,42.925485],[-3.898395,42.924511],[-3.907503,42.924719],[-3.91149,42.923391],[-3.911999,42.921342],[-3.916069,42.91896],[-3.91821,42.916295],[-3.92342,42.915668],[-3.92404,42.912079],[-3.926352,42.904433],[-3.928662,42.904099],[-3.933543,42.899602],[-3.935342,42.900325],[-3.937603,42.90481],[-3.936367,42.908161],[-3.929987,42.914849],[-3.934531,42.913128],[-3.937789,42.910643],[-3.943416,42.909282],[-3.945782,42.909407],[-3.953958,42.911294],[-3.969703,42.911441],[-3.972855,42.911693],[-3.970981,42.909359],[-3.974213,42.906116],[-3.978214,42.898059],[-3.983357,42.900293],[-3.985524,42.899482],[-3.988047,42.896371],[-3.992124,42.895535],[-3.994491,42.894208],[-3.998032,42.894259],[-4.008431,42.891313],[-4.01567,42.892888],[-4.017297,42.890514],[-4.02201,42.891886],[-4.024004,42.891733],[-4.027774,42.889403],[-4.031406,42.889065],[-4.032309,42.887426],[-4.031998,42.883422],[-4.030584,42.880904],[-4.031252,42.877638],[-4.030841,42.874274],[-4.031614,42.872133],[-4.030114,42.868085],[-4.025762,42.867737],[-4.026409,42.863876],[-4.034477,42.859517],[-4.03835,42.859113],[-4.041763,42.861189],[-4.043958,42.859954],[-4.046019,42.852217],[-4.049148,42.850532],[-4.05367,42.849437],[-4.063084,42.849548],[-4.072401,42.850479],[-4.076818,42.849672],[-4.088202,42.848376],[-4.09023,42.85095],[-4.097098,42.853874],[-4.098237,42.856673],[-4.10199,42.85987],[-4.104976,42.859796],[-4.108875,42.860857],[-4.112879,42.862944],[-4.118755,42.861608],[-4.122252,42.858665],[-4.121209,42.856514],[-4.11793,42.855213],[-4.115849,42.853171],[-4.11906,42.851375],[-4.120225,42.84877],[-4.118202,42.845188],[-4.128477,42.846267]],[[-4.168587,42.811535],[-4.174558,42.811618],[-4.182344,42.820346],[-4.179249,42.822908],[-4.17642,42.823388],[-4.163076,42.820948],[-4.160733,42.817973],[-4.159885,42.815154],[-4.161095,42.813115],[-4.168587,42.811535]],[[-4.101042,42.793968],[-4.104376,42.797196],[-4.10892,42.803078],[-4.105316,42.808786],[-4.108785,42.813318],[-4.113077,42.81669],[-4.111742,42.81863],[-4.112444,42.822316],[-4.107036,42.827762],[-4.102011,42.825163],[-4.094055,42.822853],[-4.088522,42.818492],[-4.089043,42.809833],[-4.087709,42.805595],[-4.089064,42.799891],[-4.094631,42.796569],[-4.101042,42.793968]]]}},
{"type":"Feature","id":"ESP:ADM3:ES-CB.val-de-san-vicente","properties":{"shapeName":"Val de San Vicente","shapeISO":"","shapeGroup":"ESP","shapeType":"ADM3","adm1ISO":"ES-CB","parentISO":"ES-CB","parentID":"ESP:ADM1:ES-CB","src_shape_id":"28895703B59224480466918"},"geometry":{"type":"Polygon","coordinates":[[[-4.522483,43.335699],[-4.510947,43.335238],[-4.505781,43.338323],[-4.49909,43.338663],[-4.497849,43.336824],[-4.494535,43.335896],[-4.476661,43.333358],[-4.464513,43.33258],[-4.458895,43.331417],[-4.45396,43.334401],[-4.447274,43.33509],[-4.445849,43.33879],[-4.434258,43.342525],[-4.428578,43.349542],[-4.427747,43.354901],[-4.425074,43.360364],[-4.42188,43.363646],[-4.423159,43.371896],[-4.425861,43.372898],[-4.423437,43.376386],[-4.425136,43.377796],[-4.430868,43.378481],[-4.432828,43.379464],[-4.433058,43.383567],[-4.431892,43.385816],[-4.435606,43.389902],[-4.431373,43.391567],[-4.431427,43.393844],[-4.434377,43.395858],[-4.439466,43.39592],[-4.4435,43.39785],[-4.445922,43.395334],[-4.4477,43.396374],[-4.450068,43.39521],[-4.45364,43.39484],[-4.457875,43.393283],[-4.459382,43.391247],[-4.462752,43.392716],[-4.46935,43.391398],[-4.472935,43.390028],[-4.473631,43.394801],[-4.476413,43.395485],[-4.484385,43.393257],[-4.487407,43.393101],[-4.489465,43.395451],[-4.494812,43.397489],[-4.501239,43.395234],[-4.506074,43.394991],[-4.508922,43.393305],[-4.51228,43.393288],[-4.513078,43.389622],[-4.510594,43.380614],[-4.512974,43.37799],[-4.516384,43.376648],[-4.522548,43.369903],[-4.521229,43.367498],[-4.521871,43.366031],[-4.53202,43.368624],[-4.534731,43.367948],[-4.535386,43.365544],[-4.533895,43.362683],[-4.530998,43.360875],[-4.531027,43.358597],[-4.534104,43.358736],[-4.537812,43.357029],[-4.538593,43.355209],[-4.53411,43.353099],[-4.537447,43.346472],[-4.536789,43.344365],[-4.539457,43.34396],[-4.53663,43.342458],[-4.522999,43.338093],[-4.522483,43.335699]]]}},
{"type":"Feature","id":"ESP:ADM3:ES-CB.vega-de-liebana","properties":{"shapeName":"Vega de Liébana","shapeISO":"","shapeGroup":"ESP","shapeType":"ADM3","adm1ISO":"ES-CB","parentISO":"ES-CB","parentID":"ESP:ADM1:ES-CB","src_shape_id":"28895703B22735606742032"},"geometry":{"type":"Polygon","coordinates":[[[-4.608646,43.132381],[-4.618839,43.133317],[-4.619197,43.13478],[-4.622136,43.137566],[-4.626423,43.137883],[-4.627834,43.142393],[-4.631633,43.14052],[-4.634015,43.137622],[-4.642857,43.135361],[-4.644889,43.142356],[-4.647037,43.141307],[-4.657444,43.140085],[-4.661928,43.140354],[-4.662824,43.138936],[-4.670035,43.134193],[-4.67862,43.132942],[-4.689874,43.127274],[-4.692242,43.121737],[-4.694782,43.121601],[-4.699633,43.119647],[-4.700057,43.117641],[-4.707244,43.109547],[-4.708201,43.104607],[-4.71118,43.099943],[-4.72144,43.097718],[-4.723838,43.092522],[-4.732389,43.088593],[-4.736691,43.081261],[-4.745895,43.078771],[-4.748575,43.076227],[-4.757115,43.07461],[-4.766497,43.074547],[-4.766488,43.066514],[-4.76735,43.063187],[-4.766114,43.055633],[-4.756586,43.056113],[-4.752909,43.057223],[-4.74974,43.055867],[-4.743985,43.05645],[-4.738008,43.050048],[-4.734216,43.047071],[-4.735781,43.044229],[-4.738849,43.040707],[-4.739929,43.036791],[-4.742699,43.032292],[-4.743257,43.028159],[-4.73993,43.022906],[-4.737004,43.020987],[-4.731087,43.022247],[-4.728706,43.018744],[-4.722822,43.017239],[-4.719706,43.01725],[-4.713344,43.020596],[-4.710509,43.024133],[-4.707342,43.025441],[-4.699508,43.026656],[-4.695756,43.025901],[-4.690356,43.026377],[-4.68242,43.025675],[-4.675519,43.023291],[-4.673172,43.021371],[-4.666761,43.020735],[-4.658905,43.021155],[-4.651435,43.020849],[-4.640379,43.01719],[-4.638131,43.016673],[-4.634975,43.018897],[-4.632993,43.02142],[-4.629562,43.023972],[-4.619603,43.026554],[-4.61682,43.028556],[-4.612549,43.029976],[-4.606084,43.035767],[-4.602327,43.040917],[-4.599654,43.041531],[-4.595066,43.044998],[-4.593223,43.049202],[-4.591557,43.051243],[-4.589736,43.058724],[-4.589918,43.063386],[-4.590707,43.065392],[-4.589189,43.068448],[-4.592399,43.072879],[-4.592905,43.078662],[-4.592451,43.080586],[-4.596316,43.083261],[-4.596857,43.085144],[-4.599788,43.087778],[-4.601819,43.090775],[-4.600399,43.09428],[-4.601885,43.097537],[-4.601001,43.102754],[-4.601702,43.106067],[-4.60342,43.10833],[-4.605312,43.114427],[-4.602316,43.117819],[-4.60448,43.122543],[-4.604724,43.124854],[-4.607919,43.126655],[-4.608646,43.132381]]]}},
{"type":"Feature","id":"ESP:ADM3:ES-CB.vega-de-pas","properties":{"shapeName":"Vega de Pas","shapeISO":"","shapeGroup":"ESP","shapeType":"ADM3","adm1ISO":"ES-CB","parentISO":"ES-CB","parentID":"ESP:ADM1:ES-CB","src_shape_id":"28895703B18499463678916"},"geometry":{"type":"Polygon","coordinates":[[[-3.857235,43.168272],[-3.856768,43.166607],[-3.852321,43.163663],[-3.851877,43.161509],[-3.853252,43.157919],[-3.850873,43.154806],[-3.847099,43.156224],[-3.84183,43.159226],[-3.83216,43.159352],[-3.829226,43.160942],[-3.826088,43.156306],[-3.818392,43.149111],[-3.817305,43.14746],[-3.816357,43.142748],[-3.811947,43.13752],[-3.808487,43.130575],[-3.801859,43.131432],[-3.795537,43.12746],[-3.7891,43.119247],[-3.783255,43.112539],[-3.783159,43.109415],[-3.778365,43.104009],[-3.775305,43.103532],[-3.771727,43.101811],[-3.76272,43.09875],[-3.756044,43.098918],[-3.754882,43.100548],[-3.748193,43.102267],[-3.738463,43.102546],[-3.728289,43.104754],[-3.723194,43.107308],[-3.719249,43.10835],[-3.71641,43.112636],[-3.714275,43.113982],[-3.707122,43.11517],[-3.702927,43.118087],[-3.703886,43.123412],[-3.695863,43.126045],[-3.689173,43.132416],[-3.683781,43.136257],[-3.685611,43.137183],[-3.684205,43.142378],[-3.679969,43.14849],[-3.677063,43.150462],[-3.675797,43.1539],[-3.677086,43.154505],[-3.681248,43.158037],[-3.684406,43.157712],[-3.690319,43.158496],[-3.69342,43.159741],[-3.699417,43.160341],[-3.701697,43.165982],[-3.699933,43.167802],[-3.70079,43.170688],[-3.700103,43.174096],[-3.701569,43.176338],[-3.704056,43.176467],[-3.707766,43.179163],[-3.708472,43.18069],[-3.713704,43.182989],[-3.714457,43.184072],[-3.720483,43.183192],[-3.728014,43.181059],[-3.730746,43.179437],[-3.73595,43.1796],[-3.737668,43.177232],[-3.742535,43.175586],[-3.745284,43.176809],[-3.750316,43.177317],[-3.75312,43.176302],[-3.75661,43.17374],[-3.759474,43.174081],[-3.764095,43.177103],[-3.767274,43.177057],[-3.771833,43.174794],[-3.774149,43.175669],[-3.803641,43.176893],[-3.805759,43.177053],[-3.80943,43.175066],[-3.814831,43.175091],[-3.817341,43.176115],[-3.821816,43.176356],[-3.824323,43.179365],[-3.827838,43.181809],[-3.828356,43.183201],[-3.832766,43.186278],[-3.838468,43.187162],[-3.840532,43.192663],[-3.843978,43.193846],[-3.845806,43.195769],[-3.849027,43.195296],[-3.852832,43.195999],[-3.859135,43.198088],[-3.861262,43.19784],[-3.868905,43.198756],[-3.871776,43.197398],[-3.87456,43.195676],[-3.879139,43.18937],[-3.874498,43.184431],[-3.868428,43.181949],[-3.858873,43.179134],[-3.858711,43.173537],[-3.855987,43.170532],[-3.857235,43.168272]]]}},
{"type":"Feature","id":"ESP:ADM3:ES-CB.villacarriedo","properties":{"shapeName":"Villacarriedo","shapeISO":"","shapeGroup":"ESP","shapeType":"ADM3","adm1ISO":"ES-CB","parentISO":"ES-CB","parentID":"ESP:ADM1:ES-CB","src_shape_id":"28895703B34690114037807"},"geometry":{"type":"Polygon","coordinates":[[[-3.762785,43.243986],[-3.764435,43.244785],[-3.771151,43.245037],[-3.779835,43.248904],[-3.787246,43.250474],[-3.788117,43.252089],[-3.792622,43.250888],[-3.801739,43.253733],[-3.805754,43.256928],[-3.809784,43.257521],[-3.814815,43.255156],[-3.819792,43.255499],[-3.821488,43.252378],[-3.823952,43.251156],[-3.827647,43.251482],[-3.833255,43.253122],[-3.837039,43.252902],[-3.843132,43.251523],[-3.842633,43.24801],[-3.845304,43.24691],[-3.851516,43.245723],[-3.855074,43.244306],[-3.863018,43.244993],[-3.868555,43.244445],[-3.878095,43.239027],[-3.89352,43.233334],[-3.897053,43.231518],[-3.89522,43.227341],[-3.896408,43.226095],[-3.895505,43.22078],[-3.892732,43.218229],[-3.889937,43.21148],[-3.888982,43.21068],[-3.890426,43.207411],[-3.888907,43.206201],[-3.884977,43.206017],[-3.879345,43.202765],[-3.876363,43.199517],[-3.874447,43.195957],[-3.871776,43.197398],[-3.868905,43.198756],[-3.861262,43.19784],[-3.859135,43.198088],[-3.852832,43.195999],[-3.849027,43.195296],[-3.845806,43.195769],[-3.843978,43.193846],[-3.840532,43.192663],[-3.838468,43.187162],[-3.832766,43.186278],[-3.828356,43.183201],[-3.827838,43.181809],[-3.824323,43.179365],[-3.821816,43.176356],[-3.817341,43.176115],[-3.814831,43.175091],[-3.80943,43.175066],[-3.805759,43.177053],[-3.803641,43.176893],[-3.803214,43.193472],[-3.817462,43.203263],[-3.815461,43.211993],[-3.811115,43.212947],[-3.811445,43.220176],[-3.810111,43.22287],[-3.785023,43.224512],[-3.781821,43.226398],[-3.771029,43.234858],[-3.749562,43.231535],[-3.744587,43.22902],[-3.747318,43.231112],[-3.751801,43.232154],[-3.756643,43.234199],[-3.763031,43.238941],[-3.762785,43.243986]]]}},
{"type":"Feature","id":"ESP:ADM3:ES-CB.villaescusa","properties":{"shapeName":"Villaescusa","shapeISO":"","shapeGroup":"ESP","shapeType":"ADM3","adm1ISO":"ES-CB","parentISO":"ES-CB","parentID":"ESP:ADM1:ES-CB","src_shape_id":"28895703B99528047590467"},"geometry":{"type":"Polygon","coordinates":[[[-3.86107,43.390048],[-3.859894,43.387472],[-3.861257,43.381865],[-3.86869,43.377632],[-3.874287,43.374861],[-3.881539,43.373335],[-3.886688,43.368802],[-3.889488,43.36079],[-3.894812,43.356178],[-3.903074,43.349665],[-3.906124,43.34501],[-3.904237,43.341896],[-3.90432,43.338171],[-3.901098,43.336996],[-3.892499,43.336098],[-3.887607,43.333505],[-3.886314,43.331151],[-3.88149,43.329342],[-3.871107,43.329771],[-3.859555,43.333038],[-3.85525,43.335058],[-3.852289,43.345419],[-3.845523,43.34863],[-3.849664,43.355389],[-3.849418,43.359019],[-3.845333,43.358996],[-3.841771,43.360219],[-3.838908,43.363833],[-3.838464,43.367438],[-3.832071,43.368368],[-3.827574,43.369895],[-3.822029,43.369665],[-3.816522,43.371433],[-3.812949,43.37009],[-3.807606,43.370577],[-3.805283,43.379329],[-3.806874,43.384855],[-3.814858,43.392206],[-3.820011,43.393254],[-3.827889,43.39417],[-3.830785,43.393807],[-3.833366,43.39476],[-3.836798,43.393817],[-3.842772,43.389109],[-3.844466,43.390185],[-3.849961,43.385841],[-3.858158,43.388196],[-3.86107,43.390048]]]}},
{"type":"Feature","id":"ESP:ADM3:ES-CB.villafufre","properties":{"shapeName":"Villafufre","shapeISO":"","shapeGroup":"ESP","shapeType":"ADM3","adm1ISO":"ES-CB","parentISO":"ES-CB","parentID":"ESP:ADM1:ES-CB","src_shape_id":"28895703B47614377294894"},"geometry":{"type":"Polygon","coordinates":[[[-3.910733,43.288138],[-3.921743,43.28512],[-3.924342,43.283389],[-3.923257,43.279659],[-3.925187,43.27419],[-3.923947,43.265905],[-3.922131,43.26178],[-3.913038,43.252622],[-3.909625,43.248129],[-3.908852,43.244765],[-3.905577,43.235281],[-3.901471,43.234954],[-3.897053,43.231518],[-3.89352,43.233334],[-3.878095,43.239027],[-3.868555,43.244445],[-3.863018,43.244993],[-3.855074,43.244306],[-3.851516,43.245723],[-3.845304,43.24691],[-3.842633,43.24801],[-3.843132,43.251523],[-3.845724,43.253218],[-3.84563,43.257099],[-3.847236,43.259177],[-3.8465,43.262054],[-3.849063,43.265664],[-3.847745,43.271896],[-3.844512,43.272442],[-3.838663,43.278194],[-3.839923,43.281103],[-3.838486,43.28232],[-3.846308,43.283182],[-3.853401,43.280972],[-3.861125,43.282517],[-3.865571,43.284005],[-3.867577,43.286098],[-3.872359,43.285171],[-3.890888,43.285229],[-3.89307,43.286239],[-3.910733,43.288138]]]}},
{"type":"Feature","id":"ESP:ADM3:ES-CB.valle-de-villaverde","properties":{"shapeName":"Valle de Villaverde","shapeISO":"","shapeGroup":"ESP","shapeType":"ADM3","adm1ISO":"ES-CB","parentISO":"ES-CB","parentID":"ESP:ADM1:ES-CB","src_shape_id":"28895703B66743463512984"},"geometry":{"type":"Polygon","coordinates":[[[-3.249177,43.25965],[-3.251956,43.262117],[-3.261937,43.26441],[-3.264089,43.267118],[-3.270143,43.2666],[-3.277752,43.263296],[-3.279088,43.261901],[-3.290052,43.261773],[-3.304535,43.258256],[-3.303309,43.256637],[-3.305717,43.252704],[-3.303446,43.250436],[-3.297456,43.247108],[-3.29651,43.244288],[-3.293387,43.242646],[-3.293081,43.238231],[-3.296669,43.229739],[-3.296288,43.227913],[-3.297293,43.222175],[-3.295707,43.220307],[-3.292676,43.218962],[-3.294794,43.210189],[-3.297318,43.208395],[-3.296815,43.206019],[-3.287795,43.200591],[-3.286553,43.198033],[-3.284819,43.197173],[-3.282744,43.200105],[-3.279303,43.201008],[-3.275522,43.200914],[-3.26939,43.202812],[-3.265489,43.206466],[-3.27019,43.213328],[-3.269343,43.214152],[-3.271284,43.217346],[-3.27124,43.219174],[-3.266786,43.22329],[-3.268344,43.224805],[-3.270778,43.230039],[-3.269703,43.232716],[-3.265901,43.235333],[-3.257499,43.239659],[-3.254458,43.244333],[-3.252016,43.246119],[-3.250777,43.251447],[-3.25038,43.256885],[-3.249177,43.25965]]]}},
{"type":"Feature","id":"ESP:ADM3:ES-CB.voto","properties":{"shapeName":"Voto","shapeISO":"","shapeGroup":"ESP","shapeType":"ADM3","adm1ISO":"ES-CB","parentISO":"ES-CB","parentID":"ESP:ADM1:ES-CB","src_shape_id":"28895703B44795576225905"},"geometry":{"type":"Polygon","coordinates":[[[-3.429645,43.355804],[-3.430981,43.356181],[-3.427731,43.35999],[-3.427392,43.361782],[-3.43553,43.36411],[-3.437231,43.36893],[-3.43428,43.375722],[-3.435009,43.377493],[-3.444146,43.381303],[-3.449229,43.384093],[-3.455065,43.388634],[-3.459027,43.390185],[-3.463985,43.390646],[-3.465694,43.388457],[-3.467374,43.383704],[-3.466119,43.382692],[-3.465869,43.377371],[-3.471035,43.373397],[-3.475895,43.372918],[-3.478065,43.374206],[-3.477552,43.376468],[-3.480876,43.378498],[-3.480678,43.379967],[-3.485055,43.380812],[-3.485932,43.38396],[-3.492712,43.384201],[-3.497014,43.387965],[-3.500405,43.388994],[-3.503811,43.387296],[-3.509901,43.387638],[-3.514638,43.385707],[-3.517498,43.383767],[-3.518348,43.381353],[-3.525197,43.380694],[-3.530075,43.377501],[-3.539579,43.382829],[-3.546825,43.381328],[-3.551233,43.373628],[-3.556541,43.367528],[-3.557813,43.362336],[-3.562297,43.358797],[-3.57039,43.355137],[-3.571812,43.352552],[-3.574474,43.350158],[-3.574291,43.34371],[-3.570624,43.34177],[-3.571356,43.339533],[-3.571733,43.332499],[-3.568013,43.327799],[-3.567906,43.324279],[-3.563969,43.322596],[-3.56245,43.319695],[-3.554743,43.318491],[-3.553266,43.317444],[-3.553712,43.315002],[-3.555836,43.311517],[-3.546187,43.310125],[-3.533711,43.307651],[-3.522299,43.304629],[-3.506986,43.301299],[-3.498804,43.301659],[-3.49037,43.300684],[-3.486886,43.302555],[-3.48483,43.301961],[-3.479484,43.302037],[-3.477976,43.303106],[-3.473515,43.303688],[-3.472771,43.307549],[-3.475004,43.309331],[-3.473537,43.314182],[-3.470904,43.316516],[-3.468072,43.323498],[-3.464947,43.324573],[-3.462273,43.329761],[-3.460406,43.330786],[-3.454485,43.340778],[-3.451214,43.34224],[-3.446529,43.345933],[-3.448027,43.348304],[-3.447653,43.351151],[-3.443568,43.35448],[-3.4443,43.356196],[-3.432856,43.35384],[-3.429645,43.355804]]]}},
{"type":"Feature","id":"ESP:ADM3:ES-CB.comunidad-de-campoo-y-cabuerniga","properties":{"shapeName":"Comunidad de Campoo y Cabuérniga","shapeISO":"","shapeGroup":"ESP","shapeType":"ADM3","adm1ISO":"ES-CB","parentISO":"ES-CB","parentID":"ESP:ADM1:ES-CB","src_shape_id":"28895703B53138138820441"},"geometry":{"type":"Polygon","coordinates":[[[-4.336455,43.139475],[-4.334788,43.133471],[-4.3311,43.130128],[-4.326762,43.129079],[-4.326146,43.126178],[-4.327792,43.12325],[-4.327681,43.119272],[-4.328833,43.116827],[-4.327802,43.115218],[-4.329905,43.110151],[-4.327404,43.103615],[-4.333961,43.099946],[-4.339853,43.097968],[-4.34545,43.09205],[-4.353581,43.086371],[-4.352161,43.080426],[-4.350681,43.077931],[-4.353133,43.070473],[-4.354049,43.064105],[-4.353194,43.050878],[-4.349335,43.052986],[-4.345651,43.051291],[-4.339815,43.052224],[-4.337367,43.053702],[-4.331494,43.050142],[-4.32821,43.04873],[-4.323294,43.047968],[-4.315412,43.050283],[-4.309094,43.049374],[-4.298909,43.046743],[-4.295956,43.046452],[-4.290372,43.047722],[-4.291396,43.049142],[-4.291577,43.053076],[-4.289459,43.057503],[-4.288683,43.064427],[-4.287159,43.070847],[-4.285772,43.073825],[-4.279742,43.075622],[-4.276449,43.075595],[-4.268847,43.074455],[-4.263748,43.076195],[-4.256414,43.074376],[-4.248701,43.073182],[-4.244225,43.071709],[-4.239484,43.066861],[-4.233433,43.064594],[-4.23346,43.067782],[-4.235448,43.068319],[-4.236163,43.072741],[-4.235372,43.074344],[-4.236649,43.077959],[-4.23327,43.080373],[-4.231885,43.084206],[-4.234322,43.086872],[-4.233302,43.089314],[-4.227933,43.090587],[-4.22866,43.09682],[-4.228113,43.098942],[-4.229623,43.101348],[-4.232252,43.103157],[-4.23251,43.108035],[-4.239965,43.112682],[-4.240355,43.114352],[-4.245146,43.116002],[-4.249388,43.120324],[-4.250971,43.123179],[-4.255544,43.127397],[-4.256051,43.129337],[-4.26097,43.132389],[-4.264422,43.131667],[-4.279691,43.131047],[-4.28585,43.12689],[-4.29128,43.126099],[-4.296259,43.122621],[-4.297927,43.124763],[-4.298242,43.128029],[-4.297401,43.129551],[-4.299455,43.132481],[-4.301806,43.138407],[-4.305689,43.141757],[-4.308502,43.145651],[-4.312206,43.145771],[-4.32005,43.143952],[-4.322548,43.142329],[-4.326668,43.141228],[-4.331675,43.139045],[-4.336455,43.139475]]]}}
]}