{"type":"FeatureCollection","bbox":[-4.579076,39.88472,-3.052983,41.165845],"features":[
{"type":"Feature","id":"ESP:ADM3:ES-MD.la-acebeda","properties":{"shapeName":"La Acebeda","shapeISO":"","shapeGroup":"ESP","shapeType":"ADM3","adm1ISO":"ES-MD","parentISO":"ES-MD","parentID":"ESP:ADM1:ES-MD","src_shape_id":"28895703B58705494967318"},"geometry":{"type":"Polygon","coordinates":[[[-3.676065,41.086696],[-3.674566,41.085037],[-3.667321,41.081366],[-3.656721,41.077671],[-3.652757,41.075432],[-3.648217,41.074106],[-3.643187,41.073906],[-3.634319,41.070533],[-3.628132,41.068857],[-3.625484,41.070856],[-3.616074,41.069865],[-3.613957,41.072392],[-3.61421,41.074912],[-3.617762,41.07853],[-3.613962,41.079899],[-3.611088,41.079275],[-3.609068,41.076359],[-3.604821,41.077616],[-3.606559,41.08449],[-3.606509,41.088651],[-3.604459,41.090869],[-3.600826,41.091946],[-3.601118,41.095104],[-3.599775,41.096137],[-3.602302,41.097121],[-3.604987,41.100258],[-3.611079,41.102291],[-3.615466,41.106928],[-3.6158,41.109147],[-3.624655,41.11598],[-3.629879,41.11844],[-3.632429,41.120795],[-3.641655,41.120101],[-3.64502,41.121291],[-3.64637,41.120022],[-3.646743,41.117054],[-3.648738,41.114763],[-3.65069,41.110572],[-3.651058,41.107763],[-3.655708,41.104675],[-3.663822,41.097811],[-3.672172,41.092001],[-3.676065,41.086696]]]}},
{"type":"Feature","id":"ESP:ADM3:ES-MD.ajalvir","properties":{"shapeName":"Ajalvir","shapeISO":"","shapeGroup":"ESP","shapeType":"ADM3","adm1ISO":"ES-MD","parentISO":"ES-MD","parentID":"ESP:ADM1:ES-MD","src_shape_id":"28895703B28420397979779"},"geometry":{"type":"Polygon","coordinates":[[[-3.512216,40.538637],[-3.510094,40.535745],[-3.509621,40.532584],[-3.50809,40.529836],[-3.503044,40.526057],[-3.500205,40.520408],[-3.496213,40.517617],[-3.492316,40.511372],[-3.490691,40.510648],[-3.488136,40.506604],[-3.485246,40.500449],[-3.479609,40.494623],[-3.47435,40.494728],[-3.467669,40.493182],[-3.464639,40.495362],[-3.457098,40.499288],[-3.452815,40.502643],[-3.444579,40.506019],[-3.441927,40.506295],[-3.435093,40.508906],[-3.436469,40.509242],[-3.438834,40.5135],[-3.449333,40.511365],[-3.452828,40.512289],[-3.457614,40.510362],[-3.461984,40.510996],[-3.461331,40.517742],[-3.462926,40.522597],[-3.461169,40.526691],[-3.462809,40.528465],[-3.465185,40.529068],[-3.468557,40.532776],[-3.470853,40.53314],[-3.46863,40.539395],[-3.474996,40.54139],[-3.475528,40.544998],[-3.478842,40.545141],[-3.481169,40.548482],[-3.482047,40.553551],[-3.483188,40.555488],[-3.480977,40.56217],[-3.484303,40.561942],[-3.4877,40.559809],[-3.488761,40.555492],[-3.492948,40.554453],[-3.498125,40.554551],[-3.502419,40.552493],[-3.502895,40.5469],[-3.502424,40.543352],[-3.504428,40.542683],[-3.508285,40.539495],[-3.512216,40.538637]]]}},
{"type":"Feature","id":"ESP:ADM3:ES-MD.alameda-del-valle","properties":{"shapeName":"Alameda del Valle","shapeISO":"","shapeGroup":"ESP","shapeType":"ADM3","adm1ISO":"ES-MD","parentISO":"ES-MD","parentID":"ESP:ADM1:ES-MD","src_shape_id":"28895703B38745295944431"},"geometry":{"type":"Polygon","coordinates":[[[-3.898642,40.958833],[-3.895388,40.951844],[-3.890907,40.947655],[-3.88741,40.945751],[-3.886076,40.943932],[-3.886045,40.941258],[-3.882572,40.93646],[-3.879956,40.934649],[-3.873386,40.934119],[-3.8711,40.933216],[-3.864675,40.927112],[-3.858189,40.923407],[-3.851397,40.91793],[-3.843545,40.909906],[-3.841584,40.90439],[-3.840367,40.903775],[-3.841724,40.900019],[-3.840428,40.897492],[-3.837101,40.89585],[-3.837961,40.893759],[-3.835859,40.891663],[-3.834681,40.885888],[-3.838498,40.878024],[-3.835833,40.875081],[-3.834172,40.875175],[-3.82929,40.867736],[-3.828496,40.864634],[-3.824209,40.85839],[-3.819397,40.860542],[-3.815824,40.864044],[-3.81594,40.868496],[-3.810772,40.877814],[-3.80873,40.88821],[-3.808635,40.89208],[-3.816119,40.899036],[-3.822789,40.905848],[-3.829037,40.912875],[-3.830409,40.91969],[-3.833246,40.921866],[-3.835744,40.922534],[-3.840444,40.925899],[-3.841475,40.931602],[-3.843826,40.934702],[-3.848724,40.938625],[-3.850361,40.941594],[-3.855308,40.948646],[-3.858511,40.949844],[-3.861619,40.954585],[-3.880787,40.972817],[-3.883535,40.971236],[-3.886948,40.971155],[-3.890455,40.969029],[-3.895176,40.965525],[-3.898642,40.958833]]]}},
{"type":"Feature","id":"ESP:ADM3:ES-MD.el-alamo","properties":{"shapeName":"El Álamo","shapeISO":"","shapeGroup":"ESP","shapeType":"ADM3","adm1ISO":"ES-MD","parentISO":"ES-MD","parentID":"ESP:ADM1:ES-MD","src_shape_id":"28895703B37565849599960"},"geometry":{"type":"Polygon","coordinates":[[[-4.024028,40.248968],[-4.025986,40.246185],[-4.026818,40.243287],[-4.026159,40.235611],[-4.022103,40.233588],[-4.020997,40.231707],[-4.014339,40.224572],[-4.008803,40.219816],[-4.006174,40.218249],[-4.001436,40.217708],[-3.994897,40.212425],[-3.993542,40.212393],[-3.991002,40.209478],[-3.986183,40.210021],[-3.976927,40.211928],[-3.962104,40.212287],[-3.956185,40.211465],[-3.952866,40.212797],[-3.949033,40.22104],[-3.946379,40.224598],[-3.950521,40.22612],[-3.95626,40.226673],[-3.961987,40.229709],[-3.962811,40.231632],[-3.968194,40.235826],[-3.968955,40.239586],[-3.970292,40.24171],[-3.970288,40.244594],[-3.971992,40.24792],[-3.972149,40.250059],[-3.975498,40.252051],[-3.985397,40.253333],[-3.997077,40.255384],[-4.000437,40.256426],[-4.003508,40.256424],[-4.009715,40.25303],[-4.017841,40.249913],[-4.024028,40.248968]]]}},
{"type":"Feature","id":"ESP:ADM3:ES-MD.alcala-de-henares","properties":{"shapeName":"Alcalá de Henares","shapeISO":"","shapeGroup":"ESP","shapeType":"ADM3","adm1ISO":"ES-MD","parentISO":"ES-MD","parentID":"ESP:ADM1:ES-MD","src_shape_id":"28895703B50860821280445"},"geometry":{"type":"Polygon","coordinates":[[[-3.447196,40.446312],[-3.441716,40.448638],[-3.435616,40.452184],[-3.434243,40.454274],[-3.42684,40.453183],[-3.423905,40.456101],[-3.419751,40.45461],[-3.414012,40.456294],[-3.408735,40.453457],[-3.402902,40.455224],[-3.397263,40.457466],[-3.395515,40.457492],[-3.391357,40.459612],[-3.388179,40.459275],[-3.389246,40.457243],[-3.386544,40.455674],[-3.385793,40.452226],[-3.383124,40.453291],[-3.380274,40.452693],[-3.378742,40.454897],[-3.373548,40.453716],[-3.369215,40.45573],[-3.367089,40.453494],[-3.362347,40.451536],[-3.358046,40.44868],[-3.355717,40.450719],[-3.346942,40.45361],[-3.342844,40.45431],[-3.341872,40.456111],[-3.337373,40.457496],[-3.334117,40.456644],[-3.333808,40.459186],[-3.328344,40.46332],[-3.32919,40.465253],[-3.325034,40.467623],[-3.321444,40.47198],[-3.320756,40.474072],[-3.315731,40.478111],[-3.309288,40.4824],[-3.303945,40.481354],[-3.301095,40.479628],[-3.297073,40.483687],[-3.288066,40.486799],[-3.286893,40.489864],[-3.290058,40.49087],[-3.294536,40.489749],[-3.296492,40.491115],[-3.298765,40.494413],[-3.300581,40.496348],[-3.305905,40.49793],[-3.308817,40.502285],[-3.306163,40.505897],[-3.307856,40.507914],[-3.308146,40.511385],[-3.304972,40.513295],[-3.302996,40.511355],[-3.30094,40.511178],[-3.298957,40.513924],[-3.292434,40.517091],[-3.285226,40.516841],[-3.283847,40.521014],[-3.284758,40.524349],[-3.287696,40.524984],[-3.287559,40.526529],[-3.284688,40.528437],[-3.289849,40.53175],[-3.292147,40.529729],[-3.296898,40.52832],[-3.299579,40.530555],[-3.304855,40.533103],[-3.30692,40.529859],[-3.309271,40.528847],[-3.315748,40.524357],[-3.320215,40.523074],[-3.323142,40.52128],[-3.329994,40.525881],[-3.341485,40.53081],[-3.346223,40.53165],[-3.350039,40.531628],[-3.352281,40.526574],[-3.35458,40.526191],[-3.359953,40.523646],[-3.363063,40.523204],[-3.364798,40.527266],[-3.366689,40.528653],[-3.370166,40.527725],[-3.377515,40.528888],[-3.38605,40.526872],[-3.393089,40.523947],[-3.398696,40.526704],[-3.405002,40.526065],[-3.406308,40.527238],[-3.405372,40.529497],[-3.407283,40.530402],[-3.411583,40.529955],[-3.411996,40.535984],[-3.417865,40.536502],[-3.418546,40.537425],[-3.415598,40.541326],[-3.415815,40.545404],[-3.419355,40.544274],[-3.424683,40.545462],[-3.425015,40.543178],[-3.43324,40.543529],[-3.435331,40.541363],[-3.436078,40.537673],[-3.438704,40.538046],[-3.438516,40.535522],[-3.436821,40.530152],[-3.428673,40.530245],[-3.429885,40.526256],[-3.430646,40.518081],[-3.428742,40.517717],[-3.428923,40.510915],[-3.429549,40.506472],[-3.429403,40.497666],[-3.428801,40.491718],[-3.431252,40.48983],[-3.428874,40.483045],[-3.429186,40.480416],[-3.427962,40.478404],[-3.426046,40.472094],[-3.429239,40.471489],[-3.429314,40.468788],[-3.434042,40.466576],[-3.431128,40.461501],[-3.436521,40.457243],[-3.439944,40.453452],[-3.444264,40.449913],[-3.447196,40.446312]]]}},
{"type":"Feature","id":"ESP:ADM3:ES-MD.alcobendas","properties":{"shapeName":"Alcobendas","shapeISO":"","shapeGroup":"ESP","shapeType":"ADM3","adm1ISO":"ES-MD","parentISO":"ES-MD","parentID":"ESP:ADM1:ES-MD","src_shape_id":"28895703B58810378396487"},"geometry":{"type":"Polygon","coordinates":[[[-3.674143,40.588861],[-3.690587,40.58101],[-3.700189,40.5783],[-3.694884,40.573645],[-3.692308,40.570503],[-3.689597,40.568786],[-3.685805,40.559752],[-3.682435,40.553767],[-3.682626,40.551182],[-3.678518,40.546542],[-3.678219,40.543356],[-3.674134,40.538382],[-3.671659,40.537136],[-3.669296,40.534444],[-3.672382,40.530813],[-3.676645,40.527203],[-3.675131,40.525552],[-3.672072,40.524355],[-3.667703,40.525007],[-3.665915,40.524467],[-3.666218,40.521094],[-3.662937,40.520052],[-3.657927,40.511443],[-3.656204,40.513102],[-3.652405,40.511165],[-3.647737,40.51026],[-3.644893,40.50785],[-3.641961,40.5082],[-3.633657,40.507794],[-3.62843,40.50822],[-3.625091,40.5093],[-3.622539,40.508996],[-3.620353,40.510051],[-3.615027,40.5108],[-3.611244,40.509026],[-3.606255,40.505569],[-3.602982,40.501379],[-3.593267,40.501577],[-3.589168,40.504497],[-3.58472,40.506728],[-3.582995,40.508491],[-3.577941,40.510367],[-3.575952,40.510365],[-3.572126,40.512367],[-3.564955,40.512063],[-3.561709,40.511155],[-3.55426,40.511336],[-3.553213,40.513397],[-3.555429,40.515625],[-3.555475,40.517297],[-3.551345,40.520085],[-3.550509,40.523867],[-3.552258,40.525573],[-3.556235,40.527214],[-3.55709,40.528992],[-3.556167,40.531387],[-3.553089,40.53225],[-3.562687,40.53441],[-3.56882,40.534065],[-3.579132,40.5342],[-3.585446,40.535291],[-3.592717,40.537663],[-3.596665,40.537131],[-3.600457,40.538056],[-3.603297,40.536999],[-3.605459,40.538254],[-3.608872,40.538046],[-3.613746,40.538683],[-3.615185,40.539809],[-3.626195,40.540282],[-3.629602,40.54423],[-3.632949,40.545181],[-3.639655,40.551713],[-3.640568,40.554001],[-3.645693,40.555256],[-3.647362,40.554862],[-3.654168,40.55514],[-3.663852,40.569739],[-3.674143,40.588861]]]}},
{"type":"Feature","id":"ESP:ADM3:ES-MD.alcorcon","properties":{"shapeName":"Alcorcón","shapeISO":"","shapeGroup":"ESP","shapeType":"ADM3","adm1ISO":"ES-MD","parentISO":"ES-MD","parentID":"ESP:ADM1:ES-MD","src_shape_id":"28895703B38614513639980"},"geometry":{"type":"Polygon","coordinates":[[[-3.870924,40.353118],[-3.867619,40.353645],[-3.866542,40.35141],[-3.867047,40.347131],[-3.863723,40.34506],[-3.859259,40.343595],[-3.858588,40.340348],[-3.859624,40.336042],[-3.858162,40.333401],[-3.855202,40.334488],[-3.849821,40.328625],[-3.848547,40.325692],[-3.847915,40.324055],[-3.837801,40.324568],[-3.83019,40.325503],[-3.828838,40.326079],[-3.81816,40.327793],[-3.818422,40.329595],[-3.811335,40.33514],[-3.806438,40.338341],[-3.802493,40.339866],[-3.802101,40.341739],[-3.805121,40.347214],[-3.79841,40.35367],[-3.801853,40.355556],[-3.800556,40.356732],[-3.797378,40.356435],[-3.787765,40.358696],[-3.7965,40.362122],[-3.802858,40.363332],[-3.80693,40.366453],[-3.810516,40.363716],[-3.813381,40.369895],[-3.829396,40.388977],[-3.834162,40.396058],[-3.835281,40.396549],[-3.830826,40.401106],[-3.837814,40.402973],[-3.841153,40.398339],[-3.842234,40.395705],[-3.845328,40.391196],[-3.854876,40.385165],[-3.860577,40.382197],[-3.867598,40.377683],[-3.866385,40.374182],[-3.869051,40.373216],[-3.877882,40.373245],[-3.879135,40.369934],[-3.876577,40.365051],[-3.873695,40.36303],[-3.870586,40.358473],[-3.870924,40.353118]]]}},
{"type":"Feature","id":"ESP:ADM3:ES-MD.aldea-del-fresno","properties":{"shapeName":"Aldea del Fresno","shapeISO":"","shapeGroup":"ESP","shapeType":"ADM3","adm1ISO":"ES-MD","parentISO":"ES-MD","parentID":"ESP:ADM1:ES-MD","src_shape_id":"28895703B56264693766178"},"geometry":{"type":"Polygon","coordinates":[[[-4.295027,40.322624],[-4.294043,40.319985],[-4.282092,40.313208],[-4.281084,40.312325],[-4.280089,40.307627],[-4.278521,40.30663],[-4.276219,40.302526],[-4.271578,40.298737],[-4.266293,40.295953],[-4.260653,40.29183],[-4.255985,40.287666],[-4.246749,40.283323],[-4.243169,40.281057],[-4.23148,40.276667],[-4.228339,40.274956],[-4.228446,40.272539],[-4.226195,40.269894],[-4.223828,40.27012],[-4.217565,40.272855],[-4.214328,40.269684],[-4.208615,40.268225],[-4.204688,40.269027],[-4.204584,40.271813],[-4.203282,40.274153],[-4.204737,40.283317],[-4.203809,40.287301],[-4.202036,40.289264],[-4.19897,40.290231],[-4.197105,40.294128],[-4.190871,40.297355],[-4.18705,40.296205],[-4.184444,40.294372],[-4.179519,40.2934],[-4.175202,40.288996],[-4.172485,40.2881],[-4.167503,40.288782],[-4.167335,40.29614],[-4.168125,40.299237],[-4.16678,40.304696],[-4.166389,40.308785],[-4.168662,40.313773],[-4.169679,40.318396],[-4.176067,40.325279],[-4.176928,40.326832],[-4.182099,40.32896],[-4.184318,40.331299],[-4.18796,40.337852],[-4.193068,40.339592],[-4.19912,40.343829],[-4.208284,40.349357],[-4.213033,40.34984],[-4.211971,40.347193],[-4.21404,40.345642],[-4.215129,40.343239],[-4.213205,40.339322],[-4.220689,40.336213],[-4.227543,40.334536],[-4.231579,40.334085],[-4.233103,40.328636],[-4.236427,40.326498],[-4.24525,40.326854],[-4.250788,40.324833],[-4.255501,40.327521],[-4.257489,40.329343],[-4.260015,40.329507],[-4.263664,40.331831],[-4.267599,40.332446],[-4.273648,40.3311],[-4.276516,40.329295],[-4.284221,40.328719],[-4.286034,40.329356],[-4.292541,40.324979],[-4.295027,40.322624]]]}},
{"type":"Feature","id":"ESP:ADM3:ES-MD.algete","properties":{"shapeName":"Algete","shapeISO":"","shapeGroup":"ESP","shapeType":"ADM3","adm1ISO":"ES-MD","parentISO":"ES-MD","parentID":"ESP:ADM1:ES-MD","src_shape_id":"28895703B29984785744634"},"geometry":{"type":"Polygon","coordinates":[[[-3.593683,40.654803],[-3.591791,40.649165],[-3.589675,40.645952],[-3.591121,40.641071],[-3.58902,40.635183],[-3.589094,40.633521],[-3.587213,40.629935],[-3.584563,40.627365],[-3.580053,40.623845],[-3.581101,40.620998],[-3.580308,40.619557],[-3.57745,40.618979],[-3.573799,40.619318],[-3.574002,40.614522],[-3.573318,40.61139],[-3.57414,40.609814],[-3.577411,40.607496],[-3.576114,40.602958],[-3.573155,40.598801],[-3.569802,40.59789],[-3.565155,40.598765],[-3.564333,40.591865],[-3.560993,40.591722],[-3.56059,40.587169],[-3.558615,40.585746],[-3.551754,40.586333],[-3.548879,40.587061],[-3.545384,40.584062],[-3.539625,40.5823],[-3.53979,40.583712],[-3.535161,40.584184],[-3.529266,40.583851],[-3.524647,40.580946],[-3.514552,40.581326],[-3.508056,40.582265],[-3.499654,40.585055],[-3.495557,40.585887],[-3.489611,40.58496],[-3.482454,40.586401],[-3.482875,40.587624],[-3.474765,40.59268],[-3.467463,40.595761],[-3.466084,40.595466],[-3.466294,40.596803],[-3.459819,40.602757],[-3.458268,40.603151],[-3.453902,40.60727],[-3.455832,40.606237],[-3.46199,40.606666],[-3.463367,40.607668],[-3.475831,40.604737],[-3.476151,40.608988],[-3.479623,40.61409],[-3.482743,40.616418],[-3.485547,40.616592],[-3.487906,40.620367],[-3.485292,40.623219],[-3.485842,40.625951],[-3.490662,40.62506],[-3.495571,40.624921],[-3.502709,40.625357],[-3.502278,40.621628],[-3.503701,40.620357],[-3.509703,40.618545],[-3.513961,40.618081],[-3.520308,40.616053],[-3.523789,40.615693],[-3.524433,40.613986],[-3.529419,40.61353],[-3.535082,40.616261],[-3.537672,40.616155],[-3.543195,40.612452],[-3.545319,40.613583],[-3.549715,40.613422],[-3.551782,40.611491],[-3.555393,40.61114],[-3.559638,40.612268],[-3.559122,40.61932],[-3.560928,40.623697],[-3.560871,40.627623],[-3.564227,40.633019],[-3.562031,40.638793],[-3.560047,40.638317],[-3.559302,40.635751],[-3.556663,40.635921],[-3.555827,40.639024],[-3.557579,40.641896],[-3.560443,40.644662],[-3.559189,40.650541],[-3.566602,40.650185],[-3.5673,40.649071],[-3.567722,40.643663],[-3.569628,40.643608],[-3.577835,40.64571],[-3.580734,40.644881],[-3.584839,40.645266],[-3.584709,40.650413],[-3.586296,40.654584],[-3.588847,40.656008],[-3.593683,40.654803]]]}},
{"type":"Feature","id":"ESP:ADM3:ES-MD.alpedrete","properties":{"shapeName":"Alpedrete","shapeISO":"","shapeGroup":"ESP","shapeType":"ADM3","adm1ISO":"ES-MD","parentISO":"ES-MD","parentID":"ESP:ADM1:ES-MD","src_shape_id":"28895703B59392731583555"},"geometry":{"type":"Polygon","coordinates":[[[-4.045055,40.662528],[-4.047663,40.659675],[-4.046916,40.656104],[-4.03696,40.647471],[-4.03579,40.645547],[-4.030176,40.641346],[-4.030503,40.639114],[-4.02604,40.632751],[-4.02522,40.632399],[-4.017556,40.638756],[-4.021589,40.64517],[-4.010939,40.651923],[-4.008852,40.655514],[-4.006615,40.662358],[-4.003253,40.663264],[-3.99828,40.663327],[-3.996064,40.66649],[-3.997423,40.673896],[-3.995265,40.681102],[-4.001212,40.684189],[-4.013097,40.682379],[-4.019164,40.679531],[-4.024567,40.675816],[-4.033595,40.671343],[-4.038037,40.667805],[-4.041743,40.665627],[-4.045055,40.662528]]]}},
{"type":"Feature","id":"ESP:ADM3:ES-MD.ambite","properties":{"shapeName":"Ambite","shapeISO":"","shapeGroup":"ESP","shapeType":"ADM3","adm1ISO":"ES-MD","parentISO":"ES-MD","parentID":"ESP:ADM1:ES-MD","src_shape_id":"28895703B64740315274736"},"geometry":{"type":"Polygon","coordinates":[[[-3.216266,40.312883],[-3.212017,40.310333],[-3.207655,40.306246],[-3.20221,40.306325],[-3.192937,40.304751],[-3.184813,40.304717],[-3.181689,40.304277],[-3.182835,40.308315],[-3.180643,40.31332],[-3.176015,40.316085],[-3.167579,40.323456],[-3.162111,40.326134],[-3.162317,40.327394],[-3.154468,40.331506],[-3.152905,40.331584],[-3.151398,40.335247],[-3.152062,40.339756],[-3.155607,40.342463],[-3.152377,40.343665],[-3.149306,40.34674],[-3.147268,40.347144],[-3.146533,40.34987],[-3.141238,40.350512],[-3.143824,40.352902],[-3.1434,40.358134],[-3.149009,40.360111],[-3.150237,40.364104],[-3.15343,40.367703],[-3.151947,40.368458],[-3.150054,40.373109],[-3.150782,40.376269],[-3.154981,40.377664],[-3.160545,40.378659],[-3.166704,40.378144],[-3.173803,40.376135],[-3.176821,40.374167],[-3.177431,40.373517],[-3.175552,40.367206],[-3.177158,40.360095],[-3.178073,40.359392],[-3.184119,40.358232],[-3.192013,40.354006],[-3.196595,40.352446],[-3.198714,40.350608],[-3.20454,40.344023],[-3.199194,40.337378],[-3.200044,40.335106],[-3.199879,40.331339],[-3.201756,40.328995],[-3.204364,40.320803],[-3.206595,40.317854],[-3.208825,40.316852],[-3.210485,40.314081],[-3.216266,40.312883]]]}},
{"type":"Feature","id":"ESP:ADM3:ES-MD.anchuelo","properties":{"shapeName":"Anchuelo","shapeISO":"","shapeGroup":"ESP","shapeType":"ADM3","adm1ISO":"ES-MD","parentISO":"ES-MD","parentID":"ESP:ADM1:ES-MD","src_shape_id":"28895703B57660339051742"},"geometry":{"type":"Polygon","coordinates":[[[-3.321444,40.47198],[-3.318126,40.469243],[-3.312552,40.467501],[-3.301641,40.461135],[-3.293732,40.457003],[-3.287612,40.451513],[-3.283072,40.451926],[-3.273254,40.449001],[-3.270946,40.447296],[-3.268889,40.444074],[-3.267418,40.43929],[-3.262545,40.438118],[-3.260416,40.43825],[-3.257098,40.440945],[-3.248941,40.441965],[-3.245036,40.443518],[-3.235204,40.444358],[-3.234323,40.445516],[-3.234948,40.449092],[-3.240111,40.451285],[-3.244622,40.451865],[-3.248806,40.456621],[-3.249473,40.460338],[-3.253881,40.471889],[-3.256385,40.47708],[-3.258498,40.482788],[-3.258325,40.483957],[-3.273316,40.486189],[-3.275786,40.488415],[-3.280752,40.490663],[-3.282958,40.493725],[-3.288137,40.495089],[-3.2922,40.494088],[-3.298765,40.494413],[-3.296492,40.491115],[-3.294536,40.489749],[-3.290058,40.49087],[-3.286893,40.489864],[-3.288066,40.486799],[-3.297073,40.483687],[-3.301095,40.479628],[-3.303945,40.481354],[-3.309288,40.4824],[-3.315731,40.478111],[-3.320756,40.474072],[-3.321444,40.47198]]]}},
{"type":"Feature","id":"ESP:ADM3:ES-MD.aranjuez","properties":{"shapeName":"Aranjuez","shapeISO":"","shapeGroup":"ESP","shapeType":"ADM3","adm1ISO":"ES-MD","parentISO":"ES-MD","parentID":"ESP:ADM1:ES-MD","src_shape_id":"28895703B88165677198223"},"geometry":{"type":"Polygon","coordinates":[[[-3.875427,39.910685],[-3.873612,39.908669],[-3.869702,39.907636],[-3.868938,39.905244],[-3.865431,39.903574],[-3.859795,39.902547],[-3.85265,39.903081],[-3.84488,39.902642],[-3.834548,39.899934],[-3.82972,39.897269],[-3.825112,39.892338],[-3.819629,39.889137],[-3.814894,39.885742],[-3.812579,39.885806],[-3.804398,39.88472],[-3.806421,39.887389],[-3.800584,39.890871],[-3.795809,39.894971],[-3.789779,39.899117],[-3.778798,39.910854],[-3.774783,39.912554],[-3.771334,39.915319],[-3.769997,39.914637],[-3.759368,39.919073],[-3.756583,39.921112],[-3.754053,39.924203],[-3.748459,39.929416],[-3.746408,39.932996],[-3.744859,39.939944],[-3.74387,39.940802],[-3.730577,39.944424],[-3.716895,39.950819],[-3.711105,39.954709],[-3.703865,39.949596],[-3.697588,39.946718],[-3.692406,39.95032],[-3.683393,39.955461],[-3.677643,39.96077],[-3.665954,39.963508],[-3.662639,39.965487],[-3.659052,39.965899],[-3.646339,39.965969],[-3.636695,39.965579],[-3.634499,39.965892],[-3.633951,39.968994],[-3.630513,39.968634],[-3.633591,39.973455],[-3.635195,39.981258],[-3.637944,39.988352],[-3.635279,39.988983],[-3.633033,39.99117],[-3.629263,39.992633],[-3.626802,39.992532],[-3.622472,39.991045],[-3.615652,39.993989],[-3.610343,39.99824],[-3.608014,39.998187],[-3.602215,40.000077],[-3.596882,40.000484],[-3.594596,40.001697],[-3.591005,40.012118],[-3.589995,40.013172],[-3.583299,40.012712],[-3.575232,40.013696],[-3.574687,40.015613],[-3.5511,40.018119],[-3.550647,40.017599],[-3.549747,40.018176],[-3.530576,40.018095],[-3.527154,40.018669],[-3.519689,40.021072],[-3.522043,40.026103],[-3.517191,40.036472],[-3.517291,40.040124],[-3.515197,40.043283],[-3.513566,40.046335],[-3.516878,40.046763],[-3.518795,40.048404],[-3.519264,40.052363],[-3.524266,40.050467],[-3.52594,40.047709],[-3.527842,40.048515],[-3.529003,40.051718],[-3.531973,40.051924],[-3.534898,40.049535],[-3.540346,40.050389],[-3.544166,40.049269],[-3.545982,40.050594],[-3.540089,40.052189],[-3.533834,40.052045],[-3.53552,40.068196],[-3.542718,40.067914],[-3.556717,40.066529],[-3.560486,40.066519],[-3.570229,40.064336],[-3.580004,40.060505],[-3.581159,40.059481],[-3.587575,40.057878],[-3.589449,40.058174],[-3.59227,40.062052],[-3.594049,40.067029],[-3.590899,40.069546],[-3.590987,40.072853],[-3.589235,40.07678],[-3.587485,40.078823],[-3.585907,40.084447],[-3.584323,40.088177],[-3.585337,40.0926],[-3.580933,40.098985],[-3.580596,40.102246],[-3.579312,40.10313],[-3.578387,40.10697],[-3.574825,40.114155],[-3.569856,40.115151],[-3.565032,40.118158],[-3.563795,40.11957],[-3.559954,40.12111],[-3.557585,40.125239],[-3.561612,40.125864],[-3.570791,40.123796],[-3.575008,40.121652],[-3.578825,40.125773],[-3.578966,40.127763],[-3.580916,40.128783],[-3.583741,40.128514],[-3.585871,40.127662],[-3.590037,40.127679],[-3.592644,40.125978],[-3.592983,40.123909],[-3.595724,40.122213],[-3.599429,40.121895],[-3.600566,40.118587],[-3.597168,40.114407],[-3.597748,40.11138],[-3.602047,40.108722],[-3.607628,40.108967],[-3.613031,40.103171],[-3.613746,40.100332],[-3.616147,40.09646],[-3.614704,40.092935],[-3.611361,40.092583],[-3.608382,40.095216],[-3.605807,40.09509],[-3.603732,40.093667],[-3.604247,40.091834],[-3.607208,40.088598],[-3.610364,40.08187],[-3.611534,40.082198],[-3.619229,40.079846],[-3.623344,40.081191],[-3.628954,40.078265],[-3.628218,40.075449],[-3.625436,40.073445],[-3.622408,40.072436],[-3.616566,40.068807],[-3.618169,40.066611],[-3.622413,40.06394],[-3.624235,40.060596],[-3.619528,40.057692],[-3.623094,40.054111],[-3.625839,40.053325],[-3.631145,40.053675],[-3.636299,40.051094],[-3.639657,40.05002],[-3.639793,40.046869],[-3.63559,40.043642],[-3.636088,40.041626],[-3.640336,40.040238],[-3.644417,40.041804],[-3.647667,40.041318],[-3.649226,40.0388],[-3.648863,40.034173],[-3.651396,40.031644],[-3.655551,40.032875],[-3.657383,40.036585],[-3.659395,40.037138],[-3.663498,40.036631],[-3.667981,40.033348],[-3.66787,40.028666],[-3.670843,40.024822],[-3.675206,40.022463],[-3.6768,40.020914],[-3.679113,40.016469],[-3.683233,40.015571],[-3.68655,40.017722],[-3.686834,40.021708],[-3.691138,40.021696],[-3.699891,40.019543],[-3.707986,40.013918],[-3.71298,40.008748],[-3.714622,40.00451],[-3.715765,40.003468],[-3.721745,40.001106],[-3.724141,39.997185],[-3.72336,39.99226],[-3.718522,39.987006],[-3.720455,39.984167],[-3.725341,39.988408],[-3.7287,39.988418],[-3.729891,39.986208],[-3.733953,39.985656],[-3.735849,39.983956],[-3.735194,39.980629],[-3.731558,39.976383],[-3.735831,39.976058],[-3.73876,39.981298],[-3.743888,39.982391],[-3.74675,39.979465],[-3.744142,39.976148],[-3.741281,39.970827],[-3.737162,39.968412],[-3.731286,39.969358],[-3.728906,39.972266],[-3.724659,39.971299],[-3.723434,39.969659],[-3.727936,39.964545],[-3.735311,39.961878],[-3.741508,39.961408],[-3.746559,39.962357],[-3.753082,39.967386],[-3.758876,39.968868],[-3.752705,39.959113],[-3.751474,39.957909],[-3.751125,39.954515],[-3.752135,39.951979],[-3.754494,39.9504],[-3.760425,39.949215],[-3.764324,39.947369],[-3.766619,39.947291],[-3.770682,39.950608],[-3.770229,39.954044],[-3.767802,39.955449],[-3.760995,39.956752],[-3.757973,39.958336],[-3.763166,39.967112],[-3.764829,39.963927],[-3.767151,39.961674],[-3.772105,39.961126],[-3.774272,39.958746],[-3.778456,39.956969],[-3.781906,39.957086],[-3.786805,39.953929],[-3.785718,39.951741],[-3.782987,39.949824],[-3.782152,39.947957],[-3.782936,39.944939],[-3.786417,39.944669],[-3.794078,39.947482],[-3.79865,39.945717],[-3.801225,39.947307],[-3.801696,39.952049],[-3.804643,39.953912],[-3.81033,39.953764],[-3.813843,39.951529],[-3.817666,39.946739],[-3.822342,39.946802],[-3.824384,39.947291],[-3.829323,39.940536],[-3.830127,39.933443],[-3.832042,39.93156],[-3.835887,39.931679],[-3.837859,39.934609],[-3.838097,39.939754],[-3.840044,39.941956],[-3.847792,39.939793],[-3.852824,39.939434],[-3.856471,39.937246],[-3.859323,39.932858],[-3.867389,39.931955],[-3.874389,39.929565],[-3.875477,39.926904],[-3.868947,39.919972],[-3.867448,39.917037],[-3.869479,39.915088],[-3.873529,39.913026],[-3.875427,39.910685]]]}},
{"type":"Feature","id":"ESP:ADM3:ES-MD.arganda-del-rey","properties":{"shapeName":"Arganda del Rey","shapeISO":"","shapeGroup":"ESP","shapeType":"ADM3","adm1ISO":"ES-MD","parentISO":"ES-MD","parentID":"ESP:ADM1:ES-MD","src_shape_id":"28895703B18557335475021"},"geometry":{"type":"Polygon","coordinates":[[[-3.519798,40.294281],[-3.512194,40.285876],[-3.505104,40.279281],[-3.503864,40.27675],[-3.501969,40.276564],[-3.498302,40.272212],[-3.492993,40.271086],[-3.491721,40.268524],[-3.490055,40.268103],[-3.488388,40.26471],[-3.486765,40.26338],[-3.486148,40.260485],[-3.482681,40.256879],[-3.481115,40.256151],[-3.476879,40.256401],[-3.470128,40.255341],[-3.462559,40.256773],[-3.459141,40.258297],[-3.452804,40.257332],[-3.441537,40.258218],[-3.434838,40.257887],[-3.423262,40.254701],[-3.416757,40.25428],[-3.411752,40.255202],[-3.407576,40.257158],[-3.404372,40.255255],[-3.395766,40.248378],[-3.388476,40.25013],[-3.385344,40.254424],[-3.381086,40.257444],[-3.377605,40.261628],[-3.369746,40.265333],[-3.373973,40.270977],[-3.384333,40.280899],[-3.381529,40.283401],[-3.377917,40.288919],[-3.376772,40.293891],[-3.379644,40.297809],[-3.382439,40.297744],[-3.383837,40.300016],[-3.386705,40.299524],[-3.391767,40.300418],[-3.395432,40.301801],[-3.396046,40.303522],[-3.398528,40.304226],[-3.400496,40.302978],[-3.401908,40.305098],[-3.408289,40.306301],[-3.407925,40.309078],[-3.41225,40.311038],[-3.415436,40.313396],[-3.424446,40.314798],[-3.429659,40.317093],[-3.432044,40.321891],[-3.431245,40.33201],[-3.431579,40.338746],[-3.429076,40.345111],[-3.4272,40.346589],[-3.426226,40.34971],[-3.426647,40.351335],[-3.432605,40.352289],[-3.435547,40.352045],[-3.442875,40.34946],[-3.447884,40.34571],[-3.452176,40.343132],[-3.453475,40.343264],[-3.46096,40.341865],[-3.471602,40.338111],[-3.470499,40.334463],[-3.472062,40.331109],[-3.470001,40.323843],[-3.470679,40.319492],[-3.476775,40.319093],[-3.483531,40.323995],[-3.485458,40.32425],[-3.493356,40.316175],[-3.49715,40.315396],[-3.504195,40.316996],[-3.507411,40.317226],[-3.51142,40.318499],[-3.513812,40.317162],[-3.514453,40.313185],[-3.5099,40.311899],[-3.509696,40.310124],[-3.506109,40.30808],[-3.513386,40.306248],[-3.515134,40.304816],[-3.508994,40.301282],[-3.51244,40.299355],[-3.517766,40.297502],[-3.519798,40.294281]]]}},
{"type":"Feature","id":"ESP:ADM3:ES-MD.arroyomolinos","properties":{"shapeName":"Arroyomolinos","shapeISO":"","shapeGroup":"ESP","shapeType":"ADM3","adm1ISO":"ES-MD","parentISO":"ES-MD","parentID":"ESP:ADM1:ES-MD","src_shape_id":"28895703B61589590921412"},"geometry":{"type":"Polygon","coordinates":[[[-3.943386,40.261885],[-3.939344,40.262684],[-3.937686,40.259712],[-3.935296,40.259426],[-3.931072,40.25656],[-3.925223,40.257111],[-3.917068,40.260929],[-3.914142,40.259624],[-3.91209,40.256275],[-3.908425,40.258913],[-3.904274,40.260075],[-3.899061,40.265323],[-3.898356,40.266774],[-3.894455,40.269684],[-3.887408,40.275954],[-3.885178,40.280179],[-3.887047,40.282071],[-3.885667,40.283223],[-3.877461,40.286356],[-3.877005,40.288296],[-3.881184,40.292362],[-3.883259,40.291439],[-3.886807,40.291448],[-3.88965,40.294574],[-3.889808,40.296223],[-3.892317,40.302155],[-3.894644,40.301609],[-3.895959,40.30417],[-3.902207,40.304829],[-3.904835,40.304027],[-3.907169,40.30208],[-3.911267,40.296534],[-3.911562,40.295214],[-3.915746,40.293047],[-3.91534,40.298657],[-3.917371,40.300254],[-3.918302,40.302503],[-3.923781,40.302641],[-3.930625,40.30096],[-3.93255,40.299257],[-3.938183,40.297085],[-3.941762,40.297179],[-3.941523,40.292723],[-3.93804,40.29185],[-3.928919,40.295978],[-3.923077,40.295483],[-3.918945,40.292135],[-3.916396,40.292149],[-3.91647,40.289899],[-3.918961,40.289444],[-3.922972,40.290213],[-3.925133,40.291413],[-3.930402,40.291607],[-3.935997,40.290134],[-3.939182,40.291565],[-3.942061,40.291682],[-3.942661,40.290007],[-3.941777,40.286397],[-3.943206,40.281582],[-3.94837,40.275114],[-3.948842,40.272619],[-3.947604,40.271214],[-3.946795,40.267599],[-3.948103,40.262532],[-3.944648,40.260884],[-3.943386,40.261885]]]}},
{"type":"Feature","id":"ESP:ADM3:ES-MD.el-atazar","properties":{"shapeName":"El Atazar","shapeISO":"","shapeGroup":"ESP","shapeType":"ADM3","adm1ISO":"ES-MD","parentISO":"ES-MD","parentID":"ESP:ADM1:ES-MD","src_shape_id":"28895703B99149934290710"},"geometry":{"type":"Polygon","coordinates":[[[-3.502598,40.92456],[-3.503368,40.920851],[-3.501607,40.91691],[-3.50153,40.913648],[-3.497066,40.909812],[-3.492569,40.910478],[-3.490404,40.909638],[-3.48608,40.91092],[-3.483527,40.908946],[-3.481109,40.909574],[-3.482167,40.911932],[-3.477584,40.91273],[-3.477932,40.909711],[-3.473773,40.911967],[-3.470672,40.912202],[-3.468305,40.9145],[-3.469012,40.917432],[-3.46758,40.918599],[-3.46161,40.917771],[-3.463474,40.915173],[-3.461505,40.913741],[-3.458792,40.91514],[-3.451287,40.912865],[-3.450746,40.915581],[-3.448379,40.918741],[-3.448855,40.922527],[-3.44235,40.92955],[-3.438237,40.931518],[-3.435417,40.937563],[-3.436734,40.93971],[-3.435764,40.943892],[-3.436039,40.946128],[-3.432017,40.94946],[-3.430971,40.953373],[-3.428408,40.959123],[-3.426247,40.962472],[-3.421583,40.967284],[-3.432985,40.965011],[-3.439506,40.96658],[-3.44434,40.963805],[-3.450169,40.965282],[-3.462341,40.965128],[-3.474387,40.96675],[-3.478889,40.966709],[-3.478922,40.964139],[-3.484156,40.962638],[-3.488291,40.958008],[-3.492868,40.951268],[-3.495864,40.943693],[-3.496328,40.938227],[-3.496148,40.93225],[-3.49801,40.927669],[-3.502598,40.92456]]]}},
{"type":"Feature","id":"ESP:ADM3:ES-MD.batres","properties":{"shapeName":"Batres","shapeISO":"","shapeGroup":"ESP","shapeType":"ADM3","adm1ISO":"ES-MD","parentISO":"ES-MD","parentID":"ESP:ADM1:ES-MD","src_shape_id":"28895703B4324294777854"},"geometry":{"type":"Polygon","coordinates":[[[-3.952866,40.212797],[-3.953839,40.206304],[-3.956297,40.199085],[-3.954431,40.197428],[-3.950848,40.196489],[-3.949569,40.203105],[-3.947587,40.204981],[-3.942172,40.204347],[-3.938628,40.203228],[-3.935783,40.202699],[-3.931288,40.203967],[-3.929757,40.203689],[-3.92599,40.200873],[-3.922039,40.200138],[-3.918961,40.201385],[-3.910234,40.202037],[-3.901459,40.199435],[-3.897147,40.196209],[-3.896283,40.196971],[-3.894961,40.201891],[-3.894041,40.210901],[-3.900033,40.216178],[-3.899783,40.218543],[-3.903284,40.22367],[-3.903137,40.22491],[-3.899278,40.227063],[-3.904107,40.234727],[-3.906243,40.237718],[-3.908385,40.238754],[-3.914519,40.243878],[-3.924127,40.245734],[-3.926099,40.248689],[-3.932002,40.247272],[-3.936934,40.24968],[-3.941202,40.250883],[-3.951267,40.251278],[-3.95173,40.248794],[-3.949027,40.243836],[-3.951939,40.243719],[-3.950986,40.238053],[-3.947726,40.231502],[-3.946379,40.224598],[-3.949033,40.22104],[-3.952866,40.212797]]]}},
{"type":"Feature","id":"ESP:ADM3:ES-MD.becerril-de-la-sierra","properties":{"shapeName":"Becerril de la Sierra","shapeISO":"","shapeGroup":"ESP","shapeType":"ADM3","adm1ISO":"ES-MD","parentISO":"ES-MD","parentID":"ESP:ADM1:ES-MD","src_shape_id":"28895703B84762208969900"},"geometry":{"type":"MultiPolygon","coordinates":[[[[-3.87976,40.651572],[-3.876813,40.651055],[-3.87537,40.649251],[-3.871769,40.647419],[-3.8651,40.645655],[-3.862499,40.647541],[-3.859215,40.653938],[-3.858196,40.655004],[-3.859459,40.658203],[-3.855073,40.6632],[-3.844088,40.666163],[-3.83994,40.666179],[-3.845282,40.66752],[-3.846633,40.669047],[-3.844658,40.672135],[-3.83768,40.673415],[-3.832302,40.676803],[-3.830053,40.680704],[-3.838705,40.685019],[-3.839096,40.686734],[-3.848811,40.686197],[-3.849809,40.685185],[-3.854098,40.684911],[-3.861155,40.686297],[-3.863496,40.685835],[-3.867743,40.681672],[-3.873894,40.681091],[-3.877698,40.679053],[-3.878288,40.676379],[-3.876063,40.671392],[-3.875542,40.668152],[-3.873654,40.665139],[-3.868979,40.661694],[-3.873821,40.657256],[-3.875372,40.653088],[-3.87976,40.651572]]],[[[-3.928686,40.657143],[-3.927106,40.654372],[-3.927519,40.651836],[-3.919246,40.648578],[-3.915329,40.656017],[-3.916763,40.660151],[-3.928686,40.657143]]],[[[-4.004857,40.710528],[-4.003601,40.707773],[-4.003864,40.703434],[-4.000481,40.694267],[-3.997497,40.690427],[-3.988216,40.695535],[-3.986146,40.69846],[-3.98502,40.701985],[-3.981276,40.706074],[-3.977502,40.706738],[-3.97394,40.705881],[-3.970342,40.703689],[-3.967509,40.706346],[-3.964853,40.705915],[-3.960027,40.70696],[-3.958445,40.709156],[-3.949835,40.716961],[-3.951214,40.721956],[-3.953467,40.72308],[-3.954511,40.725231],[-3.958214,40.729127],[-3.959926,40.733903],[-3.960493,40.741238],[-3.96041,40.745518],[-3.961057,40.750302],[-3.960148,40.753965],[-3.960592,40.75959],[-3.962716,40.764876],[-3.968603,40.767111],[-3.977328,40.762074],[-3.981787,40.754628],[-3.983191,40.745261],[-3.982556,40.742069],[-3.984118,40.739914],[-3.987612,40.733048],[-3.992479,40.727532],[-3.995713,40.725379],[-3.999827,40.719346],[-4.002499,40.718112],[-4.003404,40.711782],[-4.004857,40.710528]]],[[[-3.919235,40.672846],[-3.914666,40.671719],[-3.911877,40.6726],[-3.90659,40.673182],[-3.907426,40.677643],[-3.909756,40.675639],[-3.913237,40.674721],[-3.915944,40.675304],[-3.919235,40.672846]]],[[[-3.915117,40.67591],[-3.911832,40.676703],[-3.903703,40.680555],[-3.905984,40.682214],[-3.915117,40.67591]]]]}},
{"type":"Feature","id":"ESP:ADM3:ES-MD.belmonte-de-tajo","properties":{"shapeName":"Belmonte de Tajo","shapeISO":"","shapeGroup":"ESP","shapeType":"ADM3","adm1ISO":"ES-MD","parentISO":"ES-MD","parentID":"ESP:ADM1:ES-MD","src_shape_id":"28895703B76415474065364"},"geometry":{"type":"Polygon","coordinates":[[[-3.377702,40.133647],[-3.373506,40.127416],[-3.360841,40.119007],[-3.352133,40.117489],[-3.343785,40.110048],[-3.344912,40.102355],[-3.347599,40.100093],[-3.34841,40.097978],[-3.342403,40.102678],[-3.340978,40.10446],[-3.337544,40.106374],[-3.330644,40.114066],[-3.325979,40.116312],[-3.32346,40.119804],[-3.31465,40.127907],[-3.309891,40.131152],[-3.307563,40.131815],[-3.296616,40.131311],[-3.299244,40.138831],[-3.304289,40.151472],[-3.311612,40.161532],[-3.31657,40.171496],[-3.320356,40.177984],[-3.325698,40.170981],[-3.329025,40.164468],[-3.333258,40.159702],[-3.335142,40.156525],[-3.339661,40.150746],[-3.342547,40.149388],[-3.348661,40.14769],[-3.3532,40.144196],[-3.35841,40.14182],[-3.366222,40.140243],[-3.369662,40.138195],[-3.376434,40.135244],[-3.377702,40.133647]]]}},
{"type":"Feature","id":"ESP:ADM3:ES-MD.berzosa-del-lozoya","properties":{"shapeName":"Berzosa del Lozoya","shapeISO":"","shapeGroup":"ESP","shapeType":"ADM3","adm1ISO":"ES-MD","parentISO":"ES-MD","parentID":"ESP:ADM1:ES-MD","src_shape_id":"28895703B2693273487830"},"geometry":{"type":"Polygon","coordinates":[[[-3.562446,40.956175],[-3.554891,40.952209],[-3.550497,40.952332],[-3.545735,40.950635],[-3.542618,40.950802],[-3.54368,40.954778],[-3.539816,40.959538],[-3.535661,40.959672],[-3.530861,40.962682],[-3.526202,40.964669],[-3.524516,40.964138],[-3.512016,40.96505],[-3.509482,40.964642],[-3.499815,40.975516],[-3.492976,40.978112],[-3.493818,40.981921],[-3.49288,40.983042],[-3.494877,40.985024],[-3.496211,40.989296],[-3.495802,40.994039],[-3.50656,40.992432],[-3.510856,40.992332],[-3.511051,40.994043],[-3.515335,40.993921],[-3.516807,40.98968],[-3.524525,40.989444],[-3.524788,40.986798],[-3.534333,40.983787],[-3.537208,40.982115],[-3.543028,40.980596],[-3.549877,40.978016],[-3.554908,40.974352],[-3.558637,40.972479],[-3.562291,40.972913],[-3.564034,40.970992],[-3.564193,40.96824],[-3.561547,40.96404],[-3.557299,40.959294],[-3.557308,40.957597],[-3.559408,40.956311],[-3.562446,40.956175]]]}},
{"type":"Feature","id":"ESP:ADM3:ES-MD.el-berrueco","properties":{"shapeName":"El Berrueco","shapeISO":"","shapeGroup":"ESP","shapeType":"ADM3","adm1ISO":"ES-MD","parentISO":"ES-MD","parentID":"ESP:ADM1:ES-MD","src_shape_id":"28895703B12897527480942"},"geometry":{"type":"Polygon","coordinates":[[[-3.599347,40.88867],[-3.598197,40.884801],[-3.594425,40.8781],[-3.591265,40.875451],[-3.590503,40.873764],[-3.58757,40.871572],[-3.586209,40.867995],[-3.578344,40.859057],[-3.575259,40.856947],[-3.571699,40.853289],[-3.571011,40.850992],[-3.55486,40.858535],[-3.550134,40.857642],[-3.546674,40.856199],[-3.544005,40.85805],[-3.539829,40.862953],[-3.536535,40.862448],[-3.535026,40.865312],[-3.528193,40.869458],[-3.524743,40.876125],[-3.523292,40.878951],[-3.520436,40.882343],[-3.517463,40.888017],[-3.51671,40.890955],[-3.513162,40.8949],[-3.517819,40.904929],[-3.518378,40.901392],[-3.522296,40.900086],[-3.525764,40.90136],[-3.529961,40.899459],[-3.53529,40.902612],[-3.537991,40.901472],[-3.536699,40.899304],[-3.540131,40.898715],[-3.544698,40.904517],[-3.554135,40.903705],[-3.557992,40.905044],[-3.56262,40.905853],[-3.56524,40.903594],[-3.56863,40.904203],[-3.570576,40.904202],[-3.573664,40.901231],[-3.582068,40.899268],[-3.594517,40.896839],[-3.602571,40.894446],[-3.599347,40.88867]]]}},
{"type":"Feature","id":"ESP:ADM3:ES-MD.boadilla-del-monte","properties":{"shapeName":"Boadilla del Monte","shapeISO":"","shapeGroup":"ESP","shapeType":"ADM3","adm1ISO":"ES-MD","parentISO":"ES-MD","parentID":"ESP:ADM1:ES-MD","src_shape_id":"28895703B3430083147695"},"geometry":{"type":"Polygon","coordinates":[[[-3.837814,40.402973],[-3.840082,40.407088],[-3.840926,40.410049],[-3.842268,40.418699],[-3.843952,40.416887],[-3.846077,40.417603],[-3.847651,40.420742],[-3.851544,40.424836],[-3.852564,40.427074],[-3.853013,40.431102],[-3.856867,40.435678],[-3.857299,40.438063],[-3.861973,40.440416],[-3.86313,40.444082],[-3.877766,40.444589],[-3.882403,40.445456],[-3.889967,40.44964],[-3.896858,40.455562],[-3.899351,40.456182],[-3.904867,40.45192],[-3.906874,40.446484],[-3.909457,40.442843],[-3.911094,40.443343],[-3.919696,40.442654],[-3.923352,40.441875],[-3.925708,40.442726],[-3.9331,40.449955],[-3.943359,40.454533],[-3.944859,40.454856],[-3.945426,40.453065],[-3.949352,40.450305],[-3.949238,40.44729],[-3.951231,40.445413],[-3.950396,40.440968],[-3.952548,40.437894],[-3.951133,40.435666],[-3.952312,40.431206],[-3.951951,40.425347],[-3.946848,40.421813],[-3.947142,40.419502],[-3.949427,40.414427],[-3.948996,40.413779],[-3.94213,40.415239],[-3.938379,40.415026],[-3.930066,40.412261],[-3.926538,40.409674],[-3.921505,40.407101],[-3.913906,40.406674],[-3.909978,40.405776],[-3.900156,40.400517],[-3.891392,40.397807],[-3.887079,40.394485],[-3.885425,40.390625],[-3.886192,40.388492],[-3.882968,40.387748],[-3.878667,40.384239],[-3.871958,40.381541],[-3.867598,40.377683],[-3.860577,40.382197],[-3.854876,40.385165],[-3.845328,40.391196],[-3.842234,40.395705],[-3.841153,40.398339],[-3.837814,40.402973]]]}},
{"type":"Feature","id":"ESP:ADM3:ES-MD.el-boalo","properties":{"shapeName":"El Boalo","shapeISO":"","shapeGroup":"ESP","shapeType":"ADM3","adm1ISO":"ES-MD","parentISO":"ES-MD","parentID":"ESP:ADM1:ES-MD","src_shape_id":"28895703B94184854151499"},"geometry":{"type":"MultiPolygon","coordinates":[[[[-3.83994,40.666179],[-3.83766,40.667101],[-3.832302,40.676803],[-3.83768,40.673415],[-3.844658,40.672135],[-3.846633,40.669047],[-3.845282,40.66752],[-3.83994,40.666179]]],[[[-3.873894,40.681091],[-3.880525,40.681524],[-3.883879,40.680208],[-3.891745,40.679345],[-3.892727,40.680488],[-3.899252,40.68322],[-3.903703,40.680555],[-3.911832,40.676703],[-3.915117,40.67591],[-3.915944,40.675304],[-3.913237,40.674721],[-3.909756,40.675639],[-3.907426,40.677643],[-3.903397,40.679003],[-3.902487,40.677555],[-3.902786,40.674307],[-3.90659,40.673182],[-3.911877,40.6726],[-3.914666,40.671719],[-3.919235,40.672846],[-3.920294,40.672755],[-3.916747,40.663691],[-3.922265,40.664666],[-3.929026,40.663724],[-3.930337,40.659358],[-3.928686,40.657143],[-3.916763,40.660151],[-3.915329,40.656017],[-3.919246,40.648578],[-3.912902,40.649466],[-3.905364,40.653175],[-3.904168,40.656339],[-3.905127,40.659121],[-3.906382,40.666721],[-3.906056,40.668377],[-3.903449,40.669642],[-3.898562,40.669995],[-3.89245,40.667535],[-3.884935,40.663445],[-3.880743,40.660578],[-3.873821,40.657256],[-3.868979,40.661694],[-3.873654,40.665139],[-3.875542,40.668152],[-3.876063,40.671392],[-3.878288,40.676379],[-3.877698,40.679053],[-3.873894,40.681091]]],[[[-3.951214,40.721956],[-3.93777,40.727225],[-3.93353,40.723832],[-3.936824,40.715363],[-3.940725,40.712553],[-3.945409,40.708189],[-3.95289,40.700287],[-3.952454,40.69301],[-3.948918,40.689338],[-3.944735,40.686517],[-3.937139,40.683324],[-3.934134,40.68152],[-3.926682,40.679942],[-3.924337,40.677499],[-3.924658,40.679875],[-3.917788,40.684938],[-3.913044,40.687537],[-3.905611,40.696816],[-3.902489,40.699275],[-3.89327,40.703001],[-3.891673,40.704782],[-3.893869,40.709256],[-3.893218,40.714436],[-3.89752,40.71853],[-3.898603,40.723457],[-3.901005,40.73],[-3.903549,40.731781],[-3.906924,40.738614],[-3.912486,40.740062],[-3.921023,40.743234],[-3.925117,40.746625],[-3.928832,40.748489],[-3.933491,40.75232],[-3.942064,40.755185],[-3.946997,40.758393],[-3.951843,40.76351],[-3.955059,40.764882],[-3.960267,40.765661],[-3.965122,40.768198],[-3.968603,40.767111],[-3.962716,40.764876],[-3.960592,40.75959],[-3.960148,40.753965],[-3.961057,40.750302],[-3.96041,40.745518],[-3.960493,40.741238],[-3.959926,40.733903],[-3.958214,40.729127],[-3.954511,40.725231],[-3.953467,40.72308],[-3.951214,40.721956]]]]}},
{"type":"Feature","id":"ESP:ADM3:ES-MD.braojos","properties":{"shapeName":"Braojos","shapeISO":"","shapeGroup":"ESP","shapeType":"ADM3","adm1ISO":"ES-MD","parentISO":"ES-MD","parentID":"ESP:ADM1:ES-MD","src_shape_id":"28895703B5790473821747"},"geometry":{"type":"Polygon","coordinates":[[[-3.676065,41.086696],[-3.679537,41.08423],[-3.687404,41.084942],[-3.69768,41.081876],[-3.706195,41.07686],[-3.692317,41.061022],[-3.679612,41.054453],[-3.672062,41.041982],[-3.661778,41.037429],[-3.655744,41.033312],[-3.652065,41.031707],[-3.650622,41.03316],[-3.646205,41.03293],[-3.642437,41.031864],[-3.640212,41.029395],[-3.637234,41.029059],[-3.634354,41.030678],[-3.633633,41.033149],[-3.632003,41.033864],[-3.626613,41.044746],[-3.623048,41.050377],[-3.624973,41.061668],[-3.624689,41.064954],[-3.628132,41.068857],[-3.634319,41.070533],[-3.643187,41.073906],[-3.648217,41.074106],[-3.652757,41.075432],[-3.656721,41.077671],[-3.667321,41.081366],[-3.674566,41.085037],[-3.676065,41.086696]]]}},
{"type":"Feature","id":"ESP:ADM3:ES-MD.brea-de-tajo","properties":{"shapeName":"Brea de Tajo","shapeISO":"","shapeGroup":"ESP","shapeType":"ADM3","adm1ISO":"ES-MD","parentISO":"ES-MD","parentID":"ESP:ADM1:ES-MD","src_shape_id":"28895703B72624762017121"},"geometry":{"type":"Polygon","coordinates":[[[-3.173397,40.23417],[-3.168671,40.2334],[-3.162488,40.231175],[-3.160716,40.229273],[-3.157417,40.227451],[-3.150904,40.222838],[-3.14923,40.220861],[-3.145709,40.220462],[-3.134653,40.215356],[-3.129772,40.213559],[-3.125234,40.210004],[-3.114644,40.206177],[-3.111498,40.204473],[-3.107009,40.203078],[-3.099192,40.202546],[-3.090955,40.201267],[-3.088234,40.20032],[-3.081587,40.203873],[-3.079456,40.208382],[-3.082535,40.21446],[-3.080686,40.217643],[-3.07936,40.223696],[-3.079704,40.227773],[-3.080892,40.2294],[-3.086867,40.23383],[-3.089768,40.238761],[-3.089591,40.240139],[-3.08662,40.245282],[-3.087827,40.248369],[-3.091492,40.250156],[-3.095569,40.256084],[-3.097121,40.256993],[-3.099653,40.261421],[-3.096398,40.266896],[-3.096024,40.269086],[-3.098813,40.274614],[-3.101528,40.278092],[-3.107726,40.280606],[-3.109443,40.285193],[-3.112674,40.285478],[-3.128241,40.278787],[-3.129852,40.27652],[-3.135213,40.272628],[-3.137696,40.271503],[-3.139739,40.269111],[-3.143506,40.266392],[-3.150532,40.265338],[-3.153718,40.263714],[-3.155626,40.259411],[-3.161526,40.255269],[-3.165276,40.24995],[-3.170479,40.243698],[-3.173226,40.236751],[-3.173397,40.23417]]]}},
{"type":"Feature","id":"ESP:ADM3:ES-MD.brunete","properties":{"shapeName":"Brunete","shapeISO":"","shapeGroup":"ESP","shapeType":"ADM3","adm1ISO":"ES-MD","parentISO":"ES-MD","parentID":"ESP:ADM1:ES-MD","src_shape_id":"28895703B5056737018955"},"geometry":{"type":"Polygon","coordinates":[[[-4.04649,40.388313],[-4.041035,40.385049],[-4.03951,40.382277],[-4.035842,40.379744],[-4.03516,40.378373],[-4.029117,40.376756],[-4.029123,40.37477],[-4.027011,40.373335],[-4.022898,40.372612],[-4.016748,40.36793],[-4.013306,40.36685],[-4.011283,40.364432],[-4.007427,40.363475],[-4.006971,40.360626],[-4.005283,40.359293],[-4.000756,40.362148],[-3.996219,40.36333],[-3.990944,40.363734],[-3.980848,40.369945],[-3.975984,40.368201],[-3.973673,40.368073],[-3.966791,40.370341],[-3.964351,40.370589],[-3.95056,40.367844],[-3.946054,40.370866],[-3.943941,40.376059],[-3.946711,40.379306],[-3.947532,40.384404],[-3.950702,40.388296],[-3.950746,40.389878],[-3.947028,40.393239],[-3.945353,40.395815],[-3.946918,40.408039],[-3.951866,40.407695],[-3.958143,40.411397],[-3.961988,40.412647],[-3.96942,40.417012],[-3.976934,40.425707],[-3.978986,40.431423],[-3.979694,40.436276],[-3.982971,40.435668],[-3.985486,40.432786],[-3.988332,40.433311],[-3.991368,40.431672],[-3.995806,40.430944],[-4.004469,40.432677],[-4.007944,40.435465],[-4.015152,40.435746],[-4.01975,40.433724],[-4.021891,40.429591],[-4.026023,40.428222],[-4.027408,40.426814],[-4.030371,40.420326],[-4.030469,40.417006],[-4.034316,40.414241],[-4.03561,40.411774],[-4.033692,40.410488],[-4.037969,40.40553],[-4.043518,40.399933],[-4.044017,40.397453],[-4.042043,40.39524],[-4.045316,40.393785],[-4.045495,40.390103],[-4.04649,40.388313]]]}},
{"type":"Feature","id":"ESP:ADM3:ES-MD.buitrago-del-lozoya","properties":{"shapeName":"Buitrago del Lozoya","shapeISO":"","shapeGroup":"ESP","shapeType":"ADM3","adm1ISO":"ES-MD","parentISO":"ES-MD","parentID":"ESP:ADM1:ES-MD","src_shape_id":"28895703B93111563109394"},"geometry":{"type":"Polygon","coordinates":[[[-3.665592,40.995328],[-3.668712,40.992034],[-3.665684,40.987912],[-3.65941,40.986698],[-3.658146,40.984341],[-3.65424,40.980445],[-3.657073,40.97885],[-3.656963,40.976354],[-3.656489,40.973541],[-3.652814,40.976069],[-3.648475,40.976939],[-3.648216,40.974523],[-3.651091,40.971031],[-3.652602,40.967883],[-3.654006,40.962264],[-3.654088,40.959534],[-3.650491,40.958649],[-3.647937,40.955702],[-3.644461,40.9537],[-3.638353,40.957213],[-3.63303,40.961042],[-3.629384,40.961546],[-3.625202,40.966637],[-3.623902,40.970347],[-3.61862,40.970741],[-3.613092,40.973736],[-3.60621,40.973445],[-3.604393,40.975816],[-3.601765,40.976869],[-3.603105,40.979879],[-3.597489,40.983551],[-3.591176,40.982729],[-3.588246,40.981801],[-3.585067,40.982387],[-3.580997,40.986962],[-3.580426,40.991021],[-3.58297,40.992908],[-3.590343,40.995571],[-3.591992,40.998168],[-3.599485,40.998355],[-3.603239,41.002994],[-3.604426,41.0055],[-3.609263,41.00983],[-3.614656,41.01114],[-3.618254,41.011306],[-3.618035,41.012974],[-3.61906,41.021116],[-3.623046,41.022497],[-3.625342,41.024411],[-3.628776,41.021085],[-3.632834,41.020254],[-3.634538,41.020894],[-3.635488,41.017971],[-3.63424,41.01731],[-3.634532,41.014182],[-3.633119,41.007884],[-3.635878,41.001869],[-3.640955,41.001786],[-3.642174,41.003967],[-3.645606,41.002571],[-3.647952,41.003742],[-3.649937,41.001679],[-3.65291,41.002763],[-3.652351,41.005236],[-3.654214,41.007268],[-3.655804,41.0075],[-3.657438,41.00373],[-3.659987,41.002884],[-3.656213,40.999947],[-3.651171,40.997707],[-3.6549,40.994843],[-3.659256,40.994543],[-3.665592,40.995328]]]}},
{"type":"Feature","id":"ESP:ADM3:ES-MD.bustarviejo","properties":{"shapeName":"Bustarviejo","shapeISO":"","shapeGroup":"ESP","shapeType":"ADM3","adm1ISO":"ES-MD","parentISO":"ES-MD","parentID":"ESP:ADM1:ES-MD","src_shape_id":"28895703B51211416778287"},"geometry":{"type":"Polygon","coordinates":[[[-3.789403,40.846532],[-3.786732,40.844089],[-3.785051,40.840532],[-3.78466,40.8371],[-3.78218,40.835902],[-3.779645,40.8308],[-3.775298,40.828173],[-3.773495,40.825458],[-3.768764,40.825432],[-3.759251,40.820744],[-3.752219,40.815108],[-3.746898,40.811554],[-3.747218,40.810326],[-3.744584,40.806589],[-3.741339,40.804785],[-3.734339,40.804932],[-3.732717,40.802992],[-3.724444,40.800186],[-3.722676,40.797377],[-3.719378,40.794856],[-3.716275,40.794638],[-3.71524,40.796176],[-3.709405,40.798529],[-3.701434,40.799809],[-3.701238,40.808552],[-3.701836,40.815325],[-3.701281,40.816852],[-3.701306,40.824387],[-3.691264,40.827033],[-3.68556,40.829842],[-3.681551,40.830625],[-3.678496,40.833078],[-3.67113,40.833476],[-3.676406,40.838988],[-3.676571,40.842643],[-3.680327,40.848328],[-3.68082,40.851588],[-3.678681,40.857837],[-3.681169,40.858274],[-3.683354,40.86291],[-3.683349,40.867425],[-3.684504,40.869731],[-3.689868,40.873926],[-3.693987,40.880447],[-3.695803,40.880635],[-3.70389,40.877826],[-3.712783,40.876439],[-3.717736,40.876714],[-3.721595,40.8745],[-3.722692,40.871932],[-3.72479,40.871539],[-3.72871,40.87302],[-3.73703,40.873897],[-3.739165,40.87483],[-3.741415,40.873016],[-3.743757,40.872708],[-3.746574,40.870091],[-3.748868,40.869448],[-3.751799,40.867217],[-3.755867,40.866854],[-3.76271,40.869177],[-3.770366,40.866307],[-3.773913,40.865979],[-3.775693,40.864039],[-3.775496,40.861131],[-3.784166,40.855315],[-3.784436,40.850045],[-3.789403,40.846532]]]}},
{"type":"Feature","id":"ESP:ADM3:ES-MD.cabanillas-de-la-sierra","properties":{"shapeName":"Cabanillas de la Sierra","shapeISO":"","shapeGroup":"ESP","shapeType":"ADM3","adm1ISO":"ES-MD","parentISO":"ES-MD","parentID":"ESP:ADM1:ES-MD","src_shape_id":"28895703B59608067406081"},"geometry":{"type":"Polygon","coordinates":[[[-3.659619,40.804866],[-3.652472,40.803697],[-3.650973,40.801084],[-3.649809,40.802292],[-3.644155,40.805103],[-3.640053,40.808024],[-3.639423,40.811003],[-3.636592,40.812533],[-3.635124,40.810612],[-3.630296,40.809142],[-3.624484,40.808357],[-3.618059,40.808903],[-3.613313,40.809787],[-3.614417,40.815411],[-3.613187,40.818723],[-3.608265,40.822141],[-3.613173,40.829805],[-3.615386,40.834072],[-3.617817,40.835805],[-3.616632,40.84111],[-3.619051,40.840478],[-3.624999,40.841346],[-3.630405,40.844365],[-3.635383,40.846511],[-3.640337,40.849615],[-3.642808,40.85181],[-3.644874,40.848701],[-3.648592,40.846108],[-3.651289,40.84222],[-3.65006,40.838242],[-3.650924,40.835195],[-3.652957,40.83351],[-3.652963,40.826586],[-3.651322,40.825617],[-3.65475,40.817666],[-3.654057,40.813143],[-3.655992,40.808269],[-3.65932,40.806103],[-3.659619,40.804866]]]}},
{"type":"Feature","id":"ESP:ADM3:ES-MD.la-cabrera","properties":{"shapeName":"La Cabrera","shapeISO":"","shapeGroup":"ESP","shapeType":"ADM3","adm1ISO":"ES-MD","parentISO":"ES-MD","parentID":"ESP:ADM1:ES-MD","src_shape_id":"28895703B14055950328325"},"geometry":{"type":"Polygon","coordinates":[[[-3.599347,40.88867],[-3.609928,40.885336],[-3.619037,40.881993],[-3.62208,40.882723],[-3.63419,40.880758],[-3.639276,40.879346],[-3.650423,40.879747],[-3.647873,40.876056],[-3.647635,40.870201],[-3.645321,40.866744],[-3.643894,40.858747],[-3.643074,40.856608],[-3.642808,40.85181],[-3.640337,40.849615],[-3.635383,40.846511],[-3.630405,40.844365],[-3.624999,40.841346],[-3.619051,40.840478],[-3.616632,40.84111],[-3.607247,40.842456],[-3.604707,40.84218],[-3.599251,40.845834],[-3.584548,40.847299],[-3.576548,40.848519],[-3.571011,40.850992],[-3.571699,40.853289],[-3.575259,40.856947],[-3.578344,40.859057],[-3.586209,40.867995],[-3.58757,40.871572],[-3.590503,40.873764],[-3.591265,40.875451],[-3.594425,40.8781],[-3.598197,40.884801],[-3.599347,40.88867]]]}},
{"type":"Feature","id":"ESP:ADM3:ES-MD.cadalso-de-los-vidrios","properties":{"shapeName":"Cadalso de los Vidrios","shapeISO":"","shapeGroup":"ESP","shapeType":"ADM3","adm1ISO":"ES-MD","parentISO":"ES-MD","parentID":"ESP:ADM1:ES-MD","src_shape_id":"28895703B16127110537978"},"geometry":{"type":"Polygon","coordinates":[[[-4.494389,40.278541],[-4.484426,40.278818],[-4.476974,40.283008],[-4.468095,40.280477],[-4.461978,40.278292],[-4.454119,40.274484],[-4.447958,40.271963],[-4.446856,40.269797],[-4.443665,40.266835],[-4.438368,40.263652],[-4.435002,40.259339],[-4.43054,40.259062],[-4.427173,40.257557],[-4.427026,40.261394],[-4.420045,40.265081],[-4.415207,40.270005],[-4.40904,40.273956],[-4.407676,40.273702],[-4.40059,40.281916],[-4.397273,40.284649],[-4.392617,40.286937],[-4.389265,40.28668],[-4.384514,40.28827],[-4.385052,40.290214],[-4.384723,40.294764],[-4.382998,40.29923],[-4.386968,40.301509],[-4.381628,40.3073],[-4.383408,40.308552],[-4.381336,40.312487],[-4.378317,40.314815],[-4.38011,40.318341],[-4.382685,40.319575],[-4.387023,40.320421],[-4.391718,40.322668],[-4.395897,40.324014],[-4.406567,40.329423],[-4.412767,40.330499],[-4.418533,40.332318],[-4.429387,40.329958],[-4.432137,40.328554],[-4.442553,40.328165],[-4.447069,40.329607],[-4.453813,40.333094],[-4.453084,40.32956],[-4.453164,40.324758],[-4.456214,40.320722],[-4.455762,40.319351],[-4.461322,40.319293],[-4.464965,40.318436],[-4.467287,40.320209],[-4.472475,40.320265],[-4.470686,40.317675],[-4.466192,40.317312],[-4.467493,40.312654],[-4.466646,40.308672],[-4.471202,40.307032],[-4.476337,40.303731],[-4.474915,40.301626],[-4.477432,40.298629],[-4.479085,40.298891],[-4.484331,40.296241],[-4.48716,40.293375],[-4.494572,40.288745],[-4.497296,40.288285],[-4.505487,40.283385],[-4.502803,40.281789],[-4.496482,40.280579],[-4.494389,40.278541]]]}},
{"type":"Feature","id":"ESP:ADM3:ES-MD.camarma-de-esteruelas","properties":{"shapeName":"Camarma de Esteruelas","shapeISO":"","shapeGroup":"ESP","shapeType":"ADM3","adm1ISO":"ES-MD","parentISO":"ES-MD","parentID":"ESP:ADM1:ES-MD","src_shape_id":"28895703B99887558718652"},"geometry":{"type":"Polygon","coordinates":[[[-3.350039,40.531628],[-3.35254,40.539707],[-3.354566,40.542619],[-3.357252,40.549472],[-3.360065,40.551949],[-3.357635,40.552674],[-3.362281,40.558471],[-3.360667,40.560301],[-3.363494,40.56171],[-3.360209,40.56556],[-3.358079,40.566733],[-3.357009,40.569194],[-3.353836,40.569678],[-3.349268,40.573589],[-3.341485,40.579018],[-3.348259,40.581738],[-3.342122,40.585228],[-3.343034,40.586805],[-3.340246,40.589451],[-3.339795,40.591531],[-3.33706,40.591798],[-3.336342,40.594426],[-3.338364,40.596826],[-3.340983,40.596767],[-3.349956,40.602087],[-3.358154,40.602345],[-3.363434,40.603509],[-3.372819,40.607972],[-3.375894,40.606066],[-3.382185,40.608166],[-3.381604,40.606087],[-3.38572,40.604077],[-3.383548,40.600041],[-3.38505,40.598419],[-3.383715,40.596058],[-3.385555,40.592587],[-3.383676,40.587057],[-3.381526,40.584552],[-3.385784,40.580072],[-3.389282,40.578963],[-3.388561,40.574439],[-3.39127,40.57192],[-3.392987,40.5715],[-3.395526,40.574556],[-3.401466,40.567121],[-3.403301,40.56129],[-3.399776,40.558022],[-3.401352,40.556232],[-3.404797,40.554706],[-3.409924,40.548742],[-3.414557,40.54876],[-3.415815,40.545404],[-3.415598,40.541326],[-3.418546,40.537425],[-3.417865,40.536502],[-3.411996,40.535984],[-3.411583,40.529955],[-3.407283,40.530402],[-3.405372,40.529497],[-3.406308,40.527238],[-3.405002,40.526065],[-3.398696,40.526704],[-3.393089,40.523947],[-3.38605,40.526872],[-3.377515,40.528888],[-3.370166,40.527725],[-3.366689,40.528653],[-3.364798,40.527266],[-3.363063,40.523204],[-3.359953,40.523646],[-3.35458,40.526191],[-3.352281,40.526574],[-3.350039,40.531628]]]}},
{"type":"Feature","id":"ESP:ADM3:ES-MD.campo-real","properties":{"shapeName":"Campo Real","shapeISO":"","shapeGroup":"ESP","shapeType":"ADM3","adm1ISO":"ES-MD","parentISO":"ES-MD","parentID":"ESP:ADM1:ES-MD","src_shape_id":"28895703B26313972694051"},"geometry":{"type":"Polygon","coordinates":[[[-3.369746,40.265333],[-3.365129,40.266888],[-3.357354,40.270588],[-3.348381,40.273796],[-3.344541,40.281624],[-3.340933,40.289905],[-3.340046,40.296179],[-3.337975,40.304051],[-3.333721,40.315632],[-3.319567,40.324618],[-3.31286,40.328616],[-3.313978,40.332092],[-3.317347,40.335568],[-3.325463,40.341945],[-3.335588,40.348562],[-3.344831,40.355474],[-3.347576,40.356785],[-3.350154,40.359153],[-3.356032,40.362251],[-3.361453,40.362172],[-3.366286,40.360824],[-3.371771,40.360564],[-3.374681,40.362916],[-3.376499,40.363282],[-3.380888,40.362189],[-3.390469,40.359005],[-3.394411,40.359782],[-3.403014,40.356905],[-3.405272,40.353414],[-3.41307,40.351606],[-3.415675,40.352225],[-3.426226,40.34971],[-3.4272,40.346589],[-3.429076,40.345111],[-3.431579,40.338746],[-3.431245,40.33201],[-3.432044,40.321891],[-3.429659,40.317093],[-3.424446,40.314798],[-3.415436,40.313396],[-3.41225,40.311038],[-3.407925,40.309078],[-3.408289,40.306301],[-3.401908,40.305098],[-3.400496,40.302978],[-3.398528,40.304226],[-3.396046,40.303522],[-3.395432,40.301801],[-3.391767,40.300418],[-3.386705,40.299524],[-3.383837,40.300016],[-3.382439,40.297744],[-3.379644,40.297809],[-3.376772,40.293891],[-3.377917,40.288919],[-3.381529,40.283401],[-3.384333,40.280899],[-3.373973,40.270977],[-3.369746,40.265333]]]}},
{"type":"Feature","id":"ESP:ADM3:ES-MD.canencia","properties":{"shapeName":"Canencia","shapeISO":"","shapeGroup":"ESP","shapeType":"ADM3","adm1ISO":"ES-MD","parentISO":"ES-MD","parentID":"ESP:ADM1:ES-MD","src_shape_id":"28895703B5188151635405"},"geometry":{"type":"Polygon","coordinates":[[[-3.819397,40.860542],[-3.819396,40.858529],[-3.816628,40.856273],[-3.811145,40.856367],[-3.808689,40.854754],[-3.80161,40.851562],[-3.798172,40.850701],[-3.798242,40.849004],[-3.796179,40.846708],[-3.789403,40.846532],[-3.784436,40.850045],[-3.784166,40.855315],[-3.775496,40.861131],[-3.775693,40.864039],[-3.773913,40.865979],[-3.770366,40.866307],[-3.76271,40.869177],[-3.755867,40.866854],[-3.751799,40.867217],[-3.748868,40.869448],[-3.746574,40.870091],[-3.743757,40.872708],[-3.741415,40.873016],[-3.739165,40.87483],[-3.73703,40.873897],[-3.72871,40.87302],[-3.72479,40.871539],[-3.722692,40.871932],[-3.721595,40.8745],[-3.717736,40.876714],[-3.712783,40.876439],[-3.70389,40.877826],[-3.695803,40.880635],[-3.697276,40.884445],[-3.700059,40.888364],[-3.706704,40.891511],[-3.709943,40.892461],[-3.712136,40.895272],[-3.715414,40.896304],[-3.718464,40.905685],[-3.716863,40.909203],[-3.717802,40.913762],[-3.717352,40.916835],[-3.720042,40.922707],[-3.724622,40.927152],[-3.724353,40.929815],[-3.725303,40.935012],[-3.732043,40.9365],[-3.734358,40.93641],[-3.734454,40.940421],[-3.73686,40.94169],[-3.741741,40.93922],[-3.742961,40.939705],[-3.745893,40.93697],[-3.751312,40.934316],[-3.758056,40.930065],[-3.761109,40.929162],[-3.767126,40.92543],[-3.773037,40.925172],[-3.776717,40.922746],[-3.777873,40.920344],[-3.783894,40.916193],[-3.787031,40.913274],[-3.785147,40.911681],[-3.788632,40.906443],[-3.791777,40.905179],[-3.795385,40.902457],[-3.798551,40.901308],[-3.799785,40.897039],[-3.802299,40.894834],[-3.803682,40.891228],[-3.80873,40.88821],[-3.810772,40.877814],[-3.81594,40.868496],[-3.815824,40.864044],[-3.819397,40.860542]]]}},
{"type":"Feature","id":"ESP:ADM3:ES-MD.carabana","properties":{"shapeName":"Carabaña","shapeISO":"","shapeGroup":"ESP","shapeType":"ADM3","adm1ISO":"ES-MD","parentISO":"ES-MD","parentID":"ESP:ADM1:ES-MD","src_shape_id":"28895703B10656499246842"},"geometry":{"type":"Polygon","coordinates":[[[-3.197205,40.257547],[-3.206646,40.262738],[-3.207488,40.264161],[-3.21439,40.270507],[-3.218769,40.273132],[-3.222669,40.276339],[-3.231408,40.287036],[-3.236758,40.291078],[-3.245215,40.29604],[-3.250839,40.301085],[-3.252134,40.303479],[-3.255888,40.300946],[-3.268261,40.294164],[-3.277508,40.280206],[-3.279061,40.278237],[-3.281587,40.271066],[-3.281676,40.266369],[-3.284897,40.262311],[-3.283552,40.261168],[-3.282995,40.255685],[-3.284317,40.251042],[-3.279344,40.247564],[-3.27837,40.233773],[-3.276237,40.231714],[-3.272671,40.220362],[-3.270434,40.214779],[-3.26298,40.212472],[-3.25451,40.213231],[-3.241656,40.213921],[-3.239737,40.212862],[-3.237064,40.213886],[-3.23365,40.219191],[-3.230928,40.218319],[-3.227699,40.219907],[-3.226395,40.221693],[-3.222022,40.224354],[-3.220242,40.226248],[-3.219967,40.229559],[-3.21736,40.233081],[-3.218253,40.236386],[-3.21705,40.237873],[-3.20473,40.243604],[-3.201193,40.24444],[-3.194449,40.248037],[-3.194824,40.255082],[-3.197205,40.257547]]]}},
{"type":"Feature","id":"ESP:ADM3:ES-MD.casarrubuelos","properties":{"shapeName":"Casarrubuelos","shapeISO":"","shapeGroup":"ESP","shapeType":"ADM3","adm1ISO":"ES-MD","parentISO":"ES-MD","parentID":"ESP:ADM1:ES-MD","src_shape_id":"28895703B48612667306576"},"geometry":{"type":"Polygon","coordinates":[[[-3.853529,40.179384],[-3.851445,40.177515],[-3.852797,40.169241],[-3.850582,40.167796],[-3.844318,40.165263],[-3.840838,40.162664],[-3.834186,40.161353],[-3.817777,40.171224],[-3.814294,40.169739],[-3.810364,40.169003],[-3.809171,40.170859],[-3.806751,40.177222],[-3.807882,40.179475],[-3.812544,40.178358],[-3.818817,40.179375],[-3.828741,40.178962],[-3.830047,40.179609],[-3.8336,40.178603],[-3.84523,40.179149],[-3.848612,40.179965],[-3.853529,40.179384]]]}},
{"type":"Feature","id":"ESP:ADM3:ES-MD.cenicientos","properties":{"shapeName":"Cenicientos","shapeISO":"","shapeGroup":"ESP","shapeType":"ADM3","adm1ISO":"ES-MD","parentISO":"ES-MD","parentID":"ESP:ADM1:ES-MD","src_shape_id":"28895703B1979712016829"},"geometry":{"type":"Polygon","coordinates":[[[-4.494389,40.278541],[-4.496791,40.277706],[-4.50031,40.279547],[-4.505029,40.280435],[-4.509986,40.277333],[-4.516889,40.270651],[-4.543751,40.268745],[-4.556092,40.26614],[-4.560834,40.261965],[-4.563322,40.261646],[-4.568788,40.258712],[-4.569479,40.257298],[-4.567907,40.250218],[-4.567641,40.24132],[-4.567123,40.239847],[-4.560649,40.236095],[-4.559616,40.234287],[-4.559797,40.229981],[-4.560907,40.222794],[-4.565676,40.218188],[-4.569712,40.218208],[-4.574542,40.219768],[-4.576645,40.219299],[-4.579076,40.217196],[-4.575433,40.215662],[-4.572683,40.212651],[-4.573812,40.208542],[-4.57505,40.206727],[-4.567521,40.205517],[-4.558264,40.202832],[-4.550713,40.201672],[-4.535364,40.199343],[-4.533934,40.200799],[-4.530447,40.200022],[-4.526924,40.200352],[-4.524148,40.201808],[-4.521332,40.202154],[-4.519907,40.202221],[-4.516971,40.205201],[-4.517505,40.208292],[-4.516535,40.211446],[-4.51693,40.214721],[-4.514419,40.216883],[-4.509789,40.21919],[-4.504886,40.220798],[-4.50238,40.220604],[-4.500033,40.221997],[-4.497504,40.221615],[-4.483257,40.227041],[-4.477056,40.230109],[-4.472395,40.231435],[-4.469612,40.231176],[-4.464638,40.232254],[-4.454472,40.232525],[-4.44751,40.233648],[-4.437792,40.237967],[-4.435387,40.240439],[-4.434525,40.244315],[-4.435866,40.250172],[-4.436357,40.255105],[-4.435002,40.259339],[-4.438368,40.263652],[-4.443665,40.266835],[-4.446856,40.269797],[-4.447958,40.271963],[-4.454119,40.274484],[-4.461978,40.278292],[-4.468095,40.280477],[-4.476974,40.283008],[-4.484426,40.278818],[-4.494389,40.278541]]]}},
{"type":"Feature","id":"ESP:ADM3:ES-MD.cercedilla","properties":{"shapeName":"Cercedilla","shapeISO":"","shapeGroup":"ESP","shapeType":"ADM3","adm1ISO":"ES-MD","parentISO":"ES-MD","parentID":"ESP:ADM1:ES-MD","src_shape_id":"28895703B15689229626676"},"geometry":{"type":"Polygon","coordinates":[[[-4.096991,40.747739],[-4.087101,40.737358],[-4.083185,40.734261],[-4.080307,40.731139],[-4.074337,40.726177],[-4.06787,40.723972],[-4.065714,40.722542],[-4.064896,40.718804],[-4.059135,40.714909],[-4.050438,40.714646],[-4.046073,40.716951],[-4.040468,40.718666],[-4.042152,40.721348],[-4.038601,40.723895],[-4.037193,40.727819],[-4.037352,40.730277],[-4.032783,40.733523],[-4.031402,40.735195],[-4.033281,40.737746],[-4.032696,40.738966],[-4.036114,40.740115],[-4.035992,40.743223],[-4.033743,40.746083],[-4.034447,40.749284],[-4.034967,40.750807],[-4.034329,40.75594],[-4.035331,40.757946],[-4.030858,40.762135],[-4.0294,40.767396],[-4.022557,40.77271],[-4.022857,40.777649],[-4.02478,40.779667],[-4.021317,40.781192],[-4.032392,40.781612],[-4.036312,40.783536],[-4.042201,40.783789],[-4.04549,40.788911],[-4.046968,40.790178],[-4.053514,40.79064],[-4.059591,40.792307],[-4.070092,40.793915],[-4.0767,40.788881],[-4.078758,40.782226],[-4.081036,40.776601],[-4.08625,40.772374],[-4.092551,40.768814],[-4.096686,40.764221],[-4.094375,40.761149],[-4.094307,40.755303],[-4.096991,40.747739]]]}},
{"type":"Feature","id":"ESP:ADM3:ES-MD.cervera-de-buitrago","properties":{"shapeName":"Cervera de Buitrago","shapeISO":"","shapeGroup":"ESP","shapeType":"ADM3","adm1ISO":"ES-MD","parentISO":"ES-MD","parentID":"ESP:ADM1:ES-MD","src_shape_id":"28895703B9095009818263"},"geometry":{"type":"Polygon","coordinates":[[[-3.502598,40.92456],[-3.506923,40.925257],[-3.510153,40.926879],[-3.51757,40.931584],[-3.524381,40.933989],[-3.529515,40.934723],[-3.534956,40.934799],[-3.539494,40.931954],[-3.541272,40.927974],[-3.544279,40.930504],[-3.54759,40.927272],[-3.547759,40.923269],[-3.549732,40.921244],[-3.54169,40.920824],[-3.539324,40.91786],[-3.538814,40.914037],[-3.539751,40.912442],[-3.545288,40.911355],[-3.546744,40.908321],[-3.544698,40.904517],[-3.540131,40.898715],[-3.536699,40.899304],[-3.537991,40.901472],[-3.53529,40.902612],[-3.529961,40.899459],[-3.525764,40.90136],[-3.522296,40.900086],[-3.518378,40.901392],[-3.517819,40.904929],[-3.518855,40.906893],[-3.515822,40.908365],[-3.512096,40.906588],[-3.504314,40.904605],[-3.501432,40.905094],[-3.496999,40.903444],[-3.495162,40.90573],[-3.491123,40.904052],[-3.490488,40.906094],[-3.494006,40.906417],[-3.497066,40.909812],[-3.50153,40.913648],[-3.501607,40.91691],[-3.503368,40.920851],[-3.502598,40.92456]]]}},
{"type":"Feature","id":"ESP:ADM3:ES-MD.ciempozuelos","properties":{"shapeName":"Ciempozuelos","shapeISO":"","shapeGroup":"ESP","shapeType":"ADM3","adm1ISO":"ES-MD","parentISO":"ES-MD","parentID":"ESP:ADM1:ES-MD","src_shape_id":"28895703B36195495525100"},"geometry":{"type":"Polygon","coordinates":[[[-3.583741,40.128514],[-3.583,40.130831],[-3.583806,40.133271],[-3.581034,40.136593],[-3.574824,40.139662],[-3.574256,40.141857],[-3.576238,40.144162],[-3.575285,40.146558],[-3.573335,40.147845],[-3.567291,40.148457],[-3.565877,40.150016],[-3.565822,40.154595],[-3.563863,40.156317],[-3.56361,40.160514],[-3.56392,40.168814],[-3.561956,40.171128],[-3.557581,40.172952],[-3.557142,40.174138],[-3.547448,40.175675],[-3.544589,40.177415],[-3.541511,40.181978],[-3.54764,40.183017],[-3.551915,40.184435],[-3.553801,40.183753],[-3.559449,40.189861],[-3.566063,40.191703],[-3.591564,40.196366],[-3.594628,40.18701],[-3.594748,40.18531],[-3.601632,40.169039],[-3.601432,40.166353],[-3.602847,40.161657],[-3.605012,40.160357],[-3.608198,40.159944],[-3.610361,40.1625],[-3.61654,40.168126],[-3.628304,40.175081],[-3.635424,40.177294],[-3.636551,40.178207],[-3.640164,40.176874],[-3.642507,40.17703],[-3.646535,40.175893],[-3.646497,40.174708],[-3.639574,40.169823],[-3.635444,40.17008],[-3.637757,40.16526],[-3.642051,40.16338],[-3.643383,40.161711],[-3.651815,40.156985],[-3.653963,40.154384],[-3.65481,40.151106],[-3.659896,40.143802],[-3.667313,40.143291],[-3.666181,40.140239],[-3.665832,40.135287],[-3.660349,40.128337],[-3.656683,40.127942],[-3.656332,40.12534],[-3.648149,40.1244],[-3.640772,40.120473],[-3.633181,40.118945],[-3.62668,40.116705],[-3.624469,40.114363],[-3.621209,40.115185],[-3.615649,40.112292],[-3.612389,40.111383],[-3.607628,40.108967],[-3.602047,40.108722],[-3.597748,40.11138],[-3.597168,40.114407],[-3.600566,40.118587],[-3.599429,40.121895],[-3.595724,40.122213],[-3.592983,40.123909],[-3.592644,40.125978],[-3.590037,40.127679],[-3.585871,40.127662],[-3.583741,40.128514]]]}},
{"type":"Feature","id":"ESP:ADM3:ES-MD.cobena","properties":{"shapeName":"Cobeña","shapeISO":"","shapeGroup":"ESP","shapeType":"ADM3","adm1ISO":"ES-MD","parentISO":"ES-MD","parentID":"ESP:ADM1:ES-MD","src_shape_id":"28895703B55196903594646"},"geometry":{"type":"Polygon","coordinates":[[[-3.480977,40.56217],[-3.478716,40.566093],[-3.475905,40.568588],[-3.474058,40.571524],[-3.474617,40.573669],[-3.47343,40.57672],[-3.473185,40.580353],[-3.469714,40.583072],[-3.470794,40.585449],[-3.46771,40.58883],[-3.466084,40.595466],[-3.467463,40.595761],[-3.474765,40.59268],[-3.482875,40.587624],[-3.482454,40.586401],[-3.489611,40.58496],[-3.495557,40.585887],[-3.499654,40.585055],[-3.508056,40.582265],[-3.514552,40.581326],[-3.524647,40.580946],[-3.529266,40.583851],[-3.535161,40.584184],[-3.53979,40.583712],[-3.539625,40.5823],[-3.539691,40.578685],[-3.538303,40.57675],[-3.539325,40.571877],[-3.543012,40.57117],[-3.544055,40.569783],[-3.546057,40.565548],[-3.550399,40.564655],[-3.540565,40.560394],[-3.533396,40.555862],[-3.529237,40.554385],[-3.526818,40.551341],[-3.521894,40.546384],[-3.517973,40.544151],[-3.513515,40.540794],[-3.512216,40.538637],[-3.508285,40.539495],[-3.504428,40.542683],[-3.502424,40.543352],[-3.502895,40.5469],[-3.502419,40.552493],[-3.498125,40.554551],[-3.492948,40.554453],[-3.488761,40.555492],[-3.4877,40.559809],[-3.484303,40.561942],[-3.480977,40.56217]]]}},
{"type":"Feature","id":"ESP:ADM3:ES-MD.colmenar-del-arroyo","properties":{"shapeName":"Colmenar del Arroyo","shapeISO":"","shapeGroup":"ESP","shapeType":"ADM3","adm1ISO":"ES-MD","parentISO":"ES-MD","parentID":"ESP:ADM1:ES-MD","src_shape_id":"28895703B65249254296585"},"geometry":{"type":"Polygon","coordinates":[[[-4.253061,40.405302],[-4.246409,40.395796],[-4.241245,40.395741],[-4.235551,40.393287],[-4.22585,40.39791],[-4.221638,40.401221],[-4.217248,40.403895],[-4.215645,40.402181],[-4.209604,40.402933],[-4.205758,40.404244],[-4.202847,40.404064],[-4.198647,40.40167],[-4.194483,40.403399],[-4.188817,40.401567],[-4.18443,40.403614],[-4.18052,40.403368],[-4.177789,40.398816],[-4.181633,40.396286],[-4.193255,40.391917],[-4.192579,40.389133],[-4.190313,40.386799],[-4.191156,40.384499],[-4.186577,40.380251],[-4.186663,40.378865],[-4.191498,40.374072],[-4.197567,40.366573],[-4.197237,40.364621],[-4.195017,40.364149],[-4.19738,40.360924],[-4.192777,40.358913],[-4.18813,40.359685],[-4.187229,40.355471],[-4.188755,40.352174],[-4.185755,40.351554],[-4.1824,40.347774],[-4.18123,40.351071],[-4.177536,40.351464],[-4.171475,40.353604],[-4.1638,40.354626],[-4.158137,40.353936],[-4.155666,40.354414],[-4.150943,40.356654],[-4.152,40.359103],[-4.151272,40.362539],[-4.146949,40.364698],[-4.146456,40.368336],[-4.149565,40.37201],[-4.150335,40.374919],[-4.154063,40.379337],[-4.15403,40.381419],[-4.158746,40.385701],[-4.159974,40.392175],[-4.163932,40.39473],[-4.163715,40.396013],[-4.160408,40.39874],[-4.161672,40.400353],[-4.159453,40.401743],[-4.159174,40.405044],[-4.156576,40.405808],[-4.155302,40.408971],[-4.15618,40.411485],[-4.155193,40.413153],[-4.156886,40.414709],[-4.160921,40.416243],[-4.16138,40.418293],[-4.158022,40.420808],[-4.159724,40.423519],[-4.164566,40.425565],[-4.161903,40.428659],[-4.164821,40.430011],[-4.165169,40.432459],[-4.168645,40.434822],[-4.169865,40.43688],[-4.17244,40.437093],[-4.180429,40.441578],[-4.181826,40.443259],[-4.189713,40.447648],[-4.193647,40.450917],[-4.200558,40.455166],[-4.205874,40.455045],[-4.208472,40.4515],[-4.214418,40.447826],[-4.218931,40.439338],[-4.22523,40.442347],[-4.231283,40.435372],[-4.235953,40.433325],[-4.236586,40.432319],[-4.238675,40.421505],[-4.244415,40.413691],[-4.250324,40.407101],[-4.253061,40.405302]]]}},
{"type":"Feature","id":"ESP:ADM3:ES-MD.colmenar-de-oreja","properties":{"shapeName":"Colmenar de Oreja","shapeISO":"","shapeGroup":"ESP","shapeType":"ADM3","adm1ISO":"ES-MD","parentISO":"ES-MD","parentID":"ESP:ADM1:ES-MD","src_shape_id":"28895703B52591530867655"},"geometry":{"type":"Polygon","coordinates":[[[-3.515197,40.043283],[-3.511421,40.043148],[-3.510672,40.045823],[-3.507748,40.044371],[-3.505075,40.047158],[-3.499196,40.044993],[-3.496066,40.047385],[-3.490324,40.047371],[-3.488567,40.041319],[-3.485565,40.042138],[-3.485242,40.044484],[-3.48229,40.046009],[-3.477932,40.044834],[-3.472369,40.045708],[-3.473046,40.041799],[-3.470068,40.040702],[-3.460098,40.04544],[-3.45556,40.046421],[-3.453911,40.050186],[-3.446768,40.047836],[-3.448624,40.044253],[-3.447865,40.038543],[-3.445319,40.0373],[-3.440651,40.038941],[-3.434108,40.038841],[-3.432487,40.038099],[-3.429334,40.038882],[-3.429006,40.040614],[-3.42598,40.046586],[-3.424419,40.046868],[-3.421725,40.045061],[-3.416964,40.044645],[-3.414478,40.04215],[-3.409939,40.041795],[-3.40841,40.039731],[-3.410029,40.038099],[-3.402263,40.034313],[-3.394178,40.035513],[-3.391691,40.038937],[-3.391444,40.0409],[-3.393983,40.042234],[-3.394026,40.045686],[-3.391156,40.048615],[-3.386571,40.0498],[-3.385047,40.051874],[-3.38188,40.05152],[-3.376923,40.049987],[-3.374301,40.055032],[-3.374735,40.059615],[-3.377671,40.062284],[-3.379129,40.066166],[-3.377708,40.074767],[-3.37529,40.075393],[-3.360487,40.075507],[-3.35446,40.077321],[-3.34899,40.078056],[-3.345027,40.080107],[-3.349585,40.089679],[-3.349856,40.091456],[-3.34841,40.097978],[-3.347599,40.100093],[-3.344912,40.102355],[-3.343785,40.110048],[-3.352133,40.117489],[-3.360841,40.119007],[-3.373506,40.127416],[-3.377702,40.133647],[-3.38502,40.135338],[-3.386548,40.135831],[-3.390355,40.134135],[-3.396594,40.13348],[-3.402706,40.132148],[-3.405253,40.129969],[-3.413952,40.120515],[-3.415353,40.12121],[-3.42145,40.120381],[-3.431594,40.11796],[-3.433508,40.118922],[-3.43754,40.119344],[-3.440663,40.117031],[-3.44434,40.118152],[-3.44593,40.116849],[-3.451032,40.118244],[-3.45481,40.118165],[-3.455699,40.115089],[-3.457928,40.113682],[-3.459132,40.110896],[-3.460937,40.103318],[-3.463141,40.099597],[-3.470287,40.094629],[-3.479987,40.088691],[-3.487964,40.085998],[-3.497679,40.086469],[-3.502875,40.084864],[-3.509772,40.088454],[-3.52525,40.093478],[-3.531203,40.095685],[-3.544521,40.09934],[-3.549387,40.101946],[-3.560299,40.09959],[-3.564442,40.099556],[-3.567231,40.10031],[-3.574693,40.101216],[-3.577563,40.100808],[-3.580933,40.098985],[-3.585337,40.0926],[-3.584323,40.088177],[-3.585907,40.084447],[-3.587485,40.078823],[-3.589235,40.07678],[-3.590987,40.072853],[-3.590899,40.069546],[-3.594049,40.067029],[-3.59227,40.062052],[-3.589449,40.058174],[-3.587575,40.057878],[-3.581159,40.059481],[-3.580004,40.060505],[-3.570229,40.064336],[-3.560486,40.066519],[-3.556717,40.066529],[-3.542718,40.067914],[-3.53552,40.068196],[-3.533834,40.052045],[-3.540089,40.052189],[-3.545982,40.050594],[-3.544166,40.049269],[-3.540346,40.050389],[-3.534898,40.049535],[-3.531973,40.051924],[-3.529003,40.051718],[-3.527842,40.048515],[-3.52594,40.047709],[-3.524266,40.050467],[-3.519264,40.052363],[-3.518795,40.048404],[-3.516878,40.046763],[-3.513566,40.046335],[-3.515197,40.043283]]]}},
{"type":"Feature","id":"ESP:ADM3:ES-MD.colmenarejo","properties":{"shapeName":"Colmenarejo","shapeISO":"","shapeGroup":"ESP","shapeType":"ADM3","adm1ISO":"ES-MD","parentISO":"ES-MD","parentID":"ESP:ADM1:ES-MD","src_shape_id":"28895703B19717369203922"},"geometry":{"type":"Polygon","coordinates":[[[-4.047298,40.570686],[-4.048973,40.555452],[-4.051138,40.549403],[-4.051305,40.546847],[-4.054298,40.539219],[-4.05341,40.536782],[-4.04608,40.535575],[-4.041271,40.536165],[-4.038293,40.535446],[-4.035673,40.533211],[-4.035484,40.529959],[-4.031642,40.529394],[-4.028319,40.527505],[-4.028992,40.525451],[-4.026169,40.522599],[-4.026519,40.518165],[-4.024063,40.517583],[-4.02159,40.513536],[-4.021721,40.509729],[-4.017624,40.503965],[-4.017698,40.498861],[-4.019141,40.495885],[-4.016226,40.49547],[-4.013047,40.49134],[-4.008764,40.491521],[-4.00542,40.489558],[-4.006614,40.487574],[-4.001104,40.485624],[-4.001343,40.486835],[-3.996973,40.493681],[-3.994946,40.5018],[-3.990748,40.505455],[-3.987969,40.508945],[-3.986742,40.513589],[-3.984587,40.516637],[-3.986158,40.52022],[-3.9888,40.522801],[-3.989266,40.526297],[-3.991101,40.527274],[-3.988727,40.530018],[-3.991794,40.531676],[-3.992115,40.533128],[-3.995388,40.534805],[-4.000823,40.545519],[-3.999682,40.549969],[-4.005088,40.55531],[-4.007091,40.55798],[-4.005256,40.561449],[-4.010788,40.564042],[-4.013132,40.567023],[-4.025539,40.573747],[-4.026197,40.577813],[-4.031488,40.583157],[-4.036077,40.582909],[-4.042799,40.584125],[-4.044557,40.583155],[-4.04772,40.5826],[-4.045097,40.579157],[-4.045416,40.576112],[-4.047298,40.570686]]]}},
{"type":"Feature","id":"ESP:ADM3:ES-MD.colmenar-viejo","properties":{"shapeName":"Colmenar Viejo","shapeISO":"","shapeGroup":"ESP","shapeType":"ADM3","adm1ISO":"ES-MD","parentISO":"ES-MD","parentID":"ESP:ADM1:ES-MD","src_shape_id":"28895703B16501382856607"},"geometry":{"type":"Polygon","coordinates":[[[-3.591791,40.649165],[-3.599512,40.649753],[-3.60676,40.651059],[-3.610715,40.65052],[-3.623104,40.644751],[-3.628161,40.640025],[-3.632483,40.639084],[-3.63931,40.639205],[-3.643716,40.640988],[-3.649592,40.644351],[-3.651557,40.64673],[-3.651031,40.648962],[-3.645881,40.656164],[-3.642619,40.659217],[-3.641806,40.664725],[-3.639363,40.667307],[-3.640639,40.670888],[-3.642572,40.671032],[-3.645,40.673024],[-3.648112,40.673665],[-3.650296,40.676],[-3.65064,40.679497],[-3.649556,40.681648],[-3.642762,40.686255],[-3.641685,40.68903],[-3.644485,40.695408],[-3.646652,40.693846],[-3.650876,40.695133],[-3.654092,40.694233],[-3.659839,40.696324],[-3.664527,40.700837],[-3.669423,40.701313],[-3.675891,40.702648],[-3.679105,40.705441],[-3.680454,40.708225],[-3.678072,40.71326],[-3.673955,40.717396],[-3.674059,40.718875],[-3.677311,40.721033],[-3.677055,40.723284],[-3.675832,40.728383],[-3.681059,40.728815],[-3.686985,40.730218],[-3.689338,40.728893],[-3.694582,40.729471],[-3.696922,40.727088],[-3.70184,40.725661],[-3.706532,40.725445],[-3.707128,40.727389],[-3.71037,40.729307],[-3.713143,40.728522],[-3.723752,40.729857],[-3.727192,40.731183],[-3.731254,40.730328],[-3.733604,40.730919],[-3.735157,40.73204],[-3.750193,40.724111],[-3.766905,40.712368],[-3.769225,40.710969],[-3.771388,40.70471],[-3.778849,40.705145],[-3.782806,40.704533],[-3.789196,40.709495],[-3.798593,40.710202],[-3.800586,40.711173],[-3.802913,40.709547],[-3.805958,40.710795],[-3.810054,40.706715],[-3.81479,40.703735],[-3.818022,40.700256],[-3.820696,40.695385],[-3.82144,40.691917],[-3.824092,40.690851],[-3.826773,40.687317],[-3.830053,40.680704],[-3.832302,40.676803],[-3.83766,40.667101],[-3.83994,40.666179],[-3.844088,40.666163],[-3.855073,40.6632],[-3.859459,40.658203],[-3.858196,40.655004],[-3.859215,40.653938],[-3.862499,40.647541],[-3.8651,40.645655],[-3.860118,40.641821],[-3.857275,40.635305],[-3.854685,40.630969],[-3.854537,40.628297],[-3.851074,40.61205],[-3.850344,40.611032],[-3.845137,40.612245],[-3.845275,40.606331],[-3.844216,40.599458],[-3.842438,40.592542],[-3.837731,40.591331],[-3.833351,40.593511],[-3.827818,40.594669],[-3.822819,40.594514],[-3.816186,40.594962],[-3.806057,40.599861],[-3.810088,40.606615],[-3.812824,40.608282],[-3.81051,40.609469],[-3.811508,40.610553],[-3.806641,40.612327],[-3.794767,40.614071],[-3.789019,40.619458],[-3.78552,40.619577],[-3.772225,40.615821],[-3.772052,40.613646],[-3.770388,40.610643],[-3.768653,40.612524],[-3.765955,40.613142],[-3.757517,40.610212],[-3.756818,40.612247],[-3.752641,40.610752],[-3.749109,40.6109],[-3.743894,40.609645],[-3.738825,40.611277],[-3.740064,40.615809],[-3.738602,40.617309],[-3.741491,40.619636],[-3.741479,40.62279],[-3.739691,40.623642],[-3.742063,40.628253],[-3.737914,40.630822],[-3.732272,40.631247],[-3.729156,40.630528],[-3.728781,40.636006],[-3.724561,40.636435],[-3.72009,40.638592],[-3.720616,40.641825],[-3.717857,40.641986],[-3.717815,40.645368],[-3.712682,40.64362],[-3.708694,40.642894],[-3.702739,40.638739],[-3.699916,40.63583],[-3.694487,40.634715],[-3.690908,40.635132],[-3.687407,40.631866],[-3.684613,40.630888],[-3.675298,40.633308],[-3.667975,40.629602],[-3.665523,40.634039],[-3.661778,40.639421],[-3.658261,40.642174],[-3.655683,40.643333],[-3.648764,40.641463],[-3.644539,40.638017],[-3.638889,40.638396],[-3.636803,40.636719],[-3.632971,40.630642],[-3.630193,40.628329],[-3.630242,40.625838],[-3.628853,40.622338],[-3.629502,40.620609],[-3.628605,40.618117],[-3.625832,40.616751],[-3.625284,40.618481],[-3.621614,40.622139],[-3.615578,40.626102],[-3.612012,40.629053],[-3.608205,40.630937],[-3.604572,40.630711],[-3.603598,40.624969],[-3.600229,40.626665],[-3.595659,40.627096],[-3.589962,40.625663],[-3.584563,40.627365],[-3.587213,40.629935],[-3.589094,40.633521],[-3.58902,40.635183],[-3.591121,40.641071],[-3.589675,40.645952],[-3.591791,40.649165]]]}},
{"type":"Feature","id":"ESP:ADM3:ES-MD.collado-mediano","properties":{"shapeName":"Collado Mediano","shapeISO":"","shapeGroup":"ESP","shapeType":"ADM3","adm1ISO":"ES-MD","parentISO":"ES-MD","parentID":"ESP:ADM1:ES-MD","src_shape_id":"28895703B69796700246750"},"geometry":{"type":"Polygon","coordinates":[[[-3.995265,40.681102],[-3.994779,40.684801],[-3.997497,40.690427],[-4.000481,40.694267],[-4.003864,40.703434],[-4.003601,40.707773],[-4.004857,40.710528],[-4.010719,40.713081],[-4.012898,40.713169],[-4.018482,40.71528],[-4.028228,40.717941],[-4.036343,40.717257],[-4.040468,40.718666],[-4.046073,40.716951],[-4.050438,40.714646],[-4.054254,40.713193],[-4.056214,40.711064],[-4.056553,40.707283],[-4.060174,40.703324],[-4.061567,40.700223],[-4.059631,40.69855],[-4.058845,40.691716],[-4.057648,40.689324],[-4.058385,40.682239],[-4.055586,40.676182],[-4.054699,40.672689],[-4.052532,40.668461],[-4.054703,40.665079],[-4.045055,40.662528],[-4.041743,40.665627],[-4.038037,40.667805],[-4.033595,40.671343],[-4.024567,40.675816],[-4.019164,40.679531],[-4.013097,40.682379],[-4.001212,40.684189],[-3.995265,40.681102]]]}},
{"type":"Feature","id":"ESP:ADM3:ES-MD.collado-villalba","properties":{"shapeName":"Collado Villalba","shapeISO":"","shapeGroup":"ESP","shapeType":"ADM3","adm1ISO":"ES-MD","parentISO":"ES-MD","parentID":"ESP:ADM1:ES-MD","src_shape_id":"28895703B55082569190584"},"geometry":{"type":"Polygon","coordinates":[[[-4.02604,40.632751],[-4.029668,40.629863],[-4.025388,40.630317],[-4.025072,40.628185],[-4.026589,40.625303],[-4.021663,40.620206],[-4.018543,40.618671],[-4.011674,40.616628],[-4.00434,40.616278],[-3.997532,40.617374],[-3.989345,40.619265],[-3.983084,40.619428],[-3.979992,40.620142],[-3.978998,40.621959],[-3.974722,40.625994],[-3.969723,40.628826],[-3.963377,40.629634],[-3.958087,40.632855],[-3.952908,40.637741],[-3.949976,40.64136],[-3.947036,40.643118],[-3.948274,40.651099],[-3.947702,40.652375],[-3.949227,40.65713],[-3.950282,40.65759],[-3.959246,40.65832],[-3.966744,40.658183],[-3.969005,40.660232],[-3.97803,40.661751],[-3.986898,40.665024],[-3.993281,40.666679],[-3.993997,40.667419],[-3.995525,40.67743],[-3.995265,40.681102],[-3.997423,40.673896],[-3.996064,40.66649],[-3.99828,40.663327],[-4.003253,40.663264],[-4.006615,40.662358],[-4.008852,40.655514],[-4.010939,40.651923],[-4.021589,40.64517],[-4.017556,40.638756],[-4.02522,40.632399],[-4.02604,40.632751]]]}},
{"type":"Feature","id":"ESP:ADM3:ES-MD.corpa","properties":{"shapeName":"Corpa","shapeISO":"","shapeGroup":"ESP","shapeType":"ADM3","adm1ISO":"ES-MD","parentISO":"ES-MD","parentID":"ESP:ADM1:ES-MD","src_shape_id":"28895703B37380445359615"},"geometry":{"type":"Polygon","coordinates":[[[-3.267418,40.43929],[-3.269346,40.43734],[-3.272163,40.436603],[-3.273414,40.43252],[-3.275329,40.430072],[-3.275835,40.424537],[-3.28072,40.420532],[-3.28789,40.418144],[-3.288083,40.415336],[-3.28489,40.410562],[-3.28331,40.409705],[-3.279805,40.405067],[-3.279927,40.40159],[-3.278569,40.394412],[-3.27132,40.398322],[-3.256978,40.393031],[-3.236862,40.399073],[-3.227083,40.401847],[-3.219319,40.403049],[-3.217031,40.407699],[-3.215232,40.409399],[-3.215879,40.41217],[-3.216033,40.417933],[-3.214623,40.420797],[-3.21485,40.426234],[-3.212225,40.430388],[-3.211157,40.434431],[-3.215862,40.437851],[-3.225968,40.440865],[-3.233573,40.441986],[-3.235204,40.444358],[-3.245036,40.443518],[-3.248941,40.441965],[-3.257098,40.440945],[-3.260416,40.43825],[-3.262545,40.438118],[-3.267418,40.43929]]]}},
{"type":"Feature","id":"ESP:ADM3:ES-MD.coslada","properties":{"shapeName":"Coslada","shapeISO":"","shapeGroup":"ESP","shapeType":"ADM3","adm1ISO":"ES-MD","parentISO":"ES-MD","parentID":"ESP:ADM1:ES-MD","src_shape_id":"28895703B75200598557710"},"geometry":{"type":"Polygon","coordinates":[[[-3.53119,40.420084],[-3.536921,40.423437],[-3.538004,40.429815],[-3.532178,40.430024],[-3.532658,40.432117],[-3.526507,40.433295],[-3.527857,40.436582],[-3.530209,40.439984],[-3.531587,40.444415],[-3.531148,40.446873],[-3.534055,40.446245],[-3.535585,40.444708],[-3.540737,40.444696],[-3.541356,40.443627],[-3.553155,40.441258],[-3.561071,40.437958],[-3.564124,40.438061],[-3.568542,40.436238],[-3.573802,40.437672],[-3.575946,40.436743],[-3.575063,40.434102],[-3.579124,40.433624],[-3.576326,40.429681],[-3.577483,40.426013],[-3.575254,40.425574],[-3.579532,40.417338],[-3.577641,40.413663],[-3.572901,40.411768],[-3.564788,40.413525],[-3.559153,40.413146],[-3.553402,40.411688],[-3.549284,40.412324],[-3.539767,40.410429],[-3.536213,40.412518],[-3.535167,40.414415],[-3.530226,40.414715],[-3.53119,40.420084]]]}},
{"type":"Feature","id":"ESP:ADM3:ES-MD.cubas-de-la-sagra","properties":{"shapeName":"Cubas de la Sagra","shapeISO":"","shapeGroup":"ESP","shapeType":"ADM3","adm1ISO":"ES-MD","parentISO":"ES-MD","parentID":"ESP:ADM1:ES-MD","src_shape_id":"28895703B59049499819606"},"geometry":{"type":"Polygon","coordinates":[[[-3.806751,40.177222],[-3.806174,40.177167],[-3.805699,40.182591],[-3.803975,40.18882],[-3.808812,40.189285],[-3.80775,40.195046],[-3.812477,40.195445],[-3.812119,40.197231],[-3.813711,40.200971],[-3.81377,40.203617],[-3.8211,40.205162],[-3.826123,40.205426],[-3.826334,40.203755],[-3.830137,40.202619],[-3.83599,40.201965],[-3.840771,40.203235],[-3.843975,40.203295],[-3.844771,40.201758],[-3.851194,40.201054],[-3.85552,40.199811],[-3.862612,40.199552],[-3.866534,40.201271],[-3.869082,40.201077],[-3.87137,40.198853],[-3.876323,40.191222],[-3.871012,40.189865],[-3.866635,40.188078],[-3.853529,40.179384],[-3.848612,40.179965],[-3.84523,40.179149],[-3.8336,40.178603],[-3.830047,40.179609],[-3.828741,40.178962],[-3.818817,40.179375],[-3.812544,40.178358],[-3.807882,40.179475],[-3.806751,40.177222]]]}},
{"type":"Feature","id":"ESP:ADM3:ES-MD.chapineria","properties":{"shapeName":"Chapinería","shapeISO":"","shapeGroup":"ESP","shapeType":"ADM3","adm1ISO":"ES-MD","parentISO":"ES-MD","parentID":"ESP:ADM1:ES-MD","src_shape_id":"28895703B70542748219432"},"geometry":{"type":"Polygon","coordinates":[[[-4.18796,40.337852],[-4.186424,40.338659],[-4.183492,40.33756],[-4.182101,40.339674],[-4.182804,40.344811],[-4.1824,40.347774],[-4.185755,40.351554],[-4.188755,40.352174],[-4.187229,40.355471],[-4.18813,40.359685],[-4.192777,40.358913],[-4.19738,40.360924],[-4.195017,40.364149],[-4.197237,40.364621],[-4.197567,40.366573],[-4.191498,40.374072],[-4.186663,40.378865],[-4.186577,40.380251],[-4.191156,40.384499],[-4.190313,40.386799],[-4.192579,40.389133],[-4.193255,40.391917],[-4.181633,40.396286],[-4.177789,40.398816],[-4.18052,40.403368],[-4.18443,40.403614],[-4.188817,40.401567],[-4.194483,40.403399],[-4.198647,40.40167],[-4.202847,40.404064],[-4.205758,40.404244],[-4.209604,40.402933],[-4.215645,40.402181],[-4.217248,40.403895],[-4.221638,40.401221],[-4.22585,40.39791],[-4.235551,40.393287],[-4.231263,40.391283],[-4.227559,40.388239],[-4.230029,40.380283],[-4.235349,40.373313],[-4.237222,40.366444],[-4.237476,40.363652],[-4.232312,40.354251],[-4.232238,40.342822],[-4.23263,40.340892],[-4.231579,40.334085],[-4.227543,40.334536],[-4.220689,40.336213],[-4.213205,40.339322],[-4.215129,40.343239],[-4.21404,40.345642],[-4.211971,40.347193],[-4.213033,40.34984],[-4.208284,40.349357],[-4.19912,40.343829],[-4.193068,40.339592],[-4.18796,40.337852]]]}},
{"type":"Feature","id":"ESP:ADM3:ES-MD.chinchon","properties":{"shapeName":"Chinchón","shapeISO":"","shapeGroup":"ESP","shapeType":"ADM3","adm1ISO":"ES-MD","parentISO":"ES-MD","parentID":"ESP:ADM1:ES-MD","src_shape_id":"28895703B51927038220102"},"geometry":{"type":"Polygon","coordinates":[[[-3.580933,40.098985],[-3.577563,40.100808],[-3.574693,40.101216],[-3.567231,40.10031],[-3.564442,40.099556],[-3.560299,40.09959],[-3.549387,40.101946],[-3.543804,40.110391],[-3.538969,40.114692],[-3.53461,40.120631],[-3.530598,40.124368],[-3.524791,40.132491],[-3.522688,40.133204],[-3.522365,40.136413],[-3.515387,40.137281],[-3.509015,40.13908],[-3.493916,40.139357],[-3.490792,40.139982],[-3.489264,40.138925],[-3.483573,40.137823],[-3.482974,40.136383],[-3.479337,40.135804],[-3.472437,40.133731],[-3.467637,40.131837],[-3.463602,40.128431],[-3.461605,40.123494],[-3.453914,40.122341],[-3.451895,40.121432],[-3.451032,40.118244],[-3.44593,40.116849],[-3.44434,40.118152],[-3.440663,40.117031],[-3.43754,40.119344],[-3.433508,40.118922],[-3.431594,40.11796],[-3.42145,40.120381],[-3.415353,40.12121],[-3.413952,40.120515],[-3.405253,40.129969],[-3.402706,40.132148],[-3.396594,40.13348],[-3.390355,40.134135],[-3.386548,40.135831],[-3.38502,40.135338],[-3.386563,40.140504],[-3.390879,40.149321],[-3.392683,40.151261],[-3.394465,40.157527],[-3.39693,40.162778],[-3.399927,40.167575],[-3.400389,40.170363],[-3.402129,40.173102],[-3.4032,40.178812],[-3.40515,40.182737],[-3.408114,40.186086],[-3.411856,40.18694],[-3.417356,40.189959],[-3.419318,40.193858],[-3.423033,40.196935],[-3.427387,40.201457],[-3.429955,40.201551],[-3.43836,40.200309],[-3.44666,40.201073],[-3.453095,40.20232],[-3.451549,40.205846],[-3.451689,40.208086],[-3.453694,40.210406],[-3.462181,40.213135],[-3.46371,40.212635],[-3.472095,40.213288],[-3.476034,40.213064],[-3.479514,40.213743],[-3.482808,40.215252],[-3.486115,40.215433],[-3.494039,40.217977],[-3.498298,40.216969],[-3.504127,40.215445],[-3.508779,40.212951],[-3.510936,40.209834],[-3.515108,40.205604],[-3.520408,40.202733],[-3.525274,40.198093],[-3.530789,40.195414],[-3.535307,40.194677],[-3.545498,40.196875],[-3.552342,40.195214],[-3.557189,40.192723],[-3.559449,40.189861],[-3.553801,40.183753],[-3.551915,40.184435],[-3.54764,40.183017],[-3.541511,40.181978],[-3.544589,40.177415],[-3.547448,40.175675],[-3.557142,40.174138],[-3.557581,40.172952],[-3.561956,40.171128],[-3.560023,40.17059],[-3.556308,40.171246],[-3.547366,40.168844],[-3.544681,40.165957],[-3.545992,40.157427],[-3.544093,40.155645],[-3.542258,40.151481],[-3.538044,40.149035],[-3.535622,40.149075],[-3.550887,40.142108],[-3.552902,40.138736],[-3.555921,40.136362],[-3.556134,40.132908],[-3.557585,40.125239],[-3.559954,40.12111],[-3.563795,40.11957],[-3.565032,40.118158],[-3.569856,40.115151],[-3.574825,40.114155],[-3.578387,40.10697],[-3.579312,40.10313],[-3.580596,40.102246],[-3.580933,40.098985]]]}},
{"type":"Feature","id":"ESP:ADM3:ES-MD.daganzo-de-arriba","properties":{"shapeName":"Daganzo de Arriba","shapeISO":"","shapeGroup":"ESP","shapeType":"ADM3","adm1ISO":"ES-MD","parentISO":"ES-MD","parentID":"ESP:ADM1:ES-MD","src_shape_id":"28895703B298055324958"},"geometry":{"type":"Polygon","coordinates":[[[-3.435093,40.508906],[-3.428923,40.510915],[-3.428742,40.517717],[-3.430646,40.518081],[-3.429885,40.526256],[-3.428673,40.530245],[-3.436821,40.530152],[-3.438516,40.535522],[-3.438704,40.538046],[-3.436078,40.537673],[-3.435331,40.541363],[-3.43324,40.543529],[-3.425015,40.543178],[-3.424683,40.545462],[-3.419355,40.544274],[-3.415815,40.545404],[-3.414557,40.54876],[-3.409924,40.548742],[-3.404797,40.554706],[-3.401352,40.556232],[-3.399776,40.558022],[-3.403301,40.56129],[-3.401466,40.567121],[-3.395526,40.574556],[-3.397598,40.577106],[-3.400686,40.57684],[-3.401742,40.578214],[-3.410683,40.577739],[-3.413959,40.578541],[-3.41536,40.580143],[-3.422278,40.582258],[-3.425934,40.584684],[-3.429689,40.585209],[-3.435244,40.58857],[-3.437839,40.59243],[-3.443247,40.595151],[-3.443858,40.597872],[-3.442654,40.599953],[-3.443719,40.603931],[-3.441807,40.605806],[-3.439914,40.609575],[-3.444102,40.612684],[-3.44213,40.617532],[-3.445339,40.616537],[-3.453902,40.60727],[-3.458268,40.603151],[-3.459819,40.602757],[-3.466294,40.596803],[-3.466084,40.595466],[-3.46771,40.58883],[-3.470794,40.585449],[-3.469714,40.583072],[-3.473185,40.580353],[-3.47343,40.57672],[-3.474617,40.573669],[-3.474058,40.571524],[-3.475905,40.568588],[-3.478716,40.566093],[-3.480977,40.56217],[-3.483188,40.555488],[-3.482047,40.553551],[-3.481169,40.548482],[-3.478842,40.545141],[-3.475528,40.544998],[-3.474996,40.54139],[-3.46863,40.539395],[-3.470853,40.53314],[-3.468557,40.532776],[-3.465185,40.529068],[-3.462809,40.528465],[-3.461169,40.526691],[-3.462926,40.522597],[-3.461331,40.517742],[-3.461984,40.510996],[-3.457614,40.510362],[-3.452828,40.512289],[-3.449333,40.511365],[-3.438834,40.5135],[-3.436469,40.509242],[-3.435093,40.508906]]]}},
{"type":"Feature","id":"ESP:ADM3:ES-MD.el-escorial","properties":{"shapeName":"El Escorial","shapeISO":"","shapeGroup":"ESP","shapeType":"ADM3","adm1ISO":"ES-MD","parentISO":"ES-MD","parentID":"ESP:ADM1:ES-MD","src_shape_id":"28895703B27618807816977"},"geometry":{"type":"Polygon","coordinates":[[[-4.044557,40.583155],[-4.043473,40.588487],[-4.038337,40.59195],[-4.035356,40.595819],[-4.034146,40.602878],[-4.034819,40.608252],[-4.040284,40.611885],[-4.042296,40.612452],[-4.039907,40.615958],[-4.034235,40.621815],[-4.037146,40.624396],[-4.033292,40.62818],[-4.032829,40.630131],[-4.038256,40.63041],[-4.042638,40.629604],[-4.049767,40.63023],[-4.051748,40.634551],[-4.0547,40.634563],[-4.056442,40.637448],[-4.085162,40.632203],[-4.092782,40.630684],[-4.099468,40.627233],[-4.099691,40.62515],[-4.102589,40.619115],[-4.108349,40.612959],[-4.114448,40.61362],[-4.116855,40.606049],[-4.118159,40.604908],[-4.13199,40.598516],[-4.130732,40.59687],[-4.135239,40.594802],[-4.137614,40.591429],[-4.140781,40.589841],[-4.140647,40.588671],[-4.143627,40.584261],[-4.144982,40.579982],[-4.143073,40.57639],[-4.140449,40.574948],[-4.140823,40.572345],[-4.145639,40.56823],[-4.150248,40.567046],[-4.156716,40.563636],[-4.160003,40.562721],[-4.15408,40.560944],[-4.15183,40.557395],[-4.151753,40.555622],[-4.14975,40.552342],[-4.150501,40.550265],[-4.149235,40.546496],[-4.148874,40.542799],[-4.150186,40.539907],[-4.148254,40.539465],[-4.145241,40.535711],[-4.144808,40.532519],[-4.148385,40.533096],[-4.153921,40.531544],[-4.150887,40.529347],[-4.150284,40.522488],[-4.145126,40.521946],[-4.143122,40.520797],[-4.140036,40.522182],[-4.132346,40.518674],[-4.127885,40.522423],[-4.130461,40.525237],[-4.131071,40.529301],[-4.124504,40.536185],[-4.124636,40.538865],[-4.120138,40.540883],[-4.118083,40.542874],[-4.11137,40.544355],[-4.106985,40.543219],[-4.103215,40.547747],[-4.104776,40.548216],[-4.10245,40.552038],[-4.097918,40.556488],[-4.093962,40.55699],[-4.091672,40.558793],[-4.086986,40.559393],[-4.086758,40.561102],[-4.08139,40.56448],[-4.078926,40.567516],[-4.070248,40.568715],[-4.060694,40.572212],[-4.055244,40.570966],[-4.047298,40.570686],[-4.045416,40.576112],[-4.045097,40.579157],[-4.04772,40.5826],[-4.044557,40.583155]]]}},
{"type":"Feature","id":"ESP:ADM3:ES-MD.estremera","properties":{"shapeName":"Estremera","shapeISO":"","shapeGroup":"ESP","shapeType":"ADM3","adm1ISO":"ES-MD","parentISO":"ES-MD","parentID":"ESP:ADM1:ES-MD","src_shape_id":"28895703B18594486169331"},"geometry":{"type":"Polygon","coordinates":[[[-3.095039,40.06859],[-3.092214,40.06895],[-3.088802,40.070594],[-3.077393,40.079157],[-3.072631,40.083134],[-3.070753,40.083572],[-3.060707,40.090564],[-3.055761,40.096953],[-3.052983,40.099388],[-3.056089,40.103141],[-3.054155,40.105227],[-3.057787,40.111524],[-3.058128,40.113961],[-3.061477,40.113311],[-3.061923,40.115346],[-3.067684,40.119836],[-3.065687,40.120246],[-3.066281,40.12261],[-3.070003,40.122519],[-3.07292,40.125509],[-3.074262,40.128395],[-3.072687,40.129893],[-3.077504,40.133211],[-3.077982,40.135761],[-3.082634,40.135236],[-3.085209,40.138863],[-3.088539,40.138553],[-3.090148,40.141556],[-3.093512,40.14047],[-3.094928,40.142859],[-3.096755,40.142389],[-3.096254,40.147656],[-3.094044,40.149089],[-3.093505,40.150936],[-3.097436,40.152484],[-3.096621,40.155745],[-3.093411,40.157901],[-3.089386,40.162908],[-3.085174,40.163638],[-3.082291,40.16133],[-3.083171,40.15956],[-3.078424,40.157267],[-3.071695,40.155987],[-3.067845,40.157914],[-3.070466,40.161868],[-3.072629,40.162393],[-3.077753,40.166167],[-3.077127,40.172511],[-3.081467,40.179256],[-3.08312,40.183926],[-3.085759,40.186145],[-3.0844,40.188686],[-3.086699,40.192352],[-3.084638,40.198376],[-3.088234,40.20032],[-3.090955,40.201267],[-3.099192,40.202546],[-3.107009,40.203078],[-3.111498,40.204473],[-3.114644,40.206177],[-3.125234,40.210004],[-3.129772,40.213559],[-3.134653,40.215356],[-3.145709,40.220462],[-3.14923,40.220861],[-3.150904,40.222838],[-3.157702,40.219839],[-3.1596,40.217609],[-3.1626,40.210921],[-3.15887,40.20163],[-3.155065,40.200621],[-3.152584,40.197987],[-3.152144,40.19508],[-3.15449,40.192701],[-3.157529,40.185968],[-3.154015,40.182534],[-3.151355,40.17905],[-3.149569,40.174383],[-3.150909,40.171324],[-3.149128,40.1628],[-3.149765,40.161526],[-3.1452,40.157011],[-3.143774,40.153583],[-3.141264,40.151571],[-3.139687,40.148997],[-3.138933,40.145858],[-3.13928,40.141766],[-3.137896,40.138428],[-3.132471,40.13217],[-3.127929,40.126313],[-3.134023,40.124474],[-3.131197,40.118132],[-3.123479,40.10808],[-3.119039,40.106329],[-3.111496,40.102538],[-3.10833,40.10013],[-3.107512,40.095821],[-3.109573,40.090351],[-3.111623,40.081808],[-3.116211,40.06971],[-3.116681,40.065537],[-3.11819,40.061429],[-3.112265,40.064472],[-3.110701,40.064429],[-3.102678,40.067335],[-3.095039,40.06859]]]}},
{"type":"Feature","id":"ESP:ADM3:ES-MD.fresnedillas-de-la-oliva","properties":{"shapeName":"Fresnedillas de la Oliva","shapeISO":"","shapeGroup":"ESP","shapeType":"ADM3","adm1ISO":"ES-MD","parentISO":"ES-MD","parentID":"ESP:ADM1:ES-MD","src_shape_id":"28895703B30073528025189"},"geometry":{"type":"Polygon","coordinates":[[[-4.169865,40.43688],[-4.169719,40.439946],[-4.172869,40.44656],[-4.177223,40.448837],[-4.175667,40.453469],[-4.17452,40.460658],[-4.17009,40.46457],[-4.165868,40.465091],[-4.162076,40.467365],[-4.161618,40.471745],[-4.159588,40.476408],[-4.156716,40.479343],[-4.155982,40.482472],[-4.152883,40.4856],[-4.153331,40.489571],[-4.152375,40.493205],[-4.145874,40.502485],[-4.141228,40.506229],[-4.143644,40.508497],[-4.146716,40.509649],[-4.161193,40.509951],[-4.167659,40.508709],[-4.172704,40.508213],[-4.1777,40.508488],[-4.186416,40.502362],[-4.195463,40.498763],[-4.199668,40.5004],[-4.202974,40.499679],[-4.203407,40.498352],[-4.207771,40.49854],[-4.208844,40.493999],[-4.20843,40.492019],[-4.209962,40.487295],[-4.212138,40.48558],[-4.214198,40.478173],[-4.213142,40.473503],[-4.214236,40.470607],[-4.216049,40.469157],[-4.214364,40.464807],[-4.215928,40.459903],[-4.21816,40.457728],[-4.217036,40.452321],[-4.214418,40.447826],[-4.208472,40.4515],[-4.205874,40.455045],[-4.200558,40.455166],[-4.193647,40.450917],[-4.189713,40.447648],[-4.181826,40.443259],[-4.180429,40.441578],[-4.17244,40.437093],[-4.169865,40.43688]]]}},
{"type":"Feature","id":"ESP:ADM3:ES-MD.fresno-de-torote","properties":{"shapeName":"Fresno de Torote","shapeISO":"","shapeGroup":"ESP","shapeType":"ADM3","adm1ISO":"ES-MD","parentISO":"ES-MD","parentID":"ESP:ADM1:ES-MD","src_shape_id":"28895703B70277898786470"},"geometry":{"type":"Polygon","coordinates":[[[-3.382185,40.608166],[-3.383596,40.609939],[-3.380897,40.611959],[-3.376098,40.613807],[-3.37359,40.615973],[-3.377126,40.617825],[-3.3744,40.620587],[-3.375324,40.622039],[-3.371729,40.625769],[-3.374442,40.626137],[-3.37679,40.628746],[-3.382135,40.630471],[-3.384544,40.631141],[-3.390273,40.634485],[-3.416243,40.645215],[-3.420273,40.645845],[-3.422244,40.64062],[-3.42496,40.639238],[-3.427847,40.634821],[-3.427489,40.633478],[-3.43252,40.627954],[-3.434529,40.626665],[-3.438487,40.625895],[-3.438936,40.622471],[-3.442862,40.620048],[-3.44213,40.617532],[-3.444102,40.612684],[-3.439914,40.609575],[-3.441807,40.605806],[-3.443719,40.603931],[-3.442654,40.599953],[-3.443858,40.597872],[-3.443247,40.595151],[-3.437839,40.59243],[-3.435244,40.58857],[-3.429689,40.585209],[-3.425934,40.584684],[-3.422278,40.582258],[-3.41536,40.580143],[-3.413959,40.578541],[-3.410683,40.577739],[-3.401742,40.578214],[-3.400686,40.57684],[-3.397598,40.577106],[-3.395526,40.574556],[-3.392987,40.5715],[-3.39127,40.57192],[-3.388561,40.574439],[-3.389282,40.578963],[-3.385784,40.580072],[-3.381526,40.584552],[-3.383676,40.587057],[-3.385555,40.592587],[-3.383715,40.596058],[-3.38505,40.598419],[-3.383548,40.600041],[-3.38572,40.604077],[-3.381604,40.606087],[-3.382185,40.608166]]]}},
{"type":"Feature","id":"ESP:ADM3:ES-MD.fuenlabrada","properties":{"shapeName":"Fuenlabrada","shapeISO":"","shapeGroup":"ESP","shapeType":"ADM3","adm1ISO":"ES-MD","parentISO":"ES-MD","parentID":"ESP:ADM1:ES-MD","src_shape_id":"28895703B84603018975693"},"geometry":{"type":"Polygon","coordinates":[[[-3.848547,40.325692],[-3.849441,40.325139],[-3.845839,40.320712],[-3.84397,40.320963],[-3.841956,40.308412],[-3.844012,40.304036],[-3.84367,40.296961],[-3.842779,40.294094],[-3.843804,40.291746],[-3.841115,40.285747],[-3.83869,40.278089],[-3.839464,40.276975],[-3.830244,40.277022],[-3.827389,40.277454],[-3.81952,40.276957],[-3.810516,40.276849],[-3.809592,40.270138],[-3.80689,40.260765],[-3.802986,40.25537],[-3.800967,40.250241],[-3.79631,40.25108],[-3.793068,40.249876],[-3.788061,40.249667],[-3.783175,40.250479],[-3.776982,40.250726],[-3.774964,40.250149],[-3.765716,40.253308],[-3.76351,40.255735],[-3.758751,40.255041],[-3.755991,40.250456],[-3.751208,40.252357],[-3.748409,40.252207],[-3.746748,40.254655],[-3.741264,40.253601],[-3.739301,40.270895],[-3.742763,40.270964],[-3.747777,40.273905],[-3.748307,40.275389],[-3.754839,40.277437],[-3.761744,40.294207],[-3.76582,40.294826],[-3.774552,40.292703],[-3.778466,40.295483],[-3.780288,40.295331],[-3.78778,40.296494],[-3.789346,40.29631],[-3.795246,40.298045],[-3.803483,40.298759],[-3.809412,40.301814],[-3.812194,40.303824],[-3.812849,40.312828],[-3.813862,40.316495],[-3.816144,40.321682],[-3.81816,40.327793],[-3.828838,40.326079],[-3.83019,40.325503],[-3.837801,40.324568],[-3.847915,40.324055],[-3.848547,40.325692]]]}},
{"type":"Feature","id":"ESP:ADM3:ES-MD.fuente-el-saz-de-jarama","properties":{"shapeName":"Fuente el Saz de Jarama","shapeISO":"","shapeGroup":"ESP","shapeType":"ADM3","adm1ISO":"ES-MD","parentISO":"ES-MD","parentID":"ESP:ADM1:ES-MD","src_shape_id":"28895703B59217800200226"},"geometry":{"type":"Polygon","coordinates":[[[-3.490662,40.62506],[-3.49142,40.628345],[-3.489459,40.63228],[-3.491349,40.635337],[-3.488446,40.640378],[-3.489442,40.644],[-3.487906,40.65204],[-3.487887,40.657769],[-3.486489,40.66003],[-3.48282,40.661512],[-3.48118,40.66428],[-3.482793,40.667953],[-3.486544,40.669046],[-3.491162,40.669067],[-3.492282,40.670293],[-3.496929,40.670956],[-3.508489,40.670754],[-3.516774,40.671776],[-3.525234,40.670375],[-3.52725,40.667926],[-3.532354,40.666083],[-3.53264,40.664219],[-3.540284,40.661178],[-3.542663,40.660814],[-3.546337,40.661772],[-3.548353,40.660392],[-3.556744,40.660951],[-3.552493,40.651736],[-3.559189,40.650541],[-3.560443,40.644662],[-3.557579,40.641896],[-3.555827,40.639024],[-3.556663,40.635921],[-3.559302,40.635751],[-3.560047,40.638317],[-3.562031,40.638793],[-3.564227,40.633019],[-3.560871,40.627623],[-3.560928,40.623697],[-3.559122,40.61932],[-3.559638,40.612268],[-3.555393,40.61114],[-3.551782,40.611491],[-3.549715,40.613422],[-3.545319,40.613583],[-3.543195,40.612452],[-3.537672,40.616155],[-3.535082,40.616261],[-3.529419,40.61353],[-3.524433,40.613986],[-3.523789,40.615693],[-3.520308,40.616053],[-3.513961,40.618081],[-3.509703,40.618545],[-3.503701,40.620357],[-3.502278,40.621628],[-3.502709,40.625357],[-3.495571,40.624921],[-3.490662,40.62506]]]}},
{"type":"Feature","id":"ESP:ADM3:ES-MD.fuentiduena-de-tajo","properties":{"shapeName":"Fuentidueña de Tajo","shapeISO":"","shapeGroup":"ESP","shapeType":"ADM3","adm1ISO":"ES-MD","parentISO":"ES-MD","parentID":"ESP:ADM1:ES-MD","src_shape_id":"28895703B14463877781131"},"geometry":{"type":"Polygon","coordinates":[[[-3.11819,40.061429],[-3.116681,40.065537],[-3.116211,40.06971],[-3.111623,40.081808],[-3.109573,40.090351],[-3.107512,40.095821],[-3.10833,40.10013],[-3.111496,40.102538],[-3.119039,40.106329],[-3.123479,40.10808],[-3.131197,40.118132],[-3.134023,40.124474],[-3.127929,40.126313],[-3.132471,40.13217],[-3.137896,40.138428],[-3.13928,40.141766],[-3.138933,40.145858],[-3.139687,40.148997],[-3.141264,40.151571],[-3.143774,40.153583],[-3.1452,40.157011],[-3.149765,40.161526],[-3.158661,40.155578],[-3.172562,40.155229],[-3.177335,40.158861],[-3.18313,40.156913],[-3.189759,40.156732],[-3.196814,40.157212],[-3.197705,40.156141],[-3.198902,40.154766],[-3.20061,40.149711],[-3.199624,40.144532],[-3.200561,40.139133],[-3.202333,40.135578],[-3.203263,40.127895],[-3.201946,40.120464],[-3.204463,40.115416],[-3.204597,40.10926],[-3.202267,40.106815],[-3.201202,40.096984],[-3.201873,40.095421],[-3.201036,40.085587],[-3.197929,40.085514],[-3.195923,40.086935],[-3.191781,40.085527],[-3.188618,40.082499],[-3.18559,40.081893],[-3.183035,40.085486],[-3.181012,40.084392],[-3.177995,40.0853],[-3.17623,40.087486],[-3.180312,40.087952],[-3.180641,40.090091],[-3.177469,40.092124],[-3.169842,40.090601],[-3.166446,40.09111],[-3.168047,40.085139],[-3.163166,40.083709],[-3.162558,40.076963],[-3.161631,40.074749],[-3.162893,40.070853],[-3.161234,40.069181],[-3.161579,40.064928],[-3.158478,40.064486],[-3.149613,40.066023],[-3.141001,40.063219],[-3.134245,40.062451],[-3.124373,40.062115],[-3.11819,40.061429]]]}},
{"type":"Feature","id":"ESP:ADM3:ES-MD.galapagar","properties":{"shapeName":"Galapagar","shapeISO":"","shapeGroup":"ESP","shapeType":"ADM3","adm1ISO":"ES-MD","parentISO":"ES-MD","parentID":"ESP:ADM1:ES-MD","src_shape_id":"28895703B18632516233165"},"geometry":{"type":"Polygon","coordinates":[[[-3.984587,40.516637],[-3.982681,40.517301],[-3.974616,40.518346],[-3.971361,40.51819],[-3.966434,40.518941],[-3.962332,40.515912],[-3.957807,40.515441],[-3.950255,40.510068],[-3.948935,40.510373],[-3.944938,40.50844],[-3.940077,40.508467],[-3.937486,40.511425],[-3.940245,40.512519],[-3.942198,40.515826],[-3.93962,40.518903],[-3.94044,40.520987],[-3.938945,40.525807],[-3.94067,40.531752],[-3.947102,40.536001],[-3.949782,40.539737],[-3.946201,40.545979],[-3.945326,40.551349],[-3.945845,40.55586],[-3.947519,40.559225],[-3.949774,40.56027],[-3.954326,40.557979],[-3.95418,40.561172],[-3.956617,40.562098],[-3.957978,40.564514],[-3.956414,40.567661],[-3.957623,40.573105],[-3.959594,40.57685],[-3.954586,40.58843],[-3.953039,40.592688],[-3.951221,40.595499],[-3.953065,40.597438],[-3.95907,40.60167],[-3.959188,40.611556],[-3.958837,40.617171],[-3.960041,40.619094],[-3.958491,40.624155],[-3.958087,40.632855],[-3.963377,40.629634],[-3.969723,40.628826],[-3.974722,40.625994],[-3.978998,40.621959],[-3.979992,40.620142],[-3.983084,40.619428],[-3.989345,40.619265],[-3.997532,40.617374],[-4.00434,40.616278],[-4.011674,40.616628],[-4.018543,40.618671],[-4.021663,40.620206],[-4.026589,40.625303],[-4.025072,40.628185],[-4.025388,40.630317],[-4.029668,40.629863],[-4.032829,40.630131],[-4.033292,40.62818],[-4.037146,40.624396],[-4.034235,40.621815],[-4.039907,40.615958],[-4.042296,40.612452],[-4.040284,40.611885],[-4.034819,40.608252],[-4.034146,40.602878],[-4.035356,40.595819],[-4.038337,40.59195],[-4.043473,40.588487],[-4.044557,40.583155],[-4.042799,40.584125],[-4.036077,40.582909],[-4.031488,40.583157],[-4.026197,40.577813],[-4.025539,40.573747],[-4.013132,40.567023],[-4.010788,40.564042],[-4.005256,40.561449],[-4.007091,40.55798],[-4.005088,40.55531],[-3.999682,40.549969],[-4.000823,40.545519],[-3.995388,40.534805],[-3.992115,40.533128],[-3.991794,40.531676],[-3.988727,40.530018],[-3.991101,40.527274],[-3.989266,40.526297],[-3.9888,40.522801],[-3.986158,40.52022],[-3.984587,40.516637]]]}},
{"type":"Feature","id":"ESP:ADM3:ES-MD.garganta-de-los-montes","properties":{"shapeName":"Garganta de los Montes","shapeISO":"","shapeGroup":"ESP","shapeType":"ADM3","adm1ISO":"ES-MD","parentISO":"ES-MD","parentID":"ESP:ADM1:ES-MD","src_shape_id":"28895703B53312638063552"},"geometry":{"type":"Polygon","coordinates":[[[-3.656963,40.976354],[-3.661192,40.97569],[-3.664972,40.978668],[-3.666962,40.977879],[-3.669666,40.975234],[-3.667988,40.972809],[-3.668684,40.970135],[-3.670781,40.970185],[-3.672357,40.972208],[-3.674716,40.968451],[-3.677999,40.967298],[-3.679062,40.965256],[-3.683274,40.964099],[-3.685156,40.962406],[-3.685961,40.958634],[-3.685741,40.955396],[-3.689374,40.953703],[-3.69526,40.954065],[-3.697005,40.950327],[-3.70447,40.947924],[-3.70932,40.94484],[-3.712688,40.945002],[-3.716536,40.943341],[-3.713658,40.940959],[-3.713257,40.939431],[-3.716347,40.938029],[-3.718937,40.935742],[-3.722622,40.934701],[-3.725303,40.935012],[-3.724353,40.929815],[-3.724622,40.927152],[-3.720042,40.922707],[-3.717352,40.916835],[-3.717802,40.913762],[-3.716863,40.909203],[-3.718464,40.905685],[-3.715414,40.896304],[-3.712136,40.895272],[-3.709943,40.892461],[-3.706704,40.891511],[-3.700059,40.888364],[-3.697276,40.884445],[-3.695803,40.880635],[-3.693987,40.880447],[-3.691508,40.880996],[-3.68099,40.885429],[-3.677674,40.888018],[-3.67533,40.892196],[-3.66951,40.906721],[-3.667758,40.912083],[-3.662851,40.918387],[-3.663178,40.921471],[-3.662264,40.924381],[-3.65468,40.928142],[-3.651033,40.93254],[-3.647442,40.938535],[-3.646184,40.942837],[-3.646888,40.944521],[-3.644461,40.9537],[-3.647937,40.955702],[-3.650491,40.958649],[-3.654088,40.959534],[-3.654006,40.962264],[-3.652602,40.967883],[-3.651091,40.971031],[-3.648216,40.974523],[-3.648475,40.976939],[-3.652814,40.976069],[-3.656489,40.973541],[-3.656963,40.976354]]]}},
{"type":"Feature","id":"ESP:ADM3:ES-MD.gargantilla-del-lozoya-y-pinilla-de-buitrago","properties":{"shapeName":"Gargantilla del Lozoya y Pinilla de Buitrago","shapeISO":"","shapeGroup":"ESP","shapeType":"ADM3","adm1ISO":"ES-MD","parentISO":"ES-MD","parentID":"ESP:ADM1:ES-MD","src_shape_id":"28895703B347864203721"},"geometry":{"type":"Polygon","coordinates":[[[-3.665592,40.995328],[-3.666597,40.995679],[-3.671089,40.993561],[-3.673912,40.99094],[-3.676592,40.993304],[-3.679324,40.992098],[-3.687307,40.991283],[-3.700596,40.986189],[-3.71017,40.983065],[-3.71145,40.98054],[-3.714705,40.979187],[-3.718091,40.979705],[-3.725062,40.97934],[-3.728201,40.97864],[-3.738667,40.974978],[-3.741654,40.972556],[-3.741398,40.9696],[-3.739315,40.965923],[-3.736064,40.962995],[-3.738765,40.959097],[-3.735305,40.950009],[-3.736932,40.94752],[-3.737598,40.943193],[-3.73686,40.94169],[-3.734454,40.940421],[-3.734358,40.93641],[-3.732043,40.9365],[-3.725303,40.935012],[-3.722622,40.934701],[-3.718937,40.935742],[-3.716347,40.938029],[-3.713257,40.939431],[-3.713658,40.940959],[-3.716536,40.943341],[-3.712688,40.945002],[-3.70932,40.94484],[-3.70447,40.947924],[-3.697005,40.950327],[-3.69526,40.954065],[-3.689374,40.953703],[-3.685741,40.955396],[-3.685961,40.958634],[-3.685156,40.962406],[-3.683274,40.964099],[-3.679062,40.965256],[-3.677999,40.967298],[-3.674716,40.968451],[-3.672357,40.972208],[-3.670781,40.970185],[-3.668684,40.970135],[-3.667988,40.972809],[-3.669666,40.975234],[-3.666962,40.977879],[-3.664972,40.978668],[-3.661192,40.97569],[-3.656963,40.976354],[-3.657073,40.97885],[-3.65424,40.980445],[-3.658146,40.984341],[-3.65941,40.986698],[-3.665684,40.987912],[-3.668712,40.992034],[-3.665592,40.995328]]]}},
{"type":"Feature","id":"ESP:ADM3:ES-MD.gascones","properties":{"shapeName":"Gascones","shapeISO":"","shapeGroup":"ESP","shapeType":"ADM3","adm1ISO":"ES-MD","parentISO":"ES-MD","parentID":"ESP:ADM1:ES-MD","src_shape_id":"28895703B9143827565189"},"geometry":{"type":"Polygon","coordinates":[[[-3.706195,41.07686],[-3.711452,41.074491],[-3.715978,41.071641],[-3.721423,41.065032],[-3.716792,41.062652],[-3.710181,41.058344],[-3.707379,41.053916],[-3.707278,41.051394],[-3.69797,41.040134],[-3.688506,41.031246],[-3.686747,41.028897],[-3.683479,41.029433],[-3.677427,41.024041],[-3.673292,41.021708],[-3.669273,41.013523],[-3.666995,41.011375],[-3.66393,41.010113],[-3.65596,41.009289],[-3.654214,41.007268],[-3.652351,41.005236],[-3.65291,41.002763],[-3.649937,41.001679],[-3.647952,41.003742],[-3.645606,41.002571],[-3.642174,41.003967],[-3.640955,41.001786],[-3.635878,41.001869],[-3.633119,41.007884],[-3.634532,41.014182],[-3.63424,41.01731],[-3.635488,41.017971],[-3.634538,41.020894],[-3.633535,41.025678],[-3.633803,41.027896],[-3.637234,41.029059],[-3.640212,41.029395],[-3.642437,41.031864],[-3.646205,41.03293],[-3.650622,41.03316],[-3.652065,41.031707],[-3.655744,41.033312],[-3.661778,41.037429],[-3.672062,41.041982],[-3.679612,41.054453],[-3.692317,41.061022],[-3.706195,41.07686]]]}},
{"type":"Feature","id":"ESP:ADM3:ES-MD.getafe","properties":{"shapeName":"Getafe","shapeISO":"","shapeGroup":"ESP","shapeType":"ADM3","adm1ISO":"ES-MD","parentISO":"ES-MD","parentID":"ESP:ADM1:ES-MD","src_shape_id":"28895703B88675747570516"},"geometry":{"type":"Polygon","coordinates":[[[-3.739301,40.270895],[-3.736372,40.272175],[-3.727355,40.272219],[-3.723018,40.269771],[-3.711461,40.266903],[-3.703893,40.267866],[-3.701671,40.267451],[-3.697089,40.269261],[-3.694306,40.269011],[-3.690224,40.270683],[-3.689285,40.272287],[-3.682871,40.274317],[-3.680623,40.273777],[-3.678817,40.27546],[-3.673603,40.276801],[-3.671997,40.280294],[-3.668291,40.28274],[-3.666422,40.283032],[-3.662657,40.28561],[-3.662134,40.287489],[-3.659407,40.28878],[-3.656449,40.288945],[-3.649892,40.292671],[-3.64669,40.292799],[-3.642969,40.291552],[-3.638193,40.291692],[-3.636891,40.285941],[-3.631794,40.278491],[-3.627491,40.276855],[-3.622535,40.269828],[-3.622908,40.266377],[-3.614765,40.267833],[-3.612139,40.269159],[-3.599088,40.27226],[-3.594829,40.274245],[-3.596196,40.276227],[-3.596605,40.284985],[-3.594183,40.285518],[-3.591814,40.283805],[-3.584962,40.284602],[-3.578784,40.286376],[-3.575963,40.287998],[-3.571505,40.28712],[-3.571264,40.290861],[-3.57009,40.292104],[-3.573174,40.295666],[-3.57558,40.300906],[-3.57576,40.307673],[-3.577102,40.311714],[-3.576127,40.314885],[-3.579693,40.313875],[-3.587436,40.31279],[-3.598259,40.312064],[-3.611152,40.314312],[-3.613877,40.315589],[-3.615966,40.317761],[-3.624693,40.320427],[-3.625983,40.319236],[-3.631841,40.321584],[-3.636109,40.325058],[-3.644505,40.330745],[-3.64919,40.333369],[-3.650313,40.332381],[-3.659912,40.327861],[-3.663381,40.328964],[-3.670124,40.324964],[-3.679056,40.326424],[-3.684583,40.322528],[-3.691056,40.32111],[-3.693019,40.320109],[-3.696162,40.322217],[-3.703126,40.322121],[-3.709373,40.323267],[-3.7077,40.326459],[-3.71406,40.327445],[-3.716973,40.328884],[-3.720277,40.329408],[-3.724686,40.332898],[-3.724927,40.334985],[-3.731969,40.331812],[-3.735464,40.328959],[-3.741549,40.325136],[-3.744835,40.317251],[-3.757237,40.304297],[-3.760893,40.301087],[-3.760432,40.299995],[-3.761744,40.294207],[-3.754839,40.277437],[-3.748307,40.275389],[-3.747777,40.273905],[-3.742763,40.270964],[-3.739301,40.270895]]]}},
{"type":"Feature","id":"ESP:ADM3:ES-MD.grinon","properties":{"shapeName":"Griñón","shapeISO":"","shapeGroup":"ESP","shapeType":"ADM3","adm1ISO":"ES-MD","parentISO":"ES-MD","parentID":"ESP:ADM1:ES-MD","src_shape_id":"28895703B64673646395876"},"geometry":{"type":"Polygon","coordinates":[[[-3.8211,40.205162],[-3.81525,40.210326],[-3.806285,40.215934],[-3.803364,40.220002],[-3.806211,40.224637],[-3.807606,40.229419],[-3.810748,40.231133],[-3.814907,40.227735],[-3.818189,40.229708],[-3.821271,40.227087],[-3.827171,40.228427],[-3.829647,40.229495],[-3.837679,40.23001],[-3.840276,40.229616],[-3.843065,40.233266],[-3.84785,40.234741],[-3.851525,40.236843],[-3.856235,40.238098],[-3.857348,40.236297],[-3.862776,40.230446],[-3.864357,40.231136],[-3.867894,40.225744],[-3.871501,40.227869],[-3.877634,40.229315],[-3.880106,40.233017],[-3.884497,40.232107],[-3.877944,40.22521],[-3.876933,40.22296],[-3.873831,40.220076],[-3.869758,40.211788],[-3.865341,40.203785],[-3.869082,40.201077],[-3.866534,40.201271],[-3.862612,40.199552],[-3.85552,40.199811],[-3.851194,40.201054],[-3.844771,40.201758],[-3.843975,40.203295],[-3.840771,40.203235],[-3.83599,40.201965],[-3.830137,40.202619],[-3.826334,40.203755],[-3.826123,40.205426],[-3.8211,40.205162]]]}},
{"type":"Feature","id":"ESP:ADM3:ES-MD.guadalix-de-la-sierra","properties":{"shapeName":"Guadalix de la Sierra","shapeISO":"","shapeGroup":"ESP","shapeType":"ADM3","adm1ISO":"ES-MD","parentISO":"ES-MD","parentID":"ESP:ADM1:ES-MD","src_shape_id":"28895703B47857731281849"},"geometry":{"type":"Polygon","coordinates":[[[-3.722676,40.797377],[-3.731496,40.78902],[-3.73315,40.788248],[-3.737317,40.783359],[-3.741019,40.777507],[-3.740576,40.774671],[-3.737189,40.769286],[-3.743608,40.76677],[-3.741896,40.765217],[-3.723579,40.742768],[-3.71037,40.729307],[-3.707128,40.727389],[-3.706532,40.725445],[-3.70184,40.725661],[-3.696922,40.727088],[-3.694582,40.729471],[-3.689338,40.728893],[-3.686985,40.730218],[-3.681059,40.728815],[-3.675832,40.728383],[-3.674224,40.730106],[-3.673234,40.733307],[-3.666793,40.737947],[-3.663603,40.738912],[-3.65707,40.742841],[-3.65215,40.74721],[-3.642864,40.754349],[-3.641884,40.755565],[-3.636504,40.75768],[-3.637758,40.760077],[-3.631865,40.764089],[-3.632415,40.765798],[-3.631323,40.769266],[-3.628496,40.771734],[-3.625433,40.771607],[-3.619373,40.773941],[-3.613066,40.775499],[-3.608561,40.779662],[-3.610229,40.785892],[-3.618939,40.785323],[-3.625805,40.781976],[-3.632139,40.783117],[-3.634067,40.786117],[-3.638555,40.788448],[-3.644609,40.792692],[-3.649277,40.797945],[-3.650973,40.801084],[-3.652472,40.803697],[-3.659619,40.804866],[-3.666118,40.803404],[-3.674652,40.802484],[-3.683088,40.803495],[-3.691451,40.802384],[-3.701434,40.799809],[-3.709405,40.798529],[-3.71524,40.796176],[-3.716275,40.794638],[-3.719378,40.794856],[-3.722676,40.797377]]]}},
{"type":"Feature","id":"ESP:ADM3:ES-MD.guadarrama","properties":{"shapeName":"Guadarrama","shapeISO":"","shapeGroup":"ESP","shapeType":"ADM3","adm1ISO":"ES-MD","parentISO":"ES-MD","parentID":"ESP:ADM1:ES-MD","src_shape_id":"28895703B78846574195421"},"geometry":{"type":"Polygon","coordinates":[[[-4.045055,40.662528],[-4.054703,40.665079],[-4.052532,40.668461],[-4.054699,40.672689],[-4.055586,40.676182],[-4.058385,40.682239],[-4.057648,40.689324],[-4.058845,40.691716],[-4.059631,40.69855],[-4.061567,40.700223],[-4.073276,40.700114],[-4.076227,40.69848],[-4.076769,40.700868],[-4.080884,40.702129],[-4.081886,40.699415],[-4.093809,40.707353],[-4.096695,40.706402],[-4.098931,40.703536],[-4.105868,40.703325],[-4.108877,40.704176],[-4.111506,40.706642],[-4.117912,40.711446],[-4.122881,40.71902],[-4.125692,40.724494],[-4.130499,40.723057],[-4.132705,40.719758],[-4.13606,40.717746],[-4.140202,40.710308],[-4.142145,40.702762],[-4.145318,40.697968],[-4.144371,40.695842],[-4.145673,40.694651],[-4.150525,40.692728],[-4.157146,40.692086],[-4.160234,40.689823],[-4.1641,40.687488],[-4.171567,40.680626],[-4.173521,40.673976],[-4.173546,40.667163],[-4.168874,40.663333],[-4.168932,40.656831],[-4.166574,40.652663],[-4.169239,40.650099],[-4.167942,40.647912],[-4.161069,40.649405],[-4.141708,40.652964],[-4.131293,40.655229],[-4.119255,40.652986],[-4.115905,40.653056],[-4.111367,40.654192],[-4.094767,40.650202],[-4.06997,40.64979],[-4.060295,40.653728],[-4.056615,40.654153],[-4.053082,40.652919],[-4.049666,40.649419],[-4.040243,40.645776],[-4.037123,40.644137],[-4.031816,40.638947],[-4.031484,40.635343],[-4.032829,40.630131],[-4.029668,40.629863],[-4.02604,40.632751],[-4.030503,40.639114],[-4.030176,40.641346],[-4.03579,40.645547],[-4.03696,40.647471],[-4.046916,40.656104],[-4.047663,40.659675],[-4.045055,40.662528]]]}},
{"type":"Feature","id":"ESP:ADM3:ES-MD.la-hiruela","properties":{"shapeName":"La Hiruela","shapeISO":"","shapeGroup":"ESP","shapeType":"ADM3","adm1ISO":"ES-MD","parentISO":"ES-MD","parentID":"ESP:ADM1:ES-MD","src_shape_id":"28895703B86075885285339"},"geometry":{"type":"Polygon","coordinates":[[[-3.475154,41.095267],[-3.478808,41.090809],[-3.484396,41.086528],[-3.484155,41.084185],[-3.482195,41.08297],[-3.478682,41.078761],[-3.479363,41.076858],[-3.479274,41.072313],[-3.485757,41.068742],[-3.485184,41.063776],[-3.480963,41.065916],[-3.475203,41.063625],[-3.472242,41.05987],[-3.465273,41.055738],[-3.467177,41.048088],[-3.458594,41.05005],[-3.441758,41.043502],[-3.438935,41.04267],[-3.438239,41.04684],[-3.434803,41.049332],[-3.435615,41.053643],[-3.434005,41.056239],[-3.431304,41.058308],[-3.431098,41.062277],[-3.426174,41.065383],[-3.426023,41.07173],[-3.425143,41.073243],[-3.427584,41.078601],[-3.42747,41.081571],[-3.429152,41.08418],[-3.436119,41.083749],[-3.437376,41.082421],[-3.440715,41.081846],[-3.444333,41.082427],[-3.445594,41.081011],[-3.452948,41.082693],[-3.45581,41.084406],[-3.456803,41.087152],[-3.464762,41.089514],[-3.469916,41.092244],[-3.474488,41.093286],[-3.475154,41.095267]]]}},
{"type":"Feature","id":"ESP:ADM3:ES-MD.horcajo-de-la-sierra-aoslos","properties":{"shapeName":"Horcajo de la Sierra-Aoslos","shapeISO":"","shapeGroup":"ESP","shapeType":"ADM3","adm1ISO":"ES-MD","parentISO":"ES-MD","parentID":"ESP:ADM1:ES-MD","src_shape_id":"28895703B81321557740850"},"geometry":{"type":"Polygon","coordinates":[[[-3.609068,41.076359],[-3.609608,41.067227],[-3.607157,41.063619],[-3.606929,41.056712],[-3.604664,41.054255],[-3.600198,41.05087],[-3.592772,41.047978],[-3.591079,41.044788],[-3.587411,41.043446],[-3.588656,41.04463],[-3.586517,41.04668],[-3.58622,41.051232],[-3.587129,41.056816],[-3.584977,41.058588],[-3.580634,41.059497],[-3.571803,41.058783],[-3.563194,41.059057],[-3.564123,41.066706],[-3.562674,41.070259],[-3.563158,41.074058],[-3.560821,41.080521],[-3.557992,41.084533],[-3.555762,41.091142],[-3.555975,41.094015],[-3.5576,41.09682],[-3.556951,41.104294],[-3.558903,41.108865],[-3.562281,41.113273],[-3.564387,41.114328],[-3.566007,41.113892],[-3.57338,41.108148],[-3.578248,41.10571],[-3.587529,41.098832],[-3.59345,41.098592],[-3.598198,41.095431],[-3.599775,41.096137],[-3.601118,41.095104],[-3.600826,41.091946],[-3.604459,41.090869],[-3.606509,41.088651],[-3.606559,41.08449],[-3.604821,41.077616],[-3.609068,41.076359]]]}},
{"type":"Feature","id":"ESP:ADM3:ES-MD.horcajuelo-de-la-sierra","properties":{"shapeName":"Horcajuelo de la Sierra","shapeISO":"","shapeGroup":"ESP","shapeType":"ADM3","adm1ISO":"ES-MD","parentISO":"ES-MD","parentID":"ESP:ADM1:ES-MD","src_shape_id":"28895703B61038143584373"},"geometry":{"type":"Polygon","coordinates":[[[-3.563194,41.059057],[-3.5624,41.05638],[-3.56148,41.048773],[-3.559032,41.048307],[-3.555845,41.048022],[-3.552073,41.046034],[-3.552685,41.039641],[-3.548756,41.040561],[-3.546666,41.044122],[-3.546953,41.046759],[-3.544923,41.047379],[-3.542177,41.050417],[-3.540534,41.05891],[-3.538692,41.061103],[-3.529669,41.075438],[-3.528382,41.078738],[-3.523823,41.085643],[-3.522806,41.093028],[-3.525154,41.109044],[-3.524423,41.11543],[-3.521943,41.119459],[-3.523187,41.123617],[-3.526125,41.128575],[-3.533514,41.132571],[-3.536521,41.131922],[-3.541648,41.134444],[-3.547335,41.134743],[-3.548566,41.132631],[-3.548109,41.126781],[-3.549609,41.124234],[-3.554018,41.120843],[-3.557016,41.117103],[-3.561635,41.114803],[-3.564387,41.114328],[-3.562281,41.113273],[-3.558903,41.108865],[-3.556951,41.104294],[-3.5576,41.09682],[-3.555975,41.094015],[-3.555762,41.091142],[-3.557992,41.084533],[-3.560821,41.080521],[-3.563158,41.074058],[-3.562674,41.070259],[-3.564123,41.066706],[-3.563194,41.059057]]]}},
{"type":"Feature","id":"ESP:ADM3:ES-MD.hoyo-de-manzanares","properties":{"shapeName":"Hoyo de Manzanares","shapeISO":"","shapeGroup":"ESP","shapeType":"ADM3","adm1ISO":"ES-MD","parentISO":"ES-MD","parentID":"ESP:ADM1:ES-MD","src_shape_id":"28895703B20211556905055"},"geometry":{"type":"Polygon","coordinates":[[[-3.87976,40.651572],[-3.886304,40.652502],[-3.890526,40.651883],[-3.894505,40.65023],[-3.903021,40.645366],[-3.907996,40.642993],[-3.912909,40.641785],[-3.9203,40.638756],[-3.926209,40.633271],[-3.928352,40.630258],[-3.933543,40.625775],[-3.940836,40.620345],[-3.946734,40.610845],[-3.947139,40.608149],[-3.950527,40.600329],[-3.953065,40.597438],[-3.947895,40.596054],[-3.941186,40.595408],[-3.934542,40.595441],[-3.923779,40.593401],[-3.918661,40.593548],[-3.916014,40.59223],[-3.9119,40.591741],[-3.903394,40.589416],[-3.897619,40.588608],[-3.89011,40.588126],[-3.885606,40.586791],[-3.883686,40.585277],[-3.876852,40.588639],[-3.87394,40.591158],[-3.86731,40.592178],[-3.863542,40.589522],[-3.859939,40.588221],[-3.85495,40.588052],[-3.849023,40.59088],[-3.842438,40.592542],[-3.844216,40.599458],[-3.845275,40.606331],[-3.845137,40.612245],[-3.850344,40.611032],[-3.851074,40.61205],[-3.854537,40.628297],[-3.854685,40.630969],[-3.857275,40.635305],[-3.860118,40.641821],[-3.8651,40.645655],[-3.871769,40.647419],[-3.87537,40.649251],[-3.876813,40.651055],[-3.87976,40.651572]]]}},
{"type":"Feature","id":"ESP:ADM3:ES-MD.humanes-de-madrid","properties":{"shapeName":"Humanes de Madrid","shapeISO":"","shapeGroup":"ESP","shapeType":"ADM3","adm1ISO":"ES-MD","parentISO":"ES-MD","parentID":"ESP:ADM1:ES-MD","src_shape_id":"28895703B73851537577716"},"geometry":{"type":"Polygon","coordinates":[[[-3.839464,40.276975],[-3.842729,40.269127],[-3.847414,40.262345],[-3.849608,40.256439],[-3.853054,40.251429],[-3.853681,40.249175],[-3.853556,40.244185],[-3.851525,40.236843],[-3.84785,40.234741],[-3.843065,40.233266],[-3.840276,40.229616],[-3.837679,40.23001],[-3.829647,40.229495],[-3.827171,40.228427],[-3.821271,40.227087],[-3.818189,40.229708],[-3.814907,40.227735],[-3.810748,40.231133],[-3.807606,40.229419],[-3.804105,40.233349],[-3.801364,40.238191],[-3.796187,40.238883],[-3.800967,40.250241],[-3.802986,40.25537],[-3.80689,40.260765],[-3.809592,40.270138],[-3.810516,40.276849],[-3.81952,40.276957],[-3.827389,40.277454],[-3.830244,40.277022],[-3.839464,40.276975]]]}},
{"type":"Feature","id":"ESP:ADM3:ES-MD.leganes","properties":{"shapeName":"Leganés","shapeISO":"","shapeGroup":"ESP","shapeType":"ADM3","adm1ISO":"ES-MD","parentISO":"ES-MD","parentID":"ESP:ADM1:ES-MD","src_shape_id":"28895703B75517859421571"},"geometry":{"type":"Polygon","coordinates":[[[-3.81816,40.327793],[-3.816144,40.321682],[-3.813862,40.316495],[-3.812849,40.312828],[-3.812194,40.303824],[-3.809412,40.301814],[-3.803483,40.298759],[-3.795246,40.298045],[-3.789346,40.29631],[-3.78778,40.296494],[-3.780288,40.295331],[-3.778466,40.295483],[-3.774552,40.292703],[-3.76582,40.294826],[-3.761744,40.294207],[-3.760432,40.299995],[-3.760893,40.301087],[-3.757237,40.304297],[-3.744835,40.317251],[-3.741549,40.325136],[-3.735464,40.328959],[-3.731969,40.331812],[-3.724927,40.334985],[-3.720891,40.365548],[-3.727114,40.364542],[-3.730557,40.363344],[-3.757708,40.35726],[-3.766248,40.358765],[-3.780318,40.361865],[-3.787765,40.358696],[-3.797378,40.356435],[-3.800556,40.356732],[-3.801853,40.355556],[-3.79841,40.35367],[-3.805121,40.347214],[-3.802101,40.341739],[-3.802493,40.339866],[-3.806438,40.338341],[-3.811335,40.33514],[-3.818422,40.329595],[-3.81816,40.327793]]]}},
{"type":"Feature","id":"ESP:ADM3:ES-MD.loeches","properties":{"shapeName":"Loeches","shapeISO":"","shapeGroup":"ESP","shapeType":"ADM3","adm1ISO":"ES-MD","parentISO":"ES-MD","parentID":"ESP:ADM1:ES-MD","src_shape_id":"28895703B51799619644289"},"geometry":{"type":"Polygon","coordinates":[[[-3.426226,40.34971],[-3.415675,40.352225],[-3.41307,40.351606],[-3.405272,40.353414],[-3.403014,40.356905],[-3.394411,40.359782],[-3.390469,40.359005],[-3.380888,40.362189],[-3.376499,40.363282],[-3.374681,40.362916],[-3.371771,40.360564],[-3.366286,40.360824],[-3.361453,40.362172],[-3.356032,40.362251],[-3.35255,40.366513],[-3.360549,40.370942],[-3.362265,40.370463],[-3.365467,40.371648],[-3.371433,40.374902],[-3.378927,40.383467],[-3.380719,40.387104],[-3.38464,40.38993],[-3.392064,40.399746],[-3.400022,40.407601],[-3.402895,40.414547],[-3.405258,40.417162],[-3.407057,40.421317],[-3.411918,40.425794],[-3.413026,40.424852],[-3.42047,40.423911],[-3.429954,40.426247],[-3.435692,40.43182],[-3.43809,40.432338],[-3.436418,40.427519],[-3.432183,40.419261],[-3.431943,40.415509],[-3.434766,40.412772],[-3.43993,40.412551],[-3.441576,40.408156],[-3.440421,40.405209],[-3.445452,40.401203],[-3.447295,40.398512],[-3.449748,40.397378],[-3.451066,40.395117],[-3.454337,40.393198],[-3.455846,40.393898],[-3.459351,40.389594],[-3.461267,40.388676],[-3.46417,40.389336],[-3.465822,40.388492],[-3.463163,40.387028],[-3.462301,40.385034],[-3.464214,40.383362],[-3.459648,40.380225],[-3.458489,40.372977],[-3.455843,40.366559],[-3.454755,40.361752],[-3.451505,40.35783],[-3.451295,40.354938],[-3.452933,40.352822],[-3.453475,40.343264],[-3.452176,40.343132],[-3.447884,40.34571],[-3.442875,40.34946],[-3.435547,40.352045],[-3.432605,40.352289],[-3.426647,40.351335],[-3.426226,40.34971]]]}},
{"type":"Feature","id":"ESP:ADM3:ES-MD.lozoya","properties":{"shapeName":"Lozoya","shapeISO":"","shapeGroup":"ESP","shapeType":"ADM3","adm1ISO":"ES-MD","parentISO":"ES-MD","parentID":"ESP:ADM1:ES-MD","src_shape_id":"28895703B86249260242298"},"geometry":{"type":"Polygon","coordinates":[[[-3.73686,40.94169],[-3.737598,40.943193],[-3.736932,40.94752],[-3.735305,40.950009],[-3.738765,40.959097],[-3.736064,40.962995],[-3.739315,40.965923],[-3.741398,40.9696],[-3.741654,40.972556],[-3.738667,40.974978],[-3.740015,40.979353],[-3.742415,40.983232],[-3.745826,40.987251],[-3.755445,40.993764],[-3.757826,41.000158],[-3.761501,41.005569],[-3.767409,41.008216],[-3.771081,41.01228],[-3.777187,41.004598],[-3.781366,41.000312],[-3.785425,41.000868],[-3.788884,40.998156],[-3.79043,40.995718],[-3.793498,40.994041],[-3.803138,40.992349],[-3.809442,40.98781],[-3.819423,40.985858],[-3.821225,40.984828],[-3.829094,40.986655],[-3.835172,40.984192],[-3.839277,40.983915],[-3.844507,40.982347],[-3.841711,40.980079],[-3.838847,40.97504],[-3.837351,40.974395],[-3.832911,40.967269],[-3.833807,40.961125],[-3.833235,40.95755],[-3.830514,40.950323],[-3.826946,40.945998],[-3.824508,40.944821],[-3.818899,40.940076],[-3.805542,40.927386],[-3.800783,40.923446],[-3.79609,40.918794],[-3.789393,40.913772],[-3.787031,40.913274],[-3.783894,40.916193],[-3.777873,40.920344],[-3.776717,40.922746],[-3.773037,40.925172],[-3.767126,40.92543],[-3.761109,40.929162],[-3.758056,40.930065],[-3.751312,40.934316],[-3.745893,40.93697],[-3.742961,40.939705],[-3.741741,40.93922],[-3.73686,40.94169]]]}},
{"type":"Feature","id":"ESP:ADM3:ES-MD.madarcos","properties":{"shapeName":"Madarcos","shapeISO":"","shapeGroup":"ESP","shapeType":"ADM3","adm1ISO":"ES-MD","parentISO":"ES-MD","parentID":"ESP:ADM1:ES-MD","src_shape_id":"28895703B60469188654958"},"geometry":{"type":"Polygon","coordinates":[[[-3.587411,41.043446],[-3.587492,41.041016],[-3.583861,41.034526],[-3.584711,41.033016],[-3.581371,41.031463],[-3.579949,41.029572],[-3.580406,41.026171],[-3.582922,41.025697],[-3.586322,41.022473],[-3.579565,41.021479],[-3.577913,41.023509],[-3.575219,41.024003],[-3.569246,41.023781],[-3.564984,41.025908],[-3.560352,41.025233],[-3.557561,41.029122],[-3.554714,41.035959],[-3.55874,41.044454],[-3.559032,41.048307],[-3.56148,41.048773],[-3.5624,41.05638],[-3.563194,41.059057],[-3.571803,41.058783],[-3.580634,41.059497],[-3.584977,41.058588],[-3.587129,41.056816],[-3.58622,41.051232],[-3.586517,41.04668],[-3.588656,41.04463],[-3.587411,41.043446]]]}},
{"type":"Feature","id":"ESP:ADM3:ES-MD.madrid","properties":{"shapeName":"Madrid","shapeISO":"","shapeGroup":"ESP","shapeType":"ADM3","adm1ISO":"ES-MD","parentISO":"ES-MD","parentID":"ESP:ADM1:ES-MD","src_shape_id":"28895703B99603285877815"},"geometry":{"type":"Polygon","coordinates":[[[-3.674143,40.588861],[-3.667209,40.592123],[-3.6604,40.591668],[-3.65625,40.588863],[-3.654476,40.586069],[-3.652761,40.581098],[-3.650171,40.577308],[-3.64267,40.57645],[-3.639607,40.575127],[-3.634376,40.574453],[-3.631099,40.574874],[-3.627923,40.573588],[-3.625003,40.573601],[-3.61636,40.580482],[-3.611896,40.58191],[-3.606339,40.585175],[-3.605063,40.587773],[-3.60298,40.589009],[-3.601792,40.591984],[-3.604819,40.594292],[-3.604721,40.595788],[-3.608841,40.598444],[-3.61534,40.60067],[-3.618308,40.609024],[-3.618003,40.611273],[-3.620497,40.612634],[-3.621863,40.615204],[-3.625832,40.616751],[-3.628605,40.618117],[-3.629502,40.620609],[-3.628853,40.622338],[-3.630242,40.625838],[-3.630193,40.628329],[-3.632971,40.630642],[-3.636803,40.636719],[-3.638889,40.638396],[-3.644539,40.638017],[-3.648764,40.641463],[-3.655683,40.643333],[-3.658261,40.642174],[-3.661778,40.639421],[-3.665523,40.634039],[-3.667975,40.629602],[-3.668514,40.625979],[-3.667306,40.623407],[-3.666799,40.619636],[-3.675123,40.615949],[-3.679665,40.61092],[-3.685375,40.608444],[-3.687498,40.606702],[-3.690643,40.601282],[-3.69192,40.597519],[-3.696273,40.589941],[-3.707886,40.583756],[-3.719436,40.5821],[-3.729995,40.585177],[-3.733192,40.585312],[-3.738174,40.586471],[-3.740817,40.590645],[-3.749213,40.592753],[-3.752237,40.59442],[-3.767813,40.599548],[-3.774319,40.600544],[-3.778268,40.601783],[-3.781716,40.600861],[-3.783576,40.601779],[-3.789908,40.599],[-3.796775,40.599912],[-3.799176,40.598505],[-3.803573,40.599011],[-3.800318,40.604845],[-3.800488,40.605859],[-3.805151,40.607317],[-3.807452,40.6092],[-3.81051,40.609469],[-3.812824,40.608282],[-3.810088,40.606615],[-3.806057,40.599861],[-3.816186,40.594962],[-3.822819,40.594514],[-3.827818,40.594669],[-3.833351,40.593511],[-3.837731,40.591331],[-3.842438,40.592542],[-3.849023,40.59088],[-3.85495,40.588052],[-3.859939,40.588221],[-3.863542,40.589522],[-3.86731,40.592178],[-3.87394,40.591158],[-3.876852,40.588639],[-3.883686,40.585277],[-3.883832,40.578987],[-3.885577,40.574456],[-3.888957,40.570881],[-3.886865,40.566156],[-3.883839,40.563909],[-3.885006,40.560921],[-3.882074,40.559667],[-3.875403,40.558768],[-3.873875,40.557631],[-3.872803,40.553473],[-3.869012,40.548175],[-3.8694,40.547378],[-3.865687,40.543429],[-3.863009,40.534665],[-3.858105,40.530151],[-3.857729,40.52788],[-3.853648,40.524368],[-3.85439,40.521404],[-3.851351,40.517527],[-3.85401,40.512084],[-3.852056,40.509499],[-3.849127,40.508993],[-3.837108,40.505892],[-3.839402,40.499385],[-3.83445,40.49414],[-3.833387,40.489532],[-3.833355,40.485947],[-3.836265,40.481707],[-3.837389,40.475789],[-3.836726,40.475123],[-3.838135,40.470924],[-3.838257,40.467767],[-3.834354,40.464417],[-3.828922,40.466353],[-3.82485,40.464796],[-3.817454,40.464301],[-3.815211,40.463643],[-3.810124,40.464229],[-3.804207,40.462981],[-3.79885,40.458953],[-3.795755,40.457821],[-3.795336,40.456301],[-3.791381,40.449351],[-3.790179,40.445848],[-3.790097,40.442345],[-3.784569,40.444382],[-3.776041,40.443678],[-3.770847,40.444051],[-3.770943,40.42932],[-3.779131,40.424271],[-3.781399,40.417594],[-3.779457,40.412101],[-3.778576,40.408026],[-3.776408,40.404027],[-3.774373,40.402082],[-3.774601,40.400314],[-3.777606,40.399106],[-3.781515,40.394126],[-3.789395,40.392337],[-3.789171,40.393888],[-3.793786,40.39358],[-3.796497,40.392207],[-3.804285,40.392025],[-3.810871,40.392793],[-3.814888,40.393999],[-3.820405,40.396615],[-3.834162,40.396058],[-3.829396,40.388977],[-3.813381,40.369895],[-3.810516,40.363716],[-3.80693,40.366453],[-3.802858,40.363332],[-3.7965,40.362122],[-3.787765,40.358696],[-3.780318,40.361865],[-3.766248,40.358765],[-3.757708,40.35726],[-3.730557,40.363344],[-3.727114,40.364542],[-3.720891,40.365548],[-3.724927,40.334985],[-3.724686,40.332898],[-3.720277,40.329408],[-3.716973,40.328884],[-3.71406,40.327445],[-3.7077,40.326459],[-3.709373,40.323267],[-3.703126,40.322121],[-3.696162,40.322217],[-3.693019,40.320109],[-3.691056,40.32111],[-3.684583,40.322528],[-3.679056,40.326424],[-3.670124,40.324964],[-3.663381,40.328964],[-3.659912,40.327861],[-3.650313,40.332381],[-3.64919,40.333369],[-3.644505,40.330745],[-3.636109,40.325058],[-3.631841,40.321584],[-3.625983,40.319236],[-3.624693,40.320427],[-3.615966,40.317761],[-3.613877,40.315589],[-3.611152,40.314312],[-3.598259,40.312064],[-3.587436,40.31279],[-3.579693,40.313875],[-3.576127,40.314885],[-3.579282,40.315868],[-3.583818,40.315812],[-3.585071,40.320416],[-3.582488,40.326255],[-3.57952,40.32795],[-3.572738,40.33366],[-3.568247,40.340904],[-3.56536,40.344378],[-3.558914,40.35027],[-3.55769,40.352666],[-3.554729,40.354308],[-3.552908,40.357681],[-3.552802,40.364477],[-3.551184,40.370473],[-3.551168,40.373961],[-3.548797,40.376781],[-3.549246,40.380547],[-3.545843,40.385097],[-3.543988,40.388551],[-3.542463,40.393121],[-3.537342,40.391314],[-3.532862,40.39169],[-3.529151,40.389384],[-3.52259,40.391864],[-3.520407,40.392102],[-3.519598,40.397853],[-3.518307,40.40314],[-3.519916,40.409926],[-3.522565,40.414108],[-3.525064,40.41629],[-3.53119,40.420084],[-3.530226,40.414715],[-3.535167,40.414415],[-3.536213,40.412518],[-3.539767,40.410429],[-3.549284,40.412324],[-3.553402,40.411688],[-3.559153,40.413146],[-3.564788,40.413525],[-3.572901,40.411768],[-3.577641,40.413663],[-3.579532,40.417338],[-3.575254,40.425574],[-3.577483,40.426013],[-3.576326,40.429681],[-3.579124,40.433624],[-3.575063,40.434102],[-3.575946,40.436743],[-3.573802,40.437672],[-3.568542,40.436238],[-3.564124,40.438061],[-3.561071,40.437958],[-3.553155,40.441258],[-3.541356,40.443627],[-3.540737,40.444696],[-3.535585,40.444708],[-3.534055,40.446245],[-3.531148,40.446873],[-3.534519,40.452486],[-3.531958,40.454724],[-3.529896,40.454335],[-3.526561,40.455976],[-3.529027,40.458377],[-3.529446,40.461348],[-3.52869,40.463589],[-3.525123,40.467595],[-3.526301,40.47014],[-3.53084,40.471281],[-3.534345,40.472953],[-3.534845,40.479739],[-3.537304,40.484524],[-3.536947,40.486436],[-3.541058,40.488791],[-3.541778,40.494088],[-3.543971,40.495581],[-3.551094,40.498175],[-3.553305,40.499993],[-3.553406,40.50246],[-3.555213,40.503154],[-3.555128,40.508567],[-3.55426,40.511336],[-3.561709,40.511155],[-3.564955,40.512063],[-3.572126,40.512367],[-3.575952,40.510365],[-3.577941,40.510367],[-3.582995,40.508491],[-3.58472,40.506728],[-3.589168,40.504497],[-3.593267,40.501577],[-3.602982,40.501379],[-3.606255,40.505569],[-3.611244,40.509026],[-3.615027,40.5108],[-3.620353,40.510051],[-3.622539,40.508996],[-3.625091,40.5093],[-3.62843,40.50822],[-3.633657,40.507794],[-3.641961,40.5082],[-3.644893,40.50785],[-3.647737,40.51026],[-3.652405,40.511165],[-3.656204,40.513102],[-3.657927,40.511443],[-3.662937,40.520052],[-3.666218,40.521094],[-3.665915,40.524467],[-3.667703,40.525007],[-3.672072,40.524355],[-3.675131,40.525552],[-3.676645,40.527203],[-3.672382,40.530813],[-3.669296,40.534444],[-3.671659,40.537136],[-3.674134,40.538382],[-3.678219,40.543356],[-3.678518,40.546542],[-3.682626,40.551182],[-3.682435,40.553767],[-3.685805,40.559752],[-3.689597,40.568786],[-3.692308,40.570503],[-3.694884,40.573645],[-3.700189,40.5783],[-3.690587,40.58101],[-3.674143,40.588861]]]}},
{"type":"Feature","id":"ESP:ADM3:ES-MD.majadahonda","properties":{"shapeName":"Majadahonda","shapeISO":"","shapeGroup":"ESP","shapeType":"ADM3","adm1ISO":"ES-MD","parentISO":"ES-MD","parentID":"ESP:ADM1:ES-MD","src_shape_id":"28895703B85322535003236"},"geometry":{"type":"Polygon","coordinates":[[[-3.86313,40.444082],[-3.855944,40.445373],[-3.848486,40.445351],[-3.84989,40.44896],[-3.849582,40.452142],[-3.846523,40.457802],[-3.842985,40.460512],[-3.834354,40.464417],[-3.838257,40.467767],[-3.838135,40.470924],[-3.836726,40.475123],[-3.842675,40.477066],[-3.86135,40.480407],[-3.873135,40.483519],[-3.877659,40.483481],[-3.891882,40.487855],[-3.892503,40.487671],[-3.899315,40.492885],[-3.906462,40.495577],[-3.910224,40.501357],[-3.917842,40.501264],[-3.921543,40.499709],[-3.926526,40.499757],[-3.931495,40.49891],[-3.933434,40.499702],[-3.935138,40.4988],[-3.936905,40.493065],[-3.936058,40.491349],[-3.93699,40.484486],[-3.936156,40.479407],[-3.938101,40.476386],[-3.938401,40.473085],[-3.93678,40.468067],[-3.939587,40.465403],[-3.938522,40.461788],[-3.941098,40.459053],[-3.9448,40.456771],[-3.944859,40.454856],[-3.943359,40.454533],[-3.9331,40.449955],[-3.925708,40.442726],[-3.923352,40.441875],[-3.919696,40.442654],[-3.911094,40.443343],[-3.909457,40.442843],[-3.906874,40.446484],[-3.904867,40.45192],[-3.899351,40.456182],[-3.896858,40.455562],[-3.889967,40.44964],[-3.882403,40.445456],[-3.877766,40.444589],[-3.86313,40.444082]]]}},
{"type":"Feature","id":"ESP:ADM3:ES-MD.manzanares-el-real","properties":{"shapeName":"Manzanares el Real","shapeISO":"","shapeGroup":"ESP","shapeType":"ADM3","adm1ISO":"ES-MD","parentISO":"ES-MD","parentID":"ESP:ADM1:ES-MD","src_shape_id":"28895703B6433687944508"},"geometry":{"type":"MultiPolygon","coordinates":[[[[-3.949835,40.716961],[-3.94868,40.717759],[-3.942904,40.715829],[-3.940879,40.714403],[-3.940725,40.712553],[-3.936824,40.715363],[-3.93353,40.723832],[-3.93777,40.727225],[-3.951214,40.721956],[-3.949835,40.716961]]],[[[-3.830053,40.680704],[-3.826773,40.687317],[-3.824092,40.690851],[-3.82144,40.691917],[-3.820696,40.695385],[-3.818022,40.700256],[-3.81479,40.703735],[-3.810054,40.706715],[-3.805958,40.710795],[-3.802913,40.709547],[-3.800586,40.711173],[-3.801606,40.715874],[-3.807156,40.720759],[-3.807821,40.723844],[-3.813032,40.7336],[-3.814929,40.739198],[-3.818357,40.738541],[-3.820082,40.745507],[-3.82014,40.749728],[-3.822724,40.756549],[-3.825099,40.772532],[-3.826449,40.775194],[-3.828485,40.781454],[-3.828374,40.783089],[-3.830161,40.789647],[-3.830201,40.793094],[-3.834643,40.79845],[-3.838389,40.808965],[-3.838152,40.812218],[-3.844055,40.81355],[-3.851229,40.813317],[-3.854517,40.81454],[-3.861837,40.815007],[-3.866083,40.813927],[-3.870949,40.810219],[-3.874124,40.808928],[-3.879107,40.805293],[-3.882911,40.805877],[-3.885356,40.807576],[-3.903079,40.80437],[-3.910199,40.802426],[-3.913649,40.800699],[-3.919153,40.799832],[-3.930383,40.800636],[-3.934957,40.797639],[-3.938601,40.796017],[-3.947283,40.795494],[-3.950515,40.794661],[-3.960083,40.794873],[-3.962715,40.792582],[-3.973204,40.78931],[-3.978119,40.787418],[-3.979676,40.784555],[-3.975823,40.783958],[-3.97411,40.779042],[-3.971518,40.776892],[-3.972496,40.77481],[-3.972776,40.77052],[-3.968603,40.767111],[-3.965122,40.768198],[-3.960267,40.765661],[-3.955059,40.764882],[-3.951843,40.76351],[-3.946997,40.758393],[-3.942064,40.755185],[-3.933491,40.75232],[-3.928832,40.748489],[-3.925117,40.746625],[-3.921023,40.743234],[-3.912486,40.740062],[-3.906924,40.738614],[-3.903549,40.731781],[-3.901005,40.73],[-3.898603,40.723457],[-3.89752,40.71853],[-3.893218,40.714436],[-3.893869,40.709256],[-3.891673,40.704782],[-3.89327,40.703001],[-3.902489,40.699275],[-3.905611,40.696816],[-3.913044,40.687537],[-3.908892,40.684465],[-3.905984,40.682214],[-3.903703,40.680555],[-3.899252,40.68322],[-3.892727,40.680488],[-3.891745,40.679345],[-3.883879,40.680208],[-3.880525,40.681524],[-3.873894,40.681091],[-3.867743,40.681672],[-3.863496,40.685835],[-3.861155,40.686297],[-3.854098,40.684911],[-3.849809,40.685185],[-3.848811,40.686197],[-3.839096,40.686734],[-3.838705,40.685019],[-3.830053,40.680704]]]]}},
{"type":"Feature","id":"ESP:ADM3:ES-MD.meco","properties":{"shapeName":"Meco","shapeISO":"","shapeGroup":"ESP","shapeType":"ADM3","adm1ISO":"ES-MD","parentISO":"ES-MD","parentID":"ESP:ADM1:ES-MD","src_shape_id":"28895703B59314308183863"},"geometry":{"type":"Polygon","coordinates":[[[-3.286709,40.57257],[-3.289559,40.572158],[-3.292609,40.573016],[-3.296348,40.575208],[-3.303939,40.578549],[-3.308339,40.579124],[-3.316084,40.584074],[-3.321163,40.589682],[-3.328275,40.594836],[-3.330341,40.597369],[-3.32775,40.598929],[-3.330717,40.600921],[-3.338364,40.596826],[-3.336342,40.594426],[-3.33706,40.591798],[-3.339795,40.591531],[-3.340246,40.589451],[-3.343034,40.586805],[-3.342122,40.585228],[-3.348259,40.581738],[-3.341485,40.579018],[-3.349268,40.573589],[-3.353836,40.569678],[-3.357009,40.569194],[-3.358079,40.566733],[-3.360209,40.56556],[-3.363494,40.56171],[-3.360667,40.560301],[-3.362281,40.558471],[-3.357635,40.552674],[-3.360065,40.551949],[-3.357252,40.549472],[-3.354566,40.542619],[-3.35254,40.539707],[-3.350039,40.531628],[-3.346223,40.53165],[-3.341485,40.53081],[-3.329994,40.525881],[-3.323142,40.52128],[-3.320215,40.523074],[-3.315748,40.524357],[-3.309271,40.528847],[-3.30692,40.529859],[-3.304855,40.533103],[-3.299579,40.530555],[-3.296898,40.52832],[-3.292147,40.529729],[-3.289849,40.53175],[-3.297126,40.537521],[-3.292719,40.542193],[-3.289066,40.545304],[-3.28501,40.547685],[-3.283103,40.550964],[-3.286396,40.554152],[-3.284828,40.555718],[-3.288357,40.558607],[-3.284146,40.562013],[-3.283132,40.563619],[-3.287116,40.565158],[-3.284069,40.568977],[-3.286709,40.57257]]]}},
{"type":"Feature","id":"ESP:ADM3:ES-MD.mejorada-del-campo","properties":{"shapeName":"Mejorada del Campo","shapeISO":"","shapeGroup":"ESP","shapeType":"ADM3","adm1ISO":"ES-MD","parentISO":"ES-MD","parentID":"ESP:ADM1:ES-MD","src_shape_id":"28895703B15725883647993"},"geometry":{"type":"Polygon","coordinates":[[[-3.43993,40.412551],[-3.442119,40.418684],[-3.449282,40.421588],[-3.452545,40.421644],[-3.453184,40.420264],[-3.45703,40.419013],[-3.461529,40.418927],[-3.46917,40.417956],[-3.472281,40.416338],[-3.475057,40.416378],[-3.483209,40.41426],[-3.485697,40.413022],[-3.487875,40.413719],[-3.492734,40.411986],[-3.494893,40.411882],[-3.497579,40.409259],[-3.501739,40.409382],[-3.503173,40.40726],[-3.500721,40.405947],[-3.505984,40.401138],[-3.508619,40.39808],[-3.50862,40.395403],[-3.505495,40.393459],[-3.506804,40.389099],[-3.502924,40.389924],[-3.50073,40.387311],[-3.500497,40.385244],[-3.504901,40.38428],[-3.505995,40.382636],[-3.501616,40.380586],[-3.500293,40.377966],[-3.491367,40.378337],[-3.489017,40.378075],[-3.478163,40.380658],[-3.474245,40.382025],[-3.466415,40.38709],[-3.465822,40.388492],[-3.46417,40.389336],[-3.461267,40.388676],[-3.459351,40.389594],[-3.455846,40.393898],[-3.454337,40.393198],[-3.451066,40.395117],[-3.449748,40.397378],[-3.447295,40.398512],[-3.445452,40.401203],[-3.440421,40.405209],[-3.441576,40.408156],[-3.43993,40.412551]]]}},
{"type":"Feature","id":"ESP:ADM3:ES-MD.miraflores-de-la-sierra","properties":{"shapeName":"Miraflores de la Sierra","shapeISO":"","shapeGroup":"ESP","shapeType":"ADM3","adm1ISO":"ES-MD","parentISO":"ES-MD","parentID":"ESP:ADM1:ES-MD","src_shape_id":"28895703B76919249559631"},"geometry":{"type":"Polygon","coordinates":[[[-3.789403,40.846532],[-3.796179,40.846708],[-3.798242,40.849004],[-3.802403,40.84724],[-3.808352,40.847834],[-3.815358,40.840718],[-3.830229,40.831005],[-3.830114,40.818277],[-3.828067,40.815395],[-3.829353,40.813553],[-3.828459,40.81237],[-3.828611,40.808372],[-3.827069,40.805151],[-3.821313,40.801595],[-3.81783,40.798251],[-3.815581,40.795183],[-3.813988,40.78778],[-3.815364,40.78668],[-3.812199,40.782012],[-3.811562,40.779896],[-3.80764,40.775401],[-3.805415,40.77499],[-3.799033,40.77241],[-3.790199,40.772054],[-3.788916,40.769606],[-3.784992,40.769846],[-3.780726,40.76897],[-3.775099,40.766444],[-3.77138,40.764017],[-3.768277,40.763953],[-3.76472,40.7614],[-3.760679,40.761829],[-3.750889,40.754432],[-3.749448,40.752529],[-3.743226,40.747698],[-3.740009,40.746171],[-3.736877,40.739808],[-3.733376,40.735707],[-3.732818,40.731942],[-3.733604,40.730919],[-3.731254,40.730328],[-3.727192,40.731183],[-3.723752,40.729857],[-3.713143,40.728522],[-3.71037,40.729307],[-3.723579,40.742768],[-3.741896,40.765217],[-3.743608,40.76677],[-3.737189,40.769286],[-3.740576,40.774671],[-3.741019,40.777507],[-3.737317,40.783359],[-3.73315,40.788248],[-3.731496,40.78902],[-3.722676,40.797377],[-3.724444,40.800186],[-3.732717,40.802992],[-3.734339,40.804932],[-3.741339,40.804785],[-3.744584,40.806589],[-3.747218,40.810326],[-3.746898,40.811554],[-3.752219,40.815108],[-3.759251,40.820744],[-3.768764,40.825432],[-3.773495,40.825458],[-3.775298,40.828173],[-3.779645,40.8308],[-3.78218,40.835902],[-3.78466,40.8371],[-3.785051,40.840532],[-3.786732,40.844089],[-3.789403,40.846532]]]}},
{"type":"Feature","id":"ESP:ADM3:ES-MD.el-molar","properties":{"shapeName":"El Molar","shapeISO":"","shapeGroup":"ESP","shapeType":"ADM3","adm1ISO":"ES-MD","parentISO":"ES-MD","parentID":"ESP:ADM1:ES-MD","src_shape_id":"28895703B21422484013241"},"geometry":{"type":"Polygon","coordinates":[[[-3.559189,40.650541],[-3.552493,40.651736],[-3.556744,40.660951],[-3.554272,40.66492],[-3.55564,40.6678],[-3.553928,40.674046],[-3.553778,40.681696],[-3.55559,40.682729],[-3.551922,40.690261],[-3.543993,40.691857],[-3.544264,40.69754],[-3.536539,40.703891],[-3.533939,40.705159],[-3.534174,40.707824],[-3.533052,40.709892],[-3.528759,40.713507],[-3.528457,40.715816],[-3.526049,40.720899],[-3.527078,40.724205],[-3.525291,40.729308],[-3.525873,40.732534],[-3.530752,40.734408],[-3.534812,40.734194],[-3.538412,40.733096],[-3.543183,40.734041],[-3.543967,40.735035],[-3.547206,40.734617],[-3.550673,40.737295],[-3.554562,40.738008],[-3.558569,40.74268],[-3.572081,40.745147],[-3.574363,40.748855],[-3.582127,40.750407],[-3.58491,40.750011],[-3.587162,40.748245],[-3.591215,40.749018],[-3.59383,40.750557],[-3.592346,40.730722],[-3.591703,40.728047],[-3.594923,40.725139],[-3.599114,40.723835],[-3.605196,40.72058],[-3.607487,40.717602],[-3.607546,40.714369],[-3.606181,40.714415],[-3.603112,40.710578],[-3.603438,40.709121],[-3.60168,40.705918],[-3.602526,40.702752],[-3.601315,40.696533],[-3.600856,40.691154],[-3.602255,40.689622],[-3.60242,40.687077],[-3.605007,40.683667],[-3.605246,40.680069],[-3.602841,40.674023],[-3.601438,40.672674],[-3.601887,40.670296],[-3.598722,40.663354],[-3.597021,40.658241],[-3.593683,40.654803],[-3.588847,40.656008],[-3.586296,40.654584],[-3.584709,40.650413],[-3.584839,40.645266],[-3.580734,40.644881],[-3.577835,40.64571],[-3.569628,40.643608],[-3.567722,40.643663],[-3.5673,40.649071],[-3.566602,40.650185],[-3.559189,40.650541]]]}},
{"type":"Feature","id":"ESP:ADM3:ES-MD.los-molinos","properties":{"shapeName":"Los Molinos","shapeISO":"","shapeGroup":"ESP","shapeType":"ADM3","adm1ISO":"ES-MD","parentISO":"ES-MD","parentID":"ESP:ADM1:ES-MD","src_shape_id":"28895703B70231195526873"},"geometry":{"type":"Polygon","coordinates":[[[-4.096991,40.747739],[-4.104089,40.747014],[-4.110444,40.743982],[-4.119495,40.736215],[-4.125207,40.729626],[-4.125692,40.724494],[-4.122881,40.71902],[-4.117912,40.711446],[-4.111506,40.706642],[-4.108877,40.704176],[-4.105868,40.703325],[-4.098931,40.703536],[-4.096695,40.706402],[-4.093809,40.707353],[-4.081886,40.699415],[-4.080884,40.702129],[-4.076769,40.700868],[-4.076227,40.69848],[-4.073276,40.700114],[-4.061567,40.700223],[-4.060174,40.703324],[-4.056553,40.707283],[-4.056214,40.711064],[-4.054254,40.713193],[-4.050438,40.714646],[-4.059135,40.714909],[-4.064896,40.718804],[-4.065714,40.722542],[-4.06787,40.723972],[-4.074337,40.726177],[-4.080307,40.731139],[-4.083185,40.734261],[-4.087101,40.737358],[-4.096991,40.747739]]]}},
{"type":"Feature","id":"ESP:ADM3:ES-MD.montejo-de-la-sierra","properties":{"shapeName":"Montejo de la Sierra","shapeISO":"","shapeGroup":"ESP","shapeType":"ADM3","adm1ISO":"ES-MD","parentISO":"ES-MD","parentID":"ESP:ADM1:ES-MD","src_shape_id":"28895703B45059458864894"},"geometry":{"type":"Polygon","coordinates":[[[-3.541098,41.149667],[-3.544267,41.145939],[-3.544905,41.142207],[-3.547932,41.138754],[-3.547335,41.134743],[-3.541648,41.134444],[-3.536521,41.131922],[-3.533514,41.132571],[-3.526125,41.128575],[-3.523187,41.123617],[-3.521943,41.119459],[-3.524423,41.11543],[-3.525154,41.109044],[-3.522806,41.093028],[-3.523823,41.085643],[-3.528382,41.078738],[-3.529669,41.075438],[-3.538692,41.061103],[-3.540534,41.05891],[-3.542177,41.050417],[-3.534669,41.05206],[-3.530053,41.051639],[-3.526831,41.049984],[-3.523085,41.049227],[-3.518215,41.05083],[-3.510659,41.051207],[-3.508358,41.053409],[-3.504597,41.052877],[-3.503711,41.056728],[-3.49987,41.05573],[-3.497862,41.056416],[-3.4926,41.056601],[-3.485184,41.063776],[-3.485757,41.068742],[-3.479274,41.072313],[-3.479363,41.076858],[-3.478682,41.078761],[-3.482195,41.08297],[-3.484155,41.084185],[-3.484396,41.086528],[-3.478808,41.090809],[-3.475154,41.095267],[-3.478019,41.093971],[-3.482499,41.093267],[-3.483954,41.094207],[-3.488215,41.094034],[-3.488211,41.096509],[-3.490563,41.097542],[-3.491904,41.100194],[-3.489032,41.104048],[-3.48963,41.105515],[-3.492778,41.106939],[-3.494002,41.110081],[-3.493034,41.111127],[-3.495297,41.115836],[-3.499499,41.119825],[-3.501612,41.126413],[-3.510603,41.13729],[-3.515873,41.137735],[-3.516526,41.138803],[-3.526035,41.139145],[-3.528954,41.140639],[-3.532372,41.145023],[-3.532859,41.147],[-3.541098,41.149667]]]}},
{"type":"Feature","id":"ESP:ADM3:ES-MD.moraleja-de-enmedio","properties":{"shapeName":"Moraleja de Enmedio","shapeISO":"","shapeGroup":"ESP","shapeType":"ADM3","adm1ISO":"ES-MD","parentISO":"ES-MD","parentID":"ESP:ADM1:ES-MD","src_shape_id":"28895703B52459291282647"},"geometry":{"type":"Polygon","coordinates":[[[-3.943386,40.261885],[-3.938382,40.2577],[-3.938851,40.252297],[-3.936934,40.24968],[-3.932002,40.247272],[-3.926099,40.248689],[-3.924127,40.245734],[-3.914519,40.243878],[-3.908385,40.238754],[-3.906243,40.237718],[-3.904107,40.234727],[-3.900103,40.232516],[-3.891496,40.231585],[-3.888508,40.232848],[-3.884497,40.232107],[-3.880106,40.233017],[-3.877634,40.229315],[-3.871501,40.227869],[-3.867894,40.225744],[-3.864357,40.231136],[-3.862776,40.230446],[-3.857348,40.236297],[-3.856235,40.238098],[-3.851525,40.236843],[-3.853556,40.244185],[-3.853681,40.249175],[-3.853054,40.251429],[-3.849608,40.256439],[-3.847414,40.262345],[-3.842729,40.269127],[-3.839464,40.276975],[-3.83869,40.278089],[-3.841115,40.285747],[-3.851018,40.288034],[-3.851882,40.287106],[-3.861577,40.288521],[-3.869032,40.288074],[-3.874006,40.28935],[-3.877005,40.288296],[-3.877461,40.286356],[-3.885667,40.283223],[-3.887047,40.282071],[-3.885178,40.280179],[-3.887408,40.275954],[-3.894455,40.269684],[-3.898356,40.266774],[-3.899061,40.265323],[-3.904274,40.260075],[-3.908425,40.258913],[-3.91209,40.256275],[-3.914142,40.259624],[-3.917068,40.260929],[-3.925223,40.257111],[-3.931072,40.25656],[-3.935296,40.259426],[-3.937686,40.259712],[-3.939344,40.262684],[-3.943386,40.261885]]]}},
{"type":"Feature","id":"ESP:ADM3:ES-MD.moralzarzal","properties":{"shapeName":"Moralzarzal","shapeISO":"","shapeGroup":"ESP","shapeType":"ADM3","adm1ISO":"ES-MD","parentISO":"ES-MD","parentID":"ESP:ADM1:ES-MD","src_shape_id":"28895703B96102771614487"},"geometry":{"type":"MultiPolygon","coordinates":[[[[-3.873821,40.657256],[-3.880743,40.660578],[-3.884935,40.663445],[-3.89245,40.667535],[-3.898562,40.669995],[-3.903449,40.669642],[-3.906056,40.668377],[-3.906382,40.666721],[-3.905127,40.659121],[-3.904168,40.656339],[-3.905364,40.653175],[-3.912902,40.649466],[-3.919246,40.648578],[-3.927519,40.651836],[-3.927106,40.654372],[-3.928686,40.657143],[-3.930337,40.659358],[-3.929026,40.663724],[-3.922265,40.664666],[-3.916747,40.663691],[-3.920294,40.672755],[-3.919235,40.672846],[-3.915944,40.675304],[-3.915117,40.67591],[-3.905984,40.682214],[-3.908892,40.684465],[-3.913155,40.682472],[-3.920449,40.676933],[-3.924337,40.677499],[-3.926682,40.679942],[-3.934134,40.68152],[-3.937139,40.683324],[-3.944735,40.686517],[-3.948918,40.689338],[-3.952454,40.69301],[-3.95289,40.700287],[-3.945409,40.708189],[-3.940725,40.712553],[-3.940879,40.714403],[-3.942904,40.715829],[-3.94868,40.717759],[-3.949835,40.716961],[-3.958445,40.709156],[-3.960027,40.70696],[-3.964853,40.705915],[-3.967509,40.706346],[-3.970342,40.703689],[-3.97394,40.705881],[-3.977502,40.706738],[-3.981276,40.706074],[-3.98502,40.701985],[-3.986146,40.69846],[-3.988216,40.695535],[-3.997497,40.690427],[-3.994779,40.684801],[-3.995265,40.681102],[-3.995525,40.67743],[-3.993997,40.667419],[-3.993281,40.666679],[-3.986898,40.665024],[-3.97803,40.661751],[-3.969005,40.660232],[-3.966744,40.658183],[-3.959246,40.65832],[-3.950282,40.65759],[-3.949227,40.65713],[-3.947702,40.652375],[-3.948274,40.651099],[-3.947036,40.643118],[-3.949976,40.64136],[-3.952908,40.637741],[-3.958087,40.632855],[-3.958491,40.624155],[-3.960041,40.619094],[-3.958837,40.617171],[-3.959188,40.611556],[-3.95907,40.60167],[-3.953065,40.597438],[-3.950527,40.600329],[-3.947139,40.608149],[-3.946734,40.610845],[-3.940836,40.620345],[-3.933543,40.625775],[-3.928352,40.630258],[-3.926209,40.633271],[-3.9203,40.638756],[-3.912909,40.641785],[-3.907996,40.642993],[-3.903021,40.645366],[-3.894505,40.65023],[-3.890526,40.651883],[-3.886304,40.652502],[-3.87976,40.651572],[-3.875372,40.653088],[-3.873821,40.657256]]],[[[-3.90659,40.673182],[-3.902786,40.674307],[-3.902487,40.677555],[-3.903397,40.679003],[-3.907426,40.677643],[-3.90659,40.673182]]]]}},
{"type":"Feature","id":"ESP:ADM3:ES-MD.morata-de-tajuna","properties":{"shapeName":"Morata de Tajuña","shapeISO":"","shapeGroup":"ESP","shapeType":"ADM3","adm1ISO":"ES-MD","parentISO":"ES-MD","parentID":"ESP:ADM1:ES-MD","src_shape_id":"28895703B73181253135311"},"geometry":{"type":"Polygon","coordinates":[[[-3.482681,40.256879],[-3.485737,40.253134],[-3.490333,40.253677],[-3.492066,40.251133],[-3.495107,40.251675],[-3.496104,40.253358],[-3.500353,40.256123],[-3.502472,40.254172],[-3.501873,40.252518],[-3.503189,40.250615],[-3.502149,40.248497],[-3.499762,40.247777],[-3.501069,40.245329],[-3.505849,40.239302],[-3.504482,40.237282],[-3.504316,40.233695],[-3.50065,40.226457],[-3.49932,40.222235],[-3.497597,40.220488],[-3.498298,40.216969],[-3.494039,40.217977],[-3.486115,40.215433],[-3.482808,40.215252],[-3.479514,40.213743],[-3.476034,40.213064],[-3.472095,40.213288],[-3.46371,40.212635],[-3.462181,40.213135],[-3.453694,40.210406],[-3.451689,40.208086],[-3.451549,40.205846],[-3.453095,40.20232],[-3.44666,40.201073],[-3.43836,40.200309],[-3.429955,40.201551],[-3.427387,40.201457],[-3.423033,40.196935],[-3.42093,40.201093],[-3.412394,40.204061],[-3.408246,40.206646],[-3.404016,40.208146],[-3.398639,40.215007],[-3.39572,40.216938],[-3.394509,40.219016],[-3.395196,40.224258],[-3.397167,40.231223],[-3.399831,40.237184],[-3.400399,40.239886],[-3.411582,40.251992],[-3.414718,40.253225],[-3.423262,40.254701],[-3.434838,40.257887],[-3.441537,40.258218],[-3.452804,40.257332],[-3.459141,40.258297],[-3.462559,40.256773],[-3.470128,40.255341],[-3.476879,40.256401],[-3.481115,40.256151],[-3.482681,40.256879]]]}},
{"type":"Feature","id":"ESP:ADM3:ES-MD.mostoles","properties":{"shapeName":"Móstoles","shapeISO":"","shapeGroup":"ESP","shapeType":"ADM3","adm1ISO":"ES-MD","parentISO":"ES-MD","parentID":"ESP:ADM1:ES-MD","src_shape_id":"28895703B19379802445785"},"geometry":{"type":"MultiPolygon","coordinates":[[[[-3.941523,40.292723],[-3.942061,40.291682],[-3.939182,40.291565],[-3.935997,40.290134],[-3.930402,40.291607],[-3.925133,40.291413],[-3.922972,40.290213],[-3.918961,40.289444],[-3.91647,40.289899],[-3.916396,40.292149],[-3.918945,40.292135],[-3.923077,40.295483],[-3.928919,40.295978],[-3.93804,40.29185],[-3.941523,40.292723]]],[[[-3.870924,40.353118],[-3.881316,40.353963],[-3.88595,40.352623],[-3.89654,40.348887],[-3.898663,40.349503],[-3.903397,40.346654],[-3.905743,40.344468],[-3.913426,40.34282],[-3.917867,40.338805],[-3.922519,40.339858],[-3.934544,40.337825],[-3.932396,40.333394],[-3.935011,40.330021],[-3.93983,40.327546],[-3.945058,40.323291],[-3.942709,40.317411],[-3.945191,40.310071],[-3.944758,40.308607],[-3.941404,40.304607],[-3.941509,40.300163],[-3.941762,40.297179],[-3.938183,40.297085],[-3.93255,40.299257],[-3.930625,40.30096],[-3.923781,40.302641],[-3.918302,40.302503],[-3.917371,40.300254],[-3.91534,40.298657],[-3.915746,40.293047],[-3.911562,40.295214],[-3.911267,40.296534],[-3.907169,40.30208],[-3.904835,40.304027],[-3.902207,40.304829],[-3.895959,40.30417],[-3.894644,40.301609],[-3.892317,40.302155],[-3.889808,40.296223],[-3.88965,40.294574],[-3.886807,40.291448],[-3.883259,40.291439],[-3.881184,40.292362],[-3.877005,40.288296],[-3.874006,40.28935],[-3.869032,40.288074],[-3.861577,40.288521],[-3.851882,40.287106],[-3.851018,40.288034],[-3.841115,40.285747],[-3.843804,40.291746],[-3.842779,40.294094],[-3.84367,40.296961],[-3.844012,40.304036],[-3.841956,40.308412],[-3.84397,40.320963],[-3.845839,40.320712],[-3.849441,40.325139],[-3.848547,40.325692],[-3.849821,40.328625],[-3.855202,40.334488],[-3.858162,40.333401],[-3.859624,40.336042],[-3.858588,40.340348],[-3.859259,40.343595],[-3.863723,40.34506],[-3.867047,40.347131],[-3.866542,40.35141],[-3.867619,40.353645],[-3.870924,40.353118]]]]}},
{"type":"Feature","id":"ESP:ADM3:ES-MD.navacerrada","properties":{"shapeName":"Navacerrada","shapeISO":"","shapeGroup":"ESP","shapeType":"ADM3","adm1ISO":"ES-MD","parentISO":"ES-MD","parentID":"ESP:ADM1:ES-MD","src_shape_id":"28895703B35099744008333"},"geometry":{"type":"MultiPolygon","coordinates":[[[[-3.968603,40.767111],[-3.972776,40.77052],[-3.972496,40.77481],[-3.971518,40.776892],[-3.97411,40.779042],[-3.975823,40.783958],[-3.979676,40.784555],[-3.984227,40.785948],[-3.98975,40.785472],[-4.002854,40.788649],[-3.997389,40.786893],[-3.997058,40.782697],[-3.99578,40.77986],[-4.000442,40.775168],[-4.003018,40.770865],[-4.004718,40.76638],[-4.005566,40.761985],[-4.007875,40.757905],[-4.012246,40.756067],[-4.018126,40.752368],[-4.023161,40.751579],[-4.030852,40.749711],[-4.034447,40.749284],[-4.033743,40.746083],[-4.035992,40.743223],[-4.036114,40.740115],[-4.032696,40.738966],[-4.033281,40.737746],[-4.031402,40.735195],[-4.032783,40.733523],[-4.037352,40.730277],[-4.037193,40.727819],[-4.038601,40.723895],[-4.042152,40.721348],[-4.040468,40.718666],[-4.036343,40.717257],[-4.028228,40.717941],[-4.018482,40.71528],[-4.012898,40.713169],[-4.010719,40.713081],[-4.004857,40.710528],[-4.003404,40.711782],[-4.002499,40.718112],[-3.999827,40.719346],[-3.995713,40.725379],[-3.992479,40.727532],[-3.987612,40.733048],[-3.984118,40.739914],[-3.982556,40.742069],[-3.983191,40.745261],[-3.981787,40.754628],[-3.977328,40.762074],[-3.968603,40.767111]]],[[[-4.030858,40.762135],[-4.024138,40.761121],[-4.020525,40.762016],[-4.015984,40.767656],[-4.012942,40.770075],[-4.0071,40.778793],[-4.007324,40.781129],[-4.010087,40.784878],[-4.007652,40.787908],[-4.01517,40.782995],[-4.021317,40.781192],[-4.02478,40.779667],[-4.022857,40.777649],[-4.022557,40.77271],[-4.0294,40.767396],[-4.030858,40.762135]]]]}},
{"type":"Feature","id":"ESP:ADM3:ES-MD.navalafuente","properties":{"shapeName":"Navalafuente","shapeISO":"","shapeGroup":"ESP","shapeType":"ADM3","adm1ISO":"ES-MD","parentISO":"ES-MD","parentID":"ESP:ADM1:ES-MD","src_shape_id":"28895703B90949213907943"},"geometry":{"type":"Polygon","coordinates":[[[-3.701434,40.799809],[-3.691451,40.802384],[-3.683088,40.803495],[-3.674652,40.802484],[-3.666118,40.803404],[-3.659619,40.804866],[-3.65932,40.806103],[-3.655992,40.808269],[-3.654057,40.813143],[-3.65475,40.817666],[-3.651322,40.825617],[-3.652963,40.826586],[-3.652957,40.83351],[-3.661116,40.832531],[-3.67113,40.833476],[-3.678496,40.833078],[-3.681551,40.830625],[-3.68556,40.829842],[-3.691264,40.827033],[-3.701306,40.824387],[-3.701281,40.816852],[-3.701836,40.815325],[-3.701238,40.808552],[-3.701434,40.799809]]]}},
{"type":"Feature","id":"ESP:ADM3:ES-MD.navalagamella","properties":{"shapeName":"Navalagamella","shapeISO":"","shapeGroup":"ESP","shapeType":"ADM3","adm1ISO":"ES-MD","parentISO":"ES-MD","parentID":"ESP:ADM1:ES-MD","src_shape_id":"28895703B57331116676733"},"geometry":{"type":"Polygon","coordinates":[[[-4.146949,40.364698],[-4.145924,40.364669],[-4.137646,40.368287],[-4.136648,40.369871],[-4.136035,40.370967],[-4.130859,40.373818],[-4.126486,40.377168],[-4.123356,40.378418],[-4.121684,40.377724],[-4.11873,40.380446],[-4.115488,40.386644],[-4.111592,40.389817],[-4.113588,40.396862],[-4.113022,40.402484],[-4.111603,40.406648],[-4.104174,40.412158],[-4.097739,40.413934],[-4.097407,40.416183],[-4.093295,40.416157],[-4.091448,40.418065],[-4.083325,40.419666],[-4.081278,40.418945],[-4.07895,40.421546],[-4.071041,40.423543],[-4.071165,40.425354],[-4.07331,40.429242],[-4.074089,40.433336],[-4.077641,40.4385],[-4.078485,40.441168],[-4.081011,40.44401],[-4.087966,40.446243],[-4.091102,40.448708],[-4.094153,40.455041],[-4.093942,40.456777],[-4.096088,40.458844],[-4.096048,40.462071],[-4.094461,40.464846],[-4.105101,40.471122],[-4.106128,40.473346],[-4.105549,40.476072],[-4.103924,40.477788],[-4.108062,40.479462],[-4.108446,40.481171],[-4.111278,40.481029],[-4.108709,40.486406],[-4.115295,40.488591],[-4.119669,40.493055],[-4.118384,40.498756],[-4.125368,40.504742],[-4.122,40.507887],[-4.122473,40.510754],[-4.124819,40.514892],[-4.125399,40.518129],[-4.127885,40.522423],[-4.132346,40.518674],[-4.141228,40.506229],[-4.145874,40.502485],[-4.152375,40.493205],[-4.153331,40.489571],[-4.152883,40.4856],[-4.155982,40.482472],[-4.156716,40.479343],[-4.159588,40.476408],[-4.161618,40.471745],[-4.162076,40.467365],[-4.165868,40.465091],[-4.17009,40.46457],[-4.17452,40.460658],[-4.175667,40.453469],[-4.177223,40.448837],[-4.172869,40.44656],[-4.169719,40.439946],[-4.169865,40.43688],[-4.168645,40.434822],[-4.165169,40.432459],[-4.164821,40.430011],[-4.161903,40.428659],[-4.164566,40.425565],[-4.159724,40.423519],[-4.158022,40.420808],[-4.16138,40.418293],[-4.160921,40.416243],[-4.156886,40.414709],[-4.155193,40.413153],[-4.15618,40.411485],[-4.155302,40.408971],[-4.156576,40.405808],[-4.159174,40.405044],[-4.159453,40.401743],[-4.161672,40.400353],[-4.160408,40.39874],[-4.163715,40.396013],[-4.163932,40.39473],[-4.159974,40.392175],[-4.158746,40.385701],[-4.15403,40.381419],[-4.154063,40.379337],[-4.150335,40.374919],[-4.149565,40.37201],[-4.146456,40.368336],[-4.146949,40.364698]]]}},
{"type":"Feature","id":"ESP:ADM3:ES-MD.navalcarnero","properties":{"shapeName":"Navalcarnero","shapeISO":"","shapeGroup":"ESP","shapeType":"ADM3","adm1ISO":"ES-MD","parentISO":"ES-MD","parentID":"ESP:ADM1:ES-MD","src_shape_id":"28895703B69257259098302"},"geometry":{"type":"Polygon","coordinates":[[[-3.946379,40.224598],[-3.947726,40.231502],[-3.950986,40.238053],[-3.951939,40.243719],[-3.949027,40.243836],[-3.95173,40.248794],[-3.951267,40.251278],[-3.941202,40.250883],[-3.936934,40.24968],[-3.938851,40.252297],[-3.938382,40.2577],[-3.943386,40.261885],[-3.944648,40.260884],[-3.948103,40.262532],[-3.946795,40.267599],[-3.947604,40.271214],[-3.948842,40.272619],[-3.94837,40.275114],[-3.943206,40.281582],[-3.941777,40.286397],[-3.942661,40.290007],[-3.942061,40.291682],[-3.941523,40.292723],[-3.941762,40.297179],[-3.941509,40.300163],[-3.94702,40.300622],[-3.952613,40.303506],[-3.957309,40.304902],[-3.966097,40.313918],[-3.970537,40.320611],[-3.973961,40.32168],[-3.97827,40.324086],[-3.981701,40.32373],[-3.990573,40.327378],[-3.992728,40.3294],[-3.998851,40.332082],[-4.002918,40.333131],[-4.006454,40.33778],[-4.006389,40.339387],[-4.010787,40.337079],[-4.018105,40.33558],[-4.024411,40.333411],[-4.045039,40.332597],[-4.050805,40.334825],[-4.058774,40.334329],[-4.066373,40.335099],[-4.070104,40.335066],[-4.075909,40.329723],[-4.074972,40.328809],[-4.077257,40.321535],[-4.079679,40.318291],[-4.081493,40.317418],[-4.08232,40.314839],[-4.082553,40.309986],[-4.086521,40.299821],[-4.087731,40.298763],[-4.087369,40.294074],[-4.085735,40.291551],[-4.087596,40.289419],[-4.087699,40.283731],[-4.084588,40.278311],[-4.083547,40.272417],[-4.081583,40.270312],[-4.080456,40.26694],[-4.075375,40.265208],[-4.072894,40.265451],[-4.06622,40.261521],[-4.062538,40.257734],[-4.057251,40.254246],[-4.052086,40.251529],[-4.04187,40.249709],[-4.025962,40.249582],[-4.024028,40.248968],[-4.017841,40.249913],[-4.009715,40.25303],[-4.003508,40.256424],[-4.000437,40.256426],[-3.997077,40.255384],[-3.985397,40.253333],[-3.975498,40.252051],[-3.972149,40.250059],[-3.971992,40.24792],[-3.970288,40.244594],[-3.970292,40.24171],[-3.968955,40.239586],[-3.968194,40.235826],[-3.962811,40.231632],[-3.961987,40.229709],[-3.95626,40.226673],[-3.950521,40.22612],[-3.946379,40.224598]]]}},
{"type":"Feature","id":"ESP:ADM3:ES-MD.navarredonda-y-san-mames","properties":{"shapeName":"Navarredonda y San Mamés","shapeISO":"","shapeGroup":"ESP","shapeType":"ADM3","adm1ISO":"ES-MD","parentISO":"ES-MD","parentID":"ESP:ADM1:ES-MD","src_shape_id":"28895703B25797398596377"},"geometry":{"type":"Polygon","coordinates":[[[-3.679324,40.992098],[-3.686251,40.996849],[-3.689135,40.999703],[-3.690907,41.003579],[-3.70015,41.010732],[-3.702462,41.015355],[-3.710909,41.022012],[-3.711918,41.02666],[-3.731189,41.03085],[-3.748644,41.036133],[-3.755544,41.027931],[-3.759049,41.027071],[-3.76675,41.019527],[-3.767296,41.015976],[-3.771081,41.01228],[-3.767409,41.008216],[-3.761501,41.005569],[-3.757826,41.000158],[-3.755445,40.993764],[-3.745826,40.987251],[-3.742415,40.983232],[-3.740015,40.979353],[-3.738667,40.974978],[-3.728201,40.97864],[-3.725062,40.97934],[-3.718091,40.979705],[-3.714705,40.979187],[-3.71145,40.98054],[-3.71017,40.983065],[-3.700596,40.986189],[-3.687307,40.991283],[-3.679324,40.992098]]]}},
{"type":"Feature","id":"ESP:ADM3:ES-MD.navas-del-rey","properties":{"shapeName":"Navas del Rey","shapeISO":"","shapeGroup":"ESP","shapeType":"ADM3","adm1ISO":"ES-MD","parentISO":"ES-MD","parentID":"ESP:ADM1:ES-MD","src_shape_id":"28895703B64088296558696"},"geometry":{"type":"Polygon","coordinates":[[[-4.231579,40.334085],[-4.23263,40.340892],[-4.232238,40.342822],[-4.232312,40.354251],[-4.237476,40.363652],[-4.237222,40.366444],[-4.235349,40.373313],[-4.230029,40.380283],[-4.227559,40.388239],[-4.231263,40.391283],[-4.235551,40.393287],[-4.241245,40.395741],[-4.246409,40.395796],[-4.253061,40.405302],[-4.254804,40.408036],[-4.261483,40.416271],[-4.262763,40.41947],[-4.262531,40.424155],[-4.273762,40.428224],[-4.27818,40.42812],[-4.282138,40.427342],[-4.296657,40.425889],[-4.304301,40.423753],[-4.318836,40.420235],[-4.324003,40.418302],[-4.326741,40.413623],[-4.321089,40.410309],[-4.322809,40.406342],[-4.319667,40.40183],[-4.317208,40.400338],[-4.307054,40.40203],[-4.303595,40.401751],[-4.302172,40.398746],[-4.302787,40.394093],[-4.304288,40.391928],[-4.30413,40.388592],[-4.305814,40.383461],[-4.302292,40.381981],[-4.301521,40.379551],[-4.299197,40.378864],[-4.298703,40.375676],[-4.300043,40.372692],[-4.303332,40.370444],[-4.304658,40.367487],[-4.299947,40.36649],[-4.298025,40.365144],[-4.296441,40.361482],[-4.294981,40.360127],[-4.290619,40.359507],[-4.282981,40.35612],[-4.282234,40.351499],[-4.280564,40.350125],[-4.276708,40.34975],[-4.274282,40.347997],[-4.264457,40.342563],[-4.260267,40.338399],[-4.255858,40.337804],[-4.250423,40.335877],[-4.248123,40.329808],[-4.244734,40.331019],[-4.242617,40.330319],[-4.236427,40.326498],[-4.233103,40.328636],[-4.231579,40.334085]]]}},
{"type":"Feature","id":"ESP:ADM3:ES-MD.nuevo-baztan","properties":{"shapeName":"Nuevo Baztán","shapeISO":"","shapeGroup":"ESP","shapeType":"ADM3","adm1ISO":"ES-MD","parentISO":"ES-MD","parentID":"ESP:ADM1:ES-MD","src_shape_id":"28895703B26216696954365"},"geometry":{"type":"Polygon","coordinates":[[[-3.278569,40.394412],[-3.277831,40.388556],[-3.276226,40.384476],[-3.273743,40.380519],[-3.279102,40.375525],[-3.279172,40.373966],[-3.274661,40.366364],[-3.270427,40.360242],[-3.277862,40.351713],[-3.279918,40.346183],[-3.278502,40.346183],[-3.268467,40.346966],[-3.248766,40.351422],[-3.247427,40.353285],[-3.241975,40.355529],[-3.241285,40.358008],[-3.236685,40.356457],[-3.233942,40.358339],[-3.230725,40.363163],[-3.2307,40.367166],[-3.232107,40.370554],[-3.231817,40.372799],[-3.228494,40.379018],[-3.228733,40.381698],[-3.227335,40.385442],[-3.229037,40.388023],[-3.229193,40.391915],[-3.226298,40.395086],[-3.22337,40.395673],[-3.223753,40.397337],[-3.219319,40.403049],[-3.227083,40.401847],[-3.236862,40.399073],[-3.256978,40.393031],[-3.27132,40.398322],[-3.278569,40.394412]]]}},
{"type":"Feature","id":"ESP:ADM3:ES-MD.olmeda-de-las-fuentes","properties":{"shapeName":"Olmeda de las Fuentes","shapeISO":"","shapeGroup":"ESP","shapeType":"ADM3","adm1ISO":"ES-MD","parentISO":"ES-MD","parentID":"ESP:ADM1:ES-MD","src_shape_id":"28895703B68417228196029"},"geometry":{"type":"Polygon","coordinates":[[[-3.176821,40.374167],[-3.183649,40.374511],[-3.184242,40.37843],[-3.188923,40.380893],[-3.19491,40.385984],[-3.201854,40.391161],[-3.206258,40.391105],[-3.213973,40.389294],[-3.22093,40.38612],[-3.224808,40.385126],[-3.227335,40.385442],[-3.228733,40.381698],[-3.228494,40.379018],[-3.231817,40.372799],[-3.232107,40.370554],[-3.2307,40.367166],[-3.230725,40.363163],[-3.233942,40.358339],[-3.231534,40.358631],[-3.22595,40.356051],[-3.22299,40.352876],[-3.211944,40.347107],[-3.20454,40.344023],[-3.198714,40.350608],[-3.196595,40.352446],[-3.192013,40.354006],[-3.184119,40.358232],[-3.178073,40.359392],[-3.177158,40.360095],[-3.175552,40.367206],[-3.177431,40.373517],[-3.176821,40.374167]]]}},
{"type":"Feature","id":"ESP:ADM3:ES-MD.orusco-de-tajuna","properties":{"shapeName":"Orusco de Tajuña","shapeISO":"","shapeGroup":"ESP","shapeType":"ADM3","adm1ISO":"ES-MD","parentISO":"ES-MD","parentID":"ESP:ADM1:ES-MD","src_shape_id":"28895703B90781870765734"},"geometry":{"type":"Polygon","coordinates":[[[-3.180438,40.301268],[-3.181689,40.304277],[-3.184813,40.304717],[-3.192937,40.304751],[-3.20221,40.306325],[-3.207655,40.306246],[-3.212017,40.310333],[-3.216266,40.312883],[-3.222864,40.313483],[-3.225905,40.314613],[-3.232424,40.312276],[-3.240396,40.310071],[-3.250061,40.306092],[-3.252134,40.303479],[-3.250839,40.301085],[-3.245215,40.29604],[-3.236758,40.291078],[-3.231408,40.287036],[-3.222669,40.276339],[-3.218769,40.273132],[-3.21439,40.270507],[-3.207488,40.264161],[-3.206646,40.262738],[-3.197205,40.257547],[-3.192824,40.259275],[-3.18421,40.269708],[-3.186514,40.27532],[-3.18674,40.278994],[-3.184371,40.282662],[-3.181446,40.288513],[-3.180535,40.291888],[-3.181475,40.297672],[-3.180438,40.301268]]]}},
{"type":"Feature","id":"ESP:ADM3:ES-MD.paracuellos-de-jarama","properties":{"shapeName":"Paracuellos de Jarama","shapeISO":"","shapeGroup":"ESP","shapeType":"ADM3","adm1ISO":"ES-MD","parentISO":"ES-MD","parentID":"ESP:ADM1:ES-MD","src_shape_id":"28895703B85347575048326"},"geometry":{"type":"Polygon","coordinates":[[[-3.512216,40.538637],[-3.513515,40.540794],[-3.517973,40.544151],[-3.521894,40.546384],[-3.526818,40.551341],[-3.529237,40.554385],[-3.533396,40.555862],[-3.540565,40.560394],[-3.550399,40.564655],[-3.546057,40.565548],[-3.544055,40.569783],[-3.55431,40.575399],[-3.558321,40.574467],[-3.56407,40.571018],[-3.560275,40.568687],[-3.558264,40.564998],[-3.561395,40.563569],[-3.56055,40.560902],[-3.563926,40.55905],[-3.566013,40.556911],[-3.565623,40.554202],[-3.563282,40.550843],[-3.557562,40.546489],[-3.556601,40.544954],[-3.557455,40.541848],[-3.54993,40.541941],[-3.547654,40.537181],[-3.54834,40.534558],[-3.550213,40.532663],[-3.553089,40.53225],[-3.556167,40.531387],[-3.55709,40.528992],[-3.556235,40.527214],[-3.552258,40.525573],[-3.550509,40.523867],[-3.551345,40.520085],[-3.555475,40.517297],[-3.555429,40.515625],[-3.553213,40.513397],[-3.55426,40.511336],[-3.555128,40.508567],[-3.555213,40.503154],[-3.553406,40.50246],[-3.553305,40.499993],[-3.551094,40.498175],[-3.543971,40.495581],[-3.541778,40.494088],[-3.541058,40.488791],[-3.536947,40.486436],[-3.537304,40.484524],[-3.534845,40.479739],[-3.534345,40.472953],[-3.53084,40.471281],[-3.528561,40.472303],[-3.51508,40.46963],[-3.510251,40.469042],[-3.499503,40.471824],[-3.497247,40.473164],[-3.488801,40.479998],[-3.476468,40.487925],[-3.479609,40.494623],[-3.485246,40.500449],[-3.488136,40.506604],[-3.490691,40.510648],[-3.492316,40.511372],[-3.496213,40.517617],[-3.500205,40.520408],[-3.503044,40.526057],[-3.50809,40.529836],[-3.509621,40.532584],[-3.510094,40.535745],[-3.512216,40.538637]]]}},
{"type":"Feature","id":"ESP:ADM3:ES-MD.parla","properties":{"shapeName":"Parla","shapeISO":"","shapeGroup":"ESP","shapeType":"ADM3","adm1ISO":"ES-MD","parentISO":"ES-MD","parentID":"ESP:ADM1:ES-MD","src_shape_id":"28895703B58302111853919"},"geometry":{"type":"Polygon","coordinates":[[[-3.800967,40.250241],[-3.796187,40.238883],[-3.801364,40.238191],[-3.804105,40.233349],[-3.807606,40.229419],[-3.806211,40.224637],[-3.803364,40.220002],[-3.799706,40.222866],[-3.795893,40.221963],[-3.793009,40.222656],[-3.789548,40.2219],[-3.791486,40.217337],[-3.785615,40.215813],[-3.784417,40.213571],[-3.78081,40.212645],[-3.779893,40.209484],[-3.775467,40.208478],[-3.774226,40.209808],[-3.769521,40.207471],[-3.765173,40.206829],[-3.761417,40.207834],[-3.759159,40.207251],[-3.756467,40.210585],[-3.752522,40.208154],[-3.747648,40.203051],[-3.744931,40.200916],[-3.739249,40.205026],[-3.736915,40.211182],[-3.733447,40.211063],[-3.738819,40.21596],[-3.737338,40.221281],[-3.737758,40.225753],[-3.739203,40.230261],[-3.737903,40.239942],[-3.73808,40.244847],[-3.737159,40.250695],[-3.735798,40.253015],[-3.741264,40.253601],[-3.746748,40.254655],[-3.748409,40.252207],[-3.751208,40.252357],[-3.755991,40.250456],[-3.758751,40.255041],[-3.76351,40.255735],[-3.765716,40.253308],[-3.774964,40.250149],[-3.776982,40.250726],[-3.783175,40.250479],[-3.788061,40.249667],[-3.793068,40.249876],[-3.79631,40.25108],[-3.800967,40.250241]]]}},
{"type":"Feature","id":"ESP:ADM3:ES-MD.patones","properties":{"shapeName":"Patones","shapeISO":"","shapeGroup":"ESP","shapeType":"ADM3","adm1ISO":"ES-MD","parentISO":"ES-MD","parentID":"ESP:ADM1:ES-MD","src_shape_id":"28895703B27147237776896"},"geometry":{"type":"Polygon","coordinates":[[[-3.497066,40.909812],[-3.494006,40.906417],[-3.490488,40.906094],[-3.491123,40.904052],[-3.495162,40.90573],[-3.496999,40.903444],[-3.501432,40.905094],[-3.504314,40.904605],[-3.512096,40.906588],[-3.515822,40.908365],[-3.518855,40.906893],[-3.517819,40.904929],[-3.513162,40.8949],[-3.51671,40.890955],[-3.517463,40.888017],[-3.520436,40.882343],[-3.523292,40.878951],[-3.524743,40.876125],[-3.525145,40.872074],[-3.520752,40.867357],[-3.518732,40.86203],[-3.517609,40.862395],[-3.515019,40.859121],[-3.516192,40.857157],[-3.514702,40.854837],[-3.514573,40.852362],[-3.509852,40.849878],[-3.507944,40.846219],[-3.500673,40.850171],[-3.49874,40.851767],[-3.486858,40.850848],[-3.478244,40.855169],[-3.47349,40.853971],[-3.470238,40.852063],[-3.46591,40.857159],[-3.471077,40.860271],[-3.472623,40.862228],[-3.472423,40.864343],[-3.466408,40.86816],[-3.457718,40.872265],[-3.45166,40.873838],[-3.449796,40.875741],[-3.446134,40.876704],[-3.442274,40.87508],[-3.440408,40.875575],[-3.441472,40.881531],[-3.441932,40.88331],[-3.44481,40.886793],[-3.439553,40.89107],[-3.442967,40.892693],[-3.445246,40.895965],[-3.44905,40.894812],[-3.45266,40.896498],[-3.452475,40.898453],[-3.456218,40.899205],[-3.458972,40.897559],[-3.460696,40.898573],[-3.457863,40.901179],[-3.46057,40.905447],[-3.460106,40.907407],[-3.456831,40.90825],[-3.450527,40.905352],[-3.44463,40.906318],[-3.444308,40.908959],[-3.445572,40.910328],[-3.451287,40.912865],[-3.458792,40.91514],[-3.461505,40.913741],[-3.463474,40.915173],[-3.46161,40.917771],[-3.46758,40.918599],[-3.469012,40.917432],[-3.468305,40.9145],[-3.470672,40.912202],[-3.473773,40.911967],[-3.477932,40.909711],[-3.477584,40.91273],[-3.482167,40.911932],[-3.481109,40.909574],[-3.483527,40.908946],[-3.48608,40.91092],[-3.490404,40.909638],[-3.492569,40.910478],[-3.497066,40.909812]]]}},
{"type":"Feature","id":"ESP:ADM3:ES-MD.pedrezuela","properties":{"shapeName":"Pedrezuela","shapeISO":"","shapeGroup":"ESP","shapeType":"ADM3","adm1ISO":"ES-MD","parentISO":"ES-MD","parentID":"ESP:ADM1:ES-MD","src_shape_id":"28895703B84037959852543"},"geometry":{"type":"Polygon","coordinates":[[[-3.677055,40.723284],[-3.669939,40.725123],[-3.66338,40.726016],[-3.659581,40.725921],[-3.648913,40.723641],[-3.642844,40.721872],[-3.635274,40.720946],[-3.628764,40.719033],[-3.622636,40.717883],[-3.619486,40.718136],[-3.61715,40.715682],[-3.618398,40.713509],[-3.619475,40.70736],[-3.617098,40.707311],[-3.613037,40.709897],[-3.607546,40.714369],[-3.607487,40.717602],[-3.605196,40.72058],[-3.599114,40.723835],[-3.594923,40.725139],[-3.591703,40.728047],[-3.592346,40.730722],[-3.59383,40.750557],[-3.598286,40.757956],[-3.604077,40.773032],[-3.604448,40.776373],[-3.608561,40.779662],[-3.613066,40.775499],[-3.619373,40.773941],[-3.625433,40.771607],[-3.628496,40.771734],[-3.631323,40.769266],[-3.632415,40.765798],[-3.631865,40.764089],[-3.637758,40.760077],[-3.636504,40.75768],[-3.641884,40.755565],[-3.642864,40.754349],[-3.65215,40.74721],[-3.65707,40.742841],[-3.663603,40.738912],[-3.666793,40.737947],[-3.673234,40.733307],[-3.674224,40.730106],[-3.675832,40.728383],[-3.677055,40.723284]]]}},
{"type":"Feature","id":"ESP:ADM3:ES-MD.pelayos-de-la-presa","properties":{"shapeName":"Pelayos de la Presa","shapeISO":"","shapeGroup":"ESP","shapeType":"ADM3","adm1ISO":"ES-MD","parentISO":"ES-MD","parentID":"ESP:ADM1:ES-MD","src_shape_id":"28895703B1379491996602"},"geometry":{"type":"Polygon","coordinates":[[[-4.304658,40.367487],[-4.308705,40.368093],[-4.315759,40.370151],[-4.322991,40.370015],[-4.327527,40.371987],[-4.331123,40.37535],[-4.334938,40.376127],[-4.338522,40.372874],[-4.338287,40.37105],[-4.34284,40.367344],[-4.34707,40.362686],[-4.346063,40.36118],[-4.345636,40.354628],[-4.334991,40.34748],[-4.32776,40.344323],[-4.323023,40.344008],[-4.316782,40.349042],[-4.3148,40.353551],[-4.312905,40.355556],[-4.311122,40.360257],[-4.308325,40.364682],[-4.304658,40.367487]]]}},
{"type":"Feature","id":"ESP:ADM3:ES-MD.perales-de-tajuna","properties":{"shapeName":"Perales de Tajuña","shapeISO":"","shapeGroup":"ESP","shapeType":"ADM3","adm1ISO":"ES-MD","parentISO":"ES-MD","parentID":"ESP:ADM1:ES-MD","src_shape_id":"28895703B17440425817461"},"geometry":{"type":"Polygon","coordinates":[[[-3.423262,40.254701],[-3.414718,40.253225],[-3.411582,40.251992],[-3.400399,40.239886],[-3.399831,40.237184],[-3.397167,40.231223],[-3.395196,40.224258],[-3.394509,40.219016],[-3.390984,40.218592],[-3.387017,40.217141],[-3.384928,40.211964],[-3.378528,40.207983],[-3.376087,40.205803],[-3.374115,40.202658],[-3.369924,40.199294],[-3.360544,40.198534],[-3.350868,40.198161],[-3.342042,40.193686],[-3.337533,40.187595],[-3.336169,40.187387],[-3.327898,40.182481],[-3.323508,40.18085],[-3.320356,40.177984],[-3.313679,40.183102],[-3.306801,40.185212],[-3.300061,40.18817],[-3.297981,40.190527],[-3.307505,40.19993],[-3.309537,40.202878],[-3.30672,40.209401],[-3.307083,40.211537],[-3.309816,40.214488],[-3.310053,40.218514],[-3.320193,40.22541],[-3.322918,40.227619],[-3.323228,40.229728],[-3.33415,40.238779],[-3.335686,40.242127],[-3.335638,40.252656],[-3.336845,40.254922],[-3.333906,40.26291],[-3.333912,40.264221],[-3.348381,40.273796],[-3.357354,40.270588],[-3.365129,40.266888],[-3.369746,40.265333],[-3.377605,40.261628],[-3.381086,40.257444],[-3.385344,40.254424],[-3.388476,40.25013],[-3.395766,40.248378],[-3.404372,40.255255],[-3.407576,40.257158],[-3.411752,40.255202],[-3.416757,40.25428],[-3.423262,40.254701]]]}},
{"type":"Feature","id":"ESP:ADM3:ES-MD.pezuela-de-las-torres","properties":{"shapeName":"Pezuela de las Torres","shapeISO":"","shapeGroup":"ESP","shapeType":"ADM3","adm1ISO":"ES-MD","parentISO":"ES-MD","parentID":"ESP:ADM1:ES-MD","src_shape_id":"28895703B5852969659039"},"geometry":{"type":"Polygon","coordinates":[[[-3.150054,40.373109],[-3.145374,40.373678],[-3.138288,40.375543],[-3.140745,40.37778],[-3.140343,40.379567],[-3.141594,40.383089],[-3.143177,40.383646],[-3.143344,40.387534],[-3.137735,40.38876],[-3.135402,40.390105],[-3.134468,40.393951],[-3.134968,40.396132],[-3.134097,40.399749],[-3.130558,40.405185],[-3.137295,40.40869],[-3.142073,40.412457],[-3.144274,40.416698],[-3.147365,40.419587],[-3.147824,40.423578],[-3.151312,40.427129],[-3.150944,40.430959],[-3.153934,40.434983],[-3.155514,40.439425],[-3.158148,40.439543],[-3.162622,40.438515],[-3.169041,40.438788],[-3.17264,40.436263],[-3.174254,40.43796],[-3.177303,40.439194],[-3.182492,40.440026],[-3.185436,40.439918],[-3.190095,40.441252],[-3.198597,40.442252],[-3.200018,40.44047],[-3.207743,40.43707],[-3.211157,40.434431],[-3.212225,40.430388],[-3.21485,40.426234],[-3.214623,40.420797],[-3.216033,40.417933],[-3.215879,40.41217],[-3.215232,40.409399],[-3.217031,40.407699],[-3.219319,40.403049],[-3.223753,40.397337],[-3.22337,40.395673],[-3.226298,40.395086],[-3.229193,40.391915],[-3.229037,40.388023],[-3.227335,40.385442],[-3.224808,40.385126],[-3.22093,40.38612],[-3.213973,40.389294],[-3.206258,40.391105],[-3.201854,40.391161],[-3.19491,40.385984],[-3.188923,40.380893],[-3.184242,40.37843],[-3.183649,40.374511],[-3.176821,40.374167],[-3.173803,40.376135],[-3.166704,40.378144],[-3.160545,40.378659],[-3.154981,40.377664],[-3.150782,40.376269],[-3.150054,40.373109]]]}},
{"type":"Feature","id":"ESP:ADM3:ES-MD.pinilla-del-valle","properties":{"shapeName":"Pinilla del Valle","shapeISO":"","shapeGroup":"ESP","shapeType":"ADM3","adm1ISO":"ES-MD","parentISO":"ES-MD","parentID":"ESP:ADM1:ES-MD","src_shape_id":"28895703B11844033934447"},"geometry":{"type":"Polygon","coordinates":[[[-3.80873,40.88821],[-3.803682,40.891228],[-3.802299,40.894834],[-3.799785,40.897039],[-3.798551,40.901308],[-3.795385,40.902457],[-3.791777,40.905179],[-3.788632,40.906443],[-3.785147,40.911681],[-3.787031,40.913274],[-3.789393,40.913772],[-3.79609,40.918794],[-3.800783,40.923446],[-3.805542,40.927386],[-3.818899,40.940076],[-3.824508,40.944821],[-3.826946,40.945998],[-3.830514,40.950323],[-3.833235,40.95755],[-3.833807,40.961125],[-3.832911,40.967269],[-3.837351,40.974395],[-3.838847,40.97504],[-3.841711,40.980079],[-3.844507,40.982347],[-3.847405,40.979376],[-3.859313,40.979191],[-3.86173,40.977448],[-3.863862,40.974648],[-3.869957,40.971079],[-3.873967,40.974794],[-3.879039,40.975202],[-3.880149,40.974536],[-3.880787,40.972817],[-3.861619,40.954585],[-3.858511,40.949844],[-3.855308,40.948646],[-3.850361,40.941594],[-3.848724,40.938625],[-3.843826,40.934702],[-3.841475,40.931602],[-3.840444,40.925899],[-3.835744,40.922534],[-3.833246,40.921866],[-3.830409,40.91969],[-3.829037,40.912875],[-3.822789,40.905848],[-3.816119,40.899036],[-3.808635,40.89208],[-3.80873,40.88821]]]}},
{"type":"Feature","id":"ESP:ADM3:ES-MD.pinto","properties":{"shapeName":"Pinto","shapeISO":"","shapeGroup":"ESP","shapeType":"ADM3","adm1ISO":"ES-MD","parentISO":"ES-MD","parentID":"ESP:ADM1:ES-MD","src_shape_id":"28895703B60415315343282"},"geometry":{"type":"Polygon","coordinates":[[[-3.741264,40.253601],[-3.735798,40.253015],[-3.737159,40.250695],[-3.73808,40.244847],[-3.737903,40.239942],[-3.739203,40.230261],[-3.737758,40.225753],[-3.737338,40.221281],[-3.738819,40.21596],[-3.733447,40.211063],[-3.723972,40.208471],[-3.709728,40.20391],[-3.704003,40.201582],[-3.7,40.19893],[-3.698107,40.20264],[-3.692217,40.21121],[-3.681658,40.21616],[-3.676412,40.219838],[-3.673583,40.2195],[-3.66795,40.219933],[-3.662317,40.221117],[-3.657299,40.22285],[-3.650099,40.225925],[-3.643641,40.229663],[-3.637666,40.239673],[-3.63502,40.247101],[-3.633605,40.256018],[-3.632406,40.259573],[-3.626005,40.265757],[-3.622908,40.266377],[-3.622535,40.269828],[-3.627491,40.276855],[-3.631794,40.278491],[-3.636891,40.285941],[-3.638193,40.291692],[-3.642969,40.291552],[-3.64669,40.292799],[-3.649892,40.292671],[-3.656449,40.288945],[-3.659407,40.28878],[-3.662134,40.287489],[-3.662657,40.28561],[-3.666422,40.283032],[-3.668291,40.28274],[-3.671997,40.280294],[-3.673603,40.276801],[-3.678817,40.27546],[-3.680623,40.273777],[-3.682871,40.274317],[-3.689285,40.272287],[-3.690224,40.270683],[-3.694306,40.269011],[-3.697089,40.269261],[-3.701671,40.267451],[-3.703893,40.267866],[-3.711461,40.266903],[-3.723018,40.269771],[-3.727355,40.272219],[-3.736372,40.272175],[-3.739301,40.270895],[-3.741264,40.253601]]]}},
{"type":"Feature","id":"ESP:ADM3:ES-MD.pinuecar-gandullas","properties":{"shapeName":"Piñuécar-Gandullas","shapeISO":"","shapeGroup":"ESP","shapeType":"ADM3","adm1ISO":"ES-MD","parentISO":"ES-MD","parentID":"ESP:ADM1:ES-MD","src_shape_id":"28895703B41061069149071"},"geometry":{"type":"Polygon","coordinates":[[[-3.616074,41.069865],[-3.619294,41.066314],[-3.619271,41.06324],[-3.617486,41.061942],[-3.617699,41.055805],[-3.619933,41.05446],[-3.6204,41.052229],[-3.6222,41.050633],[-3.619667,41.044513],[-3.617033,41.042618],[-3.61628,41.040031],[-3.616388,41.034692],[-3.613582,41.03101],[-3.612321,41.024723],[-3.608403,41.023212],[-3.612489,41.018419],[-3.614973,41.014317],[-3.618035,41.012974],[-3.618254,41.011306],[-3.614656,41.01114],[-3.609263,41.00983],[-3.604426,41.0055],[-3.603239,41.002994],[-3.599485,40.998355],[-3.591992,40.998168],[-3.590343,40.995571],[-3.58297,40.992908],[-3.580426,40.991021],[-3.581114,40.999932],[-3.580723,41.005206],[-3.576284,41.008902],[-3.573946,41.012245],[-3.573028,41.01787],[-3.575219,41.024003],[-3.577913,41.023509],[-3.579565,41.021479],[-3.586322,41.022473],[-3.582922,41.025697],[-3.580406,41.026171],[-3.579949,41.029572],[-3.581371,41.031463],[-3.584711,41.033016],[-3.583861,41.034526],[-3.587492,41.041016],[-3.587411,41.043446],[-3.591079,41.044788],[-3.592772,41.047978],[-3.600198,41.05087],[-3.604664,41.054255],[-3.606929,41.056712],[-3.607157,41.063619],[-3.609608,41.067227],[-3.609068,41.076359],[-3.611088,41.079275],[-3.613962,41.079899],[-3.617762,41.07853],[-3.61421,41.074912],[-3.613957,41.072392],[-3.616074,41.069865]]]}},
{"type":"Feature","id":"ESP:ADM3:ES-MD.pozuelo-de-alarcon","properties":{"shapeName":"Pozuelo de Alarcón","shapeISO":"","shapeGroup":"ESP","shapeType":"ADM3","adm1ISO":"ES-MD","parentISO":"ES-MD","parentID":"ESP:ADM1:ES-MD","src_shape_id":"28895703B7110809364039"},"geometry":{"type":"Polygon","coordinates":[[[-3.834162,40.396058],[-3.820405,40.396615],[-3.814888,40.393999],[-3.810871,40.392793],[-3.804285,40.392025],[-3.796497,40.392207],[-3.793786,40.39358],[-3.789171,40.393888],[-3.789395,40.392337],[-3.781515,40.394126],[-3.777606,40.399106],[-3.774601,40.400314],[-3.774373,40.402082],[-3.776408,40.404027],[-3.778576,40.408026],[-3.779457,40.412101],[-3.781399,40.417594],[-3.779131,40.424271],[-3.770943,40.42932],[-3.770847,40.444051],[-3.776041,40.443678],[-3.784569,40.444382],[-3.790097,40.442345],[-3.790179,40.445848],[-3.791381,40.449351],[-3.795336,40.456301],[-3.795755,40.457821],[-3.79885,40.458953],[-3.804207,40.462981],[-3.810124,40.464229],[-3.815211,40.463643],[-3.817454,40.464301],[-3.82485,40.464796],[-3.828922,40.466353],[-3.834354,40.464417],[-3.842985,40.460512],[-3.846523,40.457802],[-3.849582,40.452142],[-3.84989,40.44896],[-3.848486,40.445351],[-3.855944,40.445373],[-3.86313,40.444082],[-3.861973,40.440416],[-3.857299,40.438063],[-3.856867,40.435678],[-3.853013,40.431102],[-3.852564,40.427074],[-3.851544,40.424836],[-3.847651,40.420742],[-3.846077,40.417603],[-3.843952,40.416887],[-3.842268,40.418699],[-3.840926,40.410049],[-3.840082,40.407088],[-3.837814,40.402973],[-3.830826,40.401106],[-3.835281,40.396549],[-3.834162,40.396058]]]}},
{"type":"Feature","id":"ESP:ADM3:ES-MD.pozuelo-del-rey","properties":{"shapeName":"Pozuelo del Rey","shapeISO":"","shapeGroup":"ESP","shapeType":"ADM3","adm1ISO":"ES-MD","parentISO":"ES-MD","parentID":"ESP:ADM1:ES-MD","src_shape_id":"28895703B72911607780858"},"geometry":{"type":"Polygon","coordinates":[[[-3.31286,40.328616],[-3.304706,40.329717],[-3.297593,40.330091],[-3.29063,40.331608],[-3.288196,40.332714],[-3.282343,40.340054],[-3.278502,40.346183],[-3.279918,40.346183],[-3.277862,40.351713],[-3.270427,40.360242],[-3.274661,40.366364],[-3.279172,40.373966],[-3.279102,40.375525],[-3.273743,40.380519],[-3.286923,40.382435],[-3.291488,40.383957],[-3.300219,40.385809],[-3.305392,40.38593],[-3.307226,40.387526],[-3.31121,40.394029],[-3.30979,40.398547],[-3.312154,40.400608],[-3.315716,40.399027],[-3.320334,40.395749],[-3.322572,40.395163],[-3.32501,40.389702],[-3.321659,40.387474],[-3.319618,40.38405],[-3.326913,40.378907],[-3.332148,40.377708],[-3.337138,40.377138],[-3.341446,40.374796],[-3.347612,40.369585],[-3.35255,40.366513],[-3.356032,40.362251],[-3.350154,40.359153],[-3.347576,40.356785],[-3.344831,40.355474],[-3.335588,40.348562],[-3.325463,40.341945],[-3.317347,40.335568],[-3.313978,40.332092],[-3.31286,40.328616]]]}},
{"type":"Feature","id":"ESP:ADM3:ES-MD.pradena-del-rincon","properties":{"shapeName":"Prádena del Rincón","shapeISO":"","shapeGroup":"ESP","shapeType":"ADM3","adm1ISO":"ES-MD","parentISO":"ES-MD","parentID":"ESP:ADM1:ES-MD","src_shape_id":"28895703B34739752763497"},"geometry":{"type":"Polygon","coordinates":[[[-3.485184,41.063776],[-3.4926,41.056601],[-3.497862,41.056416],[-3.49987,41.05573],[-3.503711,41.056728],[-3.504597,41.052877],[-3.508358,41.053409],[-3.510659,41.051207],[-3.518215,41.05083],[-3.523085,41.049227],[-3.526831,41.049984],[-3.530053,41.051639],[-3.534669,41.05206],[-3.542177,41.050417],[-3.544923,41.047379],[-3.546953,41.046759],[-3.546666,41.044122],[-3.548756,41.040561],[-3.552685,41.039641],[-3.552073,41.046034],[-3.555845,41.048022],[-3.559032,41.048307],[-3.55874,41.044454],[-3.554714,41.035959],[-3.557561,41.029122],[-3.556358,41.028756],[-3.550885,41.03388],[-3.548024,41.032542],[-3.547469,41.028488],[-3.539402,41.024939],[-3.535092,41.024433],[-3.527763,41.022584],[-3.520114,41.022931],[-3.512435,41.021882],[-3.491925,41.012555],[-3.491421,41.025555],[-3.486666,41.02637],[-3.485825,41.030164],[-3.482517,41.033425],[-3.47959,41.042799],[-3.474153,41.04554],[-3.467177,41.048088],[-3.465273,41.055738],[-3.472242,41.05987],[-3.475203,41.063625],[-3.480963,41.065916],[-3.485184,41.063776]]]}},
{"type":"Feature","id":"ESP:ADM3:ES-MD.puebla-de-la-sierra","properties":{"shapeName":"Puebla de la Sierra","shapeISO":"","shapeGroup":"ESP","shapeType":"ADM3","adm1ISO":"ES-MD","parentISO":"ES-MD","parentID":"ESP:ADM1:ES-MD","src_shape_id":"28895703B32935396661048"},"geometry":{"type":"Polygon","coordinates":[[[-3.407498,41.015828],[-3.413242,41.018558],[-3.426074,41.031619],[-3.429738,41.040228],[-3.431178,41.04167],[-3.438935,41.04267],[-3.441758,41.043502],[-3.458594,41.05005],[-3.467177,41.048088],[-3.474153,41.04554],[-3.47959,41.042799],[-3.482517,41.033425],[-3.485825,41.030164],[-3.486666,41.02637],[-3.491421,41.025555],[-3.491925,41.012555],[-3.493456,41.007502],[-3.495802,40.994039],[-3.496211,40.989296],[-3.494877,40.985024],[-3.49288,40.983042],[-3.493818,40.981921],[-3.492976,40.978112],[-3.491449,40.976024],[-3.491402,40.9726],[-3.487961,40.969995],[-3.484944,40.968998],[-3.485572,40.967507],[-3.484156,40.962638],[-3.478922,40.964139],[-3.478889,40.966709],[-3.474387,40.96675],[-3.462341,40.965128],[-3.450169,40.965282],[-3.44434,40.963805],[-3.439506,40.96658],[-3.432985,40.965011],[-3.421583,40.967284],[-3.418251,40.973591],[-3.417162,40.974708],[-3.416233,40.975812],[-3.41848,40.979456],[-3.416518,40.982018],[-3.416416,40.98478],[-3.418296,40.987564],[-3.400852,40.995489],[-3.396776,40.999134],[-3.39445,41.000278],[-3.397281,41.006291],[-3.406222,41.013788],[-3.407498,41.015828]]]}},
{"type":"Feature","id":"ESP:ADM3:ES-MD.quijorna","properties":{"shapeName":"Quijorna","shapeISO":"","shapeGroup":"ESP","shapeType":"ADM3","adm1ISO":"ES-MD","parentISO":"ES-MD","parentID":"ESP:ADM1:ES-MD","src_shape_id":"28895703B85918471916080"},"geometry":{"type":"Polygon","coordinates":[[[-4.026023,40.428222],[-4.029774,40.430952],[-4.031545,40.434226],[-4.031673,40.437208],[-4.032954,40.43952],[-4.030419,40.442117],[-4.032417,40.444114],[-4.034136,40.442663],[-4.037787,40.444942],[-4.041733,40.448702],[-4.049346,40.445824],[-4.054576,40.447222],[-4.060177,40.446897],[-4.069271,40.445703],[-4.078485,40.441168],[-4.077641,40.4385],[-4.074089,40.433336],[-4.07331,40.429242],[-4.071165,40.425354],[-4.071041,40.423543],[-4.07895,40.421546],[-4.081278,40.418945],[-4.083325,40.419666],[-4.091448,40.418065],[-4.093295,40.416157],[-4.097407,40.416183],[-4.097739,40.413934],[-4.104174,40.412158],[-4.111603,40.406648],[-4.113022,40.402484],[-4.103103,40.403873],[-4.09938,40.402132],[-4.095891,40.402219],[-4.093935,40.400939],[-4.089343,40.402105],[-4.086688,40.400001],[-4.083253,40.400352],[-4.082442,40.398571],[-4.073812,40.398517],[-4.067746,40.396073],[-4.064123,40.392247],[-4.054759,40.388278],[-4.054034,40.389517],[-4.04649,40.388313],[-4.045495,40.390103],[-4.045316,40.393785],[-4.042043,40.39524],[-4.044017,40.397453],[-4.043518,40.399933],[-4.037969,40.40553],[-4.033692,40.410488],[-4.03561,40.411774],[-4.034316,40.414241],[-4.030469,40.417006],[-4.030371,40.420326],[-4.027408,40.426814],[-4.026023,40.428222]]]}},
{"type":"Feature","id":"ESP:ADM3:ES-MD.rascafria","properties":{"shapeName":"Rascafría","shapeISO":"","shapeGroup":"ESP","shapeType":"ADM3","adm1ISO":"ES-MD","parentISO":"ES-MD","parentID":"ESP:ADM1:ES-MD","src_shape_id":"28895703B62742240319814"},"geometry":{"type":"Polygon","coordinates":[[[-3.898642,40.958833],[-3.904231,40.956544],[-3.907197,40.955303],[-3.90939,40.951893],[-3.911387,40.947349],[-3.911665,40.944548],[-3.917182,40.943005],[-3.919958,40.937723],[-3.920167,40.934493],[-3.921761,40.929929],[-3.927273,40.927566],[-3.937949,40.92718],[-3.936453,40.9205],[-3.937059,40.91568],[-3.94166,40.911867],[-3.942675,40.90742],[-3.94497,40.903329],[-3.952276,40.893632],[-3.946748,40.888898],[-3.942355,40.88897],[-3.942511,40.883024],[-3.944471,40.876776],[-3.947239,40.87329],[-3.946532,40.868141],[-3.947105,40.862974],[-3.950368,40.860079],[-3.951915,40.855739],[-3.956889,40.848516],[-3.962476,40.84427],[-3.963014,40.840048],[-3.965506,40.837992],[-3.965736,40.834958],[-3.962122,40.823447],[-3.964974,40.815974],[-3.968323,40.811748],[-3.97357,40.808836],[-3.97553,40.806856],[-3.975469,40.803661],[-3.979959,40.799386],[-3.978858,40.797014],[-3.979696,40.793473],[-3.978119,40.787418],[-3.973204,40.78931],[-3.962715,40.792582],[-3.960083,40.794873],[-3.950515,40.794661],[-3.947283,40.795494],[-3.938601,40.796017],[-3.934957,40.797639],[-3.930383,40.800636],[-3.919153,40.799832],[-3.913649,40.800699],[-3.910199,40.802426],[-3.903079,40.80437],[-3.885356,40.807576],[-3.882911,40.805877],[-3.879107,40.805293],[-3.874124,40.808928],[-3.870949,40.810219],[-3.866083,40.813927],[-3.861837,40.815007],[-3.854517,40.81454],[-3.851229,40.813317],[-3.844055,40.81355],[-3.838152,40.812218],[-3.829353,40.813553],[-3.828067,40.815395],[-3.830114,40.818277],[-3.830229,40.831005],[-3.815358,40.840718],[-3.808352,40.847834],[-3.802403,40.84724],[-3.798242,40.849004],[-3.798172,40.850701],[-3.80161,40.851562],[-3.808689,40.854754],[-3.811145,40.856367],[-3.816628,40.856273],[-3.819396,40.858529],[-3.819397,40.860542],[-3.824209,40.85839],[-3.828496,40.864634],[-3.82929,40.867736],[-3.834172,40.875175],[-3.835833,40.875081],[-3.838498,40.878024],[-3.834681,40.885888],[-3.835859,40.891663],[-3.837961,40.893759],[-3.837101,40.89585],[-3.840428,40.897492],[-3.841724,40.900019],[-3.840367,40.903775],[-3.841584,40.90439],[-3.843545,40.909906],[-3.851397,40.91793],[-3.858189,40.923407],[-3.864675,40.927112],[-3.8711,40.933216],[-3.873386,40.934119],[-3.879956,40.934649],[-3.882572,40.93646],[-3.886045,40.941258],[-3.886076,40.943932],[-3.88741,40.945751],[-3.890907,40.947655],[-3.895388,40.951844],[-3.898642,40.958833]]]}},
{"type":"Feature","id":"ESP:ADM3:ES-MD.reduena","properties":{"shapeName":"Redueña","shapeISO":"","shapeGroup":"ESP","shapeType":"ADM3","adm1ISO":"ES-MD","parentISO":"ES-MD","parentID":"ESP:ADM1:ES-MD","src_shape_id":"28895703B87392719112759"},"geometry":{"type":"Polygon","coordinates":[[[-3.613313,40.809787],[-3.606491,40.807069],[-3.603162,40.803098],[-3.600291,40.802002],[-3.594512,40.801633],[-3.593487,40.797198],[-3.595865,40.790992],[-3.590681,40.78995],[-3.582338,40.789877],[-3.580103,40.791399],[-3.576361,40.790536],[-3.574006,40.790905],[-3.575402,40.794133],[-3.578081,40.79805],[-3.577892,40.802444],[-3.576196,40.807523],[-3.576315,40.80955],[-3.572689,40.820925],[-3.577453,40.822114],[-3.578467,40.827594],[-3.579847,40.831567],[-3.587098,40.833955],[-3.593989,40.829433],[-3.595919,40.831256],[-3.598936,40.835807],[-3.601915,40.838365],[-3.604707,40.84218],[-3.607247,40.842456],[-3.616632,40.84111],[-3.617817,40.835805],[-3.615386,40.834072],[-3.613173,40.829805],[-3.608265,40.822141],[-3.613187,40.818723],[-3.614417,40.815411],[-3.613313,40.809787]]]}},
{"type":"Feature","id":"ESP:ADM3:ES-MD.ribatejada","properties":{"shapeName":"Ribatejada","shapeISO":"","shapeGroup":"ESP","shapeType":"ADM3","adm1ISO":"ES-MD","parentISO":"ES-MD","parentID":"ESP:ADM1:ES-MD","src_shape_id":"28895703B70993496529088"},"geometry":{"type":"Polygon","coordinates":[[[-3.468553,40.689937],[-3.466959,40.68749],[-3.46366,40.687149],[-3.460228,40.682122],[-3.462344,40.681581],[-3.465995,40.678887],[-3.464994,40.674166],[-3.468253,40.669197],[-3.473976,40.668876],[-3.48268,40.670407],[-3.481203,40.665893],[-3.476653,40.664838],[-3.467406,40.666531],[-3.465376,40.666299],[-3.464746,40.662765],[-3.452806,40.660902],[-3.450587,40.657524],[-3.447526,40.655833],[-3.44873,40.653265],[-3.444973,40.653792],[-3.440657,40.652266],[-3.437303,40.648786],[-3.436221,40.651573],[-3.43321,40.650021],[-3.434012,40.645932],[-3.425583,40.646678],[-3.420273,40.645845],[-3.416243,40.645215],[-3.390273,40.634485],[-3.384544,40.631141],[-3.382135,40.630471],[-3.380257,40.632854],[-3.380295,40.635493],[-3.37909,40.639227],[-3.374684,40.641369],[-3.372732,40.64352],[-3.37255,40.648413],[-3.369758,40.647709],[-3.36534,40.650805],[-3.36232,40.653738],[-3.36529,40.658003],[-3.367729,40.660496],[-3.367606,40.664345],[-3.37232,40.669111],[-3.371511,40.67241],[-3.374651,40.680113],[-3.380135,40.682684],[-3.383099,40.683261],[-3.385499,40.683979],[-3.389436,40.687559],[-3.393354,40.692458],[-3.399917,40.691444],[-3.403155,40.68634],[-3.40327,40.683039],[-3.404884,40.67669],[-3.404735,40.669637],[-3.409537,40.671862],[-3.415307,40.671798],[-3.41806,40.675911],[-3.417468,40.676858],[-3.419117,40.680321],[-3.425553,40.682377],[-3.426776,40.672376],[-3.429994,40.673784],[-3.435934,40.675329],[-3.441705,40.674208],[-3.442412,40.678092],[-3.447788,40.677474],[-3.449112,40.679367],[-3.448405,40.682033],[-3.456334,40.687934],[-3.45996,40.688859],[-3.468553,40.689937]]]}},
{"type":"Feature","id":"ESP:ADM3:ES-MD.rivas-vaciamadrid","properties":{"shapeName":"Rivas-Vaciamadrid","shapeISO":"","shapeGroup":"ESP","shapeType":"ADM3","adm1ISO":"ES-MD","parentISO":"ES-MD","parentID":"ESP:ADM1:ES-MD","src_shape_id":"28895703B52811485341978"},"geometry":{"type":"Polygon","coordinates":[[[-3.471602,40.338111],[-3.475188,40.344142],[-3.477109,40.349532],[-3.479255,40.350428],[-3.48221,40.349796],[-3.484308,40.350735],[-3.484326,40.354303],[-3.483222,40.359448],[-3.484188,40.36127],[-3.49114,40.361689],[-3.495104,40.363599],[-3.497834,40.363293],[-3.499922,40.360318],[-3.502301,40.358451],[-3.504502,40.358252],[-3.507134,40.360648],[-3.508618,40.364576],[-3.511858,40.370033],[-3.510531,40.37261],[-3.506462,40.372498],[-3.504559,40.373571],[-3.500293,40.377966],[-3.501616,40.380586],[-3.505995,40.382636],[-3.504901,40.38428],[-3.500497,40.385244],[-3.50073,40.387311],[-3.502924,40.389924],[-3.506804,40.389099],[-3.505495,40.393459],[-3.50862,40.395403],[-3.508619,40.39808],[-3.505984,40.401138],[-3.500721,40.405947],[-3.503173,40.40726],[-3.50974,40.406735],[-3.515019,40.410483],[-3.516305,40.40944],[-3.519916,40.409926],[-3.518307,40.40314],[-3.519598,40.397853],[-3.520407,40.392102],[-3.52259,40.391864],[-3.529151,40.389384],[-3.532862,40.39169],[-3.537342,40.391314],[-3.542463,40.393121],[-3.543988,40.388551],[-3.545843,40.385097],[-3.549246,40.380547],[-3.548797,40.376781],[-3.551168,40.373961],[-3.551184,40.370473],[-3.552802,40.364477],[-3.552908,40.357681],[-3.554729,40.354308],[-3.55769,40.352666],[-3.558914,40.35027],[-3.56536,40.344378],[-3.568247,40.340904],[-3.572738,40.33366],[-3.57952,40.32795],[-3.582488,40.326255],[-3.585071,40.320416],[-3.583818,40.315812],[-3.579282,40.315868],[-3.576127,40.314885],[-3.577102,40.311714],[-3.57576,40.307673],[-3.57558,40.300906],[-3.573174,40.295666],[-3.57009,40.292104],[-3.571264,40.290861],[-3.571505,40.28712],[-3.568083,40.288818],[-3.564691,40.291911],[-3.561657,40.29215],[-3.555201,40.295654],[-3.550504,40.297036],[-3.548728,40.295621],[-3.544076,40.293767],[-3.545138,40.290855],[-3.540192,40.290241],[-3.534994,40.29275],[-3.52648,40.293211],[-3.524438,40.295505],[-3.519798,40.294281],[-3.517766,40.297502],[-3.51244,40.299355],[-3.508994,40.301282],[-3.515134,40.304816],[-3.513386,40.306248],[-3.506109,40.30808],[-3.509696,40.310124],[-3.5099,40.311899],[-3.514453,40.313185],[-3.513812,40.317162],[-3.51142,40.318499],[-3.507411,40.317226],[-3.504195,40.316996],[-3.49715,40.315396],[-3.493356,40.316175],[-3.485458,40.32425],[-3.483531,40.323995],[-3.476775,40.319093],[-3.470679,40.319492],[-3.470001,40.323843],[-3.472062,40.331109],[-3.470499,40.334463],[-3.471602,40.338111]]]}},
{"type":"Feature","id":"ESP:ADM3:ES-MD.robledillo-de-la-jara","properties":{"shapeName":"Robledillo de la Jara","shapeISO":"","shapeGroup":"ESP","shapeType":"ADM3","adm1ISO":"ES-MD","parentISO":"ES-MD","parentID":"ESP:ADM1:ES-MD","src_shape_id":"28895703B33223829146355"},"geometry":{"type":"Polygon","coordinates":[[[-3.484156,40.962638],[-3.485572,40.967507],[-3.484944,40.968998],[-3.487961,40.969995],[-3.491402,40.9726],[-3.491449,40.976024],[-3.492976,40.978112],[-3.499815,40.975516],[-3.509482,40.964642],[-3.512016,40.96505],[-3.524516,40.964138],[-3.526202,40.964669],[-3.530861,40.962682],[-3.535661,40.959672],[-3.539816,40.959538],[-3.54368,40.954778],[-3.542618,40.950802],[-3.545735,40.950635],[-3.550497,40.952332],[-3.554891,40.952209],[-3.562446,40.956175],[-3.56492,40.955437],[-3.565222,40.952904],[-3.562896,40.951272],[-3.561684,40.948802],[-3.562989,40.947624],[-3.562206,40.943712],[-3.559476,40.941875],[-3.555846,40.937062],[-3.553024,40.93432],[-3.553977,40.93031],[-3.550399,40.925591],[-3.549732,40.921244],[-3.547759,40.923269],[-3.54759,40.927272],[-3.544279,40.930504],[-3.541272,40.927974],[-3.539494,40.931954],[-3.534956,40.934799],[-3.529515,40.934723],[-3.524381,40.933989],[-3.51757,40.931584],[-3.510153,40.926879],[-3.506923,40.925257],[-3.502598,40.92456],[-3.49801,40.927669],[-3.496148,40.93225],[-3.496328,40.938227],[-3.495864,40.943693],[-3.492868,40.951268],[-3.488291,40.958008],[-3.484156,40.962638]]]}},
{"type":"Feature","id":"ESP:ADM3:ES-MD.robledo-de-chavela","properties":{"shapeName":"Robledo de Chavela","shapeISO":"","shapeGroup":"ESP","shapeType":"ADM3","adm1ISO":"ES-MD","parentISO":"ES-MD","parentID":"ESP:ADM1:ES-MD","src_shape_id":"28895703B11475914512594"},"geometry":{"type":"Polygon","coordinates":[[[-4.214418,40.447826],[-4.217036,40.452321],[-4.21816,40.457728],[-4.215928,40.459903],[-4.214364,40.464807],[-4.216049,40.469157],[-4.214236,40.470607],[-4.213142,40.473503],[-4.214198,40.478173],[-4.212138,40.48558],[-4.209962,40.487295],[-4.20843,40.492019],[-4.208844,40.493999],[-4.207771,40.49854],[-4.203407,40.498352],[-4.202974,40.499679],[-4.199668,40.5004],[-4.195463,40.498763],[-4.186416,40.502362],[-4.1777,40.508488],[-4.172704,40.508213],[-4.167659,40.508709],[-4.161193,40.509951],[-4.146716,40.509649],[-4.143644,40.508497],[-4.141228,40.506229],[-4.132346,40.518674],[-4.140036,40.522182],[-4.143122,40.520797],[-4.145126,40.521946],[-4.150284,40.522488],[-4.150887,40.529347],[-4.153921,40.531544],[-4.164602,40.529744],[-4.175537,40.53013],[-4.179363,40.528152],[-4.18262,40.527421],[-4.189901,40.523946],[-4.195851,40.522473],[-4.20106,40.521722],[-4.203191,40.515507],[-4.202976,40.512097],[-4.208399,40.511332],[-4.210632,40.512265],[-4.212859,40.518384],[-4.211929,40.52249],[-4.211778,40.528128],[-4.209262,40.534403],[-4.207284,40.537583],[-4.201817,40.54481],[-4.200447,40.548072],[-4.199634,40.553547],[-4.19681,40.559025],[-4.213577,40.555082],[-4.218926,40.543042],[-4.22373,40.53944],[-4.231911,40.531541],[-4.239058,40.530079],[-4.243016,40.530128],[-4.249282,40.532111],[-4.255037,40.530706],[-4.26177,40.531149],[-4.264246,40.529673],[-4.264509,40.524987],[-4.263685,40.522892],[-4.26601,40.520981],[-4.264176,40.518328],[-4.265002,40.51725],[-4.268563,40.518782],[-4.270353,40.516835],[-4.264643,40.512936],[-4.26885,40.509154],[-4.271189,40.509229],[-4.273505,40.506778],[-4.27711,40.505989],[-4.275109,40.503401],[-4.28313,40.502945],[-4.283567,40.502001],[-4.28136,40.497645],[-4.280929,40.494341],[-4.285123,40.494186],[-4.28772,40.492796],[-4.287644,40.490025],[-4.2854,40.489826],[-4.288035,40.485794],[-4.287366,40.480323],[-4.289297,40.473677],[-4.289023,40.472188],[-4.291789,40.460258],[-4.291013,40.453696],[-4.29354,40.446055],[-4.299079,40.442682],[-4.314616,40.439071],[-4.318807,40.439616],[-4.323286,40.436086],[-4.339159,40.431893],[-4.340952,40.428259],[-4.335689,40.427378],[-4.334683,40.424852],[-4.331168,40.422547],[-4.324228,40.423847],[-4.324003,40.418302],[-4.318836,40.420235],[-4.304301,40.423753],[-4.296657,40.425889],[-4.282138,40.427342],[-4.27818,40.42812],[-4.273762,40.428224],[-4.262531,40.424155],[-4.262763,40.41947],[-4.261483,40.416271],[-4.254804,40.408036],[-4.253061,40.405302],[-4.250324,40.407101],[-4.244415,40.413691],[-4.238675,40.421505],[-4.236586,40.432319],[-4.235953,40.433325],[-4.231283,40.435372],[-4.22523,40.442347],[-4.218931,40.439338],[-4.214418,40.447826]]]}},
{"type":"Feature","id":"ESP:ADM3:ES-MD.robregordo","properties":{"shapeName":"Robregordo","shapeISO":"","shapeGroup":"ESP","shapeType":"ADM3","adm1ISO":"ES-MD","parentISO":"ES-MD","parentID":"ESP:ADM1:ES-MD","src_shape_id":"28895703B26749647955482"},"geometry":{"type":"Polygon","coordinates":[[[-3.599775,41.096137],[-3.598198,41.095431],[-3.59345,41.098592],[-3.587529,41.098832],[-3.578248,41.10571],[-3.57338,41.108148],[-3.566007,41.113892],[-3.56899,41.116826],[-3.572366,41.118537],[-3.576366,41.118088],[-3.582787,41.120915],[-3.586379,41.119791],[-3.590573,41.120835],[-3.59048,41.125339],[-3.592884,41.125845],[-3.597591,41.125066],[-3.598867,41.128862],[-3.598729,41.132433],[-3.591633,41.135425],[-3.592825,41.146697],[-3.594946,41.152051],[-3.598407,41.150541],[-3.603212,41.149373],[-3.610929,41.148723],[-3.613703,41.149053],[-3.614097,41.147359],[-3.619837,41.143169],[-3.625012,41.140652],[-3.626985,41.138357],[-3.632776,41.136343],[-3.633989,41.134885],[-3.633485,41.126338],[-3.634213,41.125758],[-3.640114,41.122996],[-3.64502,41.121291],[-3.641655,41.120101],[-3.632429,41.120795],[-3.629879,41.11844],[-3.624655,41.11598],[-3.6158,41.109147],[-3.615466,41.106928],[-3.611079,41.102291],[-3.604987,41.100258],[-3.602302,41.097121],[-3.599775,41.096137]]]}},
{"type":"Feature","id":"ESP:ADM3:ES-MD.las-rozas-de-madrid","properties":{"shapeName":"Las Rozas de Madrid","shapeISO":"","shapeGroup":"ESP","shapeType":"ADM3","adm1ISO":"ES-MD","parentISO":"ES-MD","parentID":"ESP:ADM1:ES-MD","src_shape_id":"28895703B27124902635926"},"geometry":{"type":"Polygon","coordinates":[[[-3.940077,40.508467],[-3.936911,40.509125],[-3.934335,40.504777],[-3.934932,40.502044],[-3.933434,40.499702],[-3.931495,40.49891],[-3.926526,40.499757],[-3.921543,40.499709],[-3.917842,40.501264],[-3.910224,40.501357],[-3.906462,40.495577],[-3.899315,40.492885],[-3.892503,40.487671],[-3.891882,40.487855],[-3.877659,40.483481],[-3.873135,40.483519],[-3.86135,40.480407],[-3.842675,40.477066],[-3.836726,40.475123],[-3.837389,40.475789],[-3.836265,40.481707],[-3.833355,40.485947],[-3.833387,40.489532],[-3.83445,40.49414],[-3.839402,40.499385],[-3.837108,40.505892],[-3.849127,40.508993],[-3.852056,40.509499],[-3.85401,40.512084],[-3.851351,40.517527],[-3.85439,40.521404],[-3.853648,40.524368],[-3.857729,40.52788],[-3.858105,40.530151],[-3.863009,40.534665],[-3.865687,40.543429],[-3.8694,40.547378],[-3.869012,40.548175],[-3.872803,40.553473],[-3.873875,40.557631],[-3.875403,40.558768],[-3.882074,40.559667],[-3.885006,40.560921],[-3.883839,40.563909],[-3.886865,40.566156],[-3.888957,40.570881],[-3.885577,40.574456],[-3.890483,40.572651],[-3.894034,40.569906],[-3.895631,40.567637],[-3.898447,40.567083],[-3.905297,40.563437],[-3.908843,40.564668],[-3.911457,40.562213],[-3.919874,40.557629],[-3.92327,40.558336],[-3.930731,40.557812],[-3.932025,40.557079],[-3.930299,40.553857],[-3.936685,40.548389],[-3.939714,40.548941],[-3.942324,40.547949],[-3.945326,40.551349],[-3.946201,40.545979],[-3.949782,40.539737],[-3.947102,40.536001],[-3.94067,40.531752],[-3.938945,40.525807],[-3.94044,40.520987],[-3.93962,40.518903],[-3.942198,40.515826],[-3.940245,40.512519],[-3.937486,40.511425],[-3.940077,40.508467]]]}},
{"type":"Feature","id":"ESP:ADM3:ES-MD.rozas-de-puerto-real","properties":{"shapeName":"Rozas de Puerto Real","shapeISO":"","shapeGroup":"ESP","shapeType":"ADM3","adm1ISO":"ES-MD","parentISO":"ES-MD","parentID":"ESP:ADM1:ES-MD","src_shape_id":"28895703B77396994461905"},"geometry":{"type":"Polygon","coordinates":[[[-4.472475,40.320265],[-4.485299,40.321138],[-4.490552,40.320274],[-4.496852,40.317562],[-4.497853,40.315959],[-4.502653,40.31487],[-4.504896,40.315438],[-4.513036,40.321168],[-4.515476,40.326452],[-4.515834,40.329019],[-4.51786,40.330085],[-4.520083,40.332884],[-4.521007,40.335541],[-4.523268,40.33726],[-4.527119,40.337983],[-4.527564,40.339731],[-4.526788,40.344873],[-4.529744,40.344132],[-4.535132,40.341587],[-4.539055,40.34049],[-4.546225,40.341825],[-4.547654,40.340376],[-4.543993,40.33468],[-4.542991,40.330626],[-4.544401,40.33015],[-4.540095,40.327872],[-4.539397,40.323049],[-4.539975,40.32117],[-4.53674,40.315727],[-4.537425,40.310299],[-4.535405,40.305093],[-4.531939,40.299954],[-4.531642,40.297298],[-4.529379,40.293125],[-4.531698,40.29041],[-4.535743,40.287692],[-4.540791,40.28701],[-4.54404,40.285178],[-4.547183,40.280154],[-4.549952,40.280422],[-4.555414,40.276851],[-4.554152,40.276363],[-4.554554,40.269823],[-4.556092,40.26614],[-4.543751,40.268745],[-4.516889,40.270651],[-4.509986,40.277333],[-4.505029,40.280435],[-4.50031,40.279547],[-4.496791,40.277706],[-4.494389,40.278541],[-4.496482,40.280579],[-4.502803,40.281789],[-4.505487,40.283385],[-4.497296,40.288285],[-4.494572,40.288745],[-4.48716,40.293375],[-4.484331,40.296241],[-4.479085,40.298891],[-4.477432,40.298629],[-4.474915,40.301626],[-4.476337,40.303731],[-4.471202,40.307032],[-4.466646,40.308672],[-4.467493,40.312654],[-4.466192,40.317312],[-4.470686,40.317675],[-4.472475,40.320265]]]}},
{"type":"Feature","id":"ESP:ADM3:ES-MD.san-agustin-del-guadalix","properties":{"shapeName":"San Agustín del Guadalix","shapeISO":"","shapeGroup":"ESP","shapeType":"ADM3","adm1ISO":"ES-MD","parentISO":"ES-MD","parentID":"ESP:ADM1:ES-MD","src_shape_id":"28895703B77752148489412"},"geometry":{"type":"Polygon","coordinates":[[[-3.593683,40.654803],[-3.597021,40.658241],[-3.598722,40.663354],[-3.601887,40.670296],[-3.601438,40.672674],[-3.602841,40.674023],[-3.605246,40.680069],[-3.605007,40.683667],[-3.60242,40.687077],[-3.602255,40.689622],[-3.600856,40.691154],[-3.601315,40.696533],[-3.602526,40.702752],[-3.60168,40.705918],[-3.603438,40.709121],[-3.603112,40.710578],[-3.606181,40.714415],[-3.607546,40.714369],[-3.613037,40.709897],[-3.617098,40.707311],[-3.619475,40.70736],[-3.618398,40.713509],[-3.61715,40.715682],[-3.619486,40.718136],[-3.622636,40.717883],[-3.628764,40.719033],[-3.635274,40.720946],[-3.642844,40.721872],[-3.648913,40.723641],[-3.659581,40.725921],[-3.66338,40.726016],[-3.669939,40.725123],[-3.677055,40.723284],[-3.677311,40.721033],[-3.674059,40.718875],[-3.673955,40.717396],[-3.678072,40.71326],[-3.680454,40.708225],[-3.679105,40.705441],[-3.675891,40.702648],[-3.669423,40.701313],[-3.664527,40.700837],[-3.659839,40.696324],[-3.654092,40.694233],[-3.650876,40.695133],[-3.646652,40.693846],[-3.644485,40.695408],[-3.641685,40.68903],[-3.642762,40.686255],[-3.649556,40.681648],[-3.65064,40.679497],[-3.650296,40.676],[-3.648112,40.673665],[-3.645,40.673024],[-3.642572,40.671032],[-3.640639,40.670888],[-3.639363,40.667307],[-3.641806,40.664725],[-3.642619,40.659217],[-3.645881,40.656164],[-3.651031,40.648962],[-3.651557,40.64673],[-3.649592,40.644351],[-3.643716,40.640988],[-3.63931,40.639205],[-3.632483,40.639084],[-3.628161,40.640025],[-3.623104,40.644751],[-3.610715,40.65052],[-3.60676,40.651059],[-3.599512,40.649753],[-3.591791,40.649165],[-3.593683,40.654803]]]}},
{"type":"Feature","id":"ESP:ADM3:ES-MD.san-fernando-de-henares","properties":{"shapeName":"San Fernando de Henares","shapeISO":"","shapeGroup":"ESP","shapeType":"ADM3","adm1ISO":"ES-MD","parentISO":"ES-MD","parentID":"ESP:ADM1:ES-MD","src_shape_id":"28895703B3095718355887"},"geometry":{"type":"Polygon","coordinates":[[[-3.447196,40.446312],[-3.450829,40.442148],[-3.461875,40.437793],[-3.465209,40.437485],[-3.473727,40.433494],[-3.481577,40.431319],[-3.484151,40.432316],[-3.488261,40.437651],[-3.49027,40.4416],[-3.488457,40.445526],[-3.489731,40.454683],[-3.491637,40.459907],[-3.497935,40.470016],[-3.495697,40.471131],[-3.496949,40.472898],[-3.499503,40.471824],[-3.510251,40.469042],[-3.51508,40.46963],[-3.528561,40.472303],[-3.53084,40.471281],[-3.526301,40.47014],[-3.525123,40.467595],[-3.52869,40.463589],[-3.529446,40.461348],[-3.529027,40.458377],[-3.526561,40.455976],[-3.529896,40.454335],[-3.531958,40.454724],[-3.534519,40.452486],[-3.531148,40.446873],[-3.531587,40.444415],[-3.530209,40.439984],[-3.527857,40.436582],[-3.526507,40.433295],[-3.532658,40.432117],[-3.532178,40.430024],[-3.538004,40.429815],[-3.536921,40.423437],[-3.53119,40.420084],[-3.525064,40.41629],[-3.522565,40.414108],[-3.519916,40.409926],[-3.516305,40.40944],[-3.515019,40.410483],[-3.50974,40.406735],[-3.503173,40.40726],[-3.501739,40.409382],[-3.497579,40.409259],[-3.494893,40.411882],[-3.492734,40.411986],[-3.487875,40.413719],[-3.485697,40.413022],[-3.483209,40.41426],[-3.475057,40.416378],[-3.472281,40.416338],[-3.46917,40.417956],[-3.461529,40.418927],[-3.45703,40.419013],[-3.453184,40.420264],[-3.452545,40.421644],[-3.449282,40.421588],[-3.442119,40.418684],[-3.43993,40.412551],[-3.434766,40.412772],[-3.431943,40.415509],[-3.432183,40.419261],[-3.436418,40.427519],[-3.43809,40.432338],[-3.435692,40.43182],[-3.429954,40.426247],[-3.42047,40.423911],[-3.413026,40.424852],[-3.411918,40.425794],[-3.410634,40.426672],[-3.413091,40.428847],[-3.414521,40.431373],[-3.413562,40.435453],[-3.414088,40.436945],[-3.417264,40.437241],[-3.422891,40.442424],[-3.420768,40.446226],[-3.418621,40.446935],[-3.418831,40.450376],[-3.419927,40.451925],[-3.423117,40.452689],[-3.42572,40.451702],[-3.42684,40.453183],[-3.434243,40.454274],[-3.435616,40.452184],[-3.441716,40.448638],[-3.447196,40.446312]]]}},
{"type":"Feature","id":"ESP:ADM3:ES-MD.san-lorenzo-de-el-escorial","properties":{"shapeName":"San Lorenzo de El Escorial","shapeISO":"","shapeGroup":"ESP","shapeType":"ADM3","adm1ISO":"ES-MD","parentISO":"ES-MD","parentID":"ESP:ADM1:ES-MD","src_shape_id":"28895703B21446645092578"},"geometry":{"type":"Polygon","coordinates":[[[-4.032829,40.630131],[-4.031484,40.635343],[-4.031816,40.638947],[-4.037123,40.644137],[-4.040243,40.645776],[-4.049666,40.649419],[-4.053082,40.652919],[-4.056615,40.654153],[-4.060295,40.653728],[-4.06997,40.64979],[-4.094767,40.650202],[-4.111367,40.654192],[-4.115905,40.653056],[-4.119255,40.652986],[-4.131293,40.655229],[-4.141708,40.652964],[-4.161069,40.649405],[-4.167942,40.647912],[-4.167922,40.643761],[-4.170156,40.642055],[-4.171753,40.638427],[-4.170841,40.633917],[-4.172845,40.631391],[-4.17217,40.629083],[-4.168875,40.626135],[-4.162831,40.625696],[-4.161183,40.623465],[-4.159256,40.620205],[-4.152052,40.617719],[-4.157388,40.614932],[-4.16349,40.613893],[-4.168729,40.609578],[-4.174999,40.602171],[-4.179899,40.597243],[-4.183863,40.594149],[-4.187853,40.588971],[-4.193295,40.584794],[-4.194073,40.583521],[-4.19387,40.576426],[-4.19833,40.573497],[-4.198536,40.568293],[-4.197583,40.566587],[-4.191228,40.564894],[-4.188674,40.565989],[-4.181404,40.571318],[-4.178863,40.574387],[-4.170679,40.575951],[-4.167253,40.571178],[-4.164633,40.568975],[-4.163417,40.566429],[-4.164004,40.563029],[-4.160003,40.562721],[-4.156716,40.563636],[-4.150248,40.567046],[-4.145639,40.56823],[-4.140823,40.572345],[-4.140449,40.574948],[-4.143073,40.57639],[-4.144982,40.579982],[-4.143627,40.584261],[-4.140647,40.588671],[-4.140781,40.589841],[-4.137614,40.591429],[-4.135239,40.594802],[-4.130732,40.59687],[-4.13199,40.598516],[-4.118159,40.604908],[-4.116855,40.606049],[-4.114448,40.61362],[-4.108349,40.612959],[-4.102589,40.619115],[-4.099691,40.62515],[-4.099468,40.627233],[-4.092782,40.630684],[-4.085162,40.632203],[-4.056442,40.637448],[-4.0547,40.634563],[-4.051748,40.634551],[-4.049767,40.63023],[-4.042638,40.629604],[-4.038256,40.63041],[-4.032829,40.630131]]]}},
{"type":"Feature","id":"ESP:ADM3:ES-MD.san-martin-de-la-vega","properties":{"shapeName":"San Martín de la Vega","shapeISO":"","shapeGroup":"ESP","shapeType":"ADM3","adm1ISO":"ES-MD","parentISO":"ES-MD","parentID":"ESP:ADM1:ES-MD","src_shape_id":"28895703B76048017113776"},"geometry":{"type":"Polygon","coordinates":[[[-3.519798,40.294281],[-3.524438,40.295505],[-3.52648,40.293211],[-3.534994,40.29275],[-3.540192,40.290241],[-3.545138,40.290855],[-3.544076,40.293767],[-3.548728,40.295621],[-3.550504,40.297036],[-3.555201,40.295654],[-3.561657,40.29215],[-3.564691,40.291911],[-3.568083,40.288818],[-3.571505,40.28712],[-3.575963,40.287998],[-3.578784,40.286376],[-3.584962,40.284602],[-3.591814,40.283805],[-3.594183,40.285518],[-3.596605,40.284985],[-3.596196,40.276227],[-3.594829,40.274245],[-3.599088,40.27226],[-3.612139,40.269159],[-3.614765,40.267833],[-3.622908,40.266377],[-3.626005,40.265757],[-3.632406,40.259573],[-3.633605,40.256018],[-3.63502,40.247101],[-3.637666,40.239673],[-3.643641,40.229663],[-3.642875,40.22835],[-3.63466,40.223716],[-3.630706,40.223125],[-3.626587,40.221248],[-3.622168,40.218402],[-3.617516,40.21168],[-3.6148,40.210543],[-3.613137,40.208628],[-3.607024,40.205926],[-3.605059,40.203913],[-3.594249,40.201942],[-3.591564,40.196366],[-3.566063,40.191703],[-3.559449,40.189861],[-3.557189,40.192723],[-3.552342,40.195214],[-3.545498,40.196875],[-3.535307,40.194677],[-3.530789,40.195414],[-3.525274,40.198093],[-3.520408,40.202733],[-3.515108,40.205604],[-3.510936,40.209834],[-3.508779,40.212951],[-3.504127,40.215445],[-3.498298,40.216969],[-3.497597,40.220488],[-3.49932,40.222235],[-3.50065,40.226457],[-3.504316,40.233695],[-3.504482,40.237282],[-3.505849,40.239302],[-3.501069,40.245329],[-3.499762,40.247777],[-3.502149,40.248497],[-3.503189,40.250615],[-3.501873,40.252518],[-3.502472,40.254172],[-3.500353,40.256123],[-3.496104,40.253358],[-3.495107,40.251675],[-3.492066,40.251133],[-3.490333,40.253677],[-3.485737,40.253134],[-3.482681,40.256879],[-3.486148,40.260485],[-3.486765,40.26338],[-3.488388,40.26471],[-3.490055,40.268103],[-3.491721,40.268524],[-3.492993,40.271086],[-3.498302,40.272212],[-3.501969,40.276564],[-3.503864,40.27675],[-3.505104,40.279281],[-3.512194,40.285876],[-3.519798,40.294281]]]}},
{"type":"Feature","id":"ESP:ADM3:ES-MD.san-martin-de-valdeiglesias","properties":{"shapeName":"San Martín de Valdeiglesias","shapeISO":"","shapeGroup":"ESP","shapeType":"ADM3","adm1ISO":"ES-MD","parentISO":"ES-MD","parentID":"ESP:ADM1:ES-MD","src_shape_id":"28895703B23180163681713"},"geometry":{"type":"Polygon","coordinates":[[[-4.236427,40.326498],[-4.242617,40.330319],[-4.244734,40.331019],[-4.248123,40.329808],[-4.250423,40.335877],[-4.255858,40.337804],[-4.260267,40.338399],[-4.264457,40.342563],[-4.274282,40.347997],[-4.276708,40.34975],[-4.280564,40.350125],[-4.282234,40.351499],[-4.282981,40.35612],[-4.290619,40.359507],[-4.294981,40.360127],[-4.296441,40.361482],[-4.298025,40.365144],[-4.299947,40.36649],[-4.304658,40.367487],[-4.303332,40.370444],[-4.300043,40.372692],[-4.298703,40.375676],[-4.299197,40.378864],[-4.301521,40.379551],[-4.302292,40.381981],[-4.305814,40.383461],[-4.30413,40.388592],[-4.304288,40.391928],[-4.302787,40.394093],[-4.302172,40.398746],[-4.303595,40.401751],[-4.307054,40.40203],[-4.317208,40.400338],[-4.319667,40.40183],[-4.322809,40.406342],[-4.321089,40.410309],[-4.32353,40.410182],[-4.330272,40.408298],[-4.335595,40.409441],[-4.338806,40.411013],[-4.343485,40.411889],[-4.348589,40.411447],[-4.359579,40.411345],[-4.364136,40.408582],[-4.365344,40.406918],[-4.373236,40.407659],[-4.378155,40.407265],[-4.386235,40.409246],[-4.391707,40.409708],[-4.398934,40.411036],[-4.403867,40.411076],[-4.415537,40.409602],[-4.418165,40.406319],[-4.421536,40.406342],[-4.424216,40.402109],[-4.425972,40.400505],[-4.429556,40.40026],[-4.432491,40.398205],[-4.433201,40.396148],[-4.437206,40.394036],[-4.437131,40.390634],[-4.438329,40.388994],[-4.441657,40.388874],[-4.443422,40.386391],[-4.443525,40.383449],[-4.439871,40.379761],[-4.441249,40.377962],[-4.440709,40.367129],[-4.441869,40.362722],[-4.439178,40.361409],[-4.441161,40.359459],[-4.438982,40.354754],[-4.439144,40.351352],[-4.443094,40.347419],[-4.445122,40.346739],[-4.449901,40.346754],[-4.452257,40.344656],[-4.455939,40.345048],[-4.459629,40.342929],[-4.46095,40.340493],[-4.459979,40.338295],[-4.455676,40.335293],[-4.453813,40.333094],[-4.447069,40.329607],[-4.442553,40.328165],[-4.432137,40.328554],[-4.429387,40.329958],[-4.418533,40.332318],[-4.412767,40.330499],[-4.406567,40.329423],[-4.395897,40.324014],[-4.391718,40.322668],[-4.387023,40.320421],[-4.382685,40.319575],[-4.38011,40.318341],[-4.376206,40.316915],[-4.373556,40.313835],[-4.368043,40.313838],[-4.361267,40.310514],[-4.356386,40.308621],[-4.353275,40.31065],[-4.34724,40.312271],[-4.348245,40.31428],[-4.342322,40.317531],[-4.340289,40.319958],[-4.331671,40.321971],[-4.329005,40.324271],[-4.323666,40.325566],[-4.318084,40.32579],[-4.311679,40.325024],[-4.309753,40.325513],[-4.301369,40.323017],[-4.295027,40.322624],[-4.292541,40.324979],[-4.286034,40.329356],[-4.284221,40.328719],[-4.276516,40.329295],[-4.273648,40.3311],[-4.267599,40.332446],[-4.263664,40.331831],[-4.260015,40.329507],[-4.257489,40.329343],[-4.255501,40.327521],[-4.250788,40.324833],[-4.24525,40.326854],[-4.236427,40.326498]],[[-4.304658,40.367487],[-4.308325,40.364682],[-4.311122,40.360257],[-4.312905,40.355556],[-4.3148,40.353551],[-4.316782,40.349042],[-4.323023,40.344008],[-4.32776,40.344323],[-4.334991,40.34748],[-4.345636,40.354628],[-4.346063,40.36118],[-4.34707,40.362686],[-4.34284,40.367344],[-4.338287,40.37105],[-4.338522,40.372874],[-4.334938,40.376127],[-4.331123,40.37535],[-4.327527,40.371987],[-4.322991,40.370015],[-4.315759,40.370151],[-4.308705,40.368093],[-4.304658,40.367487]]]}},
{"type":"Feature","id":"ESP:ADM3:ES-MD.san-sebastian-de-los-reyes","properties":{"shapeName":"San Sebastián de los Reyes","shapeISO":"","shapeGroup":"ESP","shapeType":"ADM3","adm1ISO":"ES-MD","parentISO":"ES-MD","parentID":"ESP:ADM1:ES-MD","src_shape_id":"28895703B72339018691614"},"geometry":{"type":"Polygon","coordinates":[[[-3.553089,40.53225],[-3.550213,40.532663],[-3.54834,40.534558],[-3.547654,40.537181],[-3.54993,40.541941],[-3.557455,40.541848],[-3.556601,40.544954],[-3.557562,40.546489],[-3.563282,40.550843],[-3.565623,40.554202],[-3.566013,40.556911],[-3.563926,40.55905],[-3.56055,40.560902],[-3.561395,40.563569],[-3.558264,40.564998],[-3.560275,40.568687],[-3.56407,40.571018],[-3.558321,40.574467],[-3.55431,40.575399],[-3.544055,40.569783],[-3.543012,40.57117],[-3.539325,40.571877],[-3.538303,40.57675],[-3.539691,40.578685],[-3.539625,40.5823],[-3.545384,40.584062],[-3.548879,40.587061],[-3.551754,40.586333],[-3.558615,40.585746],[-3.56059,40.587169],[-3.560993,40.591722],[-3.564333,40.591865],[-3.565155,40.598765],[-3.569802,40.59789],[-3.573155,40.598801],[-3.576114,40.602958],[-3.577411,40.607496],[-3.57414,40.609814],[-3.573318,40.61139],[-3.574002,40.614522],[-3.573799,40.619318],[-3.57745,40.618979],[-3.580308,40.619557],[-3.581101,40.620998],[-3.580053,40.623845],[-3.584563,40.627365],[-3.589962,40.625663],[-3.595659,40.627096],[-3.600229,40.626665],[-3.603598,40.624969],[-3.604572,40.630711],[-3.608205,40.630937],[-3.612012,40.629053],[-3.615578,40.626102],[-3.621614,40.622139],[-3.625284,40.618481],[-3.625832,40.616751],[-3.621863,40.615204],[-3.620497,40.612634],[-3.618003,40.611273],[-3.618308,40.609024],[-3.61534,40.60067],[-3.608841,40.598444],[-3.604721,40.595788],[-3.604819,40.594292],[-3.601792,40.591984],[-3.60298,40.589009],[-3.605063,40.587773],[-3.606339,40.585175],[-3.611896,40.58191],[-3.61636,40.580482],[-3.625003,40.573601],[-3.627923,40.573588],[-3.631099,40.574874],[-3.634376,40.574453],[-3.639607,40.575127],[-3.64267,40.57645],[-3.650171,40.577308],[-3.652761,40.581098],[-3.654476,40.586069],[-3.65625,40.588863],[-3.6604,40.591668],[-3.667209,40.592123],[-3.674143,40.588861],[-3.663852,40.569739],[-3.654168,40.55514],[-3.647362,40.554862],[-3.645693,40.555256],[-3.640568,40.554001],[-3.639655,40.551713],[-3.632949,40.545181],[-3.629602,40.54423],[-3.626195,40.540282],[-3.615185,40.539809],[-3.613746,40.538683],[-3.608872,40.538046],[-3.605459,40.538254],[-3.603297,40.536999],[-3.600457,40.538056],[-3.596665,40.537131],[-3.592717,40.537663],[-3.585446,40.535291],[-3.579132,40.5342],[-3.56882,40.534065],[-3.562687,40.53441],[-3.553089,40.53225]]]}},
{"type":"Feature","id":"ESP:ADM3:ES-MD.santa-maria-de-la-alameda","properties":{"shapeName":"Santa María de la Alameda","shapeISO":"","shapeGroup":"ESP","shapeType":"ADM3","adm1ISO":"ES-MD","parentISO":"ES-MD","parentID":"ESP:ADM1:ES-MD","src_shape_id":"28895703B80815272070803"},"geometry":{"type":"MultiPolygon","coordinates":[[[[-4.19681,40.559025],[-4.192936,40.560799],[-4.189632,40.561396],[-4.187947,40.563512],[-4.181541,40.566607],[-4.176772,40.570225],[-4.173255,40.570954],[-4.167253,40.571178],[-4.170679,40.575951],[-4.178863,40.574387],[-4.181404,40.571318],[-4.188674,40.565989],[-4.191228,40.564894],[-4.197583,40.566587],[-4.198536,40.568293],[-4.19833,40.573497],[-4.19387,40.576426],[-4.194073,40.583521],[-4.193295,40.584794],[-4.187853,40.588971],[-4.183863,40.594149],[-4.179899,40.597243],[-4.174999,40.602171],[-4.168729,40.609578],[-4.16349,40.613893],[-4.157388,40.614932],[-4.152052,40.617719],[-4.159256,40.620205],[-4.161183,40.623465],[-4.176751,40.616156],[-4.186719,40.614533],[-4.196267,40.611878],[-4.207022,40.608088],[-4.210176,40.607516],[-4.213625,40.605679],[-4.218417,40.605558],[-4.221637,40.604399],[-4.239977,40.602528],[-4.245439,40.602447],[-4.257407,40.603868],[-4.262141,40.60518],[-4.266566,40.610824],[-4.267219,40.614521],[-4.271191,40.623934],[-4.271102,40.629023],[-4.274621,40.629281],[-4.278519,40.630555],[-4.284166,40.631291],[-4.283739,40.629053],[-4.28748,40.628985],[-4.290709,40.627823],[-4.289179,40.627243],[-4.288594,40.623245],[-4.28952,40.618992],[-4.288578,40.616987],[-4.289152,40.611719],[-4.290472,40.609617],[-4.289268,40.606685],[-4.284584,40.606008],[-4.278864,40.604156],[-4.2788,40.600971],[-4.283432,40.595716],[-4.282357,40.592015],[-4.283044,40.590142],[-4.281213,40.588738],[-4.283129,40.58704],[-4.282605,40.585342],[-4.285028,40.583252],[-4.286805,40.574561],[-4.289018,40.571114],[-4.289262,40.564194],[-4.286311,40.565223],[-4.280449,40.562256],[-4.274329,40.563349],[-4.273652,40.561481],[-4.270952,40.561796],[-4.270748,40.557113],[-4.267964,40.554618],[-4.268973,40.552098],[-4.266034,40.548252],[-4.260062,40.548868],[-4.256941,40.546466],[-4.259698,40.542035],[-4.267995,40.543076],[-4.27028,40.542511],[-4.270664,40.540143],[-4.267863,40.540124],[-4.267922,40.538192],[-4.263818,40.535909],[-4.261641,40.53297],[-4.26177,40.531149],[-4.255037,40.530706],[-4.249282,40.532111],[-4.243016,40.530128],[-4.239058,40.530079],[-4.231911,40.531541],[-4.22373,40.53944],[-4.218926,40.543042],[-4.213577,40.555082],[-4.19681,40.559025]]],[[[-4.31951,40.647644],[-4.305377,40.650304],[-4.300796,40.651486],[-4.290319,40.65208],[-4.287835,40.652914],[-4.276671,40.652506],[-4.266498,40.653106],[-4.262195,40.651708],[-4.256039,40.651461],[-4.254117,40.658692],[-4.253876,40.661891],[-4.259905,40.665817],[-4.265259,40.670973],[-4.267443,40.674547],[-4.274158,40.677091],[-4.277461,40.677922],[-4.281584,40.680455],[-4.284817,40.681221],[-4.289967,40.680563],[-4.29307,40.677361],[-4.302222,40.673022],[-4.309791,40.669866],[-4.316194,40.66675],[-4.319053,40.660411],[-4.324122,40.658029],[-4.322224,40.651124],[-4.31951,40.647644]]]]}},
{"type":"Feature","id":"ESP:ADM3:ES-MD.santorcaz","properties":{"shapeName":"Santorcaz","shapeISO":"","shapeGroup":"ESP","shapeType":"ADM3","adm1ISO":"ES-MD","parentISO":"ES-MD","parentID":"ESP:ADM1:ES-MD","src_shape_id":"28895703B51869649575543"},"geometry":{"type":"Polygon","coordinates":[[[-3.235204,40.444358],[-3.233573,40.441986],[-3.225968,40.440865],[-3.215862,40.437851],[-3.211157,40.434431],[-3.207743,40.43707],[-3.200018,40.44047],[-3.198597,40.442252],[-3.200462,40.446337],[-3.199255,40.451189],[-3.199984,40.452154],[-3.198757,40.458835],[-3.199029,40.462112],[-3.200195,40.463847],[-3.198953,40.470146],[-3.195328,40.478594],[-3.19723,40.485617],[-3.199158,40.488209],[-3.20067,40.49474],[-3.202034,40.495532],[-3.201268,40.498786],[-3.20971,40.50214],[-3.216297,40.503874],[-3.225254,40.504677],[-3.228358,40.501611],[-3.234036,40.500376],[-3.234293,40.499145],[-3.240782,40.495403],[-3.241942,40.492577],[-3.244294,40.49224],[-3.249167,40.489111],[-3.249636,40.487684],[-3.253476,40.486766],[-3.258325,40.483957],[-3.258498,40.482788],[-3.256385,40.47708],[-3.253881,40.471889],[-3.249473,40.460338],[-3.248806,40.456621],[-3.244622,40.451865],[-3.240111,40.451285],[-3.234948,40.449092],[-3.234323,40.445516],[-3.235204,40.444358]]]}},
{"type":"Feature","id":"ESP:ADM3:ES-MD.los-santos-de-la-humosa","properties":{"shapeName":"Los Santos de la Humosa","shapeISO":"","shapeGroup":"ESP","shapeType":"ADM3","adm1ISO":"ES-MD","parentISO":"ES-MD","parentID":"ESP:ADM1:ES-MD","src_shape_id":"28895703B88965057499456"},"geometry":{"type":"Polygon","coordinates":[[[-3.289849,40.53175],[-3.284688,40.528437],[-3.287559,40.526529],[-3.287696,40.524984],[-3.284758,40.524349],[-3.283847,40.521014],[-3.285226,40.516841],[-3.292434,40.517091],[-3.298957,40.513924],[-3.30094,40.511178],[-3.302996,40.511355],[-3.304972,40.513295],[-3.308146,40.511385],[-3.307856,40.507914],[-3.306163,40.505897],[-3.308817,40.502285],[-3.305905,40.49793],[-3.300581,40.496348],[-3.298765,40.494413],[-3.2922,40.494088],[-3.288137,40.495089],[-3.282958,40.493725],[-3.280752,40.490663],[-3.275786,40.488415],[-3.273316,40.486189],[-3.258325,40.483957],[-3.253476,40.486766],[-3.249636,40.487684],[-3.249167,40.489111],[-3.244294,40.49224],[-3.241942,40.492577],[-3.240782,40.495403],[-3.234293,40.499145],[-3.234036,40.500376],[-3.228358,40.501611],[-3.225254,40.504677],[-3.216297,40.503874],[-3.20971,40.50214],[-3.201268,40.498786],[-3.19892,40.503008],[-3.198814,40.508483],[-3.200497,40.514961],[-3.206915,40.519286],[-3.216925,40.523192],[-3.222857,40.525956],[-3.226771,40.532007],[-3.227061,40.536243],[-3.231819,40.539682],[-3.232664,40.538107],[-3.231461,40.534453],[-3.232474,40.532926],[-3.23543,40.532847],[-3.243288,40.537102],[-3.246852,40.542022],[-3.249915,40.544316],[-3.25122,40.542117],[-3.256356,40.541846],[-3.258887,40.539974],[-3.267491,40.53777],[-3.269935,40.536549],[-3.272923,40.536537],[-3.275514,40.533646],[-3.279515,40.53366],[-3.282054,40.535168],[-3.284348,40.535158],[-3.289849,40.53175]]]}},
{"type":"Feature","id":"ESP:ADM3:ES-MD.la-serna-del-monte","properties":{"shapeName":"La Serna del Monte","shapeISO":"","shapeGroup":"ESP","shapeType":"ADM3","adm1ISO":"ES-MD","parentISO":"ES-MD","parentID":"ESP:ADM1:ES-MD","src_shape_id":"28895703B32950841615587"},"geometry":{"type":"Polygon","coordinates":[[[-3.628132,41.068857],[-3.624689,41.064954],[-3.624973,41.061668],[-3.623048,41.050377],[-3.626613,41.044746],[-3.632003,41.033864],[-3.633633,41.033149],[-3.634354,41.030678],[-3.637234,41.029059],[-3.633803,41.027896],[-3.633535,41.025678],[-3.634538,41.020894],[-3.632834,41.020254],[-3.628776,41.021085],[-3.625342,41.024411],[-3.623046,41.022497],[-3.61906,41.021116],[-3.618035,41.012974],[-3.614973,41.014317],[-3.612489,41.018419],[-3.608403,41.023212],[-3.612321,41.024723],[-3.613582,41.03101],[-3.616388,41.034692],[-3.61628,41.040031],[-3.617033,41.042618],[-3.619667,41.044513],[-3.6222,41.050633],[-3.6204,41.052229],[-3.619933,41.05446],[-3.617699,41.055805],[-3.617486,41.061942],[-3.619271,41.06324],[-3.619294,41.066314],[-3.616074,41.069865],[-3.625484,41.070856],[-3.628132,41.068857]]]}},
{"type":"Feature","id":"ESP:ADM3:ES-MD.serranillos-del-valle","properties":{"shapeName":"Serranillos del Valle","shapeISO":"","shapeGroup":"ESP","shapeType":"ADM3","adm1ISO":"ES-MD","parentISO":"ES-MD","parentID":"ESP:ADM1:ES-MD","src_shape_id":"28895703B88142674686690"},"geometry":{"type":"MultiPolygon","coordinates":[[[[-3.950848,40.196489],[-3.951823,40.191838],[-3.951443,40.190039],[-3.948728,40.189391],[-3.947475,40.194071],[-3.94283,40.196064],[-3.938628,40.203228],[-3.942172,40.204347],[-3.947587,40.204981],[-3.949569,40.203105],[-3.950848,40.196489]]],[[[-3.92599,40.200873],[-3.921892,40.197673],[-3.920419,40.195318],[-3.916219,40.191591],[-3.910117,40.189726],[-3.899486,40.190438],[-3.894165,40.188712],[-3.885392,40.189518],[-3.883129,40.188785],[-3.877725,40.18867],[-3.876323,40.191222],[-3.87137,40.198853],[-3.869082,40.201077],[-3.865341,40.203785],[-3.869758,40.211788],[-3.873831,40.220076],[-3.876933,40.22296],[-3.877944,40.22521],[-3.884497,40.232107],[-3.888508,40.232848],[-3.891496,40.231585],[-3.900103,40.232516],[-3.904107,40.234727],[-3.899278,40.227063],[-3.903137,40.22491],[-3.903284,40.22367],[-3.899783,40.218543],[-3.900033,40.216178],[-3.894041,40.210901],[-3.894961,40.201891],[-3.896283,40.196971],[-3.897147,40.196209],[-3.901459,40.199435],[-3.910234,40.202037],[-3.918961,40.201385],[-3.922039,40.200138],[-3.92599,40.200873]]]]}},
{"type":"Feature","id":"ESP:ADM3:ES-MD.sevilla-la-nueva","properties":{"shapeName":"Sevilla la Nueva","shapeISO":"","shapeGroup":"ESP","shapeType":"ADM3","adm1ISO":"ES-MD","parentISO":"ES-MD","parentID":"ESP:ADM1:ES-MD","src_shape_id":"28895703B93663842068249"},"geometry":{"type":"Polygon","coordinates":[[[-4.03516,40.378373],[-4.037885,40.378421],[-4.038386,40.380326],[-4.044439,40.378347],[-4.045715,40.37737],[-4.049845,40.378988],[-4.054499,40.37533],[-4.058709,40.375078],[-4.06425,40.367717],[-4.070983,40.362841],[-4.071706,40.359324],[-4.076669,40.357718],[-4.074426,40.354062],[-4.075848,40.351422],[-4.074926,40.347444],[-4.075249,40.344391],[-4.074125,40.342973],[-4.070755,40.343181],[-4.067682,40.342087],[-4.065919,40.339712],[-4.070104,40.335066],[-4.066373,40.335099],[-4.058774,40.334329],[-4.050805,40.334825],[-4.045039,40.332597],[-4.024411,40.333411],[-4.018105,40.33558],[-4.010787,40.337079],[-4.006389,40.339387],[-4.00303,40.341945],[-3.998098,40.343439],[-3.999314,40.350597],[-4.003378,40.354909],[-4.003404,40.358],[-4.005283,40.359293],[-4.006971,40.360626],[-4.007427,40.363475],[-4.011283,40.364432],[-4.013306,40.36685],[-4.016748,40.36793],[-4.022898,40.372612],[-4.027011,40.373335],[-4.029123,40.37477],[-4.029117,40.376756],[-4.03516,40.378373]]]}},
{"type":"Feature","id":"ESP:ADM3:ES-MD.somosierra","properties":{"shapeName":"Somosierra","shapeISO":"","shapeGroup":"ESP","shapeType":"ADM3","adm1ISO":"ES-MD","parentISO":"ES-MD","parentID":"ESP:ADM1:ES-MD","src_shape_id":"28895703B54099181467372"},"geometry":{"type":"Polygon","coordinates":[[[-3.539722,41.165041],[-3.543905,41.165845],[-3.550448,41.165701],[-3.558023,41.164397],[-3.569193,41.159508],[-3.578603,41.160258],[-3.582721,41.16142],[-3.589271,41.158509],[-3.591218,41.154643],[-3.598808,41.15434],[-3.600047,41.155382],[-3.604682,41.152037],[-3.610841,41.149657],[-3.613703,41.149053],[-3.610929,41.148723],[-3.603212,41.149373],[-3.598407,41.150541],[-3.594946,41.152051],[-3.592825,41.146697],[-3.591633,41.135425],[-3.598729,41.132433],[-3.598867,41.128862],[-3.597591,41.125066],[-3.592884,41.125845],[-3.59048,41.125339],[-3.590573,41.120835],[-3.586379,41.119791],[-3.582787,41.120915],[-3.576366,41.118088],[-3.572366,41.118537],[-3.56899,41.116826],[-3.566007,41.113892],[-3.564387,41.114328],[-3.561635,41.114803],[-3.557016,41.117103],[-3.554018,41.120843],[-3.549609,41.124234],[-3.548109,41.126781],[-3.548566,41.132631],[-3.547335,41.134743],[-3.547932,41.138754],[-3.544905,41.142207],[-3.544267,41.145939],[-3.541098,41.149667],[-3.537625,41.155333],[-3.536705,41.160576],[-3.539722,41.165041]]]}},
{"type":"Feature","id":"ESP:ADM3:ES-MD.soto-del-real","properties":{"shapeName":"Soto del Real","shapeISO":"","shapeGroup":"ESP","shapeType":"ADM3","adm1ISO":"ES-MD","parentISO":"ES-MD","parentID":"ESP:ADM1:ES-MD","src_shape_id":"28895703B38142640924334"},"geometry":{"type":"Polygon","coordinates":[[[-3.733604,40.730919],[-3.732818,40.731942],[-3.733376,40.735707],[-3.736877,40.739808],[-3.740009,40.746171],[-3.743226,40.747698],[-3.749448,40.752529],[-3.750889,40.754432],[-3.760679,40.761829],[-3.76472,40.7614],[-3.768277,40.763953],[-3.77138,40.764017],[-3.775099,40.766444],[-3.780726,40.76897],[-3.784992,40.769846],[-3.788916,40.769606],[-3.790199,40.772054],[-3.799033,40.77241],[-3.805415,40.77499],[-3.80764,40.775401],[-3.811562,40.779896],[-3.812199,40.782012],[-3.815364,40.78668],[-3.813988,40.78778],[-3.815581,40.795183],[-3.81783,40.798251],[-3.821313,40.801595],[-3.827069,40.805151],[-3.828611,40.808372],[-3.828459,40.81237],[-3.829353,40.813553],[-3.838152,40.812218],[-3.838389,40.808965],[-3.834643,40.79845],[-3.830201,40.793094],[-3.830161,40.789647],[-3.828374,40.783089],[-3.828485,40.781454],[-3.826449,40.775194],[-3.825099,40.772532],[-3.822724,40.756549],[-3.82014,40.749728],[-3.820082,40.745507],[-3.818357,40.738541],[-3.814929,40.739198],[-3.813032,40.7336],[-3.807821,40.723844],[-3.807156,40.720759],[-3.801606,40.715874],[-3.800586,40.711173],[-3.798593,40.710202],[-3.789196,40.709495],[-3.782806,40.704533],[-3.778849,40.705145],[-3.771388,40.70471],[-3.769225,40.710969],[-3.766905,40.712368],[-3.750193,40.724111],[-3.735157,40.73204],[-3.733604,40.730919]]]}},
{"type":"Feature","id":"ESP:ADM3:ES-MD.talamanca-de-jarama","properties":{"shapeName":"Talamanca de Jarama","shapeISO":"","shapeGroup":"ESP","shapeType":"ADM3","adm1ISO":"ES-MD","parentISO":"ES-MD","parentID":"ESP:ADM1:ES-MD","src_shape_id":"28895703B47068583299727"},"geometry":{"type":"Polygon","coordinates":[[[-3.438578,40.735027],[-3.443614,40.724221],[-3.446098,40.722876],[-3.448971,40.730004],[-3.448738,40.73296],[-3.450416,40.734887],[-3.45127,40.738126],[-3.453325,40.743073],[-3.455716,40.744515],[-3.458549,40.744825],[-3.463567,40.744027],[-3.466056,40.745751],[-3.469604,40.7444],[-3.474953,40.744662],[-3.474631,40.746096],[-3.48051,40.746946],[-3.482313,40.750433],[-3.485649,40.752987],[-3.484604,40.75421],[-3.488141,40.757346],[-3.487611,40.759422],[-3.485135,40.760422],[-3.484819,40.763277],[-3.486895,40.764868],[-3.489486,40.765171],[-3.488347,40.767514],[-3.491125,40.767775],[-3.494789,40.764894],[-3.49885,40.764738],[-3.501714,40.767635],[-3.503858,40.77124],[-3.504085,40.775605],[-3.506824,40.776805],[-3.506778,40.779392],[-3.501264,40.779988],[-3.501077,40.785687],[-3.498145,40.788814],[-3.503226,40.788043],[-3.50601,40.78933],[-3.511572,40.788496],[-3.509885,40.78766],[-3.508789,40.782069],[-3.511875,40.779],[-3.513157,40.776497],[-3.519186,40.77014],[-3.520199,40.767716],[-3.524586,40.763184],[-3.525047,40.761418],[-3.529582,40.762194],[-3.532364,40.761671],[-3.538192,40.759111],[-3.540128,40.757602],[-3.539734,40.755664],[-3.54167,40.753425],[-3.537345,40.750669],[-3.533484,40.749669],[-3.53504,40.74638],[-3.536838,40.746498],[-3.539367,40.743867],[-3.536282,40.740719],[-3.541087,40.735235],[-3.543967,40.735035],[-3.543183,40.734041],[-3.538412,40.733096],[-3.534812,40.734194],[-3.530752,40.734408],[-3.525873,40.732534],[-3.521334,40.728233],[-3.518531,40.724257],[-3.514454,40.723574],[-3.503993,40.719332],[-3.499694,40.716721],[-3.497348,40.71403],[-3.490921,40.712549],[-3.487451,40.710795],[-3.483805,40.710097],[-3.480239,40.710255],[-3.476048,40.707888],[-3.470032,40.706776],[-3.470673,40.704561],[-3.472515,40.703852],[-3.473602,40.697175],[-3.4752,40.693783],[-3.474561,40.692538],[-3.469873,40.692303],[-3.468553,40.689937],[-3.468334,40.692978],[-3.464861,40.692432],[-3.462359,40.693118],[-3.46331,40.698099],[-3.460839,40.698167],[-3.460066,40.703487],[-3.456103,40.703926],[-3.454427,40.70913],[-3.452785,40.709104],[-3.442854,40.719334],[-3.437191,40.72289],[-3.435066,40.727696],[-3.434539,40.732159],[-3.438578,40.735027]]]}},
{"type":"Feature","id":"ESP:ADM3:ES-MD.tielmes","properties":{"shapeName":"Tielmes","shapeISO":"","shapeGroup":"ESP","shapeType":"ADM3","adm1ISO":"ES-MD","parentISO":"ES-MD","parentID":"ESP:ADM1:ES-MD","src_shape_id":"28895703B31054953857063"},"geometry":{"type":"Polygon","coordinates":[[[-3.284897,40.262311],[-3.29714,40.260467],[-3.306301,40.260287],[-3.307936,40.261035],[-3.313822,40.260449],[-3.320952,40.260313],[-3.333912,40.264221],[-3.333906,40.26291],[-3.336845,40.254922],[-3.335638,40.252656],[-3.335686,40.242127],[-3.33415,40.238779],[-3.323228,40.229728],[-3.322918,40.227619],[-3.320193,40.22541],[-3.310053,40.218514],[-3.309816,40.214488],[-3.307083,40.211537],[-3.30672,40.209401],[-3.309537,40.202878],[-3.307505,40.19993],[-3.297981,40.190527],[-3.291929,40.196647],[-3.284293,40.202891],[-3.28151,40.206988],[-3.278855,40.209622],[-3.276429,40.210621],[-3.270434,40.214779],[-3.272671,40.220362],[-3.276237,40.231714],[-3.27837,40.233773],[-3.279344,40.247564],[-3.284317,40.251042],[-3.282995,40.255685],[-3.283552,40.261168],[-3.284897,40.262311]]]}},
{"type":"Feature","id":"ESP:ADM3:ES-MD.titulcia","properties":{"shapeName":"Titulcia","shapeISO":"","shapeGroup":"ESP","shapeType":"ADM3","adm1ISO":"ES-MD","parentISO":"ES-MD","parentID":"ESP:ADM1:ES-MD","src_shape_id":"28895703B85842239382930"},"geometry":{"type":"Polygon","coordinates":[[[-3.557585,40.125239],[-3.556134,40.132908],[-3.555921,40.136362],[-3.552902,40.138736],[-3.550887,40.142108],[-3.535622,40.149075],[-3.538044,40.149035],[-3.542258,40.151481],[-3.544093,40.155645],[-3.545992,40.157427],[-3.544681,40.165957],[-3.547366,40.168844],[-3.556308,40.171246],[-3.560023,40.17059],[-3.561956,40.171128],[-3.56392,40.168814],[-3.56361,40.160514],[-3.563863,40.156317],[-3.565822,40.154595],[-3.565877,40.150016],[-3.567291,40.148457],[-3.573335,40.147845],[-3.575285,40.146558],[-3.576238,40.144162],[-3.574256,40.141857],[-3.574824,40.139662],[-3.581034,40.136593],[-3.583806,40.133271],[-3.583,40.130831],[-3.583741,40.128514],[-3.580916,40.128783],[-3.578966,40.127763],[-3.578825,40.125773],[-3.575008,40.121652],[-3.570791,40.123796],[-3.561612,40.125864],[-3.557585,40.125239]]]}},
{"type":"Feature","id":"ESP:ADM3:ES-MD.torrejon-de-ardoz","properties":{"shapeName":"Torrejón de Ardoz","shapeISO":"","shapeGroup":"ESP","shapeType":"ADM3","adm1ISO":"ES-MD","parentISO":"ES-MD","parentID":"ESP:ADM1:ES-MD","src_shape_id":"28895703B52382686427467"},"geometry":{"type":"Polygon","coordinates":[[[-3.479609,40.494623],[-3.476468,40.487925],[-3.488801,40.479998],[-3.497247,40.473164],[-3.499503,40.471824],[-3.496949,40.472898],[-3.495697,40.471131],[-3.497935,40.470016],[-3.491637,40.459907],[-3.489731,40.454683],[-3.488457,40.445526],[-3.49027,40.4416],[-3.488261,40.437651],[-3.484151,40.432316],[-3.481577,40.431319],[-3.473727,40.433494],[-3.465209,40.437485],[-3.461875,40.437793],[-3.450829,40.442148],[-3.447196,40.446312],[-3.444264,40.449913],[-3.439944,40.453452],[-3.436521,40.457243],[-3.431128,40.461501],[-3.434042,40.466576],[-3.429314,40.468788],[-3.429239,40.471489],[-3.426046,40.472094],[-3.427962,40.478404],[-3.429186,40.480416],[-3.428874,40.483045],[-3.431252,40.48983],[-3.428801,40.491718],[-3.429403,40.497666],[-3.429549,40.506472],[-3.428923,40.510915],[-3.435093,40.508906],[-3.441927,40.506295],[-3.444579,40.506019],[-3.452815,40.502643],[-3.457098,40.499288],[-3.464639,40.495362],[-3.467669,40.493182],[-3.47435,40.494728],[-3.479609,40.494623]]]}},
{"type":"Feature","id":"ESP:ADM3:ES-MD.torrejon-de-la-calzada","properties":{"shapeName":"Torrejón de la Calzada","shapeISO":"","shapeGroup":"ESP","shapeType":"ADM3","adm1ISO":"ES-MD","parentISO":"ES-MD","parentID":"ESP:ADM1:ES-MD","src_shape_id":"28895703B43960269068123"},"geometry":{"type":"Polygon","coordinates":[[[-3.806174,40.177167],[-3.800038,40.175399],[-3.797805,40.179926],[-3.799956,40.180358],[-3.797517,40.186682],[-3.794677,40.19013],[-3.79134,40.189885],[-3.790285,40.195211],[-3.785942,40.195107],[-3.785848,40.196771],[-3.783191,40.197278],[-3.783579,40.201799],[-3.781612,40.203579],[-3.778151,40.203056],[-3.779893,40.209484],[-3.78081,40.212645],[-3.784417,40.213571],[-3.785615,40.215813],[-3.791486,40.217337],[-3.789548,40.2219],[-3.793009,40.222656],[-3.795893,40.221963],[-3.799706,40.222866],[-3.803364,40.220002],[-3.806285,40.215934],[-3.81525,40.210326],[-3.8211,40.205162],[-3.81377,40.203617],[-3.813711,40.200971],[-3.812119,40.197231],[-3.812477,40.195445],[-3.80775,40.195046],[-3.808812,40.189285],[-3.803975,40.18882],[-3.805699,40.182591],[-3.806174,40.177167]]]}},
{"type":"Feature","id":"ESP:ADM3:ES-MD.torrejon-de-velasco","properties":{"shapeName":"Torrejón de Velasco","shapeISO":"","shapeGroup":"ESP","shapeType":"ADM3","adm1ISO":"ES-MD","parentISO":"ES-MD","parentID":"ESP:ADM1:ES-MD","src_shape_id":"28895703B46390389336933"},"geometry":{"type":"Polygon","coordinates":[[[-3.779893,40.209484],[-3.778151,40.203056],[-3.781612,40.203579],[-3.783579,40.201799],[-3.783191,40.197278],[-3.785848,40.196771],[-3.785942,40.195107],[-3.790285,40.195211],[-3.79134,40.189885],[-3.794677,40.19013],[-3.797517,40.186682],[-3.799956,40.180358],[-3.797805,40.179926],[-3.800038,40.175399],[-3.799526,40.174194],[-3.792514,40.168163],[-3.784554,40.162813],[-3.779104,40.15625],[-3.77859,40.14903],[-3.775918,40.144376],[-3.77168,40.141778],[-3.771433,40.139778],[-3.762245,40.137305],[-3.753907,40.133951],[-3.746259,40.132163],[-3.742063,40.134127],[-3.739776,40.135211],[-3.735669,40.139152],[-3.729886,40.143867],[-3.722216,40.147713],[-3.718111,40.146356],[-3.713817,40.146521],[-3.711368,40.150046],[-3.706808,40.153647],[-3.700795,40.159299],[-3.699666,40.165384],[-3.704423,40.171344],[-3.708949,40.178999],[-3.703551,40.188029],[-3.702489,40.193864],[-3.7,40.19893],[-3.704003,40.201582],[-3.709728,40.20391],[-3.723972,40.208471],[-3.733447,40.211063],[-3.736915,40.211182],[-3.739249,40.205026],[-3.744931,40.200916],[-3.747648,40.203051],[-3.752522,40.208154],[-3.756467,40.210585],[-3.759159,40.207251],[-3.761417,40.207834],[-3.765173,40.206829],[-3.769521,40.207471],[-3.774226,40.209808],[-3.775467,40.208478],[-3.779893,40.209484]]]}},
{"type":"Feature","id":"ESP:ADM3:ES-MD.torrelaguna","properties":{"shapeName":"Torrelaguna","shapeISO":"","shapeGroup":"ESP","shapeType":"ADM3","adm1ISO":"ES-MD","parentISO":"ES-MD","parentID":"ESP:ADM1:ES-MD","src_shape_id":"28895703B30561924211313"},"geometry":{"type":"Polygon","coordinates":[[[-3.571011,40.850992],[-3.576548,40.848519],[-3.584548,40.847299],[-3.599251,40.845834],[-3.604707,40.84218],[-3.601915,40.838365],[-3.598936,40.835807],[-3.595919,40.831256],[-3.593989,40.829433],[-3.587098,40.833955],[-3.579847,40.831567],[-3.578467,40.827594],[-3.577453,40.822114],[-3.572689,40.820925],[-3.576315,40.80955],[-3.576196,40.807523],[-3.577892,40.802444],[-3.578081,40.79805],[-3.575402,40.794133],[-3.574006,40.790905],[-3.565846,40.790148],[-3.561144,40.790681],[-3.557699,40.79198],[-3.552355,40.789751],[-3.550287,40.790383],[-3.545023,40.789213],[-3.537541,40.788636],[-3.533283,40.78982],[-3.532201,40.787978],[-3.529508,40.788743],[-3.523699,40.787506],[-3.512623,40.788851],[-3.511572,40.788496],[-3.509273,40.790533],[-3.504273,40.789213],[-3.502744,40.790965],[-3.503327,40.79533],[-3.502204,40.797635],[-3.504073,40.797737],[-3.511983,40.800904],[-3.514333,40.80373],[-3.512799,40.805889],[-3.512424,40.810163],[-3.511425,40.813],[-3.505835,40.816104],[-3.505706,40.818559],[-3.511694,40.822701],[-3.51161,40.825067],[-3.513879,40.833568],[-3.511905,40.834569],[-3.512063,40.838828],[-3.514591,40.841023],[-3.521158,40.844578],[-3.524023,40.848396],[-3.528577,40.852541],[-3.534533,40.8608],[-3.536535,40.862448],[-3.539829,40.862953],[-3.544005,40.85805],[-3.546674,40.856199],[-3.550134,40.857642],[-3.55486,40.858535],[-3.571011,40.850992]]]}},
{"type":"Feature","id":"ESP:ADM3:ES-MD.torrelodones","properties":{"shapeName":"Torrelodones","shapeISO":"","shapeGroup":"ESP","shapeType":"ADM3","adm1ISO":"ES-MD","parentISO":"ES-MD","parentID":"ESP:ADM1:ES-MD","src_shape_id":"28895703B2064289760160"},"geometry":{"type":"Polygon","coordinates":[[[-3.945326,40.551349],[-3.942324,40.547949],[-3.939714,40.548941],[-3.936685,40.548389],[-3.930299,40.553857],[-3.932025,40.557079],[-3.930731,40.557812],[-3.92327,40.558336],[-3.919874,40.557629],[-3.911457,40.562213],[-3.908843,40.564668],[-3.905297,40.563437],[-3.898447,40.567083],[-3.895631,40.567637],[-3.894034,40.569906],[-3.890483,40.572651],[-3.885577,40.574456],[-3.883832,40.578987],[-3.883686,40.585277],[-3.885606,40.586791],[-3.89011,40.588126],[-3.897619,40.588608],[-3.903394,40.589416],[-3.9119,40.591741],[-3.916014,40.59223],[-3.918661,40.593548],[-3.923779,40.593401],[-3.934542,40.595441],[-3.941186,40.595408],[-3.947895,40.596054],[-3.953065,40.597438],[-3.951221,40.595499],[-3.953039,40.592688],[-3.954586,40.58843],[-3.959594,40.57685],[-3.957623,40.573105],[-3.956414,40.567661],[-3.957978,40.564514],[-3.956617,40.562098],[-3.95418,40.561172],[-3.954326,40.557979],[-3.949774,40.56027],[-3.947519,40.559225],[-3.945845,40.55586],[-3.945326,40.551349]]]}},
{"type":"Feature","id":"ESP:ADM3:ES-MD.torremocha-de-jarama","properties":{"shapeName":"Torremocha de Jarama","shapeISO":"","shapeGroup":"ESP","shapeType":"ADM3","adm1ISO":"ES-MD","parentISO":"ES-MD","parentID":"ESP:ADM1:ES-MD","src_shape_id":"28895703B65147635416764"},"geometry":{"type":"Polygon","coordinates":[[[-3.536535,40.862448],[-3.534533,40.8608],[-3.528577,40.852541],[-3.524023,40.848396],[-3.521158,40.844578],[-3.514591,40.841023],[-3.512063,40.838828],[-3.511905,40.834569],[-3.513879,40.833568],[-3.51161,40.825067],[-3.511694,40.822701],[-3.505706,40.818559],[-3.505835,40.816104],[-3.511425,40.813],[-3.512424,40.810163],[-3.512799,40.805889],[-3.514333,40.80373],[-3.511983,40.800904],[-3.504073,40.797737],[-3.502204,40.797635],[-3.499071,40.798782],[-3.495389,40.7967],[-3.491523,40.799012],[-3.492182,40.802227],[-3.491237,40.808113],[-3.482136,40.815487],[-3.482099,40.81946],[-3.478563,40.821837],[-3.476756,40.825413],[-3.476573,40.830227],[-3.477187,40.833456],[-3.479352,40.836612],[-3.47834,40.83887],[-3.470564,40.841769],[-3.47057,40.845067],[-3.475822,40.849917],[-3.475071,40.852184],[-3.470238,40.852063],[-3.47349,40.853971],[-3.478244,40.855169],[-3.486858,40.850848],[-3.49874,40.851767],[-3.500673,40.850171],[-3.507944,40.846219],[-3.509852,40.849878],[-3.514573,40.852362],[-3.514702,40.854837],[-3.516192,40.857157],[-3.515019,40.859121],[-3.517609,40.862395],[-3.518732,40.86203],[-3.520752,40.867357],[-3.525145,40.872074],[-3.524743,40.876125],[-3.528193,40.869458],[-3.535026,40.865312],[-3.536535,40.862448]]]}},
{"type":"Feature","id":"ESP:ADM3:ES-MD.torres-de-la-alameda","properties":{"shapeName":"Torres de la Alameda","shapeISO":"","shapeGroup":"ESP","shapeType":"ADM3","adm1ISO":"ES-MD","parentISO":"ES-MD","parentID":"ESP:ADM1:ES-MD","src_shape_id":"28895703B89126582792497"},"geometry":{"type":"Polygon","coordinates":[[[-3.42684,40.453183],[-3.42572,40.451702],[-3.423117,40.452689],[-3.419927,40.451925],[-3.418831,40.450376],[-3.418621,40.446935],[-3.420768,40.446226],[-3.422891,40.442424],[-3.417264,40.437241],[-3.414088,40.436945],[-3.413562,40.435453],[-3.414521,40.431373],[-3.413091,40.428847],[-3.410634,40.426672],[-3.411918,40.425794],[-3.407057,40.421317],[-3.405258,40.417162],[-3.402895,40.414547],[-3.400022,40.407601],[-3.392064,40.399746],[-3.38464,40.38993],[-3.380719,40.387104],[-3.378927,40.383467],[-3.371433,40.374902],[-3.365467,40.371648],[-3.362265,40.370463],[-3.360549,40.370942],[-3.35255,40.366513],[-3.347612,40.369585],[-3.341446,40.374796],[-3.337138,40.377138],[-3.332148,40.377708],[-3.326913,40.378907],[-3.319618,40.38405],[-3.321659,40.387474],[-3.32501,40.389702],[-3.322572,40.395163],[-3.320334,40.395749],[-3.315716,40.399027],[-3.312154,40.400608],[-3.317868,40.404188],[-3.322788,40.404345],[-3.326931,40.408525],[-3.328417,40.416765],[-3.330328,40.420105],[-3.332098,40.421418],[-3.331489,40.423642],[-3.336434,40.421602],[-3.339663,40.421047],[-3.351452,40.425107],[-3.363013,40.431599],[-3.369164,40.435324],[-3.3893,40.446348],[-3.406261,40.450723],[-3.408735,40.453457],[-3.414012,40.456294],[-3.419751,40.45461],[-3.423905,40.456101],[-3.42684,40.453183]]]}},
{"type":"Feature","id":"ESP:ADM3:ES-MD.valdaracete","properties":{"shapeName":"Valdaracete","shapeISO":"","shapeGroup":"ESP","shapeType":"ADM3","adm1ISO":"ES-MD","parentISO":"ES-MD","parentID":"ESP:ADM1:ES-MD","src_shape_id":"28895703B83141427613529"},"geometry":{"type":"Polygon","coordinates":[[[-3.194449,40.248037],[-3.201193,40.24444],[-3.20473,40.243604],[-3.21705,40.237873],[-3.218253,40.236386],[-3.21736,40.233081],[-3.219967,40.229559],[-3.220242,40.226248],[-3.222022,40.224354],[-3.226395,40.221693],[-3.227699,40.219907],[-3.230928,40.218319],[-3.23365,40.219191],[-3.237064,40.213886],[-3.239737,40.212862],[-3.241656,40.213921],[-3.25451,40.213231],[-3.26298,40.212472],[-3.270434,40.214779],[-3.270691,40.208218],[-3.269414,40.200828],[-3.262055,40.194919],[-3.257247,40.189766],[-3.24631,40.182437],[-3.237531,40.18005],[-3.223618,40.184837],[-3.220365,40.18096],[-3.218701,40.174346],[-3.219799,40.169059],[-3.218442,40.163905],[-3.213478,40.159645],[-3.205039,40.156323],[-3.197705,40.156141],[-3.196814,40.157212],[-3.189759,40.156732],[-3.18313,40.156913],[-3.177335,40.158861],[-3.172562,40.155229],[-3.158661,40.155578],[-3.149765,40.161526],[-3.149128,40.1628],[-3.150909,40.171324],[-3.149569,40.174383],[-3.151355,40.17905],[-3.154015,40.182534],[-3.157529,40.185968],[-3.15449,40.192701],[-3.152144,40.19508],[-3.152584,40.197987],[-3.155065,40.200621],[-3.15887,40.20163],[-3.1626,40.210921],[-3.1596,40.217609],[-3.157702,40.219839],[-3.150904,40.222838],[-3.157417,40.227451],[-3.160716,40.229273],[-3.162488,40.231175],[-3.168671,40.2334],[-3.173397,40.23417],[-3.178401,40.236244],[-3.1816,40.242259],[-3.194449,40.248037]]]}},
{"type":"Feature","id":"ESP:ADM3:ES-MD.valdeavero","properties":{"shapeName":"Valdeavero","shapeISO":"","shapeGroup":"ESP","shapeType":"ADM3","adm1ISO":"ES-MD","parentISO":"ES-MD","parentID":"ESP:ADM1:ES-MD","src_shape_id":"28895703B44320451600730"},"geometry":{"type":"Polygon","coordinates":[[[-3.338364,40.596826],[-3.330717,40.600921],[-3.329554,40.60262],[-3.331416,40.603944],[-3.325249,40.610057],[-3.32164,40.612166],[-3.325407,40.617829],[-3.328206,40.620214],[-3.33577,40.624661],[-3.331859,40.625917],[-3.323675,40.629686],[-3.324525,40.633804],[-3.323656,40.638381],[-3.320749,40.644146],[-3.317672,40.645822],[-3.313857,40.649743],[-3.316497,40.655177],[-3.316861,40.651984],[-3.321314,40.648112],[-3.322382,40.643814],[-3.325592,40.642567],[-3.327171,40.640587],[-3.329282,40.640846],[-3.332294,40.639461],[-3.33575,40.639901],[-3.338884,40.636309],[-3.346782,40.638069],[-3.345073,40.641688],[-3.354228,40.644172],[-3.355686,40.645354],[-3.362154,40.645831],[-3.366318,40.648031],[-3.36534,40.650805],[-3.369758,40.647709],[-3.37255,40.648413],[-3.372732,40.64352],[-3.374684,40.641369],[-3.37909,40.639227],[-3.380295,40.635493],[-3.380257,40.632854],[-3.374156,40.634488],[-3.372259,40.635612],[-3.374845,40.638486],[-3.370632,40.639087],[-3.365564,40.638129],[-3.363582,40.633962],[-3.365479,40.6314],[-3.368876,40.631666],[-3.369376,40.627944],[-3.371729,40.625769],[-3.375324,40.622039],[-3.3744,40.620587],[-3.377126,40.617825],[-3.37359,40.615973],[-3.376098,40.613807],[-3.380897,40.611959],[-3.383596,40.609939],[-3.382185,40.608166],[-3.375894,40.606066],[-3.372819,40.607972],[-3.363434,40.603509],[-3.358154,40.602345],[-3.349956,40.602087],[-3.340983,40.596767],[-3.338364,40.596826]]]}},
{"type":"Feature","id":"ESP:ADM3:ES-MD.valdelaguna","properties":{"shapeName":"Valdelaguna","shapeISO":"","shapeGroup":"ESP","shapeType":"ADM3","adm1ISO":"ES-MD","parentISO":"ES-MD","parentID":"ESP:ADM1:ES-MD","src_shape_id":"28895703B58557779504001"},"geometry":{"type":"Polygon","coordinates":[[[-3.320356,40.177984],[-3.323508,40.18085],[-3.327898,40.182481],[-3.336169,40.187387],[-3.337533,40.187595],[-3.342042,40.193686],[-3.350868,40.198161],[-3.360544,40.198534],[-3.369924,40.199294],[-3.374115,40.202658],[-3.376087,40.205803],[-3.378528,40.207983],[-3.384928,40.211964],[-3.387017,40.217141],[-3.390984,40.218592],[-3.394509,40.219016],[-3.39572,40.216938],[-3.398639,40.215007],[-3.404016,40.208146],[-3.408246,40.206646],[-3.412394,40.204061],[-3.42093,40.201093],[-3.423033,40.196935],[-3.419318,40.193858],[-3.417356,40.189959],[-3.411856,40.18694],[-3.408114,40.186086],[-3.40515,40.182737],[-3.4032,40.178812],[-3.402129,40.173102],[-3.400389,40.170363],[-3.399927,40.167575],[-3.39693,40.162778],[-3.394465,40.157527],[-3.392683,40.151261],[-3.390879,40.149321],[-3.386563,40.140504],[-3.38502,40.135338],[-3.377702,40.133647],[-3.376434,40.135244],[-3.369662,40.138195],[-3.366222,40.140243],[-3.35841,40.14182],[-3.3532,40.144196],[-3.348661,40.14769],[-3.342547,40.149388],[-3.339661,40.150746],[-3.335142,40.156525],[-3.333258,40.159702],[-3.329025,40.164468],[-3.325698,40.170981],[-3.320356,40.177984]]]}},
{"type":"Feature","id":"ESP:ADM3:ES-MD.valdemanco","properties":{"shapeName":"Valdemanco","shapeISO":"","shapeGroup":"ESP","shapeType":"ADM3","adm1ISO":"ES-MD","parentISO":"ES-MD","parentID":"ESP:ADM1:ES-MD","src_shape_id":"28895703B37962418359058"},"geometry":{"type":"Polygon","coordinates":[[[-3.67113,40.833476],[-3.661116,40.832531],[-3.652957,40.83351],[-3.650924,40.835195],[-3.65006,40.838242],[-3.651289,40.84222],[-3.648592,40.846108],[-3.644874,40.848701],[-3.642808,40.85181],[-3.643074,40.856608],[-3.643894,40.858747],[-3.645321,40.866744],[-3.647635,40.870201],[-3.647873,40.876056],[-3.650423,40.879747],[-3.65625,40.884849],[-3.663396,40.889407],[-3.66909,40.890438],[-3.67533,40.892196],[-3.677674,40.888018],[-3.68099,40.885429],[-3.691508,40.880996],[-3.693987,40.880447],[-3.689868,40.873926],[-3.684504,40.869731],[-3.683349,40.867425],[-3.683354,40.86291],[-3.681169,40.858274],[-3.678681,40.857837],[-3.68082,40.851588],[-3.680327,40.848328],[-3.676571,40.842643],[-3.676406,40.838988],[-3.67113,40.833476]]]}},
{"type":"Feature","id":"ESP:ADM3:ES-MD.valdemaqueda","properties":{"shapeName":"Valdemaqueda","shapeISO":"","shapeGroup":"ESP","shapeType":"ADM3","adm1ISO":"ES-MD","parentISO":"ES-MD","parentID":"ESP:ADM1:ES-MD","src_shape_id":"28895703B74714267848945"},"geometry":{"type":"Polygon","coordinates":[[[-4.26177,40.531149],[-4.261641,40.53297],[-4.263818,40.535909],[-4.267922,40.538192],[-4.267863,40.540124],[-4.270664,40.540143],[-4.27028,40.542511],[-4.267995,40.543076],[-4.259698,40.542035],[-4.256941,40.546466],[-4.260062,40.548868],[-4.266034,40.548252],[-4.268973,40.552098],[-4.267964,40.554618],[-4.270748,40.557113],[-4.270952,40.561796],[-4.273652,40.561481],[-4.274329,40.563349],[-4.280449,40.562256],[-4.286311,40.565223],[-4.289262,40.564194],[-4.293083,40.562644],[-4.297085,40.562536],[-4.306171,40.558498],[-4.311253,40.556962],[-4.312637,40.554054],[-4.316854,40.553251],[-4.323704,40.549582],[-4.324101,40.547685],[-4.323603,40.545037],[-4.323974,40.540502],[-4.328204,40.533595],[-4.320365,40.531549],[-4.321442,40.523204],[-4.320897,40.519875],[-4.32198,40.517252],[-4.323799,40.513027],[-4.327465,40.5094],[-4.327346,40.507115],[-4.324386,40.506689],[-4.324527,40.504381],[-4.322572,40.501428],[-4.324638,40.498857],[-4.325034,40.492522],[-4.324223,40.491559],[-4.324449,40.485144],[-4.323423,40.481366],[-4.324087,40.479145],[-4.323156,40.475846],[-4.321605,40.474724],[-4.32017,40.469669],[-4.317139,40.469172],[-4.318612,40.466508],[-4.315679,40.464766],[-4.320039,40.462511],[-4.318128,40.460275],[-4.320441,40.45853],[-4.322257,40.460206],[-4.325298,40.459998],[-4.326057,40.457506],[-4.320565,40.455861],[-4.319663,40.452093],[-4.322895,40.449345],[-4.326266,40.449423],[-4.329525,40.448301],[-4.330456,40.444747],[-4.335073,40.44356],[-4.331813,40.441708],[-4.334723,40.439774],[-4.338479,40.439587],[-4.340644,40.437361],[-4.339454,40.435566],[-4.339159,40.431893],[-4.323286,40.436086],[-4.318807,40.439616],[-4.314616,40.439071],[-4.299079,40.442682],[-4.29354,40.446055],[-4.291013,40.453696],[-4.291789,40.460258],[-4.289023,40.472188],[-4.289297,40.473677],[-4.287366,40.480323],[-4.288035,40.485794],[-4.2854,40.489826],[-4.287644,40.490025],[-4.28772,40.492796],[-4.285123,40.494186],[-4.280929,40.494341],[-4.28136,40.497645],[-4.283567,40.502001],[-4.28313,40.502945],[-4.275109,40.503401],[-4.27711,40.505989],[-4.273505,40.506778],[-4.271189,40.509229],[-4.26885,40.509154],[-4.264643,40.512936],[-4.270353,40.516835],[-4.268563,40.518782],[-4.265002,40.51725],[-4.264176,40.518328],[-4.26601,40.520981],[-4.263685,40.522892],[-4.264509,40.524987],[-4.264246,40.529673],[-4.26177,40.531149]]]}},
{"type":"Feature","id":"ESP:ADM3:ES-MD.valdemorillo","properties":{"shapeName":"Valdemorillo","shapeISO":"","shapeGroup":"ESP","shapeType":"ADM3","adm1ISO":"ES-MD","parentISO":"ES-MD","parentID":"ESP:ADM1:ES-MD","src_shape_id":"28895703B27480974425000"},"geometry":{"type":"Polygon","coordinates":[[[-4.047298,40.570686],[-4.055244,40.570966],[-4.060694,40.572212],[-4.070248,40.568715],[-4.078926,40.567516],[-4.08139,40.56448],[-4.086758,40.561102],[-4.086986,40.559393],[-4.091672,40.558793],[-4.093962,40.55699],[-4.097918,40.556488],[-4.10245,40.552038],[-4.104776,40.548216],[-4.103215,40.547747],[-4.106985,40.543219],[-4.11137,40.544355],[-4.118083,40.542874],[-4.120138,40.540883],[-4.124636,40.538865],[-4.124504,40.536185],[-4.131071,40.529301],[-4.130461,40.525237],[-4.127885,40.522423],[-4.125399,40.518129],[-4.124819,40.514892],[-4.122473,40.510754],[-4.122,40.507887],[-4.125368,40.504742],[-4.118384,40.498756],[-4.119669,40.493055],[-4.115295,40.488591],[-4.108709,40.486406],[-4.111278,40.481029],[-4.108446,40.481171],[-4.108062,40.479462],[-4.103924,40.477788],[-4.105549,40.476072],[-4.106128,40.473346],[-4.105101,40.471122],[-4.094461,40.464846],[-4.096048,40.462071],[-4.096088,40.458844],[-4.093942,40.456777],[-4.094153,40.455041],[-4.091102,40.448708],[-4.087966,40.446243],[-4.081011,40.44401],[-4.078485,40.441168],[-4.069271,40.445703],[-4.060177,40.446897],[-4.054576,40.447222],[-4.049346,40.445824],[-4.041733,40.448702],[-4.043431,40.452882],[-4.043311,40.456111],[-4.041618,40.4565],[-4.039412,40.459236],[-4.035253,40.459413],[-4.034144,40.458061],[-4.027818,40.459676],[-4.027449,40.461268],[-4.024104,40.463328],[-4.021334,40.46702],[-4.014783,40.470775],[-4.010009,40.471694],[-4.009336,40.470936],[-4.00282,40.47283],[-3.998461,40.472245],[-3.993238,40.472458],[-3.992103,40.474581],[-3.995122,40.477981],[-3.999155,40.480317],[-4.001104,40.485624],[-4.006614,40.487574],[-4.00542,40.489558],[-4.008764,40.491521],[-4.013047,40.49134],[-4.016226,40.49547],[-4.019141,40.495885],[-4.017698,40.498861],[-4.017624,40.503965],[-4.021721,40.509729],[-4.02159,40.513536],[-4.024063,40.517583],[-4.026519,40.518165],[-4.026169,40.522599],[-4.028992,40.525451],[-4.028319,40.527505],[-4.031642,40.529394],[-4.035484,40.529959],[-4.035673,40.533211],[-4.038293,40.535446],[-4.041271,40.536165],[-4.04608,40.535575],[-4.05341,40.536782],[-4.054298,40.539219],[-4.051305,40.546847],[-4.051138,40.549403],[-4.048973,40.555452],[-4.047298,40.570686]]]}},
{"type":"Feature","id":"ESP:ADM3:ES-MD.valdemoro","properties":{"shapeName":"Valdemoro","shapeISO":"","shapeGroup":"ESP","shapeType":"ADM3","adm1ISO":"ES-MD","parentISO":"ES-MD","parentID":"ESP:ADM1:ES-MD","src_shape_id":"28895703B99975430433261"},"geometry":{"type":"Polygon","coordinates":[[[-3.591564,40.196366],[-3.594249,40.201942],[-3.605059,40.203913],[-3.607024,40.205926],[-3.613137,40.208628],[-3.6148,40.210543],[-3.617516,40.21168],[-3.622168,40.218402],[-3.626587,40.221248],[-3.630706,40.223125],[-3.63466,40.223716],[-3.642875,40.22835],[-3.643641,40.229663],[-3.650099,40.225925],[-3.657299,40.22285],[-3.662317,40.221117],[-3.66795,40.219933],[-3.673583,40.2195],[-3.676412,40.219838],[-3.681658,40.21616],[-3.692217,40.21121],[-3.698107,40.20264],[-3.7,40.19893],[-3.702489,40.193864],[-3.703551,40.188029],[-3.708949,40.178999],[-3.704423,40.171344],[-3.699666,40.165384],[-3.700795,40.159299],[-3.706808,40.153647],[-3.711368,40.150046],[-3.713817,40.146521],[-3.718111,40.146356],[-3.712147,40.142669],[-3.712914,40.141696],[-3.709088,40.140658],[-3.702933,40.137101],[-3.691504,40.132757],[-3.686926,40.132988],[-3.683724,40.13227],[-3.681498,40.135346],[-3.679024,40.136655],[-3.677894,40.139163],[-3.667313,40.143291],[-3.659896,40.143802],[-3.65481,40.151106],[-3.653963,40.154384],[-3.651815,40.156985],[-3.643383,40.161711],[-3.642051,40.16338],[-3.637757,40.16526],[-3.635444,40.17008],[-3.639574,40.169823],[-3.646497,40.174708],[-3.646535,40.175893],[-3.642507,40.17703],[-3.640164,40.176874],[-3.636551,40.178207],[-3.635424,40.177294],[-3.628304,40.175081],[-3.61654,40.168126],[-3.610361,40.1625],[-3.608198,40.159944],[-3.605012,40.160357],[-3.602847,40.161657],[-3.601432,40.166353],[-3.601632,40.169039],[-3.594748,40.18531],[-3.594628,40.18701],[-3.591564,40.196366]]]}},
{"type":"Feature","id":"ESP:ADM3:ES-MD.valdeolmos-alalpardo","properties":{"shapeName":"Valdeolmos-Alalpardo","shapeISO":"","shapeGroup":"ESP","shapeType":"ADM3","adm1ISO":"ES-MD","parentISO":"ES-MD","parentID":"ESP:ADM1:ES-MD","src_shape_id":"28895703B11860833596774"},"geometry":{"type":"Polygon","coordinates":[[[-3.453902,40.60727],[-3.445339,40.616537],[-3.44213,40.617532],[-3.442862,40.620048],[-3.438936,40.622471],[-3.438487,40.625895],[-3.434529,40.626665],[-3.43252,40.627954],[-3.427489,40.633478],[-3.427847,40.634821],[-3.42496,40.639238],[-3.422244,40.64062],[-3.420273,40.645845],[-3.425583,40.646678],[-3.434012,40.645932],[-3.43321,40.650021],[-3.436221,40.651573],[-3.437303,40.648786],[-3.440657,40.652266],[-3.444973,40.653792],[-3.44873,40.653265],[-3.447526,40.655833],[-3.450587,40.657524],[-3.452806,40.660902],[-3.464746,40.662765],[-3.465376,40.666299],[-3.467406,40.666531],[-3.476653,40.664838],[-3.481203,40.665893],[-3.48268,40.670407],[-3.482793,40.667953],[-3.48118,40.66428],[-3.48282,40.661512],[-3.486489,40.66003],[-3.487887,40.657769],[-3.487906,40.65204],[-3.489442,40.644],[-3.488446,40.640378],[-3.491349,40.635337],[-3.489459,40.63228],[-3.49142,40.628345],[-3.490662,40.62506],[-3.485842,40.625951],[-3.485292,40.623219],[-3.487906,40.620367],[-3.485547,40.616592],[-3.482743,40.616418],[-3.479623,40.61409],[-3.476151,40.608988],[-3.475831,40.604737],[-3.463367,40.607668],[-3.46199,40.606666],[-3.455832,40.606237],[-3.453902,40.60727]]]}},
{"type":"Feature","id":"ESP:ADM3:ES-MD.valdepielagos","properties":{"shapeName":"Valdepiélagos","shapeISO":"","shapeGroup":"ESP","shapeType":"ADM3","adm1ISO":"ES-MD","parentISO":"ES-MD","parentID":"ESP:ADM1:ES-MD","src_shape_id":"28895703B84617797906048"},"geometry":{"type":"MultiPolygon","coordinates":[[[[-3.448738,40.73296],[-3.448971,40.730004],[-3.446098,40.722876],[-3.443614,40.724221],[-3.438578,40.735027],[-3.441882,40.737728],[-3.446226,40.734247],[-3.448738,40.73296]]],[[[-3.446833,40.763301],[-3.446806,40.766447],[-3.450024,40.771653],[-3.457877,40.778493],[-3.46024,40.781418],[-3.467761,40.784309],[-3.474203,40.785044],[-3.475341,40.784579],[-3.482227,40.785242],[-3.48611,40.785011],[-3.487605,40.785863],[-3.494456,40.787398],[-3.498145,40.788814],[-3.501077,40.785687],[-3.501264,40.779988],[-3.506778,40.779392],[-3.506824,40.776805],[-3.504085,40.775605],[-3.503858,40.77124],[-3.501714,40.767635],[-3.49885,40.764738],[-3.494789,40.764894],[-3.491125,40.767775],[-3.488347,40.767514],[-3.489486,40.765171],[-3.486895,40.764868],[-3.484819,40.763277],[-3.485135,40.760422],[-3.487611,40.759422],[-3.488141,40.757346],[-3.484604,40.75421],[-3.485649,40.752987],[-3.482313,40.750433],[-3.48051,40.746946],[-3.474631,40.746096],[-3.474953,40.744662],[-3.469604,40.7444],[-3.466056,40.745751],[-3.463567,40.744027],[-3.458549,40.744825],[-3.455716,40.744515],[-3.453325,40.743073],[-3.45127,40.738126],[-3.45012,40.7411],[-3.446967,40.741357],[-3.446218,40.745114],[-3.444742,40.747987],[-3.444769,40.752029],[-3.443773,40.754698],[-3.444449,40.757528],[-3.443939,40.760251],[-3.446833,40.763301]]]]}},
{"type":"Feature","id":"ESP:ADM3:ES-MD.valdetorres-de-jarama","properties":{"shapeName":"Valdetorres de Jarama","shapeISO":"","shapeGroup":"ESP","shapeType":"ADM3","adm1ISO":"ES-MD","parentISO":"ES-MD","parentID":"ESP:ADM1:ES-MD","src_shape_id":"28895703B58701390821696"},"geometry":{"type":"Polygon","coordinates":[[[-3.482793,40.667953],[-3.48268,40.670407],[-3.473976,40.668876],[-3.468253,40.669197],[-3.464994,40.674166],[-3.465995,40.678887],[-3.462344,40.681581],[-3.460228,40.682122],[-3.46366,40.687149],[-3.466959,40.68749],[-3.468553,40.689937],[-3.469873,40.692303],[-3.474561,40.692538],[-3.4752,40.693783],[-3.473602,40.697175],[-3.472515,40.703852],[-3.470673,40.704561],[-3.470032,40.706776],[-3.476048,40.707888],[-3.480239,40.710255],[-3.483805,40.710097],[-3.487451,40.710795],[-3.490921,40.712549],[-3.497348,40.71403],[-3.499694,40.716721],[-3.503993,40.719332],[-3.514454,40.723574],[-3.518531,40.724257],[-3.521334,40.728233],[-3.525873,40.732534],[-3.525291,40.729308],[-3.527078,40.724205],[-3.526049,40.720899],[-3.528457,40.715816],[-3.528759,40.713507],[-3.533052,40.709892],[-3.534174,40.707824],[-3.533939,40.705159],[-3.536539,40.703891],[-3.544264,40.69754],[-3.543993,40.691857],[-3.551922,40.690261],[-3.55559,40.682729],[-3.553778,40.681696],[-3.553928,40.674046],[-3.55564,40.6678],[-3.554272,40.66492],[-3.556744,40.660951],[-3.548353,40.660392],[-3.546337,40.661772],[-3.542663,40.660814],[-3.540284,40.661178],[-3.53264,40.664219],[-3.532354,40.666083],[-3.52725,40.667926],[-3.525234,40.670375],[-3.516774,40.671776],[-3.508489,40.670754],[-3.496929,40.670956],[-3.492282,40.670293],[-3.491162,40.669067],[-3.486544,40.669046],[-3.482793,40.667953]]]}},
{"type":"Feature","id":"ESP:ADM3:ES-MD.valdilecha","properties":{"shapeName":"Valdilecha","shapeISO":"","shapeGroup":"ESP","shapeType":"ADM3","adm1ISO":"ES-MD","parentISO":"ES-MD","parentID":"ESP:ADM1:ES-MD","src_shape_id":"28895703B46569731787495"},"geometry":{"type":"Polygon","coordinates":[[[-3.348381,40.273796],[-3.333912,40.264221],[-3.320952,40.260313],[-3.313822,40.260449],[-3.307936,40.261035],[-3.306301,40.260287],[-3.29714,40.260467],[-3.284897,40.262311],[-3.281676,40.266369],[-3.281587,40.271066],[-3.279061,40.278237],[-3.277508,40.280206],[-3.268261,40.294164],[-3.255888,40.300946],[-3.252134,40.303479],[-3.260323,40.310659],[-3.268226,40.318451],[-3.275707,40.32439],[-3.279154,40.327583],[-3.284917,40.331536],[-3.288196,40.332714],[-3.29063,40.331608],[-3.297593,40.330091],[-3.304706,40.329717],[-3.31286,40.328616],[-3.319567,40.324618],[-3.333721,40.315632],[-3.337975,40.304051],[-3.340046,40.296179],[-3.340933,40.289905],[-3.344541,40.281624],[-3.348381,40.273796]]]}},
{"type":"Feature","id":"ESP:ADM3:ES-MD.valverde-de-alcala","properties":{"shapeName":"Valverde de Alcalá","shapeISO":"","shapeGroup":"ESP","shapeType":"ADM3","adm1ISO":"ES-MD","parentISO":"ES-MD","parentID":"ESP:ADM1:ES-MD","src_shape_id":"28895703B70594957036890"},"geometry":{"type":"Polygon","coordinates":[[[-3.28789,40.418144],[-3.291736,40.419786],[-3.291999,40.422349],[-3.294062,40.424143],[-3.297825,40.424788],[-3.319229,40.422177],[-3.327935,40.423729],[-3.329273,40.425954],[-3.331489,40.423642],[-3.332098,40.421418],[-3.330328,40.420105],[-3.328417,40.416765],[-3.326931,40.408525],[-3.322788,40.404345],[-3.317868,40.404188],[-3.312154,40.400608],[-3.30979,40.398547],[-3.31121,40.394029],[-3.307226,40.387526],[-3.305392,40.38593],[-3.300219,40.385809],[-3.291488,40.383957],[-3.286923,40.382435],[-3.273743,40.380519],[-3.276226,40.384476],[-3.277831,40.388556],[-3.278569,40.394412],[-3.279927,40.40159],[-3.279805,40.405067],[-3.28331,40.409705],[-3.28489,40.410562],[-3.288083,40.415336],[-3.28789,40.418144]]]}},
{"type":"Feature","id":"ESP:ADM3:ES-MD.velilla-de-san-antonio","properties":{"shapeName":"Velilla de San Antonio","shapeISO":"","shapeGroup":"ESP","shapeType":"ADM3","adm1ISO":"ES-MD","parentISO":"ES-MD","parentID":"ESP:ADM1:ES-MD","src_shape_id":"28895703B28717188618366"},"geometry":{"type":"Polygon","coordinates":[[[-3.453475,40.343264],[-3.452933,40.352822],[-3.451295,40.354938],[-3.451505,40.35783],[-3.454755,40.361752],[-3.455843,40.366559],[-3.458489,40.372977],[-3.459648,40.380225],[-3.464214,40.383362],[-3.462301,40.385034],[-3.463163,40.387028],[-3.465822,40.388492],[-3.466415,40.38709],[-3.474245,40.382025],[-3.478163,40.380658],[-3.489017,40.378075],[-3.491367,40.378337],[-3.500293,40.377966],[-3.504559,40.373571],[-3.506462,40.372498],[-3.510531,40.37261],[-3.511858,40.370033],[-3.508618,40.364576],[-3.507134,40.360648],[-3.504502,40.358252],[-3.502301,40.358451],[-3.499922,40.360318],[-3.497834,40.363293],[-3.495104,40.363599],[-3.49114,40.361689],[-3.484188,40.36127],[-3.483222,40.359448],[-3.484326,40.354303],[-3.484308,40.350735],[-3.48221,40.349796],[-3.479255,40.350428],[-3.477109,40.349532],[-3.475188,40.344142],[-3.471602,40.338111],[-3.46096,40.341865],[-3.453475,40.343264]]]}},
{"type":"Feature","id":"ESP:ADM3:ES-MD.el-vellon","properties":{"shapeName":"El Vellón","shapeISO":"","shapeGroup":"ESP","shapeType":"ADM3","adm1ISO":"ES-MD","parentISO":"ES-MD","parentID":"ESP:ADM1:ES-MD","src_shape_id":"28895703B14425180168635"},"geometry":{"type":"Polygon","coordinates":[[[-3.608561,40.779662],[-3.604448,40.776373],[-3.604077,40.773032],[-3.598286,40.757956],[-3.59383,40.750557],[-3.591215,40.749018],[-3.587162,40.748245],[-3.58491,40.750011],[-3.582127,40.750407],[-3.574363,40.748855],[-3.572081,40.745147],[-3.558569,40.74268],[-3.554562,40.738008],[-3.550673,40.737295],[-3.547206,40.734617],[-3.543967,40.735035],[-3.541087,40.735235],[-3.536282,40.740719],[-3.539367,40.743867],[-3.536838,40.746498],[-3.53504,40.74638],[-3.533484,40.749669],[-3.537345,40.750669],[-3.54167,40.753425],[-3.539734,40.755664],[-3.540128,40.757602],[-3.538192,40.759111],[-3.532364,40.761671],[-3.529582,40.762194],[-3.525047,40.761418],[-3.524586,40.763184],[-3.520199,40.767716],[-3.519186,40.77014],[-3.513157,40.776497],[-3.511875,40.779],[-3.508789,40.782069],[-3.509885,40.78766],[-3.511572,40.788496],[-3.512623,40.788851],[-3.523699,40.787506],[-3.529508,40.788743],[-3.532201,40.787978],[-3.533283,40.78982],[-3.537541,40.788636],[-3.545023,40.789213],[-3.550287,40.790383],[-3.552355,40.789751],[-3.557699,40.79198],[-3.561144,40.790681],[-3.565846,40.790148],[-3.574006,40.790905],[-3.576361,40.790536],[-3.580103,40.791399],[-3.582338,40.789877],[-3.590681,40.78995],[-3.595865,40.790992],[-3.599548,40.790645],[-3.601896,40.78912],[-3.610229,40.785892],[-3.608561,40.779662]]]}},
{"type":"Feature","id":"ESP:ADM3:ES-MD.venturada","properties":{"shapeName":"Venturada","shapeISO":"","shapeGroup":"ESP","shapeType":"ADM3","adm1ISO":"ES-MD","parentISO":"ES-MD","parentID":"ESP:ADM1:ES-MD","src_shape_id":"28895703B73305267316812"},"geometry":{"type":"Polygon","coordinates":[[[-3.650973,40.801084],[-3.649277,40.797945],[-3.644609,40.792692],[-3.638555,40.788448],[-3.634067,40.786117],[-3.632139,40.783117],[-3.625805,40.781976],[-3.618939,40.785323],[-3.610229,40.785892],[-3.601896,40.78912],[-3.599548,40.790645],[-3.595865,40.790992],[-3.593487,40.797198],[-3.594512,40.801633],[-3.600291,40.802002],[-3.603162,40.803098],[-3.606491,40.807069],[-3.613313,40.809787],[-3.618059,40.808903],[-3.624484,40.808357],[-3.630296,40.809142],[-3.635124,40.810612],[-3.636592,40.812533],[-3.639423,40.811003],[-3.640053,40.808024],[-3.644155,40.805103],[-3.649809,40.802292],[-3.650973,40.801084]]]}},
{"type":"Feature","id":"ESP:ADM3:ES-MD.villaconejos","properties":{"shapeName":"Villaconejos","shapeISO":"","shapeGroup":"ESP","shapeType":"ADM3","adm1ISO":"ES-MD","parentISO":"ES-MD","parentID":"ESP:ADM1:ES-MD","src_shape_id":"28895703B22676823280562"},"geometry":{"type":"Polygon","coordinates":[[[-3.451032,40.118244],[-3.451895,40.121432],[-3.453914,40.122341],[-3.461605,40.123494],[-3.463602,40.128431],[-3.467637,40.131837],[-3.472437,40.133731],[-3.479337,40.135804],[-3.482974,40.136383],[-3.483573,40.137823],[-3.489264,40.138925],[-3.490792,40.139982],[-3.493916,40.139357],[-3.509015,40.13908],[-3.515387,40.137281],[-3.522365,40.136413],[-3.522688,40.133204],[-3.524791,40.132491],[-3.530598,40.124368],[-3.53461,40.120631],[-3.538969,40.114692],[-3.543804,40.110391],[-3.549387,40.101946],[-3.544521,40.09934],[-3.531203,40.095685],[-3.52525,40.093478],[-3.509772,40.088454],[-3.502875,40.084864],[-3.497679,40.086469],[-3.487964,40.085998],[-3.479987,40.088691],[-3.470287,40.094629],[-3.463141,40.099597],[-3.460937,40.103318],[-3.459132,40.110896],[-3.457928,40.113682],[-3.455699,40.115089],[-3.45481,40.118165],[-3.451032,40.118244]]]}},
{"type":"Feature","id":"ESP:ADM3:ES-MD.villa-del-prado","properties":{"shapeName":"Villa del Prado","shapeISO":"","shapeGroup":"ESP","shapeType":"ADM3","adm1ISO":"ES-MD","parentISO":"ES-MD","parentID":"ESP:ADM1:ES-MD","src_shape_id":"28895703B18794566887701"},"geometry":{"type":"Polygon","coordinates":[[[-4.295027,40.322624],[-4.301369,40.323017],[-4.309753,40.325513],[-4.311679,40.325024],[-4.318084,40.32579],[-4.323666,40.325566],[-4.329005,40.324271],[-4.331671,40.321971],[-4.340289,40.319958],[-4.342322,40.317531],[-4.348245,40.31428],[-4.34724,40.312271],[-4.353275,40.31065],[-4.356386,40.308621],[-4.357013,40.305939],[-4.357011,40.300802],[-4.358652,40.293768],[-4.358306,40.289154],[-4.357124,40.287694],[-4.356807,40.284675],[-4.357887,40.282634],[-4.35842,40.276662],[-4.356925,40.27034],[-4.355201,40.268847],[-4.350436,40.262253],[-4.347854,40.255735],[-4.345269,40.252881],[-4.347967,40.243888],[-4.348488,40.236747],[-4.344325,40.238402],[-4.341733,40.240453],[-4.333346,40.238225],[-4.32647,40.233542],[-4.326587,40.232182],[-4.323146,40.227124],[-4.320392,40.227609],[-4.31118,40.234523],[-4.306133,40.232757],[-4.306173,40.230758],[-4.309645,40.227895],[-4.306111,40.221778],[-4.297833,40.219964],[-4.295189,40.218881],[-4.291185,40.221504],[-4.286666,40.227925],[-4.274964,40.23193],[-4.26965,40.236024],[-4.267048,40.243114],[-4.261984,40.247571],[-4.261355,40.254688],[-4.259436,40.258605],[-4.253702,40.262889],[-4.252308,40.265331],[-4.251382,40.269761],[-4.24925,40.272749],[-4.246165,40.274213],[-4.235213,40.273907],[-4.23148,40.276667],[-4.243169,40.281057],[-4.246749,40.283323],[-4.255985,40.287666],[-4.260653,40.29183],[-4.266293,40.295953],[-4.271578,40.298737],[-4.276219,40.302526],[-4.278521,40.30663],[-4.280089,40.307627],[-4.281084,40.312325],[-4.282092,40.313208],[-4.294043,40.319985],[-4.295027,40.322624]]]}},
{"type":"Feature","id":"ESP:ADM3:ES-MD.villalbilla","properties":{"shapeName":"Villalbilla","shapeISO":"","shapeGroup":"ESP","shapeType":"ADM3","adm1ISO":"ES-MD","parentISO":"ES-MD","parentID":"ESP:ADM1:ES-MD","src_shape_id":"28895703B53228897145368"},"geometry":{"type":"Polygon","coordinates":[[[-3.408735,40.453457],[-3.406261,40.450723],[-3.3893,40.446348],[-3.369164,40.435324],[-3.363013,40.431599],[-3.351452,40.425107],[-3.339663,40.421047],[-3.336434,40.421602],[-3.331489,40.423642],[-3.329273,40.425954],[-3.327935,40.423729],[-3.319229,40.422177],[-3.297825,40.424788],[-3.294062,40.424143],[-3.291999,40.422349],[-3.291736,40.419786],[-3.28789,40.418144],[-3.28072,40.420532],[-3.275835,40.424537],[-3.275329,40.430072],[-3.273414,40.43252],[-3.272163,40.436603],[-3.269346,40.43734],[-3.267418,40.43929],[-3.268889,40.444074],[-3.270946,40.447296],[-3.273254,40.449001],[-3.283072,40.451926],[-3.287612,40.451513],[-3.293732,40.457003],[-3.301641,40.461135],[-3.312552,40.467501],[-3.318126,40.469243],[-3.321444,40.47198],[-3.325034,40.467623],[-3.32919,40.465253],[-3.328344,40.46332],[-3.333808,40.459186],[-3.334117,40.456644],[-3.337373,40.457496],[-3.341872,40.456111],[-3.342844,40.45431],[-3.346942,40.45361],[-3.355717,40.450719],[-3.358046,40.44868],[-3.362347,40.451536],[-3.367089,40.453494],[-3.369215,40.45573],[-3.373548,40.453716],[-3.378742,40.454897],[-3.380274,40.452693],[-3.383124,40.453291],[-3.385793,40.452226],[-3.386544,40.455674],[-3.389246,40.457243],[-3.388179,40.459275],[-3.391357,40.459612],[-3.395515,40.457492],[-3.397263,40.457466],[-3.402902,40.455224],[-3.408735,40.453457]]]}},
{"type":"Feature","id":"ESP:ADM3:ES-MD.villamanrique-de-tajo","properties":{"shapeName":"Villamanrique de Tajo","shapeISO":"","shapeGroup":"ESP","shapeType":"ADM3","adm1ISO":"ES-MD","parentISO":"ES-MD","parentID":"ESP:ADM1:ES-MD","src_shape_id":"28895703B90976260660822"},"geometry":{"type":"Polygon","coordinates":[[[-3.201036,40.085587],[-3.2018,40.081613],[-3.2059,40.077818],[-3.207344,40.074785],[-3.211899,40.073356],[-3.215101,40.071369],[-3.22055,40.069533],[-3.223153,40.073107],[-3.223758,40.075608],[-3.228717,40.086566],[-3.237935,40.093354],[-3.240635,40.095949],[-3.241673,40.098133],[-3.244809,40.101336],[-3.250227,40.105275],[-3.256365,40.108926],[-3.258907,40.111306],[-3.261576,40.110789],[-3.268406,40.107136],[-3.274708,40.102349],[-3.276648,40.097444],[-3.279436,40.08766],[-3.279981,40.084185],[-3.279125,40.081244],[-3.280462,40.07622],[-3.282793,40.070953],[-3.285502,40.066294],[-3.286523,40.05872],[-3.287865,40.055499],[-3.286429,40.052335],[-3.283154,40.051476],[-3.283192,40.049068],[-3.276213,40.047255],[-3.274331,40.047461],[-3.2727,40.049693],[-3.274219,40.052726],[-3.271707,40.053353],[-3.266262,40.053207],[-3.266413,40.056477],[-3.263925,40.057111],[-3.261216,40.052395],[-3.257297,40.050695],[-3.257602,40.054218],[-3.256498,40.056544],[-3.25328,40.057896],[-3.250984,40.056342],[-3.245687,40.057213],[-3.243622,40.05342],[-3.237228,40.05418],[-3.232927,40.05554],[-3.228998,40.056046],[-3.217871,40.05991],[-3.210479,40.061662],[-3.207454,40.06383],[-3.201771,40.066292],[-3.198247,40.068758],[-3.195342,40.072231],[-3.189182,40.077375],[-3.188618,40.082499],[-3.191781,40.085527],[-3.195923,40.086935],[-3.197929,40.085514],[-3.201036,40.085587]]]}},
{"type":"Feature","id":"ESP:ADM3:ES-MD.villamanta","properties":{"shapeName":"Villamanta","shapeISO":"","shapeGroup":"ESP","shapeType":"ADM3","adm1ISO":"ES-MD","parentISO":"ES-MD","parentID":"ESP:ADM1:ES-MD","src_shape_id":"28895703B3783375377689"},"geometry":{"type":"Polygon","coordinates":[[[-4.172485,40.2881],[-4.173237,40.284705],[-4.171266,40.280716],[-4.168878,40.277743],[-4.167102,40.273159],[-4.163067,40.269874],[-4.15743,40.270729],[-4.156053,40.26919],[-4.147225,40.266501],[-4.143992,40.264621],[-4.144924,40.258525],[-4.150727,40.249232],[-4.148434,40.24645],[-4.143728,40.24483],[-4.131467,40.248981],[-4.127528,40.246039],[-4.124992,40.246208],[-4.119651,40.24359],[-4.111217,40.244289],[-4.104272,40.241833],[-4.100601,40.246131],[-4.095199,40.247761],[-4.085747,40.255986],[-4.080456,40.26694],[-4.081583,40.270312],[-4.083547,40.272417],[-4.084588,40.278311],[-4.087699,40.283731],[-4.087596,40.289419],[-4.085735,40.291551],[-4.087369,40.294074],[-4.087731,40.298763],[-4.086521,40.299821],[-4.082553,40.309986],[-4.08232,40.314839],[-4.081493,40.317418],[-4.079679,40.318291],[-4.077257,40.321535],[-4.074972,40.328809],[-4.075909,40.329723],[-4.070104,40.335066],[-4.065919,40.339712],[-4.067682,40.342087],[-4.070755,40.343181],[-4.074125,40.342973],[-4.07902,40.341672],[-4.084958,40.343025],[-4.088859,40.341097],[-4.089351,40.338563],[-4.091306,40.338273],[-4.09579,40.334364],[-4.10291,40.335852],[-4.107589,40.333842],[-4.107577,40.331637],[-4.110583,40.331235],[-4.111444,40.328482],[-4.11463,40.328006],[-4.117611,40.326535],[-4.122325,40.322111],[-4.12756,40.322006],[-4.128261,40.32386],[-4.131756,40.324846],[-4.138786,40.322132],[-4.143352,40.322751],[-4.145955,40.323939],[-4.146412,40.325624],[-4.149388,40.327033],[-4.153024,40.327556],[-4.159674,40.327086],[-4.161523,40.328471],[-4.164849,40.32869],[-4.168792,40.322601],[-4.169679,40.318396],[-4.168662,40.313773],[-4.166389,40.308785],[-4.16678,40.304696],[-4.168125,40.299237],[-4.167335,40.29614],[-4.167503,40.288782],[-4.172485,40.2881]]]}},
{"type":"Feature","id":"ESP:ADM3:ES-MD.villamantilla","properties":{"shapeName":"Villamantilla","shapeISO":"","shapeGroup":"ESP","shapeType":"ADM3","adm1ISO":"ES-MD","parentISO":"ES-MD","parentID":"ESP:ADM1:ES-MD","src_shape_id":"28895703B45674494059658"},"geometry":{"type":"Polygon","coordinates":[[[-4.169679,40.318396],[-4.168792,40.322601],[-4.164849,40.32869],[-4.161523,40.328471],[-4.159674,40.327086],[-4.153024,40.327556],[-4.149388,40.327033],[-4.146412,40.325624],[-4.145955,40.323939],[-4.143352,40.322751],[-4.138786,40.322132],[-4.131756,40.324846],[-4.128261,40.32386],[-4.12756,40.322006],[-4.122325,40.322111],[-4.117611,40.326535],[-4.11463,40.328006],[-4.111444,40.328482],[-4.110583,40.331235],[-4.107577,40.331637],[-4.107589,40.333842],[-4.10291,40.335852],[-4.105938,40.338643],[-4.105257,40.34111],[-4.112079,40.350175],[-4.113081,40.353966],[-4.118892,40.356749],[-4.11948,40.358925],[-4.118609,40.361461],[-4.119162,40.364007],[-4.125392,40.365167],[-4.128876,40.366529],[-4.134051,40.367593],[-4.136648,40.369871],[-4.137646,40.368287],[-4.145924,40.364669],[-4.146949,40.364698],[-4.151272,40.362539],[-4.152,40.359103],[-4.150943,40.356654],[-4.155666,40.354414],[-4.158137,40.353936],[-4.1638,40.354626],[-4.171475,40.353604],[-4.177536,40.351464],[-4.18123,40.351071],[-4.1824,40.347774],[-4.182804,40.344811],[-4.182101,40.339674],[-4.183492,40.33756],[-4.186424,40.338659],[-4.18796,40.337852],[-4.184318,40.331299],[-4.182099,40.32896],[-4.176928,40.326832],[-4.176067,40.325279],[-4.169679,40.318396]]]}},
{"type":"Feature","id":"ESP:ADM3:ES-MD.villanueva-de-la-canada","properties":{"shapeName":"Villanueva de la Cañada","shapeISO":"","shapeGroup":"ESP","shapeType":"ADM3","adm1ISO":"ES-MD","parentISO":"ES-MD","parentID":"ESP:ADM1:ES-MD","src_shape_id":"28895703B6535153813333"},"geometry":{"type":"Polygon","coordinates":[[[-3.944859,40.454856],[-3.9448,40.456771],[-3.941098,40.459053],[-3.938522,40.461788],[-3.939587,40.465403],[-3.93678,40.468067],[-3.938401,40.473085],[-3.938101,40.476386],[-3.936156,40.479407],[-3.93699,40.484486],[-3.938999,40.483777],[-3.942656,40.484702],[-3.944613,40.481518],[-3.944808,40.478628],[-3.947128,40.477976],[-3.947855,40.473345],[-3.949169,40.470546],[-3.959451,40.469405],[-3.960117,40.467602],[-3.964084,40.46516],[-3.967492,40.461698],[-3.973869,40.458375],[-3.975919,40.454171],[-3.977739,40.455106],[-3.978535,40.457434],[-3.984585,40.465335],[-3.987162,40.466782],[-3.991492,40.471653],[-3.993238,40.472458],[-3.998461,40.472245],[-4.00282,40.47283],[-4.009336,40.470936],[-4.010009,40.471694],[-4.014783,40.470775],[-4.021334,40.46702],[-4.024104,40.463328],[-4.027449,40.461268],[-4.027818,40.459676],[-4.034144,40.458061],[-4.035253,40.459413],[-4.039412,40.459236],[-4.041618,40.4565],[-4.043311,40.456111],[-4.043431,40.452882],[-4.041733,40.448702],[-4.037787,40.444942],[-4.034136,40.442663],[-4.032417,40.444114],[-4.030419,40.442117],[-4.032954,40.43952],[-4.031673,40.437208],[-4.031545,40.434226],[-4.029774,40.430952],[-4.026023,40.428222],[-4.021891,40.429591],[-4.01975,40.433724],[-4.015152,40.435746],[-4.007944,40.435465],[-4.004469,40.432677],[-3.995806,40.430944],[-3.991368,40.431672],[-3.988332,40.433311],[-3.985486,40.432786],[-3.982971,40.435668],[-3.979694,40.436276],[-3.978986,40.431423],[-3.976934,40.425707],[-3.96942,40.417012],[-3.961988,40.412647],[-3.958143,40.411397],[-3.951866,40.407695],[-3.946918,40.408039],[-3.948996,40.413779],[-3.949427,40.414427],[-3.947142,40.419502],[-3.946848,40.421813],[-3.951951,40.425347],[-3.952312,40.431206],[-3.951133,40.435666],[-3.952548,40.437894],[-3.950396,40.440968],[-3.951231,40.445413],[-3.949238,40.44729],[-3.949352,40.450305],[-3.945426,40.453065],[-3.944859,40.454856]]]}},
{"type":"Feature","id":"ESP:ADM3:ES-MD.villanueva-del-pardillo","properties":{"shapeName":"Villanueva del Pardillo","shapeISO":"","shapeGroup":"ESP","shapeType":"ADM3","adm1ISO":"ES-MD","parentISO":"ES-MD","parentID":"ESP:ADM1:ES-MD","src_shape_id":"28895703B41648414561096"},"geometry":{"type":"Polygon","coordinates":[[[-4.001104,40.485624],[-3.999155,40.480317],[-3.995122,40.477981],[-3.992103,40.474581],[-3.993238,40.472458],[-3.991492,40.471653],[-3.987162,40.466782],[-3.984585,40.465335],[-3.978535,40.457434],[-3.977739,40.455106],[-3.975919,40.454171],[-3.973869,40.458375],[-3.967492,40.461698],[-3.964084,40.46516],[-3.960117,40.467602],[-3.959451,40.469405],[-3.949169,40.470546],[-3.947855,40.473345],[-3.947128,40.477976],[-3.944808,40.478628],[-3.944613,40.481518],[-3.942656,40.484702],[-3.938999,40.483777],[-3.93699,40.484486],[-3.936058,40.491349],[-3.936905,40.493065],[-3.935138,40.4988],[-3.933434,40.499702],[-3.934932,40.502044],[-3.934335,40.504777],[-3.936911,40.509125],[-3.940077,40.508467],[-3.944938,40.50844],[-3.948935,40.510373],[-3.950255,40.510068],[-3.957807,40.515441],[-3.962332,40.515912],[-3.966434,40.518941],[-3.971361,40.51819],[-3.974616,40.518346],[-3.982681,40.517301],[-3.984587,40.516637],[-3.986742,40.513589],[-3.987969,40.508945],[-3.990748,40.505455],[-3.994946,40.5018],[-3.996973,40.493681],[-4.001343,40.486835],[-4.001104,40.485624]]]}},
{"type":"Feature","id":"ESP:ADM3:ES-MD.villanueva-de-perales","properties":{"shapeName":"Villanueva de Perales","shapeISO":"","shapeGroup":"ESP","shapeType":"ADM3","adm1ISO":"ES-MD","parentISO":"ES-MD","parentID":"ESP:ADM1:ES-MD","src_shape_id":"28895703B83972246888571"},"geometry":{"type":"Polygon","coordinates":[[[-4.04649,40.388313],[-4.054034,40.389517],[-4.054759,40.388278],[-4.064123,40.392247],[-4.067746,40.396073],[-4.073812,40.398517],[-4.082442,40.398571],[-4.083253,40.400352],[-4.086688,40.400001],[-4.089343,40.402105],[-4.093935,40.400939],[-4.095891,40.402219],[-4.09938,40.402132],[-4.103103,40.403873],[-4.113022,40.402484],[-4.113588,40.396862],[-4.111592,40.389817],[-4.115488,40.386644],[-4.11873,40.380446],[-4.121684,40.377724],[-4.123356,40.378418],[-4.126486,40.377168],[-4.130859,40.373818],[-4.136035,40.370967],[-4.136648,40.369871],[-4.134051,40.367593],[-4.128876,40.366529],[-4.125392,40.365167],[-4.119162,40.364007],[-4.118609,40.361461],[-4.11948,40.358925],[-4.118892,40.356749],[-4.113081,40.353966],[-4.112079,40.350175],[-4.105257,40.34111],[-4.105938,40.338643],[-4.10291,40.335852],[-4.09579,40.334364],[-4.091306,40.338273],[-4.089351,40.338563],[-4.088859,40.341097],[-4.084958,40.343025],[-4.07902,40.341672],[-4.074125,40.342973],[-4.075249,40.344391],[-4.074926,40.347444],[-4.075848,40.351422],[-4.074426,40.354062],[-4.076669,40.357718],[-4.071706,40.359324],[-4.070983,40.362841],[-4.06425,40.367717],[-4.058709,40.375078],[-4.054499,40.37533],[-4.049845,40.378988],[-4.045715,40.37737],[-4.044439,40.378347],[-4.038386,40.380326],[-4.037885,40.378421],[-4.03516,40.378373],[-4.035842,40.379744],[-4.03951,40.382277],[-4.041035,40.385049],[-4.04649,40.388313]]]}},
{"type":"Feature","id":"ESP:ADM3:ES-MD.villar-del-olmo","properties":{"shapeName":"Villar del Olmo","shapeISO":"","shapeGroup":"ESP","shapeType":"ADM3","adm1ISO":"ES-MD","parentISO":"ES-MD","parentID":"ESP:ADM1:ES-MD","src_shape_id":"28895703B16460318237311"},"geometry":{"type":"Polygon","coordinates":[[[-3.20454,40.344023],[-3.211944,40.347107],[-3.22299,40.352876],[-3.22595,40.356051],[-3.231534,40.358631],[-3.233942,40.358339],[-3.236685,40.356457],[-3.241285,40.358008],[-3.241975,40.355529],[-3.247427,40.353285],[-3.248766,40.351422],[-3.268467,40.346966],[-3.278502,40.346183],[-3.282343,40.340054],[-3.288196,40.332714],[-3.284917,40.331536],[-3.279154,40.327583],[-3.275707,40.32439],[-3.268226,40.318451],[-3.260323,40.310659],[-3.252134,40.303479],[-3.250061,40.306092],[-3.240396,40.310071],[-3.232424,40.312276],[-3.225905,40.314613],[-3.222864,40.313483],[-3.216266,40.312883],[-3.210485,40.314081],[-3.208825,40.316852],[-3.206595,40.317854],[-3.204364,40.320803],[-3.201756,40.328995],[-3.199879,40.331339],[-3.200044,40.335106],[-3.199194,40.337378],[-3.20454,40.344023]]]}},
{"type":"Feature","id":"ESP:ADM3:ES-MD.villarejo-de-salvanes","properties":{"shapeName":"Villarejo de Salvanés","shapeISO":"","shapeGroup":"ESP","shapeType":"ADM3","adm1ISO":"ES-MD","parentISO":"ES-MD","parentID":"ESP:ADM1:ES-MD","src_shape_id":"28895703B53420105061629"},"geometry":{"type":"Polygon","coordinates":[[[-3.34841,40.097978],[-3.349856,40.091456],[-3.349585,40.089679],[-3.345027,40.080107],[-3.334418,40.081052],[-3.327747,40.079135],[-3.325669,40.077469],[-3.319098,40.074189],[-3.315643,40.070243],[-3.31179,40.068255],[-3.30807,40.060668],[-3.302494,40.053314],[-3.297941,40.051787],[-3.292589,40.05224],[-3.286429,40.052335],[-3.287865,40.055499],[-3.286523,40.05872],[-3.285502,40.066294],[-3.282793,40.070953],[-3.280462,40.07622],[-3.279125,40.081244],[-3.279981,40.084185],[-3.279436,40.08766],[-3.276648,40.097444],[-3.274708,40.102349],[-3.268406,40.107136],[-3.261576,40.110789],[-3.258907,40.111306],[-3.256365,40.108926],[-3.250227,40.105275],[-3.244809,40.101336],[-3.241673,40.098133],[-3.240635,40.095949],[-3.237935,40.093354],[-3.228717,40.086566],[-3.223758,40.075608],[-3.223153,40.073107],[-3.22055,40.069533],[-3.215101,40.071369],[-3.211899,40.073356],[-3.207344,40.074785],[-3.2059,40.077818],[-3.2018,40.081613],[-3.201036,40.085587],[-3.201873,40.095421],[-3.201202,40.096984],[-3.202267,40.106815],[-3.204597,40.10926],[-3.204463,40.115416],[-3.201946,40.120464],[-3.203263,40.127895],[-3.202333,40.135578],[-3.200561,40.139133],[-3.199624,40.144532],[-3.20061,40.149711],[-3.198902,40.154766],[-3.197705,40.156141],[-3.205039,40.156323],[-3.213478,40.159645],[-3.218442,40.163905],[-3.219799,40.169059],[-3.218701,40.174346],[-3.220365,40.18096],[-3.223618,40.184837],[-3.237531,40.18005],[-3.24631,40.182437],[-3.257247,40.189766],[-3.262055,40.194919],[-3.269414,40.200828],[-3.270691,40.208218],[-3.270434,40.214779],[-3.276429,40.210621],[-3.278855,40.209622],[-3.28151,40.206988],[-3.284293,40.202891],[-3.291929,40.196647],[-3.297981,40.190527],[-3.300061,40.18817],[-3.306801,40.185212],[-3.313679,40.183102],[-3.320356,40.177984],[-3.31657,40.171496],[-3.311612,40.161532],[-3.304289,40.151472],[-3.299244,40.138831],[-3.296616,40.131311],[-3.307563,40.131815],[-3.309891,40.131152],[-3.31465,40.127907],[-3.32346,40.119804],[-3.325979,40.116312],[-3.330644,40.114066],[-3.337544,40.106374],[-3.340978,40.10446],[-3.342403,40.102678],[-3.34841,40.097978]]]}},
{"type":"Feature","id":"ESP:ADM3:ES-MD.villaviciosa-de-odon","properties":{"shapeName":"Villaviciosa de Odón","shapeISO":"","shapeGroup":"ESP","shapeType":"ADM3","adm1ISO":"ES-MD","parentISO":"ES-MD","parentID":"ESP:ADM1:ES-MD","src_shape_id":"28895703B89811006834581"},"geometry":{"type":"Polygon","coordinates":[[[-3.867598,40.377683],[-3.871958,40.381541],[-3.878667,40.384239],[-3.882968,40.387748],[-3.886192,40.388492],[-3.885425,40.390625],[-3.887079,40.394485],[-3.891392,40.397807],[-3.900156,40.400517],[-3.909978,40.405776],[-3.913906,40.406674],[-3.921505,40.407101],[-3.926538,40.409674],[-3.930066,40.412261],[-3.938379,40.415026],[-3.94213,40.415239],[-3.948996,40.413779],[-3.946918,40.408039],[-3.945353,40.395815],[-3.947028,40.393239],[-3.950746,40.389878],[-3.950702,40.388296],[-3.947532,40.384404],[-3.946711,40.379306],[-3.943941,40.376059],[-3.946054,40.370866],[-3.95056,40.367844],[-3.964351,40.370589],[-3.966791,40.370341],[-3.973673,40.368073],[-3.975984,40.368201],[-3.980848,40.369945],[-3.990944,40.363734],[-3.996219,40.36333],[-4.000756,40.362148],[-4.005283,40.359293],[-4.003404,40.358],[-4.003378,40.354909],[-3.999314,40.350597],[-3.998098,40.343439],[-4.00303,40.341945],[-4.006389,40.339387],[-4.006454,40.33778],[-4.002918,40.333131],[-3.998851,40.332082],[-3.992728,40.3294],[-3.990573,40.327378],[-3.981701,40.32373],[-3.97827,40.324086],[-3.973961,40.32168],[-3.970537,40.320611],[-3.966097,40.313918],[-3.957309,40.304902],[-3.952613,40.303506],[-3.94702,40.300622],[-3.941509,40.300163],[-3.941404,40.304607],[-3.944758,40.308607],[-3.945191,40.310071],[-3.942709,40.317411],[-3.945058,40.323291],[-3.93983,40.327546],[-3.935011,40.330021],[-3.932396,40.333394],[-3.934544,40.337825],[-3.922519,40.339858],[-3.917867,40.338805],[-3.913426,40.34282],[-3.905743,40.344468],[-3.903397,40.346654],[-3.898663,40.349503],[-3.89654,40.348887],[-3.88595,40.352623],[-3.881316,40.353963],[-3.870924,40.353118],[-3.870586,40.358473],[-3.873695,40.36303],[-3.876577,40.365051],[-3.879135,40.369934],[-3.877882,40.373245],[-3.869051,40.373216],[-3.866385,40.374182],[-3.867598,40.377683]]]}},
{"type":"Feature","id":"ESP:ADM3:ES-MD.villavieja-del-lozoya","properties":{"shapeName":"Villavieja del Lozoya","shapeISO":"","shapeGroup":"ESP","shapeType":"ADM3","adm1ISO":"ES-MD","parentISO":"ES-MD","parentID":"ESP:ADM1:ES-MD","src_shape_id":"28895703B88173826472385"},"geometry":{"type":"Polygon","coordinates":[[[-3.654214,41.007268],[-3.65596,41.009289],[-3.66393,41.010113],[-3.666995,41.011375],[-3.669273,41.013523],[-3.673292,41.021708],[-3.677427,41.024041],[-3.683479,41.029433],[-3.686747,41.028897],[-3.688506,41.031246],[-3.69797,41.040134],[-3.707278,41.051394],[-3.707379,41.053916],[-3.710181,41.058344],[-3.716792,41.062652],[-3.721423,41.065032],[-3.725624,41.062501],[-3.730568,41.061424],[-3.739877,41.054077],[-3.739001,41.049714],[-3.743086,41.04536],[-3.748253,41.036673],[-3.753253,41.031661],[-3.755544,41.027931],[-3.748644,41.036133],[-3.731189,41.03085],[-3.711918,41.02666],[-3.710909,41.022012],[-3.702462,41.015355],[-3.70015,41.010732],[-3.690907,41.003579],[-3.689135,40.999703],[-3.686251,40.996849],[-3.679324,40.992098],[-3.676592,40.993304],[-3.673912,40.99094],[-3.671089,40.993561],[-3.666597,40.995679],[-3.665592,40.995328],[-3.659256,40.994543],[-3.6549,40.994843],[-3.651171,40.997707],[-3.656213,40.999947],[-3.659987,41.002884],[-3.657438,41.00373],[-3.655804,41.0075],[-3.654214,41.007268]]]}},
{"type":"Feature","id":"ESP:ADM3:ES-MD.zarzalejo","properties":{"shapeName":"Zarzalejo","shapeISO":"","shapeGroup":"ESP","shapeType":"ADM3","adm1ISO":"ES-MD","parentISO":"ES-MD","parentID":"ESP:ADM1:ES-MD","src_shape_id":"28895703B62161858555997"},"geometry":{"type":"Polygon","coordinates":[[[-4.160003,40.562721],[-4.164004,40.563029],[-4.163417,40.566429],[-4.164633,40.568975],[-4.167253,40.571178],[-4.173255,40.570954],[-4.176772,40.570225],[-4.181541,40.566607],[-4.187947,40.563512],[-4.189632,40.561396],[-4.192936,40.560799],[-4.19681,40.559025],[-4.199634,40.553547],[-4.200447,40.548072],[-4.201817,40.54481],[-4.207284,40.537583],[-4.209262,40.534403],[-4.211778,40.528128],[-4.211929,40.52249],[-4.212859,40.518384],[-4.210632,40.512265],[-4.208399,40.511332],[-4.202976,40.512097],[-4.203191,40.515507],[-4.20106,40.521722],[-4.195851,40.522473],[-4.189901,40.523946],[-4.18262,40.527421],[-4.179363,40.528152],[-4.175537,40.53013],[-4.164602,40.529744],[-4.153921,40.531544],[-4.148385,40.533096],[-4.144808,40.532519],[-4.145241,40.535711],[-4.148254,40.539465],[-4.150186,40.539907],[-4.148874,40.542799],[-4.149235,40.546496],[-4.150501,40.550265],[-4.14975,40.552342],[-4.151753,40.555622],[-4.15183,40.557395],[-4.15408,40.560944],[-4.160003,40.562721]]]}},
{"type":"Feature","id":"ESP:ADM3:ES-MD.lozoyuela-navas-sieteiglesias","properties":{"shapeName":"Lozoyuela-Navas-Sieteiglesias","shapeISO":"","shapeGroup":"ESP","shapeType":"ADM3","adm1ISO":"ES-MD","parentISO":"ES-MD","parentID":"ESP:ADM1:ES-MD","src_shape_id":"28895703B50616745029860"},"geometry":{"type":"Polygon","coordinates":[[[-3.56863,40.904203],[-3.568294,40.910121],[-3.571146,40.9116],[-3.572008,40.914504],[-3.576544,40.918857],[-3.573231,40.923915],[-3.570814,40.931097],[-3.569767,40.932905],[-3.570139,40.935725],[-3.571808,40.939899],[-3.581175,40.94532],[-3.584194,40.949127],[-3.588351,40.948243],[-3.593682,40.948668],[-3.599877,40.947061],[-3.60713,40.944618],[-3.612974,40.94156],[-3.618544,40.946255],[-3.621343,40.949256],[-3.625044,40.95633],[-3.62776,40.958497],[-3.629384,40.961546],[-3.63303,40.961042],[-3.638353,40.957213],[-3.644461,40.9537],[-3.646888,40.944521],[-3.646184,40.942837],[-3.647442,40.938535],[-3.651033,40.93254],[-3.65468,40.928142],[-3.662264,40.924381],[-3.663178,40.921471],[-3.662851,40.918387],[-3.667758,40.912083],[-3.66951,40.906721],[-3.67533,40.892196],[-3.66909,40.890438],[-3.663396,40.889407],[-3.65625,40.884849],[-3.650423,40.879747],[-3.639276,40.879346],[-3.63419,40.880758],[-3.62208,40.882723],[-3.619037,40.881993],[-3.609928,40.885336],[-3.599347,40.88867],[-3.602571,40.894446],[-3.594517,40.896839],[-3.582068,40.899268],[-3.573664,40.901231],[-3.570576,40.904202],[-3.56863,40.904203]]]}},
{"type":"Feature","id":"ESP:ADM3:ES-MD.puentes-viejas","properties":{"shapeName":"Puentes Viejas","shapeISO":"","shapeGroup":"ESP","shapeType":"ADM3","adm1ISO":"ES-MD","parentISO":"ES-MD","parentID":"ESP:ADM1:ES-MD","src_shape_id":"28895703B75473641929693"},"geometry":{"type":"Polygon","coordinates":[[[-3.495802,40.994039],[-3.493456,41.007502],[-3.491925,41.012555],[-3.512435,41.021882],[-3.520114,41.022931],[-3.527763,41.022584],[-3.535092,41.024433],[-3.539402,41.024939],[-3.547469,41.028488],[-3.548024,41.032542],[-3.550885,41.03388],[-3.556358,41.028756],[-3.557561,41.029122],[-3.560352,41.025233],[-3.564984,41.025908],[-3.569246,41.023781],[-3.575219,41.024003],[-3.573028,41.01787],[-3.573946,41.012245],[-3.576284,41.008902],[-3.580723,41.005206],[-3.581114,40.999932],[-3.580426,40.991021],[-3.580997,40.986962],[-3.585067,40.982387],[-3.588246,40.981801],[-3.591176,40.982729],[-3.597489,40.983551],[-3.603105,40.979879],[-3.601765,40.976869],[-3.604393,40.975816],[-3.60621,40.973445],[-3.613092,40.973736],[-3.61862,40.970741],[-3.623902,40.970347],[-3.625202,40.966637],[-3.629384,40.961546],[-3.62776,40.958497],[-3.625044,40.95633],[-3.621343,40.949256],[-3.618544,40.946255],[-3.612974,40.94156],[-3.60713,40.944618],[-3.599877,40.947061],[-3.593682,40.948668],[-3.588351,40.948243],[-3.584194,40.949127],[-3.581175,40.94532],[-3.571808,40.939899],[-3.570139,40.935725],[-3.569767,40.932905],[-3.570814,40.931097],[-3.573231,40.923915],[-3.576544,40.918857],[-3.572008,40.914504],[-3.571146,40.9116],[-3.568294,40.910121],[-3.56863,40.904203],[-3.56524,40.903594],[-3.56262,40.905853],[-3.557992,40.905044],[-3.554135,40.903705],[-3.544698,40.904517],[-3.546744,40.908321],[-3.545288,40.911355],[-3.539751,40.912442],[-3.538814,40.914037],[-3.539324,40.91786],[-3.54169,40.920824],[-3.549732,40.921244],[-3.550399,40.925591],[-3.553977,40.93031],[-3.553024,40.93432],[-3.555846,40.937062],[-3.559476,40.941875],[-3.562206,40.943712],[-3.562989,40.947624],[-3.561684,40.948802],[-3.562896,40.951272],[-3.565222,40.952904],[-3.56492,40.955437],[-3.562446,40.956175],[-3.559408,40.956311],[-3.557308,40.957597],[-3.557299,40.959294],[-3.561547,40.96404],[-3.564193,40.96824],[-3.564034,40.970992],[-3.562291,40.972913],[-3.558637,40.972479],[-3.554908,40.974352],[-3.549877,40.978016],[-3.543028,40.980596],[-3.537208,40.982115],[-3.534333,40.983787],[-3.524788,40.986798],[-3.524525,40.989444],[-3.516807,40.98968],[-3.515335,40.993921],[-3.511051,40.994043],[-3.510856,40.992332],[-3.50656,40.992432],[-3.495802,40.994039]]]}},
{"type":"Feature","id":"ESP:ADM3:ES-MD.tres-cantos","properties":{"shapeName":"Tres Cantos","shapeISO":"","shapeGroup":"ESP","shapeType":"ADM3","adm1ISO":"ES-MD","parentISO":"ES-MD","parentID":"ESP:ADM1:ES-MD","src_shape_id":"28895703B37312083450746"},"geometry":{"type":"Polygon","coordinates":[[[-3.81051,40.609469],[-3.807452,40.6092],[-3.805151,40.607317],[-3.800488,40.605859],[-3.800318,40.604845],[-3.803573,40.599011],[-3.799176,40.598505],[-3.796775,40.599912],[-3.789908,40.599],[-3.783576,40.601779],[-3.781716,40.600861],[-3.778268,40.601783],[-3.774319,40.600544],[-3.767813,40.599548],[-3.752237,40.59442],[-3.749213,40.592753],[-3.740817,40.590645],[-3.738174,40.586471],[-3.733192,40.585312],[-3.729995,40.585177],[-3.719436,40.5821],[-3.707886,40.583756],[-3.696273,40.589941],[-3.69192,40.597519],[-3.690643,40.601282],[-3.687498,40.606702],[-3.685375,40.608444],[-3.679665,40.61092],[-3.675123,40.615949],[-3.666799,40.619636],[-3.667306,40.623407],[-3.668514,40.625979],[-3.667975,40.629602],[-3.675298,40.633308],[-3.684613,40.630888],[-3.687407,40.631866],[-3.690908,40.635132],[-3.694487,40.634715],[-3.699916,40.63583],[-3.702739,40.638739],[-3.708694,40.642894],[-3.712682,40.64362],[-3.717815,40.645368],[-3.717857,40.641986],[-3.720616,40.641825],[-3.72009,40.638592],[-3.724561,40.636435],[-3.728781,40.636006],[-3.729156,40.630528],[-3.732272,40.631247],[-3.737914,40.630822],[-3.742063,40.628253],[-3.739691,40.623642],[-3.741479,40.62279],[-3.741491,40.619636],[-3.738602,40.617309],[-3.740064,40.615809],[-3.738825,40.611277],[-3.743894,40.609645],[-3.749109,40.6109],[-3.752641,40.610752],[-3.756818,40.612247],[-3.757517,40.610212],[-3.765955,40.613142],[-3.768653,40.612524],[-3.770388,40.610643],[-3.772052,40.613646],[-3.772225,40.615821],[-3.78552,40.619577],[-3.789019,40.619458],[-3.794767,40.614071],[-3.806641,40.612327],[-3.811508,40.610553],[-3.81051,40.609469]]]}},
{"type":"Feature","id":"ESP:ADM3:ES-MD.los-baldios","properties":{"shapeName":"Los Baldios","shapeISO":"","shapeGroup":"ESP","shapeType":"ADM3","adm1ISO":"ES-MD","parentISO":"ES-MD","parentID":"ESP:ADM1:ES-MD","src_shape_id":"28895703B92933211870960"},"geometry":{"type":"Polygon","coordinates":[[[-4.034447,40.749284],[-4.030852,40.749711],[-4.023161,40.751579],[-4.018126,40.752368],[-4.012246,40.756067],[-4.007875,40.757905],[-4.005566,40.761985],[-4.004718,40.76638],[-4.003018,40.770865],[-4.000442,40.775168],[-3.99578,40.77986],[-3.997058,40.782697],[-3.997389,40.786893],[-4.002854,40.788649],[-4.007652,40.787908],[-4.010087,40.784878],[-4.007324,40.781129],[-4.0071,40.778793],[-4.012942,40.770075],[-4.015984,40.767656],[-4.020525,40.762016],[-4.024138,40.761121],[-4.030858,40.762135],[-4.035331,40.757946],[-4.034329,40.75594],[-4.034967,40.750807],[-4.034447,40.749284]]]}},
{"type":"Feature","id":"ESP:ADM3:ES-MD.el-redeguelo","properties":{"shapeName":"El Redegüelo","shapeISO":"","shapeGroup":"ESP","shapeType":"ADM3","adm1ISO":"ES-MD","parentISO":"ES-MD","parentID":"ESP:ADM1:ES-MD","src_shape_id":"28895703B86673647430464"},"geometry":{"type":"Polygon","coordinates":[[[-3.924337,40.677499],[-3.920449,40.676933],[-3.913155,40.682472],[-3.908892,40.684465],[-3.913044,40.687537],[-3.917788,40.684938],[-3.924658,40.679875],[-3.924337,40.677499]]]}}
]}