{"type":"FeatureCollection","bbox":[-67.945404,17.88328,-65.220703,18.515683], "features": [
{"type":"Feature","geometry":{"type":"MultiPolygon","coordinates":[[[[-65.571557,18.382669],[-65.572789,18.381354],[-65.57104,18.378056],[-65.570886,18.375885],[-65.56697,18.378118],[-65.566904,18.380321],[-65.571557,18.382669]]],[[[-65.574317,18.35178],[-65.570448,18.348684],[-65.568309,18.343834],[-65.564269,18.348008],[-65.565695,18.350489],[-65.569141,18.353196],[-65.572469,18.353535],[-65.574317,18.35178]]],[[[-65.593919,18.390358],[-65.591899,18.387201],[-65.590829,18.383253],[-65.587145,18.3819],[-65.583699,18.383592],[-65.583342,18.386298],[-65.589047,18.390696],[-65.593919,18.390358]]],[[[-65.753591,18.296755],[-65.752748,18.295111],[-65.749216,18.293838],[-65.74547,18.291189],[-65.744001,18.28874],[-65.740663,18.286787],[-65.738482,18.283114],[-65.738596,18.280765],[-65.740477,18.280081],[-65.737798,18.276931],[-65.737739,18.273881],[-65.732684,18.2749],[-65.727948,18.271668],[-65.721188,18.270234],[-65.71751,18.267744],[-65.715397,18.267854],[-65.714423,18.269652],[-65.712166,18.270455],[-65.708931,18.27041],[-65.705787,18.272575],[-65.703937,18.272461],[-65.702853,18.270856],[-65.699892,18.273079],[-65.701662,18.274363],[-65.700309,18.276732],[-65.701499,18.278479],[-65.69871,18.282479],[-65.695013,18.28568],[-65.69072,18.283123],[-65.689921,18.280941],[-65.687023,18.279275],[-65.683216,18.275691],[-65.67926,18.274586],[-65.674752,18.279724],[-65.674925,18.283366],[-65.668229,18.284847],[-65.666438,18.287897],[-65.662458,18.286562],[-65.659499,18.284694],[-65.657334,18.28469],[-65.654073,18.282676],[-65.64909,18.28289],[-65.645968,18.281628],[-65.640793,18.282563],[-65.638199,18.284512],[-65.635414,18.284626],[-65.634367,18.283584],[-65.630713,18.285121],[-65.631628,18.288804],[-65.63139,18.291963],[-65.624972,18.29941],[-65.624022,18.304375],[-65.625448,18.309113],[-65.628538,18.311821],[-65.627112,18.318816],[-65.626874,18.327164],[-65.626399,18.331902],[-65.629726,18.334384],[-65.632578,18.337317],[-65.630914,18.343408],[-65.633291,18.347469],[-65.631628,18.349951],[-65.627825,18.35356],[-65.623784,18.359426],[-65.62212,18.364388],[-65.619268,18.367321],[-65.616654,18.376794],[-65.614515,18.380178],[-65.614515,18.384238],[-65.617842,18.387846],[-65.624022,18.38717],[-65.627112,18.383336],[-65.626874,18.379727],[-65.627587,18.376343],[-65.631628,18.372734],[-65.636381,18.370028],[-65.638996,18.371832],[-65.639471,18.376569],[-65.643457,18.378469],[-65.647694,18.375595],[-65.651259,18.370858],[-65.653918,18.365253],[-65.667119,18.361477],[-65.669958,18.361885],[-65.672586,18.358682],[-65.674192,18.354752],[-65.679317,18.346883],[-65.679197,18.343609],[-65.677993,18.342709],[-65.67901,18.339318],[-65.680421,18.338919],[-65.680661,18.336225],[-65.682283,18.333274],[-65.68592,18.329991],[-65.684917,18.328164],[-65.684166,18.323754],[-65.686651,18.322573],[-65.691329,18.324264],[-65.695443,18.32499],[-65.698847,18.324063],[-65.700556,18.321949],[-65.703926,18.320826],[-65.704956,18.318546],[-65.704455,18.314186],[-65.705081,18.310945],[-65.70449,18.309347],[-65.708174,18.307931],[-65.709197,18.306563],[-65.719139,18.30667],[-65.720768,18.304081],[-65.720236,18.301855],[-65.720927,18.299897],[-65.72049,18.296057],[-65.723901,18.295668],[-65.725522,18.292077],[-65.729145,18.290424],[-65.734139,18.290521],[-65.736378,18.293137],[-65.737466,18.296076],[-65.738811,18.295493],[-65.74339,18.299447],[-65.750106,18.301285],[-65.751726,18.298344],[-65.753591,18.296755]]]]},"properties":{"shapeName":"Fajardo","shapeISO":"32010507B96449576459370","shapeGroup":"PRI","shapeType":"ADM2","src_shape_id":"32010507B96449576459370"}},
{"type":"Feature","geometry":{"type":"MultiPolygon","coordinates":[[[[-65.599921,18.256335],[-65.601228,18.254868],[-65.599564,18.252385],[-65.600039,18.248773],[-65.598495,18.246967],[-65.59588,18.247193],[-65.59279,18.248886],[-65.587918,18.247193],[-65.577341,18.246177],[-65.574845,18.249676],[-65.584947,18.256899],[-65.592077,18.25656],[-65.596593,18.255432],[-65.599921,18.256335]]],[[[-65.604838,18.213663],[-65.605113,18.211478],[-65.599037,18.211088],[-65.59884,18.212808],[-65.604838,18.213663]]],[[[-65.753591,18.296755],[-65.757383,18.293022],[-65.758861,18.290604],[-65.761818,18.289268],[-65.765593,18.283391],[-65.766831,18.280004],[-65.764652,18.278267],[-65.762477,18.271581],[-65.759483,18.269673],[-65.757971,18.267523],[-65.756361,18.267574],[-65.754091,18.26497],[-65.749618,18.262803],[-65.747586,18.262811],[-65.744952,18.261527],[-65.739352,18.260759],[-65.736385,18.258175],[-65.735449,18.256139],[-65.732153,18.255598],[-65.732281,18.254106],[-65.729865,18.252922],[-65.721489,18.252304],[-65.721749,18.257372],[-65.716888,18.257785],[-65.713811,18.257191],[-65.71257,18.255624],[-65.710209,18.256477],[-65.70567,18.256561],[-65.702403,18.259473],[-65.70037,18.256849],[-65.697188,18.256708],[-65.694818,18.254574],[-65.694418,18.251901],[-65.69325,18.250774],[-65.688436,18.251596],[-65.684234,18.253503],[-65.682145,18.251614],[-65.683922,18.247276],[-65.686616,18.246165],[-65.691013,18.23939],[-65.69287,18.238225],[-65.688857,18.235702],[-65.689308,18.233789],[-65.688319,18.231615],[-65.685986,18.230285],[-65.684164,18.230463],[-65.679832,18.226749],[-65.677605,18.226662],[-65.676356,18.225222],[-65.673553,18.226098],[-65.670649,18.223033],[-65.666814,18.223125],[-65.662057,18.225157],[-65.658364,18.224498],[-65.657799,18.222497],[-65.65949,18.220373],[-65.660247,18.217772],[-65.662639,18.215144],[-65.664467,18.214373],[-65.66367,18.212396],[-65.661523,18.210382],[-65.661893,18.207298],[-65.659682,18.207572],[-65.655879,18.205992],[-65.652551,18.202605],[-65.645802,18.19972],[-65.640833,18.202851],[-65.633788,18.201382],[-65.629251,18.204833],[-65.628647,18.208384],[-65.632086,18.210839],[-65.633705,18.216728],[-65.639392,18.219625],[-65.637718,18.223919],[-65.639154,18.228204],[-65.633163,18.233506],[-65.628655,18.234488],[-65.624057,18.232836],[-65.615794,18.227273],[-65.617208,18.225121],[-65.61175,18.219041],[-65.61271,18.215102],[-65.611994,18.211939],[-65.610283,18.212305],[-65.609786,18.214549],[-65.604801,18.220369],[-65.607329,18.224541],[-65.606043,18.227672],[-65.603283,18.230186],[-65.601856,18.230214],[-65.59502,18.224836],[-65.592994,18.224826],[-65.592833,18.226761],[-65.590348,18.228147],[-65.59064,18.229583],[-65.595173,18.230969],[-65.602306,18.237029],[-65.603708,18.241304],[-65.603547,18.243203],[-65.609432,18.251193],[-65.610121,18.255536],[-65.607108,18.257564],[-65.605029,18.260064],[-65.606409,18.261756],[-65.610845,18.260344],[-65.612477,18.257089],[-65.616548,18.253811],[-65.620898,18.254514],[-65.625176,18.256545],[-65.628741,18.261285],[-65.629964,18.266687],[-65.629726,18.270072],[-65.626399,18.271878],[-65.62212,18.272555],[-65.622358,18.275714],[-65.623784,18.281582],[-65.627112,18.283839],[-65.630713,18.285121],[-65.634367,18.283584],[-65.635414,18.284626],[-65.638199,18.284512],[-65.640793,18.282563],[-65.645968,18.281628],[-65.64909,18.28289],[-65.654073,18.282676],[-65.657334,18.28469],[-65.659499,18.284694],[-65.662458,18.286562],[-65.666438,18.287897],[-65.668229,18.284847],[-65.674925,18.283366],[-65.674752,18.279724],[-65.67926,18.274586],[-65.683216,18.275691],[-65.687023,18.279275],[-65.689921,18.280941],[-65.69072,18.283123],[-65.695013,18.28568],[-65.69871,18.282479],[-65.701499,18.278479],[-65.700309,18.276732],[-65.701662,18.274363],[-65.699892,18.273079],[-65.702853,18.270856],[-65.703937,18.272461],[-65.705787,18.272575],[-65.708931,18.27041],[-65.712166,18.270455],[-65.714423,18.269652],[-65.715397,18.267854],[-65.71751,18.267744],[-65.721188,18.270234],[-65.727948,18.271668],[-65.732684,18.2749],[-65.737739,18.273881],[-65.737798,18.276931],[-65.740477,18.280081],[-65.738596,18.280765],[-65.738482,18.283114],[-65.740663,18.286787],[-65.744001,18.28874],[-65.74547,18.291189],[-65.749216,18.293838],[-65.752748,18.295111],[-65.753591,18.296755]]]]},"properties":{"shapeName":"Ceiba","shapeISO":"32010507B71550850987381","shapeGroup":"PRI","shapeType":"ADM2","src_shape_id":"32010507B71550850987381"}},
{"type":"Feature","geometry":{"type":"Polygon","coordinates":[[[-66.606989,18.328186],[-66.611124,18.322373],[-66.607977,18.323769],[-66.604552,18.321306],[-66.602847,18.322531],[-66.600314,18.321866],[-66.598091,18.323032],[-66.594949,18.323335],[-66.594023,18.324523],[-66.586442,18.322308],[-66.585269,18.322689],[-66.581672,18.317629],[-66.583107,18.316431],[-66.58121,18.313876],[-66.57804,18.313876],[-66.575854,18.30989],[-66.572976,18.308931],[-66.572612,18.306261],[-66.570345,18.301925],[-66.569005,18.301503],[-66.56662,18.298549],[-66.566536,18.297044],[-66.564004,18.294764],[-66.561637,18.294346],[-66.560936,18.293025],[-66.562132,18.290901],[-66.561897,18.288125],[-66.562934,18.287066],[-66.560599,18.283547],[-66.554703,18.281583],[-66.558104,18.276628],[-66.55792,18.271563],[-66.556158,18.271586],[-66.556145,18.268778],[-66.5594,18.269389],[-66.558814,18.267104],[-66.556126,18.264957],[-66.557494,18.262934],[-66.560182,18.26208],[-66.55844,18.257337],[-66.555588,18.254607],[-66.557989,18.25324],[-66.562152,18.253763],[-66.561931,18.250272],[-66.561032,18.247381],[-66.563188,18.246184],[-66.56446,18.242793],[-66.562377,18.240415],[-66.555228,18.237327],[-66.548883,18.220567],[-66.545527,18.220736],[-66.542106,18.215179],[-66.538865,18.214231],[-66.536605,18.20894],[-66.53643,18.206288],[-66.532725,18.200519],[-66.533181,18.195863],[-66.535906,18.192467],[-66.536716,18.188631],[-66.533766,18.185228],[-66.533771,18.183915],[-66.531023,18.180137],[-66.532241,18.176804],[-66.536286,18.177017],[-66.538791,18.176376],[-66.537577,18.173603],[-66.541414,18.168918],[-66.540813,18.165711],[-66.543133,18.163098],[-66.54205,18.161842],[-66.538421,18.16003],[-66.533564,18.158912],[-66.530968,18.155689],[-66.527159,18.158871],[-66.526393,18.160787],[-66.52264,18.161713],[-66.519919,18.163836],[-66.518176,18.166772],[-66.515316,18.167675],[-66.512907,18.165931],[-66.511816,18.167816],[-66.512612,18.171147],[-66.511426,18.173371],[-66.51105,18.178101],[-66.51295,18.180396],[-66.512987,18.18374],[-66.515248,18.185135],[-66.51361,18.187855],[-66.51465,18.192122],[-66.513282,18.193498],[-66.511911,18.20015],[-66.512798,18.204508],[-66.512241,18.206114],[-66.514044,18.207247],[-66.512364,18.210321],[-66.514466,18.214014],[-66.516403,18.219704],[-66.516489,18.222199],[-66.517712,18.225934],[-66.516779,18.228627],[-66.515435,18.2297],[-66.511454,18.23041],[-66.509506,18.22967],[-66.50814,18.231629],[-66.506915,18.236583],[-66.507687,18.238395],[-66.509828,18.238965],[-66.509929,18.240695],[-66.512227,18.242659],[-66.508251,18.249158],[-66.505932,18.250627],[-66.503091,18.25032],[-66.501864,18.252427],[-66.501073,18.256842],[-66.498262,18.254593],[-66.496961,18.252327],[-66.493739,18.252076],[-66.491997,18.253063],[-66.48947,18.25238],[-66.483008,18.252588],[-66.475942,18.250162],[-66.472393,18.247047],[-66.466652,18.245899],[-66.460768,18.249115],[-66.457316,18.249459],[-66.45419,18.251157],[-66.455203,18.252542],[-66.453903,18.256148],[-66.455703,18.257726],[-66.458175,18.258432],[-66.458628,18.259886],[-66.455195,18.263249],[-66.459137,18.263873],[-66.459948,18.264786],[-66.459128,18.26857],[-66.462106,18.271956],[-66.460756,18.273584],[-66.462503,18.275323],[-66.460454,18.278548],[-66.461718,18.28191],[-66.464589,18.28275],[-66.462496,18.284833],[-66.460969,18.288984],[-66.458169,18.292045],[-66.459773,18.295255],[-66.458574,18.297155],[-66.461234,18.299146],[-66.461474,18.3006],[-66.458084,18.303284],[-66.457055,18.300128],[-66.454837,18.300674],[-66.456058,18.304568],[-66.453368,18.309318],[-66.454542,18.313039],[-66.454289,18.332654],[-66.460037,18.343484],[-66.462894,18.346815],[-66.465142,18.352237],[-66.464005,18.359842],[-66.464411,18.36089],[-66.463211,18.371473],[-66.466945,18.371834],[-66.468901,18.369812],[-66.473346,18.367604],[-66.476158,18.367511],[-66.48343,18.36604],[-66.490678,18.365452],[-66.493797,18.36626],[-66.496601,18.366028],[-66.499262,18.364052],[-66.500628,18.364865],[-66.506214,18.363591],[-66.509687,18.362078],[-66.511776,18.362003],[-66.518744,18.356999],[-66.518997,18.354436],[-66.523317,18.354924],[-66.5276,18.35288],[-66.528304,18.350564],[-66.53099,18.350261],[-66.533623,18.351333],[-66.536173,18.348762],[-66.537105,18.346335],[-66.53973,18.344392],[-66.545224,18.343492],[-66.546745,18.34243],[-66.551958,18.341249],[-66.556678,18.341146],[-66.558696,18.341823],[-66.561052,18.340666],[-66.563001,18.342913],[-66.565168,18.340849],[-66.569882,18.340772],[-66.573822,18.342517],[-66.580528,18.340197],[-66.581616,18.340497],[-66.586087,18.337308],[-66.587874,18.339148],[-66.590785,18.33806],[-66.595271,18.338019],[-66.597353,18.339216],[-66.600229,18.339603],[-66.600183,18.337108],[-66.601496,18.334619],[-66.604488,18.331647],[-66.606708,18.331486],[-66.606989,18.328186]]]},"properties":{"shapeName":"Ciales","shapeISO":"32010507B34283188720428","shapeGroup":"PRI","shapeType":"ADM2","src_shape_id":"32010507B34283188720428"}},
{"type":"Feature","geometry":{"type":"Polygon","coordinates":[[[-66.036526,18.450249],[-66.038248,18.446367],[-66.040448,18.44653],[-66.042969,18.444174],[-66.039191,18.440822],[-66.035878,18.439285],[-66.03272,18.436691],[-66.031406,18.431593],[-66.029551,18.427223],[-66.02381,18.423084],[-66.019988,18.419877],[-66.012466,18.417286],[-66.008962,18.413743],[-66.003755,18.411226],[-65.999956,18.410346],[-65.99292,18.407106],[-65.991766,18.403603],[-65.991427,18.398484],[-65.997127,18.39683],[-65.997995,18.395346],[-66.002926,18.394824],[-66.003527,18.388351],[-66.002804,18.384877],[-65.999556,18.380065],[-65.997753,18.37837],[-65.994258,18.377202],[-65.991498,18.377004],[-65.991499,18.372371],[-65.989496,18.369857],[-65.989643,18.36584],[-65.9832,18.360195],[-65.98103,18.356324],[-65.981031,18.353992],[-65.979528,18.35302],[-65.975571,18.352701],[-65.975247,18.349187],[-65.97438,18.348666],[-65.972785,18.344157],[-65.969705,18.343405],[-65.96975,18.340431],[-65.967194,18.339871],[-65.969573,18.336138],[-65.969832,18.334088],[-65.967583,18.331875],[-65.966352,18.329359],[-65.963624,18.32938],[-65.962269,18.327361],[-65.963261,18.325377],[-65.961383,18.322722],[-65.958647,18.322499],[-65.956602,18.31831],[-65.954316,18.317844],[-65.952698,18.316193],[-65.950477,18.315563],[-65.948679,18.312171],[-65.947264,18.31144],[-65.940897,18.311573],[-65.939096,18.309559],[-65.941661,18.305044],[-65.940406,18.303331],[-65.94018,18.300378],[-65.943603,18.299075],[-65.942259,18.296934],[-65.942429,18.293469],[-65.93908,18.288454],[-65.939296,18.286771],[-65.935945,18.284162],[-65.935419,18.28267],[-65.928399,18.276884],[-65.923306,18.274734],[-65.924233,18.27271],[-65.918535,18.27013],[-65.912442,18.271838],[-65.908799,18.271232],[-65.907258,18.272172],[-65.909384,18.276337],[-65.909014,18.279212],[-65.909974,18.280735],[-65.909099,18.282918],[-65.909791,18.285606],[-65.911677,18.287216],[-65.913343,18.287184],[-65.915617,18.293802],[-65.908584,18.295291],[-65.907115,18.297809],[-65.909414,18.299089],[-65.909347,18.302166],[-65.910709,18.307225],[-65.909144,18.308633],[-65.905466,18.308879],[-65.904386,18.310196],[-65.90584,18.315424],[-65.904104,18.315366],[-65.903141,18.320657],[-65.905321,18.323138],[-65.908793,18.323198],[-65.909287,18.327917],[-65.905834,18.331705],[-65.906756,18.332962],[-65.90615,18.336837],[-65.909368,18.340809],[-65.908002,18.343654],[-65.909904,18.345519],[-65.911197,18.343827],[-65.915351,18.342997],[-65.916926,18.344543],[-65.919774,18.345125],[-65.919355,18.346556],[-65.915716,18.348487],[-65.916239,18.351642],[-65.915865,18.35415],[-65.91779,18.357984],[-65.916605,18.360333],[-65.918632,18.361683],[-65.91768,18.363231],[-65.917118,18.37],[-65.919261,18.372224],[-65.916751,18.373348],[-65.916295,18.376953],[-65.91309,18.378869],[-65.916544,18.380058],[-65.914846,18.382472],[-65.918848,18.384203],[-65.922388,18.386876],[-65.923708,18.385853],[-65.928676,18.386868],[-65.928782,18.390959],[-65.93134,18.393679],[-65.929781,18.395915],[-65.926706,18.396848],[-65.926773,18.398083],[-65.924131,18.401583],[-65.919318,18.400277],[-65.919278,18.402993],[-65.91976,18.405009],[-65.919596,18.409777],[-65.920085,18.411175],[-65.924142,18.411478],[-65.928374,18.412946],[-65.926171,18.415596],[-65.930859,18.422771],[-65.9304,18.428478],[-65.932598,18.428424],[-65.949098,18.434705],[-65.953979,18.437155],[-65.957212,18.433471],[-65.961461,18.433368],[-65.963358,18.434326],[-65.965222,18.432578],[-65.967349,18.433548],[-65.969887,18.437715],[-65.970901,18.440372],[-65.974141,18.440701],[-65.976726,18.442334],[-65.980791,18.442257],[-65.984431,18.442824],[-65.985793,18.444801],[-65.985038,18.450587],[-65.986324,18.454382],[-65.98936,18.455856],[-65.990556,18.457474],[-65.993295,18.458226],[-65.996466,18.450311],[-66.001695,18.446929],[-66.009538,18.444674],[-66.016193,18.446478],[-66.02166,18.444223],[-66.029979,18.446478],[-66.036526,18.450249]]]},"properties":{"shapeName":"Carolina","shapeISO":"32010507B91435435365169","shapeGroup":"PRI","shapeType":"ADM2","src_shape_id":"32010507B91435435365169"}},
{"type":"Feature","geometry":{"type":"Polygon","coordinates":[[[-66.606989,18.328186],[-66.611779,18.329721],[-66.612414,18.331349],[-66.619029,18.331805],[-66.621418,18.330708],[-66.624323,18.328323],[-66.628731,18.327872],[-66.632008,18.32813],[-66.63231,18.326801],[-66.634755,18.325331],[-66.639155,18.324559],[-66.642193,18.326793],[-66.645529,18.325581],[-66.648635,18.326608],[-66.650031,18.328393],[-66.65344,18.327262],[-66.654487,18.324417],[-66.657522,18.321932],[-66.661789,18.320686],[-66.664148,18.322053],[-66.666888,18.322414],[-66.67158,18.324509],[-66.67494,18.323813],[-66.679057,18.321758],[-66.681521,18.322332],[-66.683006,18.32085],[-66.685389,18.321171],[-66.687815,18.320116],[-66.690192,18.321653],[-66.691567,18.321296],[-66.695763,18.322093],[-66.698336,18.320801],[-66.702916,18.320592],[-66.70661,18.316945],[-66.710474,18.315439],[-66.715886,18.315205],[-66.717302,18.315681],[-66.719342,18.319517],[-66.720032,18.323085],[-66.721266,18.323819],[-66.720854,18.327387],[-66.72268,18.331751],[-66.722528,18.333369],[-66.720374,18.335108],[-66.720301,18.337629],[-66.723462,18.33985],[-66.730441,18.349484],[-66.734333,18.347693],[-66.735947,18.349675],[-66.738046,18.34822],[-66.741193,18.34425],[-66.743798,18.343566],[-66.7462,18.341978],[-66.752559,18.339128],[-66.754409,18.337303],[-66.757298,18.33673],[-66.758883,18.334744],[-66.761133,18.333873],[-66.762378,18.332144],[-66.765203,18.332131],[-66.76864,18.325993],[-66.770072,18.325013],[-66.770363,18.320645],[-66.785096,18.32146],[-66.825621,18.323298],[-66.826128,18.323382],[-66.824991,18.320177],[-66.82342,18.318332],[-66.827431,18.314638],[-66.826859,18.312165],[-66.824327,18.310559],[-66.825255,18.309256],[-66.824841,18.305255],[-66.82365,18.303328],[-66.826325,18.302277],[-66.8267,18.300519],[-66.824855,18.295761],[-66.826243,18.29104],[-66.82975,18.287373],[-66.828601,18.282835],[-66.829893,18.280954],[-66.830484,18.277751],[-66.827265,18.277893],[-66.827121,18.272805],[-66.828759,18.269083],[-66.825382,18.266881],[-66.825896,18.262416],[-66.827562,18.260158],[-66.826139,18.257034],[-66.827209,18.244096],[-66.82418,18.243348],[-66.823511,18.23971],[-66.820308,18.236837],[-66.817558,18.235424],[-66.817271,18.230336],[-66.814672,18.230319],[-66.811088,18.228817],[-66.809741,18.229475],[-66.803512,18.227425],[-66.800469,18.227842],[-66.798759,18.230026],[-66.800169,18.235588],[-66.800355,18.242347],[-66.798839,18.243714],[-66.794819,18.243341],[-66.795294,18.245847],[-66.794319,18.246838],[-66.794425,18.24988],[-66.78899,18.24977],[-66.785038,18.248567],[-66.781701,18.250248],[-66.777346,18.247212],[-66.777732,18.246282],[-66.77596,18.242949],[-66.773759,18.241278],[-66.769554,18.24159],[-66.767534,18.239186],[-66.764751,18.237695],[-66.76408,18.234512],[-66.76174,18.232504],[-66.762729,18.230947],[-66.760827,18.229525],[-66.760626,18.225895],[-66.756518,18.225178],[-66.755807,18.223289],[-66.751371,18.223839],[-66.748107,18.222169],[-66.743206,18.22249],[-66.739358,18.220517],[-66.735977,18.224199],[-66.732181,18.225759],[-66.729926,18.22526],[-66.72675,18.223402],[-66.724771,18.220887],[-66.720096,18.221935],[-66.718468,18.220531],[-66.716077,18.221296],[-66.71111,18.218201],[-66.707725,18.216701],[-66.701102,18.217122],[-66.700079,18.215995],[-66.696302,18.215342],[-66.69373,18.216891],[-66.692572,18.215883],[-66.691841,18.211802],[-66.687383,18.210019],[-66.68132,18.204165],[-66.681303,18.20045],[-66.682663,18.198486],[-66.68507,18.197073],[-66.684721,18.194102],[-66.681943,18.189982],[-66.680358,18.185956],[-66.67851,18.185337],[-66.676062,18.182921],[-66.672963,18.181949],[-66.670441,18.179637],[-66.667662,18.176016],[-66.664697,18.175465],[-66.664811,18.172616],[-66.667072,18.170882],[-66.667818,18.168123],[-66.670241,18.165638],[-66.67055,18.163784],[-66.676923,18.16008],[-66.677066,18.157106],[-66.675698,18.153903],[-66.675622,18.150743],[-66.671945,18.15323],[-66.670494,18.152831],[-66.669569,18.152267],[-66.66423,18.153584],[-66.662885,18.155415],[-66.660323,18.156855],[-66.65675,18.156597],[-66.653183,18.159149],[-66.649467,18.158857],[-66.650358,18.160579],[-66.649573,18.162973],[-66.651661,18.166226],[-66.651568,18.169507],[-66.653401,18.170708],[-66.650616,18.175848],[-66.652243,18.182497],[-66.647667,18.18375],[-66.64221,18.183241],[-66.641161,18.186074],[-66.642364,18.189549],[-66.641929,18.192874],[-66.64375,18.194608],[-66.642883,18.196188],[-66.640681,18.197026],[-66.639939,18.200857],[-66.638335,18.203097],[-66.63968,18.207003],[-66.636753,18.207613],[-66.631797,18.21347],[-66.628271,18.215899],[-66.629527,18.220636],[-66.628131,18.22306],[-66.628418,18.225014],[-66.626879,18.230037],[-66.629851,18.233229],[-66.628729,18.236077],[-66.626513,18.233509],[-66.625564,18.235474],[-66.624977,18.246876],[-66.622383,18.248696],[-66.619671,18.249353],[-66.616125,18.247322],[-66.614782,18.243883],[-66.612776,18.241854],[-66.607963,18.240192],[-66.606736,18.23848],[-66.604633,18.242935],[-66.602141,18.251465],[-66.599745,18.251874],[-66.59927,18.253934],[-66.600466,18.255136],[-66.599093,18.258788],[-66.597374,18.260431],[-66.60137,18.264715],[-66.599282,18.266073],[-66.598974,18.268716],[-66.596449,18.270785],[-66.596886,18.27457],[-66.595288,18.27691],[-66.596166,18.278732],[-66.59806,18.279245],[-66.595616,18.283297],[-66.591971,18.282972],[-66.587297,18.284061],[-66.583832,18.283935],[-66.580381,18.284672],[-66.578757,18.284049],[-66.575903,18.286382],[-66.573305,18.290944],[-66.573365,18.294931],[-66.574366,18.295937],[-66.573338,18.300317],[-66.569469,18.300169],[-66.56662,18.298549],[-66.569005,18.301503],[-66.570345,18.301925],[-66.572612,18.306261],[-66.572976,18.308931],[-66.575854,18.30989],[-66.57804,18.313876],[-66.58121,18.313876],[-66.583107,18.316431],[-66.581672,18.317629],[-66.585269,18.322689],[-66.586442,18.322308],[-66.594023,18.324523],[-66.594949,18.323335],[-66.598091,18.323032],[-66.600314,18.321866],[-66.602847,18.322531],[-66.604552,18.321306],[-66.607977,18.323769],[-66.611124,18.322373],[-66.606989,18.328186]]]},"properties":{"shapeName":"Utuado","shapeISO":"32010507B18801000784875","shapeGroup":"PRI","shapeType":"ADM2","src_shape_id":"32010507B18801000784875"}},
{"type":"Feature","geometry":{"type":"MultiPolygon","coordinates":[[[[-66.529902,17.883959],[-66.528238,17.88328],[-66.525148,17.887239],[-66.520157,17.89131],[-66.51576,17.892441],[-66.513977,17.893911],[-66.513146,17.89606],[-66.510769,17.89753],[-66.50958,17.899339],[-66.510769,17.902053],[-66.514096,17.902845],[-66.518256,17.899792],[-66.521821,17.898435],[-66.526099,17.893685],[-66.529902,17.883959]]],[[[-66.670494,18.152831],[-66.670466,18.150784],[-66.672745,18.14763],[-66.671848,18.144823],[-66.674653,18.135721],[-66.676581,18.132887],[-66.676951,18.129977],[-66.681047,18.129585],[-66.684521,18.131627],[-66.686326,18.131822],[-66.689785,18.130745],[-66.690693,18.129625],[-66.69407,18.130534],[-66.692089,18.125629],[-66.688714,18.124287],[-66.688383,18.122696],[-66.684467,18.118586],[-66.684568,18.112033],[-66.679249,18.104557],[-66.678124,18.099953],[-66.679221,18.097888],[-66.679366,18.094662],[-66.676835,18.090626],[-66.678078,18.088758],[-66.678387,18.084757],[-66.680203,18.082103],[-66.67939,18.081123],[-66.680718,18.074786],[-66.679328,18.072408],[-66.682309,18.066288],[-66.684408,18.065014],[-66.685103,18.058894],[-66.687759,18.053009],[-66.685514,18.047329],[-66.685942,18.045486],[-66.689446,18.040257],[-66.689853,18.036041],[-66.689008,18.027648],[-66.686971,18.021125],[-66.686494,18.016031],[-66.688176,18.013355],[-66.687859,18.00963],[-66.689138,18.007357],[-66.690022,18.003736],[-66.689533,18.000602],[-66.687817,17.998414],[-66.689267,17.994045],[-66.686768,17.991486],[-66.688818,17.988359],[-66.691964,17.98684],[-66.691778,17.985012],[-66.693203,17.983328],[-66.698097,17.981617],[-66.69914,17.97747],[-66.686926,17.973705],[-66.680746,17.973705],[-66.67623,17.970766],[-66.672902,17.967148],[-66.663395,17.968731],[-66.660305,17.973026],[-66.655552,17.976644],[-66.64961,17.979357],[-66.642479,17.981391],[-66.627506,17.982748],[-66.622514,17.980713],[-66.617998,17.977774],[-66.617048,17.970766],[-66.621088,17.967374],[-66.615622,17.96534],[-66.612769,17.962852],[-66.608967,17.964887],[-66.607303,17.968505],[-66.598509,17.968505],[-66.594706,17.970313],[-66.590903,17.969409],[-66.586149,17.966696],[-66.583535,17.961948],[-66.579019,17.961722],[-66.57379,17.963983],[-66.569274,17.96647],[-66.564996,17.96647],[-66.558816,17.968279],[-66.553825,17.972348],[-66.548596,17.974609],[-66.545268,17.974835],[-66.542179,17.973705],[-66.539731,17.974481],[-66.539231,17.976842],[-66.539824,17.981195],[-66.538961,17.985814],[-66.541596,17.991605],[-66.540091,17.994022],[-66.535781,17.992778],[-66.536489,17.997555],[-66.534037,17.997687],[-66.530668,18.001255],[-66.53042,18.003075],[-66.532833,18.004374],[-66.535109,18.008266],[-66.535128,18.010785],[-66.5372,18.013056],[-66.535803,18.016391],[-66.537713,18.021788],[-66.540659,18.022861],[-66.538905,18.025506],[-66.54236,18.031468],[-66.542264,18.03287],[-66.537968,18.038278],[-66.53734,18.041286],[-66.54185,18.045188],[-66.542961,18.050536],[-66.545652,18.05238],[-66.546173,18.053798],[-66.543844,18.05774],[-66.544201,18.059758],[-66.546062,18.06255],[-66.546223,18.065985],[-66.545258,18.068753],[-66.548702,18.072935],[-66.550298,18.076099],[-66.549802,18.078777],[-66.551382,18.081792],[-66.55542,18.084516],[-66.555251,18.086526],[-66.55349,18.087985],[-66.553561,18.090342],[-66.552457,18.092478],[-66.549801,18.093982],[-66.549059,18.095624],[-66.550908,18.102052],[-66.55434,18.105481],[-66.555076,18.113582],[-66.555698,18.115719],[-66.55799,18.114986],[-66.561587,18.115293],[-66.562051,18.123015],[-66.564479,18.125083],[-66.565363,18.129715],[-66.562844,18.131942],[-66.562749,18.137087],[-66.564527,18.138354],[-66.563319,18.143216],[-66.562127,18.144581],[-66.554278,18.148202],[-66.552666,18.149705],[-66.552766,18.152057],[-66.554187,18.153009],[-66.559858,18.153864],[-66.561424,18.155069],[-66.561443,18.157695],[-66.566666,18.158881],[-66.568008,18.16221],[-66.572047,18.163913],[-66.572318,18.166061],[-66.574834,18.16823],[-66.580551,18.167968],[-66.58457,18.168387],[-66.588686,18.169614],[-66.590318,18.172162],[-66.593292,18.170745],[-66.596177,18.171397],[-66.598776,18.169939],[-66.599101,18.16741],[-66.601448,18.165295],[-66.604372,18.166258],[-66.607901,18.16413],[-66.608919,18.161952],[-66.611551,18.1611],[-66.612802,18.159077],[-66.617211,18.15792],[-66.621075,18.15789],[-66.624041,18.156512],[-66.627092,18.158573],[-66.628695,18.158625],[-66.632143,18.153421],[-66.631215,18.152598],[-66.631721,18.149772],[-66.636604,18.151677],[-66.643133,18.156747],[-66.646196,18.157308],[-66.649467,18.158857],[-66.653183,18.159149],[-66.65675,18.156597],[-66.660323,18.156855],[-66.662885,18.155415],[-66.66423,18.153584],[-66.669569,18.152267],[-66.670494,18.152831]]]]},"properties":{"shapeName":"Ponce","shapeISO":"32010507B29369551718499","shapeGroup":"PRI","shapeType":"ADM2","src_shape_id":"32010507B29369551718499"}},
{"type":"Feature","geometry":{"type":"Polygon","coordinates":[[[-67.180111,18.168478],[-67.182963,18.168478],[-67.185578,18.163962],[-67.181299,18.159671],[-67.178447,18.158316],[-67.177259,18.15425],[-67.176783,18.150411],[-67.17821,18.144087],[-67.182488,18.13844],[-67.186528,18.136633],[-67.186053,18.130309],[-67.183201,18.126921],[-67.183201,18.123081],[-67.184152,18.119692],[-67.182012,18.113819],[-67.18225,18.109979],[-67.183914,18.103879],[-67.187954,18.100942],[-67.195085,18.097101],[-67.200076,18.091001],[-67.201264,18.081964],[-67.201027,18.076993],[-67.198412,18.072022],[-67.196511,18.066599],[-67.201027,18.060272],[-67.202691,18.056431],[-67.20174,18.052815],[-67.198888,18.049199],[-67.201027,18.046036],[-67.20578,18.041064],[-67.210296,18.03564],[-67.198412,18.032928],[-67.178923,18.027052],[-67.173931,18.025018],[-67.171792,18.021401],[-67.172505,18.015751],[-67.174407,18.011004],[-67.17821,18.00897],[-67.182725,18.008518],[-67.191282,18.004449],[-67.198888,18.002189],[-67.207919,17.998572],[-67.212911,17.993825],[-67.215288,17.987495],[-67.21505,17.982748],[-67.213386,17.978452],[-67.212476,17.968613],[-67.21426,17.961684],[-67.212435,17.956748],[-67.212744,17.952635],[-67.204592,17.953356],[-67.199363,17.952678],[-67.194609,17.948834],[-67.193279,17.942047],[-67.194334,17.938982],[-67.196785,17.937021],[-67.194406,17.932813],[-67.190328,17.933314],[-67.187452,17.933056],[-67.186055,17.931152],[-67.183438,17.93097],[-67.182728,17.934358],[-67.183668,17.93835],[-67.188737,17.942772],[-67.190807,17.947704],[-67.190807,17.95313],[-67.189157,17.956794],[-67.185277,17.961422],[-67.180586,17.964435],[-67.174169,17.966244],[-67.169891,17.965792],[-67.163236,17.960592],[-67.159195,17.956522],[-67.158482,17.953808],[-67.147787,17.953808],[-67.141845,17.954035],[-67.137566,17.952226],[-67.128534,17.946799],[-67.124256,17.946121],[-67.116888,17.946121],[-67.109971,17.945236],[-67.109513,17.948908],[-67.107679,17.951999],[-67.106471,17.957237],[-67.107274,17.963823],[-67.105926,17.967848],[-67.10398,17.970331],[-67.102278,17.974957],[-67.103061,17.976077],[-67.109247,17.977825],[-67.109719,18.009864],[-67.111255,18.012541],[-67.110119,18.015643],[-67.110681,18.018314],[-67.113393,18.024032],[-67.1134,18.030365],[-67.115765,18.031462],[-67.115515,18.033967],[-67.113195,18.037828],[-67.110922,18.0396],[-67.112252,18.042615],[-67.113657,18.04305],[-67.114143,18.046226],[-67.110675,18.05111],[-67.109044,18.056085],[-67.10711,18.06178],[-67.104589,18.063248],[-67.103198,18.065741],[-67.09912,18.067358],[-67.098626,18.071374],[-67.101267,18.074203],[-67.105566,18.073861],[-67.106123,18.079693],[-67.104757,18.081525],[-67.105856,18.084012],[-67.104766,18.085394],[-67.10472,18.090089],[-67.103132,18.092044],[-67.103981,18.094749],[-67.104044,18.098804],[-67.10277,18.099439],[-67.102571,18.10361],[-67.100492,18.106395],[-67.103154,18.105206],[-67.107108,18.105967],[-67.110723,18.108725],[-67.112388,18.108761],[-67.116012,18.111377],[-67.119512,18.111858],[-67.121959,18.11411],[-67.123039,18.113646],[-67.126157,18.115143],[-67.128363,18.11999],[-67.133158,18.121415],[-67.13345,18.123016],[-67.136059,18.127866],[-67.133754,18.131867],[-67.136507,18.133013],[-67.140598,18.133081],[-67.141189,18.137063],[-67.148452,18.140715],[-67.151012,18.144689],[-67.153978,18.145299],[-67.153478,18.149192],[-67.156013,18.15012],[-67.156421,18.151561],[-67.159733,18.153227],[-67.162066,18.152415],[-67.164245,18.155041],[-67.166722,18.1555],[-67.165997,18.157368],[-67.167312,18.158915],[-67.171331,18.159301],[-67.173015,18.162471],[-67.177874,18.165595],[-67.180111,18.168478]]]},"properties":{"shapeName":"Cabo Rojo","shapeISO":"32010507B73379646065034","shapeGroup":"PRI","shapeType":"ADM2","src_shape_id":"32010507B73379646065034"}},
{"type":"Feature","geometry":{"type":"Polygon","coordinates":[[[-65.576166,18.107897],[-65.578066,18.102064],[-65.572525,18.098933],[-65.570878,18.093809],[-65.560247,18.086122],[-65.549615,18.083418],[-65.541679,18.080855],[-65.537636,18.081567],[-65.532844,18.080144],[-65.528652,18.08171],[-65.524459,18.082279],[-65.519218,18.085838],[-65.511581,18.090108],[-65.503944,18.092954],[-65.500051,18.093239],[-65.491216,18.09509],[-65.489719,18.093809],[-65.479237,18.096228],[-65.474296,18.09509],[-65.474595,18.088115],[-65.473397,18.086692],[-65.466659,18.087688],[-65.457525,18.087973],[-65.452284,18.086122],[-65.447642,18.087261],[-65.444647,18.088969],[-65.444647,18.091104],[-65.442251,18.09267],[-65.439406,18.09267],[-65.43716,18.091246],[-65.432368,18.09267],[-65.427128,18.093524],[-65.423234,18.095944],[-65.421587,18.098933],[-65.416646,18.102206],[-65.412004,18.105764],[-65.403319,18.108468],[-65.402121,18.110034],[-65.399725,18.10918],[-65.395233,18.109322],[-65.392388,18.107757],[-65.39089,18.1116],[-65.387896,18.112311],[-65.383104,18.106049],[-65.374419,18.108041],[-65.376066,18.112027],[-65.376066,18.114731],[-65.372772,18.117008],[-65.37367,18.121419],[-65.370526,18.123981],[-65.365884,18.124693],[-65.359145,18.12455],[-65.355402,18.12512],[-65.35091,18.122843],[-65.355252,18.116296],[-65.356001,18.112311],[-65.346418,18.11103],[-65.342225,18.112027],[-65.337882,18.114731],[-65.335037,18.118004],[-65.334139,18.120992],[-65.328149,18.121704],[-65.326053,18.12512],[-65.32216,18.126258],[-65.319165,18.125831],[-65.316919,18.123554],[-65.314822,18.125404],[-65.312127,18.125689],[-65.309132,18.123981],[-65.306287,18.126116],[-65.307934,18.131381],[-65.307335,18.133943],[-65.304191,18.134227],[-65.300896,18.133658],[-65.297153,18.1301],[-65.295955,18.127112],[-65.29281,18.1301],[-65.284874,18.13195],[-65.28173,18.132377],[-65.277836,18.13195],[-65.273344,18.129673],[-65.267355,18.1338],[-65.267205,18.135508],[-65.274692,18.135223],[-65.278435,18.138638],[-65.282928,18.14433],[-65.286971,18.145896],[-65.288468,18.14803],[-65.291014,18.147461],[-65.294158,18.1449],[-65.295506,18.142623],[-65.301196,18.143334],[-65.30449,18.142623],[-65.308683,18.145611],[-65.311528,18.1449],[-65.316769,18.145611],[-65.320662,18.146749],[-65.324855,18.14988],[-65.332492,18.147888],[-65.335187,18.149453],[-65.341925,18.150022],[-65.346567,18.151587],[-65.351808,18.154148],[-65.357199,18.155714],[-65.360793,18.153579],[-65.365884,18.158417],[-65.372323,18.158417],[-65.37936,18.158986],[-65.383403,18.16112],[-65.397778,18.162685],[-65.415448,18.16112],[-65.427277,18.159413],[-65.43701,18.158844],[-65.445096,18.155429],[-65.44315,18.150591],[-65.445096,18.147034],[-65.459921,18.144473],[-65.467557,18.143477],[-65.474146,18.141911],[-65.486574,18.1375],[-65.496907,18.135366],[-65.502746,18.135792],[-65.511889,18.133367],[-65.516822,18.129246],[-65.525208,18.127966],[-65.532844,18.124408],[-65.544524,18.119996],[-65.551412,18.119569],[-65.560247,18.120566],[-65.568183,18.120139],[-65.573873,18.119285],[-65.578066,18.119569],[-65.57582,18.112169],[-65.576166,18.107897]]]},"properties":{"shapeName":"Vieques","shapeISO":"32010507B52057892334666","shapeGroup":"PRI","shapeType":"ADM2","src_shape_id":"32010507B52057892334666"}},
{"type":"Feature","geometry":{"type":"Polygon","coordinates":[[[-66.303663,18.384077],[-66.306715,18.384224],[-66.311544,18.380807],[-66.314158,18.380801],[-66.316545,18.375127],[-66.319241,18.371507],[-66.318764,18.367411],[-66.313869,18.365615],[-66.312506,18.364399],[-66.307672,18.364938],[-66.307036,18.368109],[-66.304885,18.369633],[-66.30388,18.36662],[-66.297348,18.360959],[-66.294431,18.35941],[-66.29011,18.355177],[-66.286165,18.348277],[-66.285115,18.34577],[-66.279394,18.334508],[-66.278076,18.329975],[-66.274255,18.330626],[-66.272485,18.328811],[-66.268511,18.329073],[-66.267027,18.330031],[-66.263489,18.329748],[-66.261669,18.331104],[-66.258509,18.331909],[-66.253704,18.330157],[-66.251799,18.327647],[-66.248481,18.32601],[-66.245492,18.331492],[-66.241874,18.331272],[-66.241155,18.332955],[-66.237798,18.332969],[-66.235337,18.328496],[-66.232044,18.324134],[-66.229016,18.326022],[-66.225459,18.330161],[-66.22193,18.331817],[-66.22076,18.333338],[-66.217179,18.334194],[-66.215276,18.331627],[-66.215423,18.329627],[-66.213654,18.326901],[-66.213257,18.32431],[-66.211724,18.323557],[-66.207758,18.323896],[-66.204734,18.316035],[-66.20441,18.316512],[-66.201531,18.328983],[-66.203615,18.336673],[-66.199554,18.339888],[-66.200471,18.347138],[-66.198469,18.351392],[-66.199501,18.355285],[-66.197293,18.360199],[-66.197621,18.365337],[-66.199453,18.368937],[-66.199232,18.373007],[-66.197767,18.376732],[-66.19698,18.389289],[-66.232501,18.400995],[-66.234345,18.401464],[-66.24052,18.397019],[-66.241933,18.396917],[-66.244279,18.394761],[-66.246866,18.395928],[-66.250975,18.395534],[-66.252554,18.394187],[-66.254976,18.390107],[-66.257338,18.38949],[-66.25769,18.387842],[-66.259829,18.387118],[-66.263431,18.3881],[-66.266234,18.386028],[-66.270039,18.385818],[-66.271596,18.383741],[-66.273176,18.384773],[-66.276256,18.384398],[-66.277153,18.385517],[-66.282309,18.383101],[-66.286441,18.38318],[-66.287119,18.385111],[-66.291366,18.385057],[-66.293893,18.384406],[-66.303663,18.384077]]]},"properties":{"shapeName":"Toa Alta","shapeISO":"32010507B81379947560815","shapeGroup":"PRI","shapeType":"ADM2","src_shape_id":"32010507B81379947560815"}},
{"type":"Feature","geometry":{"type":"Polygon","coordinates":[[[-67.100492,18.106395],[-67.09726,18.107303],[-67.093315,18.106735],[-67.091117,18.104954],[-67.087261,18.105523],[-67.086815,18.106452],[-67.08105,18.106715],[-67.079048,18.110264],[-67.081076,18.111291],[-67.077937,18.112963],[-67.077898,18.116032],[-67.083684,18.119045],[-67.0859,18.12112],[-67.092119,18.125369],[-67.092544,18.127255],[-67.091026,18.132042],[-67.09415,18.1349],[-67.09273,18.13736],[-67.093114,18.142785],[-67.09093,18.14246],[-67.092485,18.146314],[-67.089319,18.148958],[-67.087163,18.148527],[-67.088032,18.146232],[-67.085992,18.144281],[-67.084016,18.148186],[-67.086359,18.149829],[-67.092712,18.152012],[-67.094779,18.155724],[-67.096866,18.156404],[-67.097987,18.15865],[-67.100994,18.157007],[-67.103997,18.158034],[-67.10548,18.157364],[-67.108689,18.159914],[-67.112443,18.160334],[-67.11541,18.158232],[-67.118695,18.157959],[-67.120825,18.155959],[-67.122943,18.157514],[-67.126002,18.158415],[-67.129233,18.158135],[-67.13211,18.155208],[-67.13729,18.152103],[-67.138063,18.153341],[-67.140833,18.153109],[-67.143439,18.155601],[-67.144891,18.154282],[-67.147637,18.155077],[-67.151773,18.153712],[-67.157654,18.156201],[-67.159733,18.153227],[-67.156421,18.151561],[-67.156013,18.15012],[-67.153478,18.149192],[-67.153978,18.145299],[-67.151012,18.144689],[-67.148452,18.140715],[-67.141189,18.137063],[-67.140598,18.133081],[-67.136507,18.133013],[-67.133754,18.131867],[-67.136059,18.127866],[-67.13345,18.123016],[-67.133158,18.121415],[-67.128363,18.11999],[-67.126157,18.115143],[-67.123039,18.113646],[-67.121959,18.11411],[-67.119512,18.111858],[-67.116012,18.111377],[-67.112388,18.108761],[-67.110723,18.108725],[-67.107108,18.105967],[-67.103154,18.105206],[-67.100492,18.106395]]]},"properties":{"shapeName":"Hormigueros","shapeISO":"32010507B56909324713626","shapeGroup":"PRI","shapeType":"ADM2","src_shape_id":"32010507B56909324713626"}},
{"type":"Feature","geometry":{"type":"Polygon","coordinates":[[[-66.926517,18.151267],[-66.925139,18.147199],[-66.925664,18.145875],[-66.924647,18.142696],[-66.92048,18.138704],[-66.919698,18.134781],[-66.917843,18.133224],[-66.916319,18.124773],[-66.913724,18.123314],[-66.913255,18.120709],[-66.913377,18.115104],[-66.911717,18.113093],[-66.913906,18.110635],[-66.914742,18.106993],[-66.917769,18.106605],[-66.919962,18.105199],[-66.920394,18.103184],[-66.917565,18.102378],[-66.915871,18.09985],[-66.916016,18.096017],[-66.918667,18.09464],[-66.919509,18.092775],[-66.918565,18.0896],[-66.915727,18.08589],[-66.914165,18.084736],[-66.913145,18.081604],[-66.912871,18.074765],[-66.910172,18.072213],[-66.909108,18.064945],[-66.906192,18.062273],[-66.9036,18.06231],[-66.904172,18.059919],[-66.9027,18.052939],[-66.901253,18.051007],[-66.898472,18.044242],[-66.898861,18.04242],[-66.901033,18.039854],[-66.895742,18.036715],[-66.894181,18.03477],[-66.890801,18.03544],[-66.887484,18.034075],[-66.887018,18.03021],[-66.884653,18.024816],[-66.885,18.021671],[-66.883916,18.019518],[-66.879649,18.015897],[-66.878133,18.016286],[-66.87518,18.014335],[-66.875257,18.011348],[-66.873198,18.009413],[-66.868899,18.007103],[-66.86604,18.003195],[-66.864777,17.999785],[-66.863219,17.998029],[-66.862894,17.991788],[-66.863864,17.987465],[-66.863291,17.967658],[-66.863356,17.965377],[-66.861616,17.961337],[-66.859426,17.954327],[-66.85544,17.956296],[-66.852496,17.954858],[-66.836682,17.965971],[-66.835282,17.988274],[-66.833718,17.989763],[-66.830247,17.991285],[-66.831423,17.997046],[-66.830305,17.999432],[-66.825979,17.999698],[-66.825847,18.003427],[-66.827234,18.005803],[-66.826931,18.008351],[-66.829491,18.008418],[-66.830929,18.009926],[-66.828811,18.01226],[-66.82988,18.014671],[-66.829663,18.018709],[-66.821777,18.021104],[-66.820722,18.025178],[-66.818062,18.029528],[-66.821496,18.032694],[-66.821925,18.036817],[-66.823742,18.038952],[-66.824956,18.042217],[-66.824149,18.043591],[-66.823994,18.047706],[-66.818608,18.056456],[-66.818993,18.059769],[-66.818541,18.063296],[-66.816614,18.070727],[-66.81522,18.07288],[-66.80221,18.090992],[-66.805259,18.094035],[-66.806715,18.096877],[-66.805176,18.101027],[-66.805879,18.103902],[-66.808987,18.105516],[-66.810013,18.108313],[-66.810704,18.113085],[-66.806796,18.115751],[-66.803189,18.116976],[-66.800081,18.120393],[-66.796268,18.121461],[-66.797391,18.127799],[-66.798973,18.13122],[-66.797557,18.133445],[-66.79987,18.138041],[-66.803365,18.140384],[-66.803408,18.145368],[-66.804058,18.148056],[-66.806732,18.148314],[-66.812042,18.149827],[-66.81809,18.150509],[-66.821028,18.152818],[-66.822143,18.156353],[-66.826278,18.160216],[-66.823959,18.167529],[-66.826359,18.169207],[-66.827327,18.171242],[-66.828278,18.170427],[-66.83676,18.170553],[-66.837537,18.168173],[-66.842883,18.164232],[-66.844888,18.162056],[-66.85012,18.162886],[-66.854553,18.145152],[-66.855593,18.143567],[-66.856158,18.139264],[-66.858513,18.137981],[-66.863983,18.138224],[-66.865724,18.138901],[-66.870215,18.138936],[-66.872686,18.141668],[-66.875288,18.142392],[-66.87634,18.144651],[-66.878533,18.146944],[-66.88272,18.148948],[-66.884879,18.151507],[-66.887886,18.153383],[-66.890501,18.151163],[-66.890682,18.148364],[-66.892483,18.147757],[-66.895212,18.148609],[-66.901236,18.146352],[-66.903806,18.146363],[-66.907473,18.149366],[-66.909497,18.149389],[-66.91037,18.151152],[-66.912216,18.151433],[-66.915609,18.154265],[-66.919425,18.154024],[-66.921432,18.152504],[-66.926517,18.151267]]]},"properties":{"shapeName":"Yauco","shapeISO":"32010507B94179162407819","shapeGroup":"PRI","shapeType":"ADM2","src_shape_id":"32010507B94179162407819"}},
{"type":"Feature","geometry":{"type":"Polygon","coordinates":[[[-66.318764,18.367411],[-66.321432,18.365931],[-66.324155,18.366945],[-66.325834,18.36604],[-66.328841,18.366485],[-66.329711,18.367581],[-66.333252,18.36665],[-66.333462,18.367958],[-66.338114,18.368053],[-66.339333,18.366675],[-66.341027,18.362556],[-66.340976,18.357626],[-66.343219,18.357793],[-66.350273,18.36121],[-66.355278,18.360643],[-66.354747,18.355126],[-66.352166,18.354192],[-66.348675,18.350843],[-66.348825,18.35013],[-66.354752,18.346931],[-66.357589,18.343226],[-66.357777,18.337978],[-66.357316,18.335809],[-66.358325,18.33072],[-66.360659,18.332956],[-66.365272,18.333229],[-66.368594,18.321739],[-66.372457,18.309835],[-66.37302,18.302763],[-66.375905,18.300048],[-66.375561,18.298102],[-66.377712,18.293976],[-66.379059,18.292496],[-66.378645,18.287444],[-66.377429,18.286281],[-66.380217,18.28381],[-66.382452,18.279242],[-66.382626,18.27432],[-66.378846,18.274585],[-66.375532,18.271387],[-66.372839,18.269932],[-66.371899,18.268166],[-66.368497,18.264617],[-66.361687,18.256025],[-66.357464,18.248967],[-66.35799,18.246103],[-66.353841,18.244074],[-66.352402,18.244041],[-66.350793,18.241235],[-66.347414,18.240032],[-66.341912,18.239718],[-66.340121,18.238689],[-66.335244,18.240053],[-66.330935,18.243772],[-66.327034,18.244191],[-66.326127,18.247922],[-66.320222,18.247719],[-66.314765,18.249704],[-66.313299,18.249324],[-66.312038,18.25036],[-66.308528,18.251287],[-66.305874,18.252805],[-66.305985,18.254865],[-66.302282,18.255394],[-66.296086,18.257545],[-66.291428,18.264403],[-66.289444,18.268627],[-66.287876,18.269955],[-66.287513,18.273117],[-66.289092,18.276276],[-66.288205,18.281399],[-66.287232,18.283688],[-66.287469,18.287545],[-66.285318,18.303769],[-66.283581,18.307728],[-66.282875,18.312671],[-66.283187,18.314686],[-66.278076,18.329975],[-66.279394,18.334508],[-66.285115,18.34577],[-66.286165,18.348277],[-66.29011,18.355177],[-66.294431,18.35941],[-66.297348,18.360959],[-66.30388,18.36662],[-66.304885,18.369633],[-66.307036,18.368109],[-66.307672,18.364938],[-66.312506,18.364399],[-66.313869,18.365615],[-66.318764,18.367411]]]},"properties":{"shapeName":"Corozal","shapeISO":"32010507B24763897648420","shapeGroup":"PRI","shapeType":"ADM2","src_shape_id":"32010507B24763897648420"}},
{"type":"Feature","geometry":{"type":"Polygon","coordinates":[[[-67.027173,18.393376],[-67.03012,18.387323],[-67.032596,18.386181],[-67.034295,18.38133],[-67.037212,18.38095],[-67.036699,18.379058],[-67.039338,18.371981],[-67.040217,18.368723],[-67.038979,18.366919],[-67.041377,18.362321],[-67.041377,18.359972],[-67.043566,18.354272],[-67.047079,18.35391],[-67.048243,18.348661],[-67.045474,18.348403],[-67.043183,18.343584],[-67.043328,18.342052],[-67.039648,18.337333],[-67.040412,18.33491],[-67.036683,18.333382],[-67.035934,18.329559],[-67.037184,18.326319],[-67.041309,18.323828],[-67.041366,18.321255],[-67.042724,18.320404],[-67.044285,18.316588],[-67.052583,18.306655],[-67.040709,18.300302],[-67.040105,18.293733],[-67.037935,18.289705],[-67.036199,18.287975],[-67.032877,18.289944],[-67.031192,18.289148],[-67.03286,18.285648],[-67.034267,18.284717],[-67.038117,18.284155],[-67.039291,18.28263],[-67.037,18.280403],[-67.032805,18.282072],[-67.030263,18.281006],[-67.029105,18.278915],[-67.025958,18.278787],[-67.023878,18.281474],[-67.020031,18.280442],[-67.018443,18.276982],[-67.015747,18.277212],[-67.013059,18.27933],[-67.011587,18.278703],[-67.00566,18.27911],[-67.001791,18.276169],[-66.998217,18.277561],[-66.994251,18.275707],[-66.989383,18.276851],[-66.986819,18.27501],[-66.983036,18.274544],[-66.979645,18.276001],[-66.977233,18.274836],[-66.973,18.273887],[-66.970434,18.26862],[-66.969384,18.263635],[-66.967247,18.26363],[-66.965228,18.265987],[-66.96508,18.271262],[-66.961437,18.270199],[-66.960558,18.27119],[-66.956729,18.272127],[-66.953738,18.271544],[-66.950731,18.269631],[-66.949703,18.266777],[-66.948204,18.266758],[-66.946388,18.268764],[-66.947945,18.271521],[-66.94623,18.273293],[-66.945032,18.271658],[-66.944078,18.268245],[-66.940974,18.265336],[-66.942632,18.263312],[-66.942008,18.260293],[-66.93975,18.26256],[-66.938607,18.261862],[-66.93839,18.258788],[-66.933482,18.258664],[-66.932474,18.253744],[-66.928824,18.254263],[-66.927949,18.256943],[-66.930288,18.258553],[-66.924707,18.260425],[-66.922551,18.257557],[-66.919298,18.25914],[-66.918122,18.255877],[-66.912719,18.254316],[-66.908541,18.252072],[-66.907236,18.25309],[-66.908438,18.25314],[-66.908252,18.260175],[-66.906887,18.262857],[-66.908812,18.266964],[-66.908026,18.272903],[-66.910587,18.278201],[-66.909549,18.293102],[-66.910263,18.296751],[-66.909977,18.302636],[-66.905688,18.31562],[-66.904534,18.322636],[-66.898022,18.342695],[-66.891918,18.365297],[-66.893339,18.367089],[-66.894481,18.366195],[-66.8989,18.366108],[-66.903952,18.365949],[-66.905721,18.367222],[-66.908511,18.373004],[-66.912231,18.375816],[-66.913863,18.375414],[-66.920387,18.379563],[-66.921678,18.38361],[-66.922962,18.384495],[-66.923441,18.388224],[-66.92202,18.393204],[-66.928872,18.39256],[-66.932045,18.389551],[-66.935018,18.388321],[-66.935365,18.385497],[-66.937208,18.381612],[-66.936263,18.378277],[-66.936724,18.376919],[-66.945589,18.37523],[-66.949185,18.377198],[-66.95087,18.379642],[-66.954969,18.380349],[-66.957106,18.382036],[-66.959419,18.382255],[-66.962947,18.384174],[-66.972876,18.38628],[-66.979091,18.386364],[-66.981089,18.385053],[-66.984292,18.385105],[-66.989352,18.388146],[-66.996021,18.388828],[-66.997654,18.391133],[-66.999623,18.390477],[-67.001881,18.392898],[-67.006054,18.394228],[-67.013014,18.394366],[-67.013834,18.395127],[-67.019893,18.394256],[-67.025045,18.392063],[-67.027173,18.393376]]]},"properties":{"shapeName":"San Sebastián","shapeISO":"32010507B16977701319194","shapeGroup":"PRI","shapeType":"ADM2","src_shape_id":"32010507B16977701319194"}},
{"type":"Feature","geometry":{"type":"Polygon","coordinates":[[[-66.586751,18.485101],[-66.588873,18.473419],[-66.586567,18.468864],[-66.584675,18.467122],[-66.582038,18.466195],[-66.579868,18.467957],[-66.582745,18.441656],[-66.587782,18.441193],[-66.58777,18.437599],[-66.584138,18.438677],[-66.583222,18.437781],[-66.585273,18.419687],[-66.586445,18.413821],[-66.587619,18.410307],[-66.590917,18.41062],[-66.593456,18.399407],[-66.59093,18.39671],[-66.589836,18.393348],[-66.591325,18.391991],[-66.590075,18.389736],[-66.588181,18.389408],[-66.582868,18.389499],[-66.583546,18.391244],[-66.582614,18.395609],[-66.578844,18.394958],[-66.578249,18.398461],[-66.575711,18.400658],[-66.574973,18.406403],[-66.573344,18.407056],[-66.5704,18.411224],[-66.564313,18.413309],[-66.558868,18.411918],[-66.553101,18.411643],[-66.550843,18.406387],[-66.547199,18.404926],[-66.543079,18.405422],[-66.543139,18.413552],[-66.541582,18.41911],[-66.534722,18.421974],[-66.533135,18.424003],[-66.529919,18.424526],[-66.526583,18.426558],[-66.526707,18.430737],[-66.524006,18.431402],[-66.528094,18.434692],[-66.527306,18.43682],[-66.52766,18.440408],[-66.528892,18.441734],[-66.531848,18.439409],[-66.530181,18.437009],[-66.530912,18.434367],[-66.53532,18.434257],[-66.537521,18.435923],[-66.534943,18.443249],[-66.539331,18.445484],[-66.536754,18.447805],[-66.530832,18.449809],[-66.526585,18.453602],[-66.527334,18.45601],[-66.53033,18.456855],[-66.532897,18.456447],[-66.536686,18.453241],[-66.537541,18.456398],[-66.532174,18.461186],[-66.53067,18.465104],[-66.530264,18.470077],[-66.531234,18.474036],[-66.534434,18.478544],[-66.533626,18.482637],[-66.535048,18.482098],[-66.541703,18.484127],[-66.549784,18.488185],[-66.55739,18.489086],[-66.562144,18.490439],[-66.568086,18.486607],[-66.578544,18.484352],[-66.586751,18.485101]]]},"properties":{"shapeName":"Barceloneta","shapeISO":"32010507B67293545491700","shapeGroup":"PRI","shapeType":"ADM2","src_shape_id":"32010507B67293545491700"}},
{"type":"Feature","geometry":{"type":"Polygon","coordinates":[[[-66.066103,18.303321],[-66.070942,18.282759],[-66.072908,18.275347],[-66.077313,18.25651],[-66.074732,18.253317],[-66.078639,18.248168],[-66.084768,18.242512],[-66.085122,18.235517],[-66.088159,18.232763],[-66.090421,18.227413],[-66.092703,18.226705],[-66.093719,18.224875],[-66.095887,18.22416],[-66.096788,18.221752],[-66.102673,18.21684],[-66.109409,18.213612],[-66.117041,18.211455],[-66.117774,18.209949],[-66.109374,18.200934],[-66.101719,18.183062],[-66.105095,18.171543],[-66.102643,18.169522],[-66.100921,18.16979],[-66.096813,18.168197],[-66.095099,18.169077],[-66.091223,18.16524],[-66.09087,18.163104],[-66.086152,18.158311],[-66.083361,18.156285],[-66.080343,18.152146],[-66.066415,18.148531],[-66.066381,18.146022],[-66.06949,18.142397],[-66.068935,18.14025],[-66.06959,18.137516],[-66.067479,18.132172],[-66.065205,18.131256],[-66.064339,18.128557],[-66.0625,18.126207],[-66.061128,18.123015],[-66.060265,18.118585],[-66.060761,18.116315],[-66.058385,18.115976],[-66.056382,18.114077],[-66.052555,18.113069],[-66.05,18.115259],[-66.044402,18.114999],[-66.042679,18.114158],[-66.035651,18.119204],[-66.035101,18.121936],[-66.032831,18.125089],[-66.032883,18.129113],[-66.031581,18.132324],[-66.025901,18.133927],[-66.023852,18.136443],[-66.025149,18.138813],[-66.020283,18.144081],[-66.023013,18.153543],[-66.022014,18.156152],[-66.019977,18.158615],[-66.022058,18.163585],[-66.022256,18.166035],[-66.020137,18.168051],[-66.019538,18.170916],[-66.01795,18.171439],[-66.016433,18.174585],[-66.016831,18.176326],[-66.012831,18.176541],[-66.011979,18.178756],[-66.013344,18.181018],[-66.011319,18.18606],[-66.005262,18.186356],[-66.003855,18.185597],[-66.001045,18.188842],[-65.999613,18.188708],[-65.998146,18.195309],[-65.999975,18.196917],[-66.000504,18.201988],[-65.99765,18.206992],[-66.000311,18.209792],[-66.000164,18.214334],[-65.999442,18.21792],[-66.000669,18.218898],[-66.004794,18.218609],[-66.010766,18.221065],[-66.013676,18.225379],[-66.013473,18.227591],[-66.009439,18.230846],[-66.008077,18.233701],[-66.008264,18.23817],[-66.009461,18.241051],[-66.011733,18.241563],[-66.014561,18.244761],[-66.013403,18.247734],[-66.010757,18.250372],[-66.010983,18.253598],[-66.013689,18.260477],[-66.013971,18.264706],[-66.00801,18.266173],[-66.007509,18.267756],[-66.009641,18.268886],[-66.008677,18.27191],[-66.008033,18.276819],[-66.008443,18.278279],[-66.012758,18.280314],[-66.017003,18.281207],[-66.017673,18.284702],[-66.021024,18.285973],[-66.02603,18.286393],[-66.029186,18.28913],[-66.029894,18.29087],[-66.028042,18.294868],[-66.027591,18.297967],[-66.030724,18.299778],[-66.029736,18.302644],[-66.02718,18.304071],[-66.023696,18.303338],[-66.021747,18.305034],[-66.025887,18.309659],[-66.030118,18.309897],[-66.031631,18.308877],[-66.035475,18.309582],[-66.038468,18.311662],[-66.041535,18.312344],[-66.044836,18.311493],[-66.04692,18.309408],[-66.047827,18.306885],[-66.047923,18.302725],[-66.045336,18.299418],[-66.048466,18.297648],[-66.051922,18.302918],[-66.056503,18.304528],[-66.05739,18.302373],[-66.062759,18.302511],[-66.066103,18.303321]]]},"properties":{"shapeName":"Caguas","shapeISO":"32010507B56185542285992","shapeGroup":"PRI","shapeType":"ADM2","src_shape_id":"32010507B56185542285992"}},
{"type":"Feature","geometry":{"type":"Polygon","coordinates":[[[-66.373768,18.173694],[-66.37812,18.172502],[-66.3793,18.173315],[-66.382107,18.172262],[-66.383523,18.173074],[-66.389042,18.172438],[-66.390351,18.168218],[-66.392326,18.166392],[-66.398269,18.165758],[-66.401327,18.164797],[-66.401788,18.166719],[-66.40449,18.167153],[-66.407062,18.163956],[-66.410526,18.163172],[-66.413686,18.163337],[-66.416353,18.164777],[-66.420902,18.166316],[-66.421957,18.16993],[-66.427994,18.170935],[-66.430859,18.173246],[-66.436075,18.175501],[-66.44456,18.176674],[-66.4402,18.174516],[-66.439509,18.173061],[-66.434573,18.173537],[-66.432773,18.172651],[-66.429625,18.166674],[-66.428478,18.159797],[-66.429449,18.156912],[-66.422798,18.150663],[-66.419306,18.144988],[-66.419799,18.141392],[-66.421369,18.135763],[-66.4243,18.132075],[-66.424077,18.129208],[-66.425759,18.126392],[-66.426621,18.123015],[-66.426959,18.118411],[-66.430494,18.116403],[-66.429642,18.112166],[-66.427758,18.11066],[-66.426772,18.101911],[-66.42549,18.100494],[-66.422756,18.099548],[-66.421547,18.097525],[-66.424018,18.096828],[-66.425443,18.093846],[-66.429222,18.090961],[-66.428959,18.089287],[-66.430576,18.085759],[-66.429531,18.083218],[-66.430314,18.082053],[-66.428927,18.078479],[-66.429407,18.076181],[-66.427561,18.071625],[-66.43154,18.063532],[-66.43055,18.062758],[-66.427999,18.05472],[-66.424037,18.051917],[-66.425619,18.050088],[-66.42598,18.046316],[-66.426989,18.042627],[-66.395176,18.037044],[-66.39296,18.038661],[-66.388144,18.040189],[-66.385105,18.038757],[-66.380695,18.03748],[-66.377798,18.034768],[-66.371759,18.032617],[-66.368782,18.033813],[-66.366491,18.03559],[-66.36102,18.037073],[-66.356779,18.036942],[-66.35499,18.033708],[-66.349188,18.029494],[-66.347926,18.025774],[-66.343586,18.024816],[-66.340042,18.023032],[-66.335995,18.022762],[-66.335569,18.021588],[-66.332251,18.018813],[-66.331244,18.015891],[-66.3289,18.017143],[-66.328484,18.019538],[-66.325605,18.018473],[-66.323432,18.020854],[-66.318884,18.029748],[-66.315171,18.0297],[-66.312268,18.033501],[-66.31426,18.03515],[-66.31196,18.039244],[-66.313048,18.044412],[-66.309653,18.047719],[-66.303644,18.050522],[-66.303123,18.051595],[-66.29891,18.055179],[-66.297523,18.057187],[-66.292328,18.056761],[-66.284812,18.059722],[-66.283109,18.062947],[-66.281281,18.064816],[-66.279382,18.068916],[-66.276166,18.069455],[-66.270405,18.069016],[-66.267753,18.06954],[-66.263463,18.072176],[-66.259569,18.073568],[-66.257527,18.075884],[-66.259375,18.077609],[-66.259949,18.082612],[-66.263054,18.085643],[-66.266553,18.085401],[-66.270168,18.086961],[-66.272941,18.086586],[-66.273069,18.091209],[-66.27726,18.095642],[-66.281678,18.095403],[-66.290102,18.102158],[-66.320913,18.126005],[-66.315735,18.134315],[-66.313068,18.136283],[-66.312787,18.138106],[-66.315732,18.138443],[-66.316658,18.142478],[-66.314317,18.150317],[-66.314848,18.152088],[-66.316542,18.15281],[-66.317935,18.154991],[-66.32153,18.155681],[-66.323047,18.157103],[-66.322325,18.159135],[-66.322103,18.164235],[-66.324614,18.165804],[-66.327305,18.16602],[-66.329364,18.164676],[-66.330565,18.165905],[-66.330622,18.168217],[-66.334863,18.167541],[-66.338378,18.168661],[-66.3398,18.16592],[-66.341269,18.165711],[-66.343452,18.167302],[-66.346644,18.167371],[-66.351258,18.165488],[-66.354973,18.167892],[-66.355538,18.169382],[-66.362778,18.170301],[-66.365036,18.169697],[-66.367896,18.172228],[-66.373768,18.173694]]]},"properties":{"shapeName":"Coamo","shapeISO":"32010507B26629522791293","shapeGroup":"PRI","shapeType":"ADM2","src_shape_id":"32010507B26629522791293"}},
{"type":"Feature","geometry":{"type":"Polygon","coordinates":[[[-66.303663,18.384077],[-66.303884,18.410933],[-66.30173,18.417156],[-66.299764,18.420774],[-66.299612,18.423711],[-66.301526,18.427475],[-66.302232,18.432218],[-66.301928,18.433741],[-66.308507,18.433846],[-66.313193,18.440783],[-66.317421,18.451074],[-66.314792,18.476813],[-66.317809,18.476012],[-66.3228,18.478041],[-66.33611,18.486156],[-66.339675,18.485254],[-66.340626,18.481647],[-66.344904,18.481647],[-66.349682,18.483739],[-66.348918,18.460701],[-66.348339,18.447708],[-66.350644,18.44282],[-66.351837,18.438089],[-66.353184,18.430471],[-66.351316,18.430577],[-66.347835,18.42886],[-66.350956,18.426405],[-66.354296,18.425549],[-66.358898,18.421032],[-66.360186,18.406972],[-66.364558,18.388052],[-66.366364,18.385154],[-66.369781,18.381691],[-66.372083,18.373005],[-66.373243,18.371937],[-66.37238,18.367741],[-66.373532,18.365721],[-66.373934,18.362772],[-66.372682,18.360561],[-66.373082,18.357921],[-66.376061,18.354936],[-66.37635,18.350192],[-66.378134,18.347548],[-66.377058,18.344246],[-66.37472,18.344189],[-66.374295,18.342625],[-66.371731,18.340491],[-66.371131,18.337902],[-66.36713,18.335119],[-66.365272,18.333229],[-66.360659,18.332956],[-66.358325,18.33072],[-66.357316,18.335809],[-66.357777,18.337978],[-66.357589,18.343226],[-66.354752,18.346931],[-66.348825,18.35013],[-66.348675,18.350843],[-66.352166,18.354192],[-66.354747,18.355126],[-66.355278,18.360643],[-66.350273,18.36121],[-66.343219,18.357793],[-66.340976,18.357626],[-66.341027,18.362556],[-66.339333,18.366675],[-66.338114,18.368053],[-66.333462,18.367958],[-66.333252,18.36665],[-66.329711,18.367581],[-66.328841,18.366485],[-66.325834,18.36604],[-66.324155,18.366945],[-66.321432,18.365931],[-66.318764,18.367411],[-66.319241,18.371507],[-66.316545,18.375127],[-66.314158,18.380801],[-66.311544,18.380807],[-66.306715,18.384224],[-66.303663,18.384077]]]},"properties":{"shapeName":"Vega Alta","shapeISO":"32010507B37384670628479","shapeGroup":"PRI","shapeType":"ADM2","src_shape_id":"32010507B37384670628479"}},
{"type":"Feature","geometry":{"type":"Polygon","coordinates":[[[-66.770072,18.325013],[-66.769261,18.355365],[-66.769488,18.358264],[-66.76911,18.373004],[-66.767269,18.389895],[-66.767172,18.392097],[-66.769983,18.405538],[-66.770144,18.408026],[-66.767838,18.415844],[-66.767942,18.427246],[-66.768977,18.43244],[-66.770658,18.435952],[-66.768317,18.443957],[-66.767628,18.451719],[-66.767281,18.461651],[-66.769169,18.469062],[-66.76799,18.478246],[-66.764998,18.4838],[-66.770113,18.486832],[-66.781047,18.49134],[-66.789603,18.492918],[-66.800774,18.492467],[-66.807429,18.491115],[-66.815273,18.491566],[-66.823354,18.491115],[-66.827632,18.487508],[-66.83663,18.488065],[-66.83581,18.486599],[-66.837721,18.482393],[-66.837558,18.48058],[-66.835199,18.479734],[-66.835167,18.473753],[-66.83318,18.473666],[-66.830161,18.471569],[-66.830348,18.464782],[-66.832688,18.463541],[-66.831742,18.46029],[-66.829323,18.457803],[-66.826457,18.457583],[-66.825601,18.450705],[-66.82673,18.447888],[-66.824707,18.44697],[-66.826063,18.444171],[-66.825784,18.438197],[-66.827856,18.437564],[-66.828913,18.435595],[-66.82689,18.433164],[-66.825965,18.430667],[-66.826322,18.428144],[-66.823918,18.424666],[-66.825004,18.420596],[-66.824243,18.418237],[-66.820913,18.416411],[-66.820993,18.414476],[-66.823643,18.412465],[-66.821211,18.405435],[-66.81724,18.404036],[-66.81676,18.398548],[-66.817856,18.396341],[-66.817293,18.393758],[-66.81576,18.3915],[-66.81279,18.389541],[-66.810603,18.387031],[-66.8129,18.383319],[-66.813024,18.380676],[-66.814471,18.376115],[-66.814336,18.370802],[-66.815044,18.369572],[-66.816034,18.363717],[-66.818273,18.361643],[-66.8212,18.357013],[-66.81905,18.354044],[-66.819029,18.352656],[-66.824223,18.342998],[-66.824815,18.333566],[-66.826128,18.323382],[-66.825621,18.323298],[-66.785096,18.32146],[-66.770363,18.320645],[-66.770072,18.325013]]]},"properties":{"shapeName":"Hatillo","shapeISO":"32010507B41053706339825","shapeGroup":"PRI","shapeType":"ADM2","src_shape_id":"32010507B41053706339825"}},
{"type":"Feature","geometry":{"type":"Polygon","coordinates":[[[-67.109971,17.945236],[-67.101439,17.945895],[-67.093833,17.949512],[-67.089555,17.951095],[-67.086703,17.957426],[-67.081949,17.959235],[-67.076958,17.9572],[-67.076007,17.961044],[-67.077433,17.963305],[-67.075294,17.967374],[-67.072204,17.970313],[-67.0665,17.972574],[-67.06032,17.973253],[-67.055091,17.972574],[-67.046773,17.970766],[-67.042732,17.968957],[-67.03988,17.971444],[-67.034889,17.972348],[-67.029184,17.971444],[-67.024668,17.970313],[-67.018964,17.968053],[-67.013022,17.967148],[-67.004703,17.960818],[-67.001138,17.961044],[-67.000425,17.96647],[-66.995196,17.968957],[-66.989967,17.969183],[-66.984263,17.96647],[-66.983074,17.963305],[-66.982599,17.956748],[-66.981371,17.951877],[-66.961935,17.991592],[-66.960058,18.013124],[-66.958748,18.032477],[-66.960525,18.036522],[-66.96588,18.036876],[-66.968361,18.038551],[-66.982675,18.041202],[-66.982087,18.04282],[-66.98317,18.046826],[-66.983337,18.052518],[-66.990241,18.054168],[-66.992329,18.052483],[-66.998777,18.054703],[-67.002127,18.055119],[-67.004814,18.058078],[-67.00787,18.060227],[-67.009654,18.058943],[-67.011594,18.059013],[-67.013082,18.057545],[-67.018018,18.058491],[-67.025532,18.06099],[-67.027168,18.058789],[-67.033283,18.058091],[-67.037119,18.058655],[-67.043794,18.061763],[-67.049905,18.063313],[-67.052466,18.064897],[-67.055481,18.06301],[-67.061251,18.064191],[-67.065585,18.06414],[-67.068517,18.066141],[-67.073786,18.062617],[-67.077565,18.063391],[-67.080038,18.061326],[-67.081965,18.061705],[-67.084867,18.059079],[-67.088044,18.061197],[-67.092581,18.060308],[-67.095522,18.060815],[-67.101862,18.057972],[-67.106751,18.056214],[-67.109044,18.056085],[-67.110675,18.05111],[-67.114143,18.046226],[-67.113657,18.04305],[-67.112252,18.042615],[-67.110922,18.0396],[-67.113195,18.037828],[-67.115515,18.033967],[-67.115765,18.031462],[-67.1134,18.030365],[-67.113393,18.024032],[-67.110681,18.018314],[-67.110119,18.015643],[-67.111255,18.012541],[-67.109719,18.009864],[-67.109247,17.977825],[-67.103061,17.976077],[-67.102278,17.974957],[-67.10398,17.970331],[-67.105926,17.967848],[-67.107274,17.963823],[-67.106471,17.957237],[-67.107679,17.951999],[-67.109513,17.948908],[-67.109971,17.945236]]]},"properties":{"shapeName":"Lajas","shapeISO":"32010507B28103012902602","shapeGroup":"PRI","shapeType":"ADM2","src_shape_id":"32010507B28103012902602"}},
{"type":"Feature","geometry":{"type":"Polygon","coordinates":[[[-67.103385,18.513836],[-67.108094,18.512077],[-67.114511,18.512978],[-67.120453,18.512753],[-67.128772,18.510499],[-67.131862,18.50847],[-67.137804,18.507569],[-67.148024,18.500582],[-67.155392,18.491115],[-67.163236,18.489537],[-67.167752,18.483225],[-67.169653,18.47511],[-67.168702,18.463613],[-67.16181,18.45482],[-67.160146,18.447831],[-67.156818,18.439939],[-67.155392,18.424381],[-67.157294,18.417841],[-67.160252,18.415636],[-67.158695,18.413749],[-67.160643,18.412766],[-67.162208,18.410241],[-67.159456,18.410338],[-67.15758,18.409438],[-67.157069,18.40755],[-67.157478,18.403158],[-67.155892,18.402013],[-67.153622,18.394945],[-67.150689,18.392377],[-67.14767,18.393665],[-67.146907,18.392092],[-67.144253,18.392809],[-67.140527,18.38834],[-67.138512,18.386879],[-67.134693,18.38609],[-67.133136,18.387115],[-67.13221,18.389391],[-67.12738,18.396392],[-67.123745,18.403904],[-67.124549,18.407907],[-67.1255,18.409225],[-67.120037,18.415227],[-67.098312,18.437482],[-67.093043,18.436476],[-67.089263,18.439176],[-67.086708,18.438639],[-67.087419,18.441409],[-67.083971,18.442935],[-67.083387,18.444872],[-67.076966,18.446086],[-67.075765,18.451858],[-67.074355,18.451804],[-67.07417,18.456777],[-67.056507,18.460954],[-67.056404,18.468803],[-67.058655,18.468809],[-67.059236,18.475981],[-67.05846,18.479982],[-67.061387,18.480641],[-67.062872,18.484087],[-67.066975,18.483757],[-67.069457,18.485987],[-67.077061,18.488966],[-67.079263,18.487965],[-67.082246,18.489273],[-67.082837,18.496648],[-67.086921,18.499264],[-67.089321,18.503316],[-67.091669,18.503494],[-67.096273,18.506747],[-67.095839,18.510227],[-67.097347,18.511864],[-67.102676,18.512801],[-67.103385,18.513836]]]},"properties":{"shapeName":"Aguadilla","shapeISO":"32010507B44125592347050","shapeGroup":"PRI","shapeType":"ADM2","src_shape_id":"32010507B44125592347050"}},
{"type":"Feature","geometry":{"type":"Polygon","coordinates":[[[-66.83676,18.170553],[-66.84367,18.171511],[-66.846991,18.171467],[-66.850765,18.170357],[-66.854113,18.171805],[-66.857436,18.171804],[-66.858808,18.173593],[-66.8618,18.173716],[-66.862832,18.174808],[-66.860873,18.176805],[-66.862505,18.178149],[-66.862601,18.181414],[-66.864305,18.181719],[-66.863848,18.18661],[-66.865613,18.185664],[-66.867669,18.187311],[-66.874633,18.187015],[-66.875674,18.18737],[-66.894704,18.187255],[-66.897964,18.187744],[-66.914912,18.192082],[-66.942184,18.198608],[-66.94586,18.199371],[-66.94591,18.201427],[-66.950873,18.201598],[-66.953063,18.200037],[-66.956982,18.200334],[-66.959006,18.201964],[-66.958076,18.20427],[-66.96185,18.205736],[-66.969111,18.206597],[-66.970213,18.204746],[-66.973487,18.205087],[-66.977474,18.207773],[-66.979625,18.20684],[-66.986673,18.204933],[-66.98899,18.205448],[-66.990936,18.2004],[-66.995761,18.197519],[-67.000665,18.1976],[-67.002658,18.195902],[-67.003803,18.193501],[-67.019836,18.195471],[-67.017388,18.189899],[-67.019502,18.186847],[-67.023122,18.186049],[-67.024372,18.184668],[-67.027415,18.185683],[-67.031116,18.184908],[-67.034521,18.185519],[-67.035554,18.183252],[-67.034426,18.180659],[-67.038954,18.181275],[-67.041734,18.180596],[-67.041287,18.177705],[-67.0463,18.176283],[-67.051177,18.177502],[-67.051461,18.174053],[-67.04908,18.173452],[-67.047487,18.171129],[-67.044337,18.169449],[-67.040732,18.168513],[-67.036882,18.168522],[-67.02994,18.16746],[-67.024143,18.165558],[-67.021409,18.166075],[-67.018026,18.165214],[-67.013844,18.165874],[-67.012377,18.162419],[-67.00981,18.160784],[-67.0096,18.158915],[-67.007034,18.159005],[-67.005324,18.157507],[-67.002329,18.156849],[-66.999622,18.157265],[-66.995149,18.155482],[-66.992896,18.150781],[-66.991302,18.150903],[-66.989456,18.148581],[-66.987838,18.149612],[-66.985574,18.149245],[-66.981264,18.146345],[-66.979974,18.144502],[-66.977855,18.143799],[-66.97554,18.143395],[-66.971866,18.14154],[-66.964291,18.147055],[-66.958127,18.145714],[-66.953644,18.14662],[-66.952093,18.146112],[-66.945469,18.147746],[-66.943554,18.148979],[-66.939065,18.147855],[-66.934629,18.148548],[-66.934394,18.150148],[-66.929444,18.149141],[-66.926517,18.151267],[-66.921432,18.152504],[-66.919425,18.154024],[-66.915609,18.154265],[-66.912216,18.151433],[-66.91037,18.151152],[-66.909497,18.149389],[-66.907473,18.149366],[-66.903806,18.146363],[-66.901236,18.146352],[-66.895212,18.148609],[-66.892483,18.147757],[-66.890682,18.148364],[-66.890501,18.151163],[-66.887886,18.153383],[-66.884879,18.151507],[-66.88272,18.148948],[-66.878533,18.146944],[-66.87634,18.144651],[-66.875288,18.142392],[-66.872686,18.141668],[-66.870215,18.138936],[-66.865724,18.138901],[-66.863983,18.138224],[-66.858513,18.137981],[-66.856158,18.139264],[-66.855593,18.143567],[-66.854553,18.145152],[-66.85012,18.162886],[-66.844888,18.162056],[-66.842883,18.164232],[-66.837537,18.168173],[-66.83676,18.170553]]]},"properties":{"shapeName":"Maricao","shapeISO":"32010507B97201459085327","shapeGroup":"PRI","shapeType":"ADM2","src_shape_id":"32010507B97201459085327"}},
{"type":"Feature","geometry":{"type":"Polygon","coordinates":[[[-66.426989,18.042627],[-66.42614,18.039604],[-66.426984,18.036898],[-66.425962,18.033916],[-66.425982,18.031067],[-66.424505,18.02842],[-66.422583,18.026768],[-66.422219,18.022649],[-66.421054,18.019309],[-66.422084,18.017135],[-66.424339,18.014974],[-66.425608,18.011754],[-66.428256,18.012208],[-66.427762,18.009524],[-66.430921,18.009946],[-66.434499,18.007313],[-66.435525,18.004322],[-66.434732,17.997246],[-66.437025,17.992304],[-66.437849,17.99435],[-66.439824,17.995057],[-66.44276,17.990584],[-66.44681,17.987621],[-66.44922,17.984286],[-66.451797,17.982024],[-66.451147,17.981165],[-66.445681,17.979131],[-66.44164,17.975965],[-66.43546,17.969183],[-66.429518,17.96127],[-66.426666,17.959461],[-66.422626,17.959913],[-66.416684,17.959687],[-66.411455,17.956974],[-66.410504,17.954035],[-66.404562,17.952678],[-66.39862,17.946799],[-66.39244,17.941372],[-66.386736,17.937302],[-66.377704,17.944764],[-66.368197,17.954035],[-66.359878,17.961044],[-66.354649,17.966244],[-66.347281,17.971218],[-66.338147,17.976431],[-66.337988,17.978604],[-66.34007,17.982001],[-66.339279,17.984694],[-66.341192,17.984988],[-66.342226,17.988446],[-66.342573,17.993662],[-66.339518,17.996382],[-66.337863,18.002184],[-66.334818,18.006079],[-66.335064,18.00879],[-66.331795,18.01262],[-66.331244,18.015891],[-66.332251,18.018813],[-66.335569,18.021588],[-66.335995,18.022762],[-66.340042,18.023032],[-66.343586,18.024816],[-66.347926,18.025774],[-66.349188,18.029494],[-66.35499,18.033708],[-66.356779,18.036942],[-66.36102,18.037073],[-66.366491,18.03559],[-66.368782,18.033813],[-66.371759,18.032617],[-66.377798,18.034768],[-66.380695,18.03748],[-66.385105,18.038757],[-66.388144,18.040189],[-66.39296,18.038661],[-66.395176,18.037044],[-66.426989,18.042627]]]},"properties":{"shapeName":"Santa Isabel","shapeISO":"32010507B73228350773325","shapeGroup":"PRI","shapeType":"ADM2","src_shape_id":"32010507B73228350773325"}},
{"type":"Feature","geometry":{"type":"Polygon","coordinates":[[[-66.13158,18.424656],[-66.132273,18.420475],[-66.129442,18.420625],[-66.125089,18.418567],[-66.121283,18.414388],[-66.124181,18.409641],[-66.124917,18.405926],[-66.128007,18.402748],[-66.125226,18.401589],[-66.124067,18.3991],[-66.126412,18.39593],[-66.123738,18.38954],[-66.1195,18.381976],[-66.11836,18.379254],[-66.121319,18.37809],[-66.122165,18.376288],[-66.12461,18.376914],[-66.135185,18.382701],[-66.137428,18.379534],[-66.137444,18.377397],[-66.134518,18.374579],[-66.137192,18.373705],[-66.137995,18.372306],[-66.137854,18.364569],[-66.138493,18.362239],[-66.140761,18.363153],[-66.14178,18.361204],[-66.14193,18.357594],[-66.139399,18.355585],[-66.136241,18.350048],[-66.136208,18.34493],[-66.13766,18.341834],[-66.134722,18.34131],[-66.136121,18.337234],[-66.133764,18.334733],[-66.138755,18.332497],[-66.141474,18.32915],[-66.140591,18.326636],[-66.141572,18.32441],[-66.141361,18.320445],[-66.139201,18.317642],[-66.132696,18.312732],[-66.140961,18.311364],[-66.14136,18.308635],[-66.139967,18.3078],[-66.140814,18.305539],[-66.141184,18.301347],[-66.138377,18.299608],[-66.139031,18.295127],[-66.14084,18.294706],[-66.141471,18.289992],[-66.140339,18.285176],[-66.144114,18.283369],[-66.141705,18.282231],[-66.143861,18.27959],[-66.141456,18.277714],[-66.140739,18.279571],[-66.13696,18.278745],[-66.135351,18.279644],[-66.121669,18.281379],[-66.116119,18.279863],[-66.111712,18.279513],[-66.108191,18.277768],[-66.099751,18.281541],[-66.09598,18.283816],[-66.09527,18.282727],[-66.09151,18.282709],[-66.090158,18.2841],[-66.086465,18.285094],[-66.086224,18.288718],[-66.082016,18.290254],[-66.080428,18.294525],[-66.084163,18.294916],[-66.080475,18.297295],[-66.082177,18.300109],[-66.085147,18.300507],[-66.085525,18.303988],[-66.083235,18.305083],[-66.082397,18.306788],[-66.083037,18.310321],[-66.084711,18.312592],[-66.085089,18.316316],[-66.087853,18.317683],[-66.088854,18.322055],[-66.087387,18.328275],[-66.088458,18.330137],[-66.08676,18.333045],[-66.087582,18.334611],[-66.089805,18.335245],[-66.092586,18.337645],[-66.094931,18.337611],[-66.095199,18.339496],[-66.097841,18.340544],[-66.099667,18.342625],[-66.098057,18.344875],[-66.097669,18.349514],[-66.098239,18.350844],[-66.095457,18.35548],[-66.092368,18.356634],[-66.089653,18.356305],[-66.088351,18.35714],[-66.091874,18.36377],[-66.089948,18.366204],[-66.092331,18.369406],[-66.092437,18.372265],[-66.090329,18.374734],[-66.09415,18.376398],[-66.095207,18.377877],[-66.100016,18.379908],[-66.102217,18.379662],[-66.106303,18.382581],[-66.104761,18.384161],[-66.105872,18.386577],[-66.107884,18.38826],[-66.107865,18.396761],[-66.108615,18.398756],[-66.106371,18.401921],[-66.100617,18.401912],[-66.09768,18.40075],[-66.095164,18.403031],[-66.094981,18.40582],[-66.099813,18.412005],[-66.099687,18.414025],[-66.097865,18.416424],[-66.099409,18.419351],[-66.107757,18.427517],[-66.110885,18.428481],[-66.110361,18.436846],[-66.112558,18.440152],[-66.115989,18.439731],[-66.120478,18.435768],[-66.13158,18.424656]]]},"properties":{"shapeName":"Guaynabo","shapeISO":"32010507B75781996269938","shapeGroup":"PRI","shapeType":"ADM2","src_shape_id":"32010507B75781996269938"}},
{"type":"Feature","geometry":{"type":"Polygon","coordinates":[[[-66.817271,18.230336],[-66.823104,18.232325],[-66.825683,18.232624],[-66.829142,18.231802],[-66.833263,18.228021],[-66.829385,18.223154],[-66.830634,18.221005],[-66.83295,18.221165],[-66.834978,18.218186],[-66.832871,18.214859],[-66.835256,18.209981],[-66.834093,18.202797],[-66.834795,18.198514],[-66.832735,18.195672],[-66.833579,18.194256],[-66.837235,18.192707],[-66.835888,18.19043],[-66.835556,18.187197],[-66.831926,18.179902],[-66.828447,18.179104],[-66.826848,18.17653],[-66.827467,18.174538],[-66.824803,18.173754],[-66.827327,18.171242],[-66.826359,18.169207],[-66.823959,18.167529],[-66.826278,18.160216],[-66.822143,18.156353],[-66.821028,18.152818],[-66.81809,18.150509],[-66.812042,18.149827],[-66.806732,18.148314],[-66.804058,18.148056],[-66.803408,18.145368],[-66.803365,18.140384],[-66.79987,18.138041],[-66.797557,18.133445],[-66.792002,18.134798],[-66.788544,18.134404],[-66.7844,18.138652],[-66.782321,18.136463],[-66.775694,18.133788],[-66.771375,18.133961],[-66.769049,18.134983],[-66.76653,18.134873],[-66.762818,18.131874],[-66.756755,18.125215],[-66.757148,18.123931],[-66.752928,18.117087],[-66.749618,18.113664],[-66.746489,18.115787],[-66.739502,18.117591],[-66.731774,18.112008],[-66.727526,18.113034],[-66.725182,18.116794],[-66.725804,18.119187],[-66.724866,18.121746],[-66.722238,18.123865],[-66.72138,18.125493],[-66.717671,18.128343],[-66.717164,18.131519],[-66.713595,18.132105],[-66.712442,18.129653],[-66.709333,18.129071],[-66.704887,18.129695],[-66.702752,18.128741],[-66.700298,18.130928],[-66.69407,18.130534],[-66.690693,18.129625],[-66.689785,18.130745],[-66.686326,18.131822],[-66.684521,18.131627],[-66.681047,18.129585],[-66.676951,18.129977],[-66.676581,18.132887],[-66.674653,18.135721],[-66.671848,18.144823],[-66.672745,18.14763],[-66.670466,18.150784],[-66.670494,18.152831],[-66.671945,18.15323],[-66.675622,18.150743],[-66.675698,18.153903],[-66.677066,18.157106],[-66.676923,18.16008],[-66.67055,18.163784],[-66.670241,18.165638],[-66.667818,18.168123],[-66.667072,18.170882],[-66.664811,18.172616],[-66.664697,18.175465],[-66.667662,18.176016],[-66.670441,18.179637],[-66.672963,18.181949],[-66.676062,18.182921],[-66.67851,18.185337],[-66.680358,18.185956],[-66.681943,18.189982],[-66.684721,18.194102],[-66.68507,18.197073],[-66.682663,18.198486],[-66.681303,18.20045],[-66.68132,18.204165],[-66.687383,18.210019],[-66.691841,18.211802],[-66.692572,18.215883],[-66.69373,18.216891],[-66.696302,18.215342],[-66.700079,18.215995],[-66.701102,18.217122],[-66.707725,18.216701],[-66.71111,18.218201],[-66.716077,18.221296],[-66.718468,18.220531],[-66.720096,18.221935],[-66.724771,18.220887],[-66.72675,18.223402],[-66.729926,18.22526],[-66.732181,18.225759],[-66.735977,18.224199],[-66.739358,18.220517],[-66.743206,18.22249],[-66.748107,18.222169],[-66.751371,18.223839],[-66.755807,18.223289],[-66.756518,18.225178],[-66.760626,18.225895],[-66.760827,18.229525],[-66.762729,18.230947],[-66.76174,18.232504],[-66.76408,18.234512],[-66.764751,18.237695],[-66.767534,18.239186],[-66.769554,18.24159],[-66.773759,18.241278],[-66.77596,18.242949],[-66.777732,18.246282],[-66.777346,18.247212],[-66.781701,18.250248],[-66.785038,18.248567],[-66.78899,18.24977],[-66.794425,18.24988],[-66.794319,18.246838],[-66.795294,18.245847],[-66.794819,18.243341],[-66.798839,18.243714],[-66.800355,18.242347],[-66.800169,18.235588],[-66.798759,18.230026],[-66.800469,18.227842],[-66.803512,18.227425],[-66.809741,18.229475],[-66.811088,18.228817],[-66.814672,18.230319],[-66.817271,18.230336]]]},"properties":{"shapeName":"Adjuntas","shapeISO":"32010507B57249745430969","shapeGroup":"PRI","shapeType":"ADM2","src_shape_id":"32010507B57249745430969"}},
{"type":"Feature","geometry":{"type":"Polygon","coordinates":[[[-66.117774,18.209949],[-66.121461,18.209011],[-66.129013,18.204102],[-66.130348,18.201863],[-66.13408,18.200301],[-66.135067,18.198695],[-66.137629,18.197722],[-66.140505,18.198335],[-66.138487,18.201439],[-66.139371,18.20544],[-66.138626,18.207039],[-66.138908,18.210231],[-66.142478,18.210058],[-66.144253,18.213361],[-66.145855,18.214921],[-66.146493,18.218164],[-66.145306,18.223383],[-66.143822,18.225276],[-66.143941,18.228111],[-66.146119,18.230373],[-66.149058,18.226681],[-66.150488,18.223425],[-66.152418,18.222045],[-66.16217,18.220495],[-66.166348,18.223899],[-66.169126,18.22429],[-66.170934,18.223956],[-66.17131,18.221639],[-66.16981,18.217898],[-66.170382,18.216305],[-66.173883,18.2159],[-66.178765,18.212558],[-66.181138,18.208737],[-66.184431,18.207173],[-66.184809,18.204455],[-66.182483,18.202302],[-66.185508,18.200868],[-66.19049,18.201111],[-66.193546,18.200122],[-66.196974,18.197922],[-66.205574,18.196628],[-66.2071,18.196933],[-66.213286,18.185528],[-66.213876,18.183592],[-66.21203,18.182084],[-66.213108,18.177733],[-66.211275,18.173634],[-66.21386,18.172858],[-66.223118,18.175897],[-66.22407,18.174361],[-66.230082,18.180918],[-66.230754,18.184397],[-66.24046,18.184794],[-66.242884,18.183004],[-66.242735,18.180248],[-66.241108,18.180349],[-66.237328,18.178318],[-66.234059,18.175494],[-66.231559,18.172458],[-66.228564,18.170802],[-66.226121,18.166455],[-66.223716,18.165717],[-66.223951,18.161098],[-66.22564,18.160056],[-66.228748,18.159611],[-66.228139,18.157606],[-66.224248,18.15497],[-66.224108,18.153979],[-66.227628,18.152286],[-66.22581,18.149456],[-66.217068,18.147852],[-66.216464,18.146119],[-66.219151,18.145251],[-66.220083,18.142798],[-66.216899,18.14322],[-66.214079,18.144165],[-66.211877,18.143252],[-66.209991,18.139826],[-66.207534,18.137345],[-66.204061,18.138598],[-66.203779,18.143304],[-66.202911,18.146046],[-66.20117,18.146836],[-66.199428,18.145317],[-66.201424,18.140327],[-66.200723,18.138194],[-66.197182,18.13658],[-66.195412,18.138006],[-66.19417,18.140452],[-66.192558,18.140919],[-66.189656,18.137598],[-66.187334,18.137053],[-66.18268,18.139034],[-66.183528,18.143469],[-66.181912,18.144593],[-66.177519,18.138891],[-66.176075,18.134635],[-66.173979,18.133484],[-66.168453,18.133488],[-66.16636,18.134185],[-66.165857,18.137281],[-66.162599,18.138629],[-66.164522,18.144541],[-66.162189,18.146205],[-66.160041,18.146636],[-66.156458,18.144209],[-66.15629,18.14154],[-66.15047,18.142337],[-66.150217,18.139342],[-66.144423,18.138185],[-66.142495,18.137235],[-66.139319,18.137409],[-66.138125,18.134337],[-66.134433,18.13278],[-66.131881,18.132577],[-66.13092,18.138429],[-66.127532,18.139717],[-66.124784,18.139636],[-66.121866,18.140741],[-66.119516,18.137958],[-66.117861,18.140022],[-66.114417,18.139697],[-66.112441,18.14134],[-66.110729,18.144321],[-66.110311,18.146734],[-66.108169,18.148642],[-66.104353,18.150001],[-66.102211,18.152019],[-66.099548,18.153083],[-66.098135,18.15856],[-66.096417,18.15939],[-66.09671,18.161321],[-66.094522,18.164715],[-66.095099,18.169077],[-66.096813,18.168197],[-66.100921,18.16979],[-66.102643,18.169522],[-66.105095,18.171543],[-66.101719,18.183062],[-66.109374,18.200934],[-66.117774,18.209949]]]},"properties":{"shapeName":"Cidra","shapeISO":"32010507B88362750247815","shapeGroup":"PRI","shapeType":"ADM2","src_shape_id":"32010507B88362750247815"}},
{"type":"Feature","geometry":{"type":"Polygon","coordinates":[[[-65.928341,18.142845],[-65.92537,18.139833],[-65.922067,18.139161],[-65.920665,18.137823],[-65.921195,18.135947],[-65.924448,18.135673],[-65.925803,18.130044],[-65.925205,18.128812],[-65.927475,18.122146],[-65.926227,18.119963],[-65.925183,18.120581],[-65.919269,18.120952],[-65.917024,18.122422],[-65.914426,18.122326],[-65.912763,18.123781],[-65.909329,18.123959],[-65.907453,18.126145],[-65.905052,18.12557],[-65.900893,18.125856],[-65.898633,18.123649],[-65.894762,18.124136],[-65.893125,18.122501],[-65.888234,18.121131],[-65.883911,18.122827],[-65.882329,18.119828],[-65.877615,18.118167],[-65.875703,18.125369],[-65.874374,18.128318],[-65.871593,18.129926],[-65.867491,18.138131],[-65.865432,18.138292],[-65.862703,18.140644],[-65.861627,18.145319],[-65.862038,18.155939],[-65.855595,18.16728],[-65.854982,18.16974],[-65.856599,18.173771],[-65.854598,18.177065],[-65.8505,18.175796],[-65.847071,18.176526],[-65.846169,18.178159],[-65.836614,18.175296],[-65.83528,18.180033],[-65.832723,18.184306],[-65.830202,18.185253],[-65.82804,18.187202],[-65.825721,18.192406],[-65.826063,18.200408],[-65.831388,18.214222],[-65.828789,18.230243],[-65.82115,18.246693],[-65.819691,18.249418],[-65.817246,18.252327],[-65.816614,18.256848],[-65.81719,18.2584],[-65.815664,18.262527],[-65.819867,18.267681],[-65.823769,18.268738],[-65.82422,18.273054],[-65.827556,18.273161],[-65.831717,18.271736],[-65.836387,18.275246],[-65.838595,18.273689],[-65.839386,18.271074],[-65.839854,18.265696],[-65.842097,18.264395],[-65.846289,18.258083],[-65.852616,18.254972],[-65.853224,18.250714],[-65.851934,18.248011],[-65.858042,18.242069],[-65.86623,18.227308],[-65.867768,18.222396],[-65.870022,18.219737],[-65.874765,18.215914],[-65.882631,18.207989],[-65.887617,18.198354],[-65.889548,18.199915],[-65.894317,18.200226],[-65.896196,18.201598],[-65.898894,18.195565],[-65.901903,18.191503],[-65.902925,18.185113],[-65.910422,18.174839],[-65.91459,18.166534],[-65.916146,18.164287],[-65.916473,18.160937],[-65.923846,18.148537],[-65.926076,18.144195],[-65.928341,18.142845]]]},"properties":{"shapeName":"Las Piedras","shapeISO":"32010507B95664633284712","shapeGroup":"PRI","shapeType":"ADM2","src_shape_id":"32010507B95664633284712"}},
{"type":"Feature","geometry":{"type":"Polygon","coordinates":[[[-65.919278,18.402993],[-65.914495,18.405626],[-65.909683,18.401062],[-65.89993,18.413682],[-65.893292,18.411602],[-65.887964,18.411537],[-65.879613,18.410596],[-65.873975,18.408962],[-65.869949,18.408915],[-65.869881,18.405741],[-65.871668,18.404938],[-65.871506,18.400549],[-65.872584,18.40059],[-65.872739,18.396168],[-65.87388,18.392729],[-65.873728,18.390792],[-65.8756,18.389217],[-65.876602,18.382447],[-65.876502,18.378681],[-65.867447,18.378198],[-65.863579,18.381238],[-65.859914,18.381611],[-65.859798,18.383817],[-65.856573,18.38994],[-65.856065,18.394458],[-65.852538,18.4017],[-65.849925,18.403512],[-65.847049,18.404036],[-65.843817,18.405703],[-65.842654,18.408678],[-65.840155,18.410628],[-65.836693,18.414314],[-65.835121,18.414801],[-65.8348,18.416858],[-65.832623,18.420692],[-65.828381,18.42376],[-65.83009,18.425057],[-65.832229,18.430244],[-65.836983,18.432048],[-65.842925,18.432048],[-65.847203,18.433851],[-65.852194,18.435204],[-65.861226,18.435881],[-65.870258,18.437008],[-65.879052,18.439714],[-65.887846,18.443998],[-65.894026,18.447605],[-65.896403,18.451438],[-65.904008,18.453242],[-65.908287,18.451889],[-65.911139,18.447154],[-65.91613,18.445125],[-65.920408,18.445802],[-65.924687,18.445351],[-65.930153,18.446704],[-65.93871,18.447605],[-65.948217,18.450536],[-65.961527,18.453242],[-65.971272,18.456398],[-65.976976,18.459329],[-65.980779,18.460231],[-65.987196,18.458878],[-65.99195,18.461584],[-65.993295,18.458226],[-65.990556,18.457474],[-65.98936,18.455856],[-65.986324,18.454382],[-65.985038,18.450587],[-65.985793,18.444801],[-65.984431,18.442824],[-65.980791,18.442257],[-65.976726,18.442334],[-65.974141,18.440701],[-65.970901,18.440372],[-65.969887,18.437715],[-65.967349,18.433548],[-65.965222,18.432578],[-65.963358,18.434326],[-65.961461,18.433368],[-65.957212,18.433471],[-65.953979,18.437155],[-65.949098,18.434705],[-65.932598,18.428424],[-65.9304,18.428478],[-65.930859,18.422771],[-65.926171,18.415596],[-65.928374,18.412946],[-65.924142,18.411478],[-65.920085,18.411175],[-65.919596,18.409777],[-65.91976,18.405009],[-65.919278,18.402993]]]},"properties":{"shapeName":"Loíza","shapeISO":"32010507B12754205522862","shapeGroup":"PRI","shapeType":"ADM2","src_shape_id":"32010507B12754205522862"}},
{"type":"Feature","geometry":{"type":"Polygon","coordinates":[[[-65.852616,18.254972],[-65.856511,18.255706],[-65.857891,18.256678],[-65.861558,18.256928],[-65.865142,18.255973],[-65.867673,18.253141],[-65.870116,18.253557],[-65.873997,18.252738],[-65.878592,18.256213],[-65.881641,18.256626],[-65.885969,18.260318],[-65.889216,18.261757],[-65.896942,18.261209],[-65.903283,18.263767],[-65.906177,18.265548],[-65.910952,18.265106],[-65.918535,18.27013],[-65.91958,18.269401],[-65.924347,18.269344],[-65.927803,18.267345],[-65.934145,18.262328],[-65.936305,18.259319],[-65.940848,18.250269],[-65.943111,18.252688],[-65.946231,18.252403],[-65.945415,18.249179],[-65.946011,18.244275],[-65.948435,18.243234],[-65.948041,18.241372],[-65.946135,18.241253],[-65.943021,18.239355],[-65.942573,18.23703],[-65.939473,18.234118],[-65.941535,18.232252],[-65.944238,18.233003],[-65.949335,18.231723],[-65.951019,18.229292],[-65.949218,18.226474],[-65.951085,18.225222],[-65.950871,18.21874],[-65.951566,18.215569],[-65.947937,18.213073],[-65.947114,18.209045],[-65.939888,18.202777],[-65.93378,18.196376],[-65.929404,18.197433],[-65.929989,18.193079],[-65.928494,18.191172],[-65.927983,18.188771],[-65.929413,18.184627],[-65.927197,18.182052],[-65.927926,18.180098],[-65.927342,18.177307],[-65.931072,18.177891],[-65.930693,18.172238],[-65.931214,18.16824],[-65.929844,18.164113],[-65.932097,18.162181],[-65.928537,18.153478],[-65.927902,18.145066],[-65.928341,18.142845],[-65.926076,18.144195],[-65.923846,18.148537],[-65.916473,18.160937],[-65.916146,18.164287],[-65.91459,18.166534],[-65.910422,18.174839],[-65.902925,18.185113],[-65.901903,18.191503],[-65.898894,18.195565],[-65.896196,18.201598],[-65.894317,18.200226],[-65.889548,18.199915],[-65.887617,18.198354],[-65.882631,18.207989],[-65.874765,18.215914],[-65.870022,18.219737],[-65.867768,18.222396],[-65.86623,18.227308],[-65.858042,18.242069],[-65.851934,18.248011],[-65.853224,18.250714],[-65.852616,18.254972]]]},"properties":{"shapeName":"Juncos","shapeISO":"32010507B4476069881606","shapeGroup":"PRI","shapeType":"ADM2","src_shape_id":"32010507B4476069881606"}},
{"type":"Feature","geometry":{"type":"Polygon","coordinates":[[[-66.893339,18.367089],[-66.89138,18.368071],[-66.8872,18.367001],[-66.882193,18.36459],[-66.880675,18.362451],[-66.880633,18.360501],[-66.876876,18.356774],[-66.873457,18.356876],[-66.871446,18.356112],[-66.86299,18.356064],[-66.854737,18.355335],[-66.851685,18.353884],[-66.848462,18.353682],[-66.846399,18.351165],[-66.836853,18.348376],[-66.828738,18.344375],[-66.824223,18.342998],[-66.819029,18.352656],[-66.81905,18.354044],[-66.8212,18.357013],[-66.818273,18.361643],[-66.816034,18.363717],[-66.815044,18.369572],[-66.814336,18.370802],[-66.814471,18.376115],[-66.813024,18.380676],[-66.8129,18.383319],[-66.810603,18.387031],[-66.81279,18.389541],[-66.81576,18.3915],[-66.817293,18.393758],[-66.817856,18.396341],[-66.81676,18.398548],[-66.81724,18.404036],[-66.821211,18.405435],[-66.823643,18.412465],[-66.820993,18.414476],[-66.820913,18.416411],[-66.824243,18.418237],[-66.825004,18.420596],[-66.823918,18.424666],[-66.826322,18.428144],[-66.825965,18.430667],[-66.82689,18.433164],[-66.828913,18.435595],[-66.827856,18.437564],[-66.825784,18.438197],[-66.826063,18.444171],[-66.824707,18.44697],[-66.82673,18.447888],[-66.825601,18.450705],[-66.826457,18.457583],[-66.829323,18.457803],[-66.831742,18.46029],[-66.832688,18.463541],[-66.830348,18.464782],[-66.830161,18.471569],[-66.83318,18.473666],[-66.835167,18.473753],[-66.835199,18.479734],[-66.837558,18.48058],[-66.837721,18.482393],[-66.83581,18.486599],[-66.83663,18.488065],[-66.838565,18.488185],[-66.850925,18.491115],[-66.859956,18.491115],[-66.867562,18.491566],[-66.872791,18.489537],[-66.879208,18.489537],[-66.888003,18.487734],[-66.896559,18.485029],[-66.901418,18.484239],[-66.901345,18.467913],[-66.900733,18.445746],[-66.901075,18.435176],[-66.901276,18.418168],[-66.900333,18.405112],[-66.899248,18.397413],[-66.900982,18.385353],[-66.8989,18.366108],[-66.894481,18.366195],[-66.893339,18.367089]]]},"properties":{"shapeName":"Camuy","shapeISO":"32010507B35175802889516","shapeGroup":"PRI","shapeType":"ADM2","src_shape_id":"32010507B35175802889516"}},
{"type":"Feature","geometry":{"type":"Polygon","coordinates":[[[-66.463211,18.371473],[-66.459029,18.371249],[-66.451578,18.372214],[-66.4438,18.371027],[-66.445566,18.375604],[-66.44529,18.380314],[-66.446709,18.383848],[-66.448989,18.387214],[-66.448138,18.391501],[-66.441981,18.402142],[-66.440263,18.406347],[-66.439413,18.410366],[-66.440422,18.429662],[-66.440179,18.439238],[-66.438735,18.442164],[-66.439027,18.447339],[-66.439916,18.451164],[-66.439594,18.458669],[-66.438813,18.485714],[-66.440927,18.484803],[-66.442828,18.477815],[-66.445443,18.476463],[-66.449483,18.471052],[-66.454475,18.469249],[-66.466359,18.469023],[-66.479906,18.471729],[-66.483947,18.473307],[-66.499396,18.477139],[-66.513182,18.479168],[-66.52364,18.483902],[-66.527918,18.484803],[-66.533626,18.482637],[-66.534434,18.478544],[-66.531234,18.474036],[-66.530264,18.470077],[-66.53067,18.465104],[-66.532174,18.461186],[-66.537541,18.456398],[-66.536686,18.453241],[-66.532897,18.456447],[-66.53033,18.456855],[-66.527334,18.45601],[-66.526585,18.453602],[-66.530832,18.449809],[-66.536754,18.447805],[-66.539331,18.445484],[-66.534943,18.443249],[-66.537521,18.435923],[-66.53532,18.434257],[-66.530912,18.434367],[-66.530181,18.437009],[-66.531848,18.439409],[-66.528892,18.441734],[-66.52766,18.440408],[-66.527306,18.43682],[-66.528094,18.434692],[-66.524006,18.431402],[-66.526707,18.430737],[-66.526583,18.426558],[-66.529919,18.424526],[-66.533135,18.424003],[-66.534722,18.421974],[-66.541582,18.41911],[-66.543139,18.413552],[-66.543079,18.405422],[-66.54096,18.402331],[-66.539644,18.398758],[-66.537983,18.397814],[-66.537679,18.394983],[-66.535677,18.393907],[-66.535482,18.39189],[-66.533976,18.390042],[-66.533716,18.387413],[-66.530964,18.386033],[-66.531591,18.378319],[-66.531178,18.377132],[-66.531535,18.364674],[-66.533992,18.360983],[-66.533238,18.356682],[-66.533623,18.351333],[-66.53099,18.350261],[-66.528304,18.350564],[-66.5276,18.35288],[-66.523317,18.354924],[-66.518997,18.354436],[-66.518744,18.356999],[-66.511776,18.362003],[-66.509687,18.362078],[-66.506214,18.363591],[-66.500628,18.364865],[-66.499262,18.364052],[-66.496601,18.366028],[-66.493797,18.36626],[-66.490678,18.365452],[-66.48343,18.36604],[-66.476158,18.367511],[-66.473346,18.367604],[-66.468901,18.369812],[-66.466945,18.371834],[-66.463211,18.371473]]]},"properties":{"shapeName":"Manatí","shapeISO":"32010507B74616121786134","shapeGroup":"PRI","shapeType":"ADM2","src_shape_id":"32010507B74616121786134"}},
{"type":"Feature","geometry":{"type":"Polygon","coordinates":[[[-65.988523,18.058941],[-65.98912,18.056918],[-65.986943,18.052725],[-65.985187,18.050462],[-65.985578,18.04521],[-65.979951,18.038897],[-65.9819,18.03484],[-65.978331,18.032282],[-65.97565,18.032859],[-65.973685,18.02647],[-65.971954,18.024463],[-65.967485,18.02554],[-65.965852,18.028117],[-65.963517,18.028975],[-65.959813,18.02818],[-65.959132,18.026528],[-65.953283,18.023695],[-65.953166,18.019724],[-65.955242,18.017032],[-65.954983,18.013349],[-65.953582,18.010483],[-65.953048,18.006339],[-65.948761,18.004595],[-65.948199,18.0016],[-65.944068,17.994603],[-65.942003,17.992296],[-65.937918,17.992037],[-65.931486,17.989196],[-65.92904,17.989067],[-65.926154,17.985998],[-65.922261,17.986059],[-65.920488,17.985074],[-65.917754,17.985778],[-65.915757,17.984703],[-65.912471,17.978371],[-65.901156,17.987947],[-65.894501,17.991112],[-65.890698,17.992016],[-65.885469,17.988399],[-65.881904,17.99179],[-65.879052,17.997216],[-65.875249,18.002189],[-65.86907,18.006709],[-65.864791,18.006935],[-65.857423,18.005127],[-65.854333,18.006483],[-65.852194,18.009648],[-65.850361,18.011017],[-65.853547,18.014595],[-65.857293,18.016945],[-65.857117,18.018771],[-65.859072,18.021185],[-65.862188,18.021983],[-65.864627,18.025698],[-65.867644,18.026048],[-65.870991,18.025049],[-65.873016,18.023485],[-65.878853,18.020661],[-65.88104,18.020796],[-65.882318,18.024179],[-65.88592,18.027218],[-65.888172,18.030154],[-65.892987,18.031974],[-65.895129,18.0322],[-65.898505,18.033869],[-65.899767,18.03213],[-65.90221,18.034011],[-65.904714,18.034106],[-65.907393,18.035898],[-65.911412,18.034239],[-65.912381,18.033105],[-65.915131,18.034278],[-65.921949,18.034595],[-65.925134,18.036826],[-65.928013,18.036271],[-65.929474,18.036968],[-65.933735,18.0368],[-65.935184,18.040723],[-65.941466,18.040846],[-65.942097,18.042497],[-65.948639,18.045716],[-65.952282,18.044819],[-65.953173,18.046938],[-65.955394,18.047832],[-65.958505,18.052289],[-65.963971,18.054891],[-65.964698,18.054205],[-65.972241,18.052898],[-65.973738,18.054451],[-65.97345,18.056619],[-65.977129,18.05825],[-65.97779,18.061093],[-65.980187,18.061251],[-65.983559,18.058764],[-65.985438,18.059625],[-65.988523,18.058941]]]},"properties":{"shapeName":"Maunabo","shapeISO":"32010507B22166841242195","shapeGroup":"PRI","shapeType":"ADM2","src_shape_id":"32010507B22166841242195"}},
{"type":"Feature","geometry":{"type":"Polygon","coordinates":[[[-66.852496,17.954858],[-66.851638,17.953808],[-66.847835,17.952678],[-66.841417,17.949739],[-66.836188,17.950191],[-66.832861,17.952],[-66.827394,17.953582],[-66.822165,17.954261],[-66.817887,17.95607],[-66.816461,17.958783],[-66.810994,17.9624],[-66.807429,17.966018],[-66.802676,17.966696],[-66.796971,17.968731],[-66.79198,17.969635],[-66.787226,17.972122],[-66.783661,17.980261],[-66.783661,17.98546],[-66.785087,17.995859],[-66.78176,17.998346],[-66.77867,17.999928],[-66.77558,18.000154],[-66.772728,18.003771],[-66.770351,18.005805],[-66.767024,18.006257],[-66.764884,18.005805],[-66.763221,18.002641],[-66.763458,17.999928],[-66.761629,17.998189],[-66.754288,17.999101],[-66.752053,18.001915],[-66.751373,18.006582],[-66.748822,18.010752],[-66.739833,18.014235],[-66.73765,18.013354],[-66.734528,18.014304],[-66.732995,18.017494],[-66.734223,18.020529],[-66.736121,18.022515],[-66.739897,18.029098],[-66.74172,18.030531],[-66.739897,18.035268],[-66.738287,18.036803],[-66.739186,18.03954],[-66.73629,18.042404],[-66.738173,18.044853],[-66.743652,18.04587],[-66.746599,18.044764],[-66.753517,18.049552],[-66.753962,18.052551],[-66.75564,18.056235],[-66.757424,18.053548],[-66.75945,18.051888],[-66.761492,18.047862],[-66.762964,18.046997],[-66.763166,18.044301],[-66.765131,18.03898],[-66.766097,18.039857],[-66.767045,18.044811],[-66.767956,18.045853],[-66.768072,18.049159],[-66.766425,18.050354],[-66.766482,18.052079],[-66.768753,18.056077],[-66.769504,18.059069],[-66.76671,18.062903],[-66.76891,18.070603],[-66.767925,18.073613],[-66.766538,18.074705],[-66.765919,18.077994],[-66.765884,18.082197],[-66.769155,18.085213],[-66.76969,18.087833],[-66.767787,18.093164],[-66.76715,18.096632],[-66.764983,18.101441],[-66.765905,18.106632],[-66.762821,18.1106],[-66.760966,18.111611],[-66.761843,18.11399],[-66.764041,18.116747],[-66.765092,18.122595],[-66.76875,18.127607],[-66.767956,18.129194],[-66.769155,18.13101],[-66.769049,18.134983],[-66.771375,18.133961],[-66.775694,18.133788],[-66.782321,18.136463],[-66.7844,18.138652],[-66.788544,18.134404],[-66.792002,18.134798],[-66.797557,18.133445],[-66.798973,18.13122],[-66.797391,18.127799],[-66.796268,18.121461],[-66.800081,18.120393],[-66.803189,18.116976],[-66.806796,18.115751],[-66.810704,18.113085],[-66.810013,18.108313],[-66.808987,18.105516],[-66.805879,18.103902],[-66.805176,18.101027],[-66.806715,18.096877],[-66.805259,18.094035],[-66.80221,18.090992],[-66.81522,18.07288],[-66.816614,18.070727],[-66.818541,18.063296],[-66.818993,18.059769],[-66.818608,18.056456],[-66.823994,18.047706],[-66.824149,18.043591],[-66.824956,18.042217],[-66.823742,18.038952],[-66.821925,18.036817],[-66.821496,18.032694],[-66.818062,18.029528],[-66.820722,18.025178],[-66.821777,18.021104],[-66.829663,18.018709],[-66.82988,18.014671],[-66.828811,18.01226],[-66.830929,18.009926],[-66.829491,18.008418],[-66.826931,18.008351],[-66.827234,18.005803],[-66.825847,18.003427],[-66.825979,17.999698],[-66.830305,17.999432],[-66.831423,17.997046],[-66.830247,17.991285],[-66.833718,17.989763],[-66.835282,17.988274],[-66.836682,17.965971],[-66.852496,17.954858]]]},"properties":{"shapeName":"Guayanilla","shapeISO":"32010507B36616514861103","shapeGroup":"PRI","shapeType":"ADM2","src_shape_id":"32010507B36616514861103"}},
{"type":"Feature","geometry":{"type":"Polygon","coordinates":[[[-65.999556,18.380065],[-66.003417,18.379053],[-66.006887,18.378892],[-66.009398,18.379676],[-66.017461,18.378346],[-66.025286,18.379803],[-66.031998,18.373256],[-66.035557,18.368455],[-66.035015,18.36424],[-66.034188,18.362262],[-66.034571,18.357098],[-66.032505,18.355701],[-66.034526,18.353925],[-66.034512,18.352182],[-66.036418,18.348239],[-66.036788,18.3456],[-66.03554,18.342923],[-66.033663,18.335236],[-66.034938,18.333469],[-66.035036,18.330037],[-66.03596,18.327913],[-66.035364,18.325905],[-66.036438,18.323052],[-66.035499,18.31984],[-66.03756,18.317321],[-66.041053,18.315395],[-66.041535,18.312344],[-66.038468,18.311662],[-66.035475,18.309582],[-66.031631,18.308877],[-66.030118,18.309897],[-66.025887,18.309659],[-66.021747,18.305034],[-66.020194,18.307536],[-66.016482,18.308734],[-66.015252,18.307514],[-66.012749,18.307318],[-66.009378,18.305205],[-66.002801,18.306397],[-66.00099,18.307487],[-65.997175,18.306089],[-65.99526,18.30664],[-65.991789,18.30948],[-65.988794,18.309917],[-65.986059,18.311183],[-65.98406,18.310825],[-65.972464,18.310338],[-65.967659,18.309661],[-65.968706,18.308202],[-65.96628,18.305424],[-65.963024,18.299866],[-65.960835,18.300055],[-65.957815,18.296735],[-65.95376,18.294482],[-65.95026,18.295507],[-65.948375,18.294302],[-65.942429,18.293469],[-65.942259,18.296934],[-65.943603,18.299075],[-65.94018,18.300378],[-65.940406,18.303331],[-65.941661,18.305044],[-65.939096,18.309559],[-65.940897,18.311573],[-65.947264,18.31144],[-65.948679,18.312171],[-65.950477,18.315563],[-65.952698,18.316193],[-65.954316,18.317844],[-65.956602,18.31831],[-65.958647,18.322499],[-65.961383,18.322722],[-65.963261,18.325377],[-65.962269,18.327361],[-65.963624,18.32938],[-65.966352,18.329359],[-65.967583,18.331875],[-65.969832,18.334088],[-65.969573,18.336138],[-65.967194,18.339871],[-65.96975,18.340431],[-65.969705,18.343405],[-65.972785,18.344157],[-65.97438,18.348666],[-65.975247,18.349187],[-65.975571,18.352701],[-65.979528,18.35302],[-65.981031,18.353992],[-65.98103,18.356324],[-65.9832,18.360195],[-65.989643,18.36584],[-65.989496,18.369857],[-65.991499,18.372371],[-65.991498,18.377004],[-65.994258,18.377202],[-65.997753,18.37837],[-65.999556,18.380065]]]},"properties":{"shapeName":"Trujillo Alto","shapeISO":"32010507B87242959394677","shapeGroup":"PRI","shapeType":"ADM2","src_shape_id":"32010507B87242959394677"}},
{"type":"Feature","geometry":{"type":"Polygon","coordinates":[[[-66.44456,18.176674],[-66.447603,18.175756],[-66.452704,18.178441],[-66.457933,18.176539],[-66.461355,18.17709],[-66.464004,18.178854],[-66.467794,18.177499],[-66.470545,18.177829],[-66.472353,18.175672],[-66.472871,18.172431],[-66.475601,18.172276],[-66.477374,18.170011],[-66.481413,18.169838],[-66.484852,18.168227],[-66.485789,18.166831],[-66.488562,18.165932],[-66.490649,18.167145],[-66.493436,18.166499],[-66.496522,18.166675],[-66.497201,18.165452],[-66.502791,18.164994],[-66.505679,18.163487],[-66.507965,18.160991],[-66.510671,18.159775],[-66.513457,18.155678],[-66.516287,18.154305],[-66.51945,18.154255],[-66.521899,18.151954],[-66.523137,18.14522],[-66.526909,18.140207],[-66.526431,18.137083],[-66.527879,18.135053],[-66.528334,18.131379],[-66.52685,18.130682],[-66.524801,18.124467],[-66.523199,18.122484],[-66.526446,18.119846],[-66.526458,18.117279],[-66.52542,18.115695],[-66.525745,18.112474],[-66.526863,18.110082],[-66.52963,18.108348],[-66.530043,18.106944],[-66.52758,18.102269],[-66.528752,18.100827],[-66.526439,18.098705],[-66.524156,18.097964],[-66.520996,18.093173],[-66.522099,18.089738],[-66.518244,18.08503],[-66.510433,18.08174],[-66.507491,18.080915],[-66.504692,18.082406],[-66.502253,18.085115],[-66.501935,18.088019],[-66.505587,18.091973],[-66.505567,18.093151],[-66.501875,18.095666],[-66.493309,18.096442],[-66.487793,18.094225],[-66.484626,18.089598],[-66.481877,18.088011],[-66.479006,18.087274],[-66.476231,18.087765],[-66.470083,18.085394],[-66.461763,18.084441],[-66.454634,18.08125],[-66.452862,18.082682],[-66.448254,18.083274],[-66.443983,18.084822],[-66.44343,18.083996],[-66.439549,18.084927],[-66.434568,18.08379],[-66.430314,18.082053],[-66.429531,18.083218],[-66.430576,18.085759],[-66.428959,18.089287],[-66.429222,18.090961],[-66.425443,18.093846],[-66.424018,18.096828],[-66.421547,18.097525],[-66.422756,18.099548],[-66.42549,18.100494],[-66.426772,18.101911],[-66.427758,18.11066],[-66.429642,18.112166],[-66.430494,18.116403],[-66.426959,18.118411],[-66.426621,18.123015],[-66.425759,18.126392],[-66.424077,18.129208],[-66.4243,18.132075],[-66.421369,18.135763],[-66.419799,18.141392],[-66.419306,18.144988],[-66.422798,18.150663],[-66.429449,18.156912],[-66.428478,18.159797],[-66.429625,18.166674],[-66.432773,18.172651],[-66.434573,18.173537],[-66.439509,18.173061],[-66.4402,18.174516],[-66.44456,18.176674]]]},"properties":{"shapeName":"Villalba","shapeISO":"32010507B77779311465946","shapeGroup":"PRI","shapeType":"ADM2","src_shape_id":"32010507B77779311465946"}},
{"type":"Feature","geometry":{"type":"Polygon","coordinates":[[[-66.278076,18.329975],[-66.283187,18.314686],[-66.282875,18.312671],[-66.283581,18.307728],[-66.285318,18.303769],[-66.287469,18.287545],[-66.287232,18.283688],[-66.288205,18.281399],[-66.289092,18.276276],[-66.287513,18.273117],[-66.287876,18.269955],[-66.289444,18.268627],[-66.291428,18.264403],[-66.296086,18.257545],[-66.302282,18.255394],[-66.305985,18.254865],[-66.305874,18.252805],[-66.308528,18.251287],[-66.312038,18.25036],[-66.313299,18.249324],[-66.31149,18.248081],[-66.310676,18.245057],[-66.308481,18.244686],[-66.307073,18.241481],[-66.305307,18.241579],[-66.301636,18.244738],[-66.293176,18.245902],[-66.287914,18.244678],[-66.280877,18.24358],[-66.266466,18.24527],[-66.265937,18.246921],[-66.262315,18.246429],[-66.257952,18.247633],[-66.254822,18.247748],[-66.250448,18.250042],[-66.247787,18.248255],[-66.245065,18.249306],[-66.243213,18.251365],[-66.242185,18.254632],[-66.237915,18.253964],[-66.232719,18.255103],[-66.229521,18.253944],[-66.227615,18.254673],[-66.228764,18.258627],[-66.228952,18.262801],[-66.226907,18.262521],[-66.225083,18.264489],[-66.222102,18.26615],[-66.222294,18.268109],[-66.219803,18.271022],[-66.219106,18.274246],[-66.2171,18.274224],[-66.213279,18.275407],[-66.210629,18.275142],[-66.209869,18.277096],[-66.206135,18.27666],[-66.206509,18.27966],[-66.2082,18.281971],[-66.209318,18.285136],[-66.208699,18.287177],[-66.211389,18.291415],[-66.210987,18.293169],[-66.208629,18.295828],[-66.209872,18.297552],[-66.210312,18.30302],[-66.212954,18.30488],[-66.213072,18.307003],[-66.205908,18.306921],[-66.204734,18.316035],[-66.207758,18.323896],[-66.211724,18.323557],[-66.213257,18.32431],[-66.213654,18.326901],[-66.215423,18.329627],[-66.215276,18.331627],[-66.217179,18.334194],[-66.22076,18.333338],[-66.22193,18.331817],[-66.225459,18.330161],[-66.229016,18.326022],[-66.232044,18.324134],[-66.235337,18.328496],[-66.237798,18.332969],[-66.241155,18.332955],[-66.241874,18.331272],[-66.245492,18.331492],[-66.248481,18.32601],[-66.251799,18.327647],[-66.253704,18.330157],[-66.258509,18.331909],[-66.261669,18.331104],[-66.263489,18.329748],[-66.267027,18.330031],[-66.268511,18.329073],[-66.272485,18.328811],[-66.274255,18.330626],[-66.278076,18.329975]]]},"properties":{"shapeName":"Naranjito","shapeISO":"32010507B80614899484924","shapeGroup":"PRI","shapeType":"ADM2","src_shape_id":"32010507B80614899484924"}},
{"type":"Feature","geometry":{"type":"Polygon","coordinates":[[[-66.590785,18.33806],[-66.588909,18.346899],[-66.589766,18.348659],[-66.588916,18.351229],[-66.587078,18.353144],[-66.588291,18.355893],[-66.585172,18.359211],[-66.583014,18.363218],[-66.582374,18.374238],[-66.588305,18.37414],[-66.589194,18.377711],[-66.588189,18.380671],[-66.588008,18.383914],[-66.588778,18.386358],[-66.588181,18.389408],[-66.590075,18.389736],[-66.591325,18.391991],[-66.589836,18.393348],[-66.59093,18.39671],[-66.593456,18.399407],[-66.590917,18.41062],[-66.587619,18.410307],[-66.586445,18.413821],[-66.585273,18.419687],[-66.583222,18.437781],[-66.584138,18.438677],[-66.58777,18.437599],[-66.587782,18.441193],[-66.582745,18.441656],[-66.579868,18.467957],[-66.582038,18.466195],[-66.584675,18.467122],[-66.586567,18.468864],[-66.588873,18.473419],[-66.586751,18.485101],[-66.590903,18.48548],[-66.598984,18.488635],[-66.610393,18.49134],[-66.620613,18.492918],[-66.626555,18.493369],[-66.634874,18.493144],[-66.641291,18.492467],[-66.645332,18.488861],[-66.654126,18.488861],[-66.668862,18.487734],[-66.674328,18.489762],[-66.680508,18.484352],[-66.685975,18.481197],[-66.691917,18.481197],[-66.699523,18.483225],[-66.702375,18.480295],[-66.702137,18.47511],[-66.706178,18.47263],[-66.712357,18.473081],[-66.722577,18.476463],[-66.730183,18.474434],[-66.736601,18.474434],[-66.747534,18.476688],[-66.762508,18.482324],[-66.764998,18.4838],[-66.76799,18.478246],[-66.769169,18.469062],[-66.767281,18.461651],[-66.767628,18.451719],[-66.768317,18.443957],[-66.770658,18.435952],[-66.768977,18.43244],[-66.767942,18.427246],[-66.767838,18.415844],[-66.770144,18.408026],[-66.769983,18.405538],[-66.767172,18.392097],[-66.767269,18.389895],[-66.76911,18.373004],[-66.769488,18.358264],[-66.769261,18.355365],[-66.770072,18.325013],[-66.76864,18.325993],[-66.765203,18.332131],[-66.762378,18.332144],[-66.761133,18.333873],[-66.758883,18.334744],[-66.757298,18.33673],[-66.754409,18.337303],[-66.752559,18.339128],[-66.7462,18.341978],[-66.743798,18.343566],[-66.741193,18.34425],[-66.738046,18.34822],[-66.735947,18.349675],[-66.734333,18.347693],[-66.730441,18.349484],[-66.723462,18.33985],[-66.720301,18.337629],[-66.720374,18.335108],[-66.722528,18.333369],[-66.72268,18.331751],[-66.720854,18.327387],[-66.721266,18.323819],[-66.720032,18.323085],[-66.719342,18.319517],[-66.717302,18.315681],[-66.715886,18.315205],[-66.710474,18.315439],[-66.70661,18.316945],[-66.702916,18.320592],[-66.698336,18.320801],[-66.695763,18.322093],[-66.691567,18.321296],[-66.690192,18.321653],[-66.687815,18.320116],[-66.685389,18.321171],[-66.683006,18.32085],[-66.681521,18.322332],[-66.679057,18.321758],[-66.67494,18.323813],[-66.67158,18.324509],[-66.666888,18.322414],[-66.664148,18.322053],[-66.661789,18.320686],[-66.657522,18.321932],[-66.654487,18.324417],[-66.65344,18.327262],[-66.650031,18.328393],[-66.648635,18.326608],[-66.645529,18.325581],[-66.642193,18.326793],[-66.639155,18.324559],[-66.634755,18.325331],[-66.63231,18.326801],[-66.632008,18.32813],[-66.628731,18.327872],[-66.624323,18.328323],[-66.621418,18.330708],[-66.619029,18.331805],[-66.612414,18.331349],[-66.611779,18.329721],[-66.606989,18.328186],[-66.606708,18.331486],[-66.604488,18.331647],[-66.601496,18.334619],[-66.600183,18.337108],[-66.600229,18.339603],[-66.597353,18.339216],[-66.595271,18.338019],[-66.590785,18.33806]]]},"properties":{"shapeName":"Arecibo","shapeISO":"32010507B88013752264410","shapeGroup":"PRI","shapeType":"ADM2","src_shape_id":"32010507B88013752264410"}},
{"type":"Feature","geometry":{"type":"MultiPolygon","coordinates":[[[[-65.238053,18.321667],[-65.238529,18.319298],[-65.231636,18.315349],[-65.23021,18.313093],[-65.230091,18.310837],[-65.222961,18.310498],[-65.220703,18.312078],[-65.222604,18.318283],[-65.221416,18.321554],[-65.224624,18.323472],[-65.228308,18.324375],[-65.231874,18.320765],[-65.238053,18.321667]]],[[[-65.266694,18.341634],[-65.266099,18.339153],[-65.262653,18.337348],[-65.260157,18.33464],[-65.256592,18.333174],[-65.249581,18.333738],[-65.247679,18.33261],[-65.246016,18.33464],[-65.246134,18.33622],[-65.249581,18.337461],[-65.251482,18.340281],[-65.255166,18.342086],[-65.259444,18.342537],[-65.266694,18.341634]]],[[[-65.339692,18.310796],[-65.340751,18.309512],[-65.337682,18.305489],[-65.333225,18.301152],[-65.331325,18.295637],[-65.327817,18.295984],[-65.328438,18.300979],[-65.328475,18.305558],[-65.327525,18.309027],[-65.329973,18.311177],[-65.328877,18.315027],[-65.33074,18.316137],[-65.334248,18.311212],[-65.339692,18.310796]]],[[[-65.347029,18.349418],[-65.339899,18.344229],[-65.337641,18.339265],[-65.33574,18.337573],[-65.334908,18.334528],[-65.331818,18.329677],[-65.330511,18.325954],[-65.331343,18.322006],[-65.327659,18.323472],[-65.325995,18.323134],[-65.323261,18.320313],[-65.319934,18.319411],[-65.317676,18.317493],[-65.318032,18.314672],[-65.317319,18.309708],[-65.315418,18.307001],[-65.311972,18.305534],[-65.310902,18.301585],[-65.307456,18.301134],[-65.303772,18.297974],[-65.301038,18.294138],[-65.298305,18.293912],[-65.294621,18.290979],[-65.294146,18.288271],[-65.289749,18.282629],[-65.287609,18.278341],[-65.285946,18.276874],[-65.279172,18.283306],[-65.277865,18.285901],[-65.276795,18.291204],[-65.271328,18.294589],[-65.268833,18.29662],[-65.266575,18.297184],[-65.264198,18.295943],[-65.263841,18.289963],[-65.260276,18.289737],[-65.25576,18.291994],[-65.252314,18.295379],[-65.248987,18.297184],[-65.245778,18.302826],[-65.244114,18.30418],[-65.245184,18.311062],[-65.249462,18.315237],[-65.251958,18.319072],[-65.261465,18.323811],[-65.266337,18.327759],[-65.277627,18.332723],[-65.282499,18.330354],[-65.287728,18.331707],[-65.289867,18.332836],[-65.290224,18.337461],[-65.292957,18.335656],[-65.294859,18.331595],[-65.297235,18.330805],[-65.305079,18.332723],[-65.307931,18.336671],[-65.310308,18.338363],[-65.313398,18.3334],[-65.313517,18.330241],[-65.31518,18.329113],[-65.319459,18.329677],[-65.322786,18.334866],[-65.325044,18.337573],[-65.330392,18.338701],[-65.333482,18.341634],[-65.334908,18.345244],[-65.337998,18.350433],[-65.343227,18.351899],[-65.347029,18.349418]]]]},"properties":{"shapeName":"Culebra","shapeISO":"32010507B36782575213222","shapeGroup":"PRI","shapeType":"ADM2","src_shape_id":"32010507B36782575213222"}},
{"type":"Feature","geometry":{"type":"Polygon","coordinates":[[[-65.766831,18.280004],[-65.774235,18.2817],[-65.775411,18.283222],[-65.779792,18.286756],[-65.782343,18.29102],[-65.784859,18.294],[-65.788858,18.2945],[-65.793223,18.296529],[-65.794332,18.294765],[-65.794137,18.292036],[-65.795542,18.289512],[-65.802685,18.290405],[-65.805437,18.288049],[-65.807364,18.289366],[-65.811424,18.290141],[-65.813857,18.286726],[-65.813568,18.285546],[-65.815979,18.28339],[-65.818597,18.279848],[-65.822106,18.273871],[-65.82422,18.273054],[-65.823769,18.268738],[-65.819867,18.267681],[-65.815664,18.262527],[-65.81719,18.2584],[-65.816614,18.256848],[-65.817246,18.252327],[-65.819691,18.249418],[-65.82115,18.246693],[-65.828789,18.230243],[-65.831388,18.214222],[-65.826063,18.200408],[-65.82413,18.200726],[-65.82329,18.202811],[-65.819979,18.204411],[-65.819451,18.205594],[-65.812391,18.204508],[-65.80713,18.205384],[-65.799857,18.2026],[-65.797455,18.203644],[-65.795559,18.205715],[-65.792477,18.206759],[-65.79121,18.204326],[-65.785739,18.204085],[-65.781561,18.201289],[-65.777058,18.199616],[-65.774354,18.199539],[-65.768793,18.197995],[-65.766037,18.198557],[-65.760504,18.195581],[-65.762505,18.190014],[-65.766046,18.182096],[-65.754526,18.177319],[-65.751282,18.176322],[-65.747103,18.180725],[-65.743634,18.181244],[-65.741408,18.182332],[-65.740251,18.181241],[-65.741152,18.177466],[-65.739162,18.173546],[-65.737157,18.177737],[-65.733354,18.181802],[-65.725273,18.187221],[-65.719331,18.189705],[-65.712439,18.188576],[-65.70816,18.182931],[-65.703209,18.183927],[-65.697815,18.182468],[-65.69485,18.178866],[-65.691523,18.180221],[-65.692949,18.183382],[-65.694038,18.187471],[-65.692957,18.193346],[-65.690818,18.196056],[-65.686777,18.197863],[-65.678458,18.200347],[-65.672959,18.200998],[-65.665148,18.206895],[-65.661893,18.207298],[-65.661523,18.210382],[-65.66367,18.212396],[-65.664467,18.214373],[-65.662639,18.215144],[-65.660247,18.217772],[-65.65949,18.220373],[-65.657799,18.222497],[-65.658364,18.224498],[-65.662057,18.225157],[-65.666814,18.223125],[-65.670649,18.223033],[-65.673553,18.226098],[-65.676356,18.225222],[-65.677605,18.226662],[-65.679832,18.226749],[-65.684164,18.230463],[-65.685986,18.230285],[-65.688319,18.231615],[-65.689308,18.233789],[-65.688857,18.235702],[-65.69287,18.238225],[-65.691013,18.23939],[-65.686616,18.246165],[-65.683922,18.247276],[-65.682145,18.251614],[-65.684234,18.253503],[-65.688436,18.251596],[-65.69325,18.250774],[-65.694418,18.251901],[-65.694818,18.254574],[-65.697188,18.256708],[-65.70037,18.256849],[-65.702403,18.259473],[-65.70567,18.256561],[-65.710209,18.256477],[-65.71257,18.255624],[-65.713811,18.257191],[-65.716888,18.257785],[-65.721749,18.257372],[-65.721489,18.252304],[-65.729865,18.252922],[-65.732281,18.254106],[-65.732153,18.255598],[-65.735449,18.256139],[-65.736385,18.258175],[-65.739352,18.260759],[-65.744952,18.261527],[-65.747586,18.262811],[-65.749618,18.262803],[-65.754091,18.26497],[-65.756361,18.267574],[-65.757971,18.267523],[-65.759483,18.269673],[-65.762477,18.271581],[-65.764652,18.278267],[-65.766831,18.280004]]]},"properties":{"shapeName":"Naguabo","shapeISO":"32010507B83389329504851","shapeGroup":"PRI","shapeType":"ADM2","src_shape_id":"32010507B83389329504851"}},
{"type":"Feature","geometry":{"type":"Polygon","coordinates":[[[-66.252554,18.394187],[-66.257349,18.397508],[-66.257554,18.404625],[-66.258548,18.407864],[-66.260037,18.41027],[-66.255931,18.412069],[-66.257538,18.416251],[-66.260644,18.417039],[-66.261863,18.414537],[-66.263655,18.416759],[-66.264323,18.420579],[-66.262226,18.423282],[-66.264315,18.42654],[-66.261382,18.430837],[-66.257593,18.431153],[-66.258212,18.436041],[-66.255438,18.440588],[-66.259176,18.442571],[-66.257234,18.446459],[-66.258916,18.448239],[-66.259003,18.451039],[-66.257999,18.45514],[-66.256545,18.453495],[-66.253973,18.454311],[-66.251812,18.451617],[-66.247761,18.451411],[-66.244311,18.454852],[-66.241471,18.455706],[-66.238654,18.454817],[-66.235564,18.452685],[-66.233526,18.450374],[-66.230778,18.450364],[-66.231099,18.453832],[-66.224631,18.458594],[-66.218368,18.462214],[-66.214605,18.465],[-66.212723,18.465596],[-66.209657,18.465242],[-66.205851,18.463628],[-66.203727,18.463642],[-66.199313,18.464974],[-66.198941,18.466607],[-66.220123,18.466093],[-66.229375,18.467644],[-66.242058,18.468528],[-66.249832,18.472856],[-66.260528,18.477364],[-66.26956,18.480069],[-66.276215,18.478717],[-66.280969,18.474885],[-66.286435,18.472405],[-66.290713,18.472405],[-66.299032,18.477364],[-66.3064,18.476688],[-66.311867,18.47759],[-66.314792,18.476813],[-66.317421,18.451074],[-66.313193,18.440783],[-66.308507,18.433846],[-66.301928,18.433741],[-66.302232,18.432218],[-66.301526,18.427475],[-66.299612,18.423711],[-66.299764,18.420774],[-66.30173,18.417156],[-66.303884,18.410933],[-66.303663,18.384077],[-66.293893,18.384406],[-66.291366,18.385057],[-66.287119,18.385111],[-66.286441,18.38318],[-66.282309,18.383101],[-66.277153,18.385517],[-66.276256,18.384398],[-66.273176,18.384773],[-66.271596,18.383741],[-66.270039,18.385818],[-66.266234,18.386028],[-66.263431,18.3881],[-66.259829,18.387118],[-66.25769,18.387842],[-66.257338,18.38949],[-66.254976,18.390107],[-66.252554,18.394187]]]},"properties":{"shapeName":"Dorado","shapeISO":"32010507B14965508281660","shapeGroup":"PRI","shapeType":"ADM2","src_shape_id":"32010507B14965508281660"}},
{"type":"Feature","geometry":{"type":"Polygon","coordinates":[[[-65.669958,18.361885],[-65.674962,18.362605],[-65.678323,18.366087],[-65.682125,18.367666],[-65.689337,18.366497],[-65.699846,18.367741],[-65.70864,18.371801],[-65.71434,18.376343],[-65.716683,18.380368],[-65.72043,18.382058],[-65.72103,18.387319],[-65.723524,18.389362],[-65.728414,18.387831],[-65.730265,18.383787],[-65.735835,18.380692],[-65.743097,18.380365],[-65.749091,18.383619],[-65.749949,18.385091],[-65.751186,18.384659],[-65.753496,18.380335],[-65.760823,18.37804],[-65.761112,18.375132],[-65.764435,18.370711],[-65.766388,18.36957],[-65.767347,18.367326],[-65.770546,18.365822],[-65.769265,18.363006],[-65.768491,18.35608],[-65.764976,18.354676],[-65.763718,18.352176],[-65.75784,18.346813],[-65.756405,18.343286],[-65.753513,18.341538],[-65.754557,18.33919],[-65.754164,18.334823],[-65.75609,18.334108],[-65.756479,18.330095],[-65.755362,18.328384],[-65.751284,18.327851],[-65.748582,18.325522],[-65.749429,18.323255],[-65.75154,18.322837],[-65.751834,18.320686],[-65.757948,18.318504],[-65.759231,18.315881],[-65.760019,18.310882],[-65.761315,18.309644],[-65.762494,18.305851],[-65.761294,18.302498],[-65.759369,18.300461],[-65.758084,18.297699],[-65.758849,18.29412],[-65.758861,18.290604],[-65.757383,18.293022],[-65.753591,18.296755],[-65.751726,18.298344],[-65.750106,18.301285],[-65.74339,18.299447],[-65.738811,18.295493],[-65.737466,18.296076],[-65.736378,18.293137],[-65.734139,18.290521],[-65.729145,18.290424],[-65.725522,18.292077],[-65.723901,18.295668],[-65.72049,18.296057],[-65.720927,18.299897],[-65.720236,18.301855],[-65.720768,18.304081],[-65.719139,18.30667],[-65.709197,18.306563],[-65.708174,18.307931],[-65.70449,18.309347],[-65.705081,18.310945],[-65.704455,18.314186],[-65.704956,18.318546],[-65.703926,18.320826],[-65.700556,18.321949],[-65.698847,18.324063],[-65.695443,18.32499],[-65.691329,18.324264],[-65.686651,18.322573],[-65.684166,18.323754],[-65.684917,18.328164],[-65.68592,18.329991],[-65.682283,18.333274],[-65.680661,18.336225],[-65.680421,18.338919],[-65.67901,18.339318],[-65.677993,18.342709],[-65.679197,18.343609],[-65.679317,18.346883],[-65.674192,18.354752],[-65.672586,18.358682],[-65.669958,18.361885]]]},"properties":{"shapeName":"Luquillo","shapeISO":"32010507B254490582873","shapeGroup":"PRI","shapeType":"ADM2","src_shape_id":"32010507B254490582873"}},
{"type":"Feature","geometry":{"type":"Polygon","coordinates":[[[-66.166145,18.050063],[-66.171631,18.039498],[-66.17482,18.032906],[-66.178015,18.031939],[-66.180926,18.028826],[-66.179952,18.02574],[-66.182281,18.024539],[-66.184025,18.025486],[-66.189063,18.024202],[-66.190163,18.021918],[-66.192509,18.020322],[-66.195386,18.019707],[-66.196611,18.020562],[-66.200349,18.018947],[-66.203006,18.015657],[-66.203621,18.013041],[-66.205592,18.01298],[-66.205805,17.989008],[-66.20621,17.962893],[-66.206258,17.953399],[-66.20961,17.953178],[-66.218802,17.947744],[-66.221281,17.945592],[-66.222513,17.942076],[-66.218414,17.935032],[-66.221327,17.930246],[-66.225001,17.92604],[-66.225275,17.924652],[-66.218513,17.915228],[-66.214418,17.917176],[-66.207763,17.922603],[-66.201821,17.925769],[-66.197068,17.930066],[-66.196117,17.935267],[-66.192076,17.937528],[-66.183282,17.935945],[-66.176627,17.936171],[-66.172349,17.935041],[-66.163317,17.932101],[-66.158801,17.92984],[-66.15381,17.930066],[-66.147155,17.934362],[-66.142639,17.938433],[-66.135033,17.941372],[-66.130517,17.946347],[-66.125288,17.947025],[-66.120772,17.94906],[-66.115543,17.949512],[-66.112216,17.949286],[-66.1077,17.952452],[-66.095103,17.959461],[-66.087022,17.964887],[-66.081555,17.966922],[-66.077515,17.966922],[-66.075613,17.965792],[-66.069939,17.965985],[-66.070837,17.968335],[-66.070881,17.971183],[-66.069793,17.973885],[-66.072373,17.979199],[-66.07161,17.993732],[-66.073345,17.99606],[-66.075278,17.99619],[-66.077203,18.000133],[-66.079774,18.001796],[-66.081271,18.004458],[-66.082029,18.010271],[-66.08385,18.012918],[-66.085704,18.012934],[-66.091438,18.01804],[-66.091665,18.021127],[-66.095136,18.022048],[-66.091151,18.0248],[-66.089357,18.024547],[-66.088256,18.026264],[-66.085598,18.027468],[-66.082235,18.030934],[-66.082263,18.032958],[-66.085386,18.035585],[-66.086149,18.03731],[-66.085025,18.039305],[-66.087393,18.043262],[-66.086399,18.044658],[-66.085543,18.048348],[-66.086777,18.049774],[-66.089399,18.056256],[-66.087908,18.060916],[-66.085271,18.063389],[-66.084267,18.062772],[-66.081068,18.063915],[-66.079125,18.067313],[-66.079164,18.070408],[-66.081144,18.074107],[-66.080235,18.074822],[-66.075087,18.075518],[-66.070171,18.079709],[-66.06832,18.078723],[-66.065796,18.082099],[-66.062042,18.088727],[-66.060053,18.090735],[-66.060512,18.09875],[-66.058015,18.104288],[-66.055122,18.105434],[-66.053146,18.107293],[-66.057309,18.105564],[-66.060167,18.103744],[-66.063958,18.102713],[-66.066509,18.103029],[-66.068571,18.101828],[-66.072762,18.102893],[-66.074583,18.105828],[-66.077957,18.103112],[-66.082724,18.104066],[-66.08598,18.105314],[-66.087773,18.107354],[-66.093931,18.107166],[-66.096344,18.104955],[-66.100809,18.105941],[-66.10257,18.105032],[-66.102708,18.102785],[-66.105192,18.101221],[-66.105648,18.099391],[-66.109254,18.099964],[-66.109032,18.098034],[-66.111407,18.09527],[-66.112796,18.091758],[-66.116307,18.092202],[-66.12213,18.093778],[-66.12634,18.097156],[-66.128055,18.094219],[-66.128157,18.090856],[-66.129006,18.088809],[-66.126109,18.082486],[-66.12416,18.082038],[-66.123681,18.07921],[-66.126113,18.076342],[-66.125076,18.074364],[-66.121356,18.072823],[-66.122215,18.071402],[-66.120874,18.069823],[-66.121778,18.067719],[-66.12002,18.062422],[-66.122083,18.061848],[-66.123222,18.059931],[-66.122946,18.056941],[-66.125232,18.05165],[-66.127756,18.048432],[-66.127973,18.045761],[-66.129605,18.042349],[-66.128748,18.039169],[-66.133567,18.038587],[-66.135193,18.037336],[-66.137773,18.037777],[-66.138987,18.036917],[-66.142559,18.038206],[-66.143202,18.040789],[-66.14842,18.042382],[-66.150087,18.0421],[-66.155739,18.043419],[-66.15738,18.046117],[-66.157954,18.048961],[-66.160685,18.0498],[-66.162509,18.049427],[-66.166145,18.050063]]]},"properties":{"shapeName":"Guayama","shapeISO":"32010507B40723553467953","shapeGroup":"PRI","shapeType":"ADM2","src_shape_id":"32010507B40723553467953"}},
{"type":"Feature","geometry":{"type":"Polygon","coordinates":[[[-66.169126,18.22429],[-66.169141,18.226013],[-66.171991,18.228002],[-66.176105,18.229503],[-66.174947,18.233095],[-66.17667,18.234608],[-66.178574,18.237922],[-66.179257,18.242443],[-66.17799,18.243962],[-66.178155,18.246112],[-66.181049,18.247303],[-66.182007,18.249863],[-66.183896,18.250507],[-66.184841,18.252305],[-66.187298,18.25379],[-66.190676,18.25884],[-66.192742,18.26023],[-66.193753,18.265414],[-66.193248,18.268138],[-66.195319,18.269703],[-66.199001,18.27],[-66.200802,18.271477],[-66.199778,18.274559],[-66.201669,18.276413],[-66.205588,18.275674],[-66.206135,18.27666],[-66.209869,18.277096],[-66.210629,18.275142],[-66.213279,18.275407],[-66.2171,18.274224],[-66.219106,18.274246],[-66.219803,18.271022],[-66.222294,18.268109],[-66.222102,18.26615],[-66.225083,18.264489],[-66.226907,18.262521],[-66.228952,18.262801],[-66.228764,18.258627],[-66.227615,18.254673],[-66.229521,18.253944],[-66.232719,18.255103],[-66.237915,18.253964],[-66.242185,18.254632],[-66.243213,18.251365],[-66.245065,18.249306],[-66.247787,18.248255],[-66.250448,18.250042],[-66.254822,18.247748],[-66.257952,18.247633],[-66.262315,18.246429],[-66.265937,18.246921],[-66.266466,18.24527],[-66.268454,18.241333],[-66.265806,18.236787],[-66.266433,18.235053],[-66.265568,18.232867],[-66.2709,18.217465],[-66.269735,18.215511],[-66.267517,18.209093],[-66.264471,18.205716],[-66.263553,18.184959],[-66.261005,18.184597],[-66.257018,18.182761],[-66.255545,18.183705],[-66.255202,18.187228],[-66.252103,18.187291],[-66.250561,18.190089],[-66.248632,18.191489],[-66.246534,18.191242],[-66.243954,18.193472],[-66.24193,18.192245],[-66.244552,18.189926],[-66.244552,18.188339],[-66.24046,18.184794],[-66.230754,18.184397],[-66.230082,18.180918],[-66.22407,18.174361],[-66.223118,18.175897],[-66.21386,18.172858],[-66.211275,18.173634],[-66.213108,18.177733],[-66.21203,18.182084],[-66.213876,18.183592],[-66.213286,18.185528],[-66.2071,18.196933],[-66.205574,18.196628],[-66.196974,18.197922],[-66.193546,18.200122],[-66.19049,18.201111],[-66.185508,18.200868],[-66.182483,18.202302],[-66.184809,18.204455],[-66.184431,18.207173],[-66.181138,18.208737],[-66.178765,18.212558],[-66.173883,18.2159],[-66.170382,18.216305],[-66.16981,18.217898],[-66.17131,18.221639],[-66.170934,18.223956],[-66.169126,18.22429]]]},"properties":{"shapeName":"Comerío","shapeISO":"32010507B91105509770544","shapeGroup":"PRI","shapeType":"ADM2","src_shape_id":"32010507B91105509770544"}},
{"type":"Feature","geometry":{"type":"Polygon","coordinates":[[[-66.8989,18.366108],[-66.900982,18.385353],[-66.899248,18.397413],[-66.900333,18.405112],[-66.901276,18.418168],[-66.901075,18.435176],[-66.900733,18.445746],[-66.901345,18.467913],[-66.901418,18.484239],[-66.904878,18.483676],[-66.91486,18.484803],[-66.929834,18.487959],[-66.941718,18.49134],[-66.94766,18.491791],[-66.954078,18.489086],[-66.957323,18.489941],[-66.957729,18.487182],[-66.954043,18.483254],[-66.950526,18.483407],[-66.953019,18.479567],[-66.952592,18.477123],[-66.955622,18.476714],[-66.961798,18.471336],[-66.960055,18.470484],[-66.961055,18.467069],[-66.959202,18.465781],[-66.963274,18.460465],[-66.96377,18.455376],[-66.96692,18.455665],[-66.968559,18.454196],[-66.966885,18.450016],[-66.963775,18.450264],[-66.961529,18.446662],[-66.95899,18.445841],[-66.959239,18.442817],[-66.958273,18.440449],[-66.956329,18.440055],[-66.952027,18.437306],[-66.947728,18.437706],[-66.945195,18.431382],[-66.944314,18.430659],[-66.943022,18.425848],[-66.943402,18.423806],[-66.938959,18.419309],[-66.934931,18.418391],[-66.935061,18.415372],[-66.936724,18.414684],[-66.939445,18.410985],[-66.943645,18.409922],[-66.945876,18.408507],[-66.947771,18.405685],[-66.948131,18.403023],[-66.947208,18.401482],[-66.942598,18.399453],[-66.940368,18.399403],[-66.935047,18.400743],[-66.931442,18.398646],[-66.922775,18.398161],[-66.921885,18.396548],[-66.92202,18.393204],[-66.923441,18.388224],[-66.922962,18.384495],[-66.921678,18.38361],[-66.920387,18.379563],[-66.913863,18.375414],[-66.912231,18.375816],[-66.908511,18.373004],[-66.905721,18.367222],[-66.903952,18.365949],[-66.8989,18.366108]]]},"properties":{"shapeName":"Quebradillas","shapeISO":"32010507B1223039681342","shapeGroup":"PRI","shapeType":"ADM2","src_shape_id":"32010507B1223039681342"}},
{"type":"Feature","geometry":{"type":"Polygon","coordinates":[[[-66.826128,18.323382],[-66.824815,18.333566],[-66.824223,18.342998],[-66.828738,18.344375],[-66.836853,18.348376],[-66.846399,18.351165],[-66.848462,18.353682],[-66.851685,18.353884],[-66.854737,18.355335],[-66.86299,18.356064],[-66.871446,18.356112],[-66.873457,18.356876],[-66.876876,18.356774],[-66.880633,18.360501],[-66.880675,18.362451],[-66.882193,18.36459],[-66.8872,18.367001],[-66.89138,18.368071],[-66.893339,18.367089],[-66.891918,18.365297],[-66.898022,18.342695],[-66.904534,18.322636],[-66.905688,18.31562],[-66.909977,18.302636],[-66.910263,18.296751],[-66.909549,18.293102],[-66.910587,18.278201],[-66.908026,18.272903],[-66.908812,18.266964],[-66.906887,18.262857],[-66.908252,18.260175],[-66.908438,18.25314],[-66.907236,18.25309],[-66.906789,18.250475],[-66.90763,18.247519],[-66.907022,18.245945],[-66.90897,18.241757],[-66.910752,18.239525],[-66.912859,18.233009],[-66.91163,18.228303],[-66.897964,18.187744],[-66.894704,18.187255],[-66.875674,18.18737],[-66.874633,18.187015],[-66.867669,18.187311],[-66.865613,18.185664],[-66.863848,18.18661],[-66.864305,18.181719],[-66.862601,18.181414],[-66.862505,18.178149],[-66.860873,18.176805],[-66.862832,18.174808],[-66.8618,18.173716],[-66.858808,18.173593],[-66.857436,18.171804],[-66.854113,18.171805],[-66.850765,18.170357],[-66.846991,18.171467],[-66.84367,18.171511],[-66.83676,18.170553],[-66.828278,18.170427],[-66.827327,18.171242],[-66.824803,18.173754],[-66.827467,18.174538],[-66.826848,18.17653],[-66.828447,18.179104],[-66.831926,18.179902],[-66.835556,18.187197],[-66.835888,18.19043],[-66.837235,18.192707],[-66.833579,18.194256],[-66.832735,18.195672],[-66.834795,18.198514],[-66.834093,18.202797],[-66.835256,18.209981],[-66.832871,18.214859],[-66.834978,18.218186],[-66.83295,18.221165],[-66.830634,18.221005],[-66.829385,18.223154],[-66.833263,18.228021],[-66.829142,18.231802],[-66.825683,18.232624],[-66.823104,18.232325],[-66.817271,18.230336],[-66.817558,18.235424],[-66.820308,18.236837],[-66.823511,18.23971],[-66.82418,18.243348],[-66.827209,18.244096],[-66.826139,18.257034],[-66.827562,18.260158],[-66.825896,18.262416],[-66.825382,18.266881],[-66.828759,18.269083],[-66.827121,18.272805],[-66.827265,18.277893],[-66.830484,18.277751],[-66.829893,18.280954],[-66.828601,18.282835],[-66.82975,18.287373],[-66.826243,18.29104],[-66.824855,18.295761],[-66.8267,18.300519],[-66.826325,18.302277],[-66.82365,18.303328],[-66.824841,18.305255],[-66.825255,18.309256],[-66.824327,18.310559],[-66.826859,18.312165],[-66.827431,18.314638],[-66.82342,18.318332],[-66.824991,18.320177],[-66.826128,18.323382]]]},"properties":{"shapeName":"Lares","shapeISO":"32010507B37684321987765","shapeGroup":"PRI","shapeType":"ADM2","src_shape_id":"32010507B37684321987765"}},
{"type":"Feature","geometry":{"type":"Polygon","coordinates":[[[-65.758861,18.290604],[-65.758849,18.29412],[-65.758084,18.297699],[-65.759369,18.300461],[-65.761294,18.302498],[-65.762494,18.305851],[-65.761315,18.309644],[-65.760019,18.310882],[-65.759231,18.315881],[-65.757948,18.318504],[-65.751834,18.320686],[-65.75154,18.322837],[-65.749429,18.323255],[-65.748582,18.325522],[-65.751284,18.327851],[-65.755362,18.328384],[-65.756479,18.330095],[-65.75609,18.334108],[-65.754164,18.334823],[-65.754557,18.33919],[-65.753513,18.341538],[-65.756405,18.343286],[-65.75784,18.346813],[-65.763718,18.352176],[-65.764976,18.354676],[-65.768491,18.35608],[-65.769265,18.363006],[-65.770546,18.365822],[-65.767347,18.367326],[-65.766388,18.36957],[-65.764435,18.370711],[-65.761112,18.375132],[-65.760823,18.37804],[-65.753496,18.380335],[-65.751186,18.384659],[-65.749949,18.385091],[-65.751326,18.387453],[-65.754653,18.389031],[-65.759645,18.392414],[-65.76242,18.39766],[-65.766925,18.398158],[-65.77267,18.401409],[-65.772432,18.405694],[-65.769482,18.409948],[-65.770432,18.413106],[-65.774948,18.414684],[-65.778038,18.411753],[-65.782079,18.409272],[-65.789685,18.40634],[-65.795389,18.406566],[-65.796815,18.40837],[-65.795864,18.41085],[-65.791586,18.414684],[-65.788496,18.418518],[-65.789685,18.4219],[-65.792774,18.421449],[-65.798003,18.416714],[-65.801569,18.41288],[-65.807511,18.409948],[-65.814403,18.409948],[-65.819157,18.413782],[-65.820821,18.420773],[-65.825337,18.421449],[-65.828381,18.42376],[-65.832623,18.420692],[-65.8348,18.416858],[-65.835121,18.414801],[-65.836693,18.414314],[-65.840155,18.410628],[-65.842654,18.408678],[-65.843817,18.405703],[-65.847049,18.404036],[-65.849925,18.403512],[-65.852538,18.4017],[-65.856065,18.394458],[-65.856573,18.38994],[-65.859798,18.383817],[-65.859914,18.381611],[-65.863579,18.381238],[-65.867447,18.378198],[-65.868323,18.376174],[-65.872688,18.375287],[-65.874179,18.373005],[-65.872871,18.369517],[-65.873661,18.365788],[-65.876166,18.363656],[-65.87671,18.361511],[-65.874708,18.359108],[-65.876136,18.355586],[-65.874404,18.351573],[-65.874577,18.346553],[-65.872615,18.343761],[-65.873819,18.340633],[-65.8717,18.33953],[-65.873172,18.337231],[-65.87219,18.334511],[-65.866996,18.332346],[-65.862761,18.32149],[-65.864656,18.317778],[-65.869662,18.317152],[-65.869856,18.312454],[-65.868696,18.309322],[-65.864068,18.309429],[-65.864765,18.306978],[-65.862594,18.303247],[-65.863648,18.302359],[-65.86545,18.29746],[-65.86824,18.293864],[-65.863755,18.293984],[-65.860624,18.291718],[-65.859173,18.288908],[-65.857381,18.288218],[-65.854245,18.285379],[-65.849451,18.282323],[-65.846768,18.281889],[-65.845601,18.27875],[-65.842151,18.27913],[-65.841621,18.277256],[-65.838908,18.276929],[-65.836387,18.275246],[-65.831717,18.271736],[-65.827556,18.273161],[-65.82422,18.273054],[-65.822106,18.273871],[-65.818597,18.279848],[-65.815979,18.28339],[-65.813568,18.285546],[-65.813857,18.286726],[-65.811424,18.290141],[-65.807364,18.289366],[-65.805437,18.288049],[-65.802685,18.290405],[-65.795542,18.289512],[-65.794137,18.292036],[-65.794332,18.294765],[-65.793223,18.296529],[-65.788858,18.2945],[-65.784859,18.294],[-65.782343,18.29102],[-65.779792,18.286756],[-65.775411,18.283222],[-65.774235,18.2817],[-65.766831,18.280004],[-65.765593,18.283391],[-65.761818,18.289268],[-65.758861,18.290604]]]},"properties":{"shapeName":"Río Grande","shapeISO":"32010507B30311265398207","shapeGroup":"PRI","shapeType":"ADM2","src_shape_id":"32010507B30311265398207"}},
{"type":"Feature","geometry":{"type":"Polygon","coordinates":[[[-67.160252,18.415636],[-67.163949,18.41288],[-67.189143,18.400702],[-67.194847,18.392583],[-67.198888,18.39123],[-67.210059,18.386719],[-67.217427,18.382659],[-67.226458,18.379276],[-67.238105,18.37702],[-67.239501,18.376168],[-67.238891,18.372744],[-67.235655,18.368862],[-67.231969,18.366443],[-67.230492,18.36409],[-67.228185,18.364444],[-67.228227,18.361731],[-67.224799,18.355722],[-67.223838,18.352576],[-67.226707,18.351139],[-67.222895,18.34539],[-67.219911,18.346129],[-67.219897,18.342639],[-67.21701,18.342707],[-67.211965,18.33964],[-67.210993,18.336719],[-67.209193,18.335888],[-67.205785,18.335808],[-67.203123,18.33327],[-67.20082,18.332052],[-67.198087,18.331802],[-67.195748,18.330598],[-67.196713,18.326176],[-67.193905,18.324265],[-67.189556,18.323092],[-67.189243,18.31964],[-67.187461,18.315751],[-67.185279,18.312914],[-67.182852,18.313026],[-67.182408,18.314216],[-67.178933,18.315341],[-67.173532,18.318029],[-67.170326,18.315849],[-67.167883,18.316749],[-67.165613,18.315422],[-67.16099,18.316072],[-67.160691,18.31753],[-67.157551,18.319195],[-67.152652,18.320426],[-67.150788,18.31997],[-67.148707,18.322239],[-67.14376,18.322613],[-67.137414,18.316845],[-67.130167,18.317927],[-67.130389,18.325143],[-67.134138,18.330531],[-67.130979,18.335065],[-67.131865,18.340134],[-67.133028,18.340682],[-67.134515,18.346514],[-67.131719,18.348606],[-67.131525,18.350897],[-67.128124,18.353859],[-67.127332,18.360587],[-67.128629,18.365545],[-67.127378,18.367395],[-67.126434,18.371203],[-67.130687,18.373003],[-67.130838,18.375315],[-67.129443,18.377599],[-67.13111,18.381342],[-67.13221,18.389391],[-67.133136,18.387115],[-67.134693,18.38609],[-67.138512,18.386879],[-67.140527,18.38834],[-67.144253,18.392809],[-67.146907,18.392092],[-67.14767,18.393665],[-67.150689,18.392377],[-67.153622,18.394945],[-67.155892,18.402013],[-67.157478,18.403158],[-67.157069,18.40755],[-67.15758,18.409438],[-67.159456,18.410338],[-67.162208,18.410241],[-67.160643,18.412766],[-67.158695,18.413749],[-67.160252,18.415636]]]},"properties":{"shapeName":"Aguada","shapeISO":"32010507B12204404308150","shapeGroup":"PRI","shapeType":"ADM2","src_shape_id":"32010507B12204404308150"}},
{"type":"Feature","geometry":{"type":"Polygon","coordinates":[[[-67.052583,18.306655],[-67.057021,18.308138],[-67.063469,18.311563],[-67.071348,18.3126],[-67.078111,18.312952],[-67.099954,18.319677],[-67.101416,18.318523],[-67.105554,18.318765],[-67.111353,18.320769],[-67.113883,18.322553],[-67.116447,18.323401],[-67.117723,18.32257],[-67.121402,18.32396],[-67.123669,18.321889],[-67.125967,18.322011],[-67.12685,18.318906],[-67.130167,18.317927],[-67.137414,18.316845],[-67.14376,18.322613],[-67.148707,18.322239],[-67.150788,18.31997],[-67.152652,18.320426],[-67.157551,18.319195],[-67.160691,18.31753],[-67.16099,18.316072],[-67.165613,18.315422],[-67.167883,18.316749],[-67.170326,18.315849],[-67.173532,18.318029],[-67.178933,18.315341],[-67.182408,18.314216],[-67.182852,18.313026],[-67.181877,18.311252],[-67.187241,18.310824],[-67.189874,18.311461],[-67.190706,18.309144],[-67.193744,18.307704],[-67.196457,18.307679],[-67.199408,18.310325],[-67.202039,18.310157],[-67.203364,18.308422],[-67.205598,18.307884],[-67.208161,18.306161],[-67.21416,18.306219],[-67.215234,18.304902],[-67.218505,18.304659],[-67.220709,18.3057],[-67.222647,18.303302],[-67.225325,18.296888],[-67.216476,18.295574],[-67.207682,18.293543],[-67.201264,18.29264],[-67.19556,18.289707],[-67.190331,18.282711],[-67.189143,18.274812],[-67.189143,18.266663],[-67.173877,18.26782],[-67.170171,18.26862],[-67.163769,18.270832],[-67.159494,18.273504],[-67.155921,18.273133],[-67.154488,18.271888],[-67.15317,18.268711],[-67.150187,18.268361],[-67.147354,18.271681],[-67.144809,18.27072],[-67.144458,18.268112],[-67.142468,18.269056],[-67.139071,18.265423],[-67.135662,18.264957],[-67.135127,18.261319],[-67.138187,18.259232],[-67.137992,18.253793],[-67.137007,18.254027],[-67.134295,18.249061],[-67.13624,18.248276],[-67.133417,18.245766],[-67.129316,18.245737],[-67.125886,18.245117],[-67.123055,18.242814],[-67.118769,18.248374],[-67.114559,18.247459],[-67.109581,18.249147],[-67.1078,18.251944],[-67.105001,18.252822],[-67.102417,18.251451],[-67.099513,18.252897],[-67.096695,18.252529],[-67.094494,18.249695],[-67.086961,18.249145],[-67.082002,18.254946],[-67.078914,18.258868],[-67.076207,18.257736],[-67.074297,18.254539],[-67.072237,18.254609],[-67.064834,18.261549],[-67.061828,18.270082],[-67.058739,18.269029],[-67.053636,18.266215],[-67.051784,18.268381],[-67.049004,18.268898],[-67.045482,18.270786],[-67.042067,18.27082],[-67.040245,18.27207],[-67.04074,18.276712],[-67.039581,18.279826],[-67.040853,18.281837],[-67.039204,18.285583],[-67.039398,18.287639],[-67.037935,18.289705],[-67.040105,18.293733],[-67.040709,18.300302],[-67.052583,18.306655]]]},"properties":{"shapeName":"Añasco","shapeISO":"32010507B40456711023422","shapeGroup":"PRI","shapeType":"ADM2","src_shape_id":"32010507B40456711023422"}},
{"type":"Feature","geometry":{"type":"Polygon","coordinates":[[[-65.877615,18.118167],[-65.877339,18.115689],[-65.874611,18.114939],[-65.871011,18.113033],[-65.871466,18.109638],[-65.870211,18.108426],[-65.863214,18.109271],[-65.863681,18.111597],[-65.86089,18.113634],[-65.860322,18.115594],[-65.857113,18.115378],[-65.855851,18.117433],[-65.851133,18.118337],[-65.848117,18.117488],[-65.844983,18.115105],[-65.846003,18.112421],[-65.842253,18.11191],[-65.843408,18.107301],[-65.845636,18.106176],[-65.847949,18.102549],[-65.848051,18.099164],[-65.843025,18.097305],[-65.840162,18.093165],[-65.840595,18.091222],[-65.837296,18.091099],[-65.832933,18.090199],[-65.830481,18.089098],[-65.829242,18.084713],[-65.825336,18.083515],[-65.822272,18.083503],[-65.821565,18.081495],[-65.818463,18.08062],[-65.81801,18.082619],[-65.814207,18.081777],[-65.808626,18.071365],[-65.804545,18.070702],[-65.802998,18.071186],[-65.800324,18.069489],[-65.796888,18.069813],[-65.795151,18.071119],[-65.795151,18.074734],[-65.79634,18.080834],[-65.79634,18.083772],[-65.795151,18.087161],[-65.792774,18.089646],[-65.789209,18.090098],[-65.788021,18.091679],[-65.789922,18.094164],[-65.788734,18.10049],[-65.785644,18.105912],[-65.782316,18.110882],[-65.777563,18.114948],[-65.779702,18.117433],[-65.780653,18.120596],[-65.779227,18.125791],[-65.775899,18.132793],[-65.77067,18.139796],[-65.767105,18.143861],[-65.767818,18.146797],[-65.766867,18.149282],[-65.761876,18.153799],[-65.755696,18.15809],[-65.747615,18.162155],[-65.742386,18.163962],[-65.739162,18.173546],[-65.741152,18.177466],[-65.740251,18.181241],[-65.741408,18.182332],[-65.743634,18.181244],[-65.747103,18.180725],[-65.751282,18.176322],[-65.754526,18.177319],[-65.766046,18.182096],[-65.762505,18.190014],[-65.760504,18.195581],[-65.766037,18.198557],[-65.768793,18.197995],[-65.774354,18.199539],[-65.777058,18.199616],[-65.781561,18.201289],[-65.785739,18.204085],[-65.79121,18.204326],[-65.792477,18.206759],[-65.795559,18.205715],[-65.797455,18.203644],[-65.799857,18.2026],[-65.80713,18.205384],[-65.812391,18.204508],[-65.819451,18.205594],[-65.819979,18.204411],[-65.82329,18.202811],[-65.82413,18.200726],[-65.826063,18.200408],[-65.825721,18.192406],[-65.82804,18.187202],[-65.830202,18.185253],[-65.832723,18.184306],[-65.83528,18.180033],[-65.836614,18.175296],[-65.846169,18.178159],[-65.847071,18.176526],[-65.8505,18.175796],[-65.854598,18.177065],[-65.856599,18.173771],[-65.854982,18.16974],[-65.855595,18.16728],[-65.862038,18.155939],[-65.861627,18.145319],[-65.862703,18.140644],[-65.865432,18.138292],[-65.867491,18.138131],[-65.871593,18.129926],[-65.874374,18.128318],[-65.875703,18.125369],[-65.877615,18.118167]]]},"properties":{"shapeName":"Humacao","shapeISO":"32010507B58001941007009","shapeGroup":"PRI","shapeType":"ADM2","src_shape_id":"32010507B58001941007009"}},
{"type":"Feature","geometry":{"type":"Polygon","coordinates":[[[-66.095099,18.169077],[-66.094522,18.164715],[-66.09671,18.161321],[-66.096417,18.15939],[-66.098135,18.15856],[-66.099548,18.153083],[-66.102211,18.152019],[-66.104353,18.150001],[-66.108169,18.148642],[-66.110311,18.146734],[-66.110729,18.144321],[-66.112441,18.14134],[-66.114417,18.139697],[-66.117861,18.140022],[-66.119516,18.137958],[-66.121866,18.140741],[-66.124784,18.139636],[-66.127532,18.139717],[-66.13092,18.138429],[-66.131881,18.132577],[-66.134433,18.13278],[-66.138125,18.134337],[-66.139319,18.137409],[-66.142495,18.137235],[-66.144423,18.138185],[-66.150217,18.139342],[-66.15047,18.142337],[-66.15629,18.14154],[-66.156458,18.144209],[-66.160041,18.146636],[-66.162189,18.146205],[-66.164522,18.144541],[-66.162599,18.138629],[-66.165857,18.137281],[-66.16636,18.134185],[-66.168453,18.133488],[-66.173979,18.133484],[-66.176075,18.134635],[-66.177519,18.138891],[-66.181912,18.144593],[-66.183528,18.143469],[-66.18268,18.139034],[-66.187334,18.137053],[-66.189656,18.137598],[-66.192558,18.140919],[-66.19417,18.140452],[-66.195412,18.138006],[-66.197182,18.13658],[-66.200723,18.138194],[-66.201424,18.140327],[-66.199428,18.145317],[-66.20117,18.146836],[-66.202911,18.146046],[-66.203779,18.143304],[-66.204061,18.138598],[-66.207534,18.137345],[-66.209991,18.139826],[-66.211877,18.143252],[-66.214079,18.144165],[-66.216899,18.14322],[-66.217586,18.142435],[-66.216891,18.136789],[-66.218636,18.13332],[-66.220563,18.132018],[-66.220669,18.128941],[-66.219057,18.12806],[-66.220358,18.120797],[-66.222205,18.118848],[-66.224958,18.118361],[-66.226828,18.116641],[-66.22503,18.113119],[-66.224631,18.110233],[-66.225796,18.108725],[-66.224337,18.103976],[-66.226932,18.102346],[-66.224764,18.098406],[-66.22449,18.095339],[-66.218404,18.092607],[-66.215318,18.085718],[-66.215832,18.079655],[-66.206068,18.067653],[-66.201753,18.067639],[-66.201003,18.064565],[-66.201487,18.058057],[-66.2047,18.054997],[-66.205004,18.050924],[-66.202968,18.04853],[-66.202038,18.046113],[-66.197083,18.048828],[-66.188139,18.050402],[-66.183719,18.050754],[-66.177977,18.053494],[-66.173325,18.053289],[-66.17035,18.051419],[-66.167514,18.0517],[-66.166145,18.050063],[-66.162509,18.049427],[-66.160685,18.0498],[-66.157954,18.048961],[-66.15738,18.046117],[-66.155739,18.043419],[-66.150087,18.0421],[-66.14842,18.042382],[-66.143202,18.040789],[-66.142559,18.038206],[-66.138987,18.036917],[-66.137773,18.037777],[-66.135193,18.037336],[-66.133567,18.038587],[-66.128748,18.039169],[-66.129605,18.042349],[-66.127973,18.045761],[-66.127756,18.048432],[-66.125232,18.05165],[-66.122946,18.056941],[-66.123222,18.059931],[-66.122083,18.061848],[-66.12002,18.062422],[-66.121778,18.067719],[-66.120874,18.069823],[-66.122215,18.071402],[-66.121356,18.072823],[-66.125076,18.074364],[-66.126113,18.076342],[-66.123681,18.07921],[-66.12416,18.082038],[-66.126109,18.082486],[-66.129006,18.088809],[-66.128157,18.090856],[-66.128055,18.094219],[-66.12634,18.097156],[-66.12213,18.093778],[-66.116307,18.092202],[-66.112796,18.091758],[-66.111407,18.09527],[-66.109032,18.098034],[-66.109254,18.099964],[-66.105648,18.099391],[-66.105192,18.101221],[-66.102708,18.102785],[-66.10257,18.105032],[-66.100809,18.105941],[-66.096344,18.104955],[-66.093931,18.107166],[-66.087773,18.107354],[-66.08598,18.105314],[-66.082724,18.104066],[-66.077957,18.103112],[-66.074583,18.105828],[-66.072762,18.102893],[-66.068571,18.101828],[-66.066509,18.103029],[-66.063958,18.102713],[-66.060167,18.103744],[-66.057309,18.105564],[-66.053146,18.107293],[-66.051788,18.109878],[-66.052555,18.113069],[-66.056382,18.114077],[-66.058385,18.115976],[-66.060761,18.116315],[-66.060265,18.118585],[-66.061128,18.123015],[-66.0625,18.126207],[-66.064339,18.128557],[-66.065205,18.131256],[-66.067479,18.132172],[-66.06959,18.137516],[-66.068935,18.14025],[-66.06949,18.142397],[-66.066381,18.146022],[-66.066415,18.148531],[-66.080343,18.152146],[-66.083361,18.156285],[-66.086152,18.158311],[-66.09087,18.163104],[-66.091223,18.16524],[-66.095099,18.169077]]]},"properties":{"shapeName":"Cayey","shapeISO":"32010507B18263027351843","shapeGroup":"PRI","shapeType":"ADM2","src_shape_id":"32010507B18263027351843"}},
{"type":"Feature","geometry":{"type":"Polygon","coordinates":[[[-66.884653,18.024816],[-66.887969,18.024532],[-66.889951,18.023547],[-66.893688,18.025579],[-66.895027,18.023247],[-66.900492,18.024408],[-66.900587,18.026283],[-66.905108,18.026523],[-66.90661,18.024764],[-66.910887,18.023883],[-66.914942,18.026463],[-66.919723,18.027563],[-66.922594,18.027212],[-66.930811,18.030583],[-66.938636,18.030005],[-66.941346,18.031515],[-66.947056,18.033429],[-66.953329,18.033607],[-66.95511,18.032771],[-66.958748,18.032477],[-66.960058,18.013124],[-66.961935,17.991592],[-66.981371,17.951877],[-66.978083,17.950417],[-66.972854,17.949512],[-66.968101,17.947251],[-66.959069,17.939337],[-66.956217,17.935267],[-66.956454,17.931423],[-66.949086,17.932553],[-66.945996,17.933684],[-66.939341,17.932553],[-66.935063,17.931423],[-66.932686,17.929161],[-66.928646,17.927352],[-66.92413,17.926674],[-66.918426,17.931875],[-66.919139,17.93391],[-66.93126,17.937302],[-66.932211,17.939789],[-66.930547,17.943181],[-66.926982,17.944086],[-66.921991,17.944538],[-66.912008,17.947025],[-66.908918,17.949286],[-66.897272,17.94906],[-66.889904,17.950643],[-66.8842,17.952678],[-66.880397,17.952452],[-66.877545,17.950191],[-66.877307,17.94793],[-66.865185,17.945216],[-66.863046,17.945668],[-66.863046,17.949965],[-66.861382,17.95313],[-66.859426,17.954327],[-66.861616,17.961337],[-66.863356,17.965377],[-66.863291,17.967658],[-66.863864,17.987465],[-66.862894,17.991788],[-66.863219,17.998029],[-66.864777,17.999785],[-66.86604,18.003195],[-66.868899,18.007103],[-66.873198,18.009413],[-66.875257,18.011348],[-66.87518,18.014335],[-66.878133,18.016286],[-66.879649,18.015897],[-66.883916,18.019518],[-66.885,18.021671],[-66.884653,18.024816]]]},"properties":{"shapeName":"Guánica","shapeISO":"32010507B43804230876127","shapeGroup":"PRI","shapeType":"ADM2","src_shape_id":"32010507B43804230876127"}},
{"type":"Feature","geometry":{"type":"Polygon","coordinates":[[[-66.204734,18.316035],[-66.205908,18.306921],[-66.213072,18.307003],[-66.212954,18.30488],[-66.210312,18.30302],[-66.209872,18.297552],[-66.208629,18.295828],[-66.210987,18.293169],[-66.211389,18.291415],[-66.208699,18.287177],[-66.209318,18.285136],[-66.2082,18.281971],[-66.206509,18.27966],[-66.206135,18.27666],[-66.205588,18.275674],[-66.201669,18.276413],[-66.199778,18.274559],[-66.200802,18.271477],[-66.199001,18.27],[-66.195319,18.269703],[-66.193248,18.268138],[-66.193753,18.265414],[-66.192742,18.26023],[-66.190676,18.25884],[-66.189196,18.2598],[-66.188604,18.261997],[-66.18709,18.263241],[-66.185795,18.266695],[-66.184315,18.268339],[-66.179868,18.270789],[-66.177069,18.274538],[-66.177099,18.276194],[-66.171043,18.27928],[-66.16782,18.277708],[-66.166694,18.279397],[-66.162324,18.280759],[-66.1616,18.282538],[-66.156909,18.282918],[-66.15097,18.280784],[-66.147155,18.280827],[-66.143861,18.27959],[-66.141705,18.282231],[-66.144114,18.283369],[-66.140339,18.285176],[-66.141471,18.289992],[-66.14084,18.294706],[-66.139031,18.295127],[-66.138377,18.299608],[-66.141184,18.301347],[-66.140814,18.305539],[-66.139967,18.3078],[-66.14136,18.308635],[-66.140961,18.311364],[-66.132696,18.312732],[-66.139201,18.317642],[-66.141361,18.320445],[-66.141572,18.32441],[-66.140591,18.326636],[-66.141474,18.32915],[-66.138755,18.332497],[-66.133764,18.334733],[-66.136121,18.337234],[-66.134722,18.34131],[-66.13766,18.341834],[-66.136208,18.34493],[-66.136241,18.350048],[-66.139399,18.355585],[-66.14193,18.357594],[-66.14178,18.361204],[-66.140761,18.363153],[-66.138493,18.362239],[-66.137854,18.364569],[-66.137995,18.372306],[-66.137192,18.373705],[-66.134518,18.374579],[-66.137444,18.377397],[-66.137428,18.379534],[-66.135185,18.382701],[-66.12461,18.376914],[-66.122165,18.376288],[-66.121319,18.37809],[-66.11836,18.379254],[-66.1195,18.381976],[-66.123738,18.38954],[-66.126412,18.39593],[-66.124067,18.3991],[-66.125226,18.401589],[-66.128007,18.402748],[-66.124917,18.405926],[-66.124181,18.409641],[-66.121283,18.414388],[-66.125089,18.418567],[-66.129442,18.420625],[-66.132273,18.420475],[-66.13158,18.424656],[-66.135487,18.423104],[-66.141586,18.423481],[-66.158545,18.421561],[-66.160066,18.425514],[-66.161949,18.427555],[-66.16553,18.43012],[-66.169516,18.430998],[-66.169725,18.425704],[-66.17272,18.422217],[-66.172653,18.42105],[-66.177561,18.419301],[-66.18024,18.421359],[-66.185319,18.421542],[-66.187581,18.419555],[-66.191283,18.418329],[-66.193929,18.418735],[-66.198263,18.413828],[-66.196777,18.411076],[-66.197657,18.407975],[-66.196878,18.405367],[-66.19756,18.404072],[-66.195364,18.396959],[-66.197081,18.393922],[-66.195691,18.391555],[-66.19698,18.389289],[-66.197767,18.376732],[-66.199232,18.373007],[-66.199453,18.368937],[-66.197621,18.365337],[-66.197293,18.360199],[-66.199501,18.355285],[-66.198469,18.351392],[-66.200471,18.347138],[-66.199554,18.339888],[-66.203615,18.336673],[-66.201531,18.328983],[-66.20441,18.316512],[-66.204734,18.316035]]]},"properties":{"shapeName":"Bayamón","shapeISO":"32010507B22305202508705","shapeGroup":"PRI","shapeType":"ADM2","src_shape_id":"32010507B22305202508705"}},
{"type":"Feature","geometry":{"type":"Polygon","coordinates":[[[-66.543133,18.163098],[-66.544836,18.160262],[-66.544152,18.158328],[-66.546835,18.155019],[-66.54722,18.15313],[-66.544281,18.147619],[-66.541066,18.14747],[-66.537533,18.148949],[-66.534862,18.152293],[-66.527748,18.153175],[-66.521899,18.151954],[-66.51945,18.154255],[-66.516287,18.154305],[-66.513457,18.155678],[-66.510671,18.159775],[-66.507965,18.160991],[-66.505679,18.163487],[-66.502791,18.164994],[-66.497201,18.165452],[-66.496522,18.166675],[-66.493436,18.166499],[-66.490649,18.167145],[-66.488562,18.165932],[-66.485789,18.166831],[-66.484852,18.168227],[-66.481413,18.169838],[-66.477374,18.170011],[-66.475601,18.172276],[-66.472871,18.172431],[-66.472353,18.175672],[-66.470545,18.177829],[-66.467794,18.177499],[-66.464004,18.178854],[-66.461355,18.17709],[-66.457933,18.176539],[-66.452704,18.178441],[-66.447603,18.175756],[-66.44456,18.176674],[-66.436075,18.175501],[-66.430859,18.173246],[-66.427994,18.170935],[-66.421957,18.16993],[-66.420902,18.166316],[-66.416353,18.164777],[-66.413686,18.163337],[-66.410526,18.163172],[-66.407062,18.163956],[-66.40449,18.167153],[-66.401788,18.166719],[-66.401327,18.164797],[-66.398269,18.165758],[-66.392326,18.166392],[-66.390351,18.168218],[-66.389042,18.172438],[-66.383523,18.173074],[-66.382107,18.172262],[-66.3793,18.173315],[-66.37812,18.172502],[-66.373768,18.173694],[-66.372052,18.176665],[-66.373855,18.182156],[-66.37379,18.184105],[-66.369411,18.18597],[-66.365567,18.185445],[-66.364777,18.186922],[-66.367657,18.194029],[-66.367318,18.196933],[-66.363734,18.200663],[-66.360882,18.199879],[-66.357417,18.194887],[-66.354631,18.191926],[-66.351631,18.194334],[-66.352965,18.198586],[-66.350933,18.204721],[-66.35073,18.207049],[-66.352536,18.210466],[-66.352272,18.215902],[-66.351614,18.218554],[-66.354485,18.222911],[-66.353008,18.226159],[-66.351181,18.224965],[-66.350398,18.227491],[-66.351459,18.232062],[-66.350793,18.241235],[-66.352402,18.244041],[-66.353841,18.244074],[-66.35799,18.246103],[-66.357464,18.248967],[-66.361687,18.256025],[-66.368497,18.264617],[-66.371899,18.268166],[-66.372839,18.269932],[-66.375532,18.271387],[-66.378846,18.274585],[-66.382626,18.27432],[-66.382452,18.279242],[-66.380217,18.28381],[-66.377429,18.286281],[-66.378645,18.287444],[-66.379059,18.292496],[-66.377712,18.293976],[-66.384028,18.290797],[-66.384896,18.286438],[-66.386392,18.283953],[-66.38872,18.276827],[-66.390046,18.27413],[-66.392796,18.273325],[-66.398213,18.26893],[-66.409431,18.26331],[-66.429136,18.260636],[-66.435778,18.256704],[-66.438835,18.256181],[-66.442043,18.259117],[-66.444497,18.257539],[-66.450446,18.256809],[-66.452063,18.256112],[-66.455703,18.257726],[-66.453903,18.256148],[-66.455203,18.252542],[-66.45419,18.251157],[-66.457316,18.249459],[-66.460768,18.249115],[-66.466652,18.245899],[-66.472393,18.247047],[-66.475942,18.250162],[-66.483008,18.252588],[-66.48947,18.25238],[-66.491997,18.253063],[-66.493739,18.252076],[-66.496961,18.252327],[-66.498262,18.254593],[-66.501073,18.256842],[-66.501864,18.252427],[-66.503091,18.25032],[-66.505932,18.250627],[-66.508251,18.249158],[-66.512227,18.242659],[-66.509929,18.240695],[-66.509828,18.238965],[-66.507687,18.238395],[-66.506915,18.236583],[-66.50814,18.231629],[-66.509506,18.22967],[-66.511454,18.23041],[-66.515435,18.2297],[-66.516779,18.228627],[-66.517712,18.225934],[-66.516489,18.222199],[-66.516403,18.219704],[-66.514466,18.214014],[-66.512364,18.210321],[-66.514044,18.207247],[-66.512241,18.206114],[-66.512798,18.204508],[-66.511911,18.20015],[-66.513282,18.193498],[-66.51465,18.192122],[-66.51361,18.187855],[-66.515248,18.185135],[-66.512987,18.18374],[-66.51295,18.180396],[-66.51105,18.178101],[-66.511426,18.173371],[-66.512612,18.171147],[-66.511816,18.167816],[-66.512907,18.165931],[-66.515316,18.167675],[-66.518176,18.166772],[-66.519919,18.163836],[-66.52264,18.161713],[-66.526393,18.160787],[-66.527159,18.158871],[-66.530968,18.155689],[-66.533564,18.158912],[-66.538421,18.16003],[-66.54205,18.161842],[-66.543133,18.163098]]]},"properties":{"shapeName":"Orocovis","shapeISO":"32010507B68011232458605","shapeGroup":"PRI","shapeType":"ADM2","src_shape_id":"32010507B68011232458605"}},
{"type":"Feature","geometry":{"type":"Polygon","coordinates":[[[-66.92202,18.393204],[-66.921885,18.396548],[-66.922775,18.398161],[-66.931442,18.398646],[-66.935047,18.400743],[-66.940368,18.399403],[-66.942598,18.399453],[-66.947208,18.401482],[-66.948131,18.403023],[-66.947771,18.405685],[-66.945876,18.408507],[-66.943645,18.409922],[-66.939445,18.410985],[-66.936724,18.414684],[-66.935061,18.415372],[-66.934931,18.418391],[-66.938959,18.419309],[-66.943402,18.423806],[-66.943022,18.425848],[-66.944314,18.430659],[-66.945195,18.431382],[-66.947728,18.437706],[-66.952027,18.437306],[-66.956329,18.440055],[-66.958273,18.440449],[-66.959239,18.442817],[-66.95899,18.445841],[-66.961529,18.446662],[-66.963775,18.450264],[-66.966885,18.450016],[-66.968559,18.454196],[-66.96692,18.455665],[-66.96377,18.455376],[-66.963274,18.460465],[-66.959202,18.465781],[-66.961055,18.467069],[-66.960055,18.470484],[-66.961798,18.471336],[-66.955622,18.476714],[-66.952592,18.477123],[-66.953019,18.479567],[-66.950526,18.483407],[-66.954043,18.483254],[-66.957729,18.487182],[-66.957323,18.489941],[-66.962634,18.49134],[-66.972854,18.493144],[-66.976419,18.492016],[-66.985451,18.495172],[-66.98759,18.497877],[-66.997573,18.502836],[-67.001613,18.503512],[-67.014686,18.509372],[-67.020152,18.51095],[-67.024906,18.508921],[-67.035839,18.512302],[-67.051289,18.515007],[-67.061509,18.514556],[-67.0665,18.513204],[-67.074106,18.514781],[-67.081474,18.51388],[-67.089793,18.515683],[-67.100251,18.515007],[-67.103385,18.513836],[-67.102676,18.512801],[-67.097347,18.511864],[-67.095839,18.510227],[-67.096273,18.506747],[-67.091669,18.503494],[-67.089321,18.503316],[-67.086921,18.499264],[-67.082837,18.496648],[-67.082246,18.489273],[-67.079263,18.487965],[-67.077061,18.488966],[-67.069457,18.485987],[-67.066975,18.483757],[-67.062872,18.484087],[-67.061387,18.480641],[-67.05846,18.479982],[-67.059236,18.475981],[-67.058655,18.468809],[-67.056404,18.468803],[-67.056507,18.460954],[-67.052813,18.448354],[-67.045482,18.432329],[-67.027173,18.393376],[-67.025045,18.392063],[-67.019893,18.394256],[-67.013834,18.395127],[-67.013014,18.394366],[-67.006054,18.394228],[-67.001881,18.392898],[-66.999623,18.390477],[-66.997654,18.391133],[-66.996021,18.388828],[-66.989352,18.388146],[-66.984292,18.385105],[-66.981089,18.385053],[-66.979091,18.386364],[-66.972876,18.38628],[-66.962947,18.384174],[-66.959419,18.382255],[-66.957106,18.382036],[-66.954969,18.380349],[-66.95087,18.379642],[-66.949185,18.377198],[-66.945589,18.37523],[-66.936724,18.376919],[-66.936263,18.378277],[-66.937208,18.381612],[-66.935365,18.385497],[-66.935018,18.388321],[-66.932045,18.389551],[-66.928872,18.39256],[-66.92202,18.393204]]]},"properties":{"shapeName":"Isabela","shapeISO":"32010507B24410852555408","shapeGroup":"PRI","shapeType":"ADM2","src_shape_id":"32010507B24410852555408"}},
{"type":"Feature","geometry":{"type":"Polygon","coordinates":[[[-66.112558,18.440152],[-66.110845,18.443301],[-66.112518,18.444955],[-66.120794,18.441318],[-66.128755,18.442556],[-66.135955,18.447664],[-66.139167,18.455488],[-66.137557,18.458023],[-66.139593,18.462331],[-66.143159,18.461075],[-66.149124,18.45058],[-66.153879,18.445796],[-66.157127,18.447301],[-66.158403,18.445909],[-66.162311,18.447663],[-66.16363,18.44511],[-66.16381,18.441655],[-66.165214,18.437338],[-66.167697,18.434892],[-66.170306,18.433869],[-66.169516,18.430998],[-66.16553,18.43012],[-66.161949,18.427555],[-66.160066,18.425514],[-66.158545,18.421561],[-66.141586,18.423481],[-66.135487,18.423104],[-66.13158,18.424656],[-66.120478,18.435768],[-66.115989,18.439731],[-66.112558,18.440152]]]},"properties":{"shapeName":"Cataño","shapeISO":"32010507B33074408407079","shapeGroup":"PRI","shapeType":"ADM2","src_shape_id":"32010507B33074408407079"}},
{"type":"Feature","geometry":{"type":"Polygon","coordinates":[[[-66.069939,17.965985],[-66.066819,17.964435],[-66.063967,17.960592],[-66.057074,17.959009],[-66.051132,17.95607],[-66.047092,17.952678],[-66.043289,17.956748],[-66.040674,17.960592],[-66.03806,17.9624],[-66.035208,17.96127],[-66.032831,17.966696],[-66.029266,17.97167],[-66.023324,17.976644],[-66.019596,17.978478],[-66.023658,17.985141],[-66.023972,17.9903],[-66.027969,17.994493],[-66.035176,17.998522],[-66.037719,17.998425],[-66.039779,18.004213],[-66.044628,18.006501],[-66.046927,18.009097],[-66.041878,18.017094],[-66.04266,18.022057],[-66.044079,18.022819],[-66.04331,18.025187],[-66.043683,18.029445],[-66.047749,18.033615],[-66.048108,18.035614],[-66.05418,18.037607],[-66.057263,18.040434],[-66.059878,18.039424],[-66.064769,18.039095],[-66.067367,18.037855],[-66.074308,18.036771],[-66.077492,18.036901],[-66.079372,18.033937],[-66.082263,18.032958],[-66.082235,18.030934],[-66.085598,18.027468],[-66.088256,18.026264],[-66.089357,18.024547],[-66.091151,18.0248],[-66.095136,18.022048],[-66.091665,18.021127],[-66.091438,18.01804],[-66.085704,18.012934],[-66.08385,18.012918],[-66.082029,18.010271],[-66.081271,18.004458],[-66.079774,18.001796],[-66.077203,18.000133],[-66.075278,17.99619],[-66.073345,17.99606],[-66.07161,17.993732],[-66.072373,17.979199],[-66.069793,17.973885],[-66.070881,17.971183],[-66.070837,17.968335],[-66.069939,17.965985]]]},"properties":{"shapeName":"Arroyo","shapeISO":"32010507B29338824934020","shapeGroup":"PRI","shapeType":"ADM2","src_shape_id":"32010507B29338824934020"}},
{"type":"Feature","geometry":{"type":"Polygon","coordinates":[[[-66.257527,18.075884],[-66.242238,18.077148],[-66.24289,18.079405],[-66.2409,18.081894],[-66.239785,18.084691],[-66.240053,18.093186],[-66.234899,18.094213],[-66.231837,18.095769],[-66.22449,18.095339],[-66.224764,18.098406],[-66.226932,18.102346],[-66.224337,18.103976],[-66.225796,18.108725],[-66.224631,18.110233],[-66.22503,18.113119],[-66.226828,18.116641],[-66.224958,18.118361],[-66.222205,18.118848],[-66.220358,18.120797],[-66.219057,18.12806],[-66.220669,18.128941],[-66.220563,18.132018],[-66.218636,18.13332],[-66.216891,18.136789],[-66.217586,18.142435],[-66.216899,18.14322],[-66.220083,18.142798],[-66.219151,18.145251],[-66.216464,18.146119],[-66.217068,18.147852],[-66.22581,18.149456],[-66.227628,18.152286],[-66.224108,18.153979],[-66.224248,18.15497],[-66.228139,18.157606],[-66.228748,18.159611],[-66.22564,18.160056],[-66.223951,18.161098],[-66.223716,18.165717],[-66.226121,18.166455],[-66.228564,18.170802],[-66.231559,18.172458],[-66.234059,18.175494],[-66.237328,18.178318],[-66.241108,18.180349],[-66.242735,18.180248],[-66.244952,18.176913],[-66.247854,18.174096],[-66.248831,18.169802],[-66.247022,18.16834],[-66.248172,18.165752],[-66.25393,18.165509],[-66.255613,18.166276],[-66.255733,18.169041],[-66.25922,18.170827],[-66.263605,18.171122],[-66.266389,18.17259],[-66.26899,18.172412],[-66.273078,18.173711],[-66.275639,18.172602],[-66.277953,18.174217],[-66.281394,18.171328],[-66.289398,18.168738],[-66.292095,18.169169],[-66.292407,18.165761],[-66.293401,18.164835],[-66.298151,18.165372],[-66.300028,18.160583],[-66.301827,18.159189],[-66.304168,18.161409],[-66.306678,18.159928],[-66.309144,18.159559],[-66.311861,18.157313],[-66.315177,18.153175],[-66.314848,18.152088],[-66.314317,18.150317],[-66.316658,18.142478],[-66.315732,18.138443],[-66.312787,18.138106],[-66.313068,18.136283],[-66.315735,18.134315],[-66.320913,18.126005],[-66.290102,18.102158],[-66.281678,18.095403],[-66.27726,18.095642],[-66.273069,18.091209],[-66.272941,18.086586],[-66.270168,18.086961],[-66.266553,18.085401],[-66.263054,18.085643],[-66.259949,18.082612],[-66.259375,18.077609],[-66.257527,18.075884]]]},"properties":{"shapeName":"Aibonito","shapeISO":"32010507B49819301822346","shapeGroup":"PRI","shapeType":"ADM2","src_shape_id":"32010507B49819301822346"}},
{"type":"Feature","geometry":{"type":"Polygon","coordinates":[[[-67.239501,18.376168],[-67.241432,18.37499],[-67.26116,18.37093],[-67.270667,18.366193],[-67.271618,18.362132],[-67.269003,18.355365],[-67.261635,18.344762],[-67.257832,18.343183],[-67.254505,18.338671],[-67.253079,18.331451],[-67.244047,18.315431],[-67.236441,18.301441],[-67.233589,18.299185],[-67.225325,18.296888],[-67.222647,18.303302],[-67.220709,18.3057],[-67.218505,18.304659],[-67.215234,18.304902],[-67.21416,18.306219],[-67.208161,18.306161],[-67.205598,18.307884],[-67.203364,18.308422],[-67.202039,18.310157],[-67.199408,18.310325],[-67.196457,18.307679],[-67.193744,18.307704],[-67.190706,18.309144],[-67.189874,18.311461],[-67.187241,18.310824],[-67.181877,18.311252],[-67.182852,18.313026],[-67.185279,18.312914],[-67.187461,18.315751],[-67.189243,18.31964],[-67.189556,18.323092],[-67.193905,18.324265],[-67.196713,18.326176],[-67.195748,18.330598],[-67.198087,18.331802],[-67.20082,18.332052],[-67.203123,18.33327],[-67.205785,18.335808],[-67.209193,18.335888],[-67.210993,18.336719],[-67.211965,18.33964],[-67.21701,18.342707],[-67.219897,18.342639],[-67.219911,18.346129],[-67.222895,18.34539],[-67.226707,18.351139],[-67.223838,18.352576],[-67.224799,18.355722],[-67.228227,18.361731],[-67.228185,18.364444],[-67.230492,18.36409],[-67.231969,18.366443],[-67.235655,18.368862],[-67.238891,18.372744],[-67.239501,18.376168]]]},"properties":{"shapeName":"Rincón","shapeISO":"32010507B13421931783932","shapeGroup":"PRI","shapeType":"ADM2","src_shape_id":"32010507B13421931783932"}},
{"type":"Feature","geometry":{"type":"Polygon","coordinates":[[[-65.926227,18.119963],[-65.925893,18.117836],[-65.927167,18.11622],[-65.925827,18.111829],[-65.926195,18.108637],[-65.924313,18.108106],[-65.92549,18.105424],[-65.928047,18.105324],[-65.928451,18.102016],[-65.930227,18.10071],[-65.929931,18.097688],[-65.939451,18.091808],[-65.941023,18.089423],[-65.94291,18.089243],[-65.950176,18.093037],[-65.952631,18.092959],[-65.955276,18.091859],[-65.958699,18.089089],[-65.960443,18.088778],[-65.962051,18.086497],[-65.964541,18.08711],[-65.965942,18.089119],[-65.973338,18.090883],[-65.978594,18.094834],[-65.980608,18.093543],[-65.982538,18.089971],[-65.984712,18.088501],[-65.985969,18.089812],[-65.989033,18.088931],[-65.990781,18.090134],[-65.993461,18.089744],[-65.994626,18.088444],[-65.99542,18.084838],[-65.99825,18.083635],[-66.003009,18.079066],[-66.004963,18.07597],[-66.00925,18.076205],[-66.010245,18.075565],[-66.008612,18.07374],[-66.010396,18.072011],[-66.010668,18.067894],[-66.007395,18.066218],[-66.003155,18.062055],[-66.000072,18.060275],[-65.996559,18.059695],[-65.991549,18.06011],[-65.988523,18.058941],[-65.985438,18.059625],[-65.983559,18.058764],[-65.980187,18.061251],[-65.97779,18.061093],[-65.977129,18.05825],[-65.97345,18.056619],[-65.973738,18.054451],[-65.972241,18.052898],[-65.964698,18.054205],[-65.963971,18.054891],[-65.958505,18.052289],[-65.955394,18.047832],[-65.953173,18.046938],[-65.952282,18.044819],[-65.948639,18.045716],[-65.942097,18.042497],[-65.941466,18.040846],[-65.935184,18.040723],[-65.933735,18.0368],[-65.929474,18.036968],[-65.928013,18.036271],[-65.925134,18.036826],[-65.921949,18.034595],[-65.915131,18.034278],[-65.912381,18.033105],[-65.911412,18.034239],[-65.907393,18.035898],[-65.904714,18.034106],[-65.90221,18.034011],[-65.899767,18.03213],[-65.898505,18.033869],[-65.895129,18.0322],[-65.892987,18.031974],[-65.888172,18.030154],[-65.88592,18.027218],[-65.882318,18.024179],[-65.88104,18.020796],[-65.878853,18.020661],[-65.873016,18.023485],[-65.870991,18.025049],[-65.867644,18.026048],[-65.864627,18.025698],[-65.862188,18.021983],[-65.859072,18.021185],[-65.857117,18.018771],[-65.857293,18.016945],[-65.853547,18.014595],[-65.850361,18.011017],[-65.844589,18.015525],[-65.842212,18.015751],[-65.835081,18.012586],[-65.830328,18.019819],[-65.831992,18.022079],[-65.832942,18.025922],[-65.830328,18.030442],[-65.83318,18.037674],[-65.833655,18.04355],[-65.830803,18.050555],[-65.827476,18.055075],[-65.823197,18.059368],[-65.818206,18.062758],[-65.816067,18.062758],[-65.814403,18.060272],[-65.812026,18.059368],[-65.808937,18.057109],[-65.802282,18.057787],[-65.799736,18.061832],[-65.799935,18.064114],[-65.797838,18.066662],[-65.796888,18.069813],[-65.800324,18.069489],[-65.802998,18.071186],[-65.804545,18.070702],[-65.808626,18.071365],[-65.814207,18.081777],[-65.81801,18.082619],[-65.818463,18.08062],[-65.821565,18.081495],[-65.822272,18.083503],[-65.825336,18.083515],[-65.829242,18.084713],[-65.830481,18.089098],[-65.832933,18.090199],[-65.837296,18.091099],[-65.840595,18.091222],[-65.840162,18.093165],[-65.843025,18.097305],[-65.848051,18.099164],[-65.847949,18.102549],[-65.845636,18.106176],[-65.843408,18.107301],[-65.842253,18.11191],[-65.846003,18.112421],[-65.844983,18.115105],[-65.848117,18.117488],[-65.851133,18.118337],[-65.855851,18.117433],[-65.857113,18.115378],[-65.860322,18.115594],[-65.86089,18.113634],[-65.863681,18.111597],[-65.863214,18.109271],[-65.870211,18.108426],[-65.871466,18.109638],[-65.871011,18.113033],[-65.874611,18.114939],[-65.877339,18.115689],[-65.877615,18.118167],[-65.882329,18.119828],[-65.883911,18.122827],[-65.888234,18.121131],[-65.893125,18.122501],[-65.894762,18.124136],[-65.898633,18.123649],[-65.900893,18.125856],[-65.905052,18.12557],[-65.907453,18.126145],[-65.909329,18.123959],[-65.912763,18.123781],[-65.914426,18.122326],[-65.917024,18.122422],[-65.919269,18.120952],[-65.925183,18.120581],[-65.926227,18.119963]]]},"properties":{"shapeName":"Yabucoa","shapeISO":"32010507B64369847691903","shapeGroup":"PRI","shapeType":"ADM2","src_shape_id":"32010507B64369847691903"}},
{"type":"Feature","geometry":{"type":"MultiPolygon","coordinates":[[[[-67.159733,18.153227],[-67.157654,18.156201],[-67.151773,18.153712],[-67.147637,18.155077],[-67.144891,18.154282],[-67.143439,18.155601],[-67.140833,18.153109],[-67.138063,18.153341],[-67.13729,18.152103],[-67.13211,18.155208],[-67.129233,18.158135],[-67.126002,18.158415],[-67.122943,18.157514],[-67.120825,18.155959],[-67.118695,18.157959],[-67.11541,18.158232],[-67.112443,18.160334],[-67.108689,18.159914],[-67.10548,18.157364],[-67.103997,18.158034],[-67.100994,18.157007],[-67.097987,18.15865],[-67.096866,18.156404],[-67.094779,18.155724],[-67.092712,18.152012],[-67.086359,18.149829],[-67.087298,18.155549],[-67.084067,18.159435],[-67.085706,18.162978],[-67.082144,18.168073],[-67.078486,18.16755],[-67.072604,18.172948],[-67.064846,18.172962],[-67.063646,18.172076],[-67.061059,18.173737],[-67.05946,18.172089],[-67.057309,18.173292],[-67.054019,18.172034],[-67.051461,18.174053],[-67.051177,18.177502],[-67.0463,18.176283],[-67.041287,18.177705],[-67.041734,18.180596],[-67.038954,18.181275],[-67.034426,18.180659],[-67.035554,18.183252],[-67.034521,18.185519],[-67.031116,18.184908],[-67.027415,18.185683],[-67.024372,18.184668],[-67.023122,18.186049],[-67.019502,18.186847],[-67.017388,18.189899],[-67.019836,18.195471],[-67.020691,18.198266],[-67.0189,18.204271],[-67.025137,18.205596],[-67.027784,18.208506],[-67.031014,18.209048],[-67.033163,18.208305],[-67.032965,18.218086],[-67.037063,18.219835],[-67.038063,18.221605],[-67.040772,18.223635],[-67.045964,18.224582],[-67.046921,18.226625],[-67.050354,18.227478],[-67.052088,18.230601],[-67.051356,18.233504],[-67.052876,18.237105],[-67.054863,18.239669],[-67.056605,18.240015],[-67.056916,18.242729],[-67.055921,18.245357],[-67.057361,18.246141],[-67.061818,18.244856],[-67.066438,18.247399],[-67.067437,18.24635],[-67.071121,18.248902],[-67.074171,18.247858],[-67.075447,18.24854],[-67.078873,18.252706],[-67.082002,18.254946],[-67.086961,18.249145],[-67.094494,18.249695],[-67.096695,18.252529],[-67.099513,18.252897],[-67.102417,18.251451],[-67.105001,18.252822],[-67.1078,18.251944],[-67.109581,18.249147],[-67.114559,18.247459],[-67.118769,18.248374],[-67.123055,18.242814],[-67.125886,18.245117],[-67.129316,18.245737],[-67.133417,18.245766],[-67.13624,18.248276],[-67.134295,18.249061],[-67.137007,18.254027],[-67.137992,18.253793],[-67.138187,18.259232],[-67.135127,18.261319],[-67.135662,18.264957],[-67.139071,18.265423],[-67.142468,18.269056],[-67.144458,18.268112],[-67.144809,18.27072],[-67.147354,18.271681],[-67.150187,18.268361],[-67.15317,18.268711],[-67.154488,18.271888],[-67.155921,18.273133],[-67.159494,18.273504],[-67.163769,18.270832],[-67.170171,18.26862],[-67.173877,18.26782],[-67.189143,18.266663],[-67.189143,18.265558],[-67.185578,18.26285],[-67.17821,18.252241],[-67.174169,18.244792],[-67.173456,18.23644],[-67.173218,18.226733],[-67.167039,18.220186],[-67.158957,18.217025],[-67.158957,18.211606],[-67.154917,18.208671],[-67.153491,18.204382],[-67.153729,18.198511],[-67.157294,18.193544],[-67.164662,18.186544],[-67.17512,18.174576],[-67.180111,18.168478],[-67.177874,18.165595],[-67.173015,18.162471],[-67.171331,18.159301],[-67.167312,18.158915],[-67.165997,18.157368],[-67.166722,18.1555],[-67.164245,18.155041],[-67.162066,18.152415],[-67.159733,18.153227]]],[[[-67.48779,18.3845],[-67.485731,18.381111],[-67.480502,18.378178],[-67.478482,18.377615],[-67.473253,18.382915],[-67.478957,18.389343],[-67.481928,18.39002],[-67.485493,18.388215],[-67.48779,18.3845]]],[[[-67.944691,18.084593],[-67.945404,18.082673],[-67.943621,18.0803],[-67.941482,18.080413],[-67.939105,18.079283],[-67.924963,18.066517],[-67.920328,18.064144],[-67.910821,18.061659],[-67.908207,18.060077],[-67.904404,18.059512],[-67.903334,18.057817],[-67.89965,18.05488],[-67.896798,18.053298],[-67.890143,18.053976],[-67.886578,18.053863],[-67.882181,18.054767],[-67.873862,18.058043],[-67.871961,18.058269],[-67.868633,18.061094],[-67.867563,18.063467],[-67.859482,18.072618],[-67.85663,18.076346],[-67.853422,18.079283],[-67.849619,18.08143],[-67.846053,18.081656],[-67.844271,18.084819],[-67.843439,18.090806],[-67.843796,18.096116],[-67.845222,18.09894],[-67.845578,18.101876],[-67.848074,18.106621],[-67.848787,18.110461],[-67.856393,18.115318],[-67.859482,18.120288],[-67.861859,18.122208],[-67.86994,18.118819],[-67.872436,18.116109],[-67.87612,18.114301],[-67.881349,18.11385],[-67.887529,18.112833],[-67.89561,18.115318],[-67.900363,18.115431],[-67.906068,18.119158],[-67.908682,18.119723],[-67.913317,18.119384],[-67.924131,18.114866],[-67.931737,18.113737],[-67.933044,18.113172],[-67.935659,18.107863],[-67.93447,18.105378],[-67.935065,18.101764],[-67.937679,18.093066],[-67.937679,18.090128],[-67.938749,18.088434],[-67.941007,18.08753],[-67.944691,18.084593]]]]},"properties":{"shapeName":"Mayagüez","shapeISO":"32010507B39341524675779","shapeGroup":"PRI","shapeType":"ADM2","src_shape_id":"32010507B39341524675779"}},
{"type":"Feature","geometry":{"type":"Polygon","coordinates":[[[-65.918535,18.27013],[-65.910952,18.265106],[-65.906177,18.265548],[-65.903283,18.263767],[-65.896942,18.261209],[-65.889216,18.261757],[-65.885969,18.260318],[-65.881641,18.256626],[-65.878592,18.256213],[-65.873997,18.252738],[-65.870116,18.253557],[-65.867673,18.253141],[-65.865142,18.255973],[-65.861558,18.256928],[-65.857891,18.256678],[-65.856511,18.255706],[-65.852616,18.254972],[-65.846289,18.258083],[-65.842097,18.264395],[-65.839854,18.265696],[-65.839386,18.271074],[-65.838595,18.273689],[-65.836387,18.275246],[-65.838908,18.276929],[-65.841621,18.277256],[-65.842151,18.27913],[-65.845601,18.27875],[-65.846768,18.281889],[-65.849451,18.282323],[-65.854245,18.285379],[-65.857381,18.288218],[-65.859173,18.288908],[-65.860624,18.291718],[-65.863755,18.293984],[-65.86824,18.293864],[-65.86545,18.29746],[-65.863648,18.302359],[-65.862594,18.303247],[-65.864765,18.306978],[-65.864068,18.309429],[-65.868696,18.309322],[-65.869856,18.312454],[-65.869662,18.317152],[-65.864656,18.317778],[-65.862761,18.32149],[-65.866996,18.332346],[-65.87219,18.334511],[-65.873172,18.337231],[-65.8717,18.33953],[-65.873819,18.340633],[-65.872615,18.343761],[-65.874577,18.346553],[-65.874404,18.351573],[-65.876136,18.355586],[-65.874708,18.359108],[-65.87671,18.361511],[-65.876166,18.363656],[-65.873661,18.365788],[-65.872871,18.369517],[-65.874179,18.373005],[-65.872688,18.375287],[-65.868323,18.376174],[-65.867447,18.378198],[-65.876502,18.378681],[-65.876602,18.382447],[-65.8756,18.389217],[-65.873728,18.390792],[-65.87388,18.392729],[-65.872739,18.396168],[-65.872584,18.40059],[-65.871506,18.400549],[-65.871668,18.404938],[-65.869881,18.405741],[-65.869949,18.408915],[-65.873975,18.408962],[-65.879613,18.410596],[-65.887964,18.411537],[-65.893292,18.411602],[-65.89993,18.413682],[-65.909683,18.401062],[-65.914495,18.405626],[-65.919278,18.402993],[-65.919318,18.400277],[-65.924131,18.401583],[-65.926773,18.398083],[-65.926706,18.396848],[-65.929781,18.395915],[-65.93134,18.393679],[-65.928782,18.390959],[-65.928676,18.386868],[-65.923708,18.385853],[-65.922388,18.386876],[-65.918848,18.384203],[-65.914846,18.382472],[-65.916544,18.380058],[-65.91309,18.378869],[-65.916295,18.376953],[-65.916751,18.373348],[-65.919261,18.372224],[-65.917118,18.37],[-65.91768,18.363231],[-65.918632,18.361683],[-65.916605,18.360333],[-65.91779,18.357984],[-65.915865,18.35415],[-65.916239,18.351642],[-65.915716,18.348487],[-65.919355,18.346556],[-65.919774,18.345125],[-65.916926,18.344543],[-65.915351,18.342997],[-65.911197,18.343827],[-65.909904,18.345519],[-65.908002,18.343654],[-65.909368,18.340809],[-65.90615,18.336837],[-65.906756,18.332962],[-65.905834,18.331705],[-65.909287,18.327917],[-65.908793,18.323198],[-65.905321,18.323138],[-65.903141,18.320657],[-65.904104,18.315366],[-65.90584,18.315424],[-65.904386,18.310196],[-65.905466,18.308879],[-65.909144,18.308633],[-65.910709,18.307225],[-65.909347,18.302166],[-65.909414,18.299089],[-65.907115,18.297809],[-65.908584,18.295291],[-65.915617,18.293802],[-65.913343,18.287184],[-65.911677,18.287216],[-65.909791,18.285606],[-65.909099,18.282918],[-65.909974,18.280735],[-65.909014,18.279212],[-65.909384,18.276337],[-65.907258,18.272172],[-65.908799,18.271232],[-65.912442,18.271838],[-65.918535,18.27013]]]},"properties":{"shapeName":"Canóvanas","shapeISO":"32010507B23731839572395","shapeGroup":"PRI","shapeType":"ADM2","src_shape_id":"32010507B23731839572395"}},
{"type":"Feature","geometry":{"type":"Polygon","coordinates":[[[-66.539731,17.974481],[-66.532909,17.976644],[-66.520312,17.982522],[-66.509854,17.986139],[-66.502961,17.987721],[-66.496544,17.989756],[-66.490127,17.99066],[-66.48157,17.989756],[-66.47848,17.986817],[-66.47444,17.989078],[-66.470399,17.990434],[-66.464695,17.990886],[-66.459228,17.989304],[-66.455425,17.986817],[-66.451797,17.982024],[-66.44922,17.984286],[-66.44681,17.987621],[-66.44276,17.990584],[-66.439824,17.995057],[-66.437849,17.99435],[-66.437025,17.992304],[-66.434732,17.997246],[-66.435525,18.004322],[-66.434499,18.007313],[-66.430921,18.009946],[-66.427762,18.009524],[-66.428256,18.012208],[-66.425608,18.011754],[-66.424339,18.014974],[-66.422084,18.017135],[-66.421054,18.019309],[-66.422219,18.022649],[-66.422583,18.026768],[-66.424505,18.02842],[-66.425982,18.031067],[-66.425962,18.033916],[-66.426984,18.036898],[-66.42614,18.039604],[-66.426989,18.042627],[-66.42598,18.046316],[-66.425619,18.050088],[-66.424037,18.051917],[-66.427999,18.05472],[-66.43055,18.062758],[-66.43154,18.063532],[-66.427561,18.071625],[-66.429407,18.076181],[-66.428927,18.078479],[-66.430314,18.082053],[-66.434568,18.08379],[-66.439549,18.084927],[-66.44343,18.083996],[-66.443983,18.084822],[-66.448254,18.083274],[-66.452862,18.082682],[-66.454634,18.08125],[-66.461763,18.084441],[-66.470083,18.085394],[-66.476231,18.087765],[-66.479006,18.087274],[-66.481877,18.088011],[-66.484626,18.089598],[-66.487793,18.094225],[-66.493309,18.096442],[-66.501875,18.095666],[-66.505567,18.093151],[-66.505587,18.091973],[-66.501935,18.088019],[-66.502253,18.085115],[-66.504692,18.082406],[-66.507491,18.080915],[-66.510433,18.08174],[-66.518244,18.08503],[-66.522099,18.089738],[-66.520996,18.093173],[-66.524156,18.097964],[-66.526439,18.098705],[-66.528752,18.100827],[-66.52758,18.102269],[-66.530043,18.106944],[-66.52963,18.108348],[-66.526863,18.110082],[-66.525745,18.112474],[-66.52542,18.115695],[-66.526458,18.117279],[-66.526446,18.119846],[-66.523199,18.122484],[-66.524801,18.124467],[-66.52685,18.130682],[-66.528334,18.131379],[-66.527879,18.135053],[-66.526431,18.137083],[-66.526909,18.140207],[-66.523137,18.14522],[-66.521899,18.151954],[-66.527748,18.153175],[-66.534862,18.152293],[-66.537533,18.148949],[-66.541066,18.14747],[-66.544281,18.147619],[-66.54722,18.15313],[-66.551267,18.152848],[-66.552766,18.152057],[-66.552666,18.149705],[-66.554278,18.148202],[-66.562127,18.144581],[-66.563319,18.143216],[-66.564527,18.138354],[-66.562749,18.137087],[-66.562844,18.131942],[-66.565363,18.129715],[-66.564479,18.125083],[-66.562051,18.123015],[-66.561587,18.115293],[-66.55799,18.114986],[-66.555698,18.115719],[-66.555076,18.113582],[-66.55434,18.105481],[-66.550908,18.102052],[-66.549059,18.095624],[-66.549801,18.093982],[-66.552457,18.092478],[-66.553561,18.090342],[-66.55349,18.087985],[-66.555251,18.086526],[-66.55542,18.084516],[-66.551382,18.081792],[-66.549802,18.078777],[-66.550298,18.076099],[-66.548702,18.072935],[-66.545258,18.068753],[-66.546223,18.065985],[-66.546062,18.06255],[-66.544201,18.059758],[-66.543844,18.05774],[-66.546173,18.053798],[-66.545652,18.05238],[-66.542961,18.050536],[-66.54185,18.045188],[-66.53734,18.041286],[-66.537968,18.038278],[-66.542264,18.03287],[-66.54236,18.031468],[-66.538905,18.025506],[-66.540659,18.022861],[-66.537713,18.021788],[-66.535803,18.016391],[-66.5372,18.013056],[-66.535128,18.010785],[-66.535109,18.008266],[-66.532833,18.004374],[-66.53042,18.003075],[-66.530668,18.001255],[-66.534037,17.997687],[-66.536489,17.997555],[-66.535781,17.992778],[-66.540091,17.994022],[-66.541596,17.991605],[-66.538961,17.985814],[-66.539824,17.981195],[-66.539231,17.976842],[-66.539731,17.974481]]]},"properties":{"shapeName":"Juana Díaz","shapeISO":"32010507B98584278063898","shapeGroup":"PRI","shapeType":"ADM2","src_shape_id":"32010507B98584278063898"}},
{"type":"Feature","geometry":{"type":"Polygon","coordinates":[[[-66.350793,18.241235],[-66.351459,18.232062],[-66.350398,18.227491],[-66.351181,18.224965],[-66.353008,18.226159],[-66.354485,18.222911],[-66.351614,18.218554],[-66.352272,18.215902],[-66.352536,18.210466],[-66.35073,18.207049],[-66.350933,18.204721],[-66.352965,18.198586],[-66.351631,18.194334],[-66.354631,18.191926],[-66.357417,18.194887],[-66.360882,18.199879],[-66.363734,18.200663],[-66.367318,18.196933],[-66.367657,18.194029],[-66.364777,18.186922],[-66.365567,18.185445],[-66.369411,18.18597],[-66.37379,18.184105],[-66.373855,18.182156],[-66.372052,18.176665],[-66.373768,18.173694],[-66.367896,18.172228],[-66.365036,18.169697],[-66.362778,18.170301],[-66.355538,18.169382],[-66.354973,18.167892],[-66.351258,18.165488],[-66.346644,18.167371],[-66.343452,18.167302],[-66.341269,18.165711],[-66.3398,18.16592],[-66.338378,18.168661],[-66.334863,18.167541],[-66.330622,18.168217],[-66.330565,18.165905],[-66.329364,18.164676],[-66.327305,18.16602],[-66.324614,18.165804],[-66.322103,18.164235],[-66.322325,18.159135],[-66.323047,18.157103],[-66.32153,18.155681],[-66.317935,18.154991],[-66.316542,18.15281],[-66.314848,18.152088],[-66.315177,18.153175],[-66.311861,18.157313],[-66.309144,18.159559],[-66.306678,18.159928],[-66.304168,18.161409],[-66.301827,18.159189],[-66.300028,18.160583],[-66.298151,18.165372],[-66.293401,18.164835],[-66.292407,18.165761],[-66.292095,18.169169],[-66.289398,18.168738],[-66.281394,18.171328],[-66.277953,18.174217],[-66.275639,18.172602],[-66.273078,18.173711],[-66.26899,18.172412],[-66.266389,18.17259],[-66.263605,18.171122],[-66.25922,18.170827],[-66.255733,18.169041],[-66.255613,18.166276],[-66.25393,18.165509],[-66.248172,18.165752],[-66.247022,18.16834],[-66.248831,18.169802],[-66.247854,18.174096],[-66.244952,18.176913],[-66.242735,18.180248],[-66.242884,18.183004],[-66.24046,18.184794],[-66.244552,18.188339],[-66.244552,18.189926],[-66.24193,18.192245],[-66.243954,18.193472],[-66.246534,18.191242],[-66.248632,18.191489],[-66.250561,18.190089],[-66.252103,18.187291],[-66.255202,18.187228],[-66.255545,18.183705],[-66.257018,18.182761],[-66.261005,18.184597],[-66.263553,18.184959],[-66.264471,18.205716],[-66.267517,18.209093],[-66.269735,18.215511],[-66.2709,18.217465],[-66.265568,18.232867],[-66.266433,18.235053],[-66.265806,18.236787],[-66.268454,18.241333],[-66.266466,18.24527],[-66.280877,18.24358],[-66.287914,18.244678],[-66.293176,18.245902],[-66.301636,18.244738],[-66.305307,18.241579],[-66.307073,18.241481],[-66.308481,18.244686],[-66.310676,18.245057],[-66.31149,18.248081],[-66.313299,18.249324],[-66.314765,18.249704],[-66.320222,18.247719],[-66.326127,18.247922],[-66.327034,18.244191],[-66.330935,18.243772],[-66.335244,18.240053],[-66.340121,18.238689],[-66.341912,18.239718],[-66.347414,18.240032],[-66.350793,18.241235]]]},"properties":{"shapeName":"Barranquitas","shapeISO":"32010507B21184218191895","shapeGroup":"PRI","shapeType":"ADM2","src_shape_id":"32010507B21184218191895"}},
{"type":"Feature","geometry":{"type":"Polygon","coordinates":[[[-66.066103,18.303321],[-66.069557,18.301232],[-66.072971,18.29776],[-66.07722,18.296608],[-66.080475,18.297295],[-66.084163,18.294916],[-66.080428,18.294525],[-66.082016,18.290254],[-66.086224,18.288718],[-66.086465,18.285094],[-66.090158,18.2841],[-66.09151,18.282709],[-66.09527,18.282727],[-66.09598,18.283816],[-66.099751,18.281541],[-66.108191,18.277768],[-66.111712,18.279513],[-66.116119,18.279863],[-66.121669,18.281379],[-66.135351,18.279644],[-66.13696,18.278745],[-66.140739,18.279571],[-66.141456,18.277714],[-66.143861,18.27959],[-66.147155,18.280827],[-66.15097,18.280784],[-66.156909,18.282918],[-66.1616,18.282538],[-66.162324,18.280759],[-66.166694,18.279397],[-66.16782,18.277708],[-66.171043,18.27928],[-66.177099,18.276194],[-66.177069,18.274538],[-66.179868,18.270789],[-66.184315,18.268339],[-66.185795,18.266695],[-66.18709,18.263241],[-66.188604,18.261997],[-66.189196,18.2598],[-66.190676,18.25884],[-66.187298,18.25379],[-66.184841,18.252305],[-66.183896,18.250507],[-66.182007,18.249863],[-66.181049,18.247303],[-66.178155,18.246112],[-66.17799,18.243962],[-66.179257,18.242443],[-66.178574,18.237922],[-66.17667,18.234608],[-66.174947,18.233095],[-66.176105,18.229503],[-66.171991,18.228002],[-66.169141,18.226013],[-66.169126,18.22429],[-66.166348,18.223899],[-66.16217,18.220495],[-66.152418,18.222045],[-66.150488,18.223425],[-66.149058,18.226681],[-66.146119,18.230373],[-66.143941,18.228111],[-66.143822,18.225276],[-66.145306,18.223383],[-66.146493,18.218164],[-66.145855,18.214921],[-66.144253,18.213361],[-66.142478,18.210058],[-66.138908,18.210231],[-66.138626,18.207039],[-66.139371,18.20544],[-66.138487,18.201439],[-66.140505,18.198335],[-66.137629,18.197722],[-66.135067,18.198695],[-66.13408,18.200301],[-66.130348,18.201863],[-66.129013,18.204102],[-66.121461,18.209011],[-66.117774,18.209949],[-66.117041,18.211455],[-66.109409,18.213612],[-66.102673,18.21684],[-66.096788,18.221752],[-66.095887,18.22416],[-66.093719,18.224875],[-66.092703,18.226705],[-66.090421,18.227413],[-66.088159,18.232763],[-66.085122,18.235517],[-66.084768,18.242512],[-66.078639,18.248168],[-66.074732,18.253317],[-66.077313,18.25651],[-66.072908,18.275347],[-66.070942,18.282759],[-66.066103,18.303321]]]},"properties":{"shapeName":"Aguas Buenas","shapeISO":"32010507B96467798502033","shapeGroup":"PRI","shapeType":"ADM2","src_shape_id":"32010507B96467798502033"}},
{"type":"Feature","geometry":{"type":"Polygon","coordinates":[[[-66.56662,18.298549],[-66.569469,18.300169],[-66.573338,18.300317],[-66.574366,18.295937],[-66.573365,18.294931],[-66.573305,18.290944],[-66.575903,18.286382],[-66.578757,18.284049],[-66.580381,18.284672],[-66.583832,18.283935],[-66.587297,18.284061],[-66.591971,18.282972],[-66.595616,18.283297],[-66.59806,18.279245],[-66.596166,18.278732],[-66.595288,18.27691],[-66.596886,18.27457],[-66.596449,18.270785],[-66.598974,18.268716],[-66.599282,18.266073],[-66.60137,18.264715],[-66.597374,18.260431],[-66.599093,18.258788],[-66.600466,18.255136],[-66.59927,18.253934],[-66.599745,18.251874],[-66.602141,18.251465],[-66.604633,18.242935],[-66.606736,18.23848],[-66.607963,18.240192],[-66.612776,18.241854],[-66.614782,18.243883],[-66.616125,18.247322],[-66.619671,18.249353],[-66.622383,18.248696],[-66.624977,18.246876],[-66.625564,18.235474],[-66.626513,18.233509],[-66.628729,18.236077],[-66.629851,18.233229],[-66.626879,18.230037],[-66.628418,18.225014],[-66.628131,18.22306],[-66.629527,18.220636],[-66.628271,18.215899],[-66.631797,18.21347],[-66.636753,18.207613],[-66.63968,18.207003],[-66.638335,18.203097],[-66.639939,18.200857],[-66.640681,18.197026],[-66.642883,18.196188],[-66.64375,18.194608],[-66.641929,18.192874],[-66.642364,18.189549],[-66.641161,18.186074],[-66.64221,18.183241],[-66.647667,18.18375],[-66.652243,18.182497],[-66.650616,18.175848],[-66.653401,18.170708],[-66.651568,18.169507],[-66.651661,18.166226],[-66.649573,18.162973],[-66.650358,18.160579],[-66.649467,18.158857],[-66.646196,18.157308],[-66.643133,18.156747],[-66.636604,18.151677],[-66.631721,18.149772],[-66.631215,18.152598],[-66.632143,18.153421],[-66.628695,18.158625],[-66.627092,18.158573],[-66.624041,18.156512],[-66.621075,18.15789],[-66.617211,18.15792],[-66.612802,18.159077],[-66.611551,18.1611],[-66.608919,18.161952],[-66.607901,18.16413],[-66.604372,18.166258],[-66.601448,18.165295],[-66.599101,18.16741],[-66.598776,18.169939],[-66.596177,18.171397],[-66.593292,18.170745],[-66.590318,18.172162],[-66.588686,18.169614],[-66.58457,18.168387],[-66.580551,18.167968],[-66.574834,18.16823],[-66.572318,18.166061],[-66.572047,18.163913],[-66.568008,18.16221],[-66.566666,18.158881],[-66.561443,18.157695],[-66.561424,18.155069],[-66.559858,18.153864],[-66.554187,18.153009],[-66.552766,18.152057],[-66.551267,18.152848],[-66.54722,18.15313],[-66.546835,18.155019],[-66.544152,18.158328],[-66.544836,18.160262],[-66.543133,18.163098],[-66.540813,18.165711],[-66.541414,18.168918],[-66.537577,18.173603],[-66.538791,18.176376],[-66.536286,18.177017],[-66.532241,18.176804],[-66.531023,18.180137],[-66.533771,18.183915],[-66.533766,18.185228],[-66.536716,18.188631],[-66.535906,18.192467],[-66.533181,18.195863],[-66.532725,18.200519],[-66.53643,18.206288],[-66.536605,18.20894],[-66.538865,18.214231],[-66.542106,18.215179],[-66.545527,18.220736],[-66.548883,18.220567],[-66.555228,18.237327],[-66.562377,18.240415],[-66.56446,18.242793],[-66.563188,18.246184],[-66.561032,18.247381],[-66.561931,18.250272],[-66.562152,18.253763],[-66.557989,18.25324],[-66.555588,18.254607],[-66.55844,18.257337],[-66.560182,18.26208],[-66.557494,18.262934],[-66.556126,18.264957],[-66.558814,18.267104],[-66.5594,18.269389],[-66.556145,18.268778],[-66.556158,18.271586],[-66.55792,18.271563],[-66.558104,18.276628],[-66.554703,18.281583],[-66.560599,18.283547],[-66.562934,18.287066],[-66.561897,18.288125],[-66.562132,18.290901],[-66.560936,18.293025],[-66.561637,18.294346],[-66.564004,18.294764],[-66.566536,18.297044],[-66.56662,18.298549]]]},"properties":{"shapeName":"Jayuya","shapeISO":"32010507B17453471751527","shapeGroup":"PRI","shapeType":"ADM2","src_shape_id":"32010507B17453471751527"}},
{"type":"Feature","geometry":{"type":"Polygon","coordinates":[[[-66.331244,18.015891],[-66.331795,18.01262],[-66.335064,18.00879],[-66.334818,18.006079],[-66.337863,18.002184],[-66.339518,17.996382],[-66.342573,17.993662],[-66.342226,17.988446],[-66.341192,17.984988],[-66.339279,17.984694],[-66.34007,17.982001],[-66.337988,17.978604],[-66.338147,17.976431],[-66.329931,17.978452],[-66.315194,17.978452],[-66.311392,17.973931],[-66.310203,17.968279],[-66.304023,17.96127],[-66.294992,17.950643],[-66.288337,17.94386],[-66.278116,17.948156],[-66.272174,17.947251],[-66.264331,17.944538],[-66.257676,17.93685],[-66.247931,17.930744],[-66.254348,17.920568],[-66.25007,17.916271],[-66.240801,17.912879],[-66.23272,17.9122],[-66.224401,17.912426],[-66.218513,17.915228],[-66.225275,17.924652],[-66.225001,17.92604],[-66.221327,17.930246],[-66.218414,17.935032],[-66.222513,17.942076],[-66.221281,17.945592],[-66.218802,17.947744],[-66.20961,17.953178],[-66.206258,17.953399],[-66.20621,17.962893],[-66.205805,17.989008],[-66.205592,18.01298],[-66.203621,18.013041],[-66.203006,18.015657],[-66.200349,18.018947],[-66.196611,18.020562],[-66.195386,18.019707],[-66.192509,18.020322],[-66.190163,18.021918],[-66.189063,18.024202],[-66.184025,18.025486],[-66.182281,18.024539],[-66.179952,18.02574],[-66.180926,18.028826],[-66.178015,18.031939],[-66.17482,18.032906],[-66.171631,18.039498],[-66.166145,18.050063],[-66.167514,18.0517],[-66.17035,18.051419],[-66.173325,18.053289],[-66.177977,18.053494],[-66.183719,18.050754],[-66.188139,18.050402],[-66.197083,18.048828],[-66.202038,18.046113],[-66.202968,18.04853],[-66.205004,18.050924],[-66.2047,18.054997],[-66.201487,18.058057],[-66.201003,18.064565],[-66.201753,18.067639],[-66.206068,18.067653],[-66.215832,18.079655],[-66.215318,18.085718],[-66.218404,18.092607],[-66.22449,18.095339],[-66.231837,18.095769],[-66.234899,18.094213],[-66.240053,18.093186],[-66.239785,18.084691],[-66.2409,18.081894],[-66.24289,18.079405],[-66.242238,18.077148],[-66.257527,18.075884],[-66.259569,18.073568],[-66.263463,18.072176],[-66.267753,18.06954],[-66.270405,18.069016],[-66.276166,18.069455],[-66.279382,18.068916],[-66.281281,18.064816],[-66.283109,18.062947],[-66.284812,18.059722],[-66.292328,18.056761],[-66.297523,18.057187],[-66.29891,18.055179],[-66.303123,18.051595],[-66.303644,18.050522],[-66.309653,18.047719],[-66.313048,18.044412],[-66.31196,18.039244],[-66.31426,18.03515],[-66.312268,18.033501],[-66.315171,18.0297],[-66.318884,18.029748],[-66.323432,18.020854],[-66.325605,18.018473],[-66.328484,18.019538],[-66.3289,18.017143],[-66.331244,18.015891]]]},"properties":{"shapeName":"Salinas","shapeISO":"32010507B26348414705735","shapeGroup":"PRI","shapeType":"ADM2","src_shape_id":"32010507B26348414705735"}},
{"type":"Feature","geometry":{"type":"Polygon","coordinates":[[[-65.988523,18.058941],[-65.991549,18.06011],[-65.996559,18.059695],[-66.000072,18.060275],[-66.003155,18.062055],[-66.007395,18.066218],[-66.010668,18.067894],[-66.010396,18.072011],[-66.008612,18.07374],[-66.010245,18.075565],[-66.013125,18.076249],[-66.014076,18.078709],[-66.018169,18.081463],[-66.019443,18.083723],[-66.018049,18.087142],[-66.016785,18.087605],[-66.016379,18.091742],[-66.013662,18.092839],[-66.012849,18.096415],[-66.015133,18.096619],[-66.017653,18.098822],[-66.019442,18.102576],[-66.022137,18.103174],[-66.028065,18.10157],[-66.037497,18.103091],[-66.038482,18.104087],[-66.042041,18.103839],[-66.044723,18.105252],[-66.051788,18.109878],[-66.053146,18.107293],[-66.055122,18.105434],[-66.058015,18.104288],[-66.060512,18.09875],[-66.060053,18.090735],[-66.062042,18.088727],[-66.065796,18.082099],[-66.06832,18.078723],[-66.070171,18.079709],[-66.075087,18.075518],[-66.080235,18.074822],[-66.081144,18.074107],[-66.079164,18.070408],[-66.079125,18.067313],[-66.081068,18.063915],[-66.084267,18.062772],[-66.085271,18.063389],[-66.087908,18.060916],[-66.089399,18.056256],[-66.086777,18.049774],[-66.085543,18.048348],[-66.086399,18.044658],[-66.087393,18.043262],[-66.085025,18.039305],[-66.086149,18.03731],[-66.085386,18.035585],[-66.082263,18.032958],[-66.079372,18.033937],[-66.077492,18.036901],[-66.074308,18.036771],[-66.067367,18.037855],[-66.064769,18.039095],[-66.059878,18.039424],[-66.057263,18.040434],[-66.05418,18.037607],[-66.048108,18.035614],[-66.047749,18.033615],[-66.043683,18.029445],[-66.04331,18.025187],[-66.044079,18.022819],[-66.04266,18.022057],[-66.041878,18.017094],[-66.046927,18.009097],[-66.044628,18.006501],[-66.039779,18.004213],[-66.037719,17.998425],[-66.035176,17.998522],[-66.027969,17.994493],[-66.023972,17.9903],[-66.023658,17.985141],[-66.019596,17.978478],[-66.016431,17.980035],[-66.007161,17.979809],[-66.004309,17.978678],[-65.998367,17.979131],[-65.993851,17.978678],[-65.98577,17.970992],[-65.98173,17.967827],[-65.977452,17.9676],[-65.975788,17.969183],[-65.974124,17.972574],[-65.969608,17.973931],[-65.966043,17.973479],[-65.958199,17.970992],[-65.953921,17.970992],[-65.944414,17.9728],[-65.938234,17.972122],[-65.933718,17.975739],[-65.930629,17.976644],[-65.925875,17.976644],[-65.920408,17.975513],[-65.916368,17.976192],[-65.912471,17.978371],[-65.915757,17.984703],[-65.917754,17.985778],[-65.920488,17.985074],[-65.922261,17.986059],[-65.926154,17.985998],[-65.92904,17.989067],[-65.931486,17.989196],[-65.937918,17.992037],[-65.942003,17.992296],[-65.944068,17.994603],[-65.948199,18.0016],[-65.948761,18.004595],[-65.953048,18.006339],[-65.953582,18.010483],[-65.954983,18.013349],[-65.955242,18.017032],[-65.953166,18.019724],[-65.953283,18.023695],[-65.959132,18.026528],[-65.959813,18.02818],[-65.963517,18.028975],[-65.965852,18.028117],[-65.967485,18.02554],[-65.971954,18.024463],[-65.973685,18.02647],[-65.97565,18.032859],[-65.978331,18.032282],[-65.9819,18.03484],[-65.979951,18.038897],[-65.985578,18.04521],[-65.985187,18.050462],[-65.986943,18.052725],[-65.98912,18.056918],[-65.988523,18.058941]]]},"properties":{"shapeName":"Patillas","shapeISO":"32010507B91916522285611","shapeGroup":"PRI","shapeType":"ADM2","src_shape_id":"32010507B91916522285611"}},
{"type":"Feature","geometry":{"type":"Polygon","coordinates":[[[-66.926517,18.151267],[-66.929444,18.149141],[-66.934394,18.150148],[-66.934629,18.148548],[-66.939065,18.147855],[-66.943554,18.148979],[-66.945469,18.147746],[-66.952093,18.146112],[-66.953644,18.14662],[-66.958127,18.145714],[-66.964291,18.147055],[-66.971866,18.14154],[-66.97554,18.143395],[-66.977855,18.143799],[-66.974839,18.142502],[-66.971757,18.138726],[-66.970369,18.131898],[-66.97085,18.127632],[-66.972981,18.127009],[-66.977072,18.124509],[-66.979262,18.121237],[-66.980081,18.115844],[-66.981618,18.11283],[-66.981358,18.111197],[-66.984134,18.106966],[-66.983535,18.105583],[-66.98504,18.103164],[-66.984089,18.101725],[-66.9832,18.095239],[-66.983577,18.088383],[-66.982448,18.086217],[-66.982256,18.082222],[-66.980971,18.078196],[-66.98187,18.056438],[-66.983337,18.052518],[-66.98317,18.046826],[-66.982087,18.04282],[-66.982675,18.041202],[-66.968361,18.038551],[-66.96588,18.036876],[-66.960525,18.036522],[-66.958748,18.032477],[-66.95511,18.032771],[-66.953329,18.033607],[-66.947056,18.033429],[-66.941346,18.031515],[-66.938636,18.030005],[-66.930811,18.030583],[-66.922594,18.027212],[-66.919723,18.027563],[-66.914942,18.026463],[-66.910887,18.023883],[-66.90661,18.024764],[-66.905108,18.026523],[-66.900587,18.026283],[-66.900492,18.024408],[-66.895027,18.023247],[-66.893688,18.025579],[-66.889951,18.023547],[-66.887969,18.024532],[-66.884653,18.024816],[-66.887018,18.03021],[-66.887484,18.034075],[-66.890801,18.03544],[-66.894181,18.03477],[-66.895742,18.036715],[-66.901033,18.039854],[-66.898861,18.04242],[-66.898472,18.044242],[-66.901253,18.051007],[-66.9027,18.052939],[-66.904172,18.059919],[-66.9036,18.06231],[-66.906192,18.062273],[-66.909108,18.064945],[-66.910172,18.072213],[-66.912871,18.074765],[-66.913145,18.081604],[-66.914165,18.084736],[-66.915727,18.08589],[-66.918565,18.0896],[-66.919509,18.092775],[-66.918667,18.09464],[-66.916016,18.096017],[-66.915871,18.09985],[-66.917565,18.102378],[-66.920394,18.103184],[-66.919962,18.105199],[-66.917769,18.106605],[-66.914742,18.106993],[-66.913906,18.110635],[-66.911717,18.113093],[-66.913377,18.115104],[-66.913255,18.120709],[-66.913724,18.123314],[-66.916319,18.124773],[-66.917843,18.133224],[-66.919698,18.134781],[-66.92048,18.138704],[-66.924647,18.142696],[-66.925664,18.145875],[-66.925139,18.147199],[-66.926517,18.151267]]]},"properties":{"shapeName":"Sabana Grande","shapeISO":"32010507B75385712317101","shapeGroup":"PRI","shapeType":"ADM2","src_shape_id":"32010507B75385712317101"}},
{"type":"Feature","geometry":{"type":"Polygon","coordinates":[[[-65.942429,18.293469],[-65.948375,18.294302],[-65.95026,18.295507],[-65.95376,18.294482],[-65.957815,18.296735],[-65.960835,18.300055],[-65.963024,18.299866],[-65.96628,18.305424],[-65.968706,18.308202],[-65.967659,18.309661],[-65.972464,18.310338],[-65.98406,18.310825],[-65.986059,18.311183],[-65.988794,18.309917],[-65.991789,18.30948],[-65.99526,18.30664],[-65.997175,18.306089],[-66.00099,18.307487],[-66.002801,18.306397],[-66.009378,18.305205],[-66.012749,18.307318],[-66.015252,18.307514],[-66.016482,18.308734],[-66.020194,18.307536],[-66.021747,18.305034],[-66.023696,18.303338],[-66.02718,18.304071],[-66.029736,18.302644],[-66.030724,18.299778],[-66.027591,18.297967],[-66.028042,18.294868],[-66.029894,18.29087],[-66.029186,18.28913],[-66.02603,18.286393],[-66.021024,18.285973],[-66.017673,18.284702],[-66.017003,18.281207],[-66.012758,18.280314],[-66.008443,18.278279],[-66.008033,18.276819],[-66.008677,18.27191],[-66.009641,18.268886],[-66.007509,18.267756],[-66.00801,18.266173],[-66.013971,18.264706],[-66.013689,18.260477],[-66.010983,18.253598],[-66.010757,18.250372],[-66.013403,18.247734],[-66.014561,18.244761],[-66.011733,18.241563],[-66.009461,18.241051],[-66.008264,18.23817],[-66.008077,18.233701],[-66.009439,18.230846],[-66.013473,18.227591],[-66.013676,18.225379],[-66.010766,18.221065],[-66.004794,18.218609],[-66.000669,18.218898],[-65.999442,18.21792],[-66.000164,18.214334],[-66.000311,18.209792],[-65.99765,18.206992],[-65.994,18.20858],[-65.993573,18.21052],[-65.991888,18.211788],[-65.990556,18.217943],[-65.989757,18.219617],[-65.986932,18.220721],[-65.981952,18.220566],[-65.980422,18.226068],[-65.971832,18.229101],[-65.966672,18.228655],[-65.964062,18.229117],[-65.958805,18.229073],[-65.956045,18.228492],[-65.951019,18.229292],[-65.949335,18.231723],[-65.944238,18.233003],[-65.941535,18.232252],[-65.939473,18.234118],[-65.942573,18.23703],[-65.943021,18.239355],[-65.946135,18.241253],[-65.948041,18.241372],[-65.948435,18.243234],[-65.946011,18.244275],[-65.945415,18.249179],[-65.946231,18.252403],[-65.943111,18.252688],[-65.940848,18.250269],[-65.936305,18.259319],[-65.934145,18.262328],[-65.927803,18.267345],[-65.924347,18.269344],[-65.91958,18.269401],[-65.918535,18.27013],[-65.924233,18.27271],[-65.923306,18.274734],[-65.928399,18.276884],[-65.935419,18.28267],[-65.935945,18.284162],[-65.939296,18.286771],[-65.93908,18.288454],[-65.942429,18.293469]]]},"properties":{"shapeName":"Gurabo","shapeISO":"32010507B33566817880086","shapeGroup":"PRI","shapeType":"ADM2","src_shape_id":"32010507B33566817880086"}},
{"type":"Feature","geometry":{"type":"Polygon","coordinates":[[[-67.037935,18.289705],[-67.039398,18.287639],[-67.039204,18.285583],[-67.040853,18.281837],[-67.039581,18.279826],[-67.04074,18.276712],[-67.040245,18.27207],[-67.042067,18.27082],[-67.045482,18.270786],[-67.049004,18.268898],[-67.051784,18.268381],[-67.053636,18.266215],[-67.058739,18.269029],[-67.061828,18.270082],[-67.064834,18.261549],[-67.072237,18.254609],[-67.074297,18.254539],[-67.076207,18.257736],[-67.078914,18.258868],[-67.082002,18.254946],[-67.078873,18.252706],[-67.075447,18.24854],[-67.074171,18.247858],[-67.071121,18.248902],[-67.067437,18.24635],[-67.066438,18.247399],[-67.061818,18.244856],[-67.057361,18.246141],[-67.055921,18.245357],[-67.056916,18.242729],[-67.056605,18.240015],[-67.054863,18.239669],[-67.052876,18.237105],[-67.051356,18.233504],[-67.052088,18.230601],[-67.050354,18.227478],[-67.046921,18.226625],[-67.045964,18.224582],[-67.040772,18.223635],[-67.038063,18.221605],[-67.037063,18.219835],[-67.032965,18.218086],[-67.033163,18.208305],[-67.031014,18.209048],[-67.027784,18.208506],[-67.025137,18.205596],[-67.0189,18.204271],[-67.020691,18.198266],[-67.019836,18.195471],[-67.003803,18.193501],[-67.002658,18.195902],[-67.000665,18.1976],[-66.995761,18.197519],[-66.990936,18.2004],[-66.98899,18.205448],[-66.986673,18.204933],[-66.979625,18.20684],[-66.977474,18.207773],[-66.973487,18.205087],[-66.970213,18.204746],[-66.969111,18.206597],[-66.96185,18.205736],[-66.958076,18.20427],[-66.959006,18.201964],[-66.956982,18.200334],[-66.953063,18.200037],[-66.950873,18.201598],[-66.94591,18.201427],[-66.94586,18.199371],[-66.942184,18.198608],[-66.914912,18.192082],[-66.897964,18.187744],[-66.91163,18.228303],[-66.912859,18.233009],[-66.910752,18.239525],[-66.90897,18.241757],[-66.907022,18.245945],[-66.90763,18.247519],[-66.906789,18.250475],[-66.907236,18.25309],[-66.908541,18.252072],[-66.912719,18.254316],[-66.918122,18.255877],[-66.919298,18.25914],[-66.922551,18.257557],[-66.924707,18.260425],[-66.930288,18.258553],[-66.927949,18.256943],[-66.928824,18.254263],[-66.932474,18.253744],[-66.933482,18.258664],[-66.93839,18.258788],[-66.938607,18.261862],[-66.93975,18.26256],[-66.942008,18.260293],[-66.942632,18.263312],[-66.940974,18.265336],[-66.944078,18.268245],[-66.945032,18.271658],[-66.94623,18.273293],[-66.947945,18.271521],[-66.946388,18.268764],[-66.948204,18.266758],[-66.949703,18.266777],[-66.950731,18.269631],[-66.953738,18.271544],[-66.956729,18.272127],[-66.960558,18.27119],[-66.961437,18.270199],[-66.96508,18.271262],[-66.965228,18.265987],[-66.967247,18.26363],[-66.969384,18.263635],[-66.970434,18.26862],[-66.973,18.273887],[-66.977233,18.274836],[-66.979645,18.276001],[-66.983036,18.274544],[-66.986819,18.27501],[-66.989383,18.276851],[-66.994251,18.275707],[-66.998217,18.277561],[-67.001791,18.276169],[-67.00566,18.27911],[-67.011587,18.278703],[-67.013059,18.27933],[-67.015747,18.277212],[-67.018443,18.276982],[-67.020031,18.280442],[-67.023878,18.281474],[-67.025958,18.278787],[-67.029105,18.278915],[-67.030263,18.281006],[-67.032805,18.282072],[-67.037,18.280403],[-67.039291,18.28263],[-67.038117,18.284155],[-67.034267,18.284717],[-67.03286,18.285648],[-67.031192,18.289148],[-67.032877,18.289944],[-67.036199,18.287975],[-67.037935,18.289705]]]},"properties":{"shapeName":"Las Marías","shapeISO":"32010507B72195961791628","shapeGroup":"PRI","shapeType":"ADM2","src_shape_id":"32010507B72195961791628"}},
{"type":"Feature","geometry":{"type":"Polygon","coordinates":[[[-66.036526,18.450249],[-66.038535,18.454595],[-66.04828,18.453242],[-66.054222,18.455046],[-66.059213,18.454595],[-66.065155,18.457751],[-66.071335,18.457751],[-66.077515,18.460456],[-66.082981,18.463387],[-66.085358,18.46722],[-66.088686,18.468122],[-66.093439,18.466769],[-66.098509,18.46598],[-66.103264,18.467665],[-66.113531,18.468885],[-66.12403,18.471557],[-66.124305,18.468075],[-66.119517,18.465062],[-66.117601,18.460643],[-66.115915,18.460455],[-66.115281,18.463304],[-66.111087,18.463938],[-66.10444,18.462864],[-66.104545,18.459645],[-66.106551,18.456319],[-66.101179,18.451763],[-66.093427,18.446963],[-66.087287,18.448381],[-66.081664,18.443825],[-66.081927,18.439523],[-66.085682,18.440011],[-66.107757,18.427517],[-66.099409,18.419351],[-66.097865,18.416424],[-66.099687,18.414025],[-66.099813,18.412005],[-66.094981,18.40582],[-66.095164,18.403031],[-66.09768,18.40075],[-66.100617,18.401912],[-66.106371,18.401921],[-66.108615,18.398756],[-66.107865,18.396761],[-66.107884,18.38826],[-66.105872,18.386577],[-66.104761,18.384161],[-66.106303,18.382581],[-66.102217,18.379662],[-66.100016,18.379908],[-66.095207,18.377877],[-66.09415,18.376398],[-66.090329,18.374734],[-66.092437,18.372265],[-66.092331,18.369406],[-66.089948,18.366204],[-66.091874,18.36377],[-66.088351,18.35714],[-66.089653,18.356305],[-66.092368,18.356634],[-66.095457,18.35548],[-66.098239,18.350844],[-66.097669,18.349514],[-66.098057,18.344875],[-66.099667,18.342625],[-66.097841,18.340544],[-66.095199,18.339496],[-66.094931,18.337611],[-66.092586,18.337645],[-66.089805,18.335245],[-66.087582,18.334611],[-66.08676,18.333045],[-66.088458,18.330137],[-66.087387,18.328275],[-66.088854,18.322055],[-66.087853,18.317683],[-66.085089,18.316316],[-66.084711,18.312592],[-66.083037,18.310321],[-66.082397,18.306788],[-66.083235,18.305083],[-66.085525,18.303988],[-66.085147,18.300507],[-66.082177,18.300109],[-66.080475,18.297295],[-66.07722,18.296608],[-66.072971,18.29776],[-66.069557,18.301232],[-66.066103,18.303321],[-66.062759,18.302511],[-66.05739,18.302373],[-66.056503,18.304528],[-66.051922,18.302918],[-66.048466,18.297648],[-66.045336,18.299418],[-66.047923,18.302725],[-66.047827,18.306885],[-66.04692,18.309408],[-66.044836,18.311493],[-66.041535,18.312344],[-66.041053,18.315395],[-66.03756,18.317321],[-66.035499,18.31984],[-66.036438,18.323052],[-66.035364,18.325905],[-66.03596,18.327913],[-66.035036,18.330037],[-66.034938,18.333469],[-66.033663,18.335236],[-66.03554,18.342923],[-66.036788,18.3456],[-66.036418,18.348239],[-66.034512,18.352182],[-66.034526,18.353925],[-66.032505,18.355701],[-66.034571,18.357098],[-66.034188,18.362262],[-66.035015,18.36424],[-66.035557,18.368455],[-66.031998,18.373256],[-66.025286,18.379803],[-66.017461,18.378346],[-66.009398,18.379676],[-66.006887,18.378892],[-66.003417,18.379053],[-65.999556,18.380065],[-66.002804,18.384877],[-66.003527,18.388351],[-66.002926,18.394824],[-65.997995,18.395346],[-65.997127,18.39683],[-65.991427,18.398484],[-65.991766,18.403603],[-65.99292,18.407106],[-65.999956,18.410346],[-66.003755,18.411226],[-66.008962,18.413743],[-66.012466,18.417286],[-66.019988,18.419877],[-66.02381,18.423084],[-66.029551,18.427223],[-66.031406,18.431593],[-66.03272,18.436691],[-66.035878,18.439285],[-66.039191,18.440822],[-66.042969,18.444174],[-66.040448,18.44653],[-66.038248,18.446367],[-66.036526,18.450249]]]},"properties":{"shapeName":"San Juan","shapeISO":"32010507B17072559885930","shapeGroup":"PRI","shapeType":"ADM2","src_shape_id":"32010507B17072559885930"}},
{"type":"Feature","geometry":{"type":"Polygon","coordinates":[[[-66.69407,18.130534],[-66.700298,18.130928],[-66.702752,18.128741],[-66.704887,18.129695],[-66.709333,18.129071],[-66.712442,18.129653],[-66.713595,18.132105],[-66.717164,18.131519],[-66.717671,18.128343],[-66.72138,18.125493],[-66.722238,18.123865],[-66.724866,18.121746],[-66.725804,18.119187],[-66.725182,18.116794],[-66.727526,18.113034],[-66.731774,18.112008],[-66.739502,18.117591],[-66.746489,18.115787],[-66.749618,18.113664],[-66.752928,18.117087],[-66.757148,18.123931],[-66.756755,18.125215],[-66.762818,18.131874],[-66.76653,18.134873],[-66.769049,18.134983],[-66.769155,18.13101],[-66.767956,18.129194],[-66.76875,18.127607],[-66.765092,18.122595],[-66.764041,18.116747],[-66.761843,18.11399],[-66.760966,18.111611],[-66.762821,18.1106],[-66.765905,18.106632],[-66.764983,18.101441],[-66.76715,18.096632],[-66.767787,18.093164],[-66.76969,18.087833],[-66.769155,18.085213],[-66.765884,18.082197],[-66.765919,18.077994],[-66.766538,18.074705],[-66.767925,18.073613],[-66.76891,18.070603],[-66.76671,18.062903],[-66.769504,18.059069],[-66.768753,18.056077],[-66.766482,18.052079],[-66.766425,18.050354],[-66.768072,18.049159],[-66.767956,18.045853],[-66.767045,18.044811],[-66.766097,18.039857],[-66.765131,18.03898],[-66.763166,18.044301],[-66.762964,18.046997],[-66.761492,18.047862],[-66.75945,18.051888],[-66.757424,18.053548],[-66.75564,18.056235],[-66.753962,18.052551],[-66.753517,18.049552],[-66.746599,18.044764],[-66.743652,18.04587],[-66.738173,18.044853],[-66.73629,18.042404],[-66.739186,18.03954],[-66.738287,18.036803],[-66.739897,18.035268],[-66.74172,18.030531],[-66.739897,18.029098],[-66.736121,18.022515],[-66.734223,18.020529],[-66.732995,18.017494],[-66.734528,18.014304],[-66.73765,18.013354],[-66.739833,18.014235],[-66.748822,18.010752],[-66.751373,18.006582],[-66.752053,18.001915],[-66.754288,17.999101],[-66.761629,17.998189],[-66.758467,17.995181],[-66.756566,17.991112],[-66.757041,17.986139],[-66.762745,17.984104],[-66.762745,17.980713],[-66.758467,17.97687],[-66.756566,17.975739],[-66.754427,17.976644],[-66.753951,17.982296],[-66.751337,17.986817],[-66.746345,17.989756],[-66.741116,17.990208],[-66.736125,17.989756],[-66.732322,17.99179],[-66.726618,17.99179],[-66.719963,17.990208],[-66.71307,17.987269],[-66.707841,17.983652],[-66.700711,17.978],[-66.69914,17.97747],[-66.698097,17.981617],[-66.693203,17.983328],[-66.691778,17.985012],[-66.691964,17.98684],[-66.688818,17.988359],[-66.686768,17.991486],[-66.689267,17.994045],[-66.687817,17.998414],[-66.689533,18.000602],[-66.690022,18.003736],[-66.689138,18.007357],[-66.687859,18.00963],[-66.688176,18.013355],[-66.686494,18.016031],[-66.686971,18.021125],[-66.689008,18.027648],[-66.689853,18.036041],[-66.689446,18.040257],[-66.685942,18.045486],[-66.685514,18.047329],[-66.687759,18.053009],[-66.685103,18.058894],[-66.684408,18.065014],[-66.682309,18.066288],[-66.679328,18.072408],[-66.680718,18.074786],[-66.67939,18.081123],[-66.680203,18.082103],[-66.678387,18.084757],[-66.678078,18.088758],[-66.676835,18.090626],[-66.679366,18.094662],[-66.679221,18.097888],[-66.678124,18.099953],[-66.679249,18.104557],[-66.684568,18.112033],[-66.684467,18.118586],[-66.688383,18.122696],[-66.688714,18.124287],[-66.692089,18.125629],[-66.69407,18.130534]]]},"properties":{"shapeName":"Peñuelas","shapeISO":"32010507B14079989067624","shapeGroup":"PRI","shapeType":"ADM2","src_shape_id":"32010507B14079989067624"}},
{"type":"Feature","geometry":{"type":"Polygon","coordinates":[[[-66.349682,18.483739],[-66.354174,18.485705],[-66.360116,18.485705],[-66.36582,18.484803],[-66.372475,18.487734],[-66.378417,18.488185],[-66.380081,18.484578],[-66.382458,18.484578],[-66.386023,18.487057],[-66.390539,18.488635],[-66.395768,18.492016],[-66.399095,18.492693],[-66.404562,18.488861],[-66.412405,18.489312],[-66.41906,18.48841],[-66.429518,18.487959],[-66.438813,18.485714],[-66.439594,18.458669],[-66.439916,18.451164],[-66.439027,18.447339],[-66.438735,18.442164],[-66.440179,18.439238],[-66.440422,18.429662],[-66.439413,18.410366],[-66.440263,18.406347],[-66.441981,18.402142],[-66.448138,18.391501],[-66.448989,18.387214],[-66.446709,18.383848],[-66.44529,18.380314],[-66.445566,18.375604],[-66.4438,18.371027],[-66.440472,18.372223],[-66.436314,18.370939],[-66.428235,18.370682],[-66.425268,18.374985],[-66.421864,18.377808],[-66.417163,18.377482],[-66.417113,18.374359],[-66.415903,18.373005],[-66.403774,18.364818],[-66.401622,18.365405],[-66.400819,18.367992],[-66.396614,18.370252],[-66.395245,18.370155],[-66.39221,18.365865],[-66.388671,18.362203],[-66.390382,18.360933],[-66.388898,18.353223],[-66.387172,18.349776],[-66.385925,18.344734],[-66.384364,18.344569],[-66.381496,18.342508],[-66.377058,18.344246],[-66.378134,18.347548],[-66.37635,18.350192],[-66.376061,18.354936],[-66.373082,18.357921],[-66.372682,18.360561],[-66.373934,18.362772],[-66.373532,18.365721],[-66.37238,18.367741],[-66.373243,18.371937],[-66.372083,18.373005],[-66.369781,18.381691],[-66.366364,18.385154],[-66.364558,18.388052],[-66.360186,18.406972],[-66.358898,18.421032],[-66.354296,18.425549],[-66.350956,18.426405],[-66.347835,18.42886],[-66.351316,18.430577],[-66.353184,18.430471],[-66.351837,18.438089],[-66.350644,18.44282],[-66.348339,18.447708],[-66.348918,18.460701],[-66.349682,18.483739]]]},"properties":{"shapeName":"Vega Baja","shapeISO":"32010507B42725289573863","shapeGroup":"PRI","shapeType":"ADM2","src_shape_id":"32010507B42725289573863"}},
{"type":"Feature","geometry":{"type":"Polygon","coordinates":[[[-66.533623,18.351333],[-66.533238,18.356682],[-66.533992,18.360983],[-66.531535,18.364674],[-66.531178,18.377132],[-66.531591,18.378319],[-66.530964,18.386033],[-66.533716,18.387413],[-66.533976,18.390042],[-66.535482,18.39189],[-66.535677,18.393907],[-66.537679,18.394983],[-66.537983,18.397814],[-66.539644,18.398758],[-66.54096,18.402331],[-66.543079,18.405422],[-66.547199,18.404926],[-66.550843,18.406387],[-66.553101,18.411643],[-66.558868,18.411918],[-66.564313,18.413309],[-66.5704,18.411224],[-66.573344,18.407056],[-66.574973,18.406403],[-66.575711,18.400658],[-66.578249,18.398461],[-66.578844,18.394958],[-66.582614,18.395609],[-66.583546,18.391244],[-66.582868,18.389499],[-66.588181,18.389408],[-66.588778,18.386358],[-66.588008,18.383914],[-66.588189,18.380671],[-66.589194,18.377711],[-66.588305,18.37414],[-66.582374,18.374238],[-66.583014,18.363218],[-66.585172,18.359211],[-66.588291,18.355893],[-66.587078,18.353144],[-66.588916,18.351229],[-66.589766,18.348659],[-66.588909,18.346899],[-66.590785,18.33806],[-66.587874,18.339148],[-66.586087,18.337308],[-66.581616,18.340497],[-66.580528,18.340197],[-66.573822,18.342517],[-66.569882,18.340772],[-66.565168,18.340849],[-66.563001,18.342913],[-66.561052,18.340666],[-66.558696,18.341823],[-66.556678,18.341146],[-66.551958,18.341249],[-66.546745,18.34243],[-66.545224,18.343492],[-66.53973,18.344392],[-66.537105,18.346335],[-66.536173,18.348762],[-66.533623,18.351333]]]},"properties":{"shapeName":"Florida","shapeISO":"32010507B91189931708887","shapeGroup":"PRI","shapeType":"ADM2","src_shape_id":"32010507B91189931708887"}},
{"type":"Feature","geometry":{"type":"Polygon","coordinates":[[[-67.027173,18.393376],[-67.045482,18.432329],[-67.052813,18.448354],[-67.056507,18.460954],[-67.07417,18.456777],[-67.074355,18.451804],[-67.075765,18.451858],[-67.076966,18.446086],[-67.083387,18.444872],[-67.083971,18.442935],[-67.087419,18.441409],[-67.086708,18.438639],[-67.089263,18.439176],[-67.093043,18.436476],[-67.098312,18.437482],[-67.120037,18.415227],[-67.1255,18.409225],[-67.124549,18.407907],[-67.123745,18.403904],[-67.12738,18.396392],[-67.13221,18.389391],[-67.13111,18.381342],[-67.129443,18.377599],[-67.130838,18.375315],[-67.130687,18.373003],[-67.126434,18.371203],[-67.127378,18.367395],[-67.128629,18.365545],[-67.127332,18.360587],[-67.128124,18.353859],[-67.131525,18.350897],[-67.131719,18.348606],[-67.134515,18.346514],[-67.133028,18.340682],[-67.131865,18.340134],[-67.130979,18.335065],[-67.134138,18.330531],[-67.130389,18.325143],[-67.130167,18.317927],[-67.12685,18.318906],[-67.125967,18.322011],[-67.123669,18.321889],[-67.121402,18.32396],[-67.117723,18.32257],[-67.116447,18.323401],[-67.113883,18.322553],[-67.111353,18.320769],[-67.105554,18.318765],[-67.101416,18.318523],[-67.099954,18.319677],[-67.078111,18.312952],[-67.071348,18.3126],[-67.063469,18.311563],[-67.057021,18.308138],[-67.052583,18.306655],[-67.044285,18.316588],[-67.042724,18.320404],[-67.041366,18.321255],[-67.041309,18.323828],[-67.037184,18.326319],[-67.035934,18.329559],[-67.036683,18.333382],[-67.040412,18.33491],[-67.039648,18.337333],[-67.043328,18.342052],[-67.043183,18.343584],[-67.045474,18.348403],[-67.048243,18.348661],[-67.047079,18.35391],[-67.043566,18.354272],[-67.041377,18.359972],[-67.041377,18.362321],[-67.038979,18.366919],[-67.040217,18.368723],[-67.039338,18.371981],[-67.036699,18.379058],[-67.037212,18.38095],[-67.034295,18.38133],[-67.032596,18.386181],[-67.03012,18.387323],[-67.027173,18.393376]]]},"properties":{"shapeName":"Moca","shapeISO":"32010507B73716222823884","shapeGroup":"PRI","shapeType":"ADM2","src_shape_id":"32010507B73716222823884"}},
{"type":"Feature","geometry":{"type":"MultiPolygon","coordinates":[[[[-66.137412,18.472215],[-66.137294,18.466622],[-66.13556,18.466571],[-66.134534,18.472133],[-66.137412,18.472215]]],[[[-66.19698,18.389289],[-66.195691,18.391555],[-66.197081,18.393922],[-66.195364,18.396959],[-66.19756,18.404072],[-66.196878,18.405367],[-66.197657,18.407975],[-66.196777,18.411076],[-66.198263,18.413828],[-66.193929,18.418735],[-66.191283,18.418329],[-66.187581,18.419555],[-66.185319,18.421542],[-66.18024,18.421359],[-66.177561,18.419301],[-66.172653,18.42105],[-66.17272,18.422217],[-66.169725,18.425704],[-66.169516,18.430998],[-66.170306,18.433869],[-66.167697,18.434892],[-66.165214,18.437338],[-66.16381,18.441655],[-66.16363,18.44511],[-66.162311,18.447663],[-66.158403,18.445909],[-66.157127,18.447301],[-66.153879,18.445796],[-66.149124,18.45058],[-66.143159,18.461075],[-66.139593,18.462331],[-66.140537,18.464329],[-66.144619,18.462421],[-66.14661,18.45927],[-66.152635,18.454177],[-66.162081,18.450699],[-66.173021,18.450952],[-66.183702,18.459465],[-66.185565,18.466766],[-66.184271,18.47213],[-66.183048,18.473824],[-66.185795,18.474737],[-66.188354,18.467897],[-66.193968,18.465797],[-66.198941,18.466607],[-66.199313,18.464974],[-66.203727,18.463642],[-66.205851,18.463628],[-66.209657,18.465242],[-66.212723,18.465596],[-66.214605,18.465],[-66.218368,18.462214],[-66.224631,18.458594],[-66.231099,18.453832],[-66.230778,18.450364],[-66.233526,18.450374],[-66.235564,18.452685],[-66.238654,18.454817],[-66.241471,18.455706],[-66.244311,18.454852],[-66.247761,18.451411],[-66.251812,18.451617],[-66.253973,18.454311],[-66.256545,18.453495],[-66.257999,18.45514],[-66.259003,18.451039],[-66.258916,18.448239],[-66.257234,18.446459],[-66.259176,18.442571],[-66.255438,18.440588],[-66.258212,18.436041],[-66.257593,18.431153],[-66.261382,18.430837],[-66.264315,18.42654],[-66.262226,18.423282],[-66.264323,18.420579],[-66.263655,18.416759],[-66.261863,18.414537],[-66.260644,18.417039],[-66.257538,18.416251],[-66.255931,18.412069],[-66.260037,18.41027],[-66.258548,18.407864],[-66.257554,18.404625],[-66.257349,18.397508],[-66.252554,18.394187],[-66.250975,18.395534],[-66.246866,18.395928],[-66.244279,18.394761],[-66.241933,18.396917],[-66.24052,18.397019],[-66.234345,18.401464],[-66.232501,18.400995],[-66.19698,18.389289]]]]},"properties":{"shapeName":"Toa Baja","shapeISO":"32010507B67187557196313","shapeGroup":"PRI","shapeType":"ADM2","src_shape_id":"32010507B67187557196313"}},
{"type":"Feature","geometry":{"type":"Polygon","coordinates":[[[-67.109044,18.056085],[-67.106751,18.056214],[-67.101862,18.057972],[-67.095522,18.060815],[-67.092581,18.060308],[-67.088044,18.061197],[-67.084867,18.059079],[-67.081965,18.061705],[-67.080038,18.061326],[-67.077565,18.063391],[-67.073786,18.062617],[-67.068517,18.066141],[-67.065585,18.06414],[-67.061251,18.064191],[-67.055481,18.06301],[-67.052466,18.064897],[-67.049905,18.063313],[-67.043794,18.061763],[-67.037119,18.058655],[-67.033283,18.058091],[-67.027168,18.058789],[-67.025532,18.06099],[-67.018018,18.058491],[-67.013082,18.057545],[-67.011594,18.059013],[-67.009654,18.058943],[-67.00787,18.060227],[-67.004814,18.058078],[-67.002127,18.055119],[-66.998777,18.054703],[-66.992329,18.052483],[-66.990241,18.054168],[-66.983337,18.052518],[-66.98187,18.056438],[-66.980971,18.078196],[-66.982256,18.082222],[-66.982448,18.086217],[-66.983577,18.088383],[-66.9832,18.095239],[-66.984089,18.101725],[-66.98504,18.103164],[-66.983535,18.105583],[-66.984134,18.106966],[-66.981358,18.111197],[-66.981618,18.11283],[-66.980081,18.115844],[-66.979262,18.121237],[-66.977072,18.124509],[-66.972981,18.127009],[-66.97085,18.127632],[-66.970369,18.131898],[-66.971757,18.138726],[-66.974839,18.142502],[-66.977855,18.143799],[-66.979974,18.144502],[-66.981264,18.146345],[-66.985574,18.149245],[-66.987838,18.149612],[-66.989456,18.148581],[-66.991302,18.150903],[-66.992896,18.150781],[-66.995149,18.155482],[-66.999622,18.157265],[-67.002329,18.156849],[-67.005324,18.157507],[-67.007034,18.159005],[-67.0096,18.158915],[-67.00981,18.160784],[-67.012377,18.162419],[-67.013844,18.165874],[-67.018026,18.165214],[-67.021409,18.166075],[-67.024143,18.165558],[-67.02994,18.16746],[-67.036882,18.168522],[-67.040732,18.168513],[-67.044337,18.169449],[-67.047487,18.171129],[-67.04908,18.173452],[-67.051461,18.174053],[-67.054019,18.172034],[-67.057309,18.173292],[-67.05946,18.172089],[-67.061059,18.173737],[-67.063646,18.172076],[-67.064846,18.172962],[-67.072604,18.172948],[-67.078486,18.16755],[-67.082144,18.168073],[-67.085706,18.162978],[-67.084067,18.159435],[-67.087298,18.155549],[-67.086359,18.149829],[-67.084016,18.148186],[-67.085992,18.144281],[-67.088032,18.146232],[-67.087163,18.148527],[-67.089319,18.148958],[-67.092485,18.146314],[-67.09093,18.14246],[-67.093114,18.142785],[-67.09273,18.13736],[-67.09415,18.1349],[-67.091026,18.132042],[-67.092544,18.127255],[-67.092119,18.125369],[-67.0859,18.12112],[-67.083684,18.119045],[-67.077898,18.116032],[-67.077937,18.112963],[-67.081076,18.111291],[-67.079048,18.110264],[-67.08105,18.106715],[-67.086815,18.106452],[-67.087261,18.105523],[-67.091117,18.104954],[-67.093315,18.106735],[-67.09726,18.107303],[-67.100492,18.106395],[-67.102571,18.10361],[-67.10277,18.099439],[-67.104044,18.098804],[-67.103981,18.094749],[-67.103132,18.092044],[-67.10472,18.090089],[-67.104766,18.085394],[-67.105856,18.084012],[-67.104757,18.081525],[-67.106123,18.079693],[-67.105566,18.073861],[-67.101267,18.074203],[-67.098626,18.071374],[-67.09912,18.067358],[-67.103198,18.065741],[-67.104589,18.063248],[-67.10711,18.06178],[-67.109044,18.056085]]]},"properties":{"shapeName":"San Germán","shapeISO":"32010507B44684662227535","shapeGroup":"PRI","shapeType":"ADM2","src_shape_id":"32010507B44684662227535"}},
{"type":"Feature","geometry":{"type":"Polygon","coordinates":[[[-66.455703,18.257726],[-66.452063,18.256112],[-66.450446,18.256809],[-66.444497,18.257539],[-66.442043,18.259117],[-66.438835,18.256181],[-66.435778,18.256704],[-66.429136,18.260636],[-66.409431,18.26331],[-66.398213,18.26893],[-66.392796,18.273325],[-66.390046,18.27413],[-66.38872,18.276827],[-66.386392,18.283953],[-66.384896,18.286438],[-66.384028,18.290797],[-66.377712,18.293976],[-66.375561,18.298102],[-66.375905,18.300048],[-66.37302,18.302763],[-66.372457,18.309835],[-66.368594,18.321739],[-66.365272,18.333229],[-66.36713,18.335119],[-66.371131,18.337902],[-66.371731,18.340491],[-66.374295,18.342625],[-66.37472,18.344189],[-66.377058,18.344246],[-66.381496,18.342508],[-66.384364,18.344569],[-66.385925,18.344734],[-66.387172,18.349776],[-66.388898,18.353223],[-66.390382,18.360933],[-66.388671,18.362203],[-66.39221,18.365865],[-66.395245,18.370155],[-66.396614,18.370252],[-66.400819,18.367992],[-66.401622,18.365405],[-66.403774,18.364818],[-66.415903,18.373005],[-66.417113,18.374359],[-66.417163,18.377482],[-66.421864,18.377808],[-66.425268,18.374985],[-66.428235,18.370682],[-66.436314,18.370939],[-66.440472,18.372223],[-66.4438,18.371027],[-66.451578,18.372214],[-66.459029,18.371249],[-66.463211,18.371473],[-66.464411,18.36089],[-66.464005,18.359842],[-66.465142,18.352237],[-66.462894,18.346815],[-66.460037,18.343484],[-66.454289,18.332654],[-66.454542,18.313039],[-66.453368,18.309318],[-66.456058,18.304568],[-66.454837,18.300674],[-66.457055,18.300128],[-66.458084,18.303284],[-66.461474,18.3006],[-66.461234,18.299146],[-66.458574,18.297155],[-66.459773,18.295255],[-66.458169,18.292045],[-66.460969,18.288984],[-66.462496,18.284833],[-66.464589,18.28275],[-66.461718,18.28191],[-66.460454,18.278548],[-66.462503,18.275323],[-66.460756,18.273584],[-66.462106,18.271956],[-66.459128,18.26857],[-66.459948,18.264786],[-66.459137,18.263873],[-66.455195,18.263249],[-66.458628,18.259886],[-66.458175,18.258432],[-66.455703,18.257726]]]},"properties":{"shapeName":"Morovis","shapeISO":"32010507B35991649080507","shapeGroup":"PRI","shapeType":"ADM2","src_shape_id":"32010507B35991649080507"}},
{"type":"Feature","geometry":{"type":"Polygon","coordinates":[[[-66.052555,18.113069],[-66.051788,18.109878],[-66.044723,18.105252],[-66.042041,18.103839],[-66.038482,18.104087],[-66.037497,18.103091],[-66.028065,18.10157],[-66.022137,18.103174],[-66.019442,18.102576],[-66.017653,18.098822],[-66.015133,18.096619],[-66.012849,18.096415],[-66.013662,18.092839],[-66.016379,18.091742],[-66.016785,18.087605],[-66.018049,18.087142],[-66.019443,18.083723],[-66.018169,18.081463],[-66.014076,18.078709],[-66.013125,18.076249],[-66.010245,18.075565],[-66.00925,18.076205],[-66.004963,18.07597],[-66.003009,18.079066],[-65.99825,18.083635],[-65.99542,18.084838],[-65.994626,18.088444],[-65.993461,18.089744],[-65.990781,18.090134],[-65.989033,18.088931],[-65.985969,18.089812],[-65.984712,18.088501],[-65.982538,18.089971],[-65.980608,18.093543],[-65.978594,18.094834],[-65.973338,18.090883],[-65.965942,18.089119],[-65.964541,18.08711],[-65.962051,18.086497],[-65.960443,18.088778],[-65.958699,18.089089],[-65.955276,18.091859],[-65.952631,18.092959],[-65.950176,18.093037],[-65.94291,18.089243],[-65.941023,18.089423],[-65.939451,18.091808],[-65.929931,18.097688],[-65.930227,18.10071],[-65.928451,18.102016],[-65.928047,18.105324],[-65.92549,18.105424],[-65.924313,18.108106],[-65.926195,18.108637],[-65.925827,18.111829],[-65.927167,18.11622],[-65.925893,18.117836],[-65.926227,18.119963],[-65.927475,18.122146],[-65.925205,18.128812],[-65.925803,18.130044],[-65.924448,18.135673],[-65.921195,18.135947],[-65.920665,18.137823],[-65.922067,18.139161],[-65.92537,18.139833],[-65.928341,18.142845],[-65.927902,18.145066],[-65.928537,18.153478],[-65.932097,18.162181],[-65.929844,18.164113],[-65.931214,18.16824],[-65.930693,18.172238],[-65.931072,18.177891],[-65.927342,18.177307],[-65.927926,18.180098],[-65.927197,18.182052],[-65.929413,18.184627],[-65.927983,18.188771],[-65.928494,18.191172],[-65.929989,18.193079],[-65.929404,18.197433],[-65.93378,18.196376],[-65.939888,18.202777],[-65.947114,18.209045],[-65.947937,18.213073],[-65.951566,18.215569],[-65.950871,18.21874],[-65.951085,18.225222],[-65.949218,18.226474],[-65.951019,18.229292],[-65.956045,18.228492],[-65.958805,18.229073],[-65.964062,18.229117],[-65.966672,18.228655],[-65.971832,18.229101],[-65.980422,18.226068],[-65.981952,18.220566],[-65.986932,18.220721],[-65.989757,18.219617],[-65.990556,18.217943],[-65.991888,18.211788],[-65.993573,18.21052],[-65.994,18.20858],[-65.99765,18.206992],[-66.000504,18.201988],[-65.999975,18.196917],[-65.998146,18.195309],[-65.999613,18.188708],[-66.001045,18.188842],[-66.003855,18.185597],[-66.005262,18.186356],[-66.011319,18.18606],[-66.013344,18.181018],[-66.011979,18.178756],[-66.012831,18.176541],[-66.016831,18.176326],[-66.016433,18.174585],[-66.01795,18.171439],[-66.019538,18.170916],[-66.020137,18.168051],[-66.022256,18.166035],[-66.022058,18.163585],[-66.019977,18.158615],[-66.022014,18.156152],[-66.023013,18.153543],[-66.020283,18.144081],[-66.025149,18.138813],[-66.023852,18.136443],[-66.025901,18.133927],[-66.031581,18.132324],[-66.032883,18.129113],[-66.032831,18.125089],[-66.035101,18.121936],[-66.035651,18.119204],[-66.042679,18.114158],[-66.044402,18.114999],[-66.05,18.115259],[-66.052555,18.113069]]]},"properties":{"shapeName":"San Lorenzo","shapeISO":"32010507B65674201186595","shapeGroup":"PRI","shapeType":"ADM2","src_shape_id":"32010507B65674201186595"}}
]}