{"type":"FeatureCollection","bbox":[-141.0181,41.6844,-52.6358,83.1365],"features":[
{"type":"Feature","id":"CAN:ADM1:CA-NL","properties":{"shapeName":"Newfoundland and Labrador","shapeISO":"CA-NL","shapeType":"ADM1"},"geometry":{"type":"MultiPolygon","coordinates":[[[[-61.1902,56.8547],[-61.2465,56.8506],[-61.2239,56.8279],[-61.1902,56.8547]]],[[[-61.7822,57.6744],[-61.8197,57.6519],[-61.7767,57.6396],[-61.7822,57.6744]]],[[[-54.7865,47.2702],[-54.8296,47.2757],[-54.8219,47.2393],[-54.7865,47.2702]]],[[[-55.425,51.6419],[-55.456,51.6084],[-55.4118,51.6029],[-55.425,51.6419]]],[[[-61.711,57.5871],[-61.7556,57.565],[-61.6956,57.5512],[-61.6833,57.5648],[-61.711,57.5871]]],[[[-55.9085,52.5505],[-55.9773,52.5545],[-55.9576,52.5253],[-55.9085,52.5505]]],[[[-61.0289,55.9689],[-61.084,55.9791],[-61.0985,55.9569],[-61.0297,55.9546],[-61.0289,55.9689]]],[[[-61.2458,56.2236],[-61.291,56.2171],[-61.2792,56.1942],[-61.2278,56.2017],[-61.2458,56.2236]]],[[[-64.2627,60.1987],[-64.3023,60.1636],[-64.2693,60.1488],[-64.2375,60.1604],[-64.2627,60.1987]]],[[[-53.7434,48.9617],[-53.795,48.9727],[-53.8086,48.9444],[-53.7434,48.9617]]],[[[-54.1749,47.6248],[-54.238,47.5681],[-54.2102,47.5627],[-54.1773,47.6036],[-54.1749,47.6248]]],[[[-53.6967,48.8894],[-53.7721,48.8667],[-53.732,48.8569],[-53.6967,48.8894]]],[[[-61.0526,56.8969],[-61.0926,56.8888],[-61.0976,56.8693],[-61.0659,56.8507],[-61.0426,56.8692],[-61.0526,56.8969]]],[[[-59.3581,55.1455],[-59.3904,55.1275],[-59.4223,55.0909],[-59.3845,55.0867],[-59.3581,55.1455]]],[[[-61.2673,56.1162],[-61.3044,56.1236],[-61.3217,56.103],[-61.2727,56.0923],[-61.2673,56.1162]]],[[[-55.5867,52.2718],[-55.6285,52.2784],[-55.6533,52.2694],[-55.642,52.2437],[-55.6051,52.247],[-55.5867,52.2718]]],[[[-61.6763,57.6841],[-61.7345,57.6803],[-61.7341,57.6616],[-61.6799,57.6444],[-61.6763,57.6841]]],[[[-61.2649,56.157],[-61.2926,56.1287],[-61.2427,56.1147],[-61.2227,56.1336],[-61.2649,56.157]]],[[[-61.5463,57.4603],[-61.5725,57.4509],[-61.5572,57.4232],[-61.5232,57.4127],[-61.4998,57.4299],[-61.5464,57.4464],[-61.5463,57.4603]]],[[[-61.3648,56.4275],[-61.4167,56.4263],[-61.4227,56.4053],[-61.3343,56.3999],[-61.3648,56.4275]]],[[[-54.2237,47.7427],[-54.2427,47.7365],[-54.2562,47.6862],[-54.2053,47.7123],[-54.2237,47.7427]]],[[[-61.5809,56.4495],[-61.6506,56.4466],[-61.6423,56.4313],[-61.578,56.4192],[-61.5809,56.4495]]],[[[-61.6714,57.9277],[-61.7456,57.9105],[-61.6961,57.8907],[-61.6598,57.9164],[-61.6714,57.9277]]],[[[-53.6724,48.8155],[-53.7354,48.7995],[-53.712,48.7751],[-53.6683,48.7903],[-53.6724,48.8155]]],[[[-62.1829,58.0168],[-62.2331,58.0021],[-62.2293,57.9636],[-62.2113,57.9528],[-62.1608,57.9898],[-62.1829,58.0168]]],[[[-60.0244,55.3215],[-60.0846,55.3087],[-60.1197,55.287],[-60.0999,55.2623],[-60.0522,55.2815],[-60.0244,55.3215]]],[[[-61.4846,57.2887],[-61.5348,57.2638],[-61.4918,57.235],[-61.4565,57.27],[-61.4846,57.2887]]],[[[-61.5386,56.6517],[-61.6032,56.6522],[-61.6418,56.6216],[-61.6184,56.6112],[-61.5474,56.616],[-61.5825,56.637],[-61.5386,56.6517]]],[[[-55.7426,53.5195],[-55.8145,53.5304],[-55.8379,53.5145],[-55.7676,53.4873],[-55.736,53.4919],[-55.7426,53.5195]]],[[[-57.2111,50.8417],[-57.2508,50.8406],[-57.2766,50.8168],[-57.2497,50.7958],[-57.2056,50.8143],[-57.2111,50.8417]]],[[[-55.7319,50.2295],[-55.7662,50.2315],[-55.7961,50.2137],[-55.7578,50.1986],[-55.6997,50.198],[-55.7319,50.2295]]],[[[-61.1589,56.8576],[-61.204,56.8173],[-61.1396,56.8039],[-61.1364,56.8397],[-61.1589,56.8576]]],[[[-61.4225,56.2807],[-61.5236,56.287],[-61.5624,56.2648],[-61.4669,56.2575],[-61.4225,56.2807]]],[[[-54.1703,47.8474],[-54.1886,47.835],[-54.1909,47.7995],[-54.1418,47.8061],[-54.1429,47.8354],[-54.1703,47.8474]]],[[[-55.7141,52.5728],[-55.765,52.5787],[-55.7753,52.5614],[-55.7218,52.5426],[-55.7141,52.5728]]],[[[-61.1881,56.3861],[-61.2241,56.3813],[-61.2495,56.3622],[-61.348,56.3771],[-61.3378,56.3572],[-61.293,56.3433],[-61.2509,56.3483],[-61.1881,56.3861]]],[[[-60.8504,56.0202],[-60.954,55.9639],[-60.9033,55.9569],[-60.8372,55.9955],[-60.8504,56.0202]]],[[[-55.8801,47.3],[-55.9481,47.2805],[-55.8584,47.2565],[-55.8801,47.3]]],[[[-62.674,58.5728],[-62.7295,58.5674],[-62.7517,58.5402],[-62.7266,58.526],[-62.6576,58.5653],[-62.674,58.5728]]],[[[-63.0354,58.5571],[-63.0981,58.53],[-63.0915,58.5017],[-63.039,58.4939],[-63.019,58.5105],[-63.0354,58.5571]]],[[[-62.2112,57.5184],[-62.2559,57.5251],[-62.302,57.4873],[-62.2893,57.4683],[-62.2479,57.4698],[-62.2112,57.5184]]],[[[-55.7857,49.5894],[-55.7938,49.5677],[-55.843,49.5372],[-55.7953,49.5289],[-55.77,49.5462],[-55.7857,49.5894]]],[[[-55.7851,52.5521],[-55.8573,52.5682],[-55.8916,52.552],[-55.8695,52.5362],[-55.8211,52.527],[-55.7722,52.5311],[-55.7851,52.5521]]],[[[-55.8026,52.7675],[-55.8922,52.7785],[-55.8976,52.7527],[-55.8384,52.7264],[-55.8026,52.7675]]],[[[-53.6368,48.8715],[-53.6789,48.8712],[-53.7546,48.834],[-53.721,48.8142],[-53.6368,48.8715]]],[[[-54.3803,49.6728],[-54.4257,49.6107],[-54.4081,49.5886],[-54.3764,49.6335],[-54.3803,49.6728]]],[[[-61.439,56.5883],[-61.5418,56.5921],[-61.5242,56.5697],[-61.425,56.5594],[-61.439,56.5883]]],[[[-54.1462,47.4115],[-54.1853,47.4161],[-54.2153,47.3653],[-54.1864,47.3561],[-54.1491,47.373],[-54.1462,47.4115]]],[[[-60.3191,55.8452],[-60.3594,55.8391],[-60.4017,55.8099],[-60.3692,55.7955],[-60.2927,55.7976],[-60.3191,55.8452]]],[[[-55.5585,49.541],[-55.6598,49.5359],[-55.6485,49.5026],[-55.5628,49.5269],[-55.5585,49.541]]],[[[-55.7833,53.0156],[-55.8538,53.0063],[-55.8523,52.988],[-55.7932,52.9549],[-55.769,52.9968],[-55.7833,53.0156]]],[[[-60.3032,55.3859],[-60.3684,55.3387],[-60.3718,55.2814],[-60.3374,55.2938],[-60.3162,55.332],[-60.3032,55.3859]]],[[[-59.9588,55.3993],[-60.0052,55.3959],[-60.0625,55.3618],[-60.0963,55.3265],[-60.0646,55.3164],[-60.0402,55.3397],[-59.9944,55.3572],[-59.9923,55.3755],[-59.9588,55.3993]]],[[[-55.1723,49.3544],[-55.2068,49.2709],[-55.1673,49.2806],[-55.1402,49.307],[-55.1483,49.3341],[-55.1723,49.3544]]],[[[-52.9149,47.6551],[-52.9595,47.6515],[-53.018,47.6143],[-52.9846,47.5969],[-52.9145,47.6364],[-52.9149,47.6551]]],[[[-54.7129,49.6735],[-54.7602,49.672],[-54.7668,49.6183],[-54.7042,49.6053],[-54.721,49.6376],[-54.7129,49.6735]]],[[[-61.7401,56.4643],[-61.8536,56.4715],[-61.8909,56.4546],[-61.8444,56.4338],[-61.7141,56.4271],[-61.7527,56.4545],[-61.7401,56.4643]]],[[[-64.5171,60.3113],[-64.4491,60.2925],[-64.4465,60.3133],[-64.4747,60.3434],[-64.4306,60.3777],[-64.4914,60.3726],[-64.534,60.3411],[-64.5171,60.3113]]],[[[-58.6824,55.0052],[-58.7139,54.9984],[-58.7281,54.9304],[-58.6651,54.9115],[-58.6649,54.9913],[-58.6824,55.0052]]],[[[-57.0512,53.6976],[-57.1303,53.7062],[-57.1702,53.6571],[-57.096,53.6488],[-57.0832,53.6787],[-57.0512,53.6976]]],[[[-55.5803,49.5985],[-55.6127,49.5873],[-55.6738,49.6031],[-55.6753,49.6313],[-55.7269,49.6078],[-55.7313,49.5661],[-55.6203,49.5783],[-55.5803,49.5985]]],[[[-55.688,49.5612],[-55.7425,49.5619],[-55.757,49.5243],[-55.7346,49.4868],[-55.6684,49.5246],[-55.688,49.5612]]],[[[-54.0794,47.6953],[-54.0907,47.6754],[-54.0913,47.6287],[-54.107,47.6021],[-54.0977,47.586],[-54.1064,47.5537],[-54.0878,47.54],[-54.1035,47.5208],[-54.0801,47.5043],[-54.0624,47.5456],[-54.0912,47.58],[-54.0881,47.6099],[-54.063,47.6628],[-54.0794,47.6953]]],[[[-60.1289,55.3771],[-60.1909,55.3565],[-60.2205,55.3044],[-60.1933,55.2855],[-60.1371,55.3085],[-60.1242,55.3321],[-60.1289,55.3771]]],[[[-55.8567,47.7759],[-55.9251,47.7552],[-55.9754,47.7502],[-56.0036,47.7286],[-55.9867,47.7154],[-55.8995,47.7291],[-55.8567,47.7759]]],[[[-55.5506,50.9866],[-55.6382,50.9634],[-55.6327,50.9177],[-55.5924,50.8832],[-55.5729,50.8908],[-55.5797,50.9344],[-55.536,50.9608],[-55.5506,50.9866]]],[[[-54.6809,49.4941],[-54.7072,49.4692],[-54.7437,49.4643],[-54.7737,49.4406],[-54.7597,49.4062],[-54.7198,49.3961],[-54.6925,49.4223],[-54.6936,49.4585],[-54.663,49.459],[-54.6809,49.4941]]],[[[-57.2641,54.5813],[-57.286,54.5854],[-57.3507,54.5699],[-57.3711,54.5267],[-57.3625,54.5027],[-57.2956,54.5036],[-57.2583,54.518],[-57.2608,54.5437],[-57.2871,54.5566],[-57.2641,54.5813]]],[[[-58.3634,54.1109],[-58.4143,54.109],[-58.4387,54.1193],[-58.4875,54.1094],[-58.5527,54.0811],[-58.5437,54.052],[-58.4393,54.0651],[-58.3669,54.0985],[-58.3634,54.1109]]],[[[-56.8232,53.8],[-56.869,53.8066],[-56.9106,53.7997],[-56.9693,53.8146],[-56.9995,53.81],[-57.0029,53.7675],[-56.9372,53.7473],[-56.8776,53.7636],[-56.8232,53.8]]],[[[-60.9423,55.9397],[-60.9639,55.9276],[-61.0312,55.942],[-61.0697,55.9355],[-61.0468,55.8868],[-61.018,55.8687],[-60.9887,55.8834],[-60.9096,55.8744],[-60.9009,55.8973],[-60.9579,55.9121],[-60.9423,55.9397]]],[[[-55.7843,53.0939],[-55.8622,53.0871],[-55.8895,53.0474],[-55.8595,53.0143],[-55.761,53.0318],[-55.7504,53.0764],[-55.7843,53.0939]]],[[[-61.648,57.3636],[-61.7238,57.3809],[-61.7677,57.358],[-61.7762,57.3201],[-61.7377,57.2952],[-61.6476,57.3016],[-61.648,57.3636]]],[[[-55.2792,52.0164],[-55.3608,51.9644],[-55.3912,51.9656],[-55.4005,51.9367],[-55.43,51.9061],[-55.4237,51.8873],[-55.3844,51.8767],[-55.3242,51.9254],[-55.3092,51.9648],[-55.2918,51.9776],[-55.2792,52.0164]]],[[[-61.0784,56.6744],[-61.1474,56.6921],[-61.167,56.6646],[-61.2015,56.6556],[-61.239,56.6234],[-61.2395,56.5975],[-61.2132,56.584],[-61.183,56.6089],[-61.1054,56.6047],[-61.0504,56.6268],[-61.0784,56.6744]]],[[[-60.7535,55.9318],[-60.8373,55.9506],[-60.8769,55.9358],[-60.8743,55.8615],[-60.7893,55.8627],[-60.7549,55.8722],[-60.6883,55.9119],[-60.7535,55.9318]]],[[[-55.4737,50.8001],[-55.5334,50.795],[-55.5365,50.7824],[-55.6106,50.7643],[-55.6622,50.7203],[-55.6052,50.7118],[-55.5757,50.6918],[-55.5249,50.7139],[-55.5122,50.7432],[-55.4564,50.7871],[-55.4737,50.8001]]],[[[-55.7705,53.4768],[-55.8284,53.4736],[-55.948,53.488],[-55.9855,53.475],[-55.9832,53.4407],[-55.8963,53.4148],[-55.8325,53.4048],[-55.816,53.4141],[-55.8186,53.4512],[-55.7705,53.4768]]],[[[-55.9388,47.7022],[-55.9766,47.6805],[-56.0154,47.6824],[-56.0432,47.6699],[-56.1026,47.6613],[-56.1014,47.6371],[-56.0442,47.6146],[-55.9724,47.6123],[-55.9126,47.5978],[-55.9024,47.6313],[-55.9372,47.6532],[-55.9244,47.6901],[-55.9388,47.7022]]],[[[-54.1241,47.679],[-54.1542,47.6366],[-54.1664,47.5812],[-54.1965,47.5715],[-54.2048,47.5497],[-54.2425,47.5101],[-54.2695,47.4657],[-54.3199,47.4424],[-54.346,47.4182],[-54.3466,47.3997],[-54.2601,47.3917],[-54.2283,47.4262],[-54.22,47.4543],[-54.185,47.4956],[-54.1589,47.5653],[-54.1248,47.6331],[-54.1241,47.679]]],[[[-61.7113,57.832],[-61.7413,57.8176],[-61.7954,57.8472],[-61.8639,57.8256],[-61.9057,57.7849],[-61.9099,57.7582],[-61.8372,57.7698],[-61.817,57.7441],[-61.7579,57.7115],[-61.6934,57.7087],[-61.6703,57.7424],[-61.6573,57.7869],[-61.6886,57.7955],[-61.7113,57.832]]],[[[-61.4607,56.4041],[-61.4952,56.4052],[-61.6116,56.3922],[-61.653,56.4095],[-61.7818,56.4009],[-61.7277,56.3827],[-61.7129,56.3542],[-61.6383,56.336],[-61.5824,56.335],[-61.4954,56.3157],[-61.4124,56.3701],[-61.4607,56.4041]]],[[[-61.6561,57.5284],[-61.734,57.545],[-61.7655,57.5333],[-61.7764,57.5068],[-61.8101,57.4824],[-61.8964,57.4385],[-61.8563,57.4121],[-61.7195,57.4063],[-61.6692,57.3868],[-61.6206,57.4045],[-61.6978,57.443],[-61.6435,57.5159],[-61.6561,57.5284]]],[[[-61.8513,57.5838],[-61.8873,57.5912],[-61.955,57.5506],[-61.9963,57.578],[-62.0479,57.546],[-62.049,57.5251],[-62.0106,57.5078],[-61.9688,57.4542],[-61.9185,57.4476],[-61.8701,57.4594],[-61.7884,57.5091],[-61.7835,57.5496],[-61.8513,57.5838]]],[[[-61.3287,56.5189],[-61.3877,56.5086],[-61.4311,56.531],[-61.5759,56.5571],[-61.609,56.5539],[-61.6023,56.5218],[-61.5398,56.4897],[-61.644,56.4935],[-61.6116,56.4748],[-61.4933,56.4484],[-61.4489,56.4539],[-61.3143,56.4389],[-61.2881,56.4431],[-61.2138,56.4312],[-61.2147,56.463],[-61.2431,56.4781],[-61.3058,56.4776],[-61.3287,56.5189]]],[[[-61.0837,56.1818],[-61.1067,56.1592],[-61.153,56.1471],[-61.1722,56.1086],[-61.2395,56.0796],[-61.1993,56.0412],[-61.0984,56.0172],[-61.0476,56.0102],[-60.9893,56.017],[-60.9961,56.0391],[-60.9532,56.0972],[-60.9921,56.1157],[-61.0406,56.1192],[-61.0472,56.1527],[-61.0837,56.1818]]],[[[-54.5511,49.6483],[-54.6474,49.632],[-54.6818,49.617],[-54.6895,49.5818],[-54.7718,49.5389],[-54.807,49.5543],[-54.8041,49.602],[-54.8378,49.5827],[-54.9001,49.5972],[-54.9113,49.5832],[-54.8516,49.5162],[-54.8904,49.4848],[-54.8555,49.4805],[-54.7696,49.4877],[-54.7488,49.4962],[-54.7472,49.5271],[-54.6943,49.5394],[-54.6335,49.5415],[-54.5537,49.5806],[-54.5663,49.593],[-54.5411,49.6155],[-54.5511,49.6483]]],[[[-53.5273,48.1975],[-53.5537,48.2041],[-53.5913,48.1835],[-53.6941,48.1456],[-53.7246,48.1461],[-53.7828,48.1787],[-53.8531,48.1631],[-53.8778,48.1735],[-53.9126,48.207],[-53.9467,48.2094],[-53.9461,48.1734],[-53.9204,48.1601],[-53.8951,48.1104],[-53.8578,48.0902],[-53.8011,48.0971],[-53.7593,48.092],[-53.6919,48.0989],[-53.6708,48.0815],[-53.6176,48.0773],[-53.5488,48.0917],[-53.5539,48.1318],[-53.5271,48.1389],[-53.5509,48.176],[-53.5273,48.1975]]],[[[-54.1036,49.7438],[-54.1621,49.7466],[-54.2006,49.7194],[-54.2461,49.7311],[-54.2683,49.7234],[-54.3189,49.6757],[-54.3071,49.6239],[-54.3195,49.5765],[-54.2894,49.5623],[-54.2289,49.5996],[-54.1091,49.614],[-54.1154,49.6312],[-54.0687,49.6426],[-53.9974,49.6481],[-54.0064,49.6682],[-54.0406,49.6683],[-54.1036,49.7438]]],[[[-61.3597,56.9414],[-61.3925,56.9328],[-61.4641,56.9377],[-61.4784,56.9638],[-61.5232,56.9418],[-61.528,56.9055],[-61.604,56.8948],[-61.634,56.8622],[-61.6142,56.8165],[-61.6374,56.7841],[-61.6447,56.7427],[-61.6168,56.7239],[-61.6634,56.6949],[-61.5679,56.6943],[-61.563,56.678],[-61.4682,56.64],[-61.4548,56.6121],[-61.4121,56.6032],[-61.3868,56.6311],[-61.3916,56.6531],[-61.3625,56.6743],[-61.3655,56.7433],[-61.3753,56.779],[-61.4479,56.7943],[-61.4867,56.7933],[-61.5064,56.8286],[-61.4704,56.852],[-61.442,56.8383],[-61.3929,56.8371],[-61.3671,56.868],[-61.4037,56.8902],[-61.3449,56.9299],[-61.3597,56.9414]]],[[[-53.0892,48.4981],[-53.038,48.536],[-53.0031,48.5466],[-53.001,48.6091],[-53.0289,48.6497],[-53.0684,48.6602],[-53.0934,48.681],[-53.139,48.6304],[-53.1711,48.6265],[-53.18,48.5952],[-53.2394,48.5621],[-53.2619,48.5216],[-53.2932,48.5275],[-53.3147,48.5535],[-53.3289,48.5925],[-53.3621,48.6117],[-53.4628,48.6065],[-53.4951,48.5697],[-53.4789,48.546],[-53.5312,48.4862],[-53.5381,48.4556],[-53.5897,48.453],[-53.6071,48.4745],[-53.6513,48.447],[-53.7102,48.4414],[-53.648,48.4884],[-53.6448,48.5093],[-53.663,48.5405],[-53.7157,48.523],[-53.7453,48.4969],[-53.7922,48.473],[-53.7952,48.4467],[-53.8295,48.4239],[-53.8355,48.4058],[-53.8711,48.3974],[-53.8563,48.3726],[-53.8831,48.3663],[-53.9037,48.3911],[-53.8505,48.4271],[-53.8239,48.4685],[-53.8525,48.4762],[-53.961,48.4276],[-54.0177,48.3961],[-54.0869,48.4055],[-54.1218,48.385],[-54.1571,48.3476],[-54.1703,48.3893],[-54.1128,48.4284],[-54.0661,48.4114],[-54.0267,48.4152],[-54.0072,48.4385],[-53.9471,48.4552],[-53.9061,48.485],[-53.8105,48.501],[-53.7745,48.5137],[-53.7603,48.5651],[-53.8349,48.5753],[-53.8919,48.5625],[-53.9022,48.5862],[-53.8564,48.589],[-53.8176,48.6049],[-53.8093,48.6263],[-53.7727,48.6218],[-53.7295,48.6409],[-53.6984,48.6389],[-53.6347,48.6654],[-53.6481,48.6957],[-53.7144,48.6607],[-53.7256,48.6839],[-53.7628,48.6932],[-53.7554,48.7154],[-53.795,48.7197],[-53.8373,48.7016],[-53.8994,48.7122],[-53.9349,48.6956],[-53.9592,48.6688],[-54.0311,48.6771],[-54.0012,48.703],[-53.9646,48.7029],[-53.9363,48.7343],[-53.8759,48.7596],[-53.9081,48.7809],[-53.8338,48.8051],[-53.8205,48.817],[-53.9377,48.8416],[-53.9959,48.81],[-54.056,48.8124],[-54.0778,48.7989],[-54.1594,48.7809],[-54.1795,48.7625],[-54.2178,48.7684],[-54.1547,48.8245],[-54.1278,48.8169],[-54.0839,48.8319],[-54.0106,48.8383],[-53.9992,48.8611],[-53.9656,48.8642],[-53.9806,48.9014],[-53.9519,48.914],[-53.8627,48.9166],[-53.8147,48.9355],[-53.8657,48.9546],[-53.8525,48.9748],[-53.7766,48.9897],[-53.7642,49.0151],[-53.8413,49.0262],[-53.658,49.0322],[-53.5994,49.0504],[-53.6125,49.1154],[-53.5485,49.1488],[-53.5553,49.1889],[-53.516,49.2048],[-53.4851,49.2292],[-53.509,49.275],[-53.5675,49.2818],[-53.5728,49.2948],[-53.6234,49.3138],[-53.6938,49.3238],[-53.6996,49.3459],[-53.6757,49.3569],[-53.7867,49.3972],[-53.8652,49.41],[-53.8949,49.4327],[-53.9509,49.4521],[-54.0072,49.4587],[-54.0202,49.4687],[-54.0783,49.4756],[-54.1505,49.4548],[-54.1759,49.4321],[-54.18,49.3832],[-54.2167,49.411],[-54.2512,49.3998],[-54.3141,49.4087],[-54.3178,49.4415],[-54.3795,49.423],[-54.4253,49.3901],[-54.4321,49.3384],[-54.4826,49.2892],[-54.4832,49.3326],[-54.4981,49.3909],[-54.471,49.4106],[-54.4799,49.4476],[-54.5083,49.4688],[-54.5149,49.5076],[-54.462,49.5462],[-54.5055,49.5568],[-54.5555,49.5405],[-54.6292,49.4625],[-54.6817,49.4349],[-54.6623,49.4192],[-54.6966,49.3747],[-54.7658,49.353],[-54.797,49.3552],[-54.8019,49.2999],[-54.8273,49.2872],[-54.8575,49.3003],[-54.8651,49.3556],[-54.8585,49.3913],[-54.8972,49.3836],[-54.9139,49.3576],[-54.8723,49.3388],[-54.8897,49.2949],[-54.9612,49.3092],[-55.0117,49.2812],[-55.0391,49.3266],[-55.0752,49.3239],[-55.0704,49.2947],[-55.1558,49.2634],[-55.1861,49.2589],[-55.2652,49.2087],[-55.297,49.2101],[-55.3116,49.1902],[-55.2964,49.1668],[-55.3041,49.1213],[-55.281,49.0941],[-55.321,49.0786],[-55.3353,49.1472],[-55.3838,49.1686],[-55.3094,49.2252],[-55.2454,49.2569],[-55.2494,49.3438],[-55.206,49.3797],[-55.1484,49.4533],[-55.1359,49.4869],[-55.1638,49.545],[-55.1957,49.5453],[-55.2345,49.531],[-55.2852,49.5447],[-55.3227,49.5328],[-55.3161,49.5055],[-55.2836,49.4668],[-55.2929,49.4511],[-55.2636,49.4064],[-55.2638,49.3852],[-55.2906,49.3499],[-55.3095,49.3712],[-55.3168,49.4035],[-55.3642,49.4015],[-55.3689,49.376],[-55.409,49.3895],[-55.361,49.4373],[-55.333,49.4523],[-55.3501,49.4683],[-55.4109,49.436],[-55.4101,49.4655],[-55.3758,49.4819],[-55.3956,49.5038],[-55.4416,49.5035],[-55.4651,49.4906],[-55.4767,49.454],[-55.5744,49.4332],[-55.5487,49.4906],[-55.5725,49.4897],[-55.6158,49.4603],[-55.6381,49.4284],[-55.6827,49.3998],[-55.7226,49.4455],[-55.7811,49.4593],[-55.7604,49.4733],[-55.807,49.5169],[-55.8494,49.5313],[-55.8902,49.5071],[-55.9266,49.5193],[-55.9374,49.5009],[-55.9981,49.4958],[-56.0261,49.4807],[-56.0813,49.4335],[-56.1325,49.4291],[-56.0632,49.5023],[-56.0045,49.521],[-55.957,49.5266],[-55.8774,49.5689],[-55.8426,49.5724],[-55.823,49.6063],[-55.8617,49.6184],[-55.88,49.5948],[-55.9269,49.6168],[-55.8862,49.6402],[-55.8933,49.6524],[-55.8548,49.6717],[-55.9167,49.6933],[-55.9513,49.6707],[-55.9923,49.6929],[-56.0739,49.6628],[-56.1412,49.6149],[-56.1525,49.6282],[-56.0677,49.6769],[-56.0826,49.7049],[-56.0333,49.7111],[-55.9551,49.7491],[-55.907,49.7567],[-55.8553,49.7929],[-55.8155,49.7991],[-55.6947,49.8309],[-55.6539,49.8666],[-55.6261,49.8718],[-55.5638,49.9131],[-55.5138,49.9168],[-55.4815,49.9416],[-55.4785,49.9593],[-55.5319,50.0042],[-55.6113,49.9641],[-55.6992,49.9699],[-55.7104,49.9433],[-55.7656,49.9184],[-55.7978,49.9542],[-55.8327,49.9594],[-55.8792,50.0172],[-55.9296,50.0386],[-55.9829,50.0261],[-56.0226,50.0357],[-56.0537,50.0178],[-56.0934,50.0106],[-56.1467,49.9829],[-56.1126,50.0412],[-56.1197,50.0591],[-56.0846,50.0703],[-56.0915,50.0899],[-56.123,50.1073],[-56.1107,50.1247],[-56.1599,50.1581],[-56.2258,50.1225],[-56.2529,50.0903],[-56.3081,50.0442],[-56.3329,50.0316],[-56.3489,49.998],[-56.3965,49.9627],[-56.4047,49.9389],[-56.4525,49.8956],[-56.4758,49.9032],[-56.6185,49.8151],[-56.6522,49.7595],[-56.7161,49.7091],[-56.7485,49.6731],[-56.7698,49.6358],[-56.8116,49.5958],[-56.8234,49.6232],[-56.7854,49.6993],[-56.8045,49.7333],[-56.8314,49.7502],[-56.883,49.7445],[-56.9028,49.766],[-56.834,49.7851],[-56.8235,49.8011],[-56.773,49.83],[-56.7671,49.8623],[-56.7491,49.872],[-56.7294,49.9523],[-56.7733,49.9741],[-56.7539,50.023],[-56.7101,50.049],[-56.6852,50.0745],[-56.6138,50.1258],[-56.522,50.2139],[-56.4992,50.255],[-56.4712,50.28],[-56.4702,50.2979],[-56.4335,50.3315],[-56.435,50.3481],[-56.4793,50.3863],[-56.4101,50.3772],[-56.3983,50.4064],[-56.3297,50.4482],[-56.3128,50.4816],[-56.2769,50.5008],[-56.24,50.5434],[-56.2226,50.6136],[-56.1884,50.6124],[-56.1305,50.6369],[-56.1098,50.6746],[-56.174,50.6911],[-56.1829,50.737],[-56.1765,50.7741],[-56.1549,50.8008],[-56.1709,50.8611],[-56.1882,50.8761],[-56.1558,50.8979],[-56.1195,50.8788],[-56.1512,50.777],[-56.1285,50.7426],[-56.0887,50.7238],[-56.0357,50.7838],[-55.9965,50.8028],[-55.9653,50.8526],[-55.912,50.895],[-55.8897,50.9025],[-55.8731,50.9445],[-55.8298,50.922],[-55.821,51.0152],[-55.7345,51.0867],[-55.7472,51.1007],[-55.7263,51.1246],[-55.7387,51.1989],[-55.786,51.2137],[-55.8322,51.2106],[-55.8593,51.2249],[-55.8933,51.2197],[-55.9389,51.1929],[-55.9625,51.1634],[-56.0142,51.1756],[-56.046,51.2298],[-56.0229,51.2405],[-56.0263,51.2947],[-56.1013,51.3194],[-56.0707,51.3663],[-56.0308,51.378],[-56.0044,51.3481],[-55.956,51.3339],[-55.9354,51.3457],[-55.8769,51.3387],[-55.8125,51.3486],[-55.7563,51.3436],[-55.7495,51.3263],[-55.6774,51.3207],[-55.6139,51.3086],[-55.586,51.3362],[-55.4962,51.3812],[-55.4739,51.4361],[-55.4714,51.4698],[-55.5111,51.4815],[-55.4864,51.5037],[-55.4444,51.5086],[-55.4719,51.5421],[-55.4331,51.5466],[-55.4292,51.5758],[-55.4721,51.5973],[-55.572,51.5894],[-55.5945,51.57],[-55.6374,51.5747],[-55.6611,51.5946],[-55.7058,51.5825],[-55.7174,51.5623],[-55.7621,51.5634],[-55.7084,51.5269],[-55.7364,51.4992],[-55.805,51.4928],[-55.8563,51.5021],[-55.9004,51.5491],[-55.8668,51.6011],[-55.9087,51.6287],[-55.962,51.6058],[-55.9976,51.5815],[-56.1111,51.5324],[-56.202,51.514],[-56.2761,51.4774],[-56.3472,51.4572],[-56.4397,51.4121],[-56.4722,51.4189],[-56.5236,51.3986],[-56.5559,51.3948],[-56.6623,51.3562],[-56.7237,51.3247],[-56.7513,51.2713],[-56.8015,51.2439],[-56.7795,51.222],[-56.812,51.1914],[-56.7913,51.1472],[-56.8148,51.1295],[-56.8525,51.1235],[-56.8712,51.0873],[-56.9009,51.0605],[-56.9298,51.0035],[-56.9896,50.9878],[-57.0091,51.0229],[-57.0465,51.024],[-57.0357,50.9941],[-57.0009,50.9572],[-56.9872,50.8953],[-56.9992,50.8658],[-57.1127,50.7758],[-57.1718,50.7504],[-57.2226,50.7562],[-57.24,50.7318],[-57.2764,50.7324],[-57.3106,50.7201],[-57.3483,50.7315],[-57.4009,50.7106],[-57.3606,50.6978],[-57.314,50.671],[-57.3089,50.6395],[-57.2683,50.6075],[-57.2088,50.6268],[-57.1576,50.6315],[-57.1769,50.6022],[-57.2044,50.5946],[-57.3049,50.6092],[-57.3202,50.6192],[-57.3748,50.5999],[-57.3953,50.5737],[-57.3871,50.5335],[-57.4072,50.5256],[-57.4733,50.4772],[-57.4763,50.4565],[-57.5384,50.3625],[-57.5307,50.3478],[-57.5898,50.23],[-57.607,50.2125],[-57.6073,50.1724],[-57.6469,50.1467],[-57.6991,50.0722],[-57.7337,50.011],[-57.7718,49.9671],[-57.7556,49.9522],[-57.786,49.9162],[-57.8267,49.8963],[-57.7718,49.8568],[-57.7035,49.8419],[-57.7096,49.8213],[-57.7873,49.8137],[-57.7971,49.8474],[-57.8673,49.8383],[-57.8722,49.7907],[-57.9117,49.77],[-57.9441,49.7267],[-57.9663,49.6637],[-57.953,49.6013],[-57.9086,49.5586],[-57.8789,49.5163],[-57.8378,49.5466],[-57.8078,49.5055],[-57.7795,49.4877],[-57.7364,49.4822],[-57.7258,49.4607],[-57.7927,49.4689],[-57.848,49.5134],[-57.9122,49.5045],[-57.9259,49.5334],[-57.9797,49.5594],[-58.0199,49.5551],[-58.0907,49.5146],[-58.1701,49.4626],[-58.2186,49.4199],[-58.2355,49.3812],[-58.2257,49.3675],[-58.2544,49.2854],[-58.2052,49.2316],[-58.1655,49.2364],[-58.0635,49.2098],[-58.0172,49.2086],[-57.9985,49.1788],[-58.0435,49.1729],[-58.1115,49.1797],[-58.114,49.1599],[-58.0752,49.1428],[-58.0015,49.1372],[-58.0445,49.1131],[-58.0801,49.1295],[-58.1302,49.1389],[-58.1514,49.1168],[-58.1466,49.0794],[-58.115,49.0639],[-58.1192,49.0417],[-58.0718,49.0169],[-58.0609,48.9924],[-57.9663,48.974],[-57.91,48.9869],[-57.9013,48.9743],[-57.9447,48.9568],[-57.9868,48.9584],[-58.0783,48.9777],[-58.1407,49.019],[-58.1624,49.0608],[-58.2353,49.0633],[-58.2619,49.0717],[-58.338,49.0561],[-58.3777,49.0638],[-58.3476,49.105],[-58.3517,49.1421],[-58.4087,49.1264],[-58.4237,49.0906],[-58.4526,49.0546],[-58.4697,49.0168],[-58.501,49.0062],[-58.5132,48.9674],[-58.5053,48.9419],[-58.5237,48.9218],[-58.5387,48.8758],[-58.5864,48.8206],[-58.6075,48.8107],[-58.6337,48.759],[-58.6865,48.6859],[-58.6749,48.6574],[-58.6535,48.6503],[-58.7137,48.5614],[-58.783,48.5627],[-58.8186,48.5707],[-58.8486,48.6041],[-58.8642,48.5725],[-58.9519,48.6046],[-58.9642,48.6449],[-58.9051,48.6921],[-58.9185,48.7017],[-58.97,48.6686],[-59.1003,48.6201],[-59.1681,48.5829],[-59.2361,48.5221],[-59.2316,48.5022],[-59.2506,48.4636],[-59.0836,48.5136],[-59.0182,48.5249],[-58.9421,48.5081],[-58.8007,48.5311],[-58.7759,48.5311],[-58.7206,48.5554],[-58.6438,48.5443],[-58.5841,48.5427],[-58.5214,48.5252],[-58.5082,48.499],[-58.4666,48.5179],[-58.4323,48.4886],[-58.4403,48.4498],[-58.52,48.421],[-58.6236,48.3957],[-58.6886,48.3613],[-58.691,48.3296],[-58.742,48.294],[-58.8099,48.2608],[-58.8883,48.1962],[-58.9286,48.1797],[-58.9791,48.1289],[-59.0074,48.1256],[-59.0861,48.0981],[-59.2058,48.0378],[-59.2631,48.0047],[-59.3019,47.9692],[-59.3143,47.9461],[-59.3957,47.9221],[-59.4126,47.8984],[-59.3753,47.8705],[-59.3656,47.8476],[-59.3299,47.8274],[-59.3335,47.7819],[-59.3078,47.7612],[-59.299,47.7335],[-59.3152,47.6968],[-59.3013,47.6179],[-59.2701,47.6256],[-59.2086,47.5897],[-59.1749,47.5857],[-59.1659,47.5648],[-59.1257,47.5849],[-59.0463,47.5728],[-58.998,47.5884],[-58.9612,47.5836],[-58.8935,47.603],[-58.8013,47.5976],[-58.7383,47.606],[-58.6681,47.6273],[-58.6294,47.6158],[-58.5789,47.6413],[-58.5392,47.6522],[-58.4585,47.6544],[-58.412,47.6487],[-58.3721,47.6912],[-58.3749,47.7264],[-58.3522,47.7302],[-58.3305,47.7649],[-58.3087,47.7514],[-58.3229,47.7117],[-58.3634,47.6547],[-58.3031,47.68],[-58.254,47.6768],[-58.239,47.6623],[-58.1887,47.684],[-58.1441,47.6815],[-58.108,47.6994],[-58.0809,47.6734],[-58.0592,47.6926],[-57.9364,47.6718],[-57.9322,47.6976],[-57.8958,47.7021],[-57.8989,47.6565],[-57.8464,47.6497],[-57.7999,47.6302],[-57.7588,47.6375],[-57.7577,47.6597],[-57.7256,47.6617],[-57.7076,47.639],[-57.6664,47.625],[-57.596,47.6208],[-57.5771,47.6397],[-57.4668,47.6295],[-57.375,47.641],[-57.3394,47.6507],[-57.3173,47.6929],[-57.322,47.711],[-57.2859,47.7252],[-57.3108,47.6666],[-57.3399,47.6254],[-57.3426,47.589],[-57.2499,47.599],[-57.2089,47.5983],[-57.1576,47.6393],[-57.1402,47.5762],[-57.0788,47.575],[-57.0155,47.5939],[-56.9502,47.5761],[-56.9354,47.5652],[-56.8044,47.5353],[-56.7334,47.559],[-56.6976,47.5822],[-56.6501,47.5895],[-56.6545,47.6067],[-56.5924,47.6181],[-56.3849,47.6029],[-56.3275,47.6264],[-56.3282,47.6951],[-56.3065,47.7043],[-56.2988,47.6232],[-56.2222,47.6337],[-56.2242,47.6495],[-56.1575,47.6639],[-56.157,47.7241],[-56.1236,47.7282],[-56.086,47.6977],[-56.0472,47.7013],[-56.0415,47.7213],[-56.0023,47.741],[-56.0031,47.7581],[-55.9156,47.7652],[-55.8664,47.783],[-55.8456,47.8456],[-55.8145,47.874],[-55.7895,47.8701],[-55.831,47.8218],[-55.8165,47.7642],[-55.8409,47.758],[-55.8311,47.733],[-55.8956,47.7047],[-55.9246,47.6796],[-55.9322,47.6566],[-55.8624,47.6152],[-55.7867,47.6347],[-55.719,47.6668],[-55.7127,47.6578],[-55.7648,47.6298],[-55.8611,47.5996],[-55.9918,47.5464],[-56.1674,47.5158],[-56.1583,47.4819],[-56.1172,47.4647],[-56.0437,47.497],[-55.9839,47.4982],[-55.9557,47.5078],[-55.9459,47.5296],[-55.875,47.5362],[-55.8376,47.566],[-55.8024,47.5614],[-55.8012,47.5433],[-55.8328,47.5047],[-55.9046,47.4745],[-55.8539,47.4704],[-55.7774,47.4494],[-55.7115,47.4773],[-55.7158,47.505],[-55.6624,47.4936],[-55.6448,47.5371],[-55.6063,47.5382],[-55.6029,47.5082],[-55.6344,47.4589],[-55.5759,47.4323],[-55.5562,47.4561],[-55.505,47.4539],[-55.4496,47.4661],[-55.4098,47.4903],[-55.4028,47.5222],[-55.4223,47.5437],[-55.4013,47.5598],[-55.4424,47.5921],[-55.41,47.607],[-55.4314,47.631],[-55.477,47.6248],[-55.4264,47.6745],[-55.447,47.7068],[-55.3936,47.7237],[-55.363,47.7237],[-55.3639,47.6919],[-55.3856,47.6795],[-55.3579,47.649],[-55.327,47.6685],[-55.2879,47.6453],[-55.2564,47.6502],[-55.2037,47.6327],[-55.148,47.6381],[-55.1554,47.5972],[-55.1146,47.5792],[-55.1033,47.6272],[-55.0362,47.6816],[-55.0307,47.7088],[-55.0003,47.7315],[-54.9581,47.7805],[-54.944,47.775],[-54.9911,47.7255],[-55.0151,47.7115],[-55.0374,47.6664],[-55.0556,47.6583],[-55.0932,47.614],[-55.0904,47.5905],[-54.9802,47.5946],[-54.873,47.6308],[-54.8647,47.64],[-54.7255,47.6815],[-54.7299,47.6636],[-54.8346,47.6219],[-54.8626,47.6066],[-54.8439,47.5556],[-54.8628,47.5516],[-54.9525,47.5099],[-55.0393,47.4948],[-55.1029,47.4906],[-55.1437,47.4728],[-55.1708,47.4721],[-55.2189,47.4348],[-55.272,47.4089],[-55.2864,47.3758],[-55.3119,47.2702],[-55.3387,47.244],[-55.3862,47.2187],[-55.4109,47.2219],[-55.4362,47.1918],[-55.4631,47.1885],[-55.5013,47.1318],[-55.5221,47.1421],[-55.5905,47.1172],[-55.6614,47.1071],[-55.6815,47.0878],[-55.7176,47.1024],[-55.7781,47.107],[-55.812,47.0792],[-55.8573,47.0756],[-55.9096,47.0328],[-55.9778,46.9879],[-55.9888,46.9541],[-55.9686,46.9089],[-55.9361,46.8951],[-55.8901,46.8884],[-55.8259,46.8613],[-55.8001,46.8687],[-55.7009,46.8614],[-55.641,46.8806],[-55.575,46.9209],[-55.5236,46.915],[-55.4934,46.8997],[-55.4771,46.8767],[-55.3773,46.8769],[-55.3712,46.8932],[-55.2878,46.9072],[-55.2353,46.9366],[-55.2443,46.9518],[-55.2052,46.9806],[-55.1869,47.0325],[-55.1627,47.0492],[-55.109,47.0552],[-55.0711,47.0976],[-55.0916,47.1189],[-55.0898,47.166],[-55.1391,47.1717],[-55.1278,47.1926],[-55.0975,47.202],[-55.0776,47.152],[-55.0221,47.1733],[-55.0168,47.1872],[-55.0635,47.213],[-55.0225,47.2463],[-54.9931,47.2851],[-54.9453,47.2992],[-54.9228,47.3325],[-54.891,47.3507],[-54.8805,47.3714],[-54.8279,47.4106],[-54.8035,47.3668],[-54.7768,47.3794],[-54.7344,47.3557],[-54.6854,47.3806],[-54.6313,47.3893],[-54.5635,47.4373],[-54.493,47.5258],[-54.4846,47.548],[-54.4518,47.5565],[-54.5303,47.4405],[-54.5963,47.3918],[-54.613,47.3627],[-54.5996,47.3474],[-54.5583,47.3661],[-54.4929,47.416],[-54.4554,47.4133],[-54.4041,47.4515],[-54.4559,47.4951],[-54.4086,47.5265],[-54.3598,47.601],[-54.3223,47.6386],[-54.3154,47.6583],[-54.3304,47.6861],[-54.2933,47.6859],[-54.2684,47.7065],[-54.2548,47.7361],[-54.2064,47.795],[-54.1924,47.8547],[-54.1259,47.8345],[-54.0657,47.8268],[-54.0781,47.8128],[-54.0455,47.794],[-54.0261,47.8165],[-54.0006,47.7978],[-54.0134,47.7668],[-53.9724,47.7566],[-53.9586,47.7036],[-53.94,47.6925],[-53.9553,47.6615],[-53.9111,47.611],[-53.8977,47.5765],[-53.91,47.5602],[-53.9075,47.5083],[-53.9372,47.4552],[-53.891,47.4312],[-53.8293,47.4266],[-53.8412,47.4117],[-53.9291,47.3838],[-53.88,47.3508],[-53.9247,47.3268],[-53.9057,47.3011],[-53.9541,47.3047],[-53.9953,47.2979],[-54.018,47.2185],[-54.0595,47.1607],[-54.0746,47.1073],[-54.0995,47.0648],[-54.1424,47.0202],[-54.1719,46.9585],[-54.191,46.9363],[-54.1754,46.9213],[-54.1954,46.8846],[-54.1847,46.8422],[-54.1986,46.8228],[-54.1407,46.8249],[-54.108,46.8053],[-54.0313,46.8164],[-54.0141,46.8394],[-53.9626,46.8494],[-53.9326,46.8798],[-53.8985,46.8971],[-53.868,46.9468],[-53.8494,46.948],[-53.8097,46.9867],[-53.7823,47.0316],[-53.7497,47.0338],[-53.7235,47.0495],[-53.7104,47.0891],[-53.6831,47.1132],[-53.6399,47.1091],[-53.6178,47.1295],[-53.5993,47.1815],[-53.5685,47.2101],[-53.5579,47.1781],[-53.5304,47.1669],[-53.5501,47.1326],[-53.518,47.1301],[-53.5906,47.0834],[-53.5756,47.0625],[-53.6453,47.0042],[-53.6138,46.9922],[-53.6292,46.9499],[-53.6059,46.9446],[-53.5789,46.9655],[-53.5507,46.9252],[-53.6103,46.9121],[-53.6026,46.8925],[-53.654,46.8346],[-53.6653,46.7924],[-53.6324,46.785],[-53.6108,46.7563],[-53.6436,46.7254],[-53.6431,46.6842],[-53.618,46.6369],[-53.5816,46.6141],[-53.5235,46.6179],[-53.4772,46.6581],[-53.4575,46.6643],[-53.4025,46.7125],[-53.3697,46.7268],[-53.312,46.7098],[-53.2936,46.7364],[-53.2588,46.7071],[-53.2609,46.6855],[-53.2168,46.6347],[-53.1732,46.629],[-53.0911,46.6464],[-53.0563,46.6949],[-53.0365,46.7461],[-52.9504,46.7895],[-52.9373,46.816],[-52.947,46.8452],[-52.9388,46.8735],[-52.8992,46.9359],[-52.8993,46.9986],[-52.8514,47.0732],[-52.8931,47.0742],[-52.927,47.0915],[-52.8827,47.1079],[-52.8508,47.1492],[-52.8485,47.2101],[-52.8259,47.2479],[-52.832,47.2785],[-52.7724,47.2965],[-52.7387,47.3263],[-52.7179,47.3899],[-52.6598,47.4352],[-52.7021,47.464],[-52.6358,47.4955],[-52.644,47.5329],[-52.6872,47.5441],[-52.662,47.5955],[-52.6602,47.6477],[-52.6939,47.6507],[-52.7207,47.6683],[-52.6994,47.6952],[-52.7159,47.732],[-52.714,47.7584],[-52.7629,47.7628],[-52.7806,47.8002],[-52.8061,47.8035],[-52.818,47.7573],[-52.8509,47.6917],[-52.8589,47.6289],[-52.9091,47.5658],[-52.9178,47.5451],[-52.9573,47.5341],[-53.0842,47.4706],[-53.1055,47.4463],[-53.1677,47.4519],[-53.187,47.426],[-53.2243,47.4627],[-53.1816,47.5315],[-53.2171,47.5572],[-53.2658,47.5796],[-53.2815,47.5977],[-53.2741,47.6216],[-53.2159,47.638],[-53.1953,47.6524],[-53.1748,47.7184],[-53.1924,47.7291],[-53.1836,47.7583],[-53.1506,47.7777],[-53.1476,47.8047],[-53.0922,47.8322],[-53.0923,47.8467],[-53.0577,47.8797],[-53.0674,47.8972],[-53.058,47.9424],[-52.9921,47.9831],[-52.9657,48.0163],[-52.9831,48.0396],[-52.9269,48.09],[-52.8602,48.0929],[-52.8915,48.141],[-52.9193,48.168],[-52.9665,48.1614],[-52.9756,48.1289],[-52.9935,48.1174],[-53.0074,48.0833],[-53.0536,48.0672],[-53.0702,48.0491],[-53.1107,48.0356],[-53.1488,48.0429],[-53.1771,48.0608],[-53.1977,48.0367],[-53.2207,48.0368],[-53.2583,48.0154],[-53.309,48.0013],[-53.3461,47.9342],[-53.376,47.9141],[-53.3858,47.8821],[-53.4332,47.8563],[-53.44,47.8181],[-53.4616,47.8122],[-53.4795,47.7629],[-53.506,47.7494],[-53.4796,47.6964],[-53.5185,47.6636],[-53.5035,47.6408],[-53.5413,47.5862],[-53.5517,47.5265],[-53.6126,47.5381],[-53.6261,47.5626],[-53.7122,47.5723],[-53.72,47.6005],[-53.6804,47.6571],[-53.6814,47.6877],[-53.7176,47.6817],[-53.7304,47.6382],[-53.7626,47.6201],[-53.798,47.6544],[-53.806,47.6771],[-53.8376,47.7022],[-53.8415,47.7469],[-53.8824,47.8333],[-53.8554,47.8265],[-53.8437,47.8055],[-53.8011,47.771],[-53.7498,47.8229],[-53.7312,47.8509],[-53.7273,47.888],[-53.6847,47.9267],[-53.6338,48.0081],[-53.64,48.0481],[-53.6733,48.0296],[-53.8131,47.9961],[-53.8512,48.0058],[-53.9223,48.0109],[-53.9383,48.027],[-53.8137,48.0154],[-53.6999,48.0448],[-53.6757,48.0616],[-53.6963,48.0782],[-53.8757,48.0775],[-53.9393,48.0813],[-53.9305,48.1296],[-53.9582,48.1567],[-53.9635,48.2272],[-53.94,48.2331],[-53.8806,48.2135],[-53.8447,48.1863],[-53.8031,48.1995],[-53.7467,48.1925],[-53.7115,48.1645],[-53.6444,48.1749],[-53.595,48.1971],[-53.56,48.2294],[-53.5129,48.2398],[-53.467,48.2709],[-53.3847,48.2839],[-53.3991,48.2993],[-53.3712,48.3638],[-53.3293,48.3914],[-53.3113,48.3788],[-53.2122,48.3496],[-53.1952,48.3796],[-53.1714,48.3826],[-53.1032,48.4102],[-53.0608,48.4597],[-53.0892,48.4981]]],[[[-57.1085,51.4156],[-56.9995,51.4166],[-56.9448,51.4394],[-56.9559,51.4731],[-56.8704,51.4732],[-56.8188,51.4843],[-56.831,51.52],[-56.7931,51.5215],[-56.7638,51.5527],[-56.7158,51.5732],[-56.7006,51.6307],[-56.6108,51.6393],[-56.5475,51.6726],[-56.4989,51.6842],[-56.4386,51.7295],[-56.4024,51.7295],[-56.3335,51.7501],[-56.3412,51.7758],[-56.288,51.77],[-56.2025,51.7911],[-56.1219,51.851],[-56.0097,51.9021],[-55.9908,51.9041],[-55.9013,51.9571],[-55.9043,51.9797],[-55.9788,52.0196],[-55.9394,52.0215],[-55.9152,52.0027],[-55.8554,52.0089],[-55.8047,52.0223],[-55.7793,52.0407],[-55.7823,52.0825],[-55.7071,52.0815],[-55.6957,52.129],[-55.717,52.1584],[-55.7697,52.2066],[-55.6481,52.198],[-55.6293,52.2185],[-55.669,52.2346],[-55.7128,52.2361],[-55.7256,52.2527],[-55.7635,52.247],[-55.7503,52.2861],[-55.8314,52.3119],[-55.839,52.3257],[-55.9036,52.3324],[-55.9622,52.3664],[-56.0653,52.3981],[-56.1171,52.4028],[-56.1804,52.4359],[-56.051,52.4055],[-55.9445,52.3748],[-55.9064,52.3561],[-55.8232,52.3405],[-55.7755,52.3389],[-55.7987,52.3844],[-55.7304,52.3637],[-55.6365,52.3606],[-55.6335,52.4125],[-55.6516,52.4261],[-55.6321,52.4473],[-55.679,52.4605],[-55.7338,52.4621],[-55.7391,52.4812],[-55.7815,52.5017],[-55.8141,52.4976],[-55.8379,52.5169],[-55.893,52.5074],[-55.935,52.5134],[-55.9842,52.5042],[-56.0476,52.5421],[-56.0863,52.5356],[-56.1384,52.5471],[-56.1569,52.5327],[-56.1927,52.542],[-56.0692,52.5727],[-56.0127,52.5552],[-55.9622,52.5725],[-55.895,52.5582],[-55.8737,52.5727],[-55.8748,52.5981],[-55.9265,52.612],[-55.9519,52.5952],[-56.0047,52.5912],[-56.0268,52.5741],[-56.0631,52.587],[-55.976,52.6023],[-55.9844,52.628],[-55.9507,52.6318],[-55.9051,52.6138],[-55.8553,52.6223],[-55.8026,52.6006],[-55.7634,52.6097],[-55.7641,52.68],[-55.7858,52.6966],[-55.8339,52.697],[-55.9025,52.6803],[-55.9394,52.6823],[-56.0109,52.7204],[-56.0252,52.7499],[-56.0709,52.7742],[-56.1236,52.7728],[-56.1263,52.794],[-56.1785,52.8092],[-56.178,52.8274],[-56.0971,52.8024],[-56.0436,52.7979],[-56.0238,52.7797],[-55.9811,52.794],[-55.9883,52.8157],[-55.9569,52.825],[-55.9181,52.8191],[-55.8959,52.8435],[-55.8682,52.8326],[-55.817,52.8348],[-55.8099,52.884],[-55.8716,52.9379],[-55.8795,52.965],[-55.9883,52.9925],[-56.0473,53.0142],[-55.9533,53.0167],[-55.9105,53.0298],[-55.8648,53.094],[-55.7969,53.1108],[-55.7499,53.1381],[-55.7985,53.1789],[-55.7935,53.2117],[-55.7467,53.2251],[-55.7419,53.252],[-55.7834,53.2675],[-55.7847,53.2273],[-55.8136,53.2327],[-55.842,53.2991],[-55.8317,53.3215],[-55.8593,53.3383],[-55.8802,53.3742],[-55.9419,53.3975],[-56.0009,53.3745],[-56.0143,53.3884],[-55.9625,53.4017],[-56.0287,53.4289],[-56.0358,53.4719],[-56.1216,53.4975],[-56.1636,53.5006],[-56.2146,53.5342],[-56.2642,53.5389],[-56.2464,53.5586],[-56.1832,53.5592],[-56.1182,53.5348],[-56.051,53.5314],[-56.0525,53.5102],[-56.0093,53.4992],[-55.9834,53.5217],[-56.0253,53.5782],[-56.1512,53.5806],[-56.1808,53.602],[-56.2022,53.5746],[-56.2402,53.5742],[-56.275,53.6043],[-56.3232,53.6313],[-56.3726,53.6322],[-56.3999,53.6169],[-56.5242,53.6242],[-56.5765,53.65],[-56.6299,53.6659],[-56.7249,53.6832],[-56.7047,53.6933],[-56.6566,53.6781],[-56.5805,53.6832],[-56.5054,53.7175],[-56.4319,53.7188],[-56.4191,53.7487],[-56.4372,53.7718],[-56.4949,53.7765],[-56.5476,53.769],[-56.5631,53.7505],[-56.6048,53.7615],[-56.6658,53.7267],[-56.7027,53.7603],[-56.7247,53.7372],[-56.7672,53.7204],[-56.8206,53.7444],[-56.8659,53.7129],[-56.9189,53.7341],[-56.9648,53.7329],[-57.0026,53.7165],[-57.0064,53.6999],[-57.0708,53.6685],[-57.0669,53.6372],[-57.1423,53.6259],[-57.1365,53.5848],[-57.1191,53.5603],[-57.1392,53.5397],[-57.2112,53.5],[-57.2317,53.5009],[-57.3134,53.4558],[-57.3004,53.5184],[-57.3359,53.5476],[-57.3164,53.5689],[-57.3388,53.6009],[-57.4162,53.5956],[-57.4307,53.6026],[-57.4213,53.6429],[-57.3275,53.6644],[-57.2582,53.6876],[-57.2286,53.7085],[-57.1862,53.7142],[-57.1183,53.7397],[-57.1538,53.7582],[-57.132,53.7902],[-57.0911,53.8086],[-57.0854,53.8313],[-57.1375,53.8373],[-57.2069,53.8786],[-57.2238,53.9154],[-57.2121,53.9544],[-57.2881,54.0006],[-57.3198,54.0428],[-57.4173,54.1425],[-57.3865,54.1556],[-57.442,54.1909],[-57.5071,54.1983],[-57.5966,54.1799],[-57.6195,54.2038],[-57.685,54.2106],[-57.7593,54.203],[-57.8041,54.2198],[-57.851,54.2007],[-57.888,54.2131],[-57.9801,54.219],[-58.054,54.2383],[-58.1312,54.2237],[-58.163,54.2368],[-58.2899,54.2022],[-58.3557,54.2048],[-58.3836,54.1924],[-58.4046,54.154],[-58.3916,54.1225],[-58.3432,54.1185],[-58.3206,54.104],[-58.265,54.0928],[-58.2444,54.1145],[-58.1716,54.1371],[-58.0353,54.1274],[-57.9711,54.1134],[-57.8581,54.1085],[-57.7945,54.0936],[-57.8189,54.0667],[-57.876,54.0819],[-57.9483,54.0711],[-58.0223,54.0914],[-58.0631,54.0918],[-58.1108,54.1054],[-58.1626,54.0979],[-58.218,54.0658],[-58.3333,54.0588],[-58.3945,54.0277],[-58.4496,54.0322],[-58.515,54.0112],[-58.559,54.0154],[-58.5805,53.9929],[-58.6693,53.9772],[-58.6868,53.964],[-58.7937,53.9506],[-58.8643,53.931],[-58.8658,53.8897],[-58.89,53.8877],[-58.9818,53.8344],[-59.0217,53.8254],[-59.0559,53.8003],[-59.0181,53.7599],[-59.018,53.7163],[-59.0903,53.7157],[-59.0831,53.6862],[-59.1201,53.6859],[-59.1908,53.6709],[-59.2279,53.6918],[-59.2598,53.6788],[-59.324,53.6935],[-59.3319,53.6627],[-59.3824,53.6571],[-59.3903,53.6329],[-59.455,53.6091],[-59.4839,53.5776],[-59.5896,53.5294],[-59.6523,53.5236],[-59.708,53.5348],[-59.7577,53.5126],[-59.7886,53.5169],[-59.8379,53.5449],[-59.9092,53.5297],[-59.8318,53.4959],[-59.89,53.4941],[-59.912,53.4605],[-59.9455,53.4433],[-59.9609,53.4162],[-60.0268,53.3755],[-60.0643,53.3406],[-60.1882,53.3391],[-60.2036,53.3726],[-60.3057,53.3469],[-60.3549,53.3513],[-60.3561,53.3784],[-60.3298,53.4002],[-60.3017,53.3938],[-60.2266,53.4334],[-60.177,53.4447],[-60.1395,53.4648],[-60.0816,53.4579],[-60.0347,53.4408],[-60.0607,53.5006],[-60.11,53.4958],[-60.1403,53.5211],[-60.1373,53.5383],[-60.0835,53.5695],[-60.1208,53.5966],[-60.1303,53.6229],[-60.1005,53.6501],[-60.108,53.6855],[-60.057,53.7212],[-60.108,53.7579],[-60.028,53.7673],[-59.9887,53.7896],[-59.8852,53.7955],[-59.8408,53.7866],[-59.8265,53.8129],[-59.8778,53.8176],[-59.8918,53.8303],[-59.8379,53.8449],[-59.5731,53.8189],[-59.4896,53.8312],[-59.4367,53.8545],[-59.3696,53.8674],[-59.3594,53.881],[-59.1922,53.9343],[-59.103,53.9519],[-59.056,53.9445],[-58.9815,53.9649],[-58.9343,54.0019],[-58.9377,54.0191],[-59.0251,54.0318],[-58.9598,54.0462],[-58.8686,54.044],[-58.7712,54.0282],[-58.7194,54.0259],[-58.6154,54.0386],[-58.5836,54.0531],[-58.5763,54.0749],[-58.5192,54.1087],[-58.5208,54.1229],[-58.4431,54.1519],[-58.446,54.1668],[-58.3939,54.2154],[-58.4248,54.2279],[-58.483,54.197],[-58.5566,54.1908],[-58.621,54.1608],[-58.7035,54.1369],[-58.7179,54.1257],[-58.7831,54.1241],[-58.7993,54.1104],[-58.8999,54.0859],[-59.0318,54.0595],[-59.0918,54.0601],[-59.227,54.0358],[-59.3128,54.0114],[-59.3865,53.9959],[-59.4508,53.9998],[-59.5144,53.9888],[-59.5151,54.0105],[-59.5801,54.0175],[-59.5821,54.0336],[-59.5037,54.0379],[-59.4824,54.0287],[-59.4036,54.0275],[-59.2373,54.0816],[-59.0553,54.1053],[-58.8786,54.145],[-58.8364,54.1449],[-58.8039,54.131],[-58.747,54.1438],[-58.6954,54.1467],[-58.6292,54.1644],[-58.5789,54.2051],[-58.4805,54.2157],[-58.4407,54.2386],[-58.3997,54.2347],[-58.2321,54.2496],[-58.2585,54.2823],[-58.1821,54.2944],[-58.1197,54.314],[-58.2048,54.3204],[-58.1906,54.3587],[-58.0929,54.3738],[-58.0523,54.3685],[-57.9397,54.3906],[-57.8608,54.3994],[-57.8719,54.3815],[-57.8366,54.3697],[-57.8136,54.386],[-57.7466,54.3815],[-57.7058,54.3677],[-57.6365,54.3764],[-57.5929,54.4104],[-57.5257,54.4277],[-57.5459,54.4561],[-57.4755,54.4555],[-57.439,54.4481],[-57.4114,54.4619],[-57.4792,54.4804],[-57.5765,54.4761],[-57.6591,54.4646],[-57.647,54.4887],[-57.4544,54.4885],[-57.4081,54.4945],[-57.3792,54.5095],[-57.3873,54.5486],[-57.347,54.5851],[-57.4327,54.614],[-57.4644,54.633],[-57.4443,54.6562],[-57.5615,54.6626],[-57.6465,54.6293],[-57.717,54.6405],[-57.7404,54.6716],[-57.7868,54.6863],[-57.7969,54.7133],[-57.8276,54.7128],[-57.8385,54.7401],[-57.9432,54.7514],[-58.0521,54.7319],[-58.1633,54.7478],[-58.1719,54.7637],[-58.0835,54.753],[-58.0117,54.7579],[-57.9716,54.7845],[-57.8688,54.7926],[-57.8721,54.8013],[-57.9461,54.8199],[-57.9893,54.8379],[-57.9887,54.8658],[-57.9441,54.8808],[-57.9324,54.9262],[-57.972,54.9277],[-58.0976,54.8785],[-58.1554,54.8706],[-58.163,54.854],[-58.2247,54.8797],[-58.2227,54.8268],[-58.2336,54.7968],[-58.2824,54.7889],[-58.3285,54.7957],[-58.4106,54.7736],[-58.3823,54.7539],[-58.4152,54.7347],[-58.4482,54.7491],[-58.4308,54.7712],[-58.4966,54.7705],[-58.5638,54.7583],[-58.5397,54.7904],[-58.5632,54.8099],[-58.599,54.7925],[-58.6615,54.8051],[-58.7318,54.8394],[-58.8038,54.8338],[-58.8568,54.8124],[-58.8766,54.8307],[-58.9246,54.8313],[-58.8928,54.8985],[-58.9073,54.9143],[-58.951,54.9122],[-58.9108,54.9558],[-58.9674,54.9873],[-59.0248,54.9935],[-59.0347,55.0202],[-58.9575,55.0723],[-58.9645,55.098],[-59.0034,55.1168],[-58.9982,55.1397],[-59.0268,55.1537],[-59.0645,55.1452],[-59.1112,55.1136],[-59.1476,55.1147],[-59.2258,55.0885],[-59.251,55.0731],[-59.2431,55.0435],[-59.3155,55.0089],[-59.3389,55.0293],[-59.2958,55.0464],[-59.2457,55.1102],[-59.1721,55.1243],[-59.1431,55.1498],[-59.1316,55.1817],[-59.1376,55.2262],[-59.1959,55.2019],[-59.2499,55.2103],[-59.2793,55.1951],[-59.308,55.1585],[-59.3026,55.1453],[-59.4073,55.0537],[-59.4364,55.0767],[-59.4654,55.0469],[-59.5624,54.9843],[-59.6078,54.9657],[-59.6192,54.9486],[-59.6674,54.9405],[-59.7628,54.9014],[-59.7934,54.8823],[-59.8161,54.8291],[-59.8183,54.7842],[-59.8835,54.7534],[-59.9192,54.7588],[-59.8593,54.7922],[-59.8171,54.8447],[-59.8681,54.8458],[-59.8462,54.8841],[-59.7776,54.902],[-59.742,54.9306],[-59.7224,54.9739],[-59.6715,54.9821],[-59.6202,55.0018],[-59.5694,55.0461],[-59.5186,55.0515],[-59.4972,55.1075],[-59.4615,55.1135],[-59.4361,55.1561],[-59.4717,55.1623],[-59.5158,55.2192],[-59.5435,55.2028],[-59.5515,55.1677],[-59.6468,55.1526],[-59.6351,55.1313],[-59.6725,55.1182],[-59.7104,55.1478],[-59.7865,55.1381],[-59.802,55.1117],[-59.8679,55.124],[-59.8706,55.1383],[-59.9905,55.1095],[-59.9554,55.1631],[-59.9337,55.1447],[-59.8233,55.1679],[-59.7997,55.1872],[-59.7407,55.2055],[-59.7252,55.2687],[-59.8114,55.3133],[-59.8607,55.3019],[-59.9216,55.2279],[-59.9426,55.234],[-60.0315,55.227],[-60.0823,55.1727],[-60.0837,55.1486],[-60.1123,55.1214],[-60.2313,55.0608],[-60.2927,55.0167],[-60.3044,55.0553],[-60.2651,55.065],[-60.2553,55.0937],[-60.1564,55.1254],[-60.1142,55.1735],[-60.0993,55.1771],[-60.0814,55.2594],[-60.1394,55.2349],[-60.1711,55.2039],[-60.2099,55.228],[-60.137,55.2679],[-60.1897,55.2731],[-60.2136,55.2513],[-60.2607,55.2518],[-60.3469,55.1942],[-60.3632,55.1702],[-60.4085,55.1677],[-60.4635,55.1521],[-60.494,55.1229],[-60.4778,55.1075],[-60.5387,55.0777],[-60.5802,55.0698],[-60.6121,55.0359],[-60.6511,55.0516],[-60.6204,55.072],[-60.5172,55.1089],[-60.4579,55.1934],[-60.3934,55.2138],[-60.3631,55.2414],[-60.3837,55.2555],[-60.4777,55.2296],[-60.5453,55.1955],[-60.5473,55.221],[-60.4823,55.2469],[-60.4759,55.2821],[-60.4249,55.2664],[-60.3972,55.2911],[-60.4054,55.3132],[-60.382,55.3265],[-60.3905,55.3544],[-60.3643,55.3868],[-60.3186,55.4108],[-60.2896,55.4018],[-60.2548,55.4193],[-60.2027,55.4181],[-60.2288,55.4534],[-60.2079,55.4667],[-60.2793,55.5058],[-60.3065,55.4834],[-60.342,55.4926],[-60.4327,55.4064],[-60.4176,55.3811],[-60.4538,55.3488],[-60.4803,55.3506],[-60.4503,55.3885],[-60.4776,55.4144],[-60.4563,55.4422],[-60.4006,55.4565],[-60.3384,55.5244],[-60.3296,55.5537],[-60.3473,55.5752],[-60.4224,55.5253],[-60.4188,55.5737],[-60.3957,55.5816],[-60.3985,55.6094],[-60.4326,55.6256],[-60.5171,55.6284],[-60.487,55.6602],[-60.3778,55.6677],[-60.3968,55.6887],[-60.3657,55.7268],[-60.3338,55.7442],[-60.3284,55.7772],[-60.4026,55.7824],[-60.4245,55.7724],[-60.4884,55.8067],[-60.5291,55.7788],[-60.5275,55.7524],[-60.5832,55.6692],[-60.5906,55.636],[-60.6256,55.6315],[-60.6711,55.6587],[-60.603,55.7],[-60.6113,55.7457],[-60.6374,55.7714],[-60.6039,55.8069],[-60.6459,55.829],[-60.6717,55.8158],[-60.6888,55.7831],[-60.7298,55.7447],[-60.7827,55.7233],[-60.8471,55.7446],[-60.9009,55.7251],[-60.9403,55.7444],[-60.8503,55.7536],[-60.817,55.7469],[-60.75,55.7819],[-60.7369,55.8356],[-60.7802,55.8532],[-60.8349,55.8455],[-60.8903,55.8474],[-60.9315,55.8618],[-60.9559,55.8532],[-61.0118,55.8574],[-61.0381,55.8453],[-61.1062,55.8401],[-61.1701,55.8647],[-61.1347,55.8855],[-61.0713,55.8923],[-61.0809,55.9364],[-61.116,55.9463],[-61.1221,55.9696],[-61.1631,55.9798],[-61.1979,55.9718],[-61.337,55.9713],[-61.4062,55.9617],[-61.4691,55.9797],[-61.4634,56.0009],[-61.4024,55.9837],[-61.4104,56.0241],[-61.2859,56.0252],[-61.2589,56.049],[-61.3141,56.0838],[-61.4465,56.0462],[-61.4627,56.0629],[-61.4196,56.0914],[-61.3522,56.1036],[-61.3756,56.1321],[-61.4088,56.1306],[-61.4323,56.1504],[-61.3931,56.1757],[-61.3338,56.1799],[-61.4099,56.2228],[-61.5043,56.1951],[-61.5497,56.1908],[-61.5752,56.2172],[-61.6953,56.2228],[-61.7945,56.1976],[-61.815,56.2155],[-61.9386,56.2136],[-62.0293,56.2246],[-62.0356,56.2512],[-62.0734,56.2805],[-62.0439,56.3009],[-61.9776,56.2777],[-61.9422,56.2735],[-61.8924,56.296],[-61.8504,56.2825],[-61.785,56.2742],[-61.7956,56.2558],[-61.7379,56.2452],[-61.6844,56.2543],[-61.6725,56.2697],[-61.6089,56.2711],[-61.6314,56.3083],[-61.6638,56.3218],[-61.7867,56.3179],[-61.7726,56.3573],[-61.8212,56.3835],[-61.8156,56.4048],[-61.925,56.4143],[-61.9813,56.408],[-62.0435,56.4262],[-62.0721,56.4123],[-62.1623,56.4547],[-62.0891,56.4655],[-62.0409,56.4506],[-61.9539,56.457],[-61.9458,56.4725],[-62.0149,56.4854],[-62.0875,56.4829],[-62.074,56.5069],[-62.0169,56.4999],[-62.0179,56.5345],[-61.9411,56.5135],[-61.885,56.4885],[-61.8667,56.4968],[-61.8003,56.4848],[-61.7234,56.4907],[-61.6699,56.5037],[-61.641,56.5265],[-61.6952,56.5653],[-61.7599,56.5761],[-61.7661,56.5595],[-61.8743,56.5912],[-61.9298,56.5767],[-62.0938,56.5988],[-62.1445,56.5958],[-62.2104,56.6029],[-62.1896,56.6213],[-62.1409,56.6169],[-62.017,56.6176],[-61.9274,56.6059],[-61.9236,56.6271],[-61.9824,56.635],[-62.047,56.6247],[-62.1053,56.6617],[-62.1732,56.6858],[-62.2039,56.6823],[-62.3752,56.7139],[-62.3571,56.7408],[-62.2739,56.7144],[-62.1502,56.7014],[-61.998,56.6598],[-61.9106,56.6805],[-61.9359,56.6398],[-61.8956,56.6404],[-61.8684,56.6266],[-61.7801,56.6244],[-61.7415,56.6292],[-61.6827,56.6173],[-61.6426,56.6445],[-61.658,56.6536],[-61.7807,56.6714],[-61.8175,56.6861],[-61.8031,56.7094],[-61.762,56.6917],[-61.701,56.7085],[-61.7196,56.74],[-61.7463,56.7505],[-61.863,56.7595],[-61.8922,56.7321],[-61.9223,56.7852],[-61.9085,56.8088],[-61.8103,56.7884],[-61.7466,56.8019],[-61.6572,56.8102],[-61.6463,56.8861],[-61.569,56.912],[-61.5671,56.9551],[-61.4808,56.9862],[-61.4466,56.9768],[-61.4035,56.984],[-61.368,56.9574],[-61.3394,56.9619],[-61.3851,56.9976],[-61.3582,57.0243],[-61.3846,57.0505],[-61.3625,57.0988],[-61.4137,57.148],[-61.4598,57.148],[-61.4897,57.1652],[-61.5679,57.1558],[-61.6207,57.1606],[-61.6579,57.1433],[-61.7343,57.1614],[-61.6978,57.1788],[-61.7316,57.1957],[-61.7866,57.1742],[-61.8068,57.1967],[-61.8499,57.1748],[-61.8772,57.1815],[-61.9176,57.2194],[-62.0264,57.2531],[-61.9281,57.2565],[-61.8786,57.2649],[-61.8692,57.2273],[-61.838,57.2222],[-61.7877,57.2377],[-61.8654,57.2848],[-61.8939,57.3182],[-61.8509,57.3549],[-61.8062,57.3763],[-61.8853,57.3875],[-61.8794,57.3997],[-61.9685,57.4318],[-62.0166,57.4369],[-62.0626,57.4587],[-62.1129,57.4539],[-62.1844,57.4708],[-62.2339,57.4434],[-62.2806,57.4447],[-62.3549,57.4204],[-62.3829,57.4225],[-62.4281,57.4509],[-62.4648,57.4535],[-62.5329,57.4995],[-62.4117,57.4777],[-62.3553,57.4585],[-62.2524,57.5442],[-62.2105,57.5399],[-62.1836,57.5236],[-62.1104,57.5398],[-62.0958,57.5725],[-62.0096,57.6179],[-61.9605,57.6077],[-61.8956,57.6287],[-61.9049,57.6769],[-61.9643,57.6828],[-61.9544,57.7153],[-61.9977,57.7645],[-62.0426,57.7911],[-62.0852,57.7806],[-62.0746,57.8307],[-62.0307,57.8183],[-61.9681,57.7858],[-61.9009,57.8038],[-61.877,57.8452],[-61.9404,57.9147],[-62.0128,57.9139],[-62.0807,57.8816],[-62.0921,57.9367],[-62.1529,57.9693],[-62.2105,57.9186],[-62.2847,57.9476],[-62.3724,57.9628],[-62.4135,57.8807],[-62.4284,57.9396],[-62.4232,57.9618],[-62.5033,57.9762],[-62.578,57.9645],[-62.5967,57.949],[-62.6596,57.9297],[-62.6564,57.9551],[-62.624,57.9578],[-62.5871,57.9852],[-62.5301,57.9968],[-62.4268,57.9882],[-62.3655,58],[-62.3207,58.0213],[-62.3129,58.0418],[-62.4194,58.0789],[-62.3786,58.1069],[-62.4685,58.1034],[-62.5296,58.1077],[-62.4622,58.1445],[-62.4539,58.1636],[-62.5036,58.1785],[-62.5487,58.1695],[-62.5289,58.1212],[-62.5866,58.1292],[-62.5956,58.1609],[-62.663,58.1141],[-62.682,58.1325],[-62.7242,58.1406],[-62.7523,58.1159],[-62.7885,58.1327],[-62.8371,58.1362],[-62.95,58.1235],[-63.0005,58.0843],[-63.0909,58.0702],[-63.1117,58.0487],[-63.1243,58.0011],[-63.1689,57.993],[-63.2577,57.9952],[-63.3178,57.9757],[-63.3527,57.9836],[-63.2542,58.0104],[-63.2111,58.0066],[-63.1541,58.0199],[-63.1562,58.0883],[-63.1117,58.0886],[-63.0507,58.105],[-63.0135,58.1391],[-62.9473,58.1545],[-62.8046,58.1769],[-62.694,58.164],[-62.6555,58.1675],[-62.6153,58.2125],[-62.5825,58.2263],[-62.6993,58.2596],[-62.6802,58.2976],[-62.6364,58.2949],[-62.6099,58.3109],[-62.6283,58.3538],[-62.6136,58.3653],[-62.6467,58.4102],[-62.5645,58.4668],[-62.5641,58.4881],[-62.6391,58.502],[-62.6683,58.4865],[-62.7713,58.4868],[-62.8118,58.4994],[-62.8945,58.467],[-62.9185,58.4754],[-62.9711,58.4469],[-62.9923,58.424],[-63.0301,58.4519],[-63.0695,58.4455],[-63.0792,58.4134],[-63.1266,58.3958],[-63.094,58.4609],[-63.1378,58.4793],[-63.2833,58.4645],[-63.4318,58.3634],[-63.5149,58.3365],[-63.4912,58.3695],[-63.4176,58.3967],[-63.3982,58.4242],[-63.3389,58.4582],[-63.3631,58.4814],[-63.1658,58.5071],[-63.1477,58.5276],[-63.0459,58.5638],[-63.0175,58.5592],[-62.965,58.5863],[-62.904,58.601],[-62.9275,58.6212],[-62.8703,58.6445],[-62.8515,58.7013],[-62.8806,58.7134],[-62.9727,58.698],[-63.0171,58.7048],[-62.9194,58.7483],[-62.9218,58.7748],[-62.8989,58.8005],[-62.9092,58.8227],[-62.9784,58.8322],[-63.0284,58.8763],[-63.0237,58.8961],[-63.0851,58.8915],[-63.1179,58.8708],[-63.1154,58.8472],[-63.1833,58.8206],[-63.2131,58.864],[-63.3099,58.8535],[-63.3244,58.872],[-63.2149,58.8817],[-63.1694,58.9287],[-63.1698,58.9867],[-63.226,58.9785],[-63.2628,58.9479],[-63.3131,58.9505],[-63.2791,58.9763],[-63.2277,58.9967],[-63.238,59.0136],[-63.1514,59.0298],[-63.1404,59.0538],[-63.2323,59.0549],[-63.245,59.0677],[-63.3893,59.0951],[-63.4364,59.0631],[-63.4603,59.0728],[-63.5115,59.0589],[-63.5537,59.0348],[-63.6216,59.0415],[-63.6849,59.0334],[-63.7445,59.0115],[-63.7772,59.0397],[-63.8955,59.0528],[-63.9785,59.0777],[-63.9169,59.0862],[-63.8546,59.0661],[-63.7994,59.063],[-63.7528,59.0475],[-63.6492,59.0652],[-63.5889,59.0604],[-63.5199,59.0911],[-63.4491,59.1005],[-63.4076,59.1236],[-63.3649,59.202],[-63.4205,59.2078],[-63.3928,59.2828],[-63.4434,59.2843],[-63.4792,59.2732],[-63.501,59.2435],[-63.5834,59.2068],[-63.5979,59.2184],[-63.5242,59.2652],[-63.5152,59.3186],[-63.5344,59.3416],[-63.6137,59.3445],[-63.643,59.3612],[-63.7181,59.2954],[-63.7278,59.344],[-63.762,59.3612],[-63.7518,59.385],[-63.8595,59.3782],[-63.9851,59.3996],[-63.9934,59.4187],[-63.8837,59.4157],[-63.8518,59.4091],[-63.7943,59.4203],[-63.7722,59.4388],[-63.7615,59.4791],[-63.7221,59.5],[-63.7508,59.5375],[-63.8513,59.5661],[-63.8886,59.6202],[-63.9436,59.6115],[-64.0258,59.6242],[-64.0383,59.5618],[-64.0701,59.5774],[-64.0704,59.6005],[-64.0386,59.6447],[-63.9875,59.6472],[-63.9564,59.6356],[-63.9147,59.6658],[-63.9487,59.6871],[-64.0443,59.679],[-64.1679,59.6872],[-64.2388,59.7395],[-64.2571,59.7758],[-64.2021,59.772],[-64.156,59.7264],[-64.1592,59.7017],[-64.1008,59.6946],[-64.039,59.72],[-64.0052,59.7184],[-63.9594,59.7433],[-63.9496,59.7634],[-64.027,59.7842],[-64.028,59.8148],[-64.0543,59.8327],[-64.0336,59.849],[-64.0657,59.8739],[-64.1215,59.8496],[-64.1483,59.7918],[-64.1773,59.8547],[-64.1254,59.8983],[-64.2332,59.9468],[-64.3048,59.9487],[-64.2072,59.9777],[-64.1612,59.9763],[-64.1572,60.0133],[-64.2715,60.0556],[-64.3278,60.0296],[-64.3129,59.9985],[-64.3471,59.9843],[-64.376,59.9548],[-64.3707,59.9303],[-64.4206,59.9267],[-64.4827,59.8923],[-64.5288,59.8976],[-64.4304,59.9406],[-64.3964,59.9355],[-64.4083,59.986],[-64.3588,60.0469],[-64.4075,60.0577],[-64.4156,60.0881],[-64.3668,60.079],[-64.3668,60.131],[-64.4199,60.1153],[-64.4177,60.0875],[-64.4475,60.0643],[-64.4919,60.0801],[-64.4864,60.1206],[-64.4019,60.1589],[-64.3688,60.165],[-64.3677,60.1972],[-64.3967,60.2245],[-64.5102,60.2511],[-64.5771,60.2795],[-64.717,60.2493],[-64.7262,60.2659],[-64.6254,60.2908],[-64.554,60.2861],[-64.4466,60.2491],[-64.4157,60.2711],[-64.5235,60.3006],[-64.5973,60.3006],[-64.7234,60.2915],[-64.8538,60.2694],[-64.8639,60.2282],[-64.7499,60.1882],[-64.7456,60.1686],[-64.6025,60.167],[-64.5937,60.117],[-64.6331,60.1054],[-64.7353,60.1095],[-64.708,60.0846],[-64.7427,60.0561],[-64.8198,60.0505],[-64.8959,60.0662],[-64.861,59.9952],[-64.8402,59.9703],[-64.7828,59.9804],[-64.7471,59.9745],[-64.7322,59.9505],[-64.6622,59.9526],[-64.6636,59.9277],[-64.641,59.9074],[-64.6838,59.8772],[-64.7415,59.8893],[-64.7781,59.8528],[-64.8252,59.8256],[-64.7921,59.8122],[-64.814,59.783],[-64.79,59.7603],[-64.8015,59.7248],[-64.7605,59.7066],[-64.8249,59.676],[-64.8895,59.6622],[-64.8983,59.6418],[-64.8687,59.5864],[-64.9271,59.5932],[-64.9394,59.567],[-64.8396,59.5533],[-64.7641,59.5149],[-64.7631,59.4966],[-64.7286,59.4666],[-64.6798,59.4469],[-64.5897,59.4662],[-64.5615,59.4879],[-64.5053,59.5013],[-64.4338,59.542],[-64.3858,59.5238],[-64.3241,59.5128],[-64.4261,59.4649],[-64.458,59.4592],[-64.5116,59.423],[-64.5383,59.3708],[-64.4933,59.3496],[-64.5435,59.3104],[-64.4886,59.2571],[-64.5114,59.2389],[-64.5218,59.1967],[-64.4727,59.1804],[-64.4913,59.1364],[-64.4903,59.0991],[-64.4505,59.1029],[-64.417,59.0876],[-64.376,59.0926],[-64.3608,59.0673],[-64.3152,59.0656],[-64.2618,59.013],[-64.2944,59.0005],[-64.3877,59.0062],[-64.4603,58.9815],[-64.4978,59.0194],[-64.5228,59.0026],[-64.5706,59.0273],[-64.6307,59.0407],[-64.6703,59.0386],[-64.6833,59.0747],[-64.7792,59.075],[-64.8217,59.0493],[-64.8294,59.0203],[-64.865,59.0154],[-64.8403,58.9803],[-64.8393,58.937],[-64.8207,58.9169],[-64.7657,58.9238],[-64.7307,58.9508],[-64.6516,58.9438],[-64.6148,58.9075],[-64.5502,58.8875],[-64.5089,58.8876],[-64.4558,58.9082],[-64.3325,58.9046],[-64.2337,58.8641],[-64.2375,58.805],[-64.2297,58.7836],[-64.1788,58.789],[-64.1378,58.7462],[-64.0697,58.7691],[-64.0453,58.8104],[-63.9954,58.8137],[-63.8979,58.8374],[-63.8622,58.832],[-63.8121,58.8471],[-63.7777,58.8841],[-63.6803,58.8665],[-63.636,58.8487],[-63.5953,58.8572],[-63.5508,58.8366],[-63.4922,58.7685],[-63.5068,58.7426],[-63.6193,58.7239],[-63.7544,58.7167],[-63.8551,58.6964],[-63.91,58.7103],[-63.9503,58.6852],[-64.0472,58.7026],[-64.0789,58.6539],[-64.1079,58.6397],[-64.1159,58.6024],[-64.1049,58.5632],[-64.0469,58.5351],[-63.9736,58.5296],[-63.9467,58.5588],[-63.9074,58.5735],[-63.8582,58.5638],[-63.8488,58.5335],[-63.8587,58.5045],[-63.8078,58.4897],[-63.8811,58.4294],[-63.9242,58.4449],[-63.9866,58.4444],[-64.0132,58.424],[-64.0225,58.371],[-64.0617,58.3609],[-64.1722,58.3619],[-64.1846,58.3171],[-64.2178,58.2477],[-64.2475,58.2274],[-64.3736,58.2084],[-64.4217,58.1867],[-64.4331,58.0699],[-64.3205,58.0615],[-64.2993,58.0445],[-64.251,58.0387],[-64.2047,57.9736],[-64.1904,57.9307],[-64.1625,57.9229],[-64.1566,57.8902],[-64.1167,57.8111],[-64.0922,57.8027],[-64.072,57.77],[-64.026,57.7644],[-64.034,57.7914],[-63.9972,57.8121],[-63.9386,57.7886],[-63.9038,57.7982],[-63.9072,57.7514],[-63.8834,57.7126],[-63.8475,57.719],[-63.7899,57.6875],[-63.7536,57.7207],[-63.7353,57.6628],[-63.7028,57.6638],[-63.6594,57.7018],[-63.6681,57.7239],[-63.5968,57.7412],[-63.5987,57.6638],[-63.65,57.6201],[-63.6995,57.6153],[-63.7719,57.5925],[-63.7512,57.5357],[-63.7752,57.4936],[-63.7613,57.4393],[-63.7103,57.4226],[-63.7234,57.3983],[-63.7013,57.3683],[-63.7855,57.3532],[-63.8017,57.3323],[-63.8558,57.3343],[-63.8834,57.2776],[-63.867,57.2261],[-63.8447,57.226],[-63.8091,57.2622],[-63.7415,57.2408],[-63.7371,57.2216],[-63.771,57.196],[-63.7797,57.1618],[-63.7649,57.1399],[-63.8201,57.0755],[-63.8901,57.0861],[-63.8919,57.0128],[-63.8578,56.9992],[-63.9141,56.9776],[-63.9081,56.9275],[-63.8674,56.8834],[-63.9839,56.8611],[-64.013,56.8498],[-64.0128,56.7787],[-64.0789,56.767],[-64.1453,56.6998],[-64.0908,56.6538],[-64.0249,56.653],[-64.0505,56.6063],[-63.9311,56.5338],[-63.9443,56.4931],[-63.9306,56.4662],[-63.8977,56.469],[-63.8729,56.449],[-63.993,56.4082],[-64.0206,56.4179],[-64.0955,56.4241],[-64.1527,56.4411],[-64.178,56.4252],[-64.1154,56.4021],[-64.1278,56.3699],[-64.0994,56.3519],[-64.1094,56.3226],[-64.1434,56.312],[-64.0905,56.2799],[-64.0874,56.2569],[-64.0221,56.2678],[-63.9671,56.2564],[-63.9129,56.2635],[-63.9115,56.2308],[-63.8629,56.2126],[-64.0047,56.1733],[-64.036,56.1549],[-64.0021,56.1027],[-64.0358,56.0822],[-64.0181,56.0673],[-63.9531,56.0882],[-63.8837,56.137],[-63.8383,56.1225],[-63.8396,56.1006],[-63.8111,56.0846],[-63.8379,56.045],[-63.7742,56.0536],[-63.7313,56.0702],[-63.683,56.0596],[-63.6904,56.0439],[-63.6367,56.0235],[-63.5776,56.0251],[-63.4958,56.04],[-63.4435,56.0295],[-63.4874,55.9875],[-63.505,56.0014],[-63.563,56.0059],[-63.6356,55.9653],[-63.6681,55.9695],[-63.6881,55.9482],[-63.7339,55.928],[-63.7926,55.9315],[-63.8451,55.8791],[-63.7736,55.8561],[-63.777,55.8015],[-63.7171,55.7804],[-63.6754,55.792],[-63.6742,55.7593],[-63.7251,55.7266],[-63.716,55.6577],[-63.6685,55.6523],[-63.6827,55.6091],[-63.6815,55.5757],[-63.6655,55.546],[-63.6915,55.5087],[-63.7755,55.4817],[-63.7806,55.4655],[-63.7367,55.4382],[-63.6654,55.4231],[-63.6309,55.4303],[-63.5784,55.4205],[-63.4786,55.4292],[-63.4491,55.412],[-63.393,55.4048],[-63.3518,55.4184],[-63.3198,55.4118],[-63.3248,55.366],[-63.4422,55.3441],[-63.482,55.3498],[-63.5519,55.3449],[-63.5907,55.3332],[-63.5421,55.3097],[-63.6441,55.2878],[-63.6795,55.2669],[-63.6225,55.2426],[-63.5474,55.2255],[-63.5084,55.2321],[-63.4626,55.2553],[-63.4227,55.243],[-63.4319,55.2113],[-63.5629,55.1876],[-63.5415,55.1601],[-63.6114,55.0908],[-63.6065,55.0612],[-63.5564,55.0344],[-63.6061,55.0084],[-63.5575,54.9899],[-63.5975,54.9594],[-63.6045,54.9263],[-63.6613,54.9],[-63.7519,54.9423],[-63.8205,54.948],[-63.8377,54.9145],[-63.849,54.8626],[-63.8172,54.8169],[-63.8718,54.8005],[-63.9037,54.8011],[-63.924,54.7784],[-63.8897,54.7684],[-63.803,54.7256],[-63.7689,54.6998],[-63.7631,54.6737],[-63.7238,54.6598],[-63.7126,54.625],[-63.7428,54.6264],[-63.8134,54.6508],[-63.8307,54.6329],[-63.9114,54.6042],[-63.9744,54.6201],[-64.004,54.6021],[-64.0543,54.6009],[-64.113,54.6335],[-64.1062,54.6604],[-64.1418,54.667],[-64.1807,54.6936],[-64.1902,54.728],[-64.2261,54.7194],[-64.2756,54.728],[-64.2945,54.7533],[-64.3975,54.7905],[-64.4861,54.7934],[-64.4748,54.7522],[-64.5142,54.7513],[-64.5569,54.7137],[-64.6003,54.7289],[-64.6229,54.7219],[-64.68,54.7357],[-64.731,54.7256],[-64.7781,54.7335],[-64.7762,54.7881],[-64.7479,54.814],[-64.7839,54.8428],[-64.8159,54.849],[-64.8568,54.8401],[-64.8469,54.8738],[-64.9026,54.9016],[-64.915,54.92],[-64.9719,54.9374],[-65.0096,54.931],[-65.0706,54.9536],[-65.0858,54.9696],[-65.1264,54.9615],[-65.1345,54.9282],[-65.1729,54.9336],[-65.1788,54.9053],[-65.2017,54.8805],[-65.2096,54.848],[-65.3257,54.8487],[-65.3558,54.8188],[-65.4114,54.8418],[-65.4563,54.8492],[-65.4867,54.8201],[-65.4346,54.7842],[-65.4291,54.7481],[-65.4555,54.7286],[-65.5136,54.736],[-65.5488,54.7292],[-65.5926,54.743],[-65.6485,54.7352],[-65.6901,54.7115],[-65.7774,54.8028],[-65.8383,54.8365],[-65.8531,54.8559],[-65.8366,54.882],[-65.8498,54.9272],[-65.888,54.9253],[-65.9247,54.9401],[-65.9651,54.9298],[-66.0234,54.942],[-66.0645,54.9291],[-66.1436,54.9823],[-66.2101,54.9791],[-66.2603,55.0002],[-66.2829,55.0321],[-66.3036,55.0355],[-66.355,55.0832],[-66.4664,55.1603],[-66.4953,55.2051],[-66.5164,55.1953],[-66.5456,55.2354],[-66.6028,55.269],[-66.6698,55.2694],[-66.6969,55.3053],[-66.7785,55.3524],[-66.8187,55.3553],[-66.8007,55.323],[-66.8237,55.307],[-66.7864,55.2731],[-66.7072,55.2271],[-66.7489,55.2157],[-66.7606,55.1878],[-66.7467,55.1585],[-66.7887,55.1184],[-66.7549,55.1136],[-66.7555,55.0868],[-66.735,55.0441],[-66.6821,55.0297],[-66.6271,54.9849],[-66.6481,54.9771],[-66.686,55.0001],[-66.7494,55],[-66.7422,54.9695],[-66.6814,54.9237],[-66.6897,54.898],[-66.6636,54.882],[-66.632,54.8357],[-66.6027,54.8135],[-66.6594,54.7702],[-66.7169,54.7884],[-66.7181,54.7608],[-66.6628,54.7289],[-66.6753,54.7092],[-66.7499,54.7585],[-66.8127,54.7794],[-66.8757,54.816],[-66.927,54.8022],[-66.9478,54.8223],[-67.0399,54.8681],[-67.0565,54.8949],[-67.2575,55.0213],[-67.2633,55.0455],[-67.2437,55.0596],[-67.3228,55.0891],[-67.4096,55.0886],[-67.4637,55.0629],[-67.4396,55.0325],[-67.4459,55.0085],[-67.4019,54.989],[-67.3998,54.9579],[-67.3577,54.9397],[-67.3351,54.9035],[-67.2827,54.8677],[-67.2592,54.8338],[-67.2214,54.8249],[-67.2134,54.7927],[-67.1775,54.764],[-67.1377,54.75],[-67.0629,54.6929],[-67.0767,54.6711],[-67.129,54.6577],[-67.1386,54.6245],[-67.1758,54.6095],[-67.2202,54.6181],[-67.2312,54.5876],[-67.2799,54.5853],[-67.2778,54.5487],[-67.2278,54.5253],[-67.2449,54.5],[-67.2866,54.4903],[-67.3035,54.512],[-67.3492,54.517],[-67.429,54.5692],[-67.4917,54.5849],[-67.5269,54.571],[-67.4847,54.5454],[-67.4731,54.5201],[-67.5,54.5069],[-67.5004,54.4815],[-67.5817,54.4941],[-67.5926,54.469],[-67.6279,54.4736],[-67.6664,54.4936],[-67.6678,54.4538],[-67.7764,54.4353],[-67.7247,54.3869],[-67.748,54.3503],[-67.6764,54.3185],[-67.6723,54.2851],[-67.6882,54.2731],[-67.6773,54.2417],[-67.6283,54.2128],[-67.6753,54.1588],[-67.7296,54.1513],[-67.765,54.157],[-67.8103,54.1281],[-67.8055,54.1062],[-67.7618,54.086],[-67.8217,54.0257],[-67.7873,54],[-67.7252,53.9778],[-67.6998,53.9766],[-67.662,53.9523],[-67.6626,53.9281],[-67.5963,53.9217],[-67.6142,53.8849],[-67.5715,53.8456],[-67.4996,53.8269],[-67.5451,53.7982],[-67.5922,53.7575],[-67.5,53.7573],[-67.5063,53.7191],[-67.4337,53.7065],[-67.3968,53.6829],[-67.4131,53.6669],[-67.3894,53.6423],[-67.3947,53.6147],[-67.3136,53.5842],[-67.3237,53.559],[-67.2863,53.5435],[-67.2574,53.5574],[-67.2188,53.5303],[-67.1577,53.5376],[-67.0999,53.5267],[-67.062,53.5371],[-67.0303,53.5267],[-66.9963,53.4846],[-66.9958,53.4642],[-66.9445,53.4761],[-66.925,53.4545],[-66.9244,53.4187],[-66.9661,53.3646],[-67.0271,53.3346],[-66.9584,53.3065],[-66.9543,53.2836],[-66.9762,53.2456],[-66.9781,53.2133],[-66.9596,53.1817],[-67.0061,53.1685],[-66.9844,53.0879],[-67.0416,53.0761],[-67.069,53.1008],[-67.0468,53.1185],[-67.0612,53.1419],[-67.1153,53.1119],[-67.1542,53.1472],[-67.2177,53.1497],[-67.2739,53.1801],[-67.3027,53.1589],[-67.2872,53.1439],[-67.3321,53.1241],[-67.3714,53.1353],[-67.3923,53.1209],[-67.3808,53.0463],[-67.3327,52.9598],[-67.3557,52.9286],[-67.3419,52.8962],[-67.3168,52.8754],[-67.2685,52.8777],[-67.2275,52.8418],[-67.1549,52.8228],[-67.1556,52.8498],[-67.0743,52.8755],[-67.0541,52.8681],[-67.0477,52.8372],[-67.067,52.7751],[-67.0343,52.747],[-66.9898,52.7622],[-66.9493,52.7596],[-66.9439,52.7369],[-66.9173,52.7152],[-66.8945,52.6767],[-66.8491,52.6779],[-66.8765,52.7135],[-66.8537,52.7211],[-66.7721,52.6962],[-66.7476,52.703],[-66.7537,52.7515],[-66.6863,52.7637],[-66.6802,52.791],[-66.6461,52.7889],[-66.6648,52.8309],[-66.645,52.8528],[-66.6637,52.8855],[-66.6503,52.9219],[-66.6256,52.9542],[-66.577,52.9368],[-66.507,52.9501],[-66.4887,52.9857],[-66.4619,53.0001],[-66.475,53.0425],[-66.4318,53.0482],[-66.3935,53.0212],[-66.3608,53.0144],[-66.3267,52.9726],[-66.322,52.9389],[-66.2727,52.896],[-66.2609,52.8743],[-66.2946,52.8601],[-66.3794,52.8775],[-66.4107,52.8724],[-66.4139,52.8487],[-66.3542,52.8026],[-66.3083,52.7286],[-66.3388,52.6846],[-66.2774,52.6345],[-66.2846,52.6042],[-66.3093,52.6046],[-66.3408,52.6455],[-66.3887,52.6823],[-66.4403,52.6364],[-66.3747,52.5728],[-66.3652,52.5542],[-66.3703,52.513],[-66.3556,52.4732],[-66.3908,52.4659],[-66.3588,52.4308],[-66.3729,52.413],[-66.3417,52.3972],[-66.344,52.3604],[-66.3702,52.3539],[-66.4199,52.383],[-66.4366,52.3588],[-66.4905,52.3416],[-66.4462,52.2975],[-66.4329,52.2662],[-66.4704,52.2557],[-66.4233,52.2198],[-66.3896,52.2126],[-66.3568,52.1766],[-66.3798,52.1626],[-66.3301,52.1359],[-66.2694,52.1492],[-66.2641,52.1652],[-66.2994,52.2432],[-66.3126,52.2855],[-66.26,52.3093],[-66.2496,52.274],[-66.2181,52.2571],[-66.2084,52.2341],[-66.16,52.2317],[-66.0979,52.1955],[-66.0772,52.1623],[-66.0782,52.1247],[-66.0964,52.1078],[-66.0496,52.0854],[-66.0156,52.0799],[-65.9962,52.0547],[-65.9704,52.0565],[-65.9548,52.0999],[-65.8977,52.0761],[-65.877,52.1104],[-65.842,52.1165],[-65.7616,52.1043],[-65.7383,52.0852],[-65.6866,52.1038],[-65.6486,52.0809],[-65.6512,52.0553],[-65.6799,52.0415],[-65.6686,51.9944],[-65.6468,51.9873],[-65.6205,52.043],[-65.5983,52.0349],[-65.5484,52.0389],[-65.5307,52.0708],[-65.4901,52.1021],[-65.4961,52.0502],[-65.4562,52.0111],[-65.4268,52.004],[-65.4123,51.9713],[-65.3712,51.9673],[-65.3548,51.9427],[-65.3976,51.8908],[-65.3626,51.8642],[-65.355,51.8299],[-65.3178,51.8508],[-65.3002,51.878],[-65.2539,51.8615],[-65.2651,51.839],[-65.2102,51.8129],[-65.1696,51.8221],[-65.1687,51.7898],[-65.1861,51.7756],[-65.1077,51.7487],[-65.0826,51.7462],[-65.0492,51.7696],[-64.9992,51.75],[-64.987,51.7314],[-64.9307,51.7143],[-64.9164,51.735],[-64.9247,51.7779],[-64.8478,51.7625],[-64.8118,51.7778],[-64.7731,51.7531],[-64.7098,51.756],[-64.7079,51.7293],[-64.6774,51.7014],[-64.6535,51.7015],[-64.6211,51.6681],[-64.6242,51.629],[-64.5969,51.6276],[-64.5544,51.5758],[-64.5076,51.6055],[-64.4566,51.6268],[-64.4173,51.675],[-64.3956,51.664],[-64.3371,51.6653],[-64.2783,51.7464],[-64.3048,51.7628],[-64.3025,51.8036],[-64.3527,51.8493],[-64.3443,51.9127],[-64.3417,51.9859],[-64.323,51.9944],[-64.2801,51.9748],[-64.234,51.9909],[-64.2794,52.0376],[-64.2919,52.0776],[-64.2515,52.0797],[-64.2539,52.1215],[-64.1774,52.1338],[-64.1608,52.146],[-64.2007,52.177],[-64.2176,52.2571],[-64.2466,52.2754],[-64.2256,52.3025],[-64.1801,52.3064],[-64.1674,52.3615],[-64.138,52.3669],[-64.1092,52.3941],[-64.1147,52.42],[-64.1426,52.4679],[-64.1519,52.5199],[-64.2111,52.5736],[-64.1947,52.5958],[-64.1545,52.6034],[-64.1701,52.6237],[-64.1531,52.6404],[-64.1535,52.6731],[-64.1277,52.6864],[-64.1476,52.7137],[-64.1374,52.7292],[-64.0373,52.7382],[-63.9827,52.7254],[-63.9374,52.731],[-63.9213,52.7564],[-63.8729,52.774],[-63.819,52.7585],[-63.7644,52.7741],[-63.7215,52.7703],[-63.7195,52.799],[-63.6601,52.8112],[-63.6417,52.8373],[-63.5997,52.8243],[-63.5954,52.7943],[-63.6177,52.7717],[-63.5759,52.761],[-63.5263,52.7254],[-63.4593,52.7179],[-63.3807,52.6652],[-63.4442,52.6447],[-63.4823,52.6505],[-63.5973,52.6479],[-63.7165,52.6309],[-63.7722,52.6325],[-63.8504,52.6259],[-63.9359,52.6056],[-64.0157,52.5771],[-64.0877,52.5065],[-64.0969,52.4744],[-64.0897,52.4459],[-64.0259,52.4058],[-64.0374,52.3921],[-64.0146,52.3637],[-63.9659,52.3573],[-63.861,52.3191],[-63.828,52.3345],[-63.7681,52.3279],[-63.7717,52.2828],[-63.7506,52.2584],[-63.7486,52.2302],[-63.7119,52.1979],[-63.7175,52.186],[-63.6908,52.123],[-63.708,52.0933],[-63.6621,52.0664],[-63.7,52.0448],[-63.7701,52.0793],[-63.821,52.0867],[-63.8411,52.0565],[-63.8124,52.032],[-63.8015,51.9978],[-63.533,51.9973],[-62.8442,51.997],[-62.5,51.9973],[-61.8065,51.9958],[-61.1299,51.9962],[-60.4417,51.9965],[-60.2017,51.9972],[-59.0344,51.997],[-58.3229,51.9971],[-57.9647,51.9964],[-57.3194,51.9979],[-57.1078,51.9985],[-57.1055,51.6565],[-57.1085,51.4156]]]]}},
{"type":"Feature","id":"CAN:ADM1:CA-PE","properties":{"shapeName":"Prince Edward Island","shapeISO":"CA-PE","shapeType":"ADM1"},"geometry":{"type":"Polygon","coordinates":[[[-61.9861,46.4629],[-62.0682,46.4683],[-62.1467,46.4841],[-62.2635,46.4753],[-62.4114,46.4675],[-62.4716,46.4746],[-62.5379,46.4682],[-62.629,46.4676],[-62.6904,46.4564],[-62.6543,46.4167],[-62.7266,46.4326],[-62.7417,46.4434],[-62.8329,46.4329],[-62.9061,46.4311],[-62.9808,46.4144],[-62.97,46.4032],[-62.9881,46.3599],[-63.0427,46.4132],[-63.1335,46.43],[-63.1327,46.4129],[-63.1904,46.4133],[-63.211,46.4257],[-63.2697,46.4233],[-63.312,46.4897],[-63.4176,46.5026],[-63.4653,46.4758],[-63.4993,46.4995],[-63.4919,46.5251],[-63.6197,46.5586],[-63.656,46.5431],[-63.7185,46.556],[-63.7301,46.5329],[-63.6982,46.5274],[-63.7473,46.498],[-63.7009,46.4739],[-63.6953,46.4549],[-63.7279,46.4353],[-63.759,46.448],[-63.7927,46.445],[-63.812,46.4674],[-63.8084,46.4954],[-63.8446,46.5038],[-63.8666,46.5264],[-63.8534,46.5704],[-63.8775,46.598],[-63.8789,46.6389],[-63.9791,46.7159],[-64.0175,46.7407],[-64.0512,46.7398],[-64.0735,46.7842],[-64.0077,46.8553],[-63.9747,46.8812],[-63.9766,46.912],[-63.9919,46.9368],[-63.9893,47.051],[-64,47.055],[-64.0483,47.0059],[-64.1339,46.9614],[-64.1651,46.9501],[-64.2262,46.8954],[-64.2598,46.8341],[-64.2872,46.806],[-64.3748,46.747],[-64.4099,46.7068],[-64.4113,46.6578],[-64.3823,46.6152],[-64.301,46.6302],[-64.2628,46.6249],[-64.2173,46.63],[-64.127,46.5877],[-64.107,46.6025],[-64.0556,46.5763],[-64.1104,46.5253],[-64.1058,46.4486],[-64.1406,46.4301],[-64.1353,46.4021],[-64.0539,46.3965],[-64.0045,46.3852],[-63.9578,46.3967],[-63.9391,46.4187],[-63.8403,46.3914],[-63.7603,46.3916],[-63.7492,46.3459],[-63.7803,46.3551],[-63.795,46.3201],[-63.7494,46.3051],[-63.7062,46.2785],[-63.7012,46.2515],[-63.6694,46.2451],[-63.6166,46.2154],[-63.5258,46.2031],[-63.4871,46.215],[-63.4498,46.1861],[-63.4007,46.1699],[-63.3613,46.1654],[-63.2477,46.1288],[-63.2018,46.1541],[-63.1553,46.1696],[-63.1293,46.1898],[-63.1435,46.2082],[-63.2179,46.1797],[-63.2295,46.1951],[-63.1623,46.2136],[-63.1201,46.2314],[-63.0552,46.292],[-63.0241,46.2814],[-63.0493,46.2599],[-63.0926,46.2418],[-63.1261,46.2071],[-63.0838,46.1991],[-63.0225,46.1749],[-62.9866,46.1737],[-62.9781,46.1966],[-62.9422,46.1865],[-62.963,46.1489],[-62.9617,46.1264],[-62.8874,46.1274],[-62.9163,46.0907],[-62.9653,46.0753],[-62.956,46.0547],[-62.899,46.0154],[-62.8518,45.9735],[-62.8297,45.9643],[-62.75,45.9569],[-62.7274,45.964],[-62.6686,45.9586],[-62.5599,45.9663],[-62.5,45.9789],[-62.4571,46.0035],[-62.4755,46.02],[-62.5275,46.0176],[-62.5297,46.0454],[-62.4813,46.0455],[-62.4493,46.0904],[-62.4689,46.121],[-62.5153,46.1207],[-62.5298,46.133],[-62.5241,46.1807],[-62.4921,46.2153],[-62.4428,46.2084],[-62.4088,46.2126],[-62.4209,46.2588],[-62.3851,46.2597],[-62.3576,46.2764],[-62.3908,46.3023],[-62.346,46.3087],[-62.364,46.3326],[-62.3386,46.3533],[-62.2934,46.3338],[-62.2705,46.3435],[-62.1824,46.3499],[-62.1575,46.3665],[-62.0973,46.3824],[-62.0567,46.4114],[-62.0057,46.43],[-61.9861,46.4629]]]}},
{"type":"Feature","id":"CAN:ADM1:CA-NS","properties":{"shapeName":"Nova Scotia","shapeISO":"CA-NS","shapeType":"ADM1"},"geometry":{"type":"MultiPolygon","coordinates":[[[[-65.3017,43.6599],[-65.2991,43.6263],[-65.2626,43.6268],[-65.3017,43.6599]]],[[[-61.1457,45.5484],[-61.1967,45.5435],[-61.1876,45.5163],[-61.1471,45.5292],[-61.1457,45.5484]]],[[[-64.3449,44.2107],[-64.3801,44.1923],[-64.3464,44.1808],[-64.3449,44.2107]]],[[[-65.4262,43.5478],[-65.422,43.4915],[-65.4008,43.4918],[-65.4074,43.5364],[-65.4262,43.5478]]],[[[-66.3413,44.287],[-66.3929,44.2463],[-66.3642,44.2377],[-66.3413,44.287]]],[[[-62.5115,45.8226],[-62.5728,45.8234],[-62.5568,45.8023],[-62.5115,45.8226]]],[[[-59.8017,46.1244],[-59.8777,46.1033],[-59.8802,46.0705],[-59.8017,46.1244]]],[[[-59.6742,46.0341],[-59.7205,46.0314],[-59.7336,46.0187],[-59.7941,46.0034],[-59.7071,45.9934],[-59.7124,46.0221],[-59.6742,46.0341]]],[[[-66.2146,44.4035],[-66.2679,44.3521],[-66.3338,44.2776],[-66.3179,44.2724],[-66.2608,44.3193],[-66.2108,44.3838],[-66.2146,44.4035]]],[[[-65.6061,43.5138],[-65.6179,43.4875],[-65.6513,43.4479],[-65.6166,43.4277],[-65.5949,43.4337],[-65.5585,43.4758],[-65.569,43.4969],[-65.6061,43.5138]]],[[[-60.8906,45.5769],[-60.9263,45.5791],[-60.9438,45.5929],[-60.9862,45.5842],[-61.0401,45.5882],[-61.0961,45.5734],[-61.112,45.5528],[-61.0857,45.5169],[-61.0662,45.5082],[-61.0041,45.5121],[-60.9797,45.5221],[-60.9662,45.5496],[-60.898,45.5622],[-60.8906,45.5769]]],[[[-60.2866,46.3096],[-60.2939,46.3354],[-60.3635,46.3173],[-60.4226,46.2837],[-60.5083,46.2092],[-60.5444,46.1924],[-60.5937,46.1328],[-60.654,46.0981],[-60.6549,46.0715],[-60.6084,46.0872],[-60.5265,46.1489],[-60.4634,46.1805],[-60.4135,46.2257],[-60.3628,46.2402],[-60.3262,46.2312],[-60.2953,46.2559],[-60.3023,46.2801],[-60.2866,46.3096]]],[[[-64.2749,45.8385],[-64.2444,45.8236],[-64.3213,45.7559],[-64.3414,45.7681],[-64.2954,45.8056],[-64.3175,45.8243],[-64.3789,45.7868],[-64.3818,45.7699],[-64.4333,45.7494],[-64.4497,45.7337],[-64.4379,45.7073],[-64.4539,45.6837],[-64.5043,45.6628],[-64.5656,45.6158],[-64.6502,45.5816],[-64.6538,45.5632],[-64.6881,45.5358],[-64.7105,45.5334],[-64.8273,45.4856],[-64.8267,45.4677],[-64.9142,45.4298],[-64.9267,45.4109],[-64.9427,45.3279],[-64.8501,45.3542],[-64.7722,45.3239],[-64.7699,45.3017],[-64.7094,45.3136],[-64.7025,45.3652],[-64.6736,45.3831],[-64.5783,45.405],[-64.5467,45.4061],[-64.5073,45.3915],[-64.4564,45.3955],[-64.4457,45.3821],[-64.3913,45.3693],[-64.3175,45.3907],[-64.2511,45.3781],[-64.2471,45.3903],[-64.1766,45.4012],[-64.068,45.4077],[-64.0396,45.3842],[-63.9774,45.3998],[-63.9467,45.3941],[-63.9227,45.3657],[-63.8924,45.3519],[-63.8684,45.3803],[-63.8042,45.3989],[-63.7473,45.4002],[-63.7174,45.3893],[-63.6592,45.3955],[-63.6016,45.3923],[-63.5164,45.3704],[-63.3881,45.3615],[-63.4763,45.3321],[-63.4788,45.3171],[-63.5397,45.3353],[-63.5611,45.3158],[-63.6293,45.3143],[-63.727,45.319],[-63.8018,45.3134],[-63.8075,45.2908],[-63.892,45.2789],[-64.1552,45.196],[-64.1683,45.1616],[-64.2235,45.1081],[-64.3009,45.1377],[-64.3295,45.1359],[-64.3355,45.1032],[-64.3981,45.1421],[-64.3512,45.1655],[-64.3668,45.1979],[-64.3519,45.2546],[-64.3263,45.2757],[-64.3337,45.299],[-64.3938,45.3216],[-64.3972,45.2849],[-64.4123,45.2686],[-64.4748,45.2398],[-64.5372,45.2252],[-64.6067,45.2002],[-64.6454,45.1971],[-64.7208,45.175],[-64.7613,45.1705],[-64.7971,45.1537],[-64.8851,45.1285],[-64.9498,45.1033],[-65.0772,45.0348],[-65.1602,45.0034],[-65.2267,44.9636],[-65.3007,44.9345],[-65.4483,44.8637],[-65.5106,44.8245],[-65.6397,44.7697],[-65.7424,44.7115],[-65.76,44.6863],[-65.7305,44.6678],[-65.6262,44.7125],[-65.6003,44.6962],[-65.6199,44.6581],[-65.6997,44.6147],[-65.7192,44.619],[-65.759,44.6037],[-65.7575,44.6614],[-65.7845,44.6912],[-65.9144,44.6159],[-65.9521,44.6083],[-66.0017,44.5765],[-66.1185,44.4898],[-66.2056,44.4065],[-66.1973,44.3773],[-66.1292,44.4445],[-66.0986,44.4637],[-66.0473,44.5099],[-65.9973,44.5402],[-65.9829,44.5573],[-65.9365,44.5792],[-65.9104,44.5702],[-65.8625,44.5882],[-65.8455,44.5694],[-65.8786,44.5325],[-65.9454,44.4856],[-65.9757,44.4827],[-66.0202,44.4457],[-66.0643,44.3864],[-66.1087,44.3544],[-66.1368,44.2779],[-66.1337,44.2488],[-66.155,44.1971],[-66.1787,44.1802],[-66.2139,44.098],[-66.1782,44.0734],[-66.1531,43.9906],[-66.1685,43.9734],[-66.1522,43.9395],[-66.1666,43.911],[-66.1511,43.8596],[-66.1507,43.8306],[-66.1239,43.8177],[-66.1394,43.7938],[-66.126,43.75],[-66.1011,43.7743],[-66.0428,43.7459],[-66.028,43.7304],[-65.9634,43.7374],[-65.9578,43.8008],[-65.9418,43.8186],[-65.9149,43.8126],[-65.8882,43.7672],[-65.8421,43.7671],[-65.8373,43.7331],[-65.8141,43.6875],[-65.8215,43.6636],[-65.8132,43.6024],[-65.7879,43.6175],[-65.8034,43.641],[-65.7936,43.6826],[-65.7642,43.672],[-65.7684,43.6319],[-65.7865,43.5669],[-65.7794,43.5535],[-65.7344,43.5468],[-65.737,43.5065],[-65.7276,43.4904],[-65.63,43.5106],[-65.6059,43.5263],[-65.5951,43.559],[-65.5552,43.5508],[-65.5456,43.5134],[-65.4906,43.4882],[-65.4473,43.5343],[-65.4569,43.5626],[-65.4401,43.5924],[-65.4102,43.5562],[-65.386,43.5493],[-65.3329,43.6113],[-65.3476,43.6265],[-65.3288,43.6476],[-65.327,43.6777],[-65.3694,43.7416],[-65.337,43.7303],[-65.3238,43.6915],[-65.2591,43.6583],[-65.2467,43.6688],[-65.2255,43.7239],[-65.2412,43.7551],[-65.227,43.7753],[-65.1868,43.7095],[-65.1425,43.7404],[-65.1223,43.7072],[-65.0804,43.7299],[-65.0764,43.6968],[-65.0296,43.7169],[-64.9869,43.7475],[-64.9531,43.7549],[-64.9475,43.7783],[-64.9243,43.7949],[-64.8868,43.7965],[-64.894,43.8192],[-64.8805,43.8434],[-64.8362,43.8324],[-64.8162,43.8694],[-64.784,43.8644],[-64.7906,43.8934],[-64.8471,43.9184],[-64.7972,43.949],[-64.7607,43.9518],[-64.7155,43.9689],[-64.7022,43.9875],[-64.6613,43.9898],[-64.6548,44.0404],[-64.6215,44.0687],[-64.5679,44.0669],[-64.5449,44.1208],[-64.5725,44.1439],[-64.48,44.1525],[-64.4699,44.1788],[-64.4374,44.1979],[-64.4344,44.224],[-64.4023,44.2508],[-64.3688,44.2599],[-64.3556,44.2839],[-64.3253,44.2638],[-64.2807,44.2607],[-64.256,44.2783],[-64.2973,44.2916],[-64.2958,44.3156],[-64.3341,44.334],[-64.3336,44.3611],[-64.2169,44.3592],[-64.2158,44.3696],[-64.2917,44.3839],[-64.3265,44.4047],[-64.349,44.4468],[-64.3194,44.4541],[-64.3065,44.5255],[-64.2842,44.5565],[-64.264,44.5391],[-64.2129,44.5376],[-64.2095,44.5754],[-64.1541,44.5735],[-64.1173,44.54],[-64.1253,44.5049],[-64.1129,44.4781],[-64.0807,44.47],[-64.0648,44.5036],[-64.0174,44.5094],[-64.0084,44.5209],[-64.0374,44.57],[-64.0614,44.5848],[-64.0584,44.6146],[-63.994,44.6539],[-63.928,44.6646],[-63.9228,44.63],[-63.9395,44.6039],[-63.9162,44.5833],[-63.9419,44.5566],[-63.9384,44.5055],[-63.8932,44.4887],[-63.8478,44.5223],[-63.826,44.524],[-63.8179,44.4842],[-63.8005,44.47],[-63.7663,44.4782],[-63.7104,44.4635],[-63.6356,44.467],[-63.5838,44.4833],[-63.553,44.4674],[-63.5189,44.5031],[-63.5591,44.5567],[-63.5438,44.5862],[-63.5724,44.6148],[-63.5725,44.6511],[-63.601,44.6731],[-63.6347,44.6655],[-63.6589,44.6822],[-63.6709,44.72],[-63.6136,44.7026],[-63.6131,44.6822],[-63.56,44.6655],[-63.5413,44.6391],[-63.4519,44.589],[-63.4488,44.6116],[-63.4171,44.6178],[-63.4208,44.6492],[-63.3606,44.6498],[-63.3246,44.6385],[-63.2622,44.6573],[-63.2404,44.6837],[-63.2598,44.7218],[-63.1886,44.6844],[-63.1438,44.6897],[-63.1229,44.7267],[-63.1257,44.7902],[-63.1039,44.7839],[-63.1124,44.7488],[-63.0997,44.7241],[-63.048,44.6728],[-63.0237,44.6893],[-63.0079,44.7193],[-63.0394,44.7341],[-63.0701,44.769],[-63.0427,44.7797],[-63.0041,44.7674],[-63.0175,44.7416],[-62.9828,44.7024],[-62.9585,44.7233],[-62.8936,44.7274],[-62.8549,44.7084],[-62.8201,44.7094],[-62.832,44.7364],[-62.799,44.7659],[-62.6738,44.7941],[-62.6394,44.8079],[-62.6111,44.8344],[-62.5274,44.8484],[-62.4976,44.8717],[-62.426,44.8595],[-62.417,44.9003],[-62.3739,44.8936],[-62.3459,44.9127],[-62.2668,44.9295],[-62.2377,44.9571],[-62.1821,44.9537],[-62.1176,44.9687],[-62.0571,44.9679],[-62.0324,44.9972],[-62.0264,45.0243],[-61.9754,45.0257],[-61.9587,45.0429],[-61.8997,45.0232],[-61.854,45.0364],[-61.826,45.0634],[-61.8221,45.0966],[-61.7313,45.0907],[-61.6644,45.091],[-61.6878,45.1151],[-61.6458,45.1242],[-61.6736,45.1482],[-61.6518,45.1717],[-61.5967,45.1452],[-61.5598,45.1497],[-61.5421,45.1664],[-61.4968,45.161],[-61.4699,45.1487],[-61.4524,45.1659],[-61.414,45.1623],[-61.3713,45.1719],[-61.3508,45.1877],[-61.3859,45.2022],[-61.3282,45.2527],[-61.2485,45.2526],[-61.224,45.2464],[-61.1342,45.2723],[-61.1611,45.2185],[-61.1276,45.2078],[-61.0444,45.241],[-61.027,45.2764],[-60.9776,45.3011],[-60.9796,45.3326],[-61.0678,45.3498],[-61.1049,45.3431],[-61.144,45.3573],[-61.2018,45.3486],[-61.3249,45.3531],[-61.3743,45.3468],[-61.4369,45.3477],[-61.4853,45.3671],[-61.4993,45.3951],[-61.4339,45.402],[-61.415,45.4187],[-61.3209,45.4309],[-61.2622,45.4549],[-61.2328,45.487],[-61.2389,45.509],[-61.3347,45.5475],[-61.331,45.5647],[-61.2835,45.5562],[-61.2752,45.5799],[-61.2201,45.5993],[-61.1761,45.6018],[-61.1625,45.5655],[-61.0253,45.599],[-60.8607,45.6458],[-60.8721,45.6198],[-60.7635,45.6078],[-60.7404,45.5741],[-60.6898,45.5742],[-60.6791,45.5919],[-60.6267,45.6028],[-60.6217,45.6136],[-60.5438,45.6305],[-60.5188,45.6276],[-60.4776,45.6412],[-60.4411,45.6392],[-60.4149,45.6558],[-60.356,45.6723],[-60.3253,45.7057],[-60.2781,45.7027],[-60.2276,45.7262],[-60.2221,45.7506],[-60.1691,45.7829],[-60.1157,45.7835],[-60.0892,45.8159],[-60.1246,45.8235],[-60.1735,45.8534],[-60.1505,45.8784],[-60.1179,45.8848],[-60.0656,45.871],[-60.005,45.8769],[-59.9798,45.9093],[-59.9565,45.906],[-59.9173,45.9198],[-59.9055,45.9362],[-59.8676,45.9408],[-59.8127,45.9749],[-59.8466,45.9933],[-59.8408,46.016],[-59.8951,46.0039],[-59.9511,46.0106],[-59.9684,46.0348],[-59.9543,46.048],[-59.8904,46.0589],[-59.9029,46.1064],[-59.8787,46.1238],[-59.8442,46.1777],[-59.8678,46.1916],[-59.9348,46.186],[-59.955,46.2176],[-59.9785,46.2216],[-60.0714,46.2094],[-60.0325,46.2435],[-60.1149,46.2619],[-60.1686,46.2426],[-60.2027,46.2025],[-60.2585,46.1786],[-60.293,46.1541],[-60.3071,46.1664],[-60.2614,46.195],[-60.2133,46.2401],[-60.2847,46.3096],[-60.3009,46.2815],[-60.2932,46.2503],[-60.3167,46.2124],[-60.3886,46.2024],[-60.425,46.1493],[-60.4488,46.1442],[-60.5119,46.0945],[-60.6379,46.0317],[-60.6932,46.0126],[-60.7136,45.9952],[-60.8012,45.9438],[-60.7845,45.9312],[-60.7405,45.9313],[-60.7363,45.908],[-60.7132,45.8988],[-60.6532,45.9119],[-60.6261,45.9351],[-60.562,45.962],[-60.4803,45.957],[-60.5299,45.9228],[-60.5353,45.9106],[-60.6466,45.8536],[-60.675,45.8219],[-60.7208,45.8094],[-60.748,45.7892],[-60.7625,45.755],[-60.7467,45.7314],[-60.7487,45.7068],[-60.7752,45.7066],[-60.7889,45.6869],[-60.8183,45.6875],[-60.846,45.6499],[-60.8648,45.6578],[-60.8089,45.7102],[-60.8135,45.737],[-60.8511,45.7542],[-60.9415,45.7704],[-60.9607,45.7667],[-61.028,45.7263],[-61.0876,45.6984],[-61.1559,45.7089],[-61.1315,45.7315],[-61.1472,45.76],[-61.1026,45.7922],[-61.0009,45.8279],[-60.973,45.8441],[-60.9478,45.8341],[-60.9294,45.8587],[-60.9674,45.8971],[-60.9988,45.8806],[-61.0402,45.879],[-61.0509,45.864],[-61.0945,45.87],[-61.064,45.9076],[-61.0252,45.9024],[-60.941,45.9305],[-60.896,45.9234],[-60.8699,45.94],[-60.8135,45.9461],[-60.8054,46.0012],[-60.7578,46.0473],[-60.7546,46.0722],[-60.8586,46.0373],[-60.8938,46.0469],[-60.9292,46.018],[-60.9876,45.99],[-60.9875,45.955],[-61.0392,45.9544],[-61.0541,45.9393],[-61.1397,45.9387],[-61.1309,45.9676],[-61.0779,45.9611],[-61.0211,45.9847],[-60.9919,45.9882],[-60.9758,46.0148],[-60.9357,46.0522],[-60.9066,46.0605],[-60.9063,46.0831],[-60.8793,46.0951],[-60.8404,46.0709],[-60.7526,46.0939],[-60.6807,46.1054],[-60.6486,46.1162],[-60.5893,46.1543],[-60.5447,46.21],[-60.5037,46.2336],[-60.4379,46.2912],[-60.4164,46.2945],[-60.415,46.3422],[-60.4479,46.3457],[-60.5383,46.2915],[-60.5482,46.2657],[-60.5908,46.2136],[-60.5907,46.2556],[-60.5174,46.3481],[-60.5225,46.3735],[-60.4581,46.4307],[-60.4595,46.4536],[-60.4086,46.5493],[-60.3518,46.6286],[-60.3868,46.6311],[-60.4027,46.6805],[-60.3438,46.7005],[-60.3184,46.7831],[-60.3253,46.7983],[-60.3031,46.8507],[-60.355,46.8734],[-60.4049,46.8717],[-60.4415,46.8863],[-60.4528,46.9034],[-60.4906,46.9147],[-60.4644,46.9331],[-60.4541,46.9588],[-60.4022,46.9985],[-60.3872,47.0194],[-60.4137,47.0341],[-60.4826,47.0005],[-60.598,47.0416],[-60.6599,46.9881],[-60.6805,46.9568],[-60.691,46.9157],[-60.7267,46.884],[-60.7691,46.8597],[-60.7876,46.8381],[-60.8472,46.8212],[-60.8744,46.8044],[-60.903,46.7709],[-60.9277,46.723],[-60.9827,46.6571],[-61.0275,46.6462],[-61.0528,46.618],[-61.034,46.6011],[-61.0379,46.5589],[-61.0768,46.5197],[-61.0727,46.5051],[-61.1026,46.4476],[-61.1446,46.4235],[-61.1826,46.3617],[-61.231,46.3246],[-61.2701,46.2843],[-61.2705,46.2691],[-61.3213,46.2269],[-61.4111,46.1947],[-61.4479,46.1608],[-61.5005,46.0687],[-61.5524,46.04],[-61.5301,46.0067],[-61.5345,45.9514],[-61.5251,45.9258],[-61.4942,45.8903],[-61.5048,45.8608],[-61.4963,45.8042],[-61.4638,45.7442],[-61.4668,45.7219],[-61.4403,45.6803],[-61.4882,45.6928],[-61.5278,45.6932],[-61.5936,45.6715],[-61.5845,45.6496],[-61.626,45.6463],[-61.6314,45.6317],[-61.6999,45.6386],[-61.7384,45.6292],[-61.7598,45.6474],[-61.8026,45.6382],[-61.8323,45.6493],[-61.8244,45.6692],[-61.8631,45.6816],[-61.9108,45.6497],[-61.915,45.6834],[-61.8891,45.7358],[-61.9083,45.7786],[-61.9251,45.8454],[-61.8969,45.8754],[-61.9355,45.8876],[-61.9793,45.8736],[-62.0065,45.8444],[-62.0862,45.7871],[-62.1163,45.785],[-62.1722,45.7617],[-62.2243,45.7254],[-62.286,45.6973],[-62.3643,45.677],[-62.3728,45.6553],[-62.4273,45.6426],[-62.5121,45.6035],[-62.5016,45.6512],[-62.5431,45.6438],[-62.5549,45.672],[-62.6212,45.6853],[-62.6688,45.6834],[-62.6385,45.7154],[-62.6799,45.7364],[-62.7376,45.7316],[-62.7672,45.766],[-62.8791,45.7703],[-62.9519,45.7805],[-62.9911,45.7931],[-63.0953,45.7969],[-63.069,45.7692],[-63.1755,45.7466],[-63.185,45.763],[-63.2659,45.7329],[-63.3662,45.7408],[-63.347,45.763],[-63.3138,45.7667],[-63.2556,45.7929],[-63.2986,45.8085],[-63.3142,45.7967],[-63.3746,45.7996],[-63.4311,45.8224],[-63.4143,45.8601],[-63.4667,45.8783],[-63.5655,45.875],[-63.6166,45.878],[-63.6959,45.8556],[-63.7285,45.8725],[-63.8076,45.8912],[-63.8202,45.9145],[-63.8629,45.9338],[-63.8626,45.9613],[-63.9096,45.9828],[-63.972,45.9974],[-64.0419,45.9946],[-64.0468,45.9768],[-64.1494,45.9801],[-64.2277,45.8952],[-64.2545,45.8798],[-64.2749,45.8385]]]]}},
{"type":"Feature","id":"CAN:ADM1:CA-NB","properties":{"shapeName":"New Brunswick","shapeISO":"CA-NB","shapeType":"ADM1"},"geometry":{"type":"MultiPolygon","coordinates":[[[[-64.7598,47.8242],[-64.7909,47.8267],[-64.8003,47.8031],[-64.7599,47.7936],[-64.7598,47.8242]]],[[[-66.9391,45.0247],[-66.9906,45.0049],[-67.016,44.9818],[-66.9898,44.9363],[-66.9565,44.965],[-66.9391,45.0247]]],[[[-66.9031,44.9572],[-66.9395,44.9342],[-66.9606,44.8772],[-66.978,44.871],[-66.9519,44.8379],[-66.9194,44.8444],[-66.9323,44.8658],[-66.9116,44.8766],[-66.8898,44.9158],[-66.9031,44.9572]]],[[[-64.5179,48.0198],[-64.5467,48.0108],[-64.5536,47.9695],[-64.5994,47.9225],[-64.5909,47.8978],[-64.5257,47.9191],[-64.487,47.948],[-64.5028,47.9811],[-64.4911,48.0095],[-64.5179,48.0198]]],[[[-66.7756,44.7996],[-66.8274,44.7718],[-66.8643,44.7166],[-66.8909,44.66],[-66.9045,44.598],[-66.8515,44.6303],[-66.8383,44.6516],[-66.7609,44.6553],[-66.7379,44.6815],[-66.7388,44.7196],[-66.7631,44.7482],[-66.7567,44.7644],[-66.7756,44.7996]]],[[[-64.5028,47.8825],[-64.536,47.862],[-64.5783,47.8825],[-64.6345,47.8858],[-64.7052,47.8352],[-64.7062,47.8128],[-64.6539,47.7906],[-64.6604,47.7713],[-64.6507,47.7294],[-64.6147,47.741],[-64.5787,47.7678],[-64.5062,47.8511],[-64.5028,47.8825]]],[[[-64.0419,45.9946],[-64.1002,46.0235],[-64.0729,46.0495],[-63.93,46.0554],[-63.8468,46.0818],[-63.8023,46.0864],[-63.7716,46.1052],[-63.7829,46.1322],[-63.8329,46.1505],[-63.8989,46.1504],[-63.9244,46.1656],[-63.9891,46.1784],[-64.0408,46.182],[-64.0873,46.1623],[-64.1218,46.1768],[-64.1469,46.161],[-64.1658,46.1994],[-64.2658,46.236],[-64.3917,46.2236],[-64.4134,46.2371],[-64.524,46.2392],[-64.5536,46.2194],[-64.5723,46.2729],[-64.5567,46.2947],[-64.5295,46.2985],[-64.5122,46.3226],[-64.5349,46.3554],[-64.5613,46.3677],[-64.578,46.3307],[-64.6155,46.336],[-64.6145,46.4043],[-64.6249,46.4321],[-64.667,46.4665],[-64.6828,46.513],[-64.7128,46.5544],[-64.7207,46.6049],[-64.7081,46.6232],[-64.7077,46.6601],[-64.7199,46.6894],[-64.7553,46.683],[-64.8243,46.6924],[-64.8407,46.7018],[-64.8179,46.7277],[-64.8734,46.7428],[-64.8887,46.7791],[-64.9047,46.7788],[-64.9099,46.8264],[-64.9451,46.841],[-64.9305,46.8682],[-64.8999,46.8891],[-64.8823,46.9283],[-64.8123,46.9754],[-64.8086,46.9918],[-64.8288,47.0456],[-64.806,47.0761],[-64.8846,47.0806],[-64.9448,47.076],[-64.9586,47.0526],[-64.9949,47.0548],[-65.0035,47.075],[-65.0313,47.0853],[-65.0766,47.0707],[-65.1015,47.0743],[-65.1401,47.0531],[-65.1432,47.0389],[-65.2094,47.0388],[-65.2055,47.0821],[-65.3017,47.0608],[-65.3489,47.0769],[-65.2993,47.1106],[-65.2666,47.1164],[-65.1133,47.2067],[-65.0631,47.2552],[-65.0176,47.2777],[-64.9749,47.2769],[-64.9678,47.3154],[-64.9448,47.3701],[-64.9058,47.3918],[-64.8714,47.4684],[-64.9056,47.5136],[-64.9065,47.5501],[-64.8767,47.5823],[-64.8443,47.5786],[-64.7987,47.6324],[-64.8159,47.6692],[-64.7628,47.6791],[-64.6747,47.7141],[-64.6748,47.7277],[-64.7407,47.7648],[-64.776,47.7458],[-64.7937,47.7942],[-64.8156,47.8065],[-64.8555,47.8084],[-64.9128,47.7961],[-64.9646,47.7926],[-65.0017,47.7729],[-65.0763,47.7848],[-65.0161,47.8143],[-65.0028,47.8377],[-65.1052,47.8299],[-65.1814,47.8193],[-65.2364,47.8018],[-65.3243,47.7579],[-65.3593,47.7552],[-65.4353,47.7002],[-65.4978,47.6714],[-65.5694,47.6691],[-65.6102,47.6539],[-65.6352,47.6193],[-65.6663,47.6243],[-65.675,47.6426],[-65.6328,47.6627],[-65.6722,47.6884],[-65.7058,47.7259],[-65.7089,47.7672],[-65.733,47.8304],[-65.7648,47.8641],[-65.8267,47.9005],[-65.8994,47.9212],[-65.9862,47.9201],[-66.0156,47.9279],[-66.0854,47.9256],[-66.1366,47.9614],[-66.2493,47.9807],[-66.2602,47.9905],[-66.3403,48.0057],[-66.3744,48.0303],[-66.3641,48.0695],[-66.4767,48.059],[-66.5381,48.0286],[-66.634,48.0038],[-66.6816,48.0059],[-66.7276,47.9953],[-66.7584,48.003],[-66.7869,47.9919],[-66.8531,48.0015],[-66.9213,47.9846],[-66.9609,47.9469],[-66.9759,47.8927],[-67.059,47.9356],[-67.069,47.9231],[-67.133,47.9148],[-67.1375,47.8946],[-67.2171,47.8774],[-67.2586,47.8909],[-67.3383,47.8882],[-67.3369,47.8717],[-67.3808,47.8542],[-67.3925,47.8676],[-67.4374,47.8802],[-67.5125,47.9137],[-67.5583,47.9192],[-67.6081,47.9368],[-67.6134,47.9798],[-67.6042,48],[-68.1226,47.9997],[-68.1228,47.9164],[-68.3823,47.9161],[-68.3835,47.5531],[-68.5681,47.4271],[-68.7996,47.3489],[-69.0504,47.3002],[-69.0367,47.2432],[-68.8888,47.1826],[-68.8105,47.2159],[-68.7659,47.2224],[-68.7305,47.2431],[-68.6219,47.2433],[-68.574,47.2883],[-68.5532,47.2833],[-68.4894,47.3024],[-68.4359,47.283],[-68.3924,47.2872],[-68.3803,47.343],[-68.332,47.3607],[-68.2378,47.3569],[-68.2151,47.3401],[-68.1551,47.3266],[-68.1345,47.2957],[-68.071,47.26],[-68.0198,47.2399],[-67.9958,47.2163],[-67.9571,47.2003],[-67.925,47.1546],[-67.8893,47.1263],[-67.8863,47.1099],[-67.7902,47.0662],[-67.7896,46.7534],[-67.7879,46.5859],[-67.7819,46.2768],[-67.7812,45.9435],[-67.7512,45.9178],[-67.8001,45.8834],[-67.8023,45.8677],[-67.7612,45.8296],[-67.8051,45.7948],[-67.8001,45.7677],[-67.7718,45.7365],[-67.7804,45.7126],[-67.7541,45.6915],[-67.7193,45.6947],[-67.6771,45.637],[-67.6002,45.6113],[-67.5713,45.6285],[-67.5173,45.6026],[-67.4779,45.6622],[-67.4217,45.5722],[-67.4196,45.5496],[-67.4498,45.5101],[-67.5034,45.4867],[-67.4821,45.4605],[-67.4741,45.4263],[-67.4392,45.4031],[-67.4192,45.3777],[-67.4315,45.3406],[-67.4542,45.3272],[-67.4733,45.2871],[-67.4725,45.2579],[-67.4362,45.2239],[-67.4254,45.1961],[-67.4003,45.1829],[-67.3712,45.143],[-67.3412,45.1256],[-67.2955,45.1523],[-67.2861,45.1925],[-67.2536,45.1871],[-67.2246,45.1666],[-67.1399,45.1728],[-67.1314,45.1399],[-67.0811,45.0853],[-67.0654,45.125],[-67.0311,45.129],[-67.0359,45.1669],[-66.984,45.1465],[-66.9531,45.1575],[-66.9206,45.1368],[-66.8416,45.1208],[-66.8319,45.1234],[-66.8254,45.127],[-66.8308,45.131],[-66.8242,45.1315],[-66.8261,45.1376],[-66.8322,45.1376],[-66.8359,45.148],[-66.845,45.1583],[-66.775,45.1837],[-66.7876,45.1547],[-66.843,45.1576],[-66.8356,45.1498],[-66.8316,45.1379],[-66.8269,45.1395],[-66.8223,45.1328],[-66.8232,45.1312],[-66.8289,45.1303],[-66.8253,45.1278],[-66.8198,45.126],[-66.8217,45.1243],[-66.8268,45.1257],[-66.828,45.1238],[-66.8445,45.1192],[-66.8664,45.1218],[-66.922,45.0893],[-66.9123,45.061],[-66.8879,45.0404],[-66.8137,45.0898],[-66.7981,45.0699],[-66.7513,45.0493],[-66.7271,45.0794],[-66.691,45.0709],[-66.6157,45.1034],[-66.5822,45.1008],[-66.5711,45.1285],[-66.4979,45.1272],[-66.4779,45.1151],[-66.4667,45.0664],[-66.416,45.0809],[-66.4255,45.0992],[-66.3724,45.105],[-66.263,45.1446],[-66.2771,45.187],[-66.3017,45.1681],[-66.338,45.185],[-66.2704,45.1959],[-66.2246,45.1659],[-66.2151,45.1451],[-66.1454,45.1829],[-66.1633,45.2029],[-66.1511,45.2204],[-66.0957,45.2262],[-66.0922,45.2431],[-66.0214,45.2714],[-65.9999,45.2425],[-66.0087,45.2173],[-65.9808,45.2081],[-65.9281,45.2092],[-65.9172,45.1945],[-65.8501,45.2184],[-65.8049,45.2618],[-65.7492,45.2514],[-65.7246,45.2752],[-65.6398,45.2929],[-65.5353,45.3235],[-65.5332,45.3559],[-65.4581,45.3813],[-65.4533,45.3968],[-65.3587,45.432],[-65.3423,45.4479],[-65.2923,45.4683],[-65.2567,45.4738],[-65.1297,45.5229],[-65.0983,45.5235],[-65.0342,45.5375],[-64.9671,45.5663],[-64.9458,45.6002],[-64.909,45.6051],[-64.866,45.6321],[-64.819,45.6297],[-64.7696,45.6093],[-64.744,45.6414],[-64.7199,45.6547],[-64.6906,45.6879],[-64.6947,45.7024],[-64.666,45.7449],[-64.5888,45.8132],[-64.568,45.8389],[-64.5941,45.8954],[-64.4889,45.8063],[-64.5506,45.7255],[-64.5116,45.721],[-64.4823,45.7397],[-64.4869,45.7607],[-64.4305,45.7877],[-64.3945,45.8314],[-64.3606,45.8578],[-64.3654,45.8869],[-64.3151,45.8787],[-64.2749,45.8385],[-64.2545,45.8798],[-64.2277,45.8952],[-64.1494,45.9801],[-64.0468,45.9768],[-64.0419,45.9946]]]]}},
{"type":"Feature","id":"CAN:ADM1:CA-QB","properties":{"shapeName":"Quebec","shapeISO":"CA-QB","shapeType":"ADM1"},"geometry":{"type":"MultiPolygon","coordinates":[[[[-65.8903,59.0076],[-65.8997,58.9742],[-65.862,58.9755],[-65.8903,59.0076]]],[[[-58.8582,50.8276],[-58.8893,50.7954],[-58.8466,50.7876],[-58.8414,50.8152],[-58.8582,50.8276]]],[[[-59.7974,50.4136],[-59.8353,50.3894],[-59.8218,50.3739],[-59.7841,50.3958],[-59.7974,50.4136]]],[[[-69.6583,59.9578],[-69.6905,59.9171],[-69.6347,59.918],[-69.6583,59.9578]]],[[[-57.7056,51.4448],[-57.7451,51.438],[-57.7543,51.4195],[-57.714,51.4074],[-57.7056,51.4448]]],[[[-58.3263,51.2686],[-58.3281,51.2345],[-58.2911,51.2457],[-58.3263,51.2686]]],[[[-77.8449,61.6743],[-77.9302,61.6746],[-77.8251,61.6377],[-77.8088,61.6522],[-77.8449,61.6743]]],[[[-58.4405,51.3044],[-58.5048,51.2794],[-58.4318,51.278],[-58.4405,51.3044]]],[[[-59.4463,50.5698],[-59.5025,50.548],[-59.4846,50.5369],[-59.432,50.5386],[-59.4463,50.5698]]],[[[-78.381,58.9545],[-78.4639,58.9462],[-78.4436,58.9119],[-78.4072,58.9192],[-78.381,58.9545]]],[[[-73.0752,46.1183],[-73.1259,46.087],[-73.1225,46.0607],[-73.0764,46.0917],[-73.0752,46.1183]]],[[[-63.103,50.2322],[-63.1731,50.23],[-63.1745,50.2093],[-63.1097,50.209],[-63.103,50.2322]]],[[[-78.5241,58.6316],[-78.6078,58.6292],[-78.5795,58.5988],[-78.5003,58.6141],[-78.5241,58.6316]]],[[[-58.5973,51.1566],[-58.6565,51.1247],[-58.6217,51.1127],[-58.5697,51.137],[-58.5973,51.1566]]],[[[-58.4317,51.169],[-58.4941,51.1642],[-58.5597,51.1346],[-58.5014,51.1261],[-58.4547,51.1643],[-58.4317,51.169]]],[[[-58.3659,51.2568],[-58.4117,51.2259],[-58.4371,51.2162],[-58.4046,51.1951],[-58.3547,51.2118],[-58.3451,51.2396],[-58.3659,51.2568]]],[[[-69.0291,59.0211],[-69.0711,59.0031],[-69.042,58.9811],[-68.9833,58.9808],[-68.9767,59.0015],[-69.0291,59.0211]]],[[[-73.8641,45.5185],[-73.8849,45.5207],[-73.94,45.4891],[-73.9122,45.4681],[-73.8615,45.4958],[-73.8641,45.5185]]],[[[-63.8853,50.2413],[-63.9272,50.2299],[-63.9117,50.1995],[-63.8821,50.1869],[-63.8512,50.2132],[-63.8853,50.2413]]],[[[-61.7024,47.5008],[-61.7124,47.4859],[-61.7579,47.4742],[-61.7638,47.4369],[-61.826,47.4107],[-61.8044,47.3918],[-61.7742,47.3907],[-61.7548,47.4121],[-61.7418,47.4573],[-61.7121,47.4842],[-61.7024,47.5008]]],[[[-58.7824,51.0297],[-58.7545,51.0429],[-58.7421,51.0667],[-58.6979,51.0779],[-58.6957,51.1063],[-58.8061,51.0615],[-58.7824,51.0297]]],[[[-70.3156,47.4261],[-70.3906,47.4213],[-70.4348,47.3919],[-70.3938,47.3688],[-70.3156,47.4261]]],[[[-73.5428,45.5046],[-73.5529,45.4923],[-73.5844,45.469],[-73.6692,45.4299],[-73.6111,45.4159],[-73.5392,45.4788],[-73.5428,45.5046]]],[[[-73.9002,45.3952],[-73.9787,45.3988],[-73.9997,45.38],[-73.9919,45.3594],[-73.9582,45.3501],[-73.8876,45.3536],[-73.8813,45.3696],[-73.9002,45.3952]]],[[[-59.3321,50.6447],[-59.3815,50.6411],[-59.3876,50.6269],[-59.3649,50.5928],[-59.3427,50.592],[-59.3653,50.544],[-59.3384,50.5266],[-59.2966,50.5545],[-59.3024,50.5784],[-59.3329,50.6275],[-59.3321,50.6447]]],[[[-58.4202,51.2771],[-58.5275,51.2651],[-58.5486,51.2363],[-58.5305,51.2242],[-58.4479,51.2212],[-58.403,51.2346],[-58.4202,51.2771]]],[[[-61.409,47.631],[-61.4756,47.6257],[-61.5247,47.6316],[-61.5886,47.6023],[-61.7078,47.5316],[-61.7925,47.4672],[-61.8682,47.426],[-61.9199,47.4136],[-61.9568,47.3825],[-61.9272,47.2578],[-61.9731,47.2608],[-62.0127,47.2514],[-62.0169,47.2247],[-61.9704,47.2117],[-61.9035,47.2264],[-61.8961,47.2375],[-61.9359,47.3083],[-61.9311,47.3388],[-61.8813,47.3502],[-61.8502,47.393],[-61.8699,47.4106],[-61.7556,47.49],[-61.6924,47.5383],[-61.6175,47.5743],[-61.5944,47.5972],[-61.5393,47.6075],[-61.4784,47.6066],[-61.4837,47.5789],[-61.5559,47.5532],[-61.5416,47.542],[-61.4971,47.5621],[-61.4705,47.5919],[-61.4134,47.6137],[-61.409,47.631]]],[[[-69.2375,59.1625],[-69.2946,59.1454],[-69.3305,59.1522],[-69.3466,59.1266],[-69.2727,59.0748],[-69.3088,58.9957],[-69.3353,58.9796],[-69.3485,58.9496],[-69.3044,58.9498],[-69.2881,58.9726],[-69.2249,58.9622],[-69.208,58.9896],[-69.1463,59.0391],[-69.0961,59.0554],[-69.1536,59.0866],[-69.1853,59.1477],[-69.2375,59.1625]]],[[[-70.7969,47.0234],[-70.8437,47.0246],[-70.9446,46.9926],[-71.0189,46.936],[-71.0502,46.9229],[-71.1192,46.8771],[-71.1415,46.8509],[-71.0782,46.8489],[-70.9987,46.8624],[-70.9546,46.8952],[-70.8792,46.9271],[-70.8444,46.9684],[-70.8097,46.9975],[-70.7969,47.0234]]],[[[-73.5291,45.698],[-73.5535,45.6996],[-73.6034,45.6879],[-73.613,45.6915],[-73.726,45.6792],[-73.7718,45.6449],[-73.7889,45.6146],[-73.83,45.5921],[-73.8812,45.5479],[-73.8733,45.5206],[-73.7672,45.5126],[-73.6727,45.5631],[-73.6356,45.6308],[-73.5786,45.6613],[-73.5291,45.698]]],[[[-73.4782,45.701],[-73.5206,45.695],[-73.5365,45.6764],[-73.5731,45.6606],[-73.6334,45.6197],[-73.6643,45.5643],[-73.7575,45.5106],[-73.8459,45.5165],[-73.8776,45.4727],[-73.9414,45.4487],[-73.9752,45.4287],[-73.9567,45.4049],[-73.9212,45.4036],[-73.8459,45.4297],[-73.7739,45.4393],[-73.669,45.431],[-73.5852,45.4695],[-73.5531,45.4931],[-73.5402,45.5356],[-73.5041,45.5878],[-73.5084,45.6072],[-73.4872,45.6394],[-73.4892,45.6847],[-73.4782,45.701]]],[[[-74.3435,45.2054],[-74.2979,45.2187],[-74.1917,45.2651],[-74.1633,45.2599],[-74.1631,45.2358],[-74.0798,45.2228],[-73.9953,45.2387],[-73.9597,45.2643],[-73.9176,45.3186],[-73.9683,45.316],[-73.9688,45.3342],[-74.0047,45.3626],[-74.0136,45.4153],[-74.0575,45.4227],[-74.0725,45.4425],[-74.1967,45.478],[-74.2341,45.4784],[-74.24,45.4953],[-74.2931,45.5027],[-74.3365,45.497],[-74.3577,45.5429],[-74.3816,45.5637],[-74.4214,45.4398],[-74.4719,45.3027],[-74.3435,45.2054]],[[-74.0441,45.3027],[-74.0979,45.3002],[-74.1671,45.2826],[-74.167,45.2984],[-74.0883,45.3112],[-74.0441,45.3027]]],[[[-62.6874,49.6427],[-62.7001,49.6598],[-62.7602,49.6577],[-62.8536,49.7017],[-62.9231,49.7066],[-62.9467,49.733],[-63.0062,49.736],[-63.0847,49.7675],[-63.1412,49.7752],[-63.3811,49.827],[-63.4796,49.8382],[-63.5511,49.8415],[-63.5952,49.8502],[-63.6785,49.8562],[-63.7434,49.8721],[-63.8227,49.8803],[-63.871,49.8769],[-63.9236,49.8876],[-63.9679,49.9135],[-64.0507,49.9311],[-64.0747,49.9263],[-64.1495,49.9521],[-64.177,49.9452],[-64.236,49.9469],[-64.27,49.936],[-64.3064,49.9392],[-64.3536,49.923],[-64.3821,49.9241],[-64.4881,49.9031],[-64.5196,49.8792],[-64.5147,49.8573],[-64.4517,49.8374],[-64.4165,49.8004],[-64.379,49.7983],[-64.3565,49.8229],[-64.3282,49.8057],[-64.3178,49.7811],[-64.2787,49.7617],[-64.2048,49.7413],[-64.1658,49.7386],[-64.0865,49.7143],[-63.9785,49.696],[-63.9104,49.6646],[-63.8256,49.6368],[-63.7699,49.5899],[-63.6601,49.536],[-63.6341,49.5127],[-63.6112,49.4748],[-63.6134,49.4484],[-63.5781,49.4148],[-63.5691,49.3899],[-63.4265,49.3572],[-63.3304,49.3213],[-63.289,49.3209],[-63.2314,49.2786],[-63.1821,49.2581],[-62.9191,49.1889],[-62.8535,49.1848],[-62.7943,49.1654],[-62.5009,49.1296],[-62.3966,49.1058],[-62.2823,49.0755],[-62.2475,49.0622],[-62.2112,49.0699],[-62.0786,49.0756],[-62.0158,49.0672],[-61.9587,49.0674],[-61.9135,49.0794],[-61.8277,49.0637],[-61.7664,49.0879],[-61.6997,49.0855],[-61.7095,49.1025],[-61.6696,49.1327],[-61.6981,49.1506],[-61.7189,49.1968],[-61.7559,49.2143],[-61.7651,49.2342],[-61.8289,49.2804],[-61.8328,49.313],[-61.8867,49.3322],[-61.8956,49.3518],[-61.9761,49.3488],[-61.9769,49.3673],[-62.0593,49.3876],[-62.0888,49.3772],[-62.1353,49.4018],[-62.1796,49.3964],[-62.25,49.4253],[-62.2533,49.455],[-62.3101,49.4642],[-62.3494,49.491],[-62.3953,49.4842],[-62.4621,49.5359],[-62.5132,49.588],[-62.5603,49.6073],[-62.6426,49.6205],[-62.6874,49.6427]]],[[[-66.7584,48.003],[-66.7248,48.0191],[-66.6768,48.0178],[-66.6454,48.0505],[-66.613,48.0408],[-66.535,48.0589],[-66.5427,48.0764],[-66.4978,48.1098],[-66.461,48.1096],[-66.4412,48.1234],[-66.4106,48.1093],[-66.3488,48.1032],[-66.332,48.081],[-66.2804,48.0674],[-66.2597,48.1058],[-66.1723,48.1137],[-66.0931,48.0931],[-66.0485,48.1115],[-66.0142,48.1525],[-65.938,48.2002],[-65.9016,48.1714],[-65.8763,48.172],[-65.8104,48.1213],[-65.7237,48.1124],[-65.5839,48.0723],[-65.5342,48.0679],[-65.4916,48.0436],[-65.4479,48.0037],[-65.4042,48.0003],[-65.3193,48.0048],[-65.3025,48.0166],[-65.1683,48.0428],[-65.1193,48.0742],[-65.0255,48.1122],[-64.9623,48.1447],[-64.9772,48.1585],[-64.961,48.1821],[-64.9349,48.1771],[-64.8641,48.1863],[-64.8179,48.2036],[-64.7733,48.2063],[-64.7631,48.2374],[-64.7393,48.2683],[-64.6969,48.3035],[-64.7311,48.3396],[-64.6885,48.3349],[-64.6727,48.3468],[-64.6052,48.3618],[-64.5814,48.3753],[-64.4312,48.4054],[-64.3891,48.4168],[-64.3208,48.4163],[-64.3277,48.441],[-64.3085,48.472],[-64.2284,48.5014],[-64.2122,48.5268],[-64.2887,48.5525],[-64.2999,48.6166],[-64.2411,48.6247],[-64.1772,48.6171],[-64.1818,48.6431],[-64.2361,48.6684],[-64.2621,48.7066],[-64.3739,48.767],[-64.3775,48.7953],[-64.4085,48.8177],[-64.4556,48.828],[-64.5,48.8471],[-64.5,48.8686],[-64.4325,48.8492],[-64.3753,48.8494],[-64.2426,48.8048],[-64.2072,48.8521],[-64.2124,48.8733],[-64.2789,48.9274],[-64.3687,48.9841],[-64.3939,49.0075],[-64.4259,49.0179],[-64.4734,49.0531],[-64.5421,49.0782],[-64.6026,49.1092],[-64.7466,49.1414],[-64.8509,49.1872],[-64.9268,49.2055],[-65.108,49.2294],[-65.2043,49.2287],[-65.2808,49.2341],[-65.3258,49.2513],[-65.5552,49.2568],[-65.6657,49.249],[-65.7275,49.23],[-65.7464,49.239],[-65.8134,49.2229],[-65.8515,49.2309],[-65.8871,49.2201],[-65.9651,49.2277],[-66.0871,49.2166],[-66.3299,49.1787],[-66.4326,49.1545],[-66.4779,49.1303],[-66.5481,49.1293],[-66.6019,49.1119],[-66.6503,49.1135],[-66.6737,49.0995],[-66.7414,49.0893],[-66.814,49.0526],[-66.8583,49.0487],[-66.9108,49.0335],[-66.9626,49.0059],[-67.1617,48.9421],[-67.2668,48.921],[-67.2871,48.9079],[-67.3687,48.8988],[-67.4584,48.8617],[-67.5354,48.8535],[-67.598,48.8199],[-67.637,48.8119],[-67.6966,48.7883],[-67.8336,48.7505],[-67.8822,48.7308],[-67.9567,48.6868],[-68.0195,48.6653],[-68.0556,48.6745],[-68.0863,48.6448],[-68.1259,48.6321],[-68.1828,48.6342],[-68.2781,48.5899],[-68.356,48.5476],[-68.385,48.5506],[-68.4466,48.5264],[-68.4879,48.4978],[-68.5394,48.4454],[-68.5788,48.4435],[-68.5971,48.4277],[-68.6693,48.393],[-68.6811,48.3968],[-68.8517,48.3327],[-68.9527,48.2905],[-68.9843,48.2645],[-69.0565,48.2242],[-69.1331,48.1699],[-69.1307,48.1574],[-69.1741,48.1307],[-69.2028,48.1236],[-69.229,48.0957],[-69.259,48.0917],[-69.277,48.0678],[-69.3589,48.0192],[-69.3947,48.0178],[-69.4442,47.9892],[-69.485,47.947],[-69.5084,47.9119],[-69.5493,47.878],[-69.5507,47.8442],[-69.5891,47.8078],[-69.5898,47.7901],[-69.6478,47.732],[-69.6759,47.7262],[-69.707,47.6997],[-69.7791,47.6203],[-69.8222,47.5902],[-69.8564,47.5805],[-69.8985,47.5299],[-69.9387,47.5275],[-69.97,47.4973],[-69.9886,47.5022],[-70.0336,47.4686],[-70.0301,47.4484],[-70.0574,47.4314],[-70.0428,47.3974],[-70.0533,47.3761],[-70.1117,47.332],[-70.145,47.3171],[-70.1926,47.3094],[-70.2302,47.2712],[-70.2343,47.2487],[-70.3124,47.1737],[-70.3166,47.1615],[-70.3787,47.1205],[-70.4538,47.0636],[-70.4746,47.0276],[-70.5477,46.9891],[-70.6179,46.9835],[-70.7122,46.9353],[-70.7951,46.9162],[-70.8412,46.8844],[-70.8709,46.894],[-70.9254,46.8749],[-70.9874,46.8348],[-71.0982,46.8277],[-71.1626,46.8323],[-71.1838,46.8194],[-71.2038,46.7777],[-71.2503,46.7523],[-71.3311,46.7303],[-71.3983,46.7044],[-71.4485,46.7022],[-71.5606,46.6666],[-71.5996,46.6614],[-71.6431,46.6373],[-71.6959,46.6288],[-71.7776,46.6299],[-71.8092,46.6395],[-71.8439,46.6659],[-71.8642,46.6658],[-71.9061,46.6303],[-71.9584,46.6109],[-72.0124,46.5639],[-72.0358,46.5579],[-72.1063,46.5607],[-72.1644,46.5387],[-72.2069,46.5067],[-72.2353,46.4295],[-72.2502,46.4169],[-72.3317,46.3965],[-72.3909,46.3911],[-72.4475,46.3762],[-72.5604,46.2953],[-72.6193,46.2708],[-72.6679,46.2407],[-72.6529,46.2121],[-72.6684,46.1938],[-72.7538,46.1623],[-72.8021,46.1387],[-72.8729,46.1306],[-72.9023,46.1159],[-72.9084,46.085],[-72.9411,46.0852],[-73.0169,46.0622],[-73.1411,46.0469],[-73.154,46.0352],[-73.2035,45.9489],[-73.208,45.8983],[-73.2305,45.8651],[-73.2735,45.8387],[-73.3419,45.7846],[-73.3651,45.775],[-73.4326,45.7149],[-73.4452,45.6448],[-73.462,45.5934],[-73.5232,45.5333],[-73.4995,45.4732],[-73.4911,45.4315],[-73.5269,45.4004],[-73.5929,45.4072],[-73.6225,45.402],[-73.685,45.4143],[-73.727,45.3978],[-73.762,45.3997],[-73.7757,45.371],[-73.8212,45.3325],[-73.8504,45.3194],[-73.8916,45.3168],[-73.9635,45.2475],[-73.9998,45.2255],[-74.0493,45.2147],[-74.1576,45.2244],[-74.1733,45.1962],[-74.223,45.1755],[-74.2947,45.173],[-74.4061,45.1271],[-74.4068,45.0989],[-74.4486,45.0587],[-74.4841,45.037],[-74.5127,45.0393],[-74.5747,45.0194],[-74.6018,45.0181],[-74.6254,44.9994],[-74.4996,44.998],[-74.3309,44.9918],[-74.1501,44.9911],[-73.8583,45.0018],[-73.6515,45.0026],[-73.1908,45.0142],[-73.1485,45.0841],[-73.0967,45.0721],[-73.077,45.0576],[-73.0908,45.0153],[-72.9671,45.0142],[-72.8483,45.0167],[-72.6346,45.0147],[-72.5554,45.0081],[-72.48,45.0088],[-72.3119,45.0038],[-72.2554,45.0044],[-72.273,45.0386],[-72.2942,45.1049],[-72.2787,45.1516],[-72.2648,45.1523],[-72.2044,45.2302],[-72.1894,45.265],[-72.1596,45.2669],[-72.1774,45.2328],[-72.2482,45.1552],[-72.2737,45.0844],[-72.2632,45.058],[-72.2284,45.064],[-72.2347,45.027],[-72.211,45.0053],[-71.9141,45.0077],[-71.7683,45.0112],[-71.5053,45.0134],[-71.491,45.0427],[-71.4961,45.0644],[-71.4296,45.1224],[-71.4357,45.1396],[-71.3975,45.203],[-71.4159,45.2184],[-71.4034,45.2426],[-71.3593,45.2505],[-71.3344,45.2741],[-71.2856,45.3005],[-71.23,45.2495],[-71.1977,45.2542],[-71.1332,45.2445],[-71.0976,45.3018],[-71.0089,45.3192],[-70.9536,45.3389],[-70.9189,45.3125],[-70.9216,45.2803],[-70.8985,45.2437],[-70.8579,45.2286],[-70.849,45.2621],[-70.8145,45.2997],[-70.8184,45.3329],[-70.8021,45.3667],[-70.8252,45.4001],[-70.7984,45.4258],[-70.7568,45.4286],[-70.7303,45.3993],[-70.6813,45.3949],[-70.637,45.3823],[-70.6282,45.4213],[-70.6509,45.4453],[-70.6802,45.452],[-70.7175,45.4894],[-70.6897,45.5619],[-70.645,45.6067],[-70.5909,45.6302],[-70.5577,45.667],[-70.5255,45.6667],[-70.4663,45.706],[-70.4391,45.7039],[-70.4002,45.72],[-70.3881,45.7514],[-70.4069,45.7614],[-70.4171,45.7951],[-70.342,45.8528],[-70.2843,45.8718],[-70.2536,45.9032],[-70.2622,45.9244],[-70.2402,45.9397],[-70.2663,45.9643],[-70.3121,45.9621],[-70.3034,45.9992],[-70.3176,46.0197],[-70.2809,46.0513],[-70.3066,46.0613],[-70.3011,46.0831],[-70.257,46.0997],[-70.2371,46.1448],[-70.2903,46.1851],[-70.2608,46.2299],[-70.2316,46.2911],[-70.206,46.2996],[-70.2091,46.3293],[-70.1706,46.3595],[-70.1481,46.3591],[-70.0894,46.411],[-70.0573,46.4151],[-69.9971,46.6958],[-69.7343,46.9588],[-69.3686,47.3193],[-69.224,47.4594],[-69.1782,47.4572],[-69.081,47.424],[-69.0426,47.4267],[-69.0331,47.4057],[-69.0506,47.3732],[-69.044,47.3551],[-69.0504,47.3002],[-68.7996,47.3489],[-68.5681,47.4271],[-68.3835,47.5531],[-68.3823,47.9161],[-68.1228,47.9164],[-68.1226,47.9997],[-67.6042,48],[-67.6134,47.9798],[-67.6081,47.9368],[-67.5583,47.9192],[-67.5125,47.9137],[-67.4374,47.8802],[-67.3925,47.8676],[-67.3808,47.8542],[-67.3369,47.8717],[-67.3383,47.8882],[-67.2586,47.8909],[-67.2171,47.8774],[-67.1375,47.8946],[-67.133,47.9148],[-67.069,47.9231],[-67.059,47.9356],[-66.9759,47.8927],[-66.9609,47.9469],[-66.9213,47.9846],[-66.8531,48.0015],[-66.7869,47.9919],[-66.7584,48.003]]],[[[-64.5235,60.3006],[-64.5795,60.3299],[-64.6737,60.3506],[-64.7122,60.3406],[-64.7964,60.3672],[-64.854,60.3606],[-64.7913,60.3207],[-64.8719,60.2835],[-64.9424,60.2699],[-64.9496,60.2177],[-64.896,60.2007],[-64.9651,60.1842],[-64.9681,60.1599],[-65.0048,60.1584],[-65.0265,60.1248],[-65.0723,60.0925],[-65.0115,60.0466],[-65.0786,60.047],[-65.1245,60.036],[-65.1307,60.0013],[-65.1167,59.9717],[-65.1401,59.9397],[-65.207,59.9132],[-65.2256,59.8355],[-65.2889,59.836],[-65.3101,59.8539],[-65.4026,59.8154],[-65.4256,59.7915],[-65.4675,59.7833],[-65.5346,59.707],[-65.5226,59.6666],[-65.4701,59.6317],[-65.4311,59.5853],[-65.4397,59.5658],[-65.3803,59.4976],[-65.346,59.512],[-65.2649,59.5037],[-65.2589,59.4906],[-65.178,59.4809],[-65.1477,59.469],[-65.1501,59.44],[-65.0968,59.4097],[-64.969,59.3843],[-64.9673,59.3733],[-65.0998,59.3954],[-65.1522,59.4177],[-65.1788,59.4441],[-65.1782,59.4702],[-65.3151,59.4809],[-65.3345,59.4898],[-65.4181,59.4668],[-65.443,59.4785],[-65.5057,59.4766],[-65.4435,59.4388],[-65.4604,59.4216],[-65.4368,59.4043],[-65.4287,59.3696],[-65.4516,59.3499],[-65.398,59.3412],[-65.3518,59.2837],[-65.4701,59.3389],[-65.5049,59.3732],[-65.5713,59.3766],[-65.5456,59.3439],[-65.569,59.3356],[-65.5435,59.3005],[-65.5064,59.2909],[-65.5519,59.2449],[-65.5914,59.2416],[-65.6987,59.2755],[-65.7365,59.2626],[-65.7004,59.2089],[-65.7202,59.1568],[-65.6522,59.1119],[-65.6316,59.0705],[-65.5996,59.0695],[-65.5815,59.0406],[-65.6856,59.0608],[-65.7408,59.0391],[-65.7284,59.02],[-65.7666,59.0002],[-65.6604,58.9749],[-65.6537,58.943],[-65.7116,58.956],[-65.8005,58.9889],[-65.8516,58.9848],[-65.8265,58.9602],[-65.8578,58.9454],[-65.9975,58.9067],[-65.9298,58.8809],[-65.8623,58.8706],[-65.8204,58.8737],[-65.8009,58.8573],[-65.8504,58.8243],[-65.9754,58.8603],[-66.0238,58.8524],[-66.1024,58.7741],[-66.0326,58.764],[-66.0204,58.7187],[-66.0375,58.6925],[-66,58.669],[-66.0305,58.6478],[-66.0649,58.65],[-66.0811,58.6803],[-66.1125,58.7016],[-66.1012,58.7173],[-66.1643,58.743],[-66.24,58.7998],[-66.3018,58.8184],[-66.3559,58.8507],[-66.4445,58.8092],[-66.4689,58.7688],[-66.4455,58.7151],[-66.4937,58.7199],[-66.5764,58.6698],[-66.5741,58.6279],[-66.6131,58.6197],[-66.6201,58.5695],[-66.6597,58.5475],[-66.6223,58.5024],[-66.6753,58.4891],[-66.7465,58.5075],[-66.8118,58.4479],[-66.889,58.442],[-66.9024,58.4979],[-66.9324,58.5004],[-66.9734,58.4785],[-67.032,58.4163],[-67.0784,58.4205],[-67.0608,58.3851],[-67.1064,58.3632],[-67.137,58.3785],[-67.1981,58.3647],[-67.2181,58.3399],[-67.3248,58.3244],[-67.3709,58.2741],[-67.3962,58.264],[-67.4561,58.2902],[-67.5282,58.2541],[-67.5427,58.2311],[-67.581,58.2214],[-67.5989,58.1886],[-67.6249,58.1814],[-67.6609,58.1201],[-67.7118,58.1328],[-67.699,58.1815],[-67.6608,58.2223],[-67.6436,58.2584],[-67.7124,58.2873],[-67.7501,58.3137],[-67.7253,58.3405],[-67.7056,58.4073],[-67.7258,58.4519],[-67.7771,58.4694],[-67.8224,58.4306],[-67.8383,58.3902],[-67.8199,58.3578],[-67.8571,58.3353],[-67.9213,58.3717],[-67.9171,58.3885],[-67.9517,58.4325],[-67.9025,58.4929],[-67.9302,58.5166],[-67.9612,58.52],[-67.9615,58.5623],[-68.0167,58.5662],[-68.0261,58.5188],[-68.0817,58.5244],[-68.149,58.5193],[-68.179,58.4846],[-68.2153,58.4878],[-68.1858,58.5321],[-68.1985,58.5579],[-68.2486,58.5286],[-68.2853,58.588],[-68.3437,58.5992],[-68.3306,58.6254],[-68.3304,58.6817],[-68.3708,58.7064],[-68.3808,58.7431],[-68.3483,58.7689],[-68.3892,58.7976],[-68.3937,58.8179],[-68.4509,58.8153],[-68.4978,58.8347],[-68.602,58.9014],[-68.635,58.9103],[-68.713,58.8939],[-68.7587,58.9168],[-68.8865,58.8809],[-68.9752,58.8828],[-68.987,58.9021],[-69.0526,58.8951],[-69.1414,58.9041],[-69.1879,58.877],[-69.2323,58.9035],[-69.2848,58.8798],[-69.386,58.8732],[-69.4126,58.8515],[-69.4024,58.8325],[-69.4932,58.7807],[-69.5695,58.7825],[-69.613,58.7649],[-69.6527,58.6926],[-69.6905,58.7098],[-69.7244,58.6795],[-69.7534,58.6264],[-69.802,58.5926],[-69.8583,58.6183],[-69.8653,58.6441],[-69.8346,58.6767],[-69.7871,58.6879],[-69.8154,58.7176],[-69.8847,58.6911],[-69.9276,58.7106],[-69.8988,58.773],[-69.9451,58.7723],[-70.0157,58.7336],[-70.0679,58.7678],[-70.1299,58.7617],[-70.03,58.81],[-69.971,58.8074],[-69.8846,58.8341],[-69.8768,58.8719],[-69.8271,58.8287],[-69.7862,58.8318],[-69.8112,58.9268],[-69.811,58.9567],[-69.8926,58.9615],[-69.8537,58.9845],[-69.8483,59.0064],[-69.8655,59.0503],[-69.8201,59.0388],[-69.7797,58.976],[-69.7108,58.9839],[-69.6838,58.9499],[-69.7017,58.9287],[-69.6566,58.902],[-69.6967,58.869],[-69.6871,58.8198],[-69.6604,58.7976],[-69.5464,58.8095],[-69.5204,58.8604],[-69.5227,58.8812],[-69.4675,58.8786],[-69.4377,58.9056],[-69.4671,58.954],[-69.4696,59.0192],[-69.4324,59.029],[-69.3945,59.0713],[-69.3469,59.0917],[-69.3734,59.1244],[-69.4305,59.1048],[-69.4385,59.1322],[-69.5275,59.1396],[-69.524,59.1674],[-69.4821,59.2138],[-69.4397,59.2276],[-69.4086,59.2192],[-69.4132,59.1962],[-69.3563,59.1988],[-69.3717,59.2342],[-69.3414,59.2437],[-69.2966,59.2119],[-69.2497,59.2235],[-69.2365,59.3056],[-69.2599,59.3352],[-69.3136,59.3063],[-69.3576,59.3066],[-69.3494,59.3404],[-69.4524,59.3601],[-69.4891,59.3418],[-69.5995,59.3174],[-69.6193,59.2925],[-69.6619,59.3182],[-69.6957,59.3064],[-69.761,59.3225],[-69.7272,59.3465],[-69.6829,59.3465],[-69.6258,59.3622],[-69.6338,59.4214],[-69.6564,59.4336],[-69.6579,59.4632],[-69.6937,59.4862],[-69.7399,59.4826],[-69.7468,59.509],[-69.6693,59.5583],[-69.638,59.5878],[-69.5564,59.5946],[-69.5041,59.6361],[-69.5044,59.6757],[-69.6,59.6823],[-69.6362,59.7092],[-69.5581,59.7375],[-69.6046,59.7918],[-69.5835,59.8016],[-69.5825,59.8427],[-69.5466,59.8627],[-69.5851,59.8787],[-69.6409,59.877],[-69.7229,59.896],[-69.7058,59.9273],[-69.7155,59.9653],[-69.7583,59.9673],[-69.7758,60.0146],[-69.838,60.0235],[-69.8306,60.0632],[-69.7675,60.0568],[-69.7148,60.0707],[-69.6175,60.0719],[-69.6274,60.0976],[-69.6066,60.1107],[-69.635,60.1422],[-69.5954,60.1647],[-69.6093,60.1926],[-69.5918,60.2107],[-69.646,60.2624],[-69.6727,60.2558],[-69.7011,60.2982],[-69.7633,60.3111],[-69.7418,60.336],[-69.6817,60.3539],[-69.7182,60.3807],[-69.7183,60.4069],[-69.7628,60.4175],[-69.7107,60.4585],[-69.7844,60.4879],[-69.8074,60.5187],[-69.7784,60.5446],[-69.7012,60.5419],[-69.63,60.591],[-69.6862,60.6449],[-69.6746,60.6737],[-69.6981,60.6957],[-69.6209,60.7085],[-69.6193,60.7324],[-69.5688,60.7371],[-69.4234,60.7819],[-69.4239,60.8165],[-69.3616,60.8197],[-69.3958,60.8493],[-69.3926,60.8922],[-69.3724,60.9131],[-69.4145,60.9469],[-69.4461,60.9581],[-69.5037,61.0681],[-69.5514,61.0791],[-69.6114,61.0794],[-69.6416,61.0585],[-69.6376,61.0297],[-69.6761,61.0233],[-69.6581,61.0004],[-69.6824,60.9837],[-69.6844,60.9552],[-69.6306,60.9129],[-69.6485,60.8745],[-69.7364,60.8744],[-69.7556,60.917],[-69.8272,60.8814],[-69.8426,60.8441],[-69.9129,60.8033],[-69.9626,60.8223],[-69.9872,60.844],[-70.0603,60.8411],[-70.0613,60.8648],[-70.0941,60.928],[-70.0866,60.9618],[-70.1527,61.006],[-70.105,61.0668],[-70.1287,61.0888],[-70.2362,61.0701],[-70.2399,61.0927],[-70.3251,61.0897],[-70.3752,61.0623],[-70.4275,61.0567],[-70.4029,61.0233],[-70.4588,61.0251],[-70.4896,61.0694],[-70.5212,61.0472],[-70.5294,61.0186],[-70.5938,61.015],[-70.6439,61.0542],[-70.6874,61.0582],[-70.7322,61.0843],[-70.8345,61.0787],[-70.8647,61.0683],[-70.9306,61.0737],[-70.9111,61.0958],[-70.9346,61.1155],[-71.0394,61.1353],[-71.0876,61.1263],[-71.147,61.1338],[-71.2006,61.1157],[-71.2181,61.1626],[-71.3118,61.1532],[-71.3865,61.1582],[-71.444,61.1709],[-71.4329,61.2132],[-71.4891,61.2231],[-71.5208,61.1905],[-71.4864,61.169],[-71.5531,61.1586],[-71.5363,61.2077],[-71.6192,61.2118],[-71.5727,61.2485],[-71.6342,61.2726],[-71.7131,61.2799],[-71.6949,61.3216],[-71.6986,61.3502],[-71.7855,61.3479],[-71.7958,61.3747],[-71.7067,61.3699],[-71.6427,61.3751],[-71.6609,61.4046],[-71.7118,61.4091],[-71.7787,61.4273],[-71.8623,61.4201],[-71.8567,61.4441],[-71.7893,61.4516],[-71.7327,61.4726],[-71.805,61.4961],[-71.7702,61.5422],[-71.7288,61.5517],[-71.6057,61.5529],[-71.5688,61.5742],[-71.5241,61.5785],[-71.5476,61.6147],[-71.6452,61.6584],[-71.675,61.6565],[-71.81,61.695],[-71.9397,61.7075],[-71.9141,61.6895],[-71.9113,61.6576],[-71.9483,61.6382],[-71.9744,61.595],[-72.0171,61.5859],[-72.1177,61.5845],[-72.1662,61.6016],[-72.2382,61.5875],[-72.2481,61.609],[-72.162,61.6172],[-72.1299,61.6043],[-72.0619,61.6042],[-72.0159,61.63],[-71.9805,61.6785],[-72.0177,61.69],[-72.0061,61.7238],[-72.0825,61.7615],[-72.1292,61.7667],[-72.1579,61.7453],[-72.2261,61.7582],[-72.145,61.7992],[-72.1889,61.8371],[-72.1803,61.8537],[-72.2134,61.8759],[-72.2673,61.8899],[-72.3332,61.888],[-72.3934,61.8977],[-72.4895,61.93],[-72.5211,61.9242],[-72.559,61.9468],[-72.5956,61.9472],[-72.6092,61.91],[-72.6464,61.8849],[-72.6717,61.935],[-72.6673,61.9597],[-72.5899,61.9676],[-72.5875,62.0437],[-72.6061,62.0685],[-72.6153,62.1128],[-72.6979,62.1376],[-72.7514,62.1439],[-72.8387,62.1241],[-72.8669,62.109],[-72.9079,62.1583],[-72.9489,62.1597],[-73.0172,62.1835],[-73.1868,62.2696],[-73.1921,62.3151],[-73.3134,62.3287],[-73.3243,62.3475],[-73.3827,62.3735],[-73.5037,62.3922],[-73.5472,62.3876],[-73.5968,62.4152],[-73.6711,62.4801],[-73.7302,62.4772],[-73.8306,62.4587],[-73.9001,62.4354],[-74.0118,62.3642],[-74.1323,62.3371],[-74.267,62.3146],[-74.2838,62.2827],[-74.3528,62.2558],[-74.4086,62.2446],[-74.5124,62.243],[-74.6057,62.2593],[-74.706,62.2553],[-74.7482,62.2092],[-74.7029,62.1928],[-74.6638,62.1566],[-74.694,62.1418],[-74.7443,62.1726],[-74.7868,62.1824],[-74.8472,62.2209],[-74.9152,62.2532],[-74.9678,62.2656],[-75.0762,62.2692],[-75.1367,62.2862],[-75.1825,62.2847],[-75.2743,62.2974],[-75.3468,62.3171],[-75.4528,62.3037],[-75.5145,62.27],[-75.5242,62.2532],[-75.6292,62.23],[-75.6432,62.2127],[-75.7429,62.2034],[-75.6337,62.2533],[-75.5719,62.262],[-75.6225,62.2874],[-75.7144,62.3035],[-75.7788,62.3023],[-75.8778,62.3236],[-75.9483,62.3526],[-76.0147,62.3384],[-76.0251,62.3552],[-76.1125,62.3333],[-76.1037,62.3757],[-76.1889,62.3841],[-76.2813,62.4133],[-76.4822,62.4461],[-76.6395,62.4581],[-76.6354,62.4773],[-76.797,62.5224],[-76.9243,62.5377],[-77.0332,62.5312],[-77.1636,62.5363],[-77.1965,62.5444],[-77.3284,62.5478],[-77.3705,62.5588],[-77.4084,62.527],[-77.4225,62.5805],[-77.5078,62.5766],[-77.5206,62.5546],[-77.689,62.5033],[-77.7221,62.4686],[-77.7695,62.464],[-77.84,62.4314],[-77.9127,62.4297],[-77.9562,62.391],[-78.0103,62.3669],[-78.0911,62.361],[-78.1057,62.3344],[-78.171,62.2737],[-78.1518,62.21],[-78.1754,62.1869],[-78.1649,62.1543],[-78.1776,62.1324],[-78.1537,62.1165],[-78.1426,62.042],[-78.1457,61.9919],[-78.1155,61.9856],[-78.0752,61.9169],[-78.094,61.8844],[-78.0321,61.7903],[-78.0217,61.7278],[-78,61.7059],[-77.9398,61.6793],[-77.8906,61.6853],[-77.7892,61.6847],[-77.7775,61.6425],[-77.7367,61.6243],[-77.7294,61.5941],[-77.641,61.5825],[-77.6448,61.5719],[-77.5453,61.5604],[-77.5439,61.5428],[-77.6412,61.5576],[-77.67,61.5146],[-77.587,61.4852],[-77.5755,61.468],[-77.6256,61.4589],[-77.6983,61.4634],[-77.7389,61.442],[-77.8189,61.4428],[-77.7642,61.379],[-77.7705,61.2819],[-77.7436,61.2594],[-77.7568,61.1923],[-77.8247,61.1471],[-77.8159,61.1037],[-77.8334,61.0819],[-77.8292,61.0504],[-77.9127,61.0334],[-77.9879,60.976],[-78.0449,60.9414],[-78.1044,60.919],[-78.1467,60.8761],[-78.1914,60.8605],[-78.2112,60.8207],[-78.1789,60.7929],[-78.0509,60.7971],[-78.0263,60.7904],[-77.8909,60.777],[-77.8545,60.7652],[-77.6266,60.8131],[-77.5383,60.8395],[-77.5194,60.8293],[-77.7069,60.78],[-77.6339,60.7647],[-77.7052,60.7125],[-77.708,60.6901],[-77.8345,60.6574],[-77.838,60.6426],[-77.8049,60.6048],[-77.7294,60.581],[-77.6761,60.5422],[-77.5881,60.5622],[-77.4802,60.5536],[-77.471,60.5391],[-77.5796,60.5397],[-77.5846,60.5018],[-77.6636,60.4791],[-77.698,60.4592],[-77.7011,60.4301],[-77.7745,60.3946],[-77.708,60.3615],[-77.6527,60.3655],[-77.6396,60.3325],[-77.6007,60.3274],[-77.5909,60.2813],[-77.5421,60.2831],[-77.5284,60.2293],[-77.4982,60.197],[-77.5589,60.1721],[-77.48,60.1269],[-77.5004,60.1145],[-77.5487,60.1222],[-77.6097,60.0927],[-77.5716,60.0419],[-77.466,60.03],[-77.442,60.0475],[-77.3898,60.0403],[-77.3703,60.021],[-77.2834,59.9902],[-77.3325,59.9761],[-77.3403,59.9583],[-77.3924,59.9411],[-77.4484,59.9039],[-77.3865,59.8935],[-77.3738,59.8523],[-77.3377,59.8379],[-77.3236,59.8043],[-77.3578,59.7878],[-77.4655,59.7784],[-77.4706,59.7512],[-77.5141,59.7411],[-77.5746,59.748],[-77.56,59.714],[-77.5195,59.7049],[-77.5473,59.6748],[-77.5,59.6693],[-77.5,59.6368],[-77.6399,59.6738],[-77.7133,59.6782],[-77.7415,59.7088],[-77.773,59.6791],[-77.8193,59.6802],[-77.7539,59.6159],[-77.7361,59.5612],[-77.7527,59.528],[-77.8447,59.5219],[-77.8939,59.5026],[-77.8915,59.4776],[-77.8636,59.4239],[-77.9111,59.4345],[-77.9353,59.4144],[-77.8757,59.4056],[-77.8195,59.4188],[-77.7569,59.4215],[-77.7011,59.3858],[-77.7518,59.3778],[-77.7897,59.3573],[-77.8076,59.3228],[-77.8469,59.3171],[-77.8577,59.2842],[-77.9946,59.2544],[-78.1299,59.1973],[-78.1376,59.1723],[-78.1194,59.1516],[-78.1791,59.1486],[-78.1241,59.0943],[-78.1796,59.0913],[-78.2132,59.0789],[-78.2328,59.0476],[-78.2812,59.059],[-78.3168,59.0499],[-78.2875,59.0031],[-78.3307,58.9411],[-78.3645,58.9049],[-78.5116,58.8974],[-78.5147,58.9359],[-78.5522,58.9316],[-78.5807,58.8988],[-78.553,58.8415],[-78.5254,58.8191],[-78.5277,58.7949],[-78.5055,58.7664],[-78.4631,58.7615],[-78.3989,58.7376],[-78.3847,58.717],[-78.4204,58.6962],[-78.4509,58.7379],[-78.4775,58.7552],[-78.5236,58.7526],[-78.5074,58.7055],[-78.5379,58.6929],[-78.5419,58.6707],[-78.5829,58.6435],[-78.5222,58.637],[-78.4879,58.6176],[-78.4588,58.5674],[-78.4265,58.5414],[-78.3717,58.5484],[-78.3963,58.5709],[-78.4306,58.5646],[-78.4355,58.603],[-78.3933,58.5909],[-78.3133,58.5345],[-78.2869,58.5087],[-78.2461,58.5206],[-78.221,58.4902],[-78.1682,58.462],[-78.056,58.4269],[-78.0525,58.3896],[-78.0265,58.3629],[-77.9468,58.3376],[-77.8801,58.3316],[-77.7688,58.2882],[-77.6496,58.263],[-77.5545,58.2237],[-77.5181,58.2277],[-77.511,58.1949],[-77.4577,58.1678],[-77.4772,58.145],[-77.4098,58.1288],[-77.3705,58.09],[-77.3529,58.0931],[-77.2528,58.0495],[-77.1326,57.9462],[-77.0913,57.9396],[-77.0821,57.9036],[-77.0445,57.8816],[-77.0503,57.8673],[-76.9951,57.8434],[-77.0046,57.8334],[-76.9513,57.7747],[-76.9276,57.7697],[-76.8925,57.7018],[-76.8527,57.6736],[-76.8417,57.6319],[-76.8669,57.6275],[-76.7724,57.5092],[-76.7681,57.4835],[-76.7303,57.4486],[-76.7111,57.4476],[-76.6982,57.4083],[-76.6608,57.3696],[-76.6655,57.3527],[-76.6348,57.3151],[-76.6028,57.2169],[-76.5745,57.1857],[-76.5811,57.1376],[-76.5501,57.0961],[-76.5696,57.0386],[-76.5592,56.9881],[-76.5697,56.9396],[-76.5541,56.916],[-76.5336,56.8239],[-76.5373,56.7428],[-76.5315,56.7214],[-76.5401,56.6583],[-76.5305,56.6493],[-76.5492,56.6029],[-76.5343,56.5977],[-76.5545,56.5542],[-76.5516,56.4752],[-76.5186,56.4589],[-76.5397,56.405],[-76.5274,56.3814],[-76.5428,56.3566],[-76.548,56.3013],[-76.5638,56.2792],[-76.617,56.2465],[-76.6148,56.2029],[-76.6524,56.1944],[-76.6492,56.1247],[-76.6846,56.089],[-76.6842,56.0615],[-76.72,56.0222],[-76.7986,56.0009],[-76.8081,55.9581],[-76.8305,55.9296],[-76.8848,55.9103],[-76.8943,55.8917],[-76.9327,55.8722],[-77.0046,55.8016],[-77.0927,55.7449],[-77.0776,55.7192],[-77.1237,55.6617],[-77.1595,55.6566],[-77.2008,55.6117],[-77.2529,55.5777],[-77.3027,55.5614],[-77.3169,55.5408],[-77.4273,55.4789],[-77.4621,55.4642],[-77.5808,55.3826],[-77.6378,55.3782],[-77.7284,55.321],[-77.789,55.2693],[-77.85,55.2533],[-77.9148,55.2183],[-77.9712,55.2058],[-78.0569,55.1679],[-78.1575,55.1352],[-78.3166,55.042],[-78.3876,55.0204],[-78.487,55.004],[-78.546,54.9883],[-78.581,54.9601],[-78.623,54.9534],[-78.7824,54.9059],[-78.8261,54.9075],[-78.9334,54.8744],[-78.9557,54.8437],[-79.0159,54.8368],[-79.0627,54.8203],[-79.2454,54.7884],[-79.3498,54.7575],[-79.3886,54.7642],[-79.4353,54.7404],[-79.4772,54.7379],[-79.5335,54.721],[-79.5556,54.7249],[-79.5998,54.7],[-79.7143,54.6519],[-79.6558,54.6283],[-79.6447,54.6127],[-79.5946,54.6324],[-79.5547,54.6132],[-79.5172,54.5674],[-79.5787,54.5527],[-79.5036,54.5102],[-79.5154,54.4883],[-79.4818,54.4562],[-79.4736,54.4278],[-79.4919,54.4132],[-79.4951,54.3739],[-79.4575,54.3222],[-79.4708,54.2954],[-79.4244,54.3002],[-79.4053,54.2698],[-79.3476,54.2465],[-79.3211,54.2494],[-79.2803,54.2245],[-79.3406,54.2065],[-79.3639,54.1836],[-79.2926,54.1727],[-79.2524,54.1854],[-79.2181,54.1701],[-79.1043,54.1611],[-79.1159,54.1384],[-79.0634,54.0991],[-79.1206,54.0887],[-79.1045,54.043],[-79.0397,54.0343],[-79.0238,54.0164],[-79.0588,53.9964],[-79.0548,53.9508],[-79.085,53.9304],[-79.0047,53.9158],[-79.043,53.9026],[-79.0841,53.8627],[-79.062,53.8427],[-79.0732,53.7623],[-79.0517,53.734],[-79.0827,53.7004],[-79.0337,53.6809],[-79.0384,53.642],[-78.9553,53.5789],[-78.8921,53.565],[-78.9026,53.5489],[-78.9628,53.5371],[-78.9919,53.5562],[-79.0318,53.5547],[-79.0561,53.5299],[-79.1224,53.5023],[-79.1002,53.4849],[-79.0815,53.4442],[-79.0377,53.417],[-78.9802,53.4249],[-78.977,53.398],[-78.9443,53.3849],[-78.9796,53.3491],[-78.9418,53.31],[-78.9678,53.2862],[-78.9056,53.2615],[-78.9411,53.2423],[-78.9004,53.2225],[-78.9062,53.1969],[-78.9538,53.1837],[-78.9345,53.1665],[-78.9645,53.1004],[-78.9678,53.0973],[-78.9257,53.0534],[-78.9887,53.0126],[-78.9225,52.9852],[-78.8711,52.9839],[-78.8512,53.0084],[-78.8205,52.9874],[-78.8391,52.9751],[-78.8356,52.9694],[-78.827,52.9583],[-78.8709,52.9346],[-78.8853,52.8887],[-78.8191,52.8552],[-78.7695,52.8543],[-78.7423,52.8379],[-78.7766,52.8046],[-78.7407,52.7765],[-78.8341,52.7786],[-78.847,52.7434],[-78.8273,52.7272],[-78.7922,52.7278],[-78.7778,52.7002],[-78.7434,52.6896],[-78.728,52.6658],[-78.7818,52.6446],[-78.7344,52.628],[-78.7117,52.5919],[-78.7648,52.5533],[-78.7139,52.5217],[-78.6786,52.541],[-78.6269,52.5129],[-78.5928,52.5272],[-78.5692,52.516],[-78.5091,52.4519],[-78.5482,52.4214],[-78.5059,52.4132],[-78.5259,52.3927],[-78.5258,52.3645],[-78.5025,52.3589],[-78.5125,52.3157],[-78.5642,52.2892],[-78.5547,52.2691],[-78.518,52.242],[-78.5609,52.2318],[-78.5403,52.1989],[-78.549,52.1578],[-78.5848,52.1003],[-78.6304,52.08],[-78.6331,52.0613],[-78.721,52.0191],[-78.7112,51.9797],[-78.723,51.9705],[-78.8575,51.9398],[-78.8873,51.9148],[-78.8523,51.8688],[-78.8346,51.8638],[-78.8661,51.8146],[-78.9403,51.791],[-78.9733,51.7998],[-79.0413,51.7616],[-79,51.7392],[-78.9898,51.7101],[-78.9483,51.6953],[-78.945,51.6601],[-78.9277,51.6459],[-78.883,51.6384],[-78.8448,51.6009],[-78.8098,51.6015],[-78.8261,51.5721],[-78.815,51.5355],[-78.8275,51.5156],[-78.7671,51.4805],[-78.8508,51.4126],[-78.8936,51.3918],[-78.8978,51.378],[-78.8685,51.3397],[-78.9027,51.3046],[-78.9074,51.2805],[-78.9314,51.2711],[-78.9521,51.3084],[-78.9479,51.3251],[-78.9778,51.4145],[-78.9797,51.4588],[-79.026,51.4938],[-79.0949,51.5325],[-79.1706,51.5236],[-79.2457,51.5455],[-79.2435,51.6011],[-79.2255,51.6438],[-79.2776,51.6399],[-79.3219,51.6626],[-79.3612,51.6573],[-79.3743,51.6338],[-79.4931,51.564],[-79.5413,51.5509],[-79.5145,51.4872],[-79.5243,51.4713],[-79.5158,51.4607],[-79.519,51.0623],[-79.5179,50.6317],[-79.5179,50.3828],[-79.5175,50],[-79.5177,49.677],[-79.5179,49.1906],[-79.5174,48.8057],[-79.5176,48.5256],[-79.5174,48.2878],[-79.5174,47.9964],[-79.5171,47.5332],[-79.5474,47.5178],[-79.5607,47.4777],[-79.5865,47.4456],[-79.581,47.4151],[-79.5401,47.3662],[-79.4268,47.2501],[-79.4375,47.2193],[-79.432,47.18],[-79.443,47.101],[-79.435,47.0842],[-79.3767,47.0289],[-79.3468,47.0079],[-79.3297,46.9572],[-79.2768,46.8953],[-79.214,46.8332],[-79.1708,46.8252],[-79.1431,46.786],[-79.0943,46.6883],[-79.0531,46.6499],[-79.0153,46.6269],[-78.9957,46.5909],[-78.9899,46.5489],[-78.8927,46.4619],[-78.8113,46.4266],[-78.7582,46.3934],[-78.7271,46.3829],[-78.7282,46.3423],[-78.7115,46.326],[-78.6758,46.3182],[-78.5971,46.3189],[-78.5139,46.2969],[-78.3884,46.2917],[-78.3096,46.2532],[-78.2605,46.2739],[-78.2197,46.2701],[-78.1351,46.2747],[-78.1173,46.2637],[-78.0427,46.2425],[-77.988,46.2466],[-77.9268,46.2241],[-77.7839,46.1959],[-77.7296,46.1931],[-77.6978,46.1829],[-77.675,46.1985],[-77.6205,46.1749],[-77.5661,46.1592],[-77.3896,46.0683],[-77.3624,46.0595],[-77.2763,46.0085],[-77.2867,45.9865],[-77.2784,45.9489],[-77.2362,45.9205],[-77.1903,45.8639],[-77.1315,45.844],[-77.0816,45.8356],[-77.0537,45.8106],[-77.0112,45.8042],[-76.985,45.7861],[-76.9353,45.7891],[-76.912,45.8097],[-76.9277,45.845],[-76.9276,45.8923],[-76.8948,45.8981],[-76.8416,45.8904],[-76.7787,45.8714],[-76.7647,45.851],[-76.7658,45.811],[-76.7814,45.7853],[-76.7696,45.7335],[-76.7036,45.7208],[-76.6865,45.687],[-76.7119,45.6655],[-76.6703,45.6258],[-76.6745,45.5833],[-76.6593,45.5607],[-76.6037,45.5322],[-76.5179,45.516],[-76.4335,45.4921],[-76.3617,45.4571],[-76.317,45.457],[-76.2451,45.4686],[-76.2335,45.5078],[-76.201,45.5189],[-76.0899,45.5139],[-75.9872,45.4796],[-75.9547,45.4603],[-75.8952,45.4016],[-75.8426,45.376],[-75.797,45.3783],[-75.7563,45.4124],[-75.7037,45.4266],[-75.6832,45.4591],[-75.5756,45.4748],[-75.5204,45.4988],[-75.4454,45.5211],[-75.391,45.5242],[-75.317,45.5462],[-75.2426,45.5855],[-75.1735,45.577],[-75.1135,45.5786],[-75.0355,45.5938],[-74.989,45.6108],[-74.943,45.6434],[-74.8352,45.6358],[-74.7864,45.6388],[-74.7293,45.6283],[-74.6381,45.6388],[-74.6099,45.6227],[-74.5351,45.5948],[-74.4724,45.5937],[-74.4323,45.5723],[-74.3841,45.5671],[-74.3008,45.5228],[-74.2521,45.5324],[-74.2243,45.5248],[-74.1793,45.5283],[-74.1691,45.5033],[-74.1328,45.4908],[-74.1162,45.4656],[-74.0537,45.4582],[-73.9582,45.4987],[-73.95,45.5168],[-73.892,45.5305],[-73.8861,45.561],[-73.8414,45.5827],[-73.8316,45.6093],[-73.8008,45.6192],[-73.7635,45.6584],[-73.7277,45.6823],[-73.6871,45.6946],[-73.5956,45.6915],[-73.5552,45.7017],[-73.5285,45.7011],[-73.4734,45.7124],[-73.4414,45.7369],[-73.3672,45.8186],[-73.3258,45.8351],[-73.2851,45.8695],[-73.1915,45.9894],[-73.1774,46.0757],[-73.1537,46.106],[-73.1109,46.1337],[-73.0681,46.151],[-72.9909,46.1685],[-72.9855,46.2027],[-72.9213,46.2185],[-72.9001,46.2376],[-72.8245,46.2671],[-72.8121,46.2585],[-72.7295,46.2914],[-72.666,46.2772],[-72.5777,46.3038],[-72.5397,46.3401],[-72.4654,46.3919],[-72.3835,46.4153],[-72.3368,46.4413],[-72.2902,46.4445],[-72.2621,46.4574],[-72.2374,46.5215],[-72.2175,46.5454],[-72.1437,46.5785],[-72.0475,46.5855],[-71.9883,46.6238],[-71.9252,46.6525],[-71.8991,46.682],[-71.8436,46.692],[-71.789,46.6696],[-71.6929,46.6676],[-71.6101,46.698],[-71.5892,46.6951],[-71.5371,46.7142],[-71.4081,46.7355],[-71.3706,46.7332],[-71.3471,46.7466],[-71.2931,46.7482],[-71.2418,46.7738],[-71.2028,46.8077],[-71.1917,46.8358],[-71.1437,46.8851],[-71.0731,46.9202],[-71.0147,46.9718],[-70.9507,47.0121],[-70.8802,47.0409],[-70.8059,47.0499],[-70.7159,47.1084],[-70.698,47.1351],[-70.6375,47.1969],[-70.6198,47.2279],[-70.5863,47.2548],[-70.5512,47.3305],[-70.5018,47.3782],[-70.5034,47.4185],[-70.4848,47.4359],[-70.4529,47.4261],[-70.3476,47.463],[-70.295,47.4673],[-70.2694,47.4832],[-70.2339,47.4879],[-70.2032,47.5238],[-70.1993,47.5795],[-70.1397,47.6225],[-70.1267,47.6507],[-69.9791,47.716],[-69.9581,47.7543],[-69.9056,47.7702],[-69.9008,47.803],[-69.8793,47.8267],[-69.8678,47.8589],[-69.8015,47.919],[-69.762,48.0047],[-69.759,48.0627],[-69.7107,48.0967],[-69.7223,48.125],[-69.6709,48.1437],[-69.6247,48.1756],[-69.5661,48.227],[-69.5139,48.2415],[-69.4978,48.266],[-69.4254,48.3004],[-69.3921,48.3357],[-69.4036,48.3532],[-69.3215,48.4137],[-69.29,48.4584],[-69.283,48.5111],[-69.2439,48.5457],[-69.2305,48.573],[-69.1504,48.5632],[-69.13,48.5768],[-69.0853,48.6365],[-69.0852,48.6919],[-69.0513,48.7726],[-68.9794,48.7708],[-68.9486,48.7868],[-68.9378,48.8182],[-68.8505,48.8394],[-68.7853,48.8921],[-68.6986,48.9043],[-68.6343,48.9428],[-68.6359,49.0049],[-68.6059,49.0415],[-68.5715,49.062],[-68.5248,49.0737],[-68.4867,49.0691],[-68.4318,49.0793],[-68.4602,49.0428],[-68.3967,49.0465],[-68.3446,49.081],[-68.3034,49.0942],[-68.2278,49.09],[-68.1929,49.0986],[-68.1803,49.1168],[-68.1807,49.1511],[-68.252,49.163],[-68.2526,49.1868],[-68.1944,49.2002],[-68.1442,49.2031],[-68.127,49.2713],[-68.0845,49.2528],[-68.0456,49.2814],[-67.9538,49.2793],[-67.8993,49.2919],[-67.8223,49.2698],[-67.7999,49.2726],[-67.7716,49.2982],[-67.7188,49.3049],[-67.6722,49.3005],[-67.6463,49.3138],[-67.595,49.3216],[-67.5085,49.3253],[-67.4067,49.3179],[-67.3664,49.327],[-67.3095,49.3885],[-67.303,49.4186],[-67.2392,49.4587],[-67.2301,49.5157],[-67.2352,49.5945],[-67.1878,49.6564],[-67.166,49.6701],[-67.1721,49.7152],[-67.1652,49.7765],[-67.1356,49.8143],[-67.089,49.8478],[-67.0214,49.8419],[-67.0017,49.8684],[-66.9732,49.953],[-66.9333,49.9986],[-66.8347,50.0258],[-66.7404,50.0383],[-66.7274,50.072],[-66.6998,50.1086],[-66.6095,50.1399],[-66.5347,50.1515],[-66.4759,50.1326],[-66.4491,50.1601],[-66.5152,50.1603],[-66.5342,50.1873],[-66.5287,50.2304],[-66.4543,50.2698],[-66.4144,50.266],[-66.3679,50.1879],[-66.261,50.2122],[-66.2114,50.2102],[-66.1507,50.1896],[-66.0941,50.1881],[-66.1135,50.2129],[-66.0523,50.2094],[-65.9932,50.2725],[-65.9514,50.2879],[-65.915,50.2844],[-65.8192,50.2503],[-65.8134,50.2632],[-65.6933,50.2551],[-65.6566,50.2684],[-65.5658,50.2716],[-65.4742,50.2907],[-65.3504,50.3039],[-65.2907,50.298],[-65.2426,50.3023],[-65.1857,50.2855],[-65.0234,50.2811],[-64.9587,50.2632],[-64.9252,50.2716],[-64.898,50.263],[-64.7844,50.2744],[-64.7435,50.2676],[-64.6965,50.2796],[-64.6315,50.2754],[-64.61,50.2855],[-64.5424,50.2843],[-64.4848,50.3155],[-64.4223,50.3169],[-64.3405,50.2832],[-64.1661,50.2555],[-64.0861,50.2913],[-64.0322,50.2862],[-63.9605,50.3005],[-63.907,50.2954],[-63.8166,50.3025],[-63.7867,50.2836],[-63.7425,50.2939],[-63.7022,50.2837],[-63.6878,50.2517],[-63.6344,50.2552],[-63.6075,50.2365],[-63.5261,50.2574],[-63.4814,50.25],[-63.4603,50.2209],[-63.4006,50.2016],[-63.3643,50.2341],[-63.2923,50.2244],[-63.1732,50.2412],[-63.1902,50.2716],[-63.1634,50.2868],[-63.0686,50.2761],[-63.0121,50.3086],[-62.983,50.2837],[-62.9455,50.2746],[-62.8766,50.2849],[-62.8443,50.2748],[-62.7723,50.2896],[-62.7412,50.2773],[-62.6508,50.2687],[-62.5249,50.2628],[-62.4947,50.2681],[-62.4609,50.253],[-62.431,50.2769],[-62.3992,50.2854],[-62.3694,50.2663],[-62.3469,50.2787],[-62.3132,50.26],[-62.2671,50.2575],[-62.2242,50.2341],[-62.1529,50.2357],[-62.084,50.2182],[-62.0373,50.2258],[-61.9987,50.2125],[-61.9657,50.231],[-61.8714,50.2227],[-61.8659,50.1966],[-61.8321,50.1934],[-61.8053,50.1576],[-61.8095,50.1299],[-61.7426,50.1309],[-61.6909,50.1518],[-61.632,50.1521],[-61.5921,50.1882],[-61.5819,50.1604],[-61.6361,50.1384],[-61.6934,50.1331],[-61.753,50.1075],[-61.7337,50.0855],[-61.6649,50.099],[-61.4696,50.1605],[-61.4173,50.1737],[-61.2574,50.1968],[-61.1889,50.1863],[-61.1646,50.1975],[-61.1331,50.1811],[-61.0875,50.2416],[-61.0044,50.2059],[-60.9565,50.2162],[-60.886,50.2111],[-60.8275,50.2507],[-60.8409,50.2886],[-60.8194,50.2964],[-60.794,50.2571],[-60.8494,50.2309],[-60.8621,50.2124],[-60.7916,50.2035],[-60.762,50.2358],[-60.7276,50.233],[-60.6795,50.212],[-60.5547,50.2081],[-60.5355,50.2296],[-60.4797,50.2413],[-60.4395,50.2288],[-60.3729,50.2359],[-60.3386,50.231],[-60.3067,50.2424],[-60.2953,50.2779],[-60.3141,50.3217],[-60.29,50.3443],[-60.2481,50.3251],[-60.2849,50.3057],[-60.2907,50.2664],[-60.2491,50.2251],[-60.2126,50.2712],[-60.1512,50.2156],[-60.1248,50.2306],[-60.0153,50.2615],[-59.9258,50.2747],[-59.8533,50.3141],[-59.863,50.3511],[-59.8831,50.3727],[-59.7959,50.4263],[-59.7379,50.4322],[-59.7368,50.4508],[-59.6269,50.4628],[-59.5803,50.4748],[-59.5604,50.5223],[-59.5351,50.5228],[-59.5145,50.558],[-59.4757,50.5763],[-59.4516,50.6232],[-59.4106,50.6299],[-59.3975,50.6498],[-59.3327,50.662],[-59.3114,50.6975],[-59.2562,50.7104],[-59.2577,50.7539],[-59.2212,50.7318],[-59.1859,50.7545],[-59.1448,50.7667],[-59.1276,50.7923],[-59.0992,50.7934],[-59.0874,50.768],[-59.037,50.7457],[-58.989,50.8037],[-58.9603,50.8192],[-58.9851,50.8553],[-58.9513,50.8789],[-58.9806,50.8935],[-58.9558,50.9138],[-58.9699,50.9534],[-58.9408,51.0412],[-58.9034,51.0446],[-58.9196,50.9493],[-58.8925,50.9487],[-58.8956,50.9849],[-58.8233,51.0374],[-58.8462,51.0667],[-58.7386,51.0918],[-58.6854,51.1253],[-58.6311,51.1417],[-58.6055,51.1635],[-58.608,51.1871],[-58.6337,51.1984],[-58.6554,51.2268],[-58.5921,51.2317],[-58.5302,51.2664],[-58.4877,51.3003],[-58.4156,51.3099],[-58.4114,51.2846],[-58.3594,51.2861],[-58.3078,51.2606],[-58.2606,51.2919],[-58.2324,51.2639],[-58.0962,51.2922],[-58.0575,51.31],[-58.034,51.3037],[-57.987,51.3183],[-57.9456,51.3497],[-57.891,51.3689],[-57.8622,51.3971],[-57.778,51.4085],[-57.7464,51.4625],[-57.6934,51.4397],[-57.6934,51.42],[-57.612,51.4402],[-57.5803,51.4359],[-57.5225,51.4437],[-57.4964,51.4644],[-57.4757,51.4358],[-57.4366,51.4481],[-57.4664,51.4652],[-57.436,51.4816],[-57.4091,51.4774],[-57.2589,51.4988],[-57.2402,51.4768],[-57.2358,51.441],[-57.2076,51.4114],[-57.1707,51.4073],[-57.1421,51.4256],[-57.1085,51.4156],[-57.1055,51.6565],[-57.1078,51.9985],[-57.3194,51.9979],[-57.9647,51.9964],[-58.3229,51.9971],[-59.0344,51.997],[-60.2017,51.9972],[-60.4417,51.9965],[-61.1299,51.9962],[-61.8065,51.9958],[-62.5,51.9973],[-62.8442,51.997],[-63.533,51.9973],[-63.8015,51.9978],[-63.8124,52.032],[-63.8411,52.0565],[-63.821,52.0867],[-63.7701,52.0793],[-63.7,52.0448],[-63.6621,52.0664],[-63.708,52.0933],[-63.6908,52.123],[-63.7175,52.186],[-63.7119,52.1979],[-63.7486,52.2302],[-63.7506,52.2584],[-63.7717,52.2828],[-63.7681,52.3279],[-63.828,52.3345],[-63.861,52.3191],[-63.9659,52.3573],[-64.0146,52.3637],[-64.0374,52.3921],[-64.0259,52.4058],[-64.0897,52.4459],[-64.0969,52.4744],[-64.0877,52.5065],[-64.0157,52.5771],[-63.9359,52.6056],[-63.8504,52.6259],[-63.7722,52.6325],[-63.7165,52.6309],[-63.5973,52.6479],[-63.4823,52.6505],[-63.4442,52.6447],[-63.3807,52.6652],[-63.4593,52.7179],[-63.5263,52.7254],[-63.5759,52.761],[-63.6177,52.7717],[-63.5954,52.7943],[-63.5997,52.8243],[-63.6417,52.8373],[-63.6601,52.8112],[-63.7195,52.799],[-63.7215,52.7703],[-63.7644,52.7741],[-63.819,52.7585],[-63.8729,52.774],[-63.9213,52.7564],[-63.9374,52.731],[-63.9827,52.7254],[-64.0373,52.7382],[-64.1374,52.7292],[-64.1476,52.7137],[-64.1277,52.6864],[-64.1535,52.6731],[-64.1531,52.6404],[-64.1701,52.6237],[-64.1545,52.6034],[-64.1947,52.5958],[-64.2111,52.5736],[-64.1519,52.5199],[-64.1426,52.4679],[-64.1147,52.42],[-64.1092,52.3941],[-64.138,52.3669],[-64.1674,52.3615],[-64.1801,52.3064],[-64.2256,52.3025],[-64.2466,52.2754],[-64.2176,52.2571],[-64.2007,52.177],[-64.1608,52.146],[-64.1774,52.1338],[-64.2539,52.1215],[-64.2515,52.0797],[-64.2919,52.0776],[-64.2794,52.0376],[-64.234,51.9909],[-64.2801,51.9748],[-64.323,51.9944],[-64.3417,51.9859],[-64.3443,51.9127],[-64.3527,51.8493],[-64.3025,51.8036],[-64.3048,51.7628],[-64.2783,51.7464],[-64.3371,51.6653],[-64.3956,51.664],[-64.4173,51.675],[-64.4566,51.6268],[-64.5076,51.6055],[-64.5544,51.5758],[-64.5969,51.6276],[-64.6242,51.629],[-64.6211,51.6681],[-64.6535,51.7015],[-64.6774,51.7014],[-64.7079,51.7293],[-64.7098,51.756],[-64.7731,51.7531],[-64.8118,51.7778],[-64.8478,51.7625],[-64.9247,51.7779],[-64.9164,51.735],[-64.9307,51.7143],[-64.987,51.7314],[-64.9992,51.75],[-65.0492,51.7696],[-65.0826,51.7462],[-65.1077,51.7487],[-65.1861,51.7756],[-65.1687,51.7898],[-65.1696,51.8221],[-65.2102,51.8129],[-65.2651,51.839],[-65.2539,51.8615],[-65.3002,51.878],[-65.3178,51.8508],[-65.355,51.8299],[-65.3626,51.8642],[-65.3976,51.8908],[-65.3548,51.9427],[-65.3712,51.9673],[-65.4123,51.9713],[-65.4268,52.004],[-65.4562,52.0111],[-65.4961,52.0502],[-65.4901,52.1021],[-65.5307,52.0708],[-65.5484,52.0389],[-65.5983,52.0349],[-65.6205,52.043],[-65.6468,51.9873],[-65.6686,51.9944],[-65.6799,52.0415],[-65.6512,52.0553],[-65.6486,52.0809],[-65.6866,52.1038],[-65.7383,52.0852],[-65.7616,52.1043],[-65.842,52.1165],[-65.877,52.1104],[-65.8977,52.0761],[-65.9548,52.0999],[-65.9704,52.0565],[-65.9962,52.0547],[-66.0156,52.0799],[-66.0496,52.0854],[-66.0964,52.1078],[-66.0782,52.1247],[-66.0772,52.1623],[-66.0979,52.1955],[-66.16,52.2317],[-66.2084,52.2341],[-66.2181,52.2571],[-66.2496,52.274],[-66.26,52.3093],[-66.3126,52.2855],[-66.2994,52.2432],[-66.2641,52.1652],[-66.2694,52.1492],[-66.3301,52.1359],[-66.3798,52.1626],[-66.3568,52.1766],[-66.3896,52.2126],[-66.4233,52.2198],[-66.4704,52.2557],[-66.4329,52.2662],[-66.4462,52.2975],[-66.4905,52.3416],[-66.4366,52.3588],[-66.4199,52.383],[-66.3702,52.3539],[-66.344,52.3604],[-66.3417,52.3972],[-66.3729,52.413],[-66.3588,52.4308],[-66.3908,52.4659],[-66.3556,52.4732],[-66.3703,52.513],[-66.3652,52.5542],[-66.3747,52.5728],[-66.4403,52.6364],[-66.3887,52.6823],[-66.3408,52.6455],[-66.3093,52.6046],[-66.2846,52.6042],[-66.2774,52.6345],[-66.3388,52.6846],[-66.3083,52.7286],[-66.3542,52.8026],[-66.4139,52.8487],[-66.4107,52.8724],[-66.3794,52.8775],[-66.2946,52.8601],[-66.2609,52.8743],[-66.2727,52.896],[-66.322,52.9389],[-66.3267,52.9726],[-66.3608,53.0144],[-66.3935,53.0212],[-66.4318,53.0482],[-66.475,53.0425],[-66.4619,53.0001],[-66.4887,52.9857],[-66.507,52.9501],[-66.577,52.9368],[-66.6256,52.9542],[-66.6503,52.9219],[-66.6637,52.8855],[-66.645,52.8528],[-66.6648,52.8309],[-66.6461,52.7889],[-66.6802,52.791],[-66.6863,52.7637],[-66.7537,52.7515],[-66.7476,52.703],[-66.7721,52.6962],[-66.8537,52.7211],[-66.8765,52.7135],[-66.8491,52.6779],[-66.8945,52.6767],[-66.9173,52.7152],[-66.9439,52.7369],[-66.9493,52.7596],[-66.9898,52.7622],[-67.0343,52.747],[-67.067,52.7751],[-67.0477,52.8372],[-67.0541,52.8681],[-67.0743,52.8755],[-67.1556,52.8498],[-67.1549,52.8228],[-67.2275,52.8418],[-67.2685,52.8777],[-67.3168,52.8754],[-67.3419,52.8962],[-67.3557,52.9286],[-67.3327,52.9598],[-67.3808,53.0463],[-67.3923,53.1209],[-67.3714,53.1353],[-67.3321,53.1241],[-67.2872,53.1439],[-67.3027,53.1589],[-67.2739,53.1801],[-67.2177,53.1497],[-67.1542,53.1472],[-67.1153,53.1119],[-67.0612,53.1419],[-67.0468,53.1185],[-67.069,53.1008],[-67.0416,53.0761],[-66.9844,53.0879],[-67.0061,53.1685],[-66.9596,53.1817],[-66.9781,53.2133],[-66.9762,53.2456],[-66.9543,53.2836],[-66.9584,53.3065],[-67.0271,53.3346],[-66.9661,53.3646],[-66.9244,53.4187],[-66.925,53.4545],[-66.9445,53.4761],[-66.9958,53.4642],[-66.9963,53.4846],[-67.0303,53.5267],[-67.062,53.5371],[-67.0999,53.5267],[-67.1577,53.5376],[-67.2188,53.5303],[-67.2574,53.5574],[-67.2863,53.5435],[-67.3237,53.559],[-67.3136,53.5842],[-67.3947,53.6147],[-67.3894,53.6423],[-67.4131,53.6669],[-67.3968,53.6829],[-67.4337,53.7065],[-67.5063,53.7191],[-67.5,53.7573],[-67.5922,53.7575],[-67.5451,53.7982],[-67.4996,53.8269],[-67.5715,53.8456],[-67.6142,53.8849],[-67.5963,53.9217],[-67.6626,53.9281],[-67.662,53.9523],[-67.6998,53.9766],[-67.7252,53.9778],[-67.7873,54],[-67.8217,54.0257],[-67.7618,54.086],[-67.8055,54.1062],[-67.8103,54.1281],[-67.765,54.157],[-67.7296,54.1513],[-67.6753,54.1588],[-67.6283,54.2128],[-67.6773,54.2417],[-67.6882,54.2731],[-67.6723,54.2851],[-67.6764,54.3185],[-67.748,54.3503],[-67.7247,54.3869],[-67.7764,54.4353],[-67.6678,54.4538],[-67.6664,54.4936],[-67.6279,54.4736],[-67.5926,54.469],[-67.5817,54.4941],[-67.5004,54.4815],[-67.5,54.5069],[-67.4731,54.5201],[-67.4847,54.5454],[-67.5269,54.571],[-67.4917,54.5849],[-67.429,54.5692],[-67.3492,54.517],[-67.3035,54.512],[-67.2866,54.4903],[-67.2449,54.5],[-67.2278,54.5253],[-67.2778,54.5487],[-67.2799,54.5853],[-67.2312,54.5876],[-67.2202,54.6181],[-67.1758,54.6095],[-67.1386,54.6245],[-67.129,54.6577],[-67.0767,54.6711],[-67.0629,54.6929],[-67.1377,54.75],[-67.1775,54.764],[-67.2134,54.7927],[-67.2214,54.8249],[-67.2592,54.8338],[-67.2827,54.8677],[-67.3351,54.9035],[-67.3577,54.9397],[-67.3998,54.9579],[-67.4019,54.989],[-67.4459,55.0085],[-67.4396,55.0325],[-67.4637,55.0629],[-67.4096,55.0886],[-67.3228,55.0891],[-67.2437,55.0596],[-67.2633,55.0455],[-67.2575,55.0213],[-67.0565,54.8949],[-67.0399,54.8681],[-66.9478,54.8223],[-66.927,54.8022],[-66.8757,54.816],[-66.8127,54.7794],[-66.7499,54.7585],[-66.6753,54.7092],[-66.6628,54.7289],[-66.7181,54.7608],[-66.7169,54.7884],[-66.6594,54.7702],[-66.6027,54.8135],[-66.632,54.8357],[-66.6636,54.882],[-66.6897,54.898],[-66.6814,54.9237],[-66.7422,54.9695],[-66.7494,55],[-66.686,55.0001],[-66.6481,54.9771],[-66.6271,54.9849],[-66.6821,55.0297],[-66.735,55.0441],[-66.7555,55.0868],[-66.7549,55.1136],[-66.7887,55.1184],[-66.7467,55.1585],[-66.7606,55.1878],[-66.7489,55.2157],[-66.7072,55.2271],[-66.7864,55.2731],[-66.8237,55.307],[-66.8007,55.323],[-66.8187,55.3553],[-66.7785,55.3524],[-66.6969,55.3053],[-66.6698,55.2694],[-66.6028,55.269],[-66.5456,55.2354],[-66.5164,55.1953],[-66.4953,55.2051],[-66.4664,55.1603],[-66.355,55.0832],[-66.3036,55.0355],[-66.2829,55.0321],[-66.2603,55.0002],[-66.2101,54.9791],[-66.1436,54.9823],[-66.0645,54.9291],[-66.0234,54.942],[-65.9651,54.9298],[-65.9247,54.9401],[-65.888,54.9253],[-65.8498,54.9272],[-65.8366,54.882],[-65.8531,54.8559],[-65.8383,54.8365],[-65.7774,54.8028],[-65.6901,54.7115],[-65.6485,54.7352],[-65.5926,54.743],[-65.5488,54.7292],[-65.5136,54.736],[-65.4555,54.7286],[-65.4291,54.7481],[-65.4346,54.7842],[-65.4867,54.8201],[-65.4563,54.8492],[-65.4114,54.8418],[-65.3558,54.8188],[-65.3257,54.8487],[-65.2096,54.848],[-65.2017,54.8805],[-65.1788,54.9053],[-65.1729,54.9336],[-65.1345,54.9282],[-65.1264,54.9615],[-65.0858,54.9696],[-65.0706,54.9536],[-65.0096,54.931],[-64.9719,54.9374],[-64.915,54.92],[-64.9026,54.9016],[-64.8469,54.8738],[-64.8568,54.8401],[-64.8159,54.849],[-64.7839,54.8428],[-64.7479,54.814],[-64.7762,54.7881],[-64.7781,54.7335],[-64.731,54.7256],[-64.68,54.7357],[-64.6229,54.7219],[-64.6003,54.7289],[-64.5569,54.7137],[-64.5142,54.7513],[-64.4748,54.7522],[-64.4861,54.7934],[-64.3975,54.7905],[-64.2945,54.7533],[-64.2756,54.728],[-64.2261,54.7194],[-64.1902,54.728],[-64.1807,54.6936],[-64.1418,54.667],[-64.1062,54.6604],[-64.113,54.6335],[-64.0543,54.6009],[-64.004,54.6021],[-63.9744,54.6201],[-63.9114,54.6042],[-63.8307,54.6329],[-63.8134,54.6508],[-63.7428,54.6264],[-63.7126,54.625],[-63.7238,54.6598],[-63.7631,54.6737],[-63.7689,54.6998],[-63.803,54.7256],[-63.8897,54.7684],[-63.924,54.7784],[-63.9037,54.8011],[-63.8718,54.8005],[-63.8172,54.8169],[-63.849,54.8626],[-63.8377,54.9145],[-63.8205,54.948],[-63.7519,54.9423],[-63.6613,54.9],[-63.6045,54.9263],[-63.5975,54.9594],[-63.5575,54.9899],[-63.6061,55.0084],[-63.5564,55.0344],[-63.6065,55.0612],[-63.6114,55.0908],[-63.5415,55.1601],[-63.5629,55.1876],[-63.4319,55.2113],[-63.4227,55.243],[-63.4626,55.2553],[-63.5084,55.2321],[-63.5474,55.2255],[-63.6225,55.2426],[-63.6795,55.2669],[-63.6441,55.2878],[-63.5421,55.3097],[-63.5907,55.3332],[-63.5519,55.3449],[-63.482,55.3498],[-63.4422,55.3441],[-63.3248,55.366],[-63.3198,55.4118],[-63.3518,55.4184],[-63.393,55.4048],[-63.4491,55.412],[-63.4786,55.4292],[-63.5784,55.4205],[-63.6309,55.4303],[-63.6654,55.4231],[-63.7367,55.4382],[-63.7806,55.4655],[-63.7755,55.4817],[-63.6915,55.5087],[-63.6655,55.546],[-63.6815,55.5757],[-63.6827,55.6091],[-63.6685,55.6523],[-63.716,55.6577],[-63.7251,55.7266],[-63.6742,55.7593],[-63.6754,55.792],[-63.7171,55.7804],[-63.777,55.8015],[-63.7736,55.8561],[-63.8451,55.8791],[-63.7926,55.9315],[-63.7339,55.928],[-63.6881,55.9482],[-63.6681,55.9695],[-63.6356,55.9653],[-63.563,56.0059],[-63.505,56.0014],[-63.4874,55.9875],[-63.4435,56.0295],[-63.4958,56.04],[-63.5776,56.0251],[-63.6367,56.0235],[-63.6904,56.0439],[-63.683,56.0596],[-63.7313,56.0702],[-63.7742,56.0536],[-63.8379,56.045],[-63.8111,56.0846],[-63.8396,56.1006],[-63.8383,56.1225],[-63.8837,56.137],[-63.9531,56.0882],[-64.0181,56.0673],[-64.0358,56.0822],[-64.0021,56.1027],[-64.036,56.1549],[-64.0047,56.1733],[-63.8629,56.2126],[-63.9115,56.2308],[-63.9129,56.2635],[-63.9671,56.2564],[-64.0221,56.2678],[-64.0874,56.2569],[-64.0905,56.2799],[-64.1434,56.312],[-64.1094,56.3226],[-64.0994,56.3519],[-64.1278,56.3699],[-64.1154,56.4021],[-64.178,56.4252],[-64.1527,56.4411],[-64.0955,56.4241],[-64.0206,56.4179],[-63.993,56.4082],[-63.8729,56.449],[-63.8977,56.469],[-63.9306,56.4662],[-63.9443,56.4931],[-63.9311,56.5338],[-64.0505,56.6063],[-64.0249,56.653],[-64.0908,56.6538],[-64.1453,56.6998],[-64.0789,56.767],[-64.0128,56.7787],[-64.013,56.8498],[-63.9839,56.8611],[-63.8674,56.8834],[-63.9081,56.9275],[-63.9141,56.9776],[-63.8578,56.9992],[-63.8919,57.0128],[-63.8901,57.0861],[-63.8201,57.0755],[-63.7649,57.1399],[-63.7797,57.1618],[-63.771,57.196],[-63.7371,57.2216],[-63.7415,57.2408],[-63.8091,57.2622],[-63.8447,57.226],[-63.867,57.2261],[-63.8834,57.2776],[-63.8558,57.3343],[-63.8017,57.3323],[-63.7855,57.3532],[-63.7013,57.3683],[-63.7234,57.3983],[-63.7103,57.4226],[-63.7613,57.4393],[-63.7752,57.4936],[-63.7512,57.5357],[-63.7719,57.5925],[-63.6995,57.6153],[-63.65,57.6201],[-63.5987,57.6638],[-63.5968,57.7412],[-63.6681,57.7239],[-63.6594,57.7018],[-63.7028,57.6638],[-63.7353,57.6628],[-63.7536,57.7207],[-63.7899,57.6875],[-63.8475,57.719],[-63.8834,57.7126],[-63.9072,57.7514],[-63.9038,57.7982],[-63.9386,57.7886],[-63.9972,57.8121],[-64.034,57.7914],[-64.026,57.7644],[-64.072,57.77],[-64.0922,57.8027],[-64.1167,57.8111],[-64.1566,57.8902],[-64.1625,57.9229],[-64.1904,57.9307],[-64.2047,57.9736],[-64.251,58.0387],[-64.2993,58.0445],[-64.3205,58.0615],[-64.4331,58.0699],[-64.4217,58.1867],[-64.3736,58.2084],[-64.2475,58.2274],[-64.2178,58.2477],[-64.1846,58.3171],[-64.1722,58.3619],[-64.0617,58.3609],[-64.0225,58.371],[-64.0132,58.424],[-63.9866,58.4444],[-63.9242,58.4449],[-63.8811,58.4294],[-63.8078,58.4897],[-63.8587,58.5045],[-63.8488,58.5335],[-63.8582,58.5638],[-63.9074,58.5735],[-63.9467,58.5588],[-63.9736,58.5296],[-64.0469,58.5351],[-64.1049,58.5632],[-64.1159,58.6024],[-64.1079,58.6397],[-64.0789,58.6539],[-64.0472,58.7026],[-63.9503,58.6852],[-63.91,58.7103],[-63.8551,58.6964],[-63.7544,58.7167],[-63.6193,58.7239],[-63.5068,58.7426],[-63.4922,58.7685],[-63.5508,58.8366],[-63.5953,58.8572],[-63.636,58.8487],[-63.6803,58.8665],[-63.7777,58.8841],[-63.8121,58.8471],[-63.8622,58.832],[-63.8979,58.8374],[-63.9954,58.8137],[-64.0453,58.8104],[-64.0697,58.7691],[-64.1378,58.7462],[-64.1788,58.789],[-64.2297,58.7836],[-64.2375,58.805],[-64.2337,58.8641],[-64.3325,58.9046],[-64.4558,58.9082],[-64.5089,58.8876],[-64.5502,58.8875],[-64.6148,58.9075],[-64.6516,58.9438],[-64.7307,58.9508],[-64.7657,58.9238],[-64.8207,58.9169],[-64.8393,58.937],[-64.8403,58.9803],[-64.865,59.0154],[-64.8294,59.0203],[-64.8217,59.0493],[-64.7792,59.075],[-64.6833,59.0747],[-64.6703,59.0386],[-64.6307,59.0407],[-64.5706,59.0273],[-64.5228,59.0026],[-64.4978,59.0194],[-64.4603,58.9815],[-64.3877,59.0062],[-64.2944,59.0005],[-64.2618,59.013],[-64.3152,59.0656],[-64.3608,59.0673],[-64.376,59.0926],[-64.417,59.0876],[-64.4505,59.1029],[-64.4903,59.0991],[-64.4913,59.1364],[-64.4727,59.1804],[-64.5218,59.1967],[-64.5114,59.2389],[-64.4886,59.2571],[-64.5435,59.3104],[-64.4933,59.3496],[-64.5383,59.3708],[-64.5116,59.423],[-64.458,59.4592],[-64.4261,59.4649],[-64.3241,59.5128],[-64.3858,59.5238],[-64.4338,59.542],[-64.5053,59.5013],[-64.5615,59.4879],[-64.5897,59.4662],[-64.6798,59.4469],[-64.7286,59.4666],[-64.7631,59.4966],[-64.7641,59.5149],[-64.8396,59.5533],[-64.9394,59.567],[-64.9271,59.5932],[-64.8687,59.5864],[-64.8983,59.6418],[-64.8895,59.6622],[-64.8249,59.676],[-64.7605,59.7066],[-64.8015,59.7248],[-64.79,59.7603],[-64.814,59.783],[-64.7921,59.8122],[-64.8252,59.8256],[-64.7781,59.8528],[-64.7415,59.8893],[-64.6838,59.8772],[-64.641,59.9074],[-64.6636,59.9277],[-64.6622,59.9526],[-64.7322,59.9505],[-64.7471,59.9745],[-64.7828,59.9804],[-64.8402,59.9703],[-64.861,59.9952],[-64.8959,60.0662],[-64.8198,60.0505],[-64.7427,60.0561],[-64.708,60.0846],[-64.7353,60.1095],[-64.6331,60.1054],[-64.5937,60.117],[-64.6025,60.167],[-64.7456,60.1686],[-64.7499,60.1882],[-64.8639,60.2282],[-64.8538,60.2694],[-64.7234,60.2915],[-64.5973,60.3006],[-64.5235,60.3006]]]]}},
{"type":"Feature","id":"CAN:ADM1:CA-ON","properties":{"shapeName":"Ontario","shapeISO":"CA-ON","shapeType":"ADM1"},"geometry":{"type":"MultiPolygon","coordinates":[[[[-94.6415,49.1994],[-94.7108,49.1884],[-94.7505,49.1686],[-94.7246,49.1149],[-94.737,49.0983],[-94.7031,49.0826],[-94.675,49.1126],[-94.6479,49.1084],[-94.5969,49.1232],[-94.5691,49.1535],[-94.5248,49.1813],[-94.5594,49.205],[-94.6355,49.178],[-94.6415,49.1994]]],[[[-93.3576,48.7072],[-93.3694,48.6877],[-93.3331,48.6785],[-93.3276,48.7002],[-93.3576,48.7072]]],[[[-81.5698,45.9652],[-81.6175,45.9477],[-81.6023,45.9282],[-81.5698,45.9652]]],[[[-80.1216,44.885],[-80.1382,44.8763],[-80.1287,44.8411],[-80.0998,44.8441],[-80.0999,44.8659],[-80.1216,44.885]]],[[[-74.6642,45.0147],[-74.759,45.0042],[-74.7444,44.9917],[-74.6642,45.0147]]],[[[-94.7065,49.7024],[-94.7261,49.6978],[-94.704,49.6575],[-94.6638,49.6772],[-94.7065,49.7024]]],[[[-80.4112,45.5292],[-80.4529,45.5265],[-80.481,45.5147],[-80.4419,45.4909],[-80.4112,45.5292]]],[[[-82.5857,42.5483],[-82.6259,42.5351],[-82.591,42.518],[-82.5857,42.5483]]],[[[-94.4962,49.1525],[-94.5422,49.133],[-94.5263,49.116],[-94.4922,49.1388],[-94.4962,49.1525]]],[[[-94.3807,49.679],[-94.4073,49.6675],[-94.4012,49.6343],[-94.3743,49.6385],[-94.3807,49.679]]],[[[-81.604,46.099],[-81.5945,46.0683],[-81.553,46.0761],[-81.604,46.099]]],[[[-82.3755,46.1494],[-82.4588,46.139],[-82.4433,46.1272],[-82.3755,46.1494]]],[[[-88.0815,48.6982],[-88.1238,48.6493],[-88.1005,48.6406],[-88.08,48.6702],[-88.0815,48.6982]]],[[[-82.9531,45.6895],[-82.9754,45.6637],[-82.9627,45.6417],[-82.9361,45.6447],[-82.9357,45.6849],[-82.9531,45.6895]]],[[[-88.5869,48.4217],[-88.6307,48.4088],[-88.6536,48.391],[-88.6237,48.3696],[-88.5869,48.4217]]],[[[-94.4955,49.2017],[-94.5177,49.1896],[-94.5197,49.1626],[-94.44,49.1698],[-94.45,49.1881],[-94.4955,49.2017]]],[[[-87.5164,48.798],[-87.5033,48.7631],[-87.4487,48.7624],[-87.4515,48.7873],[-87.5164,48.798]]],[[[-88.0559,48.9478],[-88.0956,48.9252],[-88.0181,48.8995],[-88.0261,48.9353],[-88.0559,48.9478]]],[[[-84.512,46.9143],[-84.5477,46.8956],[-84.5471,46.8726],[-84.5238,46.864],[-84.496,46.8959],[-84.512,46.9143]]],[[[-82.2264,46.0547],[-82.2712,46.0253],[-82.2332,46.0126],[-82.211,46.0233],[-82.2264,46.0547]]],[[[-94.6658,49.4996],[-94.7172,49.487],[-94.7207,49.4599],[-94.6777,49.4373],[-94.6475,49.4748],[-94.6658,49.4996]]],[[[-86.9948,48.6769],[-87.0505,48.6547],[-87.0573,48.6414],[-87.0037,48.6202],[-86.9586,48.6317],[-86.9622,48.6657],[-86.9948,48.6769]]],[[[-95.1524,49.4701],[-95.1328,49.4876],[-95.1434,49.5074],[-95.1068,49.5271],[-95.1021,49.5435],[-95.1539,49.589],[-95.1524,49.4701]]],[[[-94.1645,49.4416],[-94.1395,49.4155],[-94.0549,49.4221],[-94.0299,49.4323],[-94.1902,49.4688],[-94.1645,49.4416]]],[[[-76.2053,44.3048],[-76.2969,44.291],[-76.3365,44.2656],[-76.2946,44.2487],[-76.2068,44.288],[-76.2053,44.3048]]],[[[-80.2377,44.8835],[-80.2452,44.8335],[-80.1899,44.8095],[-80.1559,44.8243],[-80.1571,44.8548],[-80.1746,44.8712],[-80.2156,44.8576],[-80.2377,44.8835]]],[[[-82.639,41.832],[-82.6543,41.814],[-82.6825,41.8158],[-82.6861,41.7449],[-82.6206,41.7506],[-82.6264,41.7984],[-82.639,41.832]]],[[[-94.6555,49.9841],[-94.6394,49.9597],[-94.68,49.9176],[-94.6397,49.9142],[-94.5766,49.872],[-94.5566,49.8739],[-94.5531,49.9251],[-94.6021,49.9403],[-94.6188,49.9663],[-94.6555,49.9841]]],[[[-89.0699,48.273],[-89.12,48.2684],[-89.1739,48.2344],[-89.1174,48.208],[-89.0378,48.2387],[-89.0699,48.273]]],[[[-81.2189,45.9617],[-81.1782,46.0007],[-81.2354,45.9915],[-81.2467,45.9954],[-81.2657,45.9936],[-81.2969,45.9951],[-81.3693,45.9917],[-81.3423,45.9659],[-81.2929,45.9696],[-81.2826,45.9518],[-81.2189,45.9617]]],[[[-94.7261,49.4255],[-94.758,49.4136],[-94.79,49.3612],[-94.7904,49.3293],[-94.7073,49.3618],[-94.6977,49.3972],[-94.7261,49.4255]]],[[[-81.7024,45.5307],[-81.7771,45.5185],[-81.823,45.4972],[-81.8298,45.4639],[-81.7979,45.4411],[-81.7338,45.4738],[-81.7024,45.5307]]],[[[-94.5792,49.1117],[-94.6162,49.1031],[-94.6346,49.056],[-94.5901,49.0532],[-94.5615,49.0121],[-94.5289,49.0381],[-94.5028,49.0732],[-94.5389,49.1001],[-94.5792,49.1117]]],[[[-76.6415,44.1918],[-76.7056,44.1689],[-76.8045,44.1397],[-76.769,44.1074],[-76.7022,44.1161],[-76.6522,44.1608],[-76.6276,44.172],[-76.6415,44.1918]]],[[[-87.7002,48.8428],[-87.7463,48.8338],[-87.7476,48.8104],[-87.7006,48.7376],[-87.5962,48.7515],[-87.6617,48.8156],[-87.7002,48.8428]]],[[[-80.0694,45.3436],[-80.0927,45.3447],[-80.1056,45.3118],[-80.1905,45.3272],[-80.2165,45.3127],[-80.2225,45.2791],[-80.1948,45.2432],[-80.1644,45.2347],[-80.1473,45.2676],[-80.0889,45.2814],[-80.0449,45.3164],[-80.0694,45.3436]]],[[[-81.8185,46.0631],[-81.8523,46.0619],[-81.9524,46.0439],[-81.9519,45.9997],[-81.9354,46.0043],[-81.9232,45.9825],[-81.8569,45.9977],[-81.8235,45.9943],[-81.8107,45.9783],[-81.7666,45.9939],[-81.7895,46.0356],[-81.8185,46.0631]]],[[[-76.1839,44.2387],[-76.2177,44.2285],[-76.2409,44.2356],[-76.305,44.2212],[-76.3353,44.237],[-76.4358,44.2105],[-76.5062,44.1674],[-76.5116,44.1404],[-76.4514,44.1382],[-76.4583,44.1169],[-76.4363,44.105],[-76.3764,44.1339],[-76.3577,44.162],[-76.3678,44.1972],[-76.3226,44.2082],[-76.2443,44.2062],[-76.2098,44.215],[-76.1839,44.2387]]],[[[-83.3554,45.9928],[-83.4096,45.9861],[-83.4354,45.9677],[-83.4456,45.9428],[-83.4739,45.9314],[-83.4828,45.9053],[-83.3571,45.8496],[-83.3034,45.8723],[-83.2625,45.9086],[-83.2657,45.958],[-83.3264,45.9601],[-83.3554,45.9928]]],[[[-85.7431,47.7979],[-85.7761,47.7893],[-85.8518,47.7911],[-85.9497,47.7457],[-85.9501,47.7172],[-85.8563,47.7117],[-85.8482,47.7025],[-85.7862,47.7198],[-85.7528,47.706],[-85.693,47.7099],[-85.6727,47.7241],[-85.6084,47.7321],[-85.5961,47.753],[-85.6368,47.7699],[-85.6942,47.774],[-85.7431,47.7979]]],[[[-87.9245,48.8579],[-87.9849,48.8552],[-88.0687,48.8216],[-88.0902,48.8004],[-88.0734,48.7728],[-88.0846,48.7411],[-88.0428,48.6883],[-88.0108,48.6895],[-88.0092,48.7235],[-87.9353,48.7566],[-87.9002,48.7629],[-87.8189,48.7392],[-87.7816,48.7742],[-87.7594,48.7754],[-87.7638,48.8157],[-87.7541,48.8337],[-87.7998,48.8472],[-87.9245,48.8579]]],[[[-95.1535,49.3981],[-95.1288,49.3719],[-95.0154,49.3626],[-94.9111,49.3956],[-94.9351,49.4164],[-94.9369,49.4456],[-94.9118,49.4592],[-94.8498,49.4551],[-94.8452,49.5104],[-94.781,49.5203],[-94.6855,49.5448],[-94.6635,49.5657],[-94.6901,49.5764],[-94.6264,49.5982],[-94.6223,49.6222],[-94.6807,49.6373],[-94.7343,49.6291],[-94.7549,49.5781],[-94.7942,49.5963],[-94.8683,49.5716],[-94.8461,49.5341],[-94.8996,49.535],[-94.9427,49.5251],[-94.9508,49.5053],[-94.9952,49.4813],[-95.1096,49.4426],[-95.1527,49.452],[-95.1535,49.3981]]],[[[-83.9463,46.3176],[-84.0493,46.2884],[-84.0971,46.3174],[-84.1131,46.3147],[-84.1097,46.2713],[-84.095,46.2556],[-84.0709,46.1922],[-83.9999,46.1573],[-83.9905,46.1285],[-83.9603,46.1028],[-83.9478,46.0682],[-83.8913,46.084],[-83.8929,46.1158],[-83.7971,46.1702],[-83.81,46.2184],[-83.8412,46.2382],[-83.8402,46.2646],[-83.8939,46.2617],[-83.9463,46.3176]]],[[[-77.0654,44.1734],[-77.2335,44.1351],[-77.3199,44.1013],[-77.3295,44.1419],[-77.3838,44.1434],[-77.4095,44.1259],[-77.4973,44.1068],[-77.5094,44.0918],[-77.5715,44.0552],[-77.588,44.0588],[-77.6923,44.0257],[-77.6371,44.0203],[-77.6016,44.0375],[-77.5678,44.0075],[-77.5762,43.9827],[-77.5316,43.9633],[-77.4889,43.9254],[-77.4006,43.9354],[-77.3181,43.9583],[-77.2515,43.942],[-77.2727,43.9113],[-77.2357,43.9027],[-77.2146,43.8831],[-77.2089,43.8558],[-77.1686,43.8648],[-77.1557,43.8389],[-77.0889,43.8639],[-77.0482,43.8887],[-77.0093,43.8903],[-76.938,43.9212],[-76.9023,43.9215],[-76.8598,43.9332],[-76.8646,43.9481],[-76.9263,43.9317],[-76.9567,43.9407],[-76.9817,43.9329],[-77.0426,43.9494],[-76.965,44.0173],[-76.9002,44.034],[-76.8937,44.0623],[-76.853,44.0834],[-76.8851,44.0991],[-76.9378,44.0604],[-77.0221,44.0338],[-77.0838,44.046],[-77.1356,44.0342],[-77.0803,44.095],[-77.0593,44.1646],[-77.0654,44.1734]],[[-77.164,43.9447],[-77.2049,43.8914],[-77.2211,43.919],[-77.164,43.9447]]],[[[-81.8422,45.8017],[-81.8144,45.8637],[-81.8727,45.8879],[-81.9186,45.8923],[-81.8954,45.9178],[-81.8907,45.9477],[-81.9025,45.9762],[-81.9253,45.9808],[-81.9321,45.9868],[-81.9801,45.987],[-81.9972,45.9704],[-82.0575,45.9579],[-82.1238,45.9104],[-82.1142,45.8874],[-82.152,45.8295],[-82.1763,45.8468],[-82.1705,45.8711],[-82.231,45.9409],[-82.2713,45.9127],[-82.2892,45.9285],[-82.2825,45.9865],[-82.3758,45.9737],[-82.4367,45.9567],[-82.456,45.9174],[-82.4933,45.9452],[-82.5194,45.9056],[-82.5477,45.9117],[-82.5806,45.8994],[-82.5706,45.954],[-82.6034,45.9597],[-82.6967,45.9567],[-82.7259,45.9336],[-82.7053,45.898],[-82.5961,45.8823],[-82.4966,45.837],[-82.5121,45.8071],[-82.544,45.7826],[-82.5529,45.8219],[-82.5847,45.8179],[-82.6043,45.8476],[-82.6444,45.827],[-82.6511,45.8576],[-82.6723,45.8646],[-82.7505,45.8313],[-82.7683,45.868],[-82.8369,45.9055],[-82.8325,45.9342],[-82.7989,45.9822],[-82.8378,45.9878],[-82.8773,45.9597],[-82.9095,45.9648],[-82.945,45.9401],[-83.0016,45.9276],[-83.0066,45.9454],[-83.0573,45.9578],[-83.0811,45.9137],[-83.1154,45.9223],[-83.1189,45.9508],[-83.1371,45.9611],[-83.184,45.9575],[-83.226,45.9082],[-83.2175,45.8739],[-83.1683,45.8646],[-83.1058,45.87],[-83.0631,45.8366],[-83.0058,45.841],[-82.9634,45.8263],[-82.9544,45.8128],[-82.8716,45.7928],[-82.8281,45.8048],[-82.7962,45.7994],[-82.7552,45.7763],[-82.7111,45.7753],[-82.6754,45.7844],[-82.6485,45.7607],[-82.5359,45.7529],[-82.4838,45.7078],[-82.4428,45.6955],[-82.4108,45.7055],[-82.3367,45.6918],[-82.319,45.6695],[-82.1976,45.6262],[-82.1724,45.6062],[-82.1327,45.5934],[-82.1016,45.5997],[-82.0744,45.5545],[-82.0086,45.5587],[-82.0123,45.5836],[-81.9872,45.5979],[-81.9335,45.6097],[-81.8953,45.6524],[-81.8443,45.6865],[-81.7985,45.6845],[-81.7547,45.6951],[-81.7496,45.6725],[-81.7918,45.6597],[-81.8795,45.6035],[-81.8889,45.5692],[-81.9188,45.5952],[-81.9411,45.5938],[-81.9909,45.5544],[-81.9547,45.5397],[-81.9257,45.5434],[-81.8446,45.5151],[-81.7878,45.5419],[-81.7587,45.5848],[-81.7155,45.6089],[-81.7041,45.6427],[-81.6477,45.6872],[-81.6682,45.7072],[-81.6286,45.7221],[-81.5959,45.7501],[-81.5809,45.779],[-81.5963,45.8069],[-81.6276,45.79],[-81.7054,45.7871],[-81.7139,45.8041],[-81.6634,45.8315],[-81.6476,45.8682],[-81.6702,45.9065],[-81.7213,45.8663],[-81.7353,45.8398],[-81.7868,45.7828],[-81.7896,45.754],[-81.8365,45.7661],[-81.8422,45.8017]]],[[[-74.3816,45.5637],[-74.3841,45.5671],[-74.4323,45.5723],[-74.4724,45.5937],[-74.5351,45.5948],[-74.6099,45.6227],[-74.6381,45.6388],[-74.7293,45.6283],[-74.7864,45.6388],[-74.8352,45.6358],[-74.943,45.6434],[-74.989,45.6108],[-75.0355,45.5938],[-75.1135,45.5786],[-75.1735,45.577],[-75.2426,45.5855],[-75.317,45.5462],[-75.391,45.5242],[-75.4454,45.5211],[-75.5204,45.4988],[-75.5756,45.4748],[-75.6832,45.4591],[-75.7037,45.4266],[-75.7563,45.4124],[-75.797,45.3783],[-75.8426,45.376],[-75.8952,45.4016],[-75.9547,45.4603],[-75.9872,45.4796],[-76.0899,45.5139],[-76.201,45.5189],[-76.2335,45.5078],[-76.2451,45.4686],[-76.317,45.457],[-76.3617,45.4571],[-76.4335,45.4921],[-76.5179,45.516],[-76.6037,45.5322],[-76.6593,45.5607],[-76.6745,45.5833],[-76.6703,45.6258],[-76.7119,45.6655],[-76.6865,45.687],[-76.7036,45.7208],[-76.7696,45.7335],[-76.7814,45.7853],[-76.7658,45.811],[-76.7647,45.851],[-76.7787,45.8714],[-76.8416,45.8904],[-76.8948,45.8981],[-76.9276,45.8923],[-76.9277,45.845],[-76.912,45.8097],[-76.9353,45.7891],[-76.985,45.7861],[-77.0112,45.8042],[-77.0537,45.8106],[-77.0816,45.8356],[-77.1315,45.844],[-77.1903,45.8639],[-77.2362,45.9205],[-77.2784,45.9489],[-77.2867,45.9865],[-77.2763,46.0085],[-77.3624,46.0595],[-77.3896,46.0683],[-77.5661,46.1592],[-77.6205,46.1749],[-77.675,46.1985],[-77.6978,46.1829],[-77.7296,46.1931],[-77.7839,46.1959],[-77.9268,46.2241],[-77.988,46.2466],[-78.0427,46.2425],[-78.1173,46.2637],[-78.1351,46.2747],[-78.2197,46.2701],[-78.2605,46.2739],[-78.3096,46.2532],[-78.3884,46.2917],[-78.5139,46.2969],[-78.5971,46.3189],[-78.6758,46.3182],[-78.7115,46.326],[-78.7282,46.3423],[-78.7271,46.3829],[-78.7582,46.3934],[-78.8113,46.4266],[-78.8927,46.4619],[-78.9899,46.5489],[-78.9957,46.5909],[-79.0153,46.6269],[-79.0531,46.6499],[-79.0943,46.6883],[-79.1431,46.786],[-79.1708,46.8252],[-79.214,46.8332],[-79.2768,46.8953],[-79.3297,46.9572],[-79.3468,47.0079],[-79.3767,47.0289],[-79.435,47.0842],[-79.443,47.101],[-79.432,47.18],[-79.4375,47.2193],[-79.4268,47.2501],[-79.5401,47.3662],[-79.581,47.4151],[-79.5865,47.4456],[-79.5607,47.4777],[-79.5474,47.5178],[-79.5171,47.5332],[-79.5174,47.9964],[-79.5174,48.2878],[-79.5176,48.5256],[-79.5174,48.8057],[-79.5179,49.1906],[-79.5177,49.677],[-79.5175,50],[-79.5179,50.3828],[-79.5179,50.6317],[-79.519,51.0623],[-79.5158,51.4607],[-79.5243,51.4713],[-79.5683,51.469],[-79.5815,51.447],[-79.6392,51.4071],[-79.6817,51.4056],[-79.6861,51.3488],[-79.7266,51.3545],[-79.7455,51.3292],[-79.6899,51.2855],[-79.7074,51.2461],[-79.7303,51.2328],[-79.7902,51.1599],[-79.8594,51.1654],[-79.9244,51.1922],[-79.9781,51.2388],[-80.0517,51.257],[-80.1134,51.2908],[-80.1798,51.2927],[-80.3144,51.3153],[-80.4257,51.3499],[-80.4356,51.4072],[-80.4279,51.4488],[-80.4502,51.4947],[-80.4773,51.5041],[-80.5126,51.5476],[-80.5665,51.6678],[-80.5822,51.7131],[-80.6409,51.7626],[-80.6544,51.7902],[-80.6866,51.7993],[-80.6949,51.8211],[-80.8218,51.8769],[-80.8803,51.8952],[-80.9161,51.9237],[-80.9723,52.0017],[-81.0327,52.0187],[-81.0946,52.0576],[-81.1551,52.0416],[-81.3084,52.0937],[-81.3404,52.0989],[-81.4296,52.1742],[-81.443,52.1985],[-81.4745,52.2184],[-81.4702,52.261],[-81.4923,52.2782],[-81.5603,52.2961],[-81.5113,52.3237],[-81.5439,52.3634],[-81.5253,52.4232],[-81.5624,52.4626],[-81.5994,52.4715],[-81.6428,52.4956],[-81.6951,52.5401],[-81.7572,52.6032],[-81.8598,52.6531],[-81.9179,52.704],[-81.9434,52.7772],[-82.0039,52.8124],[-82.1097,52.8911],[-82.1524,52.895],[-82.2359,52.926],[-82.2788,53.0097],[-82.283,53.1002],[-82.2731,53.1432],[-82.2521,53.1805],[-82.216,53.2167],[-82.1123,53.2652],[-82.1105,53.3063],[-82.1618,53.4575],[-82.2045,53.5508],[-82.2001,53.6532],[-82.1781,53.6942],[-82.1199,53.7747],[-82.1243,53.8273],[-82.1649,53.9013],[-82.2042,53.9958],[-82.2552,54.0637],[-82.3461,54.1276],[-82.4076,54.1926],[-82.4271,54.1983],[-82.4196,54.2313],[-82.4324,54.2771],[-82.4239,54.346],[-82.4081,54.3638],[-82.3835,54.4248],[-82.3589,54.4543],[-82.3434,54.4994],[-82.3235,54.5057],[-82.2884,54.6544],[-82.2562,54.7158],[-82.2151,54.7583],[-82.1954,54.8043],[-82.1968,54.8423],[-82.2129,54.8745],[-82.2516,54.876],[-82.2633,54.906],[-82.2277,54.9165],[-82.2551,54.9421],[-82.2626,55],[-82.2718,55.0499],[-82.2459,55.0618],[-82.2526,55.1097],[-82.3027,55.1183],[-82.3337,55.1014],[-82.3086,55.0538],[-82.3625,55.0721],[-82.413,55.0799],[-82.4153,55.1088],[-82.4909,55.1227],[-82.5099,55.1497],[-82.5535,55.1322],[-82.5889,55.1493],[-82.6382,55.1457],[-82.6567,55.1744],[-82.7153,55.1615],[-82.7514,55.1315],[-82.8133,55.1302],[-82.8805,55.1574],[-82.9217,55.2105],[-82.9733,55.2263],[-83.1536,55.1955],[-83.2204,55.2117],[-83.2931,55.2087],[-83.3375,55.1987],[-83.4177,55.2226],[-83.4823,55.2194],[-83.5574,55.2472],[-83.6218,55.2511],[-83.647,55.2639],[-83.6875,55.251],[-83.7065,55.2321],[-83.7467,55.2522],[-83.8833,55.2941],[-83.9761,55.2873],[-83.9992,55.2738],[-84.0787,55.2502],[-84.1744,55.2746],[-84.2731,55.2658],[-84.3061,55.2752],[-84.3513,55.2594],[-84.3892,55.2636],[-84.4418,55.2543],[-84.5122,55.2321],[-84.5628,55.2365],[-84.7111,55.2328],[-84.7946,55.2353],[-84.8268,55.25],[-84.8422,55.25],[-84.9242,55.2641],[-84.9723,55.2797],[-85.0492,55.2732],[-85.0958,55.2604],[-85.1335,55.2726],[-85.1103,55.2918],[-85.132,55.3319],[-85.1616,55.345],[-85.2004,55.3431],[-85.2299,55.3728],[-85.29,55.3715],[-85.3529,55.3848],[-85.4339,55.4177],[-85.4991,55.4517],[-85.5067,55.4646],[-85.576,55.506],[-85.6439,55.558],[-85.7291,55.5934],[-85.7731,55.5936],[-85.8211,55.6183],[-85.8863,55.6389],[-85.8952,55.6549],[-85.9671,55.6613],[-86.2695,55.7089],[-86.3749,55.7643],[-86.5529,55.8081],[-86.5894,55.8234],[-86.6439,55.8285],[-86.7812,55.8717],[-86.9012,55.9141],[-87.023,55.9157],[-87.1674,55.9364],[-87.213,55.9327],[-87.3262,55.9657],[-87.373,55.99],[-87.4678,56.0148],[-87.4722,56.0486],[-87.5247,56.0599],[-87.5812,56.0518],[-87.5785,56.0763],[-87.6392,56.1026],[-87.6374,56.1123],[-87.7131,56.1931],[-87.713,56.2149],[-87.7767,56.2666],[-87.8321,56.3416],[-87.9237,56.3917],[-87.9619,56.4602],[-87.9791,56.4731],[-88.1273,56.5086],[-88.1713,56.5081],[-88.3522,56.5674],[-88.4439,56.6087],[-88.5081,56.6568],[-88.5606,56.6607],[-88.6689,56.702],[-88.6904,56.7454],[-88.7734,56.7767],[-88.813,56.8012],[-88.8168,56.8379],[-88.8783,56.8615],[-88.9186,56.848],[-88.9796,56.8511],[-89.458,56.5636],[-89.9672,56.25],[-90.3112,56.0342],[-90.8022,55.7204],[-91.1633,55.4835],[-91.6478,55.1585],[-91.7476,55.0851],[-92,54.906],[-92.1887,54.7749],[-92.6586,54.4534],[-93.14,54.1112],[-93.3292,53.9697],[-93.6296,53.7502],[-93.9584,53.5537],[-94.2627,53.3814],[-94.7371,53.0959],[-95.1532,52.8406],[-95.1528,52.6303],[-95.1531,52.3325],[-95.1531,51.969],[-95.1529,51.7451],[-95.1527,51.3301],[-95.153,50.9431],[-95.1529,50.6371],[-95.1529,50.2473],[-95.1529,50.0012],[-95.1534,49.6461],[-95.1182,49.6471],[-95.0946,49.62],[-95.0152,49.6407],[-94.9847,49.6338],[-94.9642,49.6131],[-95.0023,49.5843],[-94.9701,49.5636],[-94.9253,49.5597],[-94.8829,49.568],[-94.8512,49.5858],[-94.8356,49.6098],[-94.7845,49.624],[-94.828,49.6468],[-94.8923,49.6457],[-94.8269,49.6989],[-94.8067,49.6955],[-94.7441,49.7148],[-94.6537,49.7087],[-94.6377,49.6889],[-94.6687,49.6554],[-94.5893,49.6558],[-94.5555,49.7015],[-94.5705,49.7511],[-94.4984,49.7663],[-94.4723,49.7244],[-94.4396,49.718],[-94.405,49.7265],[-94.3703,49.7137],[-94.3598,49.6916],[-94.3075,49.6668],[-94.318,49.6275],[-94.3029,49.5944],[-94.3421,49.601],[-94.3738,49.5837],[-94.3287,49.5432],[-94.3344,49.5148],[-94.2825,49.5086],[-94.244,49.5133],[-94.2327,49.4826],[-94.2021,49.481],[-94.1203,49.4573],[-94.0485,49.4573],[-94.0123,49.4326],[-93.9604,49.4259],[-93.8997,49.4304],[-93.9059,49.4058],[-93.9829,49.412],[-94.0159,49.3773],[-93.9927,49.349],[-94.0344,49.3456],[-94.0382,49.2523],[-94.0729,49.2786],[-94.1411,49.2986],[-94.173,49.3176],[-94.2177,49.3163],[-94.2307,49.3316],[-94.2045,49.3752],[-94.2023,49.4008],[-94.2229,49.4233],[-94.261,49.3988],[-94.2803,49.4291],[-94.2783,49.4557],[-94.3159,49.4938],[-94.3718,49.4791],[-94.4197,49.4827],[-94.5352,49.4663],[-94.6534,49.4636],[-94.6757,49.4373],[-94.7022,49.4203],[-94.681,49.3982],[-94.701,49.3649],[-94.6575,49.3664],[-94.6118,49.3518],[-94.5792,49.3603],[-94.5745,49.3319],[-94.6294,49.3372],[-94.6467,49.3144],[-94.6103,49.3087],[-94.5571,49.2802],[-94.5067,49.2632],[-94.5242,49.2435],[-94.4625,49.2306],[-94.4246,49.2428],[-94.4087,49.2679],[-94.3336,49.2893],[-94.3194,49.2684],[-94.2637,49.2434],[-94.2733,49.2192],[-94.2603,49.1999],[-94.1873,49.1746],[-94.1553,49.1824],[-94.071,49.1836],[-94.051,49.1773],[-94.0468,49.1427],[-94.1022,49.1341],[-94.0537,49.0984],[-94.0135,49.1051],[-93.9722,49.1025],[-93.9852,49.0727],[-94.0294,49.0968],[-94.0472,49.0924],[-94.0826,49.1017],[-94.1179,49.1192],[-94.1447,49.0965],[-94.1796,49.09],[-94.2153,49.1031],[-94.24,49.1249],[-94.3071,49.1382],[-94.3411,49.1021],[-94.3176,49.0883],[-94.3887,49.0359],[-94.4257,48.9947],[-94.4602,48.994],[-94.471,48.9655],[-94.5156,48.9543],[-94.584,48.9535],[-94.6322,48.9054],[-94.638,48.8821],[-94.7006,48.8247],[-94.6869,48.7771],[-94.5869,48.719],[-94.5351,48.703],[-94.438,48.6966],[-94.4205,48.7106],[-94.3467,48.7046],[-94.3054,48.7112],[-94.2604,48.6976],[-94.2436,48.6544],[-94.0348,48.6422],[-93.9494,48.635],[-93.8481,48.6319],[-93.8214,48.6123],[-93.8025,48.5668],[-93.8172,48.5323],[-93.7917,48.5173],[-93.6489,48.5182],[-93.5401,48.5315],[-93.4703,48.5465],[-93.4689,48.5884],[-93.4068,48.6111],[-93.3711,48.608],[-93.3523,48.6379],[-93.3592,48.6719],[-93.3899,48.6571],[-93.4114,48.6847],[-93.3537,48.7169],[-93.3542,48.7499],[-93.3404,48.7756],[-93.4508,48.818],[-93.4902,48.8155],[-93.4931,48.8354],[-93.5463,48.8423],[-93.5866,48.804],[-93.6057,48.826],[-93.5802,48.8519],[-93.5392,48.8625],[-93.4843,48.8341],[-93.4376,48.8204],[-93.4027,48.8286],[-93.4588,48.8698],[-93.4192,48.8767],[-93.4137,48.914],[-93.3461,48.9085],[-93.324,48.9344],[-93.2939,48.8917],[-93.3045,48.8619],[-93.286,48.8516],[-93.2716,48.8127],[-93.2187,48.7996],[-93.186,48.8073],[-93.1819,48.779],[-93.2186,48.7014],[-93.2648,48.6952],[-93.2798,48.6687],[-93.1999,48.6759],[-93.1903,48.715],[-93.1563,48.6721],[-93.102,48.6586],[-93.031,48.6865],[-92.9656,48.694],[-92.9463,48.7085],[-92.9165,48.6968],[-92.9621,48.666],[-92.8502,48.6676],[-92.8785,48.6418],[-92.8769,48.6067],[-92.7569,48.6059],[-92.7038,48.5768],[-92.6473,48.5589],[-92.6144,48.5696],[-92.5887,48.5494],[-92.6048,48.4958],[-92.6703,48.495],[-92.6941,48.4719],[-92.658,48.4589],[-92.6195,48.4709],[-92.534,48.4635],[-92.4635,48.4671],[-92.4803,48.4252],[-92.4474,48.3991],[-92.4669,48.3495],[-92.4325,48.3062],[-92.4116,48.3011],[-92.3715,48.2241],[-92.2836,48.2481],[-92.3248,48.3185],[-92.2796,48.3575],[-92.1929,48.3579],[-92.0728,48.3858],[-92.0671,48.3689],[-92.0247,48.3573],[-92.0155,48.3304],[-91.988,48.3254],[-91.9651,48.3009],[-92.0102,48.2883],[-91.9322,48.2395],[-91.8729,48.2377],[-91.8599,48.213],[-91.8069,48.2252],[-91.7818,48.2027],[-91.7573,48.2094],[-91.7169,48.2013],[-91.6968,48.1754],[-91.7003,48.1251],[-91.6766,48.1075],[-91.5907,48.104],[-91.5268,48.1454],[-91.4915,48.1325],[-91.5421,48.0875],[-91.4734,48.0884],[-91.4535,48.0702],[-91.4109,48.0591],[-91.3582,48.07],[-91.3322,48.0919],[-91.3069,48.0728],[-91.2521,48.0857],[-91.0825,48.1829],[-91.0359,48.1934],[-91.0368,48.2328],[-90.9926,48.224],[-90.9227,48.2612],[-90.8861,48.2677],[-90.838,48.2401],[-90.8333,48.1939],[-90.7782,48.1514],[-90.7953,48.1355],[-90.7601,48.0982],[-90.553,48.1234],[-90.5552,48.1008],[-90.4879,48.0998],[-90.3994,48.1115],[-90.3739,48.0929],[-90.317,48.1057],[-90.2836,48.1022],[-90.1426,48.1128],[-90.078,48.1065],[-90.0425,48.0901],[-90.0021,48.0857],[-89.9722,48.0478],[-89.9937,48.028],[-89.8988,47.9881],[-89.8715,47.9859],[-89.8313,47.9997],[-89.8202,48.0154],[-89.7759,48.0227],[-89.7201,48.0196],[-89.7025,48.0065],[-89.624,48.0119],[-89.5897,48.0044],[-89.4878,48.0335],[-89.4401,48.0779],[-89.3634,48.0997],[-89.3207,48.1509],[-89.2842,48.1746],[-89.3112,48.1954],[-89.2736,48.2055],[-89.2726,48.2372],[-89.2582,48.2661],[-89.2088,48.3013],[-89.202,48.3314],[-89.2419,48.3829],[-89.2156,48.3945],[-89.2133,48.4374],[-89.1668,48.4565],[-89.1278,48.4853],[-89.0588,48.4912],[-88.9941,48.5135],[-88.871,48.5454],[-88.813,48.5684],[-88.7656,48.5721],[-88.7534,48.5565],[-88.7829,48.5151],[-88.829,48.4726],[-88.8275,48.4524],[-88.8556,48.4187],[-88.8492,48.3998],[-88.8997,48.3642],[-88.9234,48.3253],[-88.8881,48.3171],[-88.8321,48.3359],[-88.7695,48.3404],[-88.7183,48.3807],[-88.683,48.4655],[-88.7019,48.4813],[-88.6389,48.5089],[-88.6309,48.5987],[-88.6158,48.6216],[-88.5872,48.6184],[-88.5485,48.6306],[-88.5532,48.6748],[-88.5162,48.7135],[-88.5505,48.7376],[-88.542,48.7747],[-88.4863,48.8165],[-88.4943,48.8388],[-88.4414,48.8482],[-88.3343,48.8154],[-88.3365,48.7823],[-88.3011,48.7569],[-88.3391,48.6734],[-88.4389,48.6147],[-88.4798,48.5779],[-88.5402,48.5349],[-88.5545,48.5344],[-88.5824,48.4921],[-88.5643,48.4715],[-88.5658,48.4365],[-88.5302,48.439],[-88.4825,48.5217],[-88.417,48.5448],[-88.3773,48.5394],[-88.3336,48.5732],[-88.3411,48.6449],[-88.2943,48.6097],[-88.2407,48.581],[-88.1619,48.6326],[-88.1069,48.6907],[-88.0952,48.7126],[-88.107,48.7469],[-88.0964,48.7883],[-88.1303,48.7989],[-88.1642,48.8224],[-88.2275,48.8402],[-88.2457,48.8765],[-88.2263,48.9264],[-88.2621,48.9522],[-88.2026,48.9675],[-88.1685,48.9546],[-88.1536,48.9778],[-88.104,49.0001],[-88.0709,48.9837],[-88.0552,49.0103],[-88.032,49.0158],[-88.0108,48.9686],[-87.9157,48.9312],[-87.8832,48.9399],[-87.8417,48.9228],[-87.7997,48.9259],[-87.7672,48.9125],[-87.6721,48.8978],[-87.6342,48.8556],[-87.5839,48.8761],[-87.5443,48.8779],[-87.5526,48.836],[-87.473,48.8407],[-87.4065,48.8332],[-87.3897,48.8063],[-87.2894,48.79],[-87.2292,48.7559],[-87.1412,48.7704],[-87.0702,48.7738],[-86.9897,48.8051],[-86.9405,48.7721],[-86.8979,48.7728],[-86.8725,48.7479],[-86.8233,48.7559],[-86.7926,48.7797],[-86.75,48.7813],[-86.7263,48.8008],[-86.6171,48.7816],[-86.6064,48.7333],[-86.5388,48.7272],[-86.4951,48.7657],[-86.475,48.759],[-86.4285,48.7738],[-86.426,48.7478],[-86.3873,48.7359],[-86.3801,48.6996],[-86.3311,48.6148],[-86.3025,48.6006],[-86.2503,48.5107],[-86.2328,48.4688],[-86.2354,48.4274],[-86.2257,48.4096],[-86.1854,48.3971],[-86.1955,48.3692],[-86.1713,48.3114],[-86.1404,48.2706],[-86.1402,48.2414],[-86.1068,48.2093],[-86.0843,48.1605],[-86.0444,48.1294],[-86.0111,48.0928],[-86.015,48.0763],[-85.979,48.0665],[-85.9352,48.0224],[-85.9102,48.0252],[-85.892,47.9947],[-85.8012,47.9506],[-85.6831,47.9256],[-85.5298,47.9174],[-85.4606,47.9177],[-85.4401,47.925],[-85.3822,47.9233],[-85.3201,47.9535],[-85.2454,47.9515],[-85.202,47.9599],[-85.0827,47.9574],[-84.9882,47.9634],[-84.912,47.9565],[-84.8588,47.9575],[-84.837,47.9149],[-84.8788,47.8895],[-84.9109,47.851],[-84.9393,47.8434],[-84.9403,47.8202],[-84.9193,47.7741],[-84.9485,47.7341],[-84.978,47.7318],[-85.0114,47.7056],[-84.9905,47.6958],[-84.981,47.6657],[-85.0154,47.6443],[-85.0134,47.6174],[-85.0374,47.609],[-84.9483,47.5552],[-84.9606,47.539],[-84.9241,47.5143],[-84.8947,47.5086],[-84.8222,47.4768],[-84.7997,47.4761],[-84.729,47.4283],[-84.7031,47.4006],[-84.7065,47.3723],[-84.6851,47.3595],[-84.6445,47.3578],[-84.6191,47.3368],[-84.588,47.2838],[-84.6458,47.2433],[-84.6862,47.1948],[-84.6952,47.1623],[-84.7392,47.1393],[-84.712,47.0997],[-84.7782,47.0484],[-84.7703,47.0175],[-84.793,47.0027],[-84.7784,46.9743],[-84.7174,46.952],[-84.7031,46.9677],[-84.6581,46.9554],[-84.6504,46.9145],[-84.6172,46.8891],[-84.6074,46.9202],[-84.5785,46.9454],[-84.5495,46.9431],[-84.5153,46.9216],[-84.4755,46.9391],[-84.4315,46.9171],[-84.3985,46.913],[-84.365,46.8931],[-84.3555,46.8683],[-84.4133,46.8153],[-84.444,46.8449],[-84.488,46.8441],[-84.5057,46.8212],[-84.5383,46.8302],[-84.5417,46.7885],[-84.5757,46.7382],[-84.5715,46.6951],[-84.5232,46.696],[-84.5063,46.7474],[-84.4826,46.7617],[-84.4332,46.7362],[-84.4494,46.7129],[-84.4213,46.6895],[-84.4401,46.6741],[-84.4918,46.6603],[-84.495,46.6465],[-84.5946,46.5771],[-84.6001,46.5478],[-84.533,46.5007],[-84.513,46.469],[-84.4839,46.4902],[-84.4175,46.5144],[-84.3774,46.5179],[-84.2834,46.4958],[-84.2601,46.5011],[-84.222,46.5407],[-84.1742,46.5486],[-84.1364,46.5336],[-84.0768,46.4922],[-84.0988,46.4553],[-84.1056,46.4133],[-84.1264,46.3945],[-84.1239,46.3568],[-84.1032,46.3558],[-84.0597,46.3205],[-83.9465,46.324],[-83.9326,46.3353],[-83.8795,46.3269],[-83.8758,46.303],[-83.8148,46.2901],[-83.7873,46.2997],[-83.6819,46.2734],[-83.6414,46.272],[-83.6127,46.286],[-83.5679,46.2611],[-83.3786,46.2334],[-83.3362,46.219],[-83.2536,46.212],[-83.1878,46.2011],[-83.1286,46.185],[-83.1051,46.1968],[-83.0482,46.1773],[-83.0295,46.1901],[-82.9964,46.181],[-82.9166,46.1837],[-82.8838,46.1752],[-82.8339,46.1757],[-82.799,46.1899],[-82.6821,46.1876],[-82.6784,46.1579],[-82.6272,46.1657],[-82.5557,46.1656],[-82.5026,46.181],[-82.4685,46.1999],[-82.4413,46.1839],[-82.3822,46.1818],[-82.3299,46.1873],[-82.3499,46.1552],[-82.298,46.1368],[-82.2658,46.1486],[-82.2013,46.1294],[-82.1669,46.1128],[-82.0675,46.1104],[-81.9728,46.091],[-81.8731,46.1009],[-81.7876,46.0989],[-81.7271,46.1066],[-81.7409,46.0821],[-81.7928,46.0611],[-81.755,46.0084],[-81.7246,46.0633],[-81.6663,46.0664],[-81.6611,46.1147],[-81.5618,46.0896],[-81.5443,46.077],[-81.5687,46.0677],[-81.5513,46.0487],[-81.6352,46.0264],[-81.6635,46.0308],[-81.7153,46.0138],[-81.6568,46.0026],[-81.5761,46.0048],[-81.6179,45.957],[-81.544,45.9879],[-81.5133,46.0103],[-81.4844,45.9696],[-81.4605,45.9871],[-81.4172,45.9935],[-81.3,45.997],[-81.2671,45.9944],[-81.2502,45.9965],[-81.2337,45.9929],[-81.2054,45.9998],[-81.1556,46.0016],[-81.1448,45.9846],[-81.1753,45.9608],[-81.178,45.9318],[-81.1422,45.9197],[-81.1299,45.9454],[-81.0947,45.9382],[-81.0568,45.9513],[-81.0147,45.9476],[-80.993,45.9622],[-80.9662,45.9519],[-80.9768,45.9216],[-80.9223,45.9269],[-80.8935,45.9433],[-80.8644,45.9232],[-80.8326,45.92],[-80.8116,45.9438],[-80.739,45.9163],[-80.7339,45.8571],[-80.7108,45.8588],[-80.7145,45.8219],[-80.6778,45.8118],[-80.6535,45.7933],[-80.6361,45.7608],[-80.6491,45.7256],[-80.6011,45.6919],[-80.5344,45.6611],[-80.5307,45.6016],[-80.5036,45.559],[-80.4202,45.5791],[-80.3879,45.5715],[-80.3939,45.5219],[-80.393,45.4539],[-80.3772,45.4341],[-80.3427,45.4404],[-80.3154,45.4249],[-80.3165,45.3825],[-80.2985,45.3555],[-80.2394,45.3595],[-80.2354,45.3416],[-80.1808,45.3576],[-80.2178,45.3781],[-80.2054,45.3937],[-80.1114,45.4097],[-80.0773,45.4029],[-80.0601,45.3557],[-80.0319,45.3315],[-80.0425,45.2914],[-80.1155,45.2539],[-80.1293,45.2293],[-80.0891,45.2298],[-80.1201,45.1841],[-80.0975,45.1812],[-80.0755,45.2054],[-80.0436,45.1786],[-79.9837,45.1522],[-79.9851,45.1303],[-80.0159,45.1136],[-80.069,45.1069],[-80.0722,45.0822],[-80.03,45.0591],[-79.9732,45.0613],[-79.9781,45.0416],[-80.0089,45.0285],[-79.9313,44.996],[-79.9515,44.9784],[-79.9178,44.959],[-79.9179,44.9316],[-79.8595,44.954],[-79.8248,44.9191],[-79.8098,44.8522],[-79.7728,44.8349],[-79.7838,44.8134],[-79.7457,44.7904],[-79.7222,44.7934],[-79.7204,44.7551],[-79.7816,44.7446],[-79.8078,44.7697],[-79.8473,44.7596],[-79.8732,44.807],[-79.9279,44.815],[-79.9042,44.842],[-79.9204,44.8606],[-79.9509,44.867],[-80.0034,44.858],[-80.0385,44.8353],[-80.0449,44.8061],[-80.0787,44.8233],[-80.1238,44.8095],[-80.127,44.7496],[-80.0695,44.7277],[-80.0324,44.7227],[-79.9795,44.6685],[-80.005,44.5936],[-79.9918,44.5829],[-80.0094,44.5358],[-80.0806,44.4782],[-80.1198,44.4704],[-80.1993,44.5074],[-80.2301,44.505],[-80.2927,44.5324],[-80.3223,44.5244],[-80.3502,44.5382],[-80.4057,44.54],[-80.4593,44.5713],[-80.5143,44.5944],[-80.536,44.5923],[-80.5895,44.6096],[-80.6253,44.6408],[-80.6262,44.6862],[-80.6359,44.7162],[-80.6564,44.7228],[-80.7351,44.7202],[-80.7758,44.7128],[-80.8241,44.6887],[-80.8761,44.6262],[-80.9118,44.612],[-80.9466,44.6137],[-80.9174,44.671],[-80.9104,44.7066],[-80.8882,44.7368],[-80.8897,44.7699],[-80.9057,44.7941],[-80.9506,44.7931],[-80.985,44.8087],[-81.0781,44.7814],[-81.1266,44.7426],[-81.1317,44.775],[-81.0346,44.8361],[-81.007,44.8719],[-81.0306,44.8951],[-81.0178,44.9177],[-80.9631,44.9472],[-80.9843,44.9657],[-81.0351,44.9669],[-81.0561,44.9455],[-81.0311,44.918],[-81.0943,44.9211],[-81.1595,44.9072],[-81.1142,44.9496],[-81.1234,44.9613],[-81.2139,44.9611],[-81.1947,44.9971],[-81.2225,45.0097],[-81.2486,44.9875],[-81.277,45.0229],[-81.2624,45.0768],[-81.2828,45.112],[-81.333,45.138],[-81.3268,45.1903],[-81.2837,45.2275],[-81.3036,45.2477],[-81.3862,45.2422],[-81.4627,45.2303],[-81.5347,45.2474],[-81.6158,45.2543],[-81.6899,45.2553],[-81.6885,45.2376],[-81.7298,45.2191],[-81.7021,45.1978],[-81.6619,45.201],[-81.6192,45.1906],[-81.564,45.125],[-81.5203,45.1057],[-81.5129,45.0826],[-81.4671,45.0477],[-81.4539,45.0037],[-81.4182,44.9821],[-81.3824,44.9967],[-81.3567,44.9639],[-81.3747,44.9109],[-81.3295,44.8659],[-81.33,44.8425],[-81.2854,44.8062],[-81.299,44.7918],[-81.2771,44.7511],[-81.2829,44.7181],[-81.3031,44.6798],[-81.2718,44.6494],[-81.2729,44.6167],[-81.2961,44.5789],[-81.3473,44.5359],[-81.3877,44.4896],[-81.4091,44.4331],[-81.4786,44.4171],[-81.5211,44.3871],[-81.5306,44.3695],[-81.6068,44.3201],[-81.5922,44.2861],[-81.6163,44.2154],[-81.6636,44.1522],[-81.7433,44.0911],[-81.7569,44.072],[-81.7349,44.0292],[-81.7318,43.9684],[-81.7212,43.9304],[-81.7275,43.8675],[-81.7192,43.7845],[-81.7288,43.6976],[-81.7125,43.6256],[-81.706,43.5315],[-81.7163,43.4747],[-81.7172,43.4245],[-81.7097,43.3983],[-81.7439,43.3336],[-81.8045,43.2855],[-81.8499,43.2596],[-81.9167,43.23],[-82.0233,43.2],[-82.0218,43.1724],[-82.0971,43.1111],[-82.149,43.0931],[-82.1499,43.0752],[-82.1905,43.0502],[-82.2428,43.0354],[-82.3852,43.0142],[-82.4221,42.9984],[-82.4111,42.9677],[-82.4468,42.9338],[-82.4577,42.9075],[-82.4669,42.8369],[-82.478,42.8038],[-82.463,42.764],[-82.4769,42.7198],[-82.5071,42.66],[-82.5037,42.6386],[-82.5204,42.6059],[-82.5798,42.5583],[-82.5665,42.5125],[-82.5352,42.5037],[-82.4827,42.5177],[-82.4828,42.4973],[-82.4217,42.4963],[-82.409,42.4603],[-82.4162,42.4306],[-82.4101,42.3994],[-82.4255,42.3478],[-82.4744,42.308],[-82.5553,42.3154],[-82.6149,42.3023],[-82.7253,42.2965],[-82.7774,42.3031],[-82.8792,42.3313],[-82.9359,42.3425],[-82.9571,42.3329],[-83.0581,42.316],[-83.0898,42.2931],[-83.1074,42.2571],[-83.1017,42.1827],[-83.1161,42.1384],[-83.1087,42.0475],[-83.0041,42.0196],[-82.9246,41.9809],[-82.8159,41.9983],[-82.7417,42.0264],[-82.6703,42.0368],[-82.5943,42.0259],[-82.5331,41.9656],[-82.5083,41.9112],[-82.5012,41.9856],[-82.4828,42.0395],[-82.4111,42.1104],[-82.3679,42.1331],[-82.1992,42.1971],[-82.0941,42.2473],[-82.0025,42.265],[-81.9377,42.2635],[-81.9321,42.2893],[-81.8865,42.3212],[-81.8442,42.3328],[-81.8745,42.2545],[-81.8466,42.2591],[-81.8357,42.3491],[-81.8044,42.3921],[-81.7113,42.4437],[-81.6237,42.4982],[-81.5728,42.5395],[-81.5048,42.5765],[-81.4663,42.5837],[-81.4506,42.6004],[-81.3956,42.608],[-81.3512,42.6412],[-81.3112,42.6536],[-81.2472,42.664],[-81.1215,42.6634],[-81.0062,42.6561],[-80.9568,42.6617],[-80.842,42.6525],[-80.8125,42.6399],[-80.7582,42.6341],[-80.6318,42.584],[-80.5172,42.5737],[-80.4384,42.583],[-80.4547,42.6133],[-80.4265,42.6453],[-80.3612,42.6819],[-80.3265,42.693],[-80.2236,42.7814],[-80.0543,42.795],[-80.0248,42.8077],[-79.9964,42.7995],[-79.9182,42.8196],[-79.8436,42.8231],[-79.7879,42.8437],[-79.7507,42.8415],[-79.7032,42.8612],[-79.6391,42.8355],[-79.5928,42.8569],[-79.554,42.8455],[-79.5331,42.8539],[-79.4833,42.8408],[-79.4733,42.8576],[-79.4367,42.8756],[-79.3797,42.8612],[-79.2968,42.8777],[-79.1965,42.8681],[-79.1562,42.8751],[-79.0937,42.8562],[-79.0581,42.8592],[-79.0308,42.8745],[-78.9523,42.8802],[-78.9246,42.8889],[-78.9082,42.9132],[-78.9336,42.9477],[-78.9688,42.9508],[-79.0279,42.99],[-79.0304,43.0203],[-79.0169,43.0396],[-79.0284,43.0587],[-79.079,43.0752],[-79.0444,43.1392],[-79.0571,43.1724],[-79.0582,43.2512],[-79.0764,43.2621],[-79.1375,43.256],[-79.1933,43.229],[-79.2267,43.2209],[-79.3161,43.184],[-79.3595,43.1819],[-79.412,43.1983],[-79.4878,43.1943],[-79.5808,43.2048],[-79.6284,43.2286],[-79.6505,43.2231],[-79.749,43.2472],[-79.7857,43.2845],[-79.8261,43.2852],[-79.8545,43.2968],[-79.8006,43.318],[-79.7178,43.3756],[-79.6779,43.4314],[-79.6064,43.4966],[-79.598,43.5364],[-79.5459,43.5739],[-79.537,43.5881],[-79.5004,43.5954],[-79.4552,43.6375],[-79.4149,43.6303],[-79.3594,43.6456],[-79.3481,43.6336],[-79.3039,43.6642],[-79.2797,43.6712],[-79.1886,43.7469],[-79.153,43.7592],[-79.0918,43.8121],[-79.0599,43.8078],[-78.9835,43.8271],[-78.9291,43.8515],[-78.903,43.8459],[-78.8183,43.8687],[-78.7117,43.8677],[-78.676,43.8851],[-78.6176,43.8985],[-78.482,43.8966],[-78.415,43.9133],[-78.3727,43.9299],[-78.2569,43.9531],[-78.2148,43.9507],[-78.1156,43.9571],[-78.0984,43.9662],[-78.0342,43.969],[-78.0066,43.9632],[-77.9709,43.9776],[-77.935,43.9702],[-77.8172,44.0038],[-77.7512,44.0106],[-77.7036,44.0314],[-77.6738,44.0331],[-77.5875,44.0596],[-77.5753,44.096],[-77.5034,44.1184],[-77.4721,44.1209],[-77.3852,44.1547],[-77.3351,44.1679],[-77.2952,44.1539],[-77.2548,44.1795],[-77.2303,44.1795],[-77.191,44.1572],[-77.0864,44.1765],[-77.0386,44.1766],[-77.0679,44.1057],[-77.0259,44.1151],[-77.0144,44.1347],[-76.9569,44.1559],[-76.9307,44.1796],[-76.8851,44.155],[-76.965,44.1477],[-77.0053,44.1346],[-77.0155,44.1043],[-77.0491,44.096],[-77.0318,44.062],[-76.9695,44.0636],[-76.9278,44.1049],[-76.8915,44.1184],[-76.7738,44.1831],[-76.7257,44.2032],[-76.6316,44.2217],[-76.5575,44.2094],[-76.428,44.2362],[-76.3707,44.2652],[-76.3339,44.2735],[-76.3143,44.2906],[-76.2223,44.3185],[-76.1841,44.317],[-76.0976,44.3472],[-76.0266,44.3536],[-76.0131,44.364],[-75.9576,44.3697],[-75.9291,44.3824],[-75.8892,44.4265],[-75.8061,44.4926],[-75.7443,44.5472],[-75.5783,44.6582],[-75.5372,44.6981],[-75.4827,44.7225],[-75.4605,44.7482],[-75.4347,44.7593],[-75.3139,44.8292],[-75.3079,44.8436],[-75.1675,44.8991],[-75.137,44.9236],[-75.0745,44.9377],[-75.0067,44.9641],[-75.0091,44.9816],[-74.9204,45.0191],[-74.8312,45.0323],[-74.7932,45.0274],[-74.79,45.0088],[-74.7002,45.0159],[-74.6477,45.0354],[-74.5477,45.0621],[-74.5147,45.1064],[-74.4554,45.1551],[-74.3915,45.1679],[-74.3435,45.2054],[-74.4719,45.3027],[-74.4214,45.4398],[-74.3816,45.5637]],[[-94.5037,49.7732],[-94.5225,49.7851],[-94.5711,49.7884],[-94.5722,49.8271],[-94.6118,49.8404],[-94.587,49.8697],[-94.6205,49.876],[-94.6422,49.9114],[-94.6842,49.9111],[-94.6841,49.9583],[-94.6692,49.985],[-94.6432,49.9876],[-94.5908,49.9601],[-94.5867,49.9418],[-94.5342,49.9286],[-94.5536,49.8667],[-94.5525,49.8257],[-94.5181,49.8154],[-94.5037,49.7732]]]]}},
{"type":"Feature","id":"CAN:ADM1:CA-MB","properties":{"shapeName":"Manitoba","shapeISO":"CA-MB","shapeType":"ADM1"},"geometry":{"type":"Polygon","coordinates":[[[-95.1532,49.6168],[-95.1534,49.6461],[-95.1529,50.0012],[-95.1529,50.2473],[-95.1529,50.6371],[-95.153,50.9431],[-95.1527,51.3301],[-95.1529,51.7451],[-95.1531,51.969],[-95.1531,52.3325],[-95.1528,52.6303],[-95.1532,52.8406],[-94.7371,53.0959],[-94.2627,53.3814],[-93.9584,53.5537],[-93.6296,53.7502],[-93.3292,53.9697],[-93.14,54.1112],[-92.6586,54.4534],[-92.1887,54.7749],[-92,54.906],[-91.7476,55.0851],[-91.6478,55.1585],[-91.1633,55.4835],[-90.8022,55.7204],[-90.3112,56.0342],[-89.9672,56.25],[-89.458,56.5636],[-88.9796,56.8511],[-89.0507,56.8535],[-89.2116,56.8801],[-89.3636,56.9237],[-89.4987,56.9244],[-89.682,56.9612],[-89.7768,56.9719],[-89.8924,57],[-89.9339,57],[-89.9495,57],[-90,57.0211],[-90,57.0233],[-90.0278,57.0385],[-90.1586,57.0747],[-90.1878,57.0922],[-90.3542,57.1526],[-90.3889,57.177],[-90.4666,57.1976],[-90.5094,57.1978],[-90.6358,57.2379],[-90.7143,57.2321],[-90.7725,57.253],[-90.8612,57.2653],[-91.0036,57.2639],[-91.1465,57.2477],[-91.3762,57.201],[-91.5793,57.1483],[-91.6831,57.1293],[-91.8701,57.0772],[-92.0169,57.0512],[-92.1231,57.0492],[-92.2568,57.0121],[-92.2765,57.024],[-92.1965,57.0631],[-92.2098,57.0725],[-92.3687,57.0588],[-92.4822,57.0347],[-92.6164,56.9787],[-92.6838,56.9322],[-92.7571,56.9179],[-92.9037,56.9051],[-92.7616,56.9377],[-92.7136,56.9537],[-92.6863,56.9876],[-92.5961,57.0502],[-92.5449,57.1011],[-92.4956,57.1793],[-92.449,57.2374],[-92.4386,57.2637],[-92.425,57.3577],[-92.4593,57.46],[-92.503,57.5315],[-92.5421,57.5431],[-92.5612,57.592],[-92.6265,57.6596],[-92.7112,57.7735],[-92.762,57.8757],[-92.8149,58.0188],[-92.8003,58.0433],[-92.8507,58.1055],[-92.8468,58.1339],[-92.8819,58.1518],[-92.9274,58.2186],[-92.9794,58.2804],[-92.9784,58.3043],[-93.0346,58.3449],[-93.0607,58.4078],[-93.1155,58.4778],[-93.1417,58.5716],[-93.1352,58.6032],[-93.1543,58.6578],[-93.1441,58.676],[-93.176,58.7111],[-93.1798,58.7372],[-93.2102,58.7628],[-93.3484,58.7647],[-93.3832,58.7557],[-93.4146,58.7225],[-93.4487,58.7246],[-93.4661,58.7626],[-93.5374,58.7784],[-93.5806,58.765],[-93.6407,58.7882],[-93.7457,58.7924],[-93.7413,58.7745],[-93.87,58.7667],[-93.9679,58.7703],[-94.0338,58.7619],[-94.1715,58.7739],[-94.2186,58.7945],[-94.2644,58.7894],[-94.3234,58.7199],[-94.3694,58.7042],[-94.4266,58.7028],[-94.4764,58.7377],[-94.4836,58.7848],[-94.5294,58.8271],[-94.5753,58.8391],[-94.6061,58.8664],[-94.6006,58.9063],[-94.6765,58.9353],[-94.7325,59.0028],[-94.7808,59.0128],[-94.7877,59.0163],[-94.7897,59.0551],[-94.8106,59.0856],[-94.7823,59.1641],[-94.8086,59.2136],[-94.7858,59.246],[-94.8042,59.266],[-94.7712,59.285],[-94.8083,59.3418],[-94.753,59.3426],[-94.716,59.3802],[-94.7504,59.4277],[-94.7363,59.4401],[-94.7732,59.5011],[-94.8004,59.5157],[-94.8115,59.5445],[-94.7996,59.5663],[-94.8276,59.6159],[-94.8342,59.6489],[-94.8171,59.7277],[-94.7725,59.79],[-94.8109,59.8194],[-94.8006,59.8555],[-94.8274,59.8816],[-94.8262,59.9231],[-94.8527,59.9713],[-94.8281,60],[-95.3125,60],[-96,60],[-96.5,60],[-97.25,60],[-98,60],[-98.5,60],[-99,60],[-99.5,60],[-100,60],[-100.5,60],[-101,60],[-101.5,60],[-102,60],[-102.0074,59.7518],[-102.0067,59.0005],[-102.0063,58.8146],[-102.006,58.3137],[-102.0057,57.9999],[-102.0052,57.4169],[-102.005,57.1781],[-102.0074,57.0835],[-102.0076,56.5002],[-102.0041,55.9998],[-102.0041,55.8094],[-101.9639,55.8095],[-101.964,55.4604],[-101.9242,55.4602],[-101.9244,55.1121],[-101.8853,55.1116],[-101.8853,54.7625],[-101.8474,54.7625],[-101.8475,54.4136],[-101.8105,54.4135],[-101.8104,54.0644],[-101.7713,54.0644],[-101.7707,53.7109],[-101.7354,53.7107],[-101.7355,53.3658],[-101.7006,53.3658],[-101.7007,53.0165],[-101.6716,53.0164],[-101.6716,52.6673],[-101.6377,52.6673],[-101.6378,52.3181],[-101.6091,52.3182],[-101.6093,51.9686],[-101.5776,51.9685],[-101.5773,51.6549],[-101.5705,51.6549],[-101.5705,51.3019],[-101.5392,51.3019],[-101.539,50.9485],[-101.5087,50.9485],[-101.5087,50.5944],[-101.477,50.5944],[-101.4767,50.2405],[-101.4472,50.2405],[-101.4472,49.8944],[-101.4175,49.8867],[-101.4176,49.5327],[-101.3926,49.5327],[-101.3915,49.1778],[-101.3621,49.1778],[-101.362,48.9995],[-100.7973,49.0001],[-100.25,49],[-99.9425,49.0001],[-99.5,49],[-99.0069,49],[-98.5275,49],[-98.1997,49.0003],[-97.5717,49.0005],[-97.1891,49.0003],[-96.7863,49.0002],[-96.3821,49.0001],[-95.7664,48.9997],[-95.2324,48.9995],[-95.2196,49.0356],[-95.261,49.0406],[-95.2811,49.0563],[-95.2932,49.1031],[-95.2826,49.1326],[-95.2423,49.1654],[-95.207,49.1761],[-95.1533,49.1757],[-95.1535,49.3981],[-95.1527,49.452],[-95.1524,49.4701],[-95.1539,49.589],[-95.1529,49.6034],[-95.1532,49.6168]]]}},
{"type":"Feature","id":"CAN:ADM1:CA-SK","properties":{"shapeName":"Saskatchewan","shapeISO":"CA-SK","shapeType":"ADM1"},"geometry":{"type":"Polygon","coordinates":[[[-102,60],[-102.5,60],[-103,60],[-103.75,60],[-104.5,60],[-105,60],[-105.5,60],[-106.25,60],[-106.75,60],[-107.25,60],[-108,60],[-108.75,60],[-109.5,60],[-110,60],[-110.0003,59.7194],[-109.9996,59.485],[-110,59],[-110.0004,58.7019],[-110.0003,58.2957],[-110.0002,57.9423],[-110.0001,57.5575],[-110,57.25],[-110,56.9291],[-110,56.5],[-110.0003,56.2426],[-110,55.986],[-110,55.5714],[-110.0001,55.3312],[-110.0038,54.9492],[-110.0057,54.7477],[-110.0058,54.4412],[-110.0057,54.2364],[-110.0057,53.9324],[-110.0053,53.4371],[-110.0055,53.2124],[-110.0061,52.924],[-110.0044,52.5214],[-110.005,52.143],[-110.0049,51.8715],[-110.005,51.5034],[-110.0051,51.2706],[-110.003,50.8338],[-110.0051,50.6884],[-110.0049,50.339],[-110.008,50.2812],[-110.0042,49.9599],[-110.0104,49.8728],[-110.0042,49.8144],[-110.0045,49.5329],[-110.0051,49.2419],[-110.005,48.9997],[-109.648,49.0001],[-109,49],[-108.4394,48.9995],[-108.1879,48.9997],[-107.5202,48.9995],[-107.0586,49.0001],[-106.7789,49],[-106.2336,48.9993],[-106,48.9995],[-105.2583,48.9994],[-104.811,48.9992],[-104.5746,48.9992],[-104.1878,49.0001],[-103.7412,48.9994],[-103.3198,48.9994],[-102.7228,48.9992],[-102.3883,48.999],[-102.0063,48.999],[-101.362,48.9995],[-101.3621,49.1778],[-101.3915,49.1778],[-101.3926,49.5327],[-101.4176,49.5327],[-101.4175,49.8867],[-101.4472,49.8944],[-101.4472,50.2405],[-101.4767,50.2405],[-101.477,50.5944],[-101.5087,50.5944],[-101.5087,50.9485],[-101.539,50.9485],[-101.5392,51.3019],[-101.5705,51.3019],[-101.5705,51.6549],[-101.5773,51.6549],[-101.5776,51.9685],[-101.6093,51.9686],[-101.6091,52.3182],[-101.6378,52.3181],[-101.6377,52.6673],[-101.6716,52.6673],[-101.6716,53.0164],[-101.7007,53.0165],[-101.7006,53.3658],[-101.7355,53.3658],[-101.7354,53.7107],[-101.7707,53.7109],[-101.7713,54.0644],[-101.8104,54.0644],[-101.8105,54.4135],[-101.8475,54.4136],[-101.8474,54.7625],[-101.8853,54.7625],[-101.8853,55.1116],[-101.9244,55.1121],[-101.9242,55.4602],[-101.964,55.4604],[-101.9639,55.8095],[-102.0041,55.8094],[-102.0041,55.9998],[-102.0076,56.5002],[-102.0074,57.0835],[-102.005,57.1781],[-102.0052,57.4169],[-102.0057,57.9999],[-102.006,58.3137],[-102.0063,58.8146],[-102.0067,59.0005],[-102.0074,59.7518],[-102,60]]]}},
{"type":"Feature","id":"CAN:ADM1:CA-AB","properties":{"shapeName":"Alberta","shapeISO":"CA-AB","shapeType":"ADM1"},"geometry":{"type":"Polygon","coordinates":[[[-110,60],[-110.75,60],[-111.25,60],[-111.75,60],[-112.5,60],[-113,60],[-113.5,60],[-114,60],[-114.5,60],[-115,60],[-115.5,60],[-116,60],[-116.5,60],[-117,60],[-117.75,60],[-118.25,60],[-118.75,60],[-119.5,60],[-120,60],[-120,59.5],[-120,59.0893],[-120,58.75],[-120,58.25],[-120,57.9111],[-119.9999,57.593],[-120,57.3806],[-120,57],[-120.0001,56.656],[-120.0008,56.2493],[-119.9999,55.7784],[-120,55.4023],[-120.0003,55.1192],[-120.0003,54.7977],[-119.9999,54.4909],[-120,54.214],[-120,53.8062],[-119.9423,53.7759],[-119.8882,53.7795],[-119.8874,53.75],[-119.908,53.7106],[-119.8443,53.7147],[-119.7974,53.7078],[-119.7134,53.6146],[-119.7487,53.5934],[-119.8541,53.6077],[-119.9027,53.6202],[-119.9107,53.6013],[-119.8623,53.5485],[-119.8995,53.5191],[-119.8539,53.4999],[-119.8302,53.5147],[-119.7906,53.4793],[-119.7584,53.4264],[-119.7254,53.3888],[-119.6954,53.3906],[-119.6689,53.3678],[-119.5983,53.3657],[-119.5175,53.3701],[-119.4592,53.3572],[-119.4061,53.3681],[-119.3559,53.3401],[-119.3405,53.2871],[-119.2327,53.1818],[-119.146,53.1912],[-119.1195,53.1618],[-119.0885,53.1655],[-119.0469,53.1449],[-118.9994,53.1928],[-119.0238,53.232],[-118.9474,53.2389],[-118.916,53.2118],[-118.7865,53.1592],[-118.7725,53.133],[-118.7323,53.1192],[-118.7591,53.0658],[-118.6553,53.0348],[-118.6408,52.9993],[-118.6698,52.9834],[-118.6602,52.9639],[-118.6134,52.936],[-118.6138,52.8837],[-118.5872,52.8822],[-118.5438,52.9085],[-118.5001,52.9064],[-118.4483,52.8853],[-118.4445,52.8522],[-118.4032,52.8508],[-118.3996,52.8245],[-118.4224,52.7758],[-118.3428,52.7386],[-118.3433,52.7089],[-118.2901,52.6777],[-118.301,52.6541],[-118.3545,52.6337],[-118.3336,52.6062],[-118.3326,52.5802],[-118.2728,52.566],[-118.2891,52.5385],[-118.2355,52.4902],[-118.1934,52.4778],[-118.2553,52.4495],[-118.2444,52.408],[-118.2209,52.3976],[-118.2128,52.3703],[-118.138,52.4075],[-118.0442,52.3985],[-118.0304,52.4381],[-118.0529,52.4496],[-117.988,52.5002],[-117.9668,52.4697],[-117.8869,52.4261],[-117.7665,52.4177],[-117.7058,52.3653],[-117.7529,52.3164],[-117.778,52.3189],[-117.7961,52.2925],[-117.8396,52.2741],[-117.8183,52.2264],[-117.7413,52.203],[-117.6635,52.1979],[-117.6293,52.1748],[-117.6113,52.1443],[-117.5231,52.1582],[-117.5002,52.1443],[-117.3813,52.1377],[-117.334,52.1486],[-117.3173,52.194],[-117.2986,52.0943],[-117.3051,52.0743],[-117.2684,52.0558],[-117.1972,51.9801],[-117.1032,51.9565],[-117.0977,51.9397],[-117.0195,51.8914],[-117.0343,51.8598],[-116.989,51.8111],[-116.964,51.795],[-116.9764,51.7602],[-116.9206,51.7098],[-116.8873,51.703],[-116.8097,51.7053],[-116.8186,51.7356],[-116.7442,51.8066],[-116.7155,51.7987],[-116.6821,51.8121],[-116.6431,51.7867],[-116.6503,51.7537],[-116.6312,51.7314],[-116.5985,51.7239],[-116.5812,51.6973],[-116.595,51.6618],[-116.4996,51.6234],[-116.4714,51.6047],[-116.4732,51.5827],[-116.4529,51.5605],[-116.3909,51.5456],[-116.3938,51.5057],[-116.3606,51.4709],[-116.2924,51.4618],[-116.2825,51.4068],[-116.3114,51.385],[-116.2773,51.3547],[-116.29,51.3431],[-116.268,51.3119],[-116.2191,51.2945],[-116.1641,51.2978],[-116.1591,51.2758],[-116.1117,51.2534],[-116.0652,51.2479],[-116.0493,51.2274],[-116.0076,51.222],[-116,51.1939],[-116.0368,51.17],[-116.0045,51.1247],[-115.9573,51.1152],[-115.9236,51.0831],[-115.8679,51.0893],[-115.8334,51.0759],[-115.7892,51.0724],[-115.767,51.0394],[-115.7268,51.0187],[-115.7038,51.0213],[-115.6488,50.9975],[-115.6146,50.9512],[-115.6098,50.9263],[-115.5842,50.9158],[-115.5926,50.8926],[-115.6489,50.8741],[-115.643,50.8422],[-115.5781,50.8405],[-115.5509,50.7971],[-115.4976,50.7823],[-115.4811,50.7552],[-115.4363,50.7557],[-115.3912,50.7065],[-115.3546,50.7227],[-115.3151,50.7258],[-115.2823,50.6632],[-115.2936,50.6111],[-115.2397,50.5892],[-115.231,50.5449],[-115.1909,50.5351],[-115.1736,50.5676],[-115.1175,50.5698],[-115.0853,50.5897],[-115.0137,50.5709],[-114.9122,50.4514],[-114.873,50.4302],[-114.8569,50.3925],[-114.8248,50.3933],[-114.8192,50.3691],[-114.7662,50.3507],[-114.7976,50.3261],[-114.7517,50.2753],[-114.7702,50.25],[-114.7247,50.1902],[-114.7333,50.1186],[-114.6664,50.0509],[-114.6548,49.9969],[-114.6574,49.9684],[-114.6833,49.9671],[-114.6937,49.9426],[-114.6918,49.8963],[-114.6399,49.8277],[-114.6361,49.7848],[-114.6591,49.7651],[-114.6331,49.7341],[-114.6684,49.7039],[-114.6628,49.6437],[-114.7465,49.6185],[-114.7326,49.5764],[-114.691,49.554],[-114.6201,49.5468],[-114.5736,49.5575],[-114.573,49.525],[-114.5947,49.5028],[-114.5984,49.4126],[-114.5669,49.3769],[-114.5366,49.3796],[-114.523,49.3563],[-114.4876,49.3473],[-114.4776,49.3124],[-114.4468,49.2884],[-114.4479,49.2644],[-114.3935,49.2572],[-114.4021,49.2133],[-114.3456,49.1936],[-114.3105,49.192],[-114.2571,49.177],[-114.1749,49.1636],[-114.149,49.1437],[-114.1531,49.0995],[-114.1069,49.065],[-114.081,49.0597],[-114.0538,49.0265],[-114.0683,48.9989],[-113.717,48.9976],[-113.3412,48.9982],[-112.9432,48.9985],[-112.4108,48.9987],[-112.0096,48.9986],[-111.5461,48.9967],[-110.9931,48.9979],[-110.441,48.999],[-110.005,48.9997],[-110.0051,49.2419],[-110.0045,49.5329],[-110.0042,49.8144],[-110.0104,49.8728],[-110.0042,49.9599],[-110.008,50.2812],[-110.0049,50.339],[-110.0051,50.6884],[-110.003,50.8338],[-110.0051,51.2706],[-110.005,51.5034],[-110.0049,51.8715],[-110.005,52.143],[-110.0044,52.5214],[-110.0061,52.924],[-110.0055,53.2124],[-110.0053,53.4371],[-110.0057,53.9324],[-110.0057,54.2364],[-110.0058,54.4412],[-110.0057,54.7477],[-110.0038,54.9492],[-110.0001,55.3312],[-110,55.5714],[-110,55.986],[-110.0003,56.2426],[-110,56.5],[-110,56.9291],[-110,57.25],[-110.0001,57.5575],[-110.0002,57.9423],[-110.0003,58.2957],[-110.0004,58.7019],[-110,59],[-109.9996,59.485],[-110.0003,59.7194],[-110,60]]]}},
{"type":"Feature","id":"CAN:ADM1:CA-BC","properties":{"shapeName":"British Columbia","shapeISO":"CA-BC","shapeType":"ADM1"},"geometry":{"type":"MultiPolygon","coordinates":[[[[-125.0489,50.0868],[-125.0749,50.0699],[-125.0533,50.0502],[-125.0281,50.065],[-125.0489,50.0868]]],[[[-128.7099,50.8357],[-128.7139,50.811],[-128.6824,50.8046],[-128.664,50.8221],[-128.7099,50.8357]]],[[[-123.3146,48.6289],[-123.2961,48.5939],[-123.2684,48.6016],[-123.3146,48.6289]]],[[[-123.2569,48.7675],[-123.2457,48.755],[-123.2075,48.7329],[-123.1826,48.7485],[-123.2569,48.7675]]],[[[-131.0869,54.6259],[-131.1004,54.5876],[-131.0794,54.5852],[-131.0471,54.6146],[-131.0869,54.6259]]],[[[-128.7349,53.8717],[-128.7761,53.8337],[-128.7539,53.8205],[-128.7244,53.8453],[-128.7349,53.8717]]],[[[-126.853,50.9458],[-126.8542,50.9199],[-126.7931,50.9244],[-126.814,50.9453],[-126.853,50.9458]]],[[[-123.7084,49.0198],[-123.6914,48.9815],[-123.6522,48.9903],[-123.6803,49.0191],[-123.7084,49.0198]]],[[[-127.7313,51.5102],[-127.7631,51.4939],[-127.7219,51.4664],[-127.702,51.4806],[-127.6985,51.5077],[-127.7313,51.5102]]],[[[-130.3788,53.7823],[-130.3908,53.76],[-130.3333,53.75],[-130.3278,53.7673],[-130.3788,53.7823]]],[[[-129.3716,53.2814],[-129.3795,53.2609],[-129.3457,53.2462],[-129.3256,53.2848],[-129.3716,53.2814]]],[[[-130.8079,54.4922],[-130.8567,54.4521],[-130.812,54.4523],[-130.7886,54.4743],[-130.8079,54.4922]]],[[[-128.1127,51.7837],[-128.1313,51.7514],[-128.0858,51.7483],[-128.0768,51.7825],[-128.1127,51.7837]]],[[[-126.6406,50.7187],[-126.6759,50.6999],[-126.6565,50.6805],[-126.611,50.705],[-126.6406,50.7187]]],[[[-129.6947,53.066],[-129.6861,53.0462],[-129.625,53.0193],[-129.6034,53.0297],[-129.639,53.0541],[-129.6947,53.066]]],[[[-126.7154,50.7581],[-126.7069,50.7403],[-126.6594,50.7403],[-126.671,50.7692],[-126.7154,50.7581]]],[[[-128.0077,51.7988],[-128.049,51.7776],[-128.058,51.7597],[-128.0094,51.7549],[-128.0077,51.7988]]],[[[-129.5753,53.0522],[-129.5925,53.0207],[-129.5543,53.009],[-129.5311,53.026],[-129.5753,53.0522]]],[[[-129.2707,53.401],[-129.2616,53.3671],[-129.2232,53.3717],[-129.232,53.4086],[-129.2707,53.401]]],[[[-132.1308,53.2011],[-132.1105,53.189],[-132.0383,53.204],[-132.0492,53.2231],[-132.1308,53.2011]]],[[[-130.6328,53.9207],[-130.6617,53.9002],[-130.6209,53.8748],[-130.5896,53.9011],[-130.6328,53.9207]]],[[[-126.7681,50.5888],[-126.7835,50.571],[-126.7198,50.5555],[-126.7059,50.5768],[-126.7681,50.5888]]],[[[-129.3564,52.8573],[-129.373,52.821],[-129.326,52.7983],[-129.3136,52.8356],[-129.3564,52.8573]]],[[[-130.4596,53.792],[-130.4623,53.7641],[-130.4337,53.7495],[-130.4031,53.7697],[-130.4063,53.7891],[-130.4596,53.792]]],[[[-130.6434,54.1204],[-130.6523,54.1025],[-130.6177,54.0756],[-130.5714,54.0809],[-130.6029,54.1072],[-130.6434,54.1204]]],[[[-131.4366,52.5637],[-131.4308,52.5528],[-131.3735,52.5436],[-131.3493,52.5682],[-131.3896,52.5728],[-131.4366,52.5637]]],[[[-125.1308,50.4215],[-125.1481,50.3958],[-125.1435,50.3673],[-125.1185,50.3628],[-125.0844,50.381],[-125.1308,50.4215]]],[[[-125.0047,50.3263],[-125.0335,50.2989],[-124.9974,50.2743],[-124.9665,50.3123],[-125.0047,50.3263]]],[[[-128.4565,52.3505],[-128.4511,52.3236],[-128.3963,52.3229],[-128.3891,52.3602],[-128.4565,52.3505]]],[[[-125.0677,48.9533],[-125.106,48.9266],[-125.0873,48.8967],[-125.0582,48.9201],[-125.0677,48.9533]]],[[[-123.2027,49.2204],[-123.2095,49.1873],[-123.1486,49.18],[-123.1352,49.1978],[-123.2027,49.2204]]],[[[-128.4303,52.0028],[-128.4295,51.9882],[-128.4772,51.9545],[-128.4278,51.9403],[-128.4088,51.9934],[-128.4303,52.0028]]],[[[-130.7862,54.4693],[-130.808,54.4486],[-130.761,54.4131],[-130.731,54.4264],[-130.7862,54.4693]]],[[[-131.7556,52.7692],[-131.7111,52.7457],[-131.6104,52.7511],[-131.6415,52.7783],[-131.6892,52.7688],[-131.7556,52.7692]]],[[[-127.5917,51.0836],[-127.6007,51.0549],[-127.5665,51.047],[-127.525,51.0561],[-127.5194,51.0878],[-127.5917,51.0836]]],[[[-130.7768,54.3993],[-130.7738,54.3619],[-130.7268,54.3598],[-130.7023,54.3929],[-130.7213,54.4086],[-130.7768,54.3993]]],[[[-126.5189,49.686],[-126.5301,49.663],[-126.567,49.6375],[-126.5366,49.6272],[-126.4804,49.6633],[-126.5189,49.686]]],[[[-123.3452,48.8576],[-123.3276,48.8329],[-123.2448,48.8247],[-123.2511,48.846],[-123.2892,48.8741],[-123.3008,48.851],[-123.3452,48.8576]]],[[[-123.3226,48.8218],[-123.3194,48.7764],[-123.2783,48.7553],[-123.2597,48.7676],[-123.2447,48.7702],[-123.2546,48.7911],[-123.2894,48.8176],[-123.3226,48.8218]]],[[[-127.2963,50.0381],[-127.3228,50.0076],[-127.289,49.9909],[-127.2323,50.0099],[-127.2393,50.0257],[-127.2963,50.0381]]],[[[-124.6893,49.5496],[-124.7063,49.515],[-124.6594,49.4926],[-124.6251,49.537],[-124.6893,49.5496]]],[[[-133.0597,54.2563],[-133.0698,54.2345],[-133.0165,54.1929],[-132.9811,54.1868],[-132.9669,54.2242],[-133.0017,54.256],[-133.0597,54.2563]]],[[[-126.0113,49.2164],[-126.0367,49.2066],[-126.0151,49.1588],[-125.9699,49.1494],[-125.9689,49.171],[-125.9331,49.1899],[-125.9526,49.2075],[-126.0113,49.2164]]],[[[-127.5794,51.5739],[-127.6105,51.553],[-127.6435,51.5136],[-127.683,51.4935],[-127.6154,51.4836],[-127.6039,51.5065],[-127.5638,51.5338],[-127.5794,51.5739]]],[[[-128.2739,52.2153],[-128.3032,52.202],[-128.3279,52.1574],[-128.3065,52.1285],[-128.2642,52.1833],[-128.2079,52.2093],[-128.244,52.225],[-128.2739,52.2153]]],[[[-132.3785,53.0051],[-132.3207,52.9773],[-132.2877,52.9701],[-132.1978,52.9769],[-132.216,52.9933],[-132.3345,53.008],[-132.3785,53.0051]]],[[[-123.2029,48.8108],[-123.2018,48.7743],[-123.1621,48.7644],[-123.0934,48.7643],[-123.0993,48.7888],[-123.1889,48.8139],[-123.2029,48.8108]]],[[[-130.4473,54.3282],[-130.4734,54.3052],[-130.4082,54.2489],[-130.3675,54.2602],[-130.3882,54.3067],[-130.4473,54.3282]]],[[[-130.5774,53.8473],[-130.6232,53.826],[-130.6267,53.8091],[-130.5898,53.7882],[-130.5495,53.7878],[-130.5387,53.8061],[-130.5004,53.8196],[-130.5774,53.8473]]],[[[-132.1412,53.8235],[-132.2034,53.7907],[-132.2154,53.7714],[-132.1635,53.7266],[-132.1375,53.77],[-132.1412,53.8235]]],[[[-129.6708,53.0139],[-129.6763,52.9928],[-129.6327,52.9739],[-129.5393,52.9716],[-129.578,53.0004],[-129.6321,53.021],[-129.6708,53.0139]]],[[[-132.5842,53.1521],[-132.595,53.1277],[-132.5428,53.1051],[-132.3934,53.1096],[-132.4088,53.1288],[-132.4915,53.1247],[-132.5842,53.1521]]],[[[-126.677,50.5916],[-126.6578,50.5849],[-126.6372,50.5524],[-126.5303,50.5579],[-126.5209,50.5789],[-126.6083,50.5892],[-126.677,50.5916]]],[[[-127.9773,50.9192],[-127.9862,50.9053],[-127.8737,50.8889],[-127.8325,50.9048],[-127.8412,50.932],[-127.9016,50.9447],[-127.929,50.9271],[-127.9773,50.9192]]],[[[-127.5961,51.3036],[-127.5831,51.2701],[-127.4955,51.2739],[-127.474,51.3006],[-127.5317,51.3077],[-127.5961,51.3036]]],[[[-128.2755,52.2178],[-128.3132,52.2306],[-128.3725,52.2362],[-128.3896,52.2091],[-128.3715,52.1954],[-128.3771,52.1525],[-128.3187,52.1863],[-128.3055,52.2047],[-128.2755,52.2178]]],[[[-128.892,53.7749],[-128.9424,53.7496],[-129.0162,53.7268],[-129.0818,53.698],[-129.0553,53.6802],[-128.9863,53.7165],[-128.9378,53.7105],[-128.898,53.7343],[-128.9102,53.7481],[-128.892,53.7749]]],[[[-130.0021,53.5191],[-130.0185,53.5009],[-129.9747,53.4761],[-129.9277,53.4695],[-129.8949,53.5208],[-129.8957,53.5412],[-129.9394,53.5475],[-130.0021,53.5191]]],[[[-131.841,52.8465],[-131.8305,52.8191],[-131.7394,52.8071],[-131.694,52.8169],[-131.697,52.8434],[-131.7518,52.8606],[-131.8061,52.8444],[-131.841,52.8465]]],[[[-128.4237,52.1846],[-128.399,52.1946],[-128.3774,52.2372],[-128.438,52.2364],[-128.4958,52.1722],[-128.4913,52.1587],[-128.3936,52.1617],[-128.4237,52.1846]]],[[[-130.1863,54.0793],[-130.2242,54.0543],[-130.2063,54.0033],[-130.1473,53.9879],[-130.1308,54.0266],[-130.1612,54.0677],[-130.1863,54.0793]]],[[[-126.8601,50.8824],[-126.8916,50.8626],[-126.8867,50.8404],[-126.8139,50.8395],[-126.7344,50.8635],[-126.7615,50.8839],[-126.8062,50.8912],[-126.8601,50.8824]]],[[[-128.0103,51.732],[-128.0781,51.6891],[-128.0751,51.6594],[-127.9638,51.6573],[-127.994,51.7278],[-128.0103,51.732]]],[[[-128.0971,52.2926],[-128.1382,52.2681],[-128.154,52.2417],[-128.1238,52.2267],[-128.0799,52.2312],[-128.0028,52.2914],[-128.0462,52.3092],[-128.0971,52.2926]]],[[[-130.2592,54.1946],[-130.2894,54.1518],[-130.246,54.1172],[-130.1728,54.1252],[-130.1549,54.1505],[-130.2281,54.19],[-130.2592,54.1946]]],[[[-128.4376,52.5447],[-128.4105,52.5105],[-128.4128,52.4657],[-128.3494,52.4831],[-128.2822,52.4862],[-128.2758,52.5143],[-128.3516,52.5243],[-128.4376,52.5447]]],[[[-123.3605,49.4133],[-123.426,49.3726],[-123.4266,49.3366],[-123.3606,49.3356],[-123.3417,49.3497],[-123.311,49.4039],[-123.3605,49.4133]]],[[[-124.8264,49.5994],[-124.843,49.5584],[-124.8308,49.5397],[-124.7725,49.5067],[-124.7565,49.4894],[-124.722,49.4843],[-124.777,49.5699],[-124.8264,49.5994]]],[[[-130.292,54.3319],[-130.3529,54.3005],[-130.3597,54.2748],[-130.3359,54.2413],[-130.2596,54.2548],[-130.2484,54.2997],[-130.292,54.3319]]],[[[-130.227,54.8004],[-130.2612,54.7669],[-130.3267,54.7469],[-130.3698,54.72],[-130.3328,54.7037],[-130.2349,54.7228],[-130.2109,54.7497],[-130.227,54.8004]]],[[[-123.863,49.1985],[-123.8622,49.1581],[-123.7634,49.13],[-123.7015,49.1297],[-123.7092,49.1594],[-123.7597,49.1648],[-123.8218,49.1905],[-123.863,49.1985]]],[[[-129.4087,53.4088],[-129.4571,53.3771],[-129.4519,53.3607],[-129.4004,53.3385],[-129.3855,53.2954],[-129.3379,53.3013],[-129.3445,53.3504],[-129.3347,53.3627],[-129.4087,53.4088]]],[[[-126.5587,50.6095],[-126.5588,50.595],[-126.4893,50.5753],[-126.4014,50.5947],[-126.3462,50.6156],[-126.344,50.6277],[-126.4623,50.6299],[-126.5587,50.6095]]],[[[-125.1036,50.25],[-125.0916,50.2925],[-125.1139,50.3218],[-125.1549,50.323],[-125.2096,50.2988],[-125.1729,50.2486],[-125.1222,50.2394],[-125.1036,50.25]]],[[[-125.1009,50.25],[-125.1314,50.2032],[-125.1278,50.1765],[-125.1535,50.1433],[-125.128,50.1283],[-125.0817,50.1742],[-125.0409,50.1905],[-125.0331,50.2081],[-125.0541,50.2604],[-125.0754,50.2761],[-125.1009,50.25]]],[[[-129.7503,53.1322],[-129.7335,53.0776],[-129.6218,53.0511],[-129.5986,53.0786],[-129.6634,53.1272],[-129.6868,53.1358],[-129.7503,53.1322]]],[[[-123.5841,49.0113],[-123.5897,49.0018],[-123.5539,48.9653],[-123.5209,48.9452],[-123.4555,48.9229],[-123.3892,48.8918],[-123.3838,48.866],[-123.3135,48.862],[-123.3459,48.9051],[-123.3818,48.9116],[-123.507,48.9585],[-123.5841,49.0113]]],[[[-127.8342,50.8902],[-127.8335,50.8744],[-127.7735,50.8577],[-127.7491,50.8597],[-127.6701,50.8357],[-127.6592,50.8704],[-127.7239,50.9155],[-127.8342,50.8902]]],[[[-131.3493,52.4285],[-131.3708,52.419],[-131.3502,52.3576],[-131.3088,52.355],[-131.3036,52.3834],[-131.2542,52.4176],[-131.2358,52.4418],[-131.2857,52.4488],[-131.3493,52.4285]]],[[[-130.7935,54.2161],[-130.8179,54.1655],[-130.7494,54.1438],[-130.7275,54.1217],[-130.6871,54.1075],[-130.6526,54.1131],[-130.6427,54.1409],[-130.6625,54.1573],[-130.7935,54.2161]]],[[[-124.3638,49.5255],[-124.3821,49.5064],[-124.3607,49.4776],[-124.3226,49.4623],[-124.2067,49.4533],[-124.1661,49.4567],[-124.2471,49.506],[-124.2717,49.4997],[-124.3408,49.5138],[-124.3638,49.5255]]],[[[-123.4242,49.5271],[-123.4509,49.5023],[-123.457,49.4655],[-123.3905,49.4557],[-123.373,49.4331],[-123.3159,49.4482],[-123.319,49.4754],[-123.3663,49.5281],[-123.4242,49.5271]]],[[[-125.966,50.4424],[-125.9185,50.4145],[-125.8636,50.419],[-125.8232,50.4083],[-125.7778,50.4119],[-125.7343,50.4256],[-125.7639,50.4571],[-125.8017,50.4734],[-125.9092,50.4583],[-125.9334,50.4415],[-125.966,50.4424]]],[[[-125.7853,50.4011],[-125.7796,50.3827],[-125.7436,50.3767],[-125.6885,50.3848],[-125.596,50.385],[-125.5519,50.4],[-125.4994,50.4071],[-125.521,50.4458],[-125.6002,50.4367],[-125.6569,50.4131],[-125.6971,50.4067],[-125.7243,50.4143],[-125.7853,50.4011]]],[[[-127.1042,50.6733],[-127.157,50.6465],[-127.1325,50.6286],[-127.0292,50.6381],[-127.0164,50.6216],[-126.9578,50.6282],[-126.8874,50.6199],[-126.8516,50.633],[-126.8701,50.656],[-126.9027,50.6648],[-126.9304,50.6545],[-126.9684,50.6639],[-127.0265,50.6566],[-127.0567,50.6708],[-127.1042,50.6733]]],[[[-125.8883,49.2415],[-125.9296,49.2043],[-125.8925,49.1739],[-125.8868,49.2142],[-125.8448,49.2112],[-125.8673,49.1811],[-125.8574,49.1396],[-125.8188,49.1244],[-125.799,49.1402],[-125.7967,49.1971],[-125.7672,49.2022],[-125.7811,49.2337],[-125.8883,49.2415]]],[[[-128.5103,52.8834],[-128.5269,52.7913],[-128.5374,52.7789],[-128.5447,52.7101],[-128.5251,52.6439],[-128.5059,52.642],[-128.4756,52.7061],[-128.4909,52.7722],[-128.4718,52.7684],[-128.4529,52.8079],[-128.4659,52.8435],[-128.5103,52.8834]]],[[[-130.629,54.7745],[-130.6441,54.7616],[-130.5935,54.7238],[-130.5312,54.7014],[-130.4791,54.7045],[-130.436,54.7571],[-130.4444,54.7774],[-130.495,54.8254],[-130.5871,54.7709],[-130.629,54.7745]]],[[[-128.3995,52.4582],[-128.429,52.4062],[-128.4532,52.3846],[-128.4538,52.3616],[-128.3799,52.3646],[-128.3386,52.3928],[-128.3309,52.41],[-128.2886,52.4165],[-128.267,52.4554],[-128.2868,52.4763],[-128.3457,52.4727],[-128.3995,52.4582]]],[[[-128.1076,52.4381],[-128.1192,52.4064],[-128.155,52.3683],[-128.1738,52.3291],[-128.2016,52.3055],[-128.203,52.2812],[-128.1618,52.2731],[-128.1191,52.2997],[-128.0466,52.3207],[-128.0798,52.4106],[-128.1076,52.4381]]],[[[-124.7411,50.3079],[-124.7839,50.2855],[-124.8142,50.2338],[-124.7552,50.2102],[-124.7097,50.162],[-124.6696,50.1844],[-124.6426,50.2341],[-124.6605,50.2693],[-124.7011,50.2967],[-124.7411,50.3079]]],[[[-124.1365,49.76],[-124.1719,49.72],[-124.2027,49.7121],[-124.198,49.6888],[-124.1623,49.6615],[-124.086,49.6529],[-124.0809,49.7],[-124.0508,49.7225],[-124.0604,49.7409],[-124.0244,49.7613],[-124.0208,49.783],[-124.0926,49.7728],[-124.1365,49.76]]],[[[-125.4868,50.4288],[-125.4892,50.3976],[-125.5094,50.3708],[-125.4876,50.3523],[-125.4521,50.3482],[-125.3876,50.3646],[-125.3328,50.4126],[-125.3225,50.4431],[-125.3508,50.4593],[-125.3933,50.4604],[-125.4267,50.441],[-125.4868,50.4288]]],[[[-127.9825,52.3017],[-128.0198,52.2459],[-128.0957,52.2039],[-128.0335,52.1752],[-127.9869,52.1765],[-127.9148,52.1644],[-127.9066,52.1988],[-127.9157,52.2456],[-127.9546,52.2953],[-127.9825,52.3017]]],[[[-128.1161,52.1593],[-128.1352,52.148],[-128.101,52.0898],[-128.0424,52.079],[-127.9962,52.0858],[-127.9425,52.0758],[-127.9184,52.1198],[-127.8903,52.1265],[-127.884,52.1553],[-128.0035,52.1697],[-128.0438,52.1576],[-128.1161,52.1593]]],[[[-131.1146,52.1518],[-131.1322,52.0999],[-131.1282,52.0725],[-131.0811,52.0389],[-131.0892,51.9834],[-131.0682,51.9657],[-131.0197,51.9728],[-131.0308,51.9971],[-130.9771,52.0111],[-131.0319,52.0336],[-131.0413,52.0563],[-130.9923,52.0584],[-130.9397,52.0775],[-130.9366,52.0935],[-130.9926,52.1016],[-131.0465,52.1183],[-131.0558,52.1498],[-131.1146,52.1518]]],[[[-125.0005,50.239],[-125.0042,50.2179],[-124.9737,50.1982],[-124.9841,50.1741],[-125.0572,50.1283],[-125.0656,50.1128],[-125.036,50.0962],[-124.9813,50.0997],[-124.9978,50.0505],[-124.9936,50.0156],[-124.926,50.0642],[-124.8823,50.0639],[-124.9042,50.096],[-124.8956,50.1409],[-124.9262,50.1787],[-125.0005,50.239]]],[[[-126.9192,50.8325],[-126.8361,50.7783],[-126.7746,50.7676],[-126.7398,50.7816],[-126.6636,50.7904],[-126.5377,50.7819],[-126.572,50.826],[-126.6388,50.839],[-126.7701,50.8431],[-126.8123,50.8373],[-126.9192,50.8325]]],[[[-128.1584,52.2083],[-128.1689,52.193],[-128.24,52.1827],[-128.2656,52.1446],[-128.2721,52.0986],[-128.2366,52.086],[-128.252,52.0309],[-128.2382,52.0178],[-128.1874,52.0099],[-128.182,52.042],[-128.1344,52.0868],[-128.1458,52.117],[-128.134,52.1967],[-128.1584,52.2083]]],[[[-130.8637,54.6071],[-130.8882,54.632],[-130.9275,54.6209],[-130.9482,54.5646],[-130.9714,54.5507],[-130.9726,54.5099],[-130.9497,54.4691],[-130.8754,54.4942],[-130.7601,54.5682],[-130.7523,54.6047],[-130.7685,54.6235],[-130.8637,54.6071]]],[[[-126.6778,50.5501],[-126.639,50.5424],[-126.6094,50.5239],[-126.5451,50.5266],[-126.5014,50.5163],[-126.4213,50.5141],[-126.3964,50.5279],[-126.3623,50.5198],[-126.3189,50.5242],[-126.2211,50.5474],[-126.2075,50.5771],[-126.2406,50.5795],[-126.2953,50.6116],[-126.3183,50.592],[-126.3554,50.5835],[-126.3968,50.5866],[-126.4709,50.5592],[-126.5851,50.5457],[-126.6778,50.5501]]],[[[-126.2274,49.3928],[-126.2408,49.3325],[-126.2158,49.2983],[-126.2287,49.2879],[-126.1889,49.2623],[-126.1406,49.2729],[-126.1009,49.2518],[-126.047,49.2705],[-126.0813,49.3087],[-126.075,49.3258],[-126.0852,49.3715],[-126.1084,49.3943],[-126.1519,49.3929],[-126.1813,49.3756],[-126.2274,49.3928]]],[[[-128.3438,52.7843],[-128.3318,52.7726],[-128.3296,52.73],[-128.3102,52.7152],[-128.2711,52.6726],[-128.2922,52.6179],[-128.2912,52.5892],[-128.2498,52.6007],[-128.2086,52.6877],[-128.1663,52.738],[-128.1457,52.8257],[-128.1765,52.8302],[-128.2203,52.7877],[-128.3163,52.7798],[-128.3438,52.7843]]],[[[-129.534,53.185],[-129.5597,53.1718],[-129.5634,53.141],[-129.5221,53.1326],[-129.4985,53.0884],[-129.472,53.0603],[-129.4356,53.0403],[-129.432,53.0173],[-129.3707,52.9753],[-129.3223,52.9608],[-129.3023,52.9787],[-129.3165,53.0476],[-129.3877,53.088],[-129.418,53.1269],[-129.4509,53.1458],[-129.4864,53.1905],[-129.534,53.185]]],[[[-125.2819,50.4447],[-125.335,50.3801],[-125.3219,50.3499],[-125.3711,50.3549],[-125.4062,50.3371],[-125.407,50.3084],[-125.3713,50.2892],[-125.3383,50.3063],[-125.2418,50.3184],[-125.2211,50.2988],[-125.1329,50.3349],[-125.1808,50.3886],[-125.2819,50.4447]]],[[[-128.7649,52.4726],[-128.7723,52.4179],[-128.757,52.3764],[-128.7352,52.3561],[-128.7307,52.3121],[-128.6874,52.2847],[-128.6306,52.3059],[-128.6161,52.3648],[-128.6312,52.4153],[-128.6197,52.4463],[-128.6566,52.4771],[-128.6893,52.486],[-128.7649,52.4726]]],[[[-131.69,52.7327],[-131.7194,52.6979],[-131.6557,52.6598],[-131.6627,52.639],[-131.6064,52.5835],[-131.5833,52.5801],[-131.5463,52.5987],[-131.5956,52.6411],[-131.564,52.6467],[-131.5199,52.6164],[-131.4636,52.625],[-131.4634,52.6748],[-131.4417,52.7043],[-131.4884,52.7385],[-131.5254,52.727],[-131.555,52.7005],[-131.5782,52.7257],[-131.69,52.7327]]],[[[-124.9193,50.3048],[-124.9773,50.2593],[-124.9807,50.2478],[-124.9408,50.2019],[-124.8816,50.1666],[-124.862,50.124],[-124.8098,50.1138],[-124.799,50.1341],[-124.7511,50.1593],[-124.7626,50.1906],[-124.8178,50.2137],[-124.8258,50.2462],[-124.7897,50.2832],[-124.8547,50.2857],[-124.9193,50.3048]]],[[[-123.5949,48.9448],[-123.59,48.8959],[-123.5479,48.8674],[-123.5706,48.85],[-123.5723,48.8233],[-123.5341,48.7989],[-123.5626,48.7599],[-123.4916,48.7137],[-123.4258,48.7329],[-123.4483,48.7562],[-123.3838,48.7557],[-123.3666,48.7748],[-123.3924,48.7974],[-123.4237,48.8053],[-123.4899,48.8549],[-123.4634,48.8699],[-123.5304,48.9145],[-123.5949,48.9448]]],[[[-129.023,53.5302],[-129.0656,53.492],[-129.0535,53.4484],[-129.1112,53.4041],[-129.1529,53.338],[-129.1251,53.3125],[-129.0581,53.3329],[-128.9959,53.3365],[-128.9558,53.3129],[-128.9287,53.3267],[-128.9205,53.3974],[-128.9895,53.4686],[-129.0056,53.5301],[-129.023,53.5302]]],[[[-130.201,55.0302],[-130.2298,55.0103],[-130.2739,54.9548],[-130.3465,54.9044],[-130.3909,54.8866],[-130.4578,54.8412],[-130.4888,54.8293],[-130.4223,54.7684],[-130.276,54.8337],[-130.2254,54.8895],[-130.1538,54.9564],[-130.158,54.986],[-130.201,55.0302]]],[[[-129.2736,53.3262],[-129.286,53.322],[-129.2562,53.2694],[-129.345,53.2072],[-129.3415,53.1346],[-129.3265,53.1122],[-129.2635,53.0901],[-129.226,53.0907],[-129.19,53.1063],[-129.152,53.0979],[-129.1403,53.1186],[-129.1725,53.1551],[-129.1674,53.2003],[-129.1496,53.2058],[-129.1744,53.2439],[-129.1723,53.2844],[-129.2219,53.314],[-129.2736,53.3262]]],[[[-128.3901,52.8051],[-128.4512,52.7524],[-128.4294,52.7231],[-128.4494,52.6307],[-128.4367,52.5487],[-128.3524,52.5296],[-128.2921,52.5253],[-128.2934,52.6175],[-128.3026,52.6345],[-128.2878,52.6785],[-128.3155,52.718],[-128.3465,52.7388],[-128.3566,52.7546],[-128.3525,52.7852],[-128.3901,52.8051]]],[[[-131.927,53.0156],[-131.8934,52.9335],[-131.8201,52.8672],[-131.7946,52.8865],[-131.6952,52.8738],[-131.6585,52.8894],[-131.6227,52.93],[-131.6423,52.944],[-131.6057,52.963],[-131.6628,52.9994],[-131.7547,53.0098],[-131.7818,53.0288],[-131.8329,53.0388],[-131.8781,53.0384],[-131.927,53.0156]]],[[[-125.3805,50.2794],[-125.3451,50.2599],[-125.3702,50.2445],[-125.3492,50.1992],[-125.3251,50.1777],[-125.3517,50.1435],[-125.3149,50.1325],[-125.2586,50.0923],[-125.2149,50.0812],[-125.2356,50.0581],[-125.1969,50.0234],[-125.1864,49.9949],[-125.1476,50.0103],[-125.164,50.0308],[-125.1767,50.0818],[-125.2166,50.1026],[-125.2236,50.1247],[-125.192,50.1362],[-125.1412,50.2023],[-125.1641,50.2321],[-125.2399,50.2732],[-125.2224,50.2905],[-125.2518,50.3085],[-125.3033,50.2914],[-125.3805,50.2794]]],[[[-130.3118,53.7968],[-130.3005,53.7583],[-130.3533,53.7314],[-130.4093,53.6747],[-130.3329,53.6176],[-130.2276,53.5942],[-130.1543,53.5681],[-130.1004,53.5842],[-130.1234,53.6475],[-130.122,53.6929],[-130.1578,53.7096],[-130.2079,53.7109],[-130.2312,53.7256],[-130.2207,53.7603],[-130.2421,53.7925],[-130.3118,53.7968]]],[[[-128.5493,52.6775],[-128.5799,52.6275],[-128.5828,52.5988],[-128.6689,52.6071],[-128.7502,52.5955],[-128.7524,52.5613],[-128.7199,52.5564],[-128.7099,52.5364],[-128.7412,52.5144],[-128.8077,52.5527],[-128.8206,52.518],[-128.7642,52.4849],[-128.7041,52.4972],[-128.6726,52.4921],[-128.626,52.4691],[-128.5213,52.4316],[-128.4808,52.4469],[-128.4663,52.4737],[-128.5182,52.5726],[-128.5398,52.6634],[-128.5493,52.6775]]],[[[-124.633,49.8001],[-124.6231,49.7674],[-124.6392,49.7464],[-124.6203,49.7218],[-124.521,49.691],[-124.4992,49.6716],[-124.4393,49.6396],[-124.4361,49.6202],[-124.2975,49.5657],[-124.222,49.5275],[-124.1955,49.5221],[-124.1415,49.4887],[-124.1243,49.4953],[-124.1481,49.5371],[-124.2232,49.5908],[-124.2577,49.6088],[-124.3259,49.6676],[-124.3565,49.7081],[-124.3996,49.7223],[-124.4987,49.7375],[-124.555,49.7582],[-124.5926,49.7843],[-124.633,49.8001]]],[[[-128.0998,51.6879],[-128.1408,51.6626],[-128.1512,51.6029],[-128.1231,51.5791],[-128.0871,51.4804],[-128.0375,51.4631],[-128.0045,51.4763],[-127.9566,51.4571],[-127.9384,51.4269],[-127.8985,51.4205],[-127.8764,51.4494],[-127.8864,51.4954],[-127.9168,51.5269],[-127.8952,51.5698],[-127.915,51.6086],[-127.9552,51.6462],[-128.0982,51.6562],[-128.0998,51.6879]]],[[[-128.1097,52.0712],[-128.1565,52.0396],[-128.1632,52.0039],[-128.2045,51.9644],[-128.1923,51.9131],[-128.2126,51.8954],[-128.2506,51.8899],[-128.2331,51.8635],[-128.2014,51.86],[-128.1154,51.8793],[-128.1274,51.8573],[-128.11,51.8388],[-128.1335,51.8082],[-128.0758,51.7874],[-128.0179,51.8621],[-128.0014,51.8984],[-127.9793,51.9105],[-127.9545,51.9693],[-127.9489,52.0126],[-127.9599,52.0248],[-127.9507,52.0639],[-127.9964,52.0757],[-128.0885,52.0473],[-128.1097,52.0712]]],[[[-129.088,53.673],[-129.176,53.6268],[-129.1832,53.5978],[-129.1708,53.5482],[-129.1789,53.5023],[-129.1736,53.4441],[-129.1809,53.417],[-129.1493,53.4149],[-129.0807,53.4548],[-129.103,53.4925],[-129.0615,53.5293],[-128.9948,53.5693],[-128.9492,53.573],[-128.8945,53.5584],[-128.8946,53.5817],[-128.8722,53.6338],[-128.8829,53.6625],[-128.8364,53.6882],[-128.8366,53.712],[-128.8774,53.7167],[-128.9085,53.6985],[-128.9681,53.7068],[-129.0667,53.6708],[-129.088,53.673]]],[[[-126.4185,50.8077],[-126.5098,50.7451],[-126.5457,50.7424],[-126.5643,50.7162],[-126.6033,50.7],[-126.5948,50.6558],[-126.5588,50.6445],[-126.5205,50.6499],[-126.4915,50.6375],[-126.4149,50.6596],[-126.325,50.645],[-126.2684,50.6552],[-126.2583,50.6986],[-126.2304,50.7248],[-126.1962,50.7272],[-126.1562,50.7564],[-126.213,50.7702],[-126.2299,50.791],[-126.2288,50.8222],[-126.3441,50.8248],[-126.4185,50.8077]]],[[[-129.2904,52.8219],[-129.2787,52.7924],[-129.3031,52.7785],[-129.3034,52.756],[-129.2757,52.7355],[-129.2694,52.7094],[-129.2282,52.6724],[-129.2128,52.6297],[-129.1771,52.6062],[-129.1311,52.6026],[-129.1456,52.5736],[-129.1247,52.5491],[-129.0976,52.5454],[-129.0823,52.5229],[-129.0091,52.5106],[-128.9743,52.4539],[-128.9435,52.4852],[-128.9355,52.5188],[-128.9423,52.5625],[-128.9275,52.606],[-129.0065,52.6695],[-129.0399,52.6806],[-129.113,52.7429],[-129.1453,52.7544],[-129.2149,52.7999],[-129.2753,52.8272],[-129.2904,52.8219]]],[[[-130.6566,53.8363],[-130.6158,53.8452],[-130.6157,53.8618],[-130.699,53.8928],[-130.6796,53.9328],[-130.6112,53.9489],[-130.5514,53.8978],[-130.4724,53.8922],[-130.5107,53.865],[-130.5035,53.8375],[-130.4398,53.8482],[-130.4011,53.8251],[-130.3437,53.8277],[-130.3347,53.8798],[-130.2795,53.9018],[-130.2596,53.9332],[-130.231,53.9521],[-130.2408,53.9861],[-130.3264,54.0603],[-130.3786,54.0873],[-130.4156,54.0895],[-130.5591,54.0522],[-130.5614,54.0328],[-130.6022,54.0329],[-130.628,54.0073],[-130.6642,53.9941],[-130.6899,53.955],[-130.7226,53.9399],[-130.7321,53.9102],[-130.7112,53.8978],[-130.7219,53.869],[-130.7068,53.8472],[-130.6566,53.8363]]],[[[-126.9592,49.8373],[-126.913,49.7878],[-126.8773,49.7795],[-126.8633,49.7626],[-126.9212,49.7575],[-126.9541,49.7241],[-126.9338,49.719],[-126.9011,49.6778],[-126.8403,49.6569],[-126.8263,49.6183],[-126.7765,49.6053],[-126.7172,49.6038],[-126.6708,49.5806],[-126.6135,49.5974],[-126.6259,49.6421],[-126.6181,49.6769],[-126.65,49.7241],[-126.6329,49.7477],[-126.6572,49.7898],[-126.6713,49.8559],[-126.7485,49.8531],[-126.7717,49.8778],[-126.8061,49.8807],[-126.9242,49.8295],[-126.9592,49.8373]]],[[[-127.3701,52.4046],[-127.3898,52.3867],[-127.4419,52.3774],[-127.4505,52.3332],[-127.493,52.311],[-127.5318,52.3087],[-127.6135,52.2696],[-127.6684,52.267],[-127.7536,52.2435],[-127.8442,52.1679],[-127.8593,52.0942],[-127.8896,52.0663],[-127.9015,52.0033],[-127.888,51.962],[-127.8981,51.9338],[-127.8441,51.9378],[-127.8183,51.9522],[-127.7437,51.9692],[-127.7139,51.9645],[-127.6959,51.9882],[-127.6962,52.0381],[-127.668,52.0742],[-127.6613,52.111],[-127.641,52.1342],[-127.5722,52.1531],[-127.5675,52.1854],[-127.5176,52.1843],[-127.4928,52.213],[-127.457,52.2166],[-127.4382,52.2416],[-127.3769,52.2481],[-127.3479,52.265],[-127.3185,52.2622],[-127.2419,52.3035],[-127.206,52.3614],[-127.2337,52.3664],[-127.2497,52.3912],[-127.2306,52.4186],[-127.2757,52.4383],[-127.2964,52.4114],[-127.3701,52.4046]]],[[[-130.5401,53.6275],[-130.5481,53.5514],[-130.4875,53.534],[-130.4564,53.5071],[-130.4195,53.5157],[-130.4068,53.4905],[-130.4147,53.4668],[-130.3489,53.4231],[-130.3105,53.3876],[-130.2327,53.3748],[-130.2104,53.3545],[-130.1188,53.3242],[-130.0937,53.2874],[-130.0998,53.2722],[-130.0012,53.2154],[-129.9359,53.1678],[-129.8338,53.1872],[-129.8193,53.17],[-129.7824,53.166],[-129.7578,53.1956],[-129.7557,53.2186],[-129.8203,53.2986],[-129.9056,53.3918],[-129.9775,53.4425],[-130.0767,53.4923],[-130.1077,53.5145],[-130.1753,53.5379],[-130.2469,53.5699],[-130.3595,53.6014],[-130.3994,53.6183],[-130.4878,53.6327],[-130.5401,53.6275]]],[[[-129.8,53.4477],[-129.8473,53.4295],[-129.8326,53.3874],[-129.7796,53.3711],[-129.7322,53.3304],[-129.6995,53.3206],[-129.6626,53.2759],[-129.6065,53.2364],[-129.5638,53.2184],[-129.4995,53.217],[-129.4878,53.2295],[-129.5123,53.2583],[-129.4693,53.2937],[-129.4721,53.3521],[-129.4594,53.3829],[-129.4355,53.402],[-129.4519,53.4396],[-129.4877,53.4572],[-129.5711,53.5158],[-129.7062,53.5997],[-129.7399,53.639],[-129.825,53.71],[-129.9331,53.7649],[-129.9712,53.798],[-130.0224,53.8227],[-130.0438,53.844],[-130.0816,53.8542],[-130.1275,53.8894],[-130.168,53.8944],[-130.2026,53.9112],[-130.2872,53.8688],[-130.2901,53.8236],[-130.2107,53.8104],[-130.2059,53.7214],[-130.1509,53.7144],[-130.1019,53.6982],[-130.099,53.6683],[-130.0618,53.5979],[-130.0086,53.5648],[-129.9562,53.5785],[-129.9142,53.5697],[-129.8681,53.5178],[-129.8904,53.5139],[-129.9131,53.4662],[-129.8544,53.4482],[-129.8,53.4477]]],[[[-129.0861,53.2929],[-129.0897,53.2693],[-129.0485,53.2088],[-129.0925,53.1907],[-129.0822,53.097],[-129.1687,53.0558],[-129.1966,53.0208],[-129.1981,52.9516],[-129.1612,52.9241],[-129.1279,52.9222],[-129.1253,52.8822],[-129.137,52.8481],[-129.1133,52.7972],[-129.0668,52.7573],[-129.0626,52.7385],[-129.0024,52.699],[-128.945,52.6805],[-128.8944,52.6551],[-128.8348,52.6777],[-128.7969,52.6842],[-128.7651,52.7042],[-128.7913,52.7337],[-128.7176,52.8938],[-128.6773,52.9083],[-128.6811,52.9643],[-128.6542,52.9586],[-128.6558,52.9004],[-128.7069,52.8627],[-128.7269,52.828],[-128.7319,52.7929],[-128.7559,52.7664],[-128.7574,52.7263],[-128.7383,52.673],[-128.7542,52.654],[-128.7551,52.6003],[-128.6834,52.6105],[-128.5932,52.6084],[-128.5941,52.627],[-128.5698,52.686],[-128.5879,52.7304],[-128.5655,52.7343],[-128.5457,52.8002],[-128.5422,52.8775],[-128.5231,52.8986],[-128.5236,52.965],[-128.5393,53.0276],[-128.5631,53.057],[-128.5757,53.0937],[-128.6377,53.1569],[-128.6981,53.1655],[-128.8131,53.2271],[-128.8865,53.2715],[-128.898,53.2913],[-128.9657,53.2844],[-129.0363,53.308],[-129.0861,53.2929]]],[[[-132.5706,53.0967],[-132.5331,53.0472],[-132.4976,53.0273],[-132.4687,53.0355],[-132.4069,53.0253],[-132.344,53.0453],[-132.3078,53.0188],[-132.2724,53.0207],[-132.157,52.9781],[-132.2299,52.9605],[-132.3566,52.9475],[-132.3656,52.9291],[-132.3322,52.915],[-132.3227,52.8921],[-132.2614,52.8652],[-132.264,52.8403],[-132.2333,52.8008],[-132.1757,52.7814],[-132.1324,52.7442],[-132.1025,52.7568],[-132.1002,52.7846],[-132.0689,52.7865],[-132.063,52.8129],[-132.0918,52.8453],[-132.0726,52.8519],[-132.0396,52.8052],[-131.9502,52.773],[-131.9578,52.7543],[-132.0246,52.7711],[-132.1083,52.7348],[-132.0455,52.6844],[-131.9419,52.6382],[-131.8941,52.5781],[-131.8626,52.5761],[-131.7829,52.5117],[-131.6551,52.4734],[-131.6542,52.4561],[-131.6133,52.419],[-131.5691,52.4347],[-131.5353,52.4157],[-131.5911,52.3986],[-131.5997,52.3775],[-131.5583,52.3504],[-131.5334,52.3177],[-131.4815,52.2751],[-131.4431,52.2552],[-131.4298,52.2218],[-131.3906,52.1952],[-131.3226,52.1808],[-131.2593,52.121],[-131.2337,52.1305],[-131.1936,52.1214],[-131.1543,52.1276],[-131.1207,52.1663],[-131.0451,52.1633],[-131.0148,52.1814],[-131.0099,52.217],[-131.027,52.2317],[-131.0683,52.218],[-131.0929,52.2254],[-131.0839,52.2657],[-131.1264,52.2809],[-131.1393,52.3126],[-131.1761,52.3249],[-131.3,52.2865],[-131.3413,52.3047],[-131.3443,52.3362],[-131.363,52.3763],[-131.3928,52.3997],[-131.4266,52.408],[-131.4164,52.4578],[-131.4728,52.4774],[-131.4786,52.5062],[-131.5342,52.5144],[-131.5753,52.5369],[-131.6019,52.5206],[-131.6457,52.5384],[-131.6316,52.5759],[-131.6749,52.5808],[-131.7011,52.6121],[-131.6985,52.6391],[-131.7326,52.6843],[-131.7672,52.706],[-131.8322,52.7196],[-131.8038,52.7419],[-131.7773,52.8019],[-131.8136,52.7965],[-131.8512,52.8333],[-131.8521,52.8704],[-131.8889,52.8919],[-131.9022,52.954],[-131.9626,53.0156],[-131.9552,53.0372],[-132.0211,53.0446],[-132.0127,53.058],[-131.9205,53.0482],[-131.8877,53.0642],[-131.8481,53.0592],[-131.8056,53.068],[-131.7827,53.0556],[-131.6648,53.0413],[-131.6248,53.0583],[-131.6456,53.1092],[-131.6898,53.1106],[-131.7083,53.1484],[-131.7771,53.1585],[-131.7731,53.1975],[-131.8028,53.2306],[-131.912,53.2377],[-131.982,53.2011],[-132.014,53.1984],[-132.0442,53.1692],[-132.084,53.148],[-132.1288,53.1591],[-132.2323,53.1393],[-132.3021,53.1531],[-132.3938,53.1263],[-132.3887,53.108],[-132.4164,53.0992],[-132.5706,53.0967]]],[[[-133.0763,54.182],[-133.0515,54.1606],[-133.1,54.123],[-133.0963,54.1039],[-133.0503,54.0454],[-133.0788,54.0085],[-133.1188,54.0005],[-133.1135,53.9616],[-133.1341,53.9227],[-133.1543,53.9148],[-133.1395,53.8676],[-133.1096,53.8359],[-133.0814,53.826],[-133.1283,53.7979],[-133.1112,53.7754],[-133.0207,53.7667],[-132.9943,53.7471],[-132.9943,53.714],[-132.9306,53.7047],[-132.9506,53.6847],[-133.0007,53.6848],[-133.0045,53.667],[-132.9523,53.6627],[-132.9337,53.6239],[-132.9001,53.6019],[-132.9289,53.5906],[-132.9581,53.6057],[-133.0031,53.5899],[-132.955,53.5533],[-132.9243,53.5402],[-132.9135,53.5175],[-132.8455,53.5215],[-132.8485,53.5004],[-132.8891,53.499],[-132.8838,53.4667],[-132.8136,53.4817],[-132.7297,53.4909],[-132.7591,53.4559],[-132.6624,53.4445],[-132.6426,53.4251],[-132.5349,53.4161],[-132.5154,53.3777],[-132.4209,53.3408],[-132.412,53.3208],[-132.4833,53.3223],[-132.5409,53.3657],[-132.6242,53.3688],[-132.6923,53.3653],[-132.7206,53.3769],[-132.7253,53.3254],[-132.6329,53.3251],[-132.6283,53.2912],[-132.7072,53.2843],[-132.7172,53.2597],[-132.6691,53.2592],[-132.6195,53.2486],[-132.567,53.2192],[-132.5937,53.2044],[-132.557,53.1709],[-132.4588,53.1353],[-132.3976,53.1378],[-132.3606,53.1533],[-132.2995,53.1549],[-132.2264,53.1459],[-132.1335,53.1776],[-132.1369,53.1952],[-132.1929,53.1971],[-132.2534,53.1844],[-132.2461,53.218],[-132.1808,53.2427],[-132.1251,53.252],[-131.9917,53.2529],[-131.9659,53.3031],[-131.9261,53.3583],[-131.9339,53.3799],[-131.912,53.4318],[-131.9362,53.4888],[-131.9554,53.512],[-131.9249,53.563],[-131.935,53.6156],[-131.8742,53.7094],[-131.8847,53.7702],[-131.8626,53.8069],[-131.7594,53.9121],[-131.708,53.9773],[-131.678,54.053],[-131.6581,54.1553],[-131.72,54.1084],[-131.7908,54.0738],[-131.837,54.0689],[-131.8933,54.0469],[-131.9947,54.0285],[-132.1127,54.0312],[-132.1663,54.0405],[-132.1232,53.9672],[-132.1238,53.9283],[-132.0968,53.9086],[-132.0908,53.8817],[-132.1285,53.8086],[-132.1403,53.7489],[-132.1598,53.7134],[-132.2113,53.652],[-132.2485,53.6669],[-132.3184,53.6763],[-132.3462,53.6643],[-132.3172,53.6131],[-132.3586,53.6241],[-132.44,53.6118],[-132.4588,53.6184],[-132.3607,53.664],[-132.4276,53.6672],[-132.4783,53.6552],[-132.5787,53.6611],[-132.5927,53.6796],[-132.5373,53.6975],[-132.4829,53.7026],[-132.4318,53.7222],[-132.4078,53.7465],[-132.3591,53.7587],[-132.3237,53.7553],[-132.2596,53.7647],[-132.2245,53.7834],[-132.2035,53.8152],[-132.1293,53.8429],[-132.1057,53.8809],[-132.1527,53.9306],[-132.1444,53.9663],[-132.1882,54.0198],[-132.2505,54.0397],[-132.2383,54.0695],[-132.2918,54.1067],[-132.3611,54.1092],[-132.435,54.1007],[-132.4843,54.0657],[-132.5232,54.0615],[-132.5639,54.0389],[-132.5894,53.9796],[-132.661,53.9656],[-132.6831,53.9824],[-132.591,54.0246],[-132.5665,54.0527],[-132.5847,54.0723],[-132.5722,54.0937],[-132.5843,54.1212],[-132.6319,54.1342],[-132.6613,54.1534],[-132.7636,54.1326],[-132.8203,54.1274],[-132.9178,54.1483],[-132.9368,54.1662],[-132.9794,54.1656],[-133.026,54.1843],[-133.0763,54.182]]],[[[-126.7202,50.5248],[-126.8303,50.5502],[-126.902,50.5593],[-126.9681,50.5601],[-126.98,50.5805],[-127.1217,50.5892],[-127.1291,50.6132],[-127.1927,50.61],[-127.2582,50.6465],[-127.4241,50.7016],[-127.408,50.747],[-127.4828,50.7161],[-127.4911,50.7605],[-127.5222,50.7758],[-127.5973,50.7907],[-127.669,50.815],[-127.7808,50.8414],[-127.867,50.8537],[-127.9059,50.8748],[-127.9604,50.872],[-128.0091,50.8591],[-128.0675,50.8699],[-128.1131,50.8593],[-128.1245,50.8406],[-128.1772,50.8433],[-128.2115,50.834],[-128.2489,50.8034],[-128.3006,50.7954],[-128.3282,50.8058],[-128.4028,50.7768],[-128.4091,50.7419],[-128.3633,50.7019],[-128.3726,50.6749],[-128.3096,50.6653],[-128.3255,50.635],[-128.3035,50.6087],[-128.2396,50.5909],[-128.2406,50.5673],[-128.2069,50.5291],[-128.1767,50.5232],[-128.1132,50.4818],[-128.0816,50.4792],[-128.0587,50.4521],[-128.0295,50.4624],[-128.0545,50.4889],[-128.0295,50.5038],[-128.0097,50.4698],[-127.9688,50.4713],[-127.8423,50.5073],[-127.8389,50.4876],[-127.7981,50.4924],[-127.7075,50.5165],[-127.663,50.5331],[-127.5708,50.5344],[-127.5592,50.5541],[-127.6159,50.5806],[-127.7463,50.5883],[-127.707,50.6036],[-127.6511,50.6073],[-127.6014,50.5934],[-127.5542,50.5687],[-127.5097,50.5935],[-127.4776,50.5868],[-127.428,50.5972],[-127.4191,50.5826],[-127.5166,50.5728],[-127.5246,50.5491],[-127.5557,50.5536],[-127.5692,50.502],[-127.5385,50.4786],[-127.4818,50.4187],[-127.4974,50.3947],[-127.5332,50.4455],[-127.5833,50.49],[-127.6621,50.4838],[-127.6855,50.4906],[-127.7543,50.4762],[-127.7699,50.4828],[-127.8098,50.4571],[-127.8425,50.4704],[-127.8909,50.454],[-127.934,50.4596],[-127.9299,50.4194],[-127.9512,50.4095],[-127.9614,50.3663],[-127.9897,50.3449],[-127.9502,50.3193],[-127.8741,50.344],[-127.8574,50.2872],[-127.8005,50.2489],[-127.7871,50.2235],[-127.838,50.1692],[-127.918,50.1306],[-127.915,50.1129],[-127.8085,50.0797],[-127.7117,50.1313],[-127.6313,50.1626],[-127.6387,50.1366],[-127.62,50.1179],[-127.5762,50.1283],[-127.539,50.1263],[-127.4747,50.1818],[-127.4581,50.1641],[-127.5157,50.1326],[-127.4848,50.0928],[-127.4425,50.0642],[-127.4362,50.0441],[-127.3592,50.0287],[-127.328,50.0309],[-127.2672,50.0578],[-127.2884,50.071],[-127.2657,50.114],[-127.3063,50.1268],[-127.3072,50.1603],[-127.2301,50.1184],[-127.2001,50.0919],[-127.085,50.1111],[-127.1743,50.0735],[-127.1734,50.0026],[-127.2092,49.9924],[-127.2384,49.9631],[-127.224,49.9366],[-127.1842,49.9007],[-127.1684,49.8708],[-127.1366,49.8577],[-127.0946,49.8664],[-127.0142,49.8499],[-126.9915,49.8636],[-126.9412,49.8613],[-126.8262,49.8807],[-126.7807,49.8994],[-126.7531,49.8742],[-126.6865,49.8625],[-126.6536,49.8709],[-126.6506,49.8087],[-126.6136,49.7213],[-126.5857,49.6942],[-126.5553,49.6938],[-126.4965,49.7117],[-126.4999,49.6864],[-126.4697,49.677],[-126.4413,49.6529],[-126.383,49.6646],[-126.3389,49.6476],[-126.2681,49.6507],[-126.2276,49.6657],[-126.1628,49.6771],[-126.109,49.6795],[-126.0849,49.6581],[-126.1899,49.657],[-126.2815,49.6383],[-126.3395,49.6375],[-126.3747,49.6291],[-126.4022,49.6392],[-126.4839,49.6233],[-126.5265,49.5906],[-126.5652,49.5796],[-126.552,49.5207],[-126.571,49.4592],[-126.5555,49.4444],[-126.5649,49.4045],[-126.516,49.3784],[-126.4756,49.3827],[-126.4626,49.4069],[-126.4886,49.4311],[-126.4485,49.4692],[-126.4116,49.4718],[-126.4185,49.4422],[-126.408,49.4135],[-126.3507,49.4016],[-126.3319,49.3792],[-126.2807,49.3522],[-126.2569,49.3664],[-126.2529,49.4085],[-126.1894,49.3981],[-126.1228,49.4234],[-126.0711,49.4304],[-126.0587,49.4072],[-126.0591,49.3411],[-126.002,49.3201],[-125.9599,49.3587],[-125.9471,49.3207],[-125.9772,49.2939],[-126.0324,49.2846],[-126.0078,49.2412],[-125.9672,49.2285],[-125.9436,49.2418],[-125.9199,49.2772],[-125.839,49.2854],[-125.8004,49.2996],[-125.8135,49.2542],[-125.794,49.2392],[-125.7264,49.2593],[-125.7542,49.2204],[-125.7453,49.185],[-125.7815,49.1469],[-125.719,49.1493],[-125.688,49.1808],[-125.6546,49.1759],[-125.6694,49.1516],[-125.7215,49.1111],[-125.7379,49.0851],[-125.8076,49.12],[-125.843,49.1132],[-125.9134,49.1375],[-125.8797,49.0886],[-125.8278,49.0697],[-125.7617,49.0719],[-125.6942,49.0369],[-125.6697,48.9978],[-125.6425,49.0039],[-125.6169,48.9736],[-125.573,48.9403],[-125.5684,48.9712],[-125.5152,48.927],[-125.4848,48.9203],[-125.4591,48.9423],[-125.369,48.998],[-125.3566,49.0383],[-125.2905,49.0236],[-125.2928,48.9753],[-125.2427,48.9443],[-125.1914,48.9774],[-125.1945,49.0049],[-125.15,49.0105],[-125.1099,48.9733],[-125.0524,48.9976],[-125.0253,48.9848],[-124.9115,48.9849],[-124.8741,49.0109],[-124.8618,49.0405],[-124.8668,49.0656],[-124.8312,49.0882],[-124.8089,49.156],[-124.8371,49.2444],[-124.812,49.2412],[-124.8165,49.1841],[-124.7924,49.1596],[-124.7968,49.132],[-124.8352,49.0709],[-124.8387,49.0431],[-124.8592,49.004],[-124.9064,48.9732],[-124.9467,48.9771],[-124.9827,48.9632],[-124.9863,48.9417],[-125.0328,48.8835],[-125.0657,48.8848],[-125.1112,48.8512],[-125.1859,48.8088],[-125.1787,48.7879],[-125.1334,48.7727],[-125.1171,48.7318],[-125.0042,48.707],[-124.9531,48.7002],[-124.9109,48.6826],[-124.815,48.6615],[-124.7943,48.6398],[-124.7237,48.5976],[-124.6374,48.5715],[-124.4962,48.5431],[-124.4653,48.5613],[-124.4138,48.5766],[-124.4075,48.5563],[-124.4561,48.537],[-124.4399,48.5247],[-124.365,48.5087],[-124.3042,48.5024],[-124.2941,48.4877],[-124.2069,48.4574],[-124.0952,48.4352],[-123.9488,48.3955],[-123.9228,48.3772],[-123.8919,48.3824],[-123.8375,48.371],[-123.8229,48.3571],[-123.7624,48.3715],[-123.7262,48.3714],[-123.6771,48.3894],[-123.634,48.3888],[-123.634,48.3663],[-123.7017,48.3746],[-123.7168,48.3477],[-123.6705,48.3218],[-123.6379,48.3168],[-123.6078,48.334],[-123.5891,48.3112],[-123.5544,48.3351],[-123.5148,48.3839],[-123.4889,48.3933],[-123.47,48.419],[-123.431,48.4279],[-123.3765,48.4093],[-123.3227,48.4059],[-123.2912,48.4486],[-123.2648,48.4542],[-123.3647,48.5147],[-123.362,48.5583],[-123.3732,48.5906],[-123.3912,48.5944],[-123.4103,48.6283],[-123.3936,48.6462],[-123.4108,48.6894],[-123.4392,48.699],[-123.4762,48.6954],[-123.4719,48.6676],[-123.4459,48.6535],[-123.4799,48.6106],[-123.4657,48.5904],[-123.5077,48.5524],[-123.5233,48.5988],[-123.5185,48.6149],[-123.5531,48.6496],[-123.5315,48.6697],[-123.5349,48.6939],[-123.59,48.7354],[-123.6339,48.7433],[-123.5644,48.7809],[-123.5636,48.7992],[-123.6045,48.8028],[-123.5851,48.8284],[-123.5963,48.8499],[-123.6391,48.8643],[-123.6459,48.8825],[-123.7382,48.9378],[-123.756,48.9583],[-123.794,48.9729],[-123.7613,48.9892],[-123.7866,49.0186],[-123.7477,49.0419],[-123.7694,49.0585],[-123.8196,49.1361],[-123.8841,49.1419],[-123.9183,49.134],[-123.9234,49.162],[-123.9691,49.2065],[-123.948,49.2234],[-123.9812,49.2389],[-124.1093,49.2559],[-124.1689,49.2533],[-124.1571,49.2905],[-124.1852,49.3119],[-124.2156,49.3027],[-124.2616,49.3116],[-124.2863,49.3319],[-124.3172,49.3229],[-124.3642,49.3536],[-124.4157,49.3602],[-124.4629,49.3555],[-124.4832,49.3681],[-124.5735,49.3803],[-124.6324,49.4061],[-124.6849,49.4482],[-124.7202,49.4596],[-124.7937,49.4645],[-124.8151,49.4959],[-124.8723,49.5558],[-124.9096,49.6261],[-124.9696,49.6624],[-124.9457,49.6722],[-124.8976,49.6691],[-124.8598,49.7014],[-124.8883,49.7247],[-124.9283,49.7402],[-125.0077,49.7941],[-125.0334,49.8199],[-125.1133,49.8614],[-125.1145,49.8804],[-125.1837,49.9152],[-125.185,49.9422],[-125.2176,49.9722],[-125.2462,50.0389],[-125.2714,50.0693],[-125.291,50.0714],[-125.3246,50.1022],[-125.3734,50.1135],[-125.359,50.1321],[-125.397,50.246],[-125.4333,50.2882],[-125.4429,50.3211],[-125.4797,50.3287],[-125.5799,50.3682],[-125.6724,50.3656],[-125.7208,50.3565],[-125.7729,50.3626],[-125.8269,50.3845],[-125.8585,50.38],[-125.9452,50.3907],[-126.0195,50.4275],[-126.0863,50.4494],[-126.1595,50.455],[-126.2542,50.4734],[-126.3596,50.4834],[-126.4343,50.477],[-126.5393,50.4887],[-126.5882,50.4807],[-126.6184,50.4962],[-126.7202,50.5248]]],[[[-120,60],[-120.75,60],[-121.25,60],[-121.75,60],[-122.25,60],[-122.75,60],[-123.25,60],[-123.7893,60],[-124.5,60],[-125,60],[-125.5,60],[-126,60],[-126.5,60],[-127,60],[-127.75,60],[-128.5,60],[-129,60],[-129.75,60],[-130.25,60],[-130.75,60],[-131.5,60],[-132.25,60],[-132.75,60],[-133.25,60],[-133.75,60],[-134.25,60],[-134.75,60],[-135.25,60],[-136,60],[-136.5,60],[-137,60],[-137.75,60],[-138.25,60],[-139.0522,60],[-139.0421,59.9916],[-138.7908,59.923],[-138.7058,59.9062],[-138.6563,59.7992],[-138.6054,59.7577],[-138.2367,59.5701],[-137.878,59.3814],[-137.6021,59.2407],[-137.4993,58.9831],[-137.5267,58.9066],[-137.4466,58.9087],[-137.2884,58.9995],[-137.2366,59.0114],[-136.9996,59.0914],[-136.8247,59.1598],[-136.582,59.1655],[-136.4675,59.2846],[-136.4762,59.4642],[-136.3977,59.4472],[-136.3014,59.4658],[-136.2363,59.5267],[-136.2414,59.5591],[-136.3557,59.6007],[-136.1953,59.6388],[-135.9457,59.6636],[-135.479,59.7986],[-135.377,59.7429],[-135.2347,59.696],[-135.2218,59.6641],[-135.1545,59.6265],[-135.1175,59.6234],[-135.0277,59.5639],[-135.028,59.4763],[-135.0975,59.427],[-134.9892,59.3879],[-135.0302,59.3484],[-134.9589,59.2811],[-134.6993,59.2484],[-134.6779,59.1928],[-134.5698,59.1335],[-134.4848,59.1334],[-134.4449,59.0865],[-134.3854,59.0414],[-134.4076,58.9784],[-134.3123,58.9614],[-134.3374,58.9203],[-134.2564,58.8591],[-134.0026,58.7741],[-133.8413,58.7301],[-133.6995,58.6091],[-133.5042,58.4964],[-133.3818,58.4326],[-133.4613,58.3899],[-133.3541,58.2834],[-133.1724,58.1516],[-133.0695,58.0001],[-132.989,57.943],[-132.918,57.8795],[-132.8681,57.8446],[-132.7594,57.7075],[-132.6867,57.643],[-132.5636,57.5068],[-132.4243,57.3922],[-132.3696,57.3514],[-132.2446,57.212],[-132.3693,57.0914],[-132.0459,57.044],[-132.1211,56.8669],[-131.8708,56.8063],[-131.9018,56.7544],[-131.8575,56.7018],[-131.8336,56.5988],[-131.5818,56.6124],[-131.4674,56.5511],[-131.1642,56.4473],[-131.0872,56.4064],[-130.7814,56.3681],[-130.6562,56.2834],[-130.5855,56.2554],[-130.4651,56.2415],[-130.4197,56.1389],[-130.3315,56.1226],[-130.2412,56.0958],[-130.1037,56.122],[-130.0021,56.0066],[-130.0081,55.9251],[-129.9957,55.8991],[-130.0685,55.8182],[-130.1088,55.7976],[-130.1379,55.7513],[-130.1325,55.7174],[-130.0863,55.687],[-130.0916,55.6293],[-130.1051,55.619],[-130.1104,55.5663],[-130.075,55.5047],[-130.0241,55.4609],[-130.0159,55.381],[-129.9986,55.3324],[-129.968,55.3171],[-129.9437,55.2879],[-130.0087,55.2497],[-130.0755,55.2015],[-130.1296,55.1476],[-130.1359,55.12],[-130.1659,55.0797],[-130.1353,55.0498],[-130.114,54.9906],[-130.0937,54.9849],[-130.0341,55.03],[-130.0078,55.0828],[-129.901,55.1665],[-129.8878,55.2133],[-129.8159,55.2886],[-129.8342,55.3208],[-129.8129,55.3588],[-129.8401,55.3718],[-129.8395,55.3943],[-129.7819,55.4292],[-129.7674,55.4732],[-129.7994,55.5317],[-129.7737,55.5344],[-129.745,55.4803],[-129.7216,55.4611],[-129.7206,55.4342],[-129.6762,55.4399],[-129.6355,55.4577],[-129.5169,55.4512],[-129.4915,55.4777],[-129.457,55.4698],[-129.5043,55.4419],[-129.5582,55.4376],[-129.6313,55.4446],[-129.6645,55.432],[-129.6736,55.3937],[-129.7171,55.3517],[-129.7548,55.2811],[-129.8067,55.2687],[-129.8515,55.214],[-129.8598,55.1775],[-129.8878,55.1462],[-129.9527,55.1011],[-129.9895,55.055],[-130.0041,55.013],[-129.9434,54.9877],[-129.9107,54.9862],[-129.8744,55.0036],[-129.8168,55.0071],[-129.74,54.9994],[-129.6907,54.97],[-129.8396,54.982],[-129.8823,54.9444],[-129.9858,54.9138],[-130,54.9211],[-129.9495,54.9573],[-130.0118,54.9763],[-130.0504,54.9591],[-130.1766,54.8475],[-130.1366,54.8469],[-130.1,54.8707],[-130.0771,54.8594],[-130.108,54.8382],[-130.1694,54.8152],[-130.2084,54.7316],[-130.1966,54.7101],[-130.2679,54.7066],[-130.3496,54.6947],[-130.3694,54.6807],[-130.3918,54.6308],[-130.2916,54.5735],[-130.3043,54.5667],[-130.2151,54.4848],[-130.237,54.4758],[-130.2692,54.5017],[-130.3403,54.5811],[-130.3946,54.6209],[-130.4288,54.6362],[-130.4571,54.6201],[-130.416,54.588],[-130.4507,54.5295],[-130.4444,54.4901],[-130.3925,54.4544],[-130.4479,54.4571],[-130.4838,54.4388],[-130.4743,54.3901],[-130.4844,54.3743],[-130.4445,54.3365],[-130.3725,54.3194],[-130.2753,54.3394],[-130.2426,54.3016],[-130.2317,54.2681],[-130.2727,54.2422],[-130.2784,54.2041],[-130.1781,54.1787],[-130.1296,54.1484],[-130.0611,54.174],[-130.0224,54.17],[-129.9848,54.1967],[-129.9539,54.2006],[-129.8609,54.236],[-129.8088,54.2332],[-129.7533,54.2092],[-129.7764,54.1984],[-129.8532,54.2134],[-129.9534,54.1782],[-129.9295,54.1374],[-130.0535,54.1474],[-130.0841,54.113],[-130.1022,54.0636],[-130.0853,54.0237],[-130.1092,53.9484],[-130.0724,53.8917],[-130.0146,53.8548],[-129.8952,53.7676],[-129.8219,53.7322],[-129.7857,53.7059],[-129.7386,53.6987],[-129.7591,53.6788],[-129.7493,53.6561],[-129.6879,53.5976],[-129.647,53.5669],[-129.4461,53.454],[-129.384,53.4082],[-129.313,53.3717],[-129.291,53.3965],[-129.2603,53.4053],[-129.2344,53.4615],[-129.234,53.5186],[-129.2498,53.6037],[-129.2978,53.6299],[-129.2976,53.6499],[-129.2336,53.6309],[-129.192,53.6603],[-129.1376,53.6874],[-129.1277,53.7097],[-129.0311,53.7534],[-129.1009,53.7892],[-129.0667,53.8025],[-129.0467,53.7666],[-129.0116,53.7606],[-128.9627,53.7836],[-128.9808,53.8262],[-128.9427,53.8206],[-128.9513,53.7919],[-128.9276,53.7868],[-128.8734,53.8144],[-128.8472,53.8586],[-128.7924,53.8738],[-128.7895,53.9016],[-128.7306,53.9225],[-128.7029,53.963],[-128.6937,54.0008],[-128.6494,54.0044],[-128.6612,53.9438],[-128.7156,53.9009],[-128.7076,53.8767],[-128.5948,53.8434],[-128.5485,53.8511],[-128.4971,53.8478],[-128.4904,53.8224],[-128.5501,53.8358],[-128.6079,53.8324],[-128.6557,53.8541],[-128.6782,53.8528],[-128.7236,53.8139],[-128.785,53.79],[-128.8082,53.7699],[-128.8051,53.7434],[-128.7808,53.7119],[-128.8029,53.6716],[-128.8354,53.6495],[-128.8183,53.6108],[-128.7689,53.5688],[-128.7495,53.5401],[-128.7113,53.536],[-128.6868,53.502],[-128.6441,53.5022],[-128.5865,53.4768],[-128.5988,53.4597],[-128.545,53.4299],[-128.4779,53.4448],[-128.4444,53.4385],[-128.3854,53.4555],[-128.396,53.4827],[-128.3757,53.4989],[-128.3272,53.4907],[-128.3084,53.4751],[-128.2413,53.4683],[-128.1858,53.4791],[-128.1313,53.4721],[-128.0825,53.4332],[-128,53.3509],[-127.9277,53.33],[-127.9324,53.2757],[-127.8773,53.2506],[-127.9024,53.2394],[-127.9536,53.2679],[-127.9416,53.3209],[-128.0059,53.3397],[-128.0513,53.3689],[-128.1073,53.331],[-128.1195,53.3376],[-128.0739,53.3795],[-128.0983,53.4266],[-128.1769,53.4588],[-128.2795,53.4473],[-128.3414,53.4723],[-128.3735,53.4397],[-128.4043,53.4426],[-128.4358,53.4281],[-128.5391,53.407],[-128.638,53.4555],[-128.6572,53.4752],[-128.7311,53.4895],[-128.7556,53.4847],[-128.7786,53.5256],[-128.8144,53.5684],[-128.872,53.5293],[-128.9267,53.5335],[-128.9669,53.5502],[-128.9729,53.4963],[-128.9521,53.4655],[-128.9141,53.4464],[-128.8854,53.4111],[-128.8901,53.3127],[-128.8471,53.2677],[-128.7283,53.2021],[-128.6114,53.1643],[-128.5795,53.1286],[-128.5506,53.068],[-128.5124,53.0071],[-128.498,52.8834],[-128.4288,52.8152],[-128.4013,52.8252],[-128.3313,52.7979],[-128.2729,52.7969],[-128.2254,52.8065],[-128.1976,52.8413],[-128.16,52.86],[-128.1232,52.8321],[-128.1301,52.7703],[-128.113,52.7597],[-128.1352,52.7132],[-128.171,52.6763],[-128.1948,52.623],[-128.2481,52.5358],[-128.223,52.4844],[-128.2273,52.4532],[-128.2638,52.4062],[-128.3115,52.3991],[-128.3395,52.3718],[-128.3325,52.3347],[-128.3702,52.2932],[-128.3553,52.2661],[-128.2949,52.2559],[-128.2491,52.2982],[-128.2306,52.3271],[-128.1491,52.415],[-128.15,52.431],[-128.104,52.4755],[-128.0914,52.5208],[-128.1123,52.5457],[-128.1128,52.5962],[-128.0904,52.5982],[-128.0984,52.5503],[-128.0704,52.5113],[-128.0143,52.5293],[-128.0396,52.4661],[-128.0747,52.4594],[-128.0785,52.419],[-128.0351,52.3279],[-127.9777,52.3144],[-127.9324,52.3174],[-127.9259,52.2811],[-127.9008,52.2589],[-127.8985,52.2246],[-127.8546,52.2069],[-127.8189,52.2503],[-127.7796,52.2761],[-127.7169,52.272],[-127.6712,52.294],[-127.6352,52.2832],[-127.6085,52.2911],[-127.6063,52.3152],[-127.4886,52.3382],[-127.4822,52.3756],[-127.4372,52.4127],[-127.4859,52.4513],[-127.5364,52.5209],[-127.4142,52.419],[-127.3457,52.4175],[-127.307,52.4534],[-127.262,52.4735],[-127.2675,52.5168],[-127.2553,52.5428],[-127.2154,52.5677],[-127.1342,52.5938],[-127.1171,52.6169],[-127.0373,52.6434],[-127.032,52.6647],[-126.9658,52.7202],[-127.0023,52.7644],[-126.9872,52.7929],[-126.9966,52.8138],[-127.075,52.8648],[-127.038,52.8635],[-127.0153,52.841],[-126.9789,52.842],[-126.9824,52.8152],[-126.954,52.8039],[-126.9583,52.7674],[-126.9415,52.7364],[-126.9158,52.7222],[-126.93,52.7023],[-126.9756,52.6778],[-126.9899,52.6283],[-127.0379,52.6284],[-127.0998,52.6057],[-127.1173,52.578],[-127.1561,52.5717],[-127.1918,52.5416],[-127.2299,52.5355],[-127.2377,52.5138],[-127.2202,52.4871],[-127.242,52.4502],[-127.201,52.4383],[-127.1881,52.4183],[-127.21,52.3951],[-127.1597,52.3421],[-127.1099,52.3341],[-126.9809,52.3355],[-126.9589,52.3656],[-126.8942,52.3737],[-126.7968,52.4],[-126.8048,52.3764],[-126.8821,52.3618],[-126.9454,52.3177],[-126.9654,52.3121],[-126.9161,52.2523],[-126.9006,52.1968],[-126.8154,52.1611],[-126.7507,52.1143],[-126.7198,52.0754],[-126.6728,52.0426],[-126.6867,52.019],[-126.7353,52.0572],[-126.7657,52.0914],[-126.8382,52.149],[-126.9271,52.1886],[-126.958,52.263],[-127.0062,52.3013],[-127.0325,52.3106],[-127.0845,52.2984],[-127.1529,52.317],[-127.2054,52.2932],[-127.2125,52.2733],[-127.2579,52.261],[-127.2976,52.2324],[-127.3395,52.2334],[-127.3997,52.2175],[-127.4266,52.1886],[-127.4581,52.1917],[-127.4544,52.1595],[-127.4376,52.1397],[-127.4324,52.1017],[-127.4678,52.077],[-127.5542,52.0898],[-127.5546,52.1053],[-127.4746,52.0999],[-127.4636,52.1269],[-127.4916,52.1574],[-127.5264,52.1562],[-127.5442,52.1306],[-127.6073,52.1181],[-127.6553,52.0295],[-127.6515,52.0056],[-127.6681,51.9642],[-127.7041,51.9411],[-127.7474,51.951],[-127.8091,51.9346],[-127.8824,51.897],[-127.8625,51.8663],[-127.8681,51.8446],[-127.8962,51.8197],[-127.8729,51.7571],[-127.8915,51.7152],[-127.877,51.6696],[-127.824,51.6379],[-127.7269,51.6282],[-127.7236,51.6152],[-127.7958,51.5957],[-127.7872,51.556],[-127.7969,51.5292],[-127.7299,51.5219],[-127.6961,51.5368],[-127.6617,51.5168],[-127.5954,51.5661],[-127.5595,51.6082],[-127.5481,51.6381],[-127.4845,51.6464],[-127.452,51.6705],[-127.3354,51.6927],[-127.2622,51.685],[-127.2657,51.6667],[-127.385,51.6559],[-127.4156,51.6353],[-127.441,51.6398],[-127.5077,51.6202],[-127.5213,51.5788],[-127.5211,51.5135],[-127.5632,51.4998],[-127.5634,51.4776],[-127.6339,51.4304],[-127.6552,51.3948],[-127.7202,51.4012],[-127.7547,51.3696],[-127.7908,51.3588],[-127.7745,51.3204],[-127.6888,51.3373],[-127.6533,51.3331],[-127.5245,51.3424],[-127.4939,51.3154],[-127.3563,51.3088],[-127.3257,51.3002],[-127.2151,51.3176],[-127.1852,51.339],[-127.1284,51.3324],[-127.205,51.3082],[-127.3049,51.2921],[-127.3877,51.2898],[-127.4226,51.2723],[-127.4691,51.2649],[-127.5808,51.262],[-127.6023,51.2837],[-127.677,51.2724],[-127.7116,51.2556],[-127.7667,51.2483],[-127.7859,51.2305],[-127.7779,51.1867],[-127.7218,51.1352],[-127.6797,51.1309],[-127.6572,51.087],[-127.5956,51.0899],[-127.5411,51.1029],[-127.5494,51.1319],[-127.4821,51.1413],[-127.4319,51.1345],[-127.2717,51.1383],[-127.255,51.1336],[-127.1307,51.1292],[-127.0915,51.186],[-127.0742,51.1669],[-127.1027,51.1524],[-127.1318,51.1194],[-127.2682,51.1275],[-127.3485,51.1246],[-127.4729,51.1284],[-127.5375,51.1161],[-127.4652,51.0936],[-127.4619,51.0855],[-127.3395,51.038],[-127.3107,51.0588],[-127.2252,51.0525],[-127.1558,51.0532],[-127.0496,51.0718],[-127.0157,51.0838],[-126.9493,51.0753],[-126.9174,51.086],[-126.8281,51.0758],[-126.7927,51.0818],[-126.7541,51.1157],[-126.6743,51.1546],[-126.6618,51.139],[-126.716,51.1202],[-126.7309,51.099],[-126.7693,51.0818],[-126.7661,51.0682],[-126.9688,51.0559],[-127.0167,51.0599],[-127.1422,51.0381],[-127.3028,51.0437],[-127.3236,51.0339],[-127.4085,51.0446],[-127.4087,51.0584],[-127.4831,51.0909],[-127.5065,51.0931],[-127.5233,51.0432],[-127.512,50.9928],[-127.4689,50.9754],[-127.4071,50.9257],[-127.3449,50.9196],[-127.3363,50.9054],[-127.2707,50.9132],[-127.1973,50.876],[-127.1598,50.873],[-127.0992,50.8493],[-127.0621,50.8202],[-127.0198,50.8175],[-126.9445,50.8503],[-126.8958,50.8858],[-126.9614,50.8951],[-126.9923,50.886],[-127.0448,50.8883],[-127.0575,50.9071],[-126.9091,50.8948],[-126.8676,50.9428],[-126.872,50.9511],[-126.8591,50.961],[-126.8525,50.947],[-126.8361,50.9483],[-126.8288,50.9586],[-126.8036,50.9547],[-126.797,51.0012],[-126.7849,50.9997],[-126.7916,50.9699],[-126.7818,50.9582],[-126.8116,50.9529],[-126.7695,50.927],[-126.8347,50.9151],[-126.758,50.8992],[-126.722,50.8735],[-126.6845,50.8727],[-126.6255,50.886],[-126.5602,50.9107],[-126.5114,50.9417],[-126.5478,51.012],[-126.5157,51.0379],[-126.4839,50.9622],[-126.3906,50.9317],[-126.3093,50.9339],[-126.2686,50.9258],[-126.1866,50.9267],[-126.1997,50.9054],[-126.2542,50.9058],[-126.3114,50.9171],[-126.4041,50.9163],[-126.4185,50.9045],[-126.4733,50.9259],[-126.5487,50.8976],[-126.5658,50.8331],[-126.4942,50.8258],[-126.4755,50.8138],[-126.4021,50.8283],[-126.3284,50.8507],[-126.2165,50.8325],[-126.1874,50.782],[-126.1106,50.7551],[-126.1286,50.7342],[-126.1931,50.7131],[-126.1977,50.6885],[-126.1824,50.6683],[-126.1234,50.6708],[-126.022,50.6961],[-125.9582,50.6852],[-125.8514,50.7024],[-125.8039,50.7023],[-125.7106,50.7175],[-125.7205,50.744],[-125.6832,50.7804],[-125.6519,50.7737],[-125.6521,50.8086],[-125.6815,50.8178],[-125.6847,50.8747],[-125.6467,50.8835],[-125.6396,50.9001],[-125.5681,50.9162],[-125.5448,50.9373],[-125.5915,50.9657],[-125.5784,50.9864],[-125.5933,51.0056],[-125.5909,51.0364],[-125.6344,51.0665],[-125.6376,51.093],[-125.5869,51.0945],[-125.543,51.0567],[-125.5368,50.9763],[-125.5051,50.9552],[-125.5042,50.932],[-125.5541,50.8666],[-125.6127,50.8743],[-125.647,50.852],[-125.634,50.8247],[-125.5909,50.7959],[-125.6159,50.7589],[-125.663,50.7519],[-125.6954,50.6917],[-125.833,50.6816],[-125.8853,50.664],[-126.0032,50.6678],[-126.1146,50.6431],[-126.1825,50.6466],[-126.2746,50.6303],[-126.2704,50.6023],[-126.24,50.5837],[-126.1896,50.5802],[-126.0774,50.6173],[-126.0274,50.6213],[-125.9746,50.6424],[-125.9469,50.6283],[-126.005,50.6111],[-126.0716,50.6],[-126.1904,50.5691],[-126.1954,50.5346],[-126.2563,50.5263],[-126.271,50.5077],[-126.1315,50.4833],[-126.084,50.485],[-126.0503,50.475],[-126.0161,50.4813],[-125.9643,50.4691],[-125.9304,50.4715],[-125.8427,50.4998],[-125.8281,50.5287],[-125.7702,50.5159],[-125.816,50.5006],[-125.7036,50.4221],[-125.6345,50.438],[-125.6173,50.4505],[-125.5497,50.5507],[-125.5679,50.5818],[-125.5528,50.5954],[-125.5588,50.629],[-125.5279,50.6739],[-125.4667,50.6895],[-125.4737,50.7112],[-125.4388,50.7181],[-125.4585,50.6738],[-125.5069,50.6689],[-125.5341,50.6174],[-125.5233,50.5478],[-125.5518,50.4988],[-125.5942,50.4542],[-125.5822,50.446],[-125.5159,50.4533],[-125.4747,50.4427],[-125.4362,50.4491],[-125.399,50.468],[-125.3572,50.535],[-125.3468,50.4776],[-125.2585,50.458],[-125.2077,50.4223],[-125.1684,50.4091],[-125.1136,50.4307],[-125.0976,50.4455],[-125.1128,50.4824],[-125.101,50.5013],[-125.0446,50.516],[-124.9906,50.5396],[-124.9892,50.5685],[-124.93,50.5893],[-124.8982,50.6357],[-124.9292,50.6715],[-124.9157,50.7035],[-124.8896,50.7318],[-124.947,50.7545],[-124.9443,50.7836],[-124.9817,50.7973],[-124.971,50.8222],[-124.9121,50.8366],[-124.8819,50.8859],[-124.8541,50.9013],[-124.8543,50.9303],[-124.8248,50.9314],[-124.7926,50.8906],[-124.8377,50.8725],[-124.864,50.8227],[-124.9149,50.8027],[-124.8952,50.7695],[-124.8647,50.7641],[-124.8322,50.7328],[-124.833,50.7129],[-124.8629,50.6899],[-124.8525,50.6656],[-124.8749,50.6249],[-124.8607,50.5985],[-124.8861,50.5609],[-124.9221,50.5507],[-124.9683,50.5016],[-125.0502,50.4809],[-125.0431,50.4519],[-125.0658,50.4102],[-125.0556,50.3692],[-125.0887,50.3554],[-125.0797,50.3255],[-125.0548,50.3154],[-124.9981,50.3445],[-124.9688,50.3783],[-124.9989,50.4458],[-124.9632,50.4295],[-124.9389,50.3805],[-124.9654,50.3453],[-124.9379,50.326],[-124.8984,50.3255],[-124.8363,50.31],[-124.805,50.3159],[-124.7121,50.3734],[-124.6616,50.437],[-124.6125,50.4193],[-124.5558,50.4195],[-124.5289,50.4362],[-124.4117,50.4671],[-124.4175,50.4382],[-124.5079,50.4173],[-124.523,50.3975],[-124.6361,50.4004],[-124.668,50.388],[-124.715,50.3223],[-124.6329,50.293],[-124.6156,50.2581],[-124.612,50.1871],[-124.6311,50.1614],[-124.696,50.1215],[-124.727,50.0857],[-124.7917,50.0615],[-124.7252,50.0431],[-124.7049,50.0074],[-124.7769,50.0394],[-124.8089,50.064],[-124.8377,50.0517],[-124.803,50.008],[-124.7628,49.9828],[-124.7522,49.9635],[-124.6333,49.9103],[-124.5563,49.8719],[-124.5305,49.8463],[-124.5266,49.8044],[-124.4722,49.7948],[-124.4498,49.7776],[-124.3967,49.7664],[-124.3683,49.7764],[-124.2976,49.7628],[-124.2709,49.7744],[-124.1305,49.7817],[-124.1018,49.7981],[-124.0915,49.8376],[-124.0484,49.8415],[-124.0774,49.8664],[-124.0315,49.8932],[-123.9939,49.8362],[-124.0057,49.8194],[-123.9705,49.8047],[-123.9309,49.8377],[-123.9037,49.8789],[-123.9612,49.9052],[-124.0097,49.9685],[-124.0085,49.9981],[-123.9651,50.0205],[-123.9374,50.0193],[-123.8421,50.0578],[-123.8033,50.0943],[-123.8322,50.1041],[-123.852,50.1342],[-123.9393,50.1659],[-123.9879,50.2083],[-123.8477,50.1596],[-123.8143,50.1433],[-123.7936,50.1171],[-123.7471,50.0966],[-123.7798,50.0728],[-123.7879,50.0477],[-123.8652,50.0286],[-123.9071,50.004],[-123.9566,49.9976],[-123.9764,49.9611],[-123.9616,49.9388],[-123.9246,49.9171],[-123.8935,49.9164],[-123.8682,49.8796],[-123.8731,49.8463],[-123.8952,49.8134],[-123.9231,49.7986],[-123.9367,49.7659],[-123.8925,49.7493],[-123.841,49.6864],[-123.8408,49.653],[-123.8083,49.6308],[-123.7287,49.6492],[-123.7357,49.6232],[-123.7901,49.6019],[-123.8418,49.6202],[-123.8641,49.6757],[-123.8884,49.6979],[-123.8869,49.7263],[-123.9296,49.7542],[-123.9721,49.7669],[-124.0367,49.7386],[-124.0355,49.7234],[-124.0667,49.6943],[-124.0748,49.6421],[-124.03,49.6278],[-124.0017,49.5553],[-123.9251,49.5132],[-123.9015,49.4801],[-123.8705,49.4678],[-123.743,49.4694],[-123.7232,49.4384],[-123.6841,49.4361],[-123.5339,49.3837],[-123.4824,49.4165],[-123.4679,49.4495],[-123.4869,49.474],[-123.4923,49.5188],[-123.4459,49.54],[-123.3091,49.5836],[-123.2654,49.5893],[-123.2526,49.6301],[-123.2567,49.6641],[-123.1833,49.6852],[-123.2373,49.5569],[-123.2612,49.5262],[-123.2495,49.5016],[-123.233,49.4249],[-123.2846,49.3588],[-123.2686,49.3334],[-123.2055,49.3401],[-123.115,49.3085],[-123.0915,49.3133],[-123.0394,49.2983],[-122.9856,49.3084],[-122.9562,49.3006],[-122.9351,49.3329],[-122.8942,49.3314],[-122.9663,49.2881],[-123.0471,49.2938],[-123.1228,49.2906],[-123.171,49.2717],[-123.2444,49.2798],[-123.2526,49.251],[-123.2007,49.2221],[-123.1309,49.1999],[-123.1434,49.1799],[-123.1972,49.1754],[-123.1965,49.1265],[-123.1436,49.1107],[-123.0737,49.1258],[-123.0812,49.0969],[-123.1221,49.0858],[-123.1492,49.0621],[-123.0992,49.0348],[-123.0909,49.0019],[-123.0353,49.0021],[-123.0565,49.0284],[-123.0085,49.0633],[-122.946,49.0736],[-122.8909,49.0915],[-122.8665,49.0894],[-122.8606,49.0632],[-122.8879,49.0568],[-122.8667,49.0244],[-122.816,49.0238],[-122.7579,49.0022],[-122.1168,49.0022],[-121.9959,49],[-121.75,49],[-121.2729,49],[-120.7486,49],[-120.37,49.0001],[-119.9181,49.0001],[-119.536,49],[-119.0085,49],[-118.5,49],[-118.0019,49.0004],[-117.2684,49],[-117.0152,49],[-116.5,49],[-116.0271,49],[-115.8181,49.0012],[-115.2403,49],[-114.7635,49],[-114.4106,49.0012],[-114.0683,48.9989],[-114.0538,49.0265],[-114.081,49.0597],[-114.1069,49.065],[-114.1531,49.0995],[-114.149,49.1437],[-114.1749,49.1636],[-114.2571,49.177],[-114.3105,49.192],[-114.3456,49.1936],[-114.4021,49.2133],[-114.3935,49.2572],[-114.4479,49.2644],[-114.4468,49.2884],[-114.4776,49.3124],[-114.4876,49.3473],[-114.523,49.3563],[-114.5366,49.3796],[-114.5669,49.3769],[-114.5984,49.4126],[-114.5947,49.5028],[-114.573,49.525],[-114.5736,49.5575],[-114.6201,49.5468],[-114.691,49.554],[-114.7326,49.5764],[-114.7465,49.6185],[-114.6628,49.6437],[-114.6684,49.7039],[-114.6331,49.7341],[-114.6591,49.7651],[-114.6361,49.7848],[-114.6399,49.8277],[-114.6918,49.8963],[-114.6937,49.9426],[-114.6833,49.9671],[-114.6574,49.9684],[-114.6548,49.9969],[-114.6664,50.0509],[-114.7333,50.1186],[-114.7247,50.1902],[-114.7702,50.25],[-114.7517,50.2753],[-114.7976,50.3261],[-114.7662,50.3507],[-114.8192,50.3691],[-114.8248,50.3933],[-114.8569,50.3925],[-114.873,50.4302],[-114.9122,50.4514],[-115.0137,50.5709],[-115.0853,50.5897],[-115.1175,50.5698],[-115.1736,50.5676],[-115.1909,50.5351],[-115.231,50.5449],[-115.2397,50.5892],[-115.2936,50.6111],[-115.2823,50.6632],[-115.3151,50.7258],[-115.3546,50.7227],[-115.3912,50.7065],[-115.4363,50.7557],[-115.4811,50.7552],[-115.4976,50.7823],[-115.5509,50.7971],[-115.5781,50.8405],[-115.643,50.8422],[-115.6489,50.8741],[-115.5926,50.8926],[-115.5842,50.9158],[-115.6098,50.9263],[-115.6146,50.9512],[-115.6488,50.9975],[-115.7038,51.0213],[-115.7268,51.0187],[-115.767,51.0394],[-115.7892,51.0724],[-115.8334,51.0759],[-115.8679,51.0893],[-115.9236,51.0831],[-115.9573,51.1152],[-116.0045,51.1247],[-116.0368,51.17],[-116,51.1939],[-116.0076,51.222],[-116.0493,51.2274],[-116.0652,51.2479],[-116.1117,51.2534],[-116.1591,51.2758],[-116.1641,51.2978],[-116.2191,51.2945],[-116.268,51.3119],[-116.29,51.3431],[-116.2773,51.3547],[-116.3114,51.385],[-116.2825,51.4068],[-116.2924,51.4618],[-116.3606,51.4709],[-116.3938,51.5057],[-116.3909,51.5456],[-116.4529,51.5605],[-116.4732,51.5827],[-116.4714,51.6047],[-116.4996,51.6234],[-116.595,51.6618],[-116.5812,51.6973],[-116.5985,51.7239],[-116.6312,51.7314],[-116.6503,51.7537],[-116.6431,51.7867],[-116.6821,51.8121],[-116.7155,51.7987],[-116.7442,51.8066],[-116.8186,51.7356],[-116.8097,51.7053],[-116.8873,51.703],[-116.9206,51.7098],[-116.9764,51.7602],[-116.964,51.795],[-116.989,51.8111],[-117.0343,51.8598],[-117.0195,51.8914],[-117.0977,51.9397],[-117.1032,51.9565],[-117.1972,51.9801],[-117.2684,52.0558],[-117.3051,52.0743],[-117.2986,52.0943],[-117.3173,52.194],[-117.334,52.1486],[-117.3813,52.1377],[-117.5002,52.1443],[-117.5231,52.1582],[-117.6113,52.1443],[-117.6293,52.1748],[-117.6635,52.1979],[-117.7413,52.203],[-117.8183,52.2264],[-117.8396,52.2741],[-117.7961,52.2925],[-117.778,52.3189],[-117.7529,52.3164],[-117.7058,52.3653],[-117.7665,52.4177],[-117.8869,52.4261],[-117.9668,52.4697],[-117.988,52.5002],[-118.0529,52.4496],[-118.0304,52.4381],[-118.0442,52.3985],[-118.138,52.4075],[-118.2128,52.3703],[-118.2209,52.3976],[-118.2444,52.408],[-118.2553,52.4495],[-118.1934,52.4778],[-118.2355,52.4902],[-118.2891,52.5385],[-118.2728,52.566],[-118.3326,52.5802],[-118.3336,52.6062],[-118.3545,52.6337],[-118.301,52.6541],[-118.2901,52.6777],[-118.3433,52.7089],[-118.3428,52.7386],[-118.4224,52.7758],[-118.3996,52.8245],[-118.4032,52.8508],[-118.4445,52.8522],[-118.4483,52.8853],[-118.5001,52.9064],[-118.5438,52.9085],[-118.5872,52.8822],[-118.6138,52.8837],[-118.6134,52.936],[-118.6602,52.9639],[-118.6698,52.9834],[-118.6408,52.9993],[-118.6553,53.0348],[-118.7591,53.0658],[-118.7323,53.1192],[-118.7725,53.133],[-118.7865,53.1592],[-118.916,53.2118],[-118.9474,53.2389],[-119.0238,53.232],[-118.9994,53.1928],[-119.0469,53.1449],[-119.0885,53.1655],[-119.1195,53.1618],[-119.146,53.1912],[-119.2327,53.1818],[-119.3405,53.2871],[-119.3559,53.3401],[-119.4061,53.3681],[-119.4592,53.3572],[-119.5175,53.3701],[-119.5983,53.3657],[-119.6689,53.3678],[-119.6954,53.3906],[-119.7254,53.3888],[-119.7584,53.4264],[-119.7906,53.4793],[-119.8302,53.5147],[-119.8539,53.4999],[-119.8995,53.5191],[-119.8623,53.5485],[-119.9107,53.6013],[-119.9027,53.6202],[-119.8541,53.6077],[-119.7487,53.5934],[-119.7134,53.6146],[-119.7974,53.7078],[-119.8443,53.7147],[-119.908,53.7106],[-119.8874,53.75],[-119.8882,53.7795],[-119.9423,53.7759],[-120,53.8062],[-120,54.214],[-119.9999,54.4909],[-120.0003,54.7977],[-120.0003,55.1192],[-120,55.4023],[-119.9999,55.7784],[-120.0008,56.2493],[-120.0001,56.656],[-120,57],[-120,57.3806],[-119.9999,57.593],[-120,57.9111],[-120,58.25],[-120,58.75],[-120,59.0893],[-120,59.5],[-120,60]]]]}},
{"type":"Feature","id":"CAN:ADM1:CA-YT","properties":{"shapeName":"Yukon","shapeISO":"CA-YT","shapeType":"ADM1"},"geometry":{"type":"MultiPolygon","coordinates":[[[[-139.1339,69.6374],[-139.2192,69.6084],[-139.2478,69.5891],[-139.2119,69.5497],[-139.0917,69.5215],[-139.0387,69.5549],[-138.9694,69.5767],[-138.8545,69.5714],[-138.8967,69.6029],[-138.9589,69.6211],[-139.1339,69.6374]]],[[[-123.7893,60],[-124.0005,60.1092],[-124.03,60.1482],[-124.1238,60.206],[-124.1203,60.2386],[-124.1559,60.2669],[-124.2145,60.3646],[-124.2006,60.3973],[-124.1979,60.4459],[-124.3124,60.4593],[-124.3891,60.4585],[-124.3938,60.5189],[-124.4332,60.5421],[-124.4472,60.5728],[-124.4905,60.592],[-124.5711,60.6414],[-124.5995,60.6879],[-124.5627,60.6957],[-124.5415,60.7179],[-124.4918,60.7284],[-124.4492,60.7647],[-124.4505,60.7865],[-124.4963,60.8025],[-124.5108,60.865],[-124.5394,60.9386],[-124.5928,60.9458],[-124.6332,60.9268],[-124.6654,60.9387],[-124.7282,60.939],[-124.7662,60.9581],[-124.8374,60.8993],[-124.8258,60.837],[-124.9059,60.8399],[-124.9675,60.8492],[-125.0541,60.8329],[-125.1479,60.8325],[-125.1714,60.8097],[-125.2228,60.7963],[-125.2641,60.7683],[-125.3749,60.7664],[-125.467,60.7887],[-125.5338,60.8124],[-125.5689,60.8015],[-125.6253,60.8097],[-125.6696,60.8031],[-125.7141,60.8308],[-125.8322,60.8813],[-125.9208,60.8486],[-125.9405,60.8046],[-125.9668,60.7892],[-126.0566,60.7952],[-126.0833,60.8138],[-126.0634,60.8514],[-126.2107,60.8344],[-126.1847,60.7969],[-126.1979,60.7822],[-126.2835,60.7588],[-126.3871,60.7655],[-126.4864,60.8001],[-126.5334,60.7822],[-126.6082,60.7398],[-126.639,60.7308],[-126.6927,60.769],[-126.8127,60.7586],[-126.8451,60.775],[-126.8252,60.8315],[-126.877,60.8479],[-126.8564,60.8703],[-126.866,60.8959],[-126.8536,60.9316],[-126.9068,61.0071],[-126.8968,61.041],[-126.9661,61.0501],[-126.9995,61.0262],[-127.0423,61.0309],[-127.0724,61.0666],[-127.0411,61.1028],[-126.9841,61.1214],[-127.0121,61.1377],[-126.9607,61.1679],[-126.9759,61.1777],[-126.9529,61.215],[-126.9964,61.2221],[-126.9996,61.2511],[-127.0334,61.3224],[-127.0292,61.3613],[-127.0908,61.3681],[-127.0851,61.3876],[-127.103,61.4582],[-127.1917,61.4611],[-127.2024,61.49],[-127.2378,61.5002],[-127.3164,61.5001],[-127.3635,61.4912],[-127.4224,61.4968],[-127.4692,61.4852],[-127.5699,61.5239],[-127.6227,61.5322],[-127.6685,61.5826],[-127.7668,61.5941],[-127.8329,61.6297],[-127.8819,61.6676],[-127.9119,61.6694],[-128.0475,61.7287],[-128.0126,61.7532],[-127.986,61.7916],[-128.0207,61.8235],[-128.054,61.8327],[-128.1496,61.8379],[-128.1883,61.8284],[-128.2083,61.887],[-128.2486,61.937],[-128.3048,61.9491],[-128.3501,61.9735],[-128.3479,62.0148],[-128.3884,62.0201],[-128.4102,62.0428],[-128.5496,62.1163],[-128.5978,62.1072],[-128.669,62.1091],[-128.7194,62.0692],[-128.7304,62.0431],[-128.809,62.0483],[-128.8198,62.0875],[-128.8516,62.0994],[-128.9205,62.0955],[-128.9447,62.1191],[-129.073,62.0983],[-129.1289,62.0995],[-129.1998,62.1394],[-129.1939,62.1681],[-129.1633,62.204],[-129.205,62.2092],[-129.2217,62.2364],[-129.2697,62.258],[-129.2459,62.2822],[-129.2645,62.2999],[-129.2563,62.328],[-129.1895,62.3616],[-129.2631,62.3743],[-129.2849,62.3997],[-129.2385,62.4141],[-129.2227,62.4411],[-129.1741,62.445],[-129.2125,62.5045],[-129.3243,62.5246],[-129.387,62.5713],[-129.4393,62.5779],[-129.4824,62.5511],[-129.5226,62.5754],[-129.4646,62.5951],[-129.4623,62.6204],[-129.505,62.6404],[-129.4852,62.6624],[-129.5667,62.6812],[-129.5901,62.701],[-129.608,62.7495],[-129.6656,62.7957],[-129.6653,62.8142],[-129.7433,62.8384],[-129.75,62.8811],[-129.6842,62.8759],[-129.7097,62.9077],[-129.6752,62.9265],[-129.5886,63.0422],[-129.6132,63.073],[-129.6736,63.0616],[-129.7407,63.0605],[-129.821,63.0824],[-129.8135,63.1037],[-129.9105,63.1921],[-129.9426,63.1831],[-129.9876,63.1989],[-130.0139,63.2364],[-130.0488,63.2524],[-130.1578,63.2424],[-130.13,63.2668],[-130.1453,63.2888],[-130.1083,63.3056],[-130.058,63.3042],[-130.0408,63.3299],[-129.9904,63.3276],[-129.8662,63.3671],[-129.9085,63.4176],[-129.8743,63.4575],[-129.7849,63.446],[-129.8705,63.5217],[-129.8974,63.5529],[-129.9603,63.5658],[-129.9281,63.592],[-129.9625,63.6098],[-130.0814,63.608],[-130.0993,63.6326],[-130.0725,63.6829],[-130.1062,63.6885],[-130.2321,63.6476],[-130.2686,63.6448],[-130.3397,63.6909],[-130.318,63.7138],[-130.2157,63.7178],[-130.1896,63.742],[-130.1012,63.7542],[-130.1063,63.7874],[-130.1377,63.7993],[-130.1442,63.8614],[-130.3394,63.8133],[-130.3691,63.8485],[-130.3944,63.853],[-130.4429,63.8911],[-130.5382,63.9257],[-130.5921,63.9217],[-130.6306,63.9476],[-130.6887,63.9463],[-130.7757,63.9763],[-130.7717,64.0089],[-130.7233,64.0266],[-130.809,64.0405],[-130.8703,64.0319],[-130.8835,64.082],[-130.9554,64.1133],[-130.9528,64.1411],[-130.9051,64.146],[-130.8591,64.172],[-130.8708,64.1857],[-130.944,64.1858],[-130.9472,64.223],[-130.9826,64.2507],[-131.0737,64.2729],[-131.0266,64.3047],[-131.0629,64.3283],[-131.0682,64.3613],[-131.1474,64.4038],[-131.2251,64.4216],[-131.2955,64.4468],[-131.3805,64.4357],[-131.451,64.3919],[-131.5595,64.3833],[-131.6235,64.3537],[-131.6763,64.3772],[-131.7214,64.3703],[-131.7654,64.3798],[-131.8084,64.3688],[-131.8583,64.3813],[-131.8249,64.4247],[-131.716,64.4755],[-131.676,64.4855],[-131.7075,64.5082],[-131.6846,64.5214],[-131.8554,64.5378],[-131.9381,64.5903],[-132.0377,64.6964],[-132.1243,64.7037],[-132.2162,64.7429],[-132.2991,64.7612],[-132.357,64.7832],[-132.422,64.7778],[-132.4642,64.7887],[-132.546,64.7702],[-132.5592,64.7961],[-132.6276,64.8297],[-132.5869,64.8346],[-132.5111,64.8662],[-132.4623,64.9016],[-132.4913,64.9356],[-132.4903,64.9624],[-132.4142,64.9844],[-132.4056,65.01],[-132.3377,65.0383],[-132.3361,65.0607],[-132.5427,65.0899],[-132.5093,65.1735],[-132.5548,65.1712],[-132.5966,65.1463],[-132.6567,65.1408],[-132.7269,65.1584],[-132.7727,65.183],[-132.7067,65.1993],[-132.7479,65.2274],[-132.6694,65.2597],[-132.657,65.2781],[-132.5664,65.284],[-132.5371,65.3505],[-132.4463,65.3882],[-132.3764,65.4024],[-132.3494,65.4294],[-132.2754,65.4577],[-132.2834,65.5006],[-132.2149,65.5531],[-132.1683,65.6024],[-132.1988,65.6186],[-132.2447,65.6667],[-132.2986,65.686],[-132.2832,65.7047],[-132.3135,65.7399],[-132.3545,65.7469],[-132.4144,65.7888],[-132.4846,65.8012],[-132.5637,65.8302],[-132.5964,65.8567],[-132.5309,65.9059],[-132.4609,65.9305],[-132.3501,65.9523],[-132.3779,65.989],[-132.4945,65.972],[-132.5404,66.015],[-132.5683,66.0229],[-132.6566,66.0158],[-132.7993,65.9505],[-132.8053,65.9206],[-132.8372,65.9004],[-132.9092,65.884],[-133.0215,65.9188],[-132.9123,66.0015],[-132.9211,66.0204],[-133.0558,66.0192],[-133.1281,66.0309],[-133.1963,66.0069],[-133.2686,65.9958],[-133.4052,65.9389],[-133.4469,65.9335],[-133.5258,65.9543],[-133.595,65.9359],[-133.6583,65.9597],[-133.5986,66.0565],[-133.6813,66.0591],[-133.6907,66.0712],[-133.6579,66.1218],[-133.6017,66.1343],[-133.5489,66.17],[-133.568,66.209],[-133.5535,66.257],[-133.5805,66.2861],[-133.6262,66.2986],[-133.7858,66.2954],[-133.8354,66.3172],[-133.7681,66.3662],[-133.7664,66.4178],[-133.7342,66.4404],[-133.6393,66.43],[-133.6098,66.4361],[-133.6934,66.5035],[-133.6901,66.5279],[-133.5882,66.55],[-133.5824,66.5623],[-133.6768,66.5832],[-133.7176,66.625],[-133.7934,66.6494],[-133.7481,66.679],[-133.8463,66.7228],[-133.7759,66.7652],[-133.7597,66.801],[-133.833,66.826],[-133.8503,66.8549],[-133.9433,66.9053],[-134.0007,66.9094],[-134.0917,66.9369],[-134.1178,66.9569],[-134.0142,66.9858],[-133.8469,66.9837],[-133.8296,67],[-134.575,67],[-135.5125,67],[-136.1644,67],[-136.2324,67.1067],[-136.1915,67.1439],[-136.2351,67.1725],[-136.1375,67.2326],[-136.1272,67.2735],[-136.0866,67.3007],[-136.1355,67.33],[-136.14,67.3664],[-136.2221,67.4055],[-136.1787,67.4577],[-136.2021,67.4819],[-136.1699,67.5038],[-136.2187,67.5134],[-136.2,67.5617],[-136.2414,67.6109],[-136.2899,67.6342],[-136.3594,67.6284],[-136.4488,67.6495],[-136.4583,67.8129],[-136.462,68.0655],[-136.4666,68.4793],[-136.4686,68.8695],[-136.5688,68.8903],[-136.6333,68.8804],[-136.7055,68.8569],[-136.7708,68.8566],[-136.9838,68.9108],[-137.0067,68.9367],[-137.0984,68.9424],[-137.2077,68.9289],[-137.2776,68.9516],[-137.4864,69.0025],[-137.6212,69.0185],[-137.7868,69.0611],[-137.9499,69.0935],[-137.9982,69.1124],[-138.0899,69.1316],[-138.1998,69.1669],[-138.2742,69.2049],[-138.3511,69.2844],[-138.4593,69.2208],[-138.5836,69.2458],[-138.6091,69.2807],[-138.782,69.3459],[-138.8059,69.3637],[-138.9202,69.3958],[-139.081,69.4737],[-139.1618,69.502],[-139.2577,69.4998],[-139.3528,69.5351],[-139.4485,69.5267],[-139.5799,69.5364],[-139.6076,69.5625],[-139.6996,69.5739],[-139.7668,69.5981],[-139.9808,69.6133],[-140.1321,69.6064],[-140.1898,69.5965],[-140.3687,69.5892],[-140.6968,69.6098],[-141.0115,69.6467],[-141.0181,69.5029],[-141.0143,69.0369],[-141.0136,68.6911],[-141.0135,68.2129],[-141.0141,67.8628],[-141.0126,67.6243],[-141.0089,67.2657],[-141.0029,66.858],[-141.0053,66.5148],[-141.0058,66.1474],[-141.0082,65.7521],[-141.0069,65.2937],[-141.0079,65.0912],[-140.9987,64.6719],[-141.0044,64.4812],[-141.0032,64.2034],[-141.0038,63.755],[-141.0036,63.3215],[-140.9998,63],[-141.0011,62.781],[-140.9989,62.5704],[-141.0003,62.2291],[-141.0006,61.9686],[-140.9993,61.664],[-140.9981,61.2724],[-140.9972,60.774],[-140.998,60.308],[-140.5171,60.2202],[-140.448,60.308],[-139.9717,60.1839],[-139.6801,60.3357],[-139.0521,60.3537],[-139.0485,60.3259],[-139.177,60.0829],[-139.0522,60],[-138.25,60],[-137.75,60],[-137,60],[-136.5,60],[-136,60],[-135.25,60],[-134.75,60],[-134.25,60],[-133.75,60],[-133.25,60],[-132.75,60],[-132.25,60],[-131.5,60],[-130.75,60],[-130.25,60],[-129.75,60],[-129,60],[-128.5,60],[-127.75,60],[-127,60],[-126.5,60],[-126,60],[-125.5,60],[-125,60],[-124.5,60],[-123.7893,60]]]]}},
{"type":"Feature","id":"CAN:ADM1:CA-NT","properties":{"shapeName":"Northwest Territories","shapeISO":"CA-NT","shapeType":"ADM1"},"geometry":{"type":"MultiPolygon","coordinates":[[[[-132.0954,69.2915],[-132.1705,69.2537],[-132.129,69.2465],[-132.0954,69.2915]]],[[[-116.6764,70.4998],[-116.6001,70.4765],[-116.5756,70.4954],[-116.6764,70.4998]]],[[[-125.3586,69.7507],[-125.3625,69.7177],[-125.2744,69.7181],[-125.3586,69.7507]]],[[[-136.1179,69.0615],[-136.1113,69.0308],[-136.045,69.033],[-136.0652,69.0558],[-136.1179,69.0615]]],[[[-133.5806,69.5191],[-133.6508,69.4824],[-133.593,69.4793],[-133.5437,69.4992],[-133.5806,69.5191]]],[[[-112.7236,70.303],[-112.7172,70.2714],[-112.6357,70.2703],[-112.6174,70.293],[-112.7236,70.303]]],[[[-124.5336,73.9297],[-124.4811,73.8918],[-124.3994,73.9012],[-124.427,73.921],[-124.5336,73.9297]]],[[[-136.2587,69.1356],[-136.2595,69.1232],[-136.1306,69.0739],[-136.1176,69.1051],[-136.165,69.109],[-136.2587,69.1356]]],[[[-132.9115,68.956],[-132.9616,68.9462],[-132.9032,68.9203],[-132.8156,68.9267],[-132.861,68.953],[-132.9115,68.956]]],[[[-132.5953,68.8524],[-132.6049,68.8148],[-132.5604,68.8127],[-132.5333,68.8543],[-132.5953,68.8524]]],[[[-135.3302,69.5136],[-135.3075,69.4667],[-135.2263,69.4794],[-135.2958,69.5167],[-135.3302,69.5136]]],[[[-121.0262,76.76],[-121.0324,76.7343],[-120.9313,76.7236],[-120.8538,76.7361],[-120.8831,76.7635],[-121.0262,76.76]]],[[[-113.3273,77.134],[-113.4745,77.1003],[-113.3808,77.0905],[-113.2454,77.1056],[-113.3273,77.134]]],[[[-135.5143,69.3869],[-135.5365,69.3648],[-135.4139,69.3464],[-135.3926,69.381],[-135.4415,69.3817],[-135.4584,69.3856],[-135.4582,69.3953],[-135.5143,69.3869]]],[[[-135.8037,69.5032],[-135.8174,69.4876],[-135.6598,69.4673],[-135.7159,69.5015],[-135.8037,69.5032]]],[[[-136.1022,69.0035],[-136.0343,68.9458],[-135.9802,68.9613],[-136.0315,69.0091],[-136.1022,69.0035]]],[[[-111.8472,75.8752],[-111.8596,75.8497],[-111.6485,75.8561],[-111.6194,75.8865],[-111.8472,75.8752]]],[[[-122.9438,76.1588],[-122.9954,76.0857],[-122.8124,76.1327],[-122.8353,76.1519],[-122.8657,76.1626],[-122.9438,76.1588]]],[[[-135.993,69.0269],[-136.0024,69.0073],[-135.9662,68.9763],[-135.823,68.9831],[-135.8808,69.0084],[-135.993,69.0269]]],[[[-135.4886,69.6276],[-135.5797,69.5897],[-135.4823,69.5721],[-135.4655,69.6042],[-135.4886,69.6276]]],[[[-113.2351,70.3117],[-113.1262,70.2951],[-113.023,70.2877],[-112.9531,70.2915],[-113.0122,70.3199],[-113.0954,70.3264],[-113.1309,70.3117],[-113.2351,70.3117]]],[[[-109.833,75.9339],[-109.909,75.9321],[-109.9376,75.9041],[-110.0324,75.8981],[-109.9167,75.8536],[-109.8324,75.8644],[-109.833,75.9339]]],[[[-130.7833,69.6228],[-130.7739,69.5886],[-130.8076,69.558],[-130.7337,69.5481],[-130.6764,69.5696],[-130.7056,69.6099],[-130.7833,69.6228]]],[[[-115.918,70.5925],[-115.9284,70.5737],[-116.0509,70.5575],[-116.0506,70.5411],[-115.8614,70.5478],[-115.8337,70.5811],[-115.918,70.5925]]],[[[-122.9609,76.0544],[-123.0009,76.0244],[-122.9132,76.0182],[-122.7069,76.0449],[-122.8203,76.068],[-122.899,76.0406],[-122.9609,76.0544]]],[[[-133.9274,69.6061],[-134.0154,69.568],[-133.9754,69.5416],[-133.9325,69.5727],[-133.8528,69.5721],[-133.8708,69.6054],[-133.9274,69.6061]]],[[[-130.8904,69.5108],[-130.9248,69.5056],[-130.9429,69.4689],[-130.9082,69.4516],[-130.9152,69.4266],[-130.8824,69.4111],[-130.811,69.4186],[-130.8618,69.4597],[-130.845,69.4924],[-130.8904,69.5108]]],[[[-135.4498,69.3925],[-135.4465,69.3831],[-135.3911,69.3815],[-135.3839,69.3753],[-135.4145,69.344],[-135.3463,69.3282],[-135.3007,69.2978],[-135.2618,69.3352],[-135.2891,69.3672],[-135.4167,69.3949],[-135.4498,69.3925]]],[[[-113.8296,77.1588],[-113.9186,77.1333],[-113.8429,77.1061],[-113.6992,77.1091],[-113.6252,77.1311],[-113.7136,77.1572],[-113.8296,77.1588]]],[[[-135.9633,68.9736],[-135.9216,68.9441],[-135.7902,68.9384],[-135.7622,68.9497],[-135.8523,68.9815],[-135.9633,68.9736]]],[[[-136.0783,69.13],[-136.1984,69.1739],[-136.247,69.1711],[-136.1811,69.1283],[-136.0845,69.1088],[-136.1088,69.0922],[-136.0183,69.0792],[-135.9869,69.1013],[-136.0783,69.13]]],[[[-109.8448,72.4854],[-110.0156,72.5305],[-110.0862,72.5619],[-110.2213,72.5512],[-110.1044,72.5212],[-110.0086,72.5068],[-109.8452,72.4573],[-109.8448,72.4854]]],[[[-116.7237,70.5616],[-116.6838,70.5394],[-116.5833,70.5445],[-116.5662,70.53],[-116.3811,70.5096],[-116.3215,70.5338],[-116.5352,70.5509],[-116.5975,70.5725],[-116.7237,70.5616]]],[[[-124.3108,73.6482],[-124.357,73.6203],[-124.3412,73.5693],[-124.1009,73.5713],[-124.1564,73.6063],[-124.3238,73.6323],[-124.3108,73.6482]]],[[[-122.6459,75.9251],[-122.5677,75.8955],[-122.4893,75.8943],[-122.447,75.8734],[-122.3244,75.8638],[-122.2902,75.9011],[-122.3428,75.9243],[-122.5431,75.9326],[-122.6459,75.9251]]],[[[-128.2029,70.6254],[-128.2713,70.637],[-128.3186,70.5694],[-128.2969,70.5475],[-128.1466,70.5551],[-128.1089,70.5934],[-128.2029,70.6254]]],[[[-128.9505,69.9573],[-129.0041,69.9338],[-129.0602,69.8679],[-129.1003,69.8496],[-128.9549,69.8295],[-128.9714,69.8872],[-128.9039,69.9074],[-128.9152,69.9556],[-128.9505,69.9573]]],[[[-117.2318,70.592],[-117.3065,70.5764],[-117.2785,70.5593],[-117.2018,70.5521],[-117.1572,70.5347],[-117.0617,70.5429],[-116.8669,70.5476],[-116.9939,70.5711],[-117.0808,70.5631],[-117.1072,70.5857],[-117.2318,70.592]]],[[[-112.2584,70.3641],[-112.2573,70.3369],[-112.1816,70.3301],[-112.1562,70.3131],[-112.032,70.2954],[-111.9956,70.2796],[-111.9131,70.2865],[-111.8289,70.304],[-111.9325,70.3247],[-112.1977,70.3665],[-112.2584,70.3641]]],[[[-120.9977,75.9416],[-121.027,75.9162],[-121.0072,75.884],[-121.0209,75.8207],[-121.1367,75.7953],[-121.2376,75.7837],[-121.2878,75.7547],[-121.1507,75.7346],[-121.0502,75.7339],[-120.9905,75.7567],[-120.8706,75.8558],[-120.8371,75.9048],[-120.8609,75.9383],[-120.9977,75.9416]]],[[[-109.8426,72.6666],[-109.8859,72.6863],[-110.1254,72.732],[-110.2058,72.6759],[-110.2881,72.6753],[-110.2332,72.6421],[-110.0639,72.6564],[-109.9775,72.6135],[-109.8975,72.5939],[-109.9026,72.5622],[-109.844,72.5405],[-109.8426,72.6666]]],[[[-109.8353,76.5068],[-109.9588,76.4956],[-110.1123,76.4497],[-110.2678,76.4329],[-110.3816,76.4316],[-110.3746,76.3966],[-110.328,76.3357],[-110.3545,76.3199],[-110.199,76.2929],[-109.9864,76.242],[-109.9525,76.2172],[-109.8345,76.246],[-109.8353,76.5068]]],[[[-114.6191,76.8671],[-114.8134,76.8201],[-114.8593,76.7827],[-114.8459,76.764],[-114.5481,76.7454],[-114.3981,76.7272],[-114.2593,76.7348],[-114.0954,76.7179],[-113.9029,76.7265],[-113.6054,76.714],[-113.4831,76.7576],[-113.4403,76.7923],[-113.4569,76.8278],[-113.5746,76.8421],[-113.7164,76.8831],[-113.8161,76.8956],[-113.9154,76.8901],[-114.0365,76.8982],[-114.1324,76.8826],[-114.3292,76.889],[-114.3864,76.8743],[-114.6191,76.8671]]],[[[-109.8407,72.9262],[-109.8431,72.9513],[-109.9033,72.9768],[-109.9718,72.9755],[-110.0811,72.9904],[-110.3911,73.0122],[-110.5915,73.0106],[-110.6856,72.9957],[-110.7244,72.9738],[-110.6815,72.9255],[-110.5519,72.8752],[-110.5506,72.8624],[-110.4574,72.8371],[-110.2313,72.8299],[-110.1629,72.8135],[-110.1345,72.7695],[-109.8422,72.7251],[-109.8407,72.9262]]],[[[-114.3513,78.0783],[-114.6048,78.0313],[-114.7442,78.0145],[-114.8175,77.9806],[-114.9553,77.9589],[-115.1061,77.9518],[-115.0397,77.9185],[-114.8226,77.8594],[-114.742,77.8283],[-114.5622,77.7968],[-114.4591,77.7464],[-114.2879,77.7092],[-114.1746,77.7075],[-113.9007,77.7262],[-113.7385,77.7574],[-113.6133,77.7964],[-113.5517,77.8278],[-113.672,77.8401],[-113.6536,77.8746],[-113.7214,77.8976],[-113.8528,77.9068],[-113.9963,77.9275],[-114.0427,77.9604],[-114.0246,77.9867],[-114.1109,77.9934],[-114.234,77.9821],[-114.3447,78.0376],[-114.3016,78.0471],[-114.3513,78.0783]]],[[[-117.7106,76.1277],[-117.7859,76.1166],[-117.8682,76.087],[-117.93,76.0499],[-118.0533,76.0398],[-118.1096,76.0253],[-118.1518,75.9781],[-118.3356,75.9779],[-118.5942,75.925],[-118.7088,75.8929],[-118.741,75.8554],[-118.8861,75.8174],[-118.9463,75.7689],[-119.0244,75.7628],[-119.0856,75.7321],[-119.1684,75.7127],[-119.3122,75.6647],[-119.395,75.6212],[-119.3772,75.5994],[-119.2128,75.5764],[-118.9771,75.5664],[-118.9068,75.5783],[-118.7646,75.5408],[-118.7268,75.5194],[-118.5436,75.5084],[-118.5221,75.5297],[-118.3712,75.5526],[-118.294,75.5779],[-118.1813,75.6484],[-118.1265,75.6597],[-117.9406,75.7553],[-117.9454,75.7804],[-117.8944,75.7933],[-117.8775,75.8284],[-117.7936,75.8358],[-117.8269,75.864],[-117.7165,75.9233],[-117.5485,75.991],[-117.5513,76.0142],[-117.4801,76.0475],[-117.4899,76.0731],[-117.4452,76.0964],[-117.6529,76.1276],[-117.7106,76.1277]]],[[[-109.8324,78.6438],[-109.9455,78.6821],[-110.2353,78.7377],[-110.3335,78.7328],[-110.4141,78.7657],[-110.6306,78.7523],[-110.7915,78.7256],[-111.1467,78.6912],[-111.2693,78.6589],[-111.3077,78.619],[-111.3667,78.5952],[-111.5077,78.5981],[-111.5707,78.5605],[-111.7376,78.5379],[-111.8239,78.5535],[-112.0502,78.5557],[-112.2483,78.5467],[-112.3707,78.5232],[-112.7107,78.4835],[-112.834,78.4582],[-113.093,78.4291],[-113.2075,78.4097],[-113.2195,78.3525],[-113.3213,78.3354],[-113.1767,78.2704],[-112.7439,78.3381],[-112.4931,78.3654],[-112.2991,78.3721],[-112.0223,78.3885],[-111.8642,78.357],[-111.863,78.3303],[-111.7832,78.2771],[-111.518,78.2732],[-111.4118,78.2771],[-111.4119,78.3294],[-111.221,78.3238],[-111.2963,78.389],[-111.1275,78.3922],[-110.9281,78.3646],[-110.8269,78.3215],[-110.6665,78.2944],[-110.6019,78.3022],[-110.3567,78.2753],[-110.2206,78.2998],[-110.0633,78.309],[-109.9953,78.3283],[-109.8312,78.3015],[-109.8324,78.6438]]],[[[-109.8312,78.1108],[-109.9924,78.1172],[-110.3038,78.118],[-110.7247,78.1062],[-110.7395,78.0715],[-110.9295,78.0787],[-110.9923,78.0989],[-111.1988,78.0957],[-111.3533,78.0745],[-111.5067,78.0738],[-111.7072,78.0282],[-111.8094,78.0575],[-111.9352,78.0221],[-112.0551,78.0254],[-112.2616,77.9965],[-112.374,78.0064],[-112.5327,77.9928],[-112.7339,77.959],[-112.828,77.9359],[-113.0656,77.9008],[-113.0776,77.9256],[-113.2224,77.9157],[-113.2019,77.899],[-113.3125,77.846],[-113.2911,77.7682],[-113.1692,77.7457],[-113.2173,77.7167],[-113.2017,77.6901],[-113.2622,77.6705],[-113.0574,77.6282],[-113.1441,77.6017],[-113.1931,77.565],[-113.1955,77.5239],[-113.0973,77.5325],[-112.9538,77.5255],[-112.918,77.4681],[-112.7188,77.4499],[-112.5972,77.4684],[-112.4599,77.3827],[-112.2796,77.3606],[-112.1546,77.3379],[-112.0295,77.3291],[-111.7816,77.3634],[-111.7367,77.3807],[-111.6398,77.379],[-111.4039,77.4067],[-111.3154,77.4346],[-111.2094,77.4397],[-111.0509,77.4216],[-110.9601,77.4345],[-110.8174,77.4321],[-110.4874,77.4703],[-110.1928,77.517],[-110.0568,77.5664],[-110.1459,77.5983],[-110.0537,77.6209],[-110.0785,77.6473],[-110.0462,77.6699],[-110.1093,77.684],[-110.0431,77.77],[-110.1126,77.7862],[-110.2392,77.7862],[-110.4201,77.7686],[-110.6522,77.7678],[-110.7298,77.7904],[-110.7462,77.814],[-110.893,77.8277],[-110.9076,77.8671],[-110.6598,77.8775],[-110.3999,77.9006],[-110.3046,77.9233],[-110.2513,77.9008],[-110.1507,77.919],[-110.01,77.9178],[-109.8311,77.9368],[-109.8312,78.1108]]],[[[-118.8123,77.363],[-118.8061,77.3491],[-118.9533,77.3234],[-119.0688,77.3297],[-119.2141,77.3133],[-119.2972,77.27],[-119.3037,77.2404],[-119.3759,77.1898],[-119.6128,77.1475],[-119.6271,77.1303],[-119.7962,77.1058],[-119.7925,77.0752],[-119.9041,77.0566],[-119.883,77.041],[-119.9542,77.0199],[-120.0975,77.0017],[-120.0663,76.9715],[-120.1764,76.9483],[-120.1539,76.931],[-120.3113,76.894],[-120.4144,76.8817],[-120.3497,76.8507],[-120.3419,76.8202],[-120.494,76.7905],[-120.5883,76.7494],[-120.6496,76.739],[-120.7978,76.7357],[-120.8783,76.7044],[-121.0755,76.6767],[-121.2045,76.6859],[-121.1863,76.6388],[-121.2729,76.6131],[-121.3094,76.5728],[-121.4037,76.5545],[-121.3849,76.5337],[-121.4923,76.4585],[-121.5552,76.4471],[-121.836,76.4262],[-121.9865,76.4496],[-122.1272,76.4234],[-122.358,76.402],[-122.4271,76.3811],[-122.5404,76.3662],[-122.6123,76.3346],[-122.6419,76.2901],[-122.6149,76.2759],[-122.7511,76.2334],[-122.82,76.2323],[-122.843,76.181],[-122.9175,76.1731],[-122.8669,76.1642],[-122.8158,76.1461],[-122.7917,76.1448],[-122.7466,76.1613],[-122.6166,76.1818],[-122.5471,76.1572],[-122.6683,76.1315],[-122.4758,76.1289],[-122.4395,76.0996],[-122.5078,76.0567],[-122.6668,76.0128],[-122.5937,75.9834],[-122.6832,75.9808],[-122.591,75.9416],[-122.3671,75.9305],[-122.1465,75.9856],[-122.0983,76.0394],[-121.9437,76.044],[-121.9085,76.0592],[-121.638,76.0171],[-121.5093,76.0092],[-121.469,75.9726],[-121.3978,75.9554],[-121.2919,75.9087],[-121.2714,75.9487],[-121.2258,75.9809],[-121.1245,75.9882],[-121.0923,76.0073],[-120.9328,76.0107],[-121.0464,76.0841],[-121.0049,76.1083],[-121.0433,76.1254],[-121.0161,76.1613],[-120.9449,76.18],[-120.8391,76.1851],[-120.648,76.1603],[-120.7266,76.1302],[-120.7386,76.0999],[-120.7121,76.0316],[-120.5832,75.9832],[-120.5475,76.0102],[-120.447,75.9919],[-120.3894,75.969],[-120.4619,75.9345],[-120.4807,75.8359],[-120.2955,75.8127],[-120.2342,75.8285],[-120.1765,75.9034],[-120.1145,75.8992],[-120.0786,75.8537],[-119.9148,75.851],[-119.7133,75.8925],[-119.7394,75.9237],[-119.6867,75.9314],[-119.6787,75.9681],[-119.5704,75.9944],[-119.4889,75.9698],[-119.4677,76.0119],[-119.4969,76.0537],[-119.5696,76.086],[-119.7872,76.1081],[-119.7551,76.1251],[-119.6254,76.1167],[-119.5421,76.1348],[-119.6717,76.1494],[-119.5486,76.195],[-119.5832,76.2211],[-119.7143,76.2673],[-119.6191,76.2893],[-119.6221,76.3214],[-119.4621,76.3177],[-119.4821,76.291],[-119.4273,76.2477],[-119.3388,76.2339],[-119.2925,76.1387],[-119.1013,76.0892],[-118.9535,76.1565],[-118.8547,76.1775],[-118.9276,76.2536],[-118.8972,76.27],[-118.7671,76.2881],[-118.643,76.2891],[-118.5373,76.3364],[-118.6014,76.3645],[-118.56,76.3862],[-118.6596,76.4573],[-118.7904,76.4786],[-118.9414,76.4845],[-118.952,76.5082],[-118.8954,76.5353],[-118.7223,76.5455],[-118.6798,76.5176],[-118.5747,76.5032],[-118.4694,76.5261],[-118.3978,76.5592],[-118.3101,76.5587],[-118.3359,76.6593],[-118.4495,76.6789],[-118.3977,76.7327],[-118.2898,76.7094],[-118.2589,76.7366],[-118.3168,76.7748],[-118.2515,76.7846],[-118.0984,76.763],[-117.9902,76.7607],[-117.8818,76.8028],[-117.8661,76.8273],[-117.7908,76.8285],[-117.7371,76.7931],[-117.7803,76.725],[-117.9306,76.6851],[-117.9191,76.6355],[-117.9588,76.6071],[-117.9008,76.5873],[-117.9539,76.5692],[-117.904,76.5352],[-118.0202,76.4863],[-118.0014,76.4762],[-118.0091,76.4111],[-117.818,76.354],[-117.6225,76.3083],[-117.6291,76.2954],[-117.5294,76.2728],[-117.3074,76.2586],[-117.2594,76.284],[-117.1883,76.2851],[-117.0584,76.3082],[-117.0371,76.3261],[-116.939,76.3472],[-116.9567,76.3706],[-116.9101,76.3872],[-116.9781,76.4207],[-116.9545,76.4624],[-116.9734,76.4878],[-117.0367,76.5058],[-117.0384,76.5468],[-116.9708,76.5624],[-116.8487,76.5495],[-116.7787,76.574],[-116.4943,76.5692],[-116.3052,76.5872],[-116.1383,76.6183],[-116.0605,76.6227],[-115.9744,76.6883],[-115.864,76.7],[-115.9165,76.7254],[-115.9304,76.7714],[-115.9889,76.7712],[-115.9875,76.8298],[-116.1053,76.8519],[-116.1908,76.8535],[-116.2873,76.882],[-116.3001,76.9078],[-116.3703,76.935],[-116.2555,76.9503],[-116.0916,76.9194],[-115.9373,76.9001],[-115.7917,76.9159],[-115.7235,76.9465],[-115.9367,76.9931],[-116.2416,77.0448],[-116.2813,77.0923],[-116.3815,77.1288],[-116.2744,77.136],[-116.2448,77.154],[-116.2715,77.2037],[-116.0869,77.1949],[-115.8162,77.2331],[-115.7826,77.2563],[-115.5102,77.2718],[-115.5269,77.2911],[-115.4421,77.3165],[-115.4313,77.3386],[-115.5177,77.3679],[-115.6586,77.3993],[-115.7025,77.4199],[-115.8584,77.4453],[-116.1115,77.468],[-116.053,77.4841],[-116.0662,77.507],[-116.2226,77.5201],[-116.4244,77.5609],[-116.684,77.5398],[-116.7524,77.5237],[-116.8627,77.4782],[-117.0274,77.4675],[-117.0556,77.4479],[-116.9613,77.4075],[-116.827,77.3964],[-116.6071,77.3919],[-116.8359,77.3202],[-116.9259,77.3429],[-117.1444,77.3668],[-117.0583,77.3264],[-117.0906,77.3086],[-117.2278,77.291],[-117.288,77.308],[-117.4344,77.3184],[-117.4304,77.3315],[-117.6159,77.3334],[-117.7251,77.3476],[-117.7376,77.3694],[-117.8941,77.3664],[-118.0755,77.381],[-118.0868,77.3597],[-118.8123,77.363]]],[[[-109.8313,75.5342],[-109.9805,75.5463],[-110.1477,75.541],[-110.2736,75.5485],[-110.39,75.5429],[-110.446,75.5771],[-110.655,75.5625],[-110.7075,75.5738],[-110.9127,75.5509],[-110.9764,75.5293],[-111.2415,75.544],[-111.3265,75.5592],[-111.3995,75.6154],[-111.3413,75.6413],[-111.3942,75.6821],[-111.3125,75.7153],[-111.4447,75.7512],[-111.3894,75.7693],[-111.4351,75.7925],[-111.5324,75.8015],[-111.4306,75.8238],[-111.51,75.8478],[-111.6102,75.8243],[-111.776,75.8386],[-111.9248,75.8068],[-112.0722,75.8194],[-112.1704,75.8499],[-111.9815,75.8894],[-111.7318,75.9018],[-111.6844,75.9193],[-111.7667,75.9526],[-111.9704,75.9855],[-111.99,76.0041],[-112.3908,76.0428],[-112.415,76.0827],[-112.5013,76.1046],[-112.5012,76.1449],[-112.404,76.1639],[-112.4043,76.1815],[-112.5555,76.2007],[-112.7165,76.2002],[-112.8036,76.2176],[-112.8506,76.2576],[-112.9975,76.2717],[-113.0226,76.2571],[-113.1399,76.2547],[-113.2288,76.2725],[-113.3228,76.2671],[-113.4303,76.2394],[-113.5385,76.2371],[-113.5644,76.2184],[-113.6957,76.204],[-113.8669,76.2051],[-113.914,76.1945],[-114.0397,76.2248],[-113.9835,76.247],[-114.0643,76.2965],[-114.1565,76.3217],[-114.1789,76.3435],[-114.0703,76.3632],[-114.0605,76.4241],[-114.169,76.4776],[-114.2373,76.4773],[-114.4787,76.5042],[-114.6588,76.4936],[-114.8889,76.5123],[-114.9292,76.4869],[-115.0416,76.4761],[-115.1489,76.4791],[-115.204,76.4664],[-115.5603,76.439],[-115.8737,76.3609],[-115.8068,76.333],[-115.9005,76.3045],[-115.8702,76.26],[-115.7078,76.2399],[-115.5356,76.2389],[-115.1612,76.2273],[-115.0241,76.2132],[-114.9727,76.1828],[-114.7713,76.171],[-114.8544,76.1567],[-115.0022,76.1627],[-115.2019,76.1906],[-115.3721,76.1918],[-115.4462,76.2022],[-115.5422,76.1899],[-115.7217,76.1907],[-116.0862,76.2056],[-116.2023,76.1992],[-116.3959,76.1723],[-116.6017,76.112],[-116.6762,76.0682],[-116.6413,76.0271],[-116.4971,76.0256],[-116.4437,76.0025],[-116.5238,75.9828],[-116.6752,75.9733],[-116.7125,75.9449],[-116.7253,75.9008],[-116.4187,75.8759],[-116.3443,75.883],[-116.1533,75.8766],[-115.9334,75.8768],[-115.77,75.8948],[-115.5348,75.888],[-115.2292,75.886],[-114.8722,75.9119],[-114.7769,75.8981],[-114.9186,75.8672],[-114.9951,75.8621],[-115.1211,75.8705],[-115.2512,75.8582],[-115.3167,75.864],[-115.4001,75.8446],[-115.6188,75.8429],[-115.7379,75.8617],[-115.7981,75.8358],[-115.9033,75.8335],[-115.9897,75.8171],[-116.2383,75.8131],[-116.3044,75.8071],[-116.8091,75.805],[-116.956,75.7742],[-117.1533,75.6719],[-117.2216,75.597],[-117.1444,75.5815],[-116.7683,75.5751],[-116.4253,75.5652],[-116.1246,75.5784],[-116.0464,75.6011],[-115.8741,75.6159],[-115.6587,75.65],[-115.4649,75.6553],[-115.3236,75.6689],[-115.1341,75.706],[-115.1233,75.6812],[-115.2966,75.6259],[-115.4648,75.5989],[-115.5871,75.5891],[-115.7955,75.5421],[-115.9965,75.4907],[-116.2361,75.4846],[-117.0224,75.4857],[-117.0775,75.489],[-117.2573,75.4744],[-117.3132,75.4593],[-117.5596,75.3535],[-117.5318,75.3211],[-117.6271,75.3033],[-117.6652,75.2508],[-117.5096,75.2048],[-117.3125,75.1757],[-116.9818,75.1528],[-116.684,75.1191],[-116.5398,75.1928],[-116.4546,75.1807],[-116.3292,75.2092],[-116.2474,75.2173],[-116.2268,75.1787],[-116.3018,75.1247],[-116.2726,75.1045],[-116.0961,75.1126],[-116.0769,75.0999],[-116.2417,75.0743],[-116.2527,75.0649],[-116.0347,75.034],[-115.968,75.0114],[-115.6738,74.9708],[-115.57,74.993],[-115.5113,75.0331],[-115.5906,75.0856],[-115.5952,75.1473],[-115.4192,75.1023],[-115.3647,75.1044],[-115.2795,75.1347],[-115.2587,75.1722],[-115.1923,75.1729],[-115.166,75.1245],[-115.2107,75.0758],[-115.1791,74.9962],[-115.035,74.9636],[-114.8161,74.9921],[-114.7627,75.012],[-114.6508,75.0271],[-114.5458,75.0542],[-114.4191,75.074],[-114.3368,75.12],[-114.2791,75.1717],[-114.3879,75.226],[-114.4317,75.2721],[-114.5627,75.2922],[-114.5583,75.3115],[-114.3676,75.2871],[-114.2695,75.2347],[-114.1855,75.2209],[-114.1397,75.2351],[-114.0326,75.3458],[-114.0281,75.3802],[-114.0689,75.4075],[-114.0338,75.4751],[-113.9709,75.4634],[-113.9651,75.4413],[-113.8601,75.3763],[-113.6325,75.399],[-113.4937,75.4252],[-113.3887,75.4128],[-113.5869,75.3645],[-113.7939,75.3292],[-113.8499,75.2749],[-113.8581,75.247],[-113.9168,75.1796],[-113.7421,75.1754],[-113.9093,75.1479],[-113.9504,75.0752],[-113.9063,75.0527],[-113.7585,75.0602],[-113.6601,75.0573],[-113.5318,75.0785],[-113.243,75.0802],[-113.1581,75.0953],[-112.9857,75.0969],[-112.7685,75.1256],[-112.6879,75.1642],[-112.7283,75.2056],[-112.675,75.2657],[-112.6045,75.2726],[-112.5658,75.2427],[-112.6107,75.2024],[-112.5438,75.1828],[-112.4237,75.1842],[-112.4455,75.2199],[-112.34,75.2316],[-112.2879,75.2065],[-112.357,75.1746],[-112.4511,75.156],[-112.3948,75.1283],[-112.1359,75.1289],[-112.0585,75.1482],[-111.8839,75.139],[-111.8264,75.1613],[-111.6921,75.1695],[-111.6841,75.1439],[-111.5431,75.1767],[-111.4585,75.1666],[-111.3636,75.179],[-111.2939,75.2],[-111.2561,75.2326],[-111.1663,75.2648],[-111.0643,75.2791],[-111.0301,75.2624],[-110.9159,75.2511],[-110.912,75.2295],[-111.0043,75.2287],[-111.0393,75.1701],[-111.1547,75.1404],[-111.258,75.129],[-111.307,75.1017],[-111.2881,75.0849],[-111.47,75.0532],[-111.5845,75.0112],[-111.6823,74.9929],[-111.7894,74.9923],[-111.8674,75.0052],[-112.0936,75.0097],[-112.4217,75.0024],[-112.8519,74.9828],[-113.0613,74.953],[-113.2139,74.9059],[-113.1993,74.848],[-113.3499,74.8616],[-113.4476,74.8409],[-113.5664,74.845],[-114.0902,74.7863],[-114.2176,74.7613],[-114.4386,74.6969],[-114.4357,74.6675],[-114.2256,74.5837],[-114.0263,74.5285],[-113.7589,74.4668],[-113.5254,74.4281],[-113.208,74.4096],[-112.9097,74.4033],[-112.6832,74.4086],[-112.4602,74.4185],[-112.2975,74.4326],[-112.2164,74.4477],[-112.0062,74.4626],[-111.9725,74.4772],[-111.6797,74.5002],[-111.5515,74.5275],[-111.4013,74.5722],[-111.2755,74.5696],[-111.2483,74.5896],[-111.1322,74.597],[-111,74.6225],[-110.9264,74.6486],[-110.7674,74.669],[-110.7658,74.6822],[-110.5635,74.7125],[-110.6063,74.7592],[-110.6505,74.7742],[-110.5635,74.7907],[-110.4097,74.8049],[-110.3565,74.8462],[-110.1054,74.8392],[-110.0282,74.8266],[-109.9749,74.8579],[-109.8306,74.8757],[-109.8322,75.1607],[-109.8313,75.5342]]],[[[-118.4056,74.25],[-118.6391,74.2282],[-118.7692,74.2106],[-118.8715,74.1626],[-118.7827,74.1388],[-118.8067,74.0819],[-118.9185,74.0354],[-118.9626,74.0063],[-119.0646,74.0061],[-119.1706,73.9937],[-119.1173,74.0731],[-119.0559,74.0826],[-119.1036,74.2084],[-119.1442,74.2212],[-119.38,74.2184],[-119.4505,74.23],[-119.5169,74.21],[-119.5077,74.1889],[-119.6144,74.1388],[-119.7077,74.1531],[-119.6246,74.2159],[-119.6781,74.2419],[-119.8218,74.2506],[-119.9403,74.2659],[-120.0945,74.276],[-120.2735,74.3118],[-120.4005,74.3261],[-120.5477,74.3604],[-120.6333,74.3686],[-120.6835,74.3908],[-120.763,74.3998],[-120.9036,74.4322],[-120.9359,74.4286],[-121.0438,74.4802],[-121.1183,74.5263],[-121.2322,74.5411],[-121.3782,74.5424],[-121.4499,74.5565],[-121.5611,74.5602],[-121.7425,74.5516],[-122.0101,74.5165],[-122.174,74.4895],[-122.2988,74.4769],[-122.5186,74.4649],[-122.7666,74.4576],[-122.863,74.4631],[-123.1676,74.4469],[-123.2362,74.4504],[-123.4837,74.4262],[-124.0746,74.4046],[-124.2211,74.3905],[-124.6127,74.3656],[-124.7687,74.345],[-124.7043,74.322],[-124.6089,74.3106],[-124.6914,74.2892],[-124.5545,74.2799],[-124.5014,74.2519],[-124.5271,74.2206],[-124.3925,74.1492],[-124.4621,74.1083],[-124.4445,74.086],[-124.3563,74.0622],[-124.3559,74.0277],[-124.2546,73.9778],[-124.2401,73.9507],[-124.1815,73.9321],[-124.1936,73.8807],[-124.1352,73.8627],[-123.9582,73.855],[-123.8238,73.827],[-123.8186,73.7935],[-123.7682,73.7697],[-123.8415,73.7519],[-123.8306,73.7087],[-123.8823,73.7062],[-124.0521,73.6679],[-124.0557,73.6229],[-124.0146,73.5979],[-124.0697,73.5821],[-124.0574,73.531],[-124.1149,73.5074],[-124.2883,73.4943],[-124.3034,73.4694],[-124.4069,73.4258],[-124.3783,73.3816],[-124.4634,73.3696],[-124.5133,73.3396],[-124.5506,73.2879],[-124.5416,73.2497],[-124.6745,73.189],[-124.6642,73.1686],[-124.7607,73.1648],[-124.7828,73.1276],[-124.8476,73.1113],[-124.8664,73.0862],[-124.8182,73.0468],[-124.7124,73.0356],[-124.5465,72.9994],[-124.5189,72.9683],[-124.463,72.9434],[-124.5926,72.9046],[-124.7395,72.8871],[-124.7604,72.8975],[-124.9214,72.8774],[-125.1293,72.8599],[-125.0321,72.8345],[-125.0141,72.7892],[-124.9648,72.7604],[-125.0087,72.7241],[-124.9521,72.686],[-125.1009,72.6374],[-125.0803,72.6234],[-124.9629,72.6094],[-125.0219,72.5703],[-125.091,72.5453],[-125.2001,72.5211],[-125.3172,72.4784],[-125.3423,72.4465],[-125.3139,72.4269],[-125.3743,72.4141],[-125.4103,72.3807],[-125.5025,72.3384],[-125.4843,72.2765],[-125.5923,72.2549],[-125.6513,72.2627],[-125.6791,72.2339],[-125.6422,72.1854],[-125.754,72.1424],[-125.7469,72.1173],[-125.6929,72.0859],[-125.706,72.0482],[-125.7554,72.0036],[-125.817,71.9784],[-125.7496,71.9575],[-125.4626,71.9786],[-125.2742,71.9854],[-125.1325,71.9819],[-125.2327,71.9513],[-125.1409,71.9215],[-124.9332,71.8735],[-124.8384,71.846],[-124.6148,71.7948],[-124.3677,71.769],[-124.1826,71.7351],[-123.9696,71.6691],[-123.8462,71.5875],[-123.8107,71.5349],[-123.6273,71.498],[-123.5865,71.4235],[-123.5438,71.4016],[-123.4322,71.223],[-123.328,71.1661],[-123.0995,71.0789],[-122.9922,71.0884],[-122.7807,71.0882],[-122.6686,71.1554],[-122.508,71.2099],[-122.2383,71.2516],[-122.0884,71.2835],[-122.0156,71.3124],[-121.899,71.3994],[-121.7533,71.4501],[-121.8366,71.4921],[-121.7043,71.4848],[-121.6874,71.4698],[-121.5859,71.4726],[-121.5205,71.428],[-121.4009,71.3823],[-121.3122,71.383],[-121,71.4348],[-120.7984,71.4604],[-120.655,71.4893],[-120.529,71.5326],[-120.4673,71.5676],[-120.4276,71.6143],[-120.4069,71.6687],[-120.3696,71.6994],[-120.4452,71.743],[-120.3878,71.893],[-120.4477,71.936],[-120.4136,71.9713],[-120.2413,72.0444],[-120.22,72.0715],[-120.1683,72.0912],[-120.1259,72.1623],[-120.1898,72.227],[-120.2487,72.2393],[-120.2453,72.2654],[-120.1984,72.2817],[-120.1183,72.239],[-120.0075,72.2328],[-119.7765,72.2287],[-119.6503,72.2823],[-119.5287,72.3143],[-119.4381,72.3247],[-119.3437,72.3561],[-119.3128,72.3804],[-119.2761,72.4664],[-119.2292,72.4907],[-119.2332,72.5146],[-119.1595,72.5457],[-119.1755,72.5818],[-119.1545,72.6259],[-119.0934,72.652],[-119.0012,72.6643],[-118.8796,72.7073],[-118.7118,72.7481],[-118.5233,72.7587],[-118.4571,72.7746],[-118.4547,72.8011],[-118.344,72.8325],[-118.1855,72.8685],[-118.0023,72.8988],[-117.6493,72.9905],[-117.4461,73.053],[-117.3873,73.0513],[-117.2228,73.0651],[-117.2118,73.0865],[-117.1071,73.1103],[-116.9898,73.1238],[-116.8973,73.1554],[-116.7299,73.1892],[-116.6538,73.2223],[-116.5599,73.2318],[-116.4888,73.2551],[-116.2287,73.2843],[-116.2045,73.2956],[-115.9067,73.3264],[-115.8043,73.3418],[-115.6868,73.3816],[-115.634,73.3828],[-115.5334,73.4229],[-115.484,73.4234],[-115.414,73.46],[-115.2922,73.4829],[-115.3214,73.4984],[-115.3205,73.5389],[-115.3602,73.5577],[-115.6057,73.6451],[-115.6938,73.648],[-115.7335,73.6759],[-116.2753,73.8672],[-116.7063,74.027],[-117.2026,74.1843],[-117.3858,74.2246],[-117.6219,74.2516],[-118.0554,74.2816],[-118.1682,74.2792],[-118.4056,74.25]]],[[[-109.8453,72.4442],[-109.9326,72.474],[-110.0019,72.4452],[-110.0961,72.463],[-110.1871,72.5136],[-110.2799,72.5347],[-110.3157,72.5593],[-110.3678,72.5596],[-110.41,72.5198],[-110.5053,72.5217],[-110.5099,72.5005],[-110.3817,72.4701],[-110.517,72.4714],[-110.5932,72.5095],[-110.4955,72.5422],[-110.6226,72.5755],[-110.7343,72.5639],[-110.8181,72.5091],[-110.7354,72.4775],[-110.9312,72.4893],[-110.9763,72.477],[-110.9419,72.4487],[-111.0743,72.3945],[-111.0755,72.3375],[-111.2164,72.3677],[-111.2761,72.3896],[-111.2958,72.4254],[-111.1815,72.4565],[-111.2256,72.4702],[-111.3134,72.4565],[-111.44,72.4073],[-111.527,72.3937],[-111.5867,72.3669],[-111.5535,72.3389],[-111.3853,72.3455],[-111.4392,72.3238],[-111.5492,72.3125],[-111.5916,72.2875],[-111.6709,72.2829],[-111.6617,72.3131],[-111.5938,72.3296],[-111.67,72.359],[-111.7035,72.3366],[-111.8206,72.3244],[-111.862,72.3358],[-111.9786,72.3004],[-112.026,72.3176],[-111.7257,72.402],[-111.6455,72.4085],[-111.49,72.4455],[-111.3894,72.4937],[-111.4707,72.5041],[-111.3365,72.5518],[-111.2482,72.567],[-111.2158,72.6118],[-111.183,72.6251],[-111.1797,72.6662],[-111.2477,72.6883],[-111.2278,72.7133],[-111.2524,72.7391],[-111.3071,72.7479],[-111.4201,72.7391],[-111.4169,72.7754],[-111.5515,72.8064],[-111.7015,72.8192],[-111.8147,72.8381],[-112.0223,72.8928],[-112.1971,72.8953],[-112.3663,72.9179],[-112.4375,72.9428],[-112.6282,72.9753],[-112.7453,72.9808],[-112.8154,72.9942],[-113.0048,73.0122],[-113.0918,73.0117],[-113.2303,72.9895],[-113.3603,72.9282],[-113.4468,72.857],[-113.6052,72.7756],[-113.5769,72.7552],[-113.4099,72.7489],[-113.4288,72.6739],[-113.5301,72.6577],[-113.6048,72.635],[-113.709,72.6375],[-113.5631,72.6701],[-113.5099,72.7026],[-113.8068,72.6476],[-113.8618,72.6432],[-113.945,72.6603],[-114.0597,72.6503],[-114.1076,72.631],[-114.2453,72.6001],[-114.3627,72.5573],[-114.5149,72.5726],[-114.5869,72.6108],[-114.5228,72.6325],[-114.452,72.6323],[-114.3603,72.6764],[-114.2915,72.6826],[-114.3083,72.7142],[-114.3628,72.7406],[-114.3305,72.7654],[-114.2588,72.7738],[-114.2279,72.7991],[-114.0017,72.809],[-113.9398,72.8295],[-114.0118,72.8694],[-114.0237,72.9169],[-113.9905,72.9352],[-114.0284,72.9731],[-114.0153,73.0035],[-113.9435,73.0308],[-113.9649,73.0556],[-113.934,73.1087],[-113.9427,73.1575],[-114.0185,73.2307],[-114.1504,73.2942],[-114.2006,73.3256],[-114.3212,73.3526],[-114.4697,73.3758],[-114.7105,73.3753],[-114.7417,73.3511],[-114.8768,73.3199],[-115.0679,73.2946],[-115.1495,73.2721],[-115.2435,73.2757],[-115.4057,73.2256],[-115.7322,73.1861],[-115.7939,73.1712],[-115.9722,73.1458],[-116.0791,73.1245],[-116.1435,73.1269],[-116.3107,73.0968],[-116.448,73.0607],[-116.5534,73.0593],[-116.8014,72.9864],[-117.0077,72.9644],[-117.1498,72.94],[-117.321,72.9251],[-117.4187,72.8889],[-117.5507,72.811],[-117.6149,72.7819],[-117.6803,72.7722],[-117.834,72.7128],[-117.9131,72.6917],[-117.9988,72.687],[-118.0635,72.6598],[-118.166,72.6419],[-118.2515,72.5955],[-118.496,72.5089],[-118.545,72.4645],[-118.5434,72.395],[-118.4544,72.3583],[-118.3023,72.3497],[-118.1703,72.3537],[-118.0964,72.3267],[-118.0783,72.3034],[-118.084,72.2433],[-118.1424,72.2238],[-118.2464,72.2213],[-118.4601,72.1881],[-118.519,72.1925],[-118.5832,72.1688],[-118.66,72.119],[-118.6653,72.0906],[-118.7095,72.0618],[-118.8616,72.0201],[-118.9516,71.979],[-119.0539,71.9188],[-119.1142,71.8504],[-119.1212,71.7636],[-119.0921,71.725],[-119.0766,71.6712],[-118.9939,71.6237],[-118.8976,71.5935],[-118.8554,71.6355],[-118.8538,71.6623],[-118.6108,71.6647],[-118.4877,71.6602],[-118.3851,71.627],[-118.4062,71.6074],[-118.3279,71.5827],[-118.2818,71.5994],[-118.1654,71.6062],[-118.185,71.6216],[-118.1211,71.6553],[-118.0405,71.6783],[-117.8161,71.6607],[-117.9266,71.6372],[-117.8803,71.6188],[-117.7807,71.6035],[-117.7331,71.5546],[-117.7637,71.5326],[-117.9563,71.549],[-118.0566,71.5525],[-118.2073,71.5205],[-118.3068,71.473],[-118.2877,71.4338],[-118.2362,71.3951],[-118.1541,71.3823],[-117.9956,71.3777],[-117.8166,71.389],[-117.6962,71.3884],[-117.5735,71.3765],[-117.5134,71.3834],[-117.474,71.4396],[-117.6403,71.4747],[-117.4925,71.4937],[-117.4638,71.4644],[-117.3882,71.4571],[-117.4108,71.4119],[-117.3967,71.3917],[-117.3046,71.3941],[-117.2462,71.4176],[-117.1774,71.4069],[-117.082,71.4356],[-117.0155,71.4416],[-116.897,71.4309],[-116.8099,71.4386],[-116.6841,71.4713],[-116.548,71.4747],[-116.2934,71.5097],[-116.1707,71.5007],[-115.8485,71.5396],[-115.688,71.5637],[-115.6299,71.5646],[-115.4226,71.5411],[-115.5156,71.5262],[-115.4664,71.5012],[-115.3107,71.4944],[-115.1481,71.5216],[-115.1272,71.5044],[-115.3104,71.4767],[-115.3367,71.4569],[-115.4744,71.483],[-115.5823,71.4861],[-115.5782,71.509],[-115.7114,71.4912],[-115.7836,71.4928],[-115.953,71.4709],[-116.0157,71.4506],[-116.133,71.4426],[-116.0431,71.4166],[-115.9258,71.4064],[-115.9099,71.3926],[-115.8075,71.4006],[-115.6982,71.3943],[-115.7367,71.3709],[-116.0709,71.361],[-116.1412,71.3525],[-116.2395,71.3701],[-116.487,71.3352],[-116.5696,71.3293],[-116.6124,71.314],[-116.7199,71.3058],[-116.8173,71.2808],[-116.8283,71.2536],[-116.983,71.2387],[-117.0511,71.2455],[-117.2321,71.2182],[-117.4251,71.2007],[-117.5608,71.1831],[-117.8114,71.168],[-118.0545,71.116],[-118.2314,71.0616],[-118.3264,71.0464],[-118.4107,70.9994],[-118.4174,70.9784],[-118.3626,70.9594],[-118.2472,70.8776],[-118.1754,70.8449],[-118.0456,70.8003],[-117.9513,70.7806],[-117.6869,70.7088],[-117.6559,70.7084],[-117.7049,70.653],[-117.6681,70.6375],[-117.5091,70.6021],[-117.4739,70.6217],[-117.3308,70.6274],[-117.3005,70.607],[-117.1824,70.6203],[-117.0468,70.6162],[-116.9399,70.6192],[-116.9215,70.6063],[-116.7308,70.6056],[-116.5956,70.6163],[-116.5755,70.6329],[-116.4539,70.6304],[-116.3466,70.6413],[-116.229,70.6342],[-116.1718,70.5924],[-116.0711,70.5975],[-116.0395,70.5733],[-115.9398,70.5821],[-115.9205,70.5963],[-115.6807,70.6092],[-115.6503,70.5948],[-115.3631,70.6125],[-115.2719,70.6008],[-115.1167,70.6119],[-115.0765,70.6027],[-114.9462,70.6101],[-114.7867,70.6384],[-114.7421,70.6228],[-114.5073,70.6426],[-114.428,70.6771],[-114.3272,70.6877],[-114.1816,70.6744],[-114.1304,70.6766],[-113.9678,70.7207],[-113.7998,70.7011],[-113.7254,70.6989],[-113.6657,70.6711],[-113.5695,70.6484],[-113.4989,70.6585],[-113.4421,70.6831],[-113.3798,70.6534],[-113.3058,70.6619],[-113.1653,70.6436],[-113.0586,70.6008],[-112.9355,70.5817],[-112.6388,70.5631],[-112.5387,70.5288],[-112.4792,70.5262],[-112.4353,70.5413],[-112.2941,70.5317],[-112.2715,70.5116],[-112.1576,70.5138],[-112.0768,70.4938],[-112.0386,70.4632],[-112.0391,70.4357],[-111.9798,70.3881],[-111.8369,70.3641],[-111.6816,70.3612],[-111.6385,70.3688],[-111.4934,70.3569],[-111.4405,70.3302],[-111.5061,70.3174],[-111.6228,70.3242],[-111.6233,70.3103],[-111.4821,70.288],[-111.5387,70.2764],[-111.5919,70.2862],[-111.6581,70.2734],[-111.8221,70.2843],[-111.9712,70.2694],[-112.1177,70.2869],[-112.2657,70.2741],[-112.3274,70.231],[-112.506,70.234],[-112.4772,70.212],[-112.5226,70.1992],[-112.7537,70.2196],[-112.7889,70.2363],[-113.0056,70.2396],[-113.1292,70.2652],[-113.1938,70.2651],[-113.2534,70.2828],[-113.4886,70.2814],[-113.6281,70.2685],[-113.7461,70.2808],[-113.8545,70.2753],[-114.0134,70.288],[-114.1289,70.3168],[-114.3221,70.3271],[-114.5133,70.3228],[-114.5933,70.3106],[-114.8922,70.2874],[-114.982,70.2923],[-115.1026,70.2879],[-115.5158,70.2548],[-115.5779,70.2563],[-115.8547,70.2314],[-115.9532,70.231],[-116.1563,70.2136],[-116.2082,70.1998],[-116.4555,70.1827],[-116.7648,70.1467],[-116.7942,70.1373],[-116.9823,70.1224],[-117.2877,70.0617],[-117.3605,70.0399],[-117.3902,69.9769],[-117.3399,69.9362],[-117.2906,69.859],[-117.2939,69.8321],[-117.2339,69.8078],[-117.2593,69.791],[-117.213,69.7571],[-117.1401,69.7258],[-116.99,69.6925],[-116.4656,69.7028],[-116.7552,69.7864],[-116.9242,69.8799],[-117.0135,69.9566],[-117.0228,70.0003],[-116.3541,69.9993],[-114.5001,70],[-113.8441,70.0001],[-112.8251,70.0025],[-112.8183,69.8473],[-112.5181,69.8476],[-112.5108,70.0017],[-111.9989,70.0011],[-109.8618,69.9981],[-109.8594,70.3061],[-109.8575,70.6197],[-109.8539,71.0899],[-109.8519,71.4523],[-109.8496,71.6976],[-109.8468,72.0784],[-109.8453,72.4442]]],[[[-102,60],[-102,60.225],[-102,60.5188],[-102,60.9063],[-102,61.15],[-102,61.4438],[-102,61.8563],[-102,62.0938],[-102,62.4688],[-102,62.7125],[-102,63.0688],[-102,63.2875],[-102,63.6375],[-102,63.9625],[-102,64.1891],[-102.5032,64.242],[-103.3224,64.3241],[-104,64.3882],[-104.875,64.466],[-105.3557,64.5038],[-106.1031,64.5593],[-107.04,64.624],[-107.6647,64.6641],[-108.2713,64.7004],[-108.8379,64.7321],[-109.0249,64.8314],[-109.4428,64.9996],[-109.6788,65.0977],[-110.5384,65.4458],[-111.6005,65.4491],[-112.5834,65.4471],[-114.3138,66.0547],[-115.0127,66.287],[-116.6311,66.7974],[-117.0655,66.9292],[-117.7782,67.0571],[-118.5942,67.1989],[-119.3334,67.4113],[-120.0142,67.6082],[-120.6308,67.78],[-120.5936,68.1923],[-120.5907,68.2491],[-120.6055,68.6234],[-120.7248,69.5738],[-120.7666,69.6079],[-120.8419,69.6381],[-120.9419,69.6645],[-121.1282,69.6881],[-121.2588,69.7202],[-121.3536,69.7635],[-121.3983,69.7734],[-121.5334,69.7686],[-121.6452,69.7798],[-121.7354,69.8039],[-121.9217,69.8167],[-121.9463,69.8092],[-122.0923,69.8136],[-122.1153,69.8008],[-122.1982,69.799],[-122.2227,69.8168],[-122.3412,69.8259],[-122.4324,69.8071],[-122.5951,69.8085],[-122.6342,69.8273],[-122.7111,69.8221],[-122.7903,69.7933],[-122.8326,69.7939],[-122.9426,69.8163],[-123.0425,69.809],[-123.0612,69.7866],[-123.1288,69.7683],[-123.0979,69.7496],[-123.0875,69.6732],[-123.1598,69.607],[-123.1371,69.5979],[-123.1293,69.5535],[-123.1637,69.5],[-123.2116,69.4788],[-123.275,69.4842],[-123.3622,69.4749],[-123.3896,69.4571],[-123.3816,69.4153],[-123.4539,69.4],[-123.4658,69.385],[-123.6647,69.352],[-123.7141,69.3333],[-123.8456,69.3328],[-123.9417,69.3922],[-124.0283,69.3801],[-124.0327,69.3403],[-124.0886,69.3524],[-124.1456,69.3345],[-124.347,69.3379],[-124.4258,69.3665],[-124.4971,69.3676],[-124.5452,69.4025],[-124.4381,69.4315],[-124.4514,69.4735],[-124.3853,69.5087],[-124.2548,69.5551],[-124.1938,69.634],[-124.04,69.6791],[-124.0951,69.7186],[-124.2095,69.7235],[-124.2929,69.6955],[-124.4694,69.7081],[-124.512,69.7253],[-124.4828,69.7585],[-124.4922,69.784],[-124.4414,69.8363],[-124.4046,69.8447],[-124.4351,69.8725],[-124.4392,69.9081],[-124.4094,69.9311],[-124.4766,69.9627],[-124.4936,70.0067],[-124.366,70.0063],[-124.3464,70.0388],[-124.3685,70.0809],[-124.4469,70.1072],[-124.3807,70.1225],[-124.3996,70.1439],[-124.5027,70.1297],[-124.5257,70.1477],[-124.5964,70.1543],[-124.5057,70.1798],[-124.5747,70.1873],[-124.7437,70.1748],[-124.6944,70.1518],[-124.7567,70.1146],[-124.6335,70.1025],[-124.5666,70.0844],[-124.5257,70.0603],[-124.444,70.0723],[-124.4401,70.0304],[-124.5092,70.0501],[-124.5779,70.0046],[-124.6252,70.0164],[-124.626,70.0675],[-124.7192,70.0639],[-124.8935,70.041],[-124.8737,70.0201],[-124.986,70.0093],[-124.9866,70.0672],[-125.206,70.0155],[-125.1942,69.9588],[-125.1279,69.9338],[-125.0996,69.9667],[-125.028,70.0014],[-124.9533,69.9909],[-124.9201,70.0111],[-124.8281,69.9982],[-124.8197,69.9675],[-124.74,69.9795],[-124.7218,70.0146],[-124.6737,70.008],[-124.6404,69.9767],[-124.663,69.9651],[-124.7863,69.9601],[-124.887,69.9389],[-124.9532,69.9112],[-125.0063,69.8617],[-125.0335,69.859],[-125.034,69.8083],[-125.0805,69.7837],[-125.1825,69.7877],[-125.1886,69.8163],[-125.25,69.8269],[-125.2817,69.8007],[-125.2475,69.7574],[-125.1782,69.7655],[-124.8709,69.7255],[-124.8679,69.6711],[-124.9376,69.6451],[-124.9643,69.6832],[-124.9695,69.731],[-125.049,69.7433],[-125.1388,69.726],[-125.2075,69.7036],[-125.2201,69.6824],[-125.2901,69.691],[-125.3881,69.6748],[-125.4223,69.6214],[-125.4087,69.5913],[-125.2652,69.5909],[-125.2953,69.5229],[-125.1361,69.49],[-125.3632,69.4979],[-125.3872,69.5079],[-125.5247,69.5021],[-125.5866,69.4785],[-125.6195,69.4225],[-125.5293,69.431],[-125.4274,69.4518],[-125.2654,69.4549],[-125.1836,69.4484],[-125.1523,69.417],[-125.1518,69.388],[-125.1829,69.373],[-125.3508,69.3787],[-125.3709,69.3416],[-125.4617,69.3111],[-125.6072,69.3373],[-125.6189,69.3553],[-125.6978,69.384],[-125.797,69.3722],[-125.9289,69.3924],[-126.111,69.4651],[-126.2641,69.5149],[-126.3815,69.5796],[-126.5378,69.6525],[-126.6689,69.7212],[-126.7258,69.7622],[-126.8282,69.8908],[-126.8245,69.9077],[-126.8747,69.9496],[-126.8835,69.9897],[-126.9139,70.0038],[-127.0738,70.1668],[-127.1759,70.2378],[-127.3852,70.3572],[-127.5351,70.4189],[-127.7374,70.4856],[-128.0077,70.5628],[-128.0927,70.5325],[-128.1614,70.4903],[-128.2123,70.3869],[-128.1551,70.3593],[-128.0134,70.3547],[-127.9443,70.3675],[-127.9416,70.3342],[-128.1249,70.3463],[-128.0644,70.2834],[-128.0101,70.2669],[-127.9103,70.2647],[-127.816,70.2467],[-127.7257,70.2492],[-127.5668,70.234],[-127.6903,70.1948],[-127.7592,70.1867],[-127.9232,70.1823],[-128,70.1691],[-128.1418,70.1563],[-128.0649,70.1271],[-127.9267,70.0881],[-127.9401,70.0622],[-128,70.0705],[-128.1265,70.1091],[-128.1288,70.1253],[-128.2188,70.1422],[-128.3428,70.1232],[-128.3917,70.0943],[-128.4006,70.064],[-128.2957,69.9801],[-128.3162,69.9381],[-128.4166,69.9255],[-128.6139,69.8682],[-128.6647,69.8192],[-128.7772,69.7799],[-128.8149,69.7458],[-128.96,69.7292],[-129.0515,69.7021],[-129.1465,69.6856],[-129.1688,69.7162],[-129.141,69.7445],[-129.1499,69.7948],[-129.1888,69.8401],[-129.3425,69.837],[-129.5172,69.811],[-129.5959,69.8105],[-129.7116,69.772],[-129.7887,69.7673],[-129.9735,69.7352],[-130.0873,69.7011],[-130.3437,69.6818],[-130.3904,69.6531],[-130.3841,69.6358],[-130.4417,69.6113],[-130.4599,69.5646],[-130.5953,69.4954],[-130.5753,69.4751],[-130.6414,69.407],[-130.7239,69.3803],[-130.8538,69.3518],[-130.8242,69.3201],[-130.9043,69.3082],[-130.9208,69.3743],[-130.9948,69.381],[-130.9433,69.4247],[-131.0064,69.5081],[-131.0416,69.4809],[-131.1252,69.5596],[-131.0949,69.5937],[-131.1901,69.5962],[-131.2214,69.5564],[-131.1549,69.5373],[-131.1158,69.512],[-131.1857,69.5048],[-131.2466,69.5468],[-131.1575,69.4147],[-131.1983,69.4135],[-131.2309,69.4761],[-131.2974,69.4961],[-131.3827,69.4587],[-131.4705,69.4568],[-131.3875,69.4162],[-131.4452,69.3905],[-131.4186,69.3588],[-131.4646,69.3331],[-131.5066,69.3767],[-131.4417,69.419],[-131.4678,69.4322],[-131.5614,69.4342],[-131.6539,69.3983],[-131.7612,69.409],[-131.8196,69.4031],[-131.8841,69.4135],[-131.9296,69.3922],[-131.8456,69.3694],[-131.7298,69.3774],[-131.7687,69.3516],[-131.7824,69.3204],[-131.8768,69.2775],[-132.0522,69.2193],[-132.1967,69.2004],[-132.2876,69.1781],[-132.2998,69.2184],[-132.3708,69.1989],[-132.3748,69.1335],[-132.4241,69.1058],[-132.533,69.1069],[-132.5805,69.1161],[-132.6459,69.0947],[-132.6853,69.0691],[-132.8008,69.0692],[-132.8855,69.0454],[-132.8652,68.9722],[-132.7761,68.9316],[-132.8452,68.8979],[-132.7229,68.8578],[-132.8011,68.854],[-132.7949,68.834],[-132.6804,68.8249],[-132.585,68.8863],[-132.5273,68.897],[-132.4086,68.8459],[-132.4157,68.8114],[-132.4762,68.8254],[-132.4999,68.7929],[-132.576,68.7946],[-132.6963,68.8124],[-132.7054,68.7844],[-132.8364,68.8136],[-132.8982,68.8439],[-132.9783,68.8379],[-132.9509,68.8064],[-133.1594,68.8099],[-133.2012,68.8435],[-133.2821,68.8514],[-133.3836,68.843],[-133.3718,68.8172],[-133.2946,68.777],[-133.2401,68.7288],[-133.3346,68.7407],[-133.5023,68.7954],[-133.5136,68.817],[-133.4255,68.8716],[-133.3576,68.8539],[-133.3295,68.8739],[-133.2521,68.8972],[-133.2255,68.9659],[-133.2496,68.9826],[-133.2108,69.0299],[-133.1242,69.0461],[-133.0398,69.0446],[-132.96,69.0211],[-132.9174,69.0318],[-132.9219,69.068],[-132.8538,69.0911],[-132.9121,69.1025],[-132.9037,69.1284],[-132.8477,69.1834],[-132.8596,69.1996],[-132.7877,69.2173],[-132.8142,69.2339],[-132.7722,69.25],[-132.5982,69.2723],[-132.5489,69.2585],[-132.524,69.1631],[-132.4895,69.1942],[-132.5077,69.2156],[-132.441,69.2309],[-132.465,69.2508],[-132.441,69.2902],[-132.3832,69.2726],[-132.3246,69.3029],[-132.0809,69.3797],[-132.1457,69.3991],[-132.0957,69.4665],[-132.0546,69.5007],[-132,69.5163],[-131.8922,69.5145],[-131.8572,69.534],[-131.7798,69.5534],[-131.5855,69.5484],[-131.4416,69.5705],[-131.3369,69.5609],[-131.2548,69.5755],[-131.2325,69.598],[-131.1188,69.6046],[-131.054,69.5885],[-130.9701,69.5464],[-130.856,69.573],[-130.8558,69.598],[-130.7713,69.6629],[-130.6161,69.6827],[-130.5688,69.7031],[-130.6055,69.7293],[-130.5635,69.7587],[-130.4812,69.7585],[-130.4177,69.7792],[-130.3435,69.8183],[-130.2685,69.8132],[-130.2226,69.8435],[-130.0764,69.8619],[-129.95,69.9052],[-129.8711,69.9157],[-129.8042,69.9366],[-129.6973,69.9548],[-129.5404,69.9922],[-129.4905,70.023],[-129.4339,70.0402],[-129.4145,70.081],[-129.5044,70.101],[-129.4789,70.1158],[-129.6158,70.1656],[-129.6146,70.1887],[-129.6535,70.2124],[-129.7715,70.2145],[-129.787,70.1871],[-129.7447,70.1757],[-129.7913,70.1254],[-129.8655,70.1183],[-129.8782,70.0583],[-129.932,70.052],[-130.0981,70.0537],[-130.1569,70.0374],[-130.2676,70.0734],[-130.3288,70.0634],[-130.3998,70.1011],[-130.5355,70.089],[-130.556,70.1127],[-130.6333,70.1098],[-130.6592,70.0809],[-130.7234,70.0635],[-130.8022,70.0822],[-130.8465,70.0647],[-130.9042,70.0662],[-130.9242,70.0268],[-131.0399,70],[-131.0919,69.904],[-131.0894,69.8873],[-131.2141,69.8124],[-131.2352,69.8349],[-131.2072,69.8842],[-131.2411,69.9192],[-131.3304,69.9405],[-131.4227,69.9405],[-131.4626,69.9087],[-131.4358,69.89],[-131.647,69.8617],[-131.7168,69.836],[-131.7335,69.8152],[-131.842,69.7663],[-131.9178,69.7687],[-131.9762,69.7508],[-131.9741,69.7116],[-132.0412,69.6962],[-132.1237,69.7192],[-132.172,69.6841],[-132.3079,69.7164],[-132.3961,69.7301],[-132.4355,69.7127],[-132.5491,69.7325],[-132.5649,69.7093],[-132.6415,69.6714],[-132.6013,69.6572],[-132.5313,69.68],[-132.346,69.6747],[-132.3493,69.6578],[-132.4722,69.6223],[-132.6718,69.6488],[-132.7103,69.6324],[-132.8261,69.6331],[-132.9009,69.6466],[-133.0144,69.5749],[-132.9817,69.5711],[-132.9702,69.4892],[-133.0017,69.4737],[-132.9658,69.443],[-133.1158,69.3953],[-133.2004,69.3863],[-133.3547,69.3818],[-133.3978,69.3935],[-133.518,69.3952],[-133.6338,69.3753],[-133.7084,69.3203],[-133.7688,69.3294],[-133.9137,69.3228],[-133.9223,69.397],[-133.884,69.411],[-133.7874,69.4856],[-133.8228,69.5232],[-133.8795,69.5258],[-133.8809,69.4946],[-133.9621,69.4952],[-133.9991,69.5127],[-134.0104,69.5445],[-134.132,69.5252],[-134.1841,69.5363],[-134.2288,69.5872],[-134.1816,69.6109],[-134.2431,69.6318],[-134.2289,69.6566],[-134.3364,69.6685],[-134.3598,69.6934],[-134.465,69.6892],[-134.4275,69.6235],[-134.4657,69.5721],[-134.4978,69.5619],[-134.4957,69.5234],[-134.6223,69.5234],[-134.591,69.4865],[-134.5288,69.506],[-134.4496,69.4909],[-134.4264,69.4684],[-134.476,69.4374],[-134.5876,69.4357],[-134.6206,69.4541],[-134.7056,69.4694],[-134.7829,69.4595],[-134.8254,69.4812],[-134.9386,69.4732],[-134.9874,69.4613],[-135.0405,69.4695],[-135.3052,69.4218],[-135.3009,69.3923],[-135.263,69.358],[-135.2447,69.3198],[-135.2643,69.3047],[-135.2085,69.2689],[-135.2597,69.2678],[-135.4305,69.3193],[-135.4894,69.3276],[-135.5501,69.3124],[-135.6157,69.3262],[-135.6594,69.3011],[-135.7448,69.3193],[-135.8535,69.2943],[-135.8696,69.2628],[-135.8119,69.218],[-135.744,69.1951],[-135.6923,69.1492],[-135.936,69.2426],[-136.0077,69.1996],[-135.9843,69.1391],[-135.9457,69.1005],[-135.8923,69.0781],[-135.7175,69.036],[-135.7082,68.9817],[-135.787,68.9813],[-135.7831,68.9636],[-135.7218,68.9279],[-135.6439,68.8964],[-135.6511,68.8777],[-135.5717,68.8465],[-135.5107,68.809],[-135.4308,68.7734],[-135.3758,68.7659],[-135.362,68.7361],[-135.2688,68.7004],[-135.3264,68.6606],[-135.4232,68.6823],[-135.5082,68.7291],[-135.6,68.7574],[-135.6664,68.7505],[-135.7354,68.7637],[-135.7878,68.801],[-135.9499,68.8327],[-135.9917,68.847],[-136.0537,68.8389],[-136.1282,68.8736],[-136.1916,68.8646],[-136.4687,68.8892],[-136.4687,68.8857],[-136.4686,68.8797],[-136.4686,68.8701],[-136.4686,68.8695],[-136.4666,68.4793],[-136.462,68.0655],[-136.4583,67.8129],[-136.4488,67.6495],[-136.3594,67.6284],[-136.2899,67.6342],[-136.2414,67.6109],[-136.2,67.5617],[-136.2187,67.5134],[-136.1699,67.5038],[-136.2021,67.4819],[-136.1787,67.4577],[-136.2221,67.4055],[-136.14,67.3664],[-136.1355,67.33],[-136.0866,67.3007],[-136.1272,67.2735],[-136.1375,67.2326],[-136.2351,67.1725],[-136.1915,67.1439],[-136.2324,67.1067],[-136.1644,67],[-135.5125,67],[-134.575,67],[-133.8296,67],[-133.8469,66.9837],[-134.0142,66.9858],[-134.1178,66.9569],[-134.0917,66.9369],[-134.0007,66.9094],[-133.9433,66.9053],[-133.8503,66.8549],[-133.833,66.826],[-133.7597,66.801],[-133.7759,66.7652],[-133.8463,66.7228],[-133.7481,66.679],[-133.7934,66.6494],[-133.7176,66.625],[-133.6768,66.5832],[-133.5824,66.5623],[-133.5882,66.55],[-133.6901,66.5279],[-133.6934,66.5035],[-133.6098,66.4361],[-133.6393,66.43],[-133.7342,66.4404],[-133.7664,66.4178],[-133.7681,66.3662],[-133.8354,66.3172],[-133.7858,66.2954],[-133.6262,66.2986],[-133.5805,66.2861],[-133.5535,66.257],[-133.568,66.209],[-133.5489,66.17],[-133.6017,66.1343],[-133.6579,66.1218],[-133.6907,66.0712],[-133.6813,66.0591],[-133.5986,66.0565],[-133.6583,65.9597],[-133.595,65.9359],[-133.5258,65.9543],[-133.4469,65.9335],[-133.4052,65.9389],[-133.2686,65.9958],[-133.1963,66.0069],[-133.1281,66.0309],[-133.0558,66.0192],[-132.9211,66.0204],[-132.9123,66.0015],[-133.0215,65.9188],[-132.9092,65.884],[-132.8372,65.9004],[-132.8053,65.9206],[-132.7993,65.9505],[-132.6566,66.0158],[-132.5683,66.0229],[-132.5404,66.015],[-132.4945,65.972],[-132.3779,65.989],[-132.3501,65.9523],[-132.4609,65.9305],[-132.5309,65.9059],[-132.5964,65.8567],[-132.5637,65.8302],[-132.4846,65.8012],[-132.4144,65.7888],[-132.3545,65.7469],[-132.3135,65.7399],[-132.2832,65.7047],[-132.2986,65.686],[-132.2447,65.6667],[-132.1988,65.6186],[-132.1683,65.6024],[-132.2149,65.5531],[-132.2834,65.5006],[-132.2754,65.4577],[-132.3494,65.4294],[-132.3764,65.4024],[-132.4463,65.3882],[-132.5371,65.3505],[-132.5664,65.284],[-132.657,65.2781],[-132.6694,65.2597],[-132.7479,65.2274],[-132.7067,65.1993],[-132.7727,65.183],[-132.7269,65.1584],[-132.6567,65.1408],[-132.5966,65.1463],[-132.5548,65.1712],[-132.5093,65.1735],[-132.5427,65.0899],[-132.3361,65.0607],[-132.3377,65.0383],[-132.4056,65.01],[-132.4142,64.9844],[-132.4903,64.9624],[-132.4913,64.9356],[-132.4623,64.9016],[-132.5111,64.8662],[-132.5869,64.8346],[-132.6276,64.8297],[-132.5592,64.7961],[-132.546,64.7702],[-132.4642,64.7887],[-132.422,64.7778],[-132.357,64.7832],[-132.2991,64.7612],[-132.2162,64.7429],[-132.1243,64.7037],[-132.0377,64.6964],[-131.9381,64.5903],[-131.8554,64.5378],[-131.6846,64.5214],[-131.7075,64.5082],[-131.676,64.4855],[-131.716,64.4755],[-131.8249,64.4247],[-131.8583,64.3813],[-131.8084,64.3688],[-131.7654,64.3798],[-131.7214,64.3703],[-131.6763,64.3772],[-131.6235,64.3537],[-131.5595,64.3833],[-131.451,64.3919],[-131.3805,64.4357],[-131.2955,64.4468],[-131.2251,64.4216],[-131.1474,64.4038],[-131.0682,64.3613],[-131.0629,64.3283],[-131.0266,64.3047],[-131.0737,64.2729],[-130.9826,64.2507],[-130.9472,64.223],[-130.944,64.1858],[-130.8708,64.1857],[-130.8591,64.172],[-130.9051,64.146],[-130.9528,64.1411],[-130.9554,64.1133],[-130.8835,64.082],[-130.8703,64.0319],[-130.809,64.0405],[-130.7233,64.0266],[-130.7717,64.0089],[-130.7757,63.9763],[-130.6887,63.9463],[-130.6306,63.9476],[-130.5921,63.9217],[-130.5382,63.9257],[-130.4429,63.8911],[-130.3944,63.853],[-130.3691,63.8485],[-130.3394,63.8133],[-130.1442,63.8614],[-130.1377,63.7993],[-130.1063,63.7874],[-130.1012,63.7542],[-130.1896,63.742],[-130.2157,63.7178],[-130.318,63.7138],[-130.3397,63.6909],[-130.2686,63.6448],[-130.2321,63.6476],[-130.1062,63.6885],[-130.0725,63.6829],[-130.0993,63.6326],[-130.0814,63.608],[-129.9625,63.6098],[-129.9281,63.592],[-129.9603,63.5658],[-129.8974,63.5529],[-129.8705,63.5217],[-129.7849,63.446],[-129.8743,63.4575],[-129.9085,63.4176],[-129.8662,63.3671],[-129.9904,63.3276],[-130.0408,63.3299],[-130.058,63.3042],[-130.1083,63.3056],[-130.1453,63.2888],[-130.13,63.2668],[-130.1578,63.2424],[-130.0488,63.2524],[-130.0139,63.2364],[-129.9876,63.1989],[-129.9426,63.1831],[-129.9105,63.1921],[-129.8135,63.1037],[-129.821,63.0824],[-129.7407,63.0605],[-129.6736,63.0616],[-129.6132,63.073],[-129.5886,63.0422],[-129.6752,62.9265],[-129.7097,62.9077],[-129.6842,62.8759],[-129.75,62.8811],[-129.7433,62.8384],[-129.6653,62.8142],[-129.6656,62.7957],[-129.608,62.7495],[-129.5901,62.701],[-129.5667,62.6812],[-129.4852,62.6624],[-129.505,62.6404],[-129.4623,62.6204],[-129.4646,62.5951],[-129.5226,62.5754],[-129.4824,62.5511],[-129.4393,62.5779],[-129.387,62.5713],[-129.3243,62.5246],[-129.2125,62.5045],[-129.1741,62.445],[-129.2227,62.4411],[-129.2385,62.4141],[-129.2849,62.3997],[-129.2631,62.3743],[-129.1895,62.3616],[-129.2563,62.328],[-129.2645,62.2999],[-129.2459,62.2822],[-129.2697,62.258],[-129.2217,62.2364],[-129.205,62.2092],[-129.1633,62.204],[-129.1939,62.1681],[-129.1998,62.1394],[-129.1289,62.0995],[-129.073,62.0983],[-128.9447,62.1191],[-128.9205,62.0955],[-128.8516,62.0994],[-128.8198,62.0875],[-128.809,62.0483],[-128.7304,62.0431],[-128.7194,62.0692],[-128.669,62.1091],[-128.5978,62.1072],[-128.5496,62.1163],[-128.4102,62.0428],[-128.3884,62.0201],[-128.3479,62.0148],[-128.3501,61.9735],[-128.3048,61.9491],[-128.2486,61.937],[-128.2083,61.887],[-128.1883,61.8284],[-128.1496,61.8379],[-128.054,61.8327],[-128.0207,61.8235],[-127.986,61.7916],[-128.0126,61.7532],[-128.0475,61.7287],[-127.9119,61.6694],[-127.8819,61.6676],[-127.8329,61.6297],[-127.7668,61.5941],[-127.6685,61.5826],[-127.6227,61.5322],[-127.5699,61.5239],[-127.4692,61.4852],[-127.4224,61.4968],[-127.3635,61.4912],[-127.3164,61.5001],[-127.2378,61.5002],[-127.2024,61.49],[-127.1917,61.4611],[-127.103,61.4582],[-127.0851,61.3876],[-127.0908,61.3681],[-127.0292,61.3613],[-127.0334,61.3224],[-126.9996,61.2511],[-126.9964,61.2221],[-126.9529,61.215],[-126.9759,61.1777],[-126.9607,61.1679],[-127.0121,61.1377],[-126.9841,61.1214],[-127.0411,61.1028],[-127.0724,61.0666],[-127.0423,61.0309],[-126.9995,61.0262],[-126.9661,61.0501],[-126.8968,61.041],[-126.9068,61.0071],[-126.8536,60.9316],[-126.866,60.8959],[-126.8564,60.8703],[-126.877,60.8479],[-126.8252,60.8315],[-126.8451,60.775],[-126.8127,60.7586],[-126.6927,60.769],[-126.639,60.7308],[-126.6082,60.7398],[-126.5334,60.7822],[-126.4864,60.8001],[-126.3871,60.7655],[-126.2835,60.7588],[-126.1979,60.7822],[-126.1847,60.7969],[-126.2107,60.8344],[-126.0634,60.8514],[-126.0833,60.8138],[-126.0566,60.7952],[-125.9668,60.7892],[-125.9405,60.8046],[-125.9208,60.8486],[-125.8322,60.8813],[-125.7141,60.8308],[-125.6696,60.8031],[-125.6253,60.8097],[-125.5689,60.8015],[-125.5338,60.8124],[-125.467,60.7887],[-125.3749,60.7664],[-125.2641,60.7683],[-125.2228,60.7963],[-125.1714,60.8097],[-125.1479,60.8325],[-125.0541,60.8329],[-124.9675,60.8492],[-124.9059,60.8399],[-124.8258,60.837],[-124.8374,60.8993],[-124.7662,60.9581],[-124.7282,60.939],[-124.6654,60.9387],[-124.6332,60.9268],[-124.5928,60.9458],[-124.5394,60.9386],[-124.5108,60.865],[-124.4963,60.8025],[-124.4505,60.7865],[-124.4492,60.7647],[-124.4918,60.7284],[-124.5415,60.7179],[-124.5627,60.6957],[-124.5995,60.6879],[-124.5711,60.6414],[-124.4905,60.592],[-124.4472,60.5728],[-124.4332,60.5421],[-124.3938,60.5189],[-124.3891,60.4585],[-124.3124,60.4593],[-124.1979,60.4459],[-124.2006,60.3973],[-124.2145,60.3646],[-124.1559,60.2669],[-124.1203,60.2386],[-124.1238,60.206],[-124.03,60.1482],[-124.0005,60.1092],[-123.7893,60],[-123.25,60],[-122.75,60],[-122.25,60],[-121.75,60],[-121.25,60],[-120.75,60],[-120,60],[-119.5,60],[-118.75,60],[-118.25,60],[-117.75,60],[-117,60],[-116.5,60],[-116,60],[-115.5,60],[-115,60],[-114.5,60],[-114,60],[-113.5,60],[-113,60],[-112.5,60],[-111.75,60],[-111.25,60],[-110.75,60],[-110,60],[-109.5,60],[-108.75,60],[-108,60],[-107.25,60],[-106.75,60],[-106.25,60],[-105.5,60],[-105,60],[-104.5,60],[-103.75,60],[-103,60],[-102.5,60],[-102,60]]]]}},
{"type":"Feature","id":"CAN:ADM1:CA-NU","properties":{"shapeName":"Nunavut","shapeISO":"CA-NU","shapeType":"ADM1"},"geometry":{"type":"MultiPolygon","coordinates":[[[[-82.2277,54.9165],[-82.2525,54.9519],[-82.2626,55],[-82.2551,54.9421],[-82.2277,54.9165]]],[[[-108.3868,72.5719],[-108.4727,72.5475],[-108.4145,72.5388],[-108.3868,72.5719]]],[[[-72.6882,63.933],[-72.6779,63.8938],[-72.6445,63.9004],[-72.6882,63.933]]],[[[-65.7317,68.0294],[-65.7695,67.9999],[-65.7141,67.9979],[-65.7317,68.0294]]],[[[-99.9801,75.6408],[-100.0546,75.6119],[-99.9675,75.6083],[-99.9801,75.6408]]],[[[-96.0835,67.6891],[-96.1176,67.6444],[-96.0839,67.6438],[-96.0835,67.6891]]],[[[-73.5769,64.2123],[-73.6447,64.1933],[-73.6107,64.1794],[-73.5769,64.2123]]],[[[-99.8875,69.1362],[-99.9153,69.099],[-99.8457,69.1068],[-99.8875,69.1362]]],[[[-64.8394,65.4017],[-64.9237,65.3918],[-64.9178,65.374],[-64.8393,65.3857],[-64.8394,65.4017]]],[[[-68.7003,63.6144],[-68.7629,63.5953],[-68.7102,63.5802],[-68.7003,63.6144]]],[[[-61.8999,66.9907],[-61.9903,66.9833],[-61.9733,66.959],[-61.8999,66.9907]]],[[[-64.918,64.1907],[-64.9843,64.1589],[-64.917,64.1529],[-64.918,64.1907]]],[[[-67.1071,65.3516],[-67.1769,65.3387],[-67.0874,65.3187],[-67.1071,65.3516]]],[[[-92.8676,63.8724],[-92.8821,63.8566],[-92.8318,63.8378],[-92.8036,63.8669],[-92.8676,63.8724]]],[[[-109,67.7883],[-108.9986,67.7509],[-108.9442,67.7635],[-109,67.7883]]],[[[-82.4972,69.5675],[-82.5062,69.5371],[-82.4297,69.5399],[-82.4972,69.5675]]],[[[-67.5668,65.7747],[-67.619,65.7738],[-67.6028,65.7467],[-67.5431,65.7591],[-67.5668,65.7747]]],[[[-67.5039,58.3953],[-67.5603,58.3779],[-67.5161,58.3551],[-67.5039,58.3953]]],[[[-114.4892,68.9067],[-114.4031,68.8736],[-114.3644,68.8917],[-114.4892,68.9067]]],[[[-62.4965,67.2171],[-62.6044,67.2089],[-62.5948,67.1944],[-62.4965,67.2171]]],[[[-77.1498,55.7723],[-77.2206,55.7692],[-77.1915,55.7488],[-77.1498,55.7723]]],[[[-83.9254,79.1111],[-83.9476,79.0668],[-83.7861,79.0777],[-83.9254,79.1111]]],[[[-83.5687,66.0863],[-83.5977,66.0757],[-83.6303,66.0384],[-83.5578,66.0483],[-83.5687,66.0863]]],[[[-94.8128,76.0911],[-94.8035,76.0487],[-94.7215,76.0501],[-94.7483,76.0815],[-94.8128,76.0911]]],[[[-72.1403,63.5587],[-72.2,63.5456],[-72.1417,63.5283],[-72.1403,63.5587]]],[[[-90.028,68.9889],[-90.1229,68.9769],[-90.0513,68.9574],[-90.028,68.9889]]],[[[-81.4695,77.4515],[-81.524,77.4123],[-81.4472,77.4084],[-81.4195,77.4461],[-81.4695,77.4515]]],[[[-82.3932,69.5003],[-82.3867,69.4794],[-82.2811,69.4665],[-82.2879,69.4881],[-82.3932,69.5003]]],[[[-78.9534,52.1097],[-78.9955,52.0931],[-78.956,52.0715],[-78.9534,52.1097]]],[[[-68.7169,63.6585],[-68.8054,63.651],[-68.7796,63.6327],[-68.7169,63.6585]]],[[[-73.4363,64.3667],[-73.4512,64.3353],[-73.4083,64.3248],[-73.3826,64.347],[-73.4363,64.3667]]],[[[-89.2297,81.888],[-89.4305,81.8693],[-89.3001,81.851],[-89.2297,81.888]]],[[[-62.3497,67.0752],[-62.3607,67.0338],[-62.3143,67.0404],[-62.3497,67.0752]]],[[[-65.3028,61.7234],[-65.3664,61.7092],[-65.3584,61.6853],[-65.3015,61.6934],[-65.3028,61.7234]]],[[[-68.6618,63.664],[-68.7079,63.6625],[-68.6959,63.6215],[-68.6467,63.6261],[-68.6618,63.664]]],[[[-71.5007,61.3274],[-71.554,61.3204],[-71.5411,61.2969],[-71.4922,61.3085],[-71.5007,61.3274]]],[[[-91.011,63.5044],[-91.0765,63.4988],[-91.0543,63.478],[-90.9937,63.4773],[-91.011,63.5044]]],[[[-79.1961,51.7709],[-79.2252,51.775],[-79.271,51.7641],[-79.2749,51.741],[-79.1961,51.7709]]],[[[-66.9248,65.2755],[-66.9431,65.263],[-67.0286,65.2699],[-67.0342,65.2478],[-66.9552,65.2448],[-66.9248,65.2755]]],[[[-74.3715,71.744],[-74.5073,71.7325],[-74.5129,71.7118],[-74.4285,71.7095],[-74.3715,71.744]]],[[[-111.0695,68.4589],[-111.1297,68.4461],[-111.073,68.4131],[-111.0406,68.4452],[-111.0695,68.4589]]],[[[-65.9497,58.9739],[-66.0352,58.9709],[-66.0101,58.9454],[-65.9416,58.962],[-65.9497,58.9739]]],[[[-71.5583,63.5587],[-71.588,63.5277],[-71.5428,63.5149],[-71.5196,63.5394],[-71.5583,63.5587]]],[[[-74.476,64.4048],[-74.5777,64.4077],[-74.5449,64.3836],[-74.476,64.4048]]],[[[-67.5412,62.1648],[-67.5903,62.1474],[-67.5346,62.1246],[-67.5064,62.1387],[-67.5412,62.1648]]],[[[-77.9377,70.0278],[-77.9926,70.0269],[-78.0275,70],[-77.9461,69.9957],[-77.9377,70.0278]]],[[[-91.503,63.6815],[-91.5306,63.671],[-91.523,63.6394],[-91.4813,63.6448],[-91.4679,63.6711],[-91.503,63.6815]]],[[[-62.0845,66.2957],[-62.127,66.2808],[-62.1002,66.2543],[-62.0564,66.2519],[-62.0845,66.2957]]],[[[-82.9811,55.2754],[-83.0245,55.2673],[-82.9479,55.2408],[-82.9445,55.2606],[-82.9811,55.2754]]],[[[-96.8965,76.9569],[-96.9358,76.9745],[-97.0541,76.9538],[-96.9369,76.9444],[-96.8965,76.9569]]],[[[-67.1756,65.9878],[-67.2077,65.981],[-67.1884,65.9433],[-67.1339,65.9393],[-67.1756,65.9878]]],[[[-110.5771,68.6061],[-110.4749,68.572],[-110.4612,68.5893],[-110.5053,68.6082],[-110.5771,68.6061]]],[[[-84.5491,66.3502],[-84.6018,66.3399],[-84.5704,66.3148],[-84.5106,66.3232],[-84.5491,66.3502]]],[[[-64.1292,62.5381],[-64.2125,62.5479],[-64.1992,62.5237],[-64.1292,62.5381]]],[[[-78.1013,60.7844],[-78.1305,60.7862],[-78.184,60.765],[-78.1603,60.7507],[-78.0797,60.7722],[-78.1013,60.7844]]],[[[-109.0719,67.9033],[-108.9289,67.8416],[-108.897,67.8674],[-109.0719,67.9033]]],[[[-96.8431,71.6891],[-96.8862,71.6591],[-96.8151,71.6572],[-96.7796,71.6779],[-96.8431,71.6891]]],[[[-73.2229,64.2706],[-73.2378,64.254],[-73.1983,64.2323],[-73.1526,64.236],[-73.1622,64.2604],[-73.2229,64.2706]]],[[[-65.8681,62.0613],[-65.9239,62.0579],[-65.9152,62.0332],[-65.8575,62.0232],[-65.8681,62.0613]]],[[[-65.4929,68.152],[-65.5799,68.1478],[-65.5404,68.1099],[-65.4958,68.122],[-65.4929,68.152]]],[[[-85.015,66.0825],[-85.081,66.082],[-85.0754,66.0503],[-85.0043,66.0571],[-85.015,66.0825]]],[[[-67.9306,63.3997],[-67.9666,63.393],[-67.9464,63.3655],[-67.891,63.3571],[-67.8934,63.3835],[-67.9306,63.3997]]],[[[-88.4289,65.4833],[-88.4371,65.4541],[-88.3718,65.4623],[-88.4289,65.4833]]],[[[-97.2367,69.9025],[-97.305,69.8664],[-97.2559,69.8607],[-97.2035,69.8794],[-97.2367,69.9025]]],[[[-76.7651,77.9092],[-76.8491,77.8881],[-76.7587,77.8742],[-76.6525,77.9022],[-76.7651,77.9092]]],[[[-67.1744,65.6018],[-67.2424,65.5854],[-67.2422,65.549],[-67.2028,65.5459],[-67.1939,65.5963],[-67.1744,65.6018]]],[[[-94.291,76.9709],[-94.4166,76.94],[-94.294,76.9281],[-94.2417,76.9457],[-94.291,76.9709]]],[[[-80.3682,59.7135],[-80.4275,59.694],[-80.3953,59.6805],[-80.3682,59.7135]]],[[[-67.4579,63.3496],[-67.4356,63.286],[-67.3978,63.3013],[-67.4579,63.3496]]],[[[-90.8368,70.1978],[-90.8368,70.1566],[-90.7372,70.1616],[-90.7543,70.179],[-90.8368,70.1978]]],[[[-64.7085,67.9229],[-64.768,67.906],[-64.7333,67.8877],[-64.6753,67.9033],[-64.7085,67.9229]]],[[[-72.2447,63.8544],[-72.3342,63.8228],[-72.2744,63.8157],[-72.2447,63.8544]]],[[[-62.4607,65.6402],[-62.4978,65.6156],[-62.4794,65.5871],[-62.4199,65.6154],[-62.4607,65.6402]]],[[[-77.7932,58.2733],[-77.7427,58.2366],[-77.6962,58.246],[-77.7932,58.2733]]],[[[-67.5341,66.3458],[-67.6011,66.346],[-67.5777,66.3155],[-67.5308,66.3145],[-67.4938,66.3343],[-67.5341,66.3458]]],[[[-63.8743,67.3771],[-63.9062,67.3666],[-63.8883,67.3298],[-63.8404,67.3334],[-63.8356,67.3643],[-63.8743,67.3771]]],[[[-76.7421,57.2701],[-76.7811,57.269],[-76.7504,57.218],[-76.7265,57.253],[-76.7421,57.2701]]],[[[-87.6121,71.058],[-87.649,71.0317],[-87.5567,71.0219],[-87.5716,71.0512],[-87.6121,71.058]]],[[[-64.6933,64.2541],[-64.7604,64.2356],[-64.6975,64.2149],[-64.6591,64.2247],[-64.6933,64.2541]]],[[[-76.9043,57.584],[-76.9076,57.5499],[-76.8687,57.5569],[-76.9043,57.584]]],[[[-114.2608,67.9554],[-114.2639,67.9438],[-114.1281,67.9446],[-114.0834,67.9642],[-114.2608,67.9554]]],[[[-66.9659,65.9943],[-67.0479,65.9895],[-66.9832,65.962],[-66.9258,65.9685],[-66.9659,65.9943]]],[[[-72.4386,62.0463],[-72.4724,62.0314],[-72.4181,62.0138],[-72.3575,62.0211],[-72.4386,62.0463]]],[[[-98.2617,74.766],[-98.3365,74.756],[-98.3113,74.7349],[-98.1582,74.7466],[-98.2617,74.766]]],[[[-76.6502,56.4747],[-76.6843,56.4561],[-76.6794,56.4318],[-76.6348,56.4288],[-76.6217,56.4479],[-76.6502,56.4747]]],[[[-64.325,62.5614],[-64.3706,62.5434],[-64.34,62.5224],[-64.2848,62.5278],[-64.325,62.5614]]],[[[-85.7319,72.2317],[-85.7869,72.1953],[-85.7393,72.1862],[-85.6623,72.2017],[-85.7319,72.2317]]],[[[-109.3139,72.8356],[-109.3351,72.815],[-109.2124,72.7945],[-109.1858,72.8181],[-109.3139,72.8356]]],[[[-65.7799,65.7378],[-65.8396,65.7055],[-65.8008,65.6806],[-65.7696,65.7076],[-65.7799,65.7378]]],[[[-71.0449,62.821],[-71.1213,62.8218],[-71.1192,62.7961],[-71.0257,62.7969],[-71.0449,62.821]]],[[[-102.638,68.8595],[-102.7021,68.8325],[-102.5948,68.8182],[-102.5873,68.8444],[-102.638,68.8595]]],[[[-78.4352,57.3766],[-78.4687,57.3776],[-78.4796,57.3488],[-78.4114,57.3632],[-78.4352,57.3766]]],[[[-85.1242,69.0622],[-85.1466,69.0541],[-85.1111,69.0134],[-85.039,69.0376],[-85.1242,69.0622]]],[[[-79.2364,51.9603],[-79.2986,51.9615],[-79.2986,51.9316],[-79.2562,51.9427],[-79.2364,51.9603]]],[[[-84.8516,68.82],[-84.9188,68.7922],[-84.8252,68.771],[-84.8003,68.7766],[-84.8516,68.82]]],[[[-100.6042,72.8095],[-100.6162,72.7828],[-100.5045,72.7724],[-100.4503,72.7937],[-100.6042,72.8095]]],[[[-62.4382,65.5789],[-62.5162,65.5746],[-62.4851,65.5469],[-62.4448,65.5519],[-62.4382,65.5789]]],[[[-96.2392,67.6331],[-96.2656,67.5996],[-96.2243,67.5912],[-96.1718,67.6087],[-96.2392,67.6331]]],[[[-67.3537,65.75],[-67.4526,65.7411],[-67.4468,65.7191],[-67.3618,65.7168],[-67.3537,65.75]]],[[[-68.109,63.2862],[-68.0863,63.2403],[-68.0269,63.2398],[-68.109,63.2862]]],[[[-107.4832,68.1878],[-107.5491,68.1719],[-107.4754,68.1455],[-107.426,68.1684],[-107.4832,68.1878]]],[[[-91.0554,69.689],[-91.1178,69.6888],[-91.1389,69.6575],[-91.0601,69.6468],[-91.0554,69.689]]],[[[-90.6567,69.1783],[-90.7506,69.1486],[-90.6746,69.1404],[-90.638,69.1526],[-90.6567,69.1783]]],[[[-64.7124,61.3879],[-64.7417,61.3853],[-64.7666,61.3456],[-64.7273,61.3433],[-64.7124,61.3879]]],[[[-67.9688,65.9108],[-68.0065,65.9086],[-68.0421,65.8769],[-67.9727,65.875],[-67.9335,65.888],[-67.9688,65.9108]]],[[[-84.9456,72.3655],[-85.0116,72.3597],[-85.0067,72.3302],[-84.8911,72.3479],[-84.9456,72.3655]]],[[[-63.331,65.3508],[-63.4387,65.3616],[-63.4509,65.346],[-63.3647,65.3291],[-63.331,65.3508]]],[[[-74.6395,69.2312],[-74.7527,69.2195],[-74.6635,69.2011],[-74.6395,69.2312]]],[[[-73.5726,64.115],[-73.6376,64.1042],[-73.7172,64.1138],[-73.7526,64.0999],[-73.6845,64.0795],[-73.6587,64.0955],[-73.5726,64.115]]],[[[-63.981,65.0883],[-64.0056,65.087],[-64.0119,65.0435],[-63.9261,65.0537],[-63.981,65.0883]]],[[[-103.4078,70.7398],[-103.37,70.6968],[-103.3105,70.7218],[-103.3665,70.7436],[-103.4078,70.7398]]],[[[-68.0123,63.5278],[-68.0415,63.5005],[-68.0215,63.4764],[-67.9698,63.4962],[-68.0123,63.5278]]],[[[-90.0419,69.1311],[-90.0673,69.1248],[-90.0378,69.0732],[-89.9858,69.069],[-90.0139,69.1238],[-90.0419,69.1311]]],[[[-67.5206,68.828],[-67.6401,68.827],[-67.6146,68.8043],[-67.5206,68.828]]],[[[-64.6418,60.6752],[-64.6667,60.6757],[-64.7581,60.6146],[-64.7262,60.6072],[-64.6741,60.6391],[-64.6418,60.6752]]],[[[-66.8693,68.3028],[-66.9105,68.2888],[-66.7978,68.2627],[-66.7948,68.2887],[-66.8693,68.3028]]],[[[-79.7047,56.9518],[-79.7163,56.9234],[-79.6762,56.8598],[-79.6509,56.872],[-79.6725,56.8929],[-79.7047,56.9518]]],[[[-84.654,66.1817],[-84.6077,66.1348],[-84.546,66.1466],[-84.5725,66.1676],[-84.654,66.1817]]],[[[-110.2914,68.0562],[-110.3636,68.0291],[-110.3022,68.0132],[-110.263,68.0409],[-110.2914,68.0562]]],[[[-67.9205,68.9399],[-67.9676,68.9381],[-67.9164,68.8935],[-67.8604,68.897],[-67.844,68.9169],[-67.9205,68.9399]]],[[[-64.8024,64.2407],[-64.8569,64.2263],[-64.7667,64.1927],[-64.7294,64.2071],[-64.8024,64.2407]]],[[[-71.1426,62.9562],[-71.1669,62.9426],[-71.0554,62.9188],[-71.0403,62.934],[-71.1426,62.9562]]],[[[-67.5674,68.9103],[-67.6577,68.9202],[-67.7894,68.9066],[-67.7369,68.8846],[-67.6597,68.9066],[-67.5674,68.9103]]],[[[-80.0125,70.0014],[-80.0522,69.9762],[-80.0014,69.9615],[-79.9363,69.9754],[-80.0125,70.0014]]],[[[-83.9862,66.7837],[-84.0074,66.7467],[-84.0415,66.7273],[-84.0166,66.7048],[-83.9631,66.7389],[-83.9571,66.7676],[-83.9862,66.7837]]],[[[-77.8403,56.3269],[-77.9301,56.3119],[-77.9144,56.2879],[-77.8403,56.3269]]],[[[-112.878,68.1709],[-112.8662,68.1398],[-112.8021,68.1544],[-112.878,68.1709]]],[[[-84.8564,71.4082],[-84.9008,71.3529],[-84.8363,71.346],[-84.7951,71.388],[-84.8564,71.4082]]],[[[-114.2425,67.9024],[-114.2156,67.876],[-114.1327,67.8791],[-114.1653,67.9029],[-114.2425,67.9024]]],[[[-108.5351,67.9287],[-108.5465,67.9047],[-108.4509,67.8951],[-108.4896,67.9288],[-108.5351,67.9287]]],[[[-67.6621,65.8291],[-67.7326,65.797],[-67.6281,65.7845],[-67.6112,65.812],[-67.6621,65.8291]]],[[[-108.5167,72.6551],[-108.5851,72.6456],[-108.5499,72.6129],[-108.4901,72.6054],[-108.4481,72.634],[-108.5167,72.6551]]],[[[-78.8258,56.1141],[-78.8916,56.0833],[-78.8807,56.0591],[-78.8352,56.0828],[-78.8258,56.1141]]],[[[-84.3268,66.2214],[-84.3319,66.1895],[-84.2516,66.1658],[-84.2383,66.1881],[-84.3268,66.2214]]],[[[-109.2494,76.9396],[-109.2918,76.9227],[-109.0532,76.9],[-109.094,76.9271],[-109.2494,76.9396]]],[[[-76.5517,64.1851],[-76.6926,64.1873],[-76.6933,64.1679],[-76.5714,64.162],[-76.5517,64.1851]]],[[[-72.3733,63.6564],[-72.5262,63.6336],[-72.4862,63.6187],[-72.4125,63.6289],[-72.3733,63.6564]]],[[[-108.2948,68.1134],[-108.3724,68.0975],[-108.3972,68.0688],[-108.3624,68.0612],[-108.2929,68.0805],[-108.2948,68.1134]]],[[[-74.1389,64.4941],[-74.1792,64.4962],[-74.1624,64.4545],[-74.1117,64.4333],[-74.0657,64.448],[-74.1437,64.4782],[-74.1389,64.4941]]],[[[-89.5327,76.481],[-89.6286,76.4463],[-89.4065,76.4426],[-89.3818,76.4556],[-89.5327,76.481]]],[[[-71.6179,63.6308],[-71.6514,63.6154],[-71.7193,63.615],[-71.7154,63.5838],[-71.639,63.5826],[-71.6179,63.6308]]],[[[-76.6752,56.3511],[-76.692,56.3234],[-76.7488,56.2851],[-76.6695,56.299],[-76.6588,56.3275],[-76.6752,56.3511]]],[[[-96.4464,67.54],[-96.5242,67.5238],[-96.5003,67.5094],[-96.4569,67.5137],[-96.4436,67.5216],[-96.423,67.5165],[-96.4464,67.54]]],[[[-76.6209,64.2717],[-76.683,64.244],[-76.6228,64.2135],[-76.5815,64.2504],[-76.6209,64.2717]]],[[[-78.3118,57.2097],[-78.3727,57.1875],[-78.3301,57.1695],[-78.296,57.1839],[-78.3118,57.2097]]],[[[-80.1477,69.4002],[-80.1811,69.3846],[-80.1307,69.3567],[-80.0733,69.3891],[-80.1477,69.4002]]],[[[-66.8553,66.5222],[-66.9321,66.5244],[-66.9466,66.4985],[-66.8565,66.4883],[-66.8239,66.5032],[-66.8553,66.5222]]],[[[-72.3316,63.6275],[-72.3189,63.6046],[-72.2594,63.5923],[-72.2266,63.6088],[-72.3316,63.6275]]],[[[-90.5958,63.5391],[-90.6796,63.532],[-90.6294,63.487],[-90.5679,63.5241],[-90.5958,63.5391]]],[[[-90.1611,69.2354],[-90.2155,69.2184],[-90.1861,69.1893],[-90.1399,69.1713],[-90.093,69.175],[-90.1202,69.2279],[-90.1611,69.2354]]],[[[-83.6303,66.1429],[-83.6533,66.1367],[-83.6604,66.0909],[-83.588,66.0895],[-83.5845,66.1114],[-83.6303,66.1429]]],[[[-63.039,67.105],[-63.1355,67.1149],[-63.2086,67.1059],[-63.1776,67.0834],[-63.0886,67.0888],[-63.039,67.105]]],[[[-66.6952,68.2113],[-66.7792,68.1841],[-66.7786,68.158],[-66.6678,68.1818],[-66.6952,68.2113]]],[[[-113.5593,67.9055],[-113.4066,67.8996],[-113.2882,67.9018],[-113.2342,67.9132],[-113.2564,67.9316],[-113.379,67.9177],[-113.3527,67.9045],[-113.5593,67.9055]]],[[[-96.2986,68.27],[-96.4225,68.2211],[-96.3415,68.2156],[-96.3,68.2461],[-96.2986,68.27]]],[[[-103.1941,70.6968],[-103.2431,70.6842],[-103.2352,70.6546],[-103.1444,70.65],[-103.1941,70.6968]]],[[[-77.5175,64.0105],[-77.5478,63.9998],[-77.5833,63.9618],[-77.5242,63.9548],[-77.489,63.9659],[-77.4875,63.9999],[-77.5175,64.0105]]],[[[-73.498,64.2945],[-73.5355,64.2721],[-73.5005,64.2566],[-73.4373,64.2539],[-73.427,64.2692],[-73.498,64.2945]]],[[[-76.6962,57.0559],[-76.7139,57.0182],[-76.6858,57.0057],[-76.6455,57.0201],[-76.669,57.0483],[-76.6962,57.0559]]],[[[-100.7675,68.4675],[-100.7827,68.4441],[-100.7523,68.4151],[-100.6628,68.4201],[-100.7706,68.4471],[-100.7675,68.4675]]],[[[-98.066,76.5781],[-98.069,76.5538],[-97.9253,76.5417],[-97.9434,76.5722],[-98.066,76.5781]]],[[[-68.4162,70.1959],[-68.5237,70.1951],[-68.5307,70.1703],[-68.4833,70.1462],[-68.4259,70.1497],[-68.4162,70.1959]]],[[[-79.8045,57.5144],[-79.819,57.5014],[-79.8161,57.4894],[-79.8405,57.4891],[-79.8581,57.4678],[-79.8187,57.4119],[-79.8008,57.4477],[-79.8058,57.4718],[-79.8019,57.4802],[-79.8045,57.5144]]],[[[-79.4206,52.2647],[-79.4937,52.2566],[-79.4924,52.2367],[-79.3768,52.2405],[-79.4206,52.2647]]],[[[-106.9808,68.3614],[-107.0047,68.321],[-106.9124,68.2647],[-106.8863,68.2981],[-106.9863,68.3251],[-106.9508,68.3477],[-106.9808,68.3614]]],[[[-113.9262,68.6198],[-113.9354,68.5939],[-113.83,68.5877],[-113.802,68.6116],[-113.9262,68.6198]]],[[[-85.2728,69.1094],[-85.366,69.096],[-85.3432,69.0672],[-85.2275,69.0766],[-85.2156,69.0956],[-85.2728,69.1094]]],[[[-75.1454,68.7587],[-75.0922,68.702],[-75.0332,68.7111],[-75.0477,68.7444],[-75.1454,68.7587]]],[[[-109.136,67.8037],[-109.1564,67.7782],[-109.0927,67.7594],[-109.0247,67.7831],[-109.0591,67.8092],[-109.136,67.8037]]],[[[-79.2225,55.8484],[-79.3355,55.742],[-79.3263,55.7358],[-79.2244,55.8409],[-79.2225,55.8484]]],[[[-81.2475,76.1893],[-81.3467,76.1869],[-81.4737,76.1601],[-81.3291,76.1457],[-81.2154,76.1757],[-81.2475,76.1893]]],[[[-101.3568,75.5573],[-101.4725,75.5497],[-101.4743,75.5218],[-101.3126,75.5246],[-101.2794,75.5387],[-101.3568,75.5573]]],[[[-67.9834,65.8638],[-68.0305,65.86],[-67.9972,65.8269],[-67.9454,65.8175],[-67.8874,65.8257],[-67.9834,65.8638]]],[[[-106.8958,68.3758],[-106.9556,68.3427],[-106.9431,68.3267],[-106.869,68.3327],[-106.8597,68.3605],[-106.8958,68.3758]]],[[[-78.6984,52.4516],[-78.7491,52.4514],[-78.7921,52.4411],[-78.8041,52.4245],[-78.7624,52.4037],[-78.6984,52.4516]]],[[[-108.4559,67.6422],[-108.4212,67.6099],[-108.3011,67.5954],[-108.3665,67.634],[-108.4559,67.6422]]],[[[-97.1744,76.8596],[-97.2073,76.8361],[-97.0634,76.7956],[-96.9962,76.818],[-97.0813,76.8504],[-97.1744,76.8596]]],[[[-64.7129,63.2571],[-64.7517,63.2581],[-64.731,63.2072],[-64.6869,63.1929],[-64.6534,63.2138],[-64.7129,63.2571]]],[[[-64.6132,60.6602],[-64.643,60.6576],[-64.6968,60.6095],[-64.6227,60.6141],[-64.5951,60.6425],[-64.6132,60.6602]]],[[[-62.3816,66.9934],[-62.4128,66.9929],[-62.4597,66.9609],[-62.4357,66.9353],[-62.3639,66.9376],[-62.3373,66.9608],[-62.3816,66.9934]]],[[[-76.5175,64.2392],[-76.5826,64.2287],[-76.5698,64.1984],[-76.4832,64.1765],[-76.4705,64.1979],[-76.5175,64.2392]]],[[[-77.9519,58.3293],[-77.9159,58.3021],[-77.8186,58.2756],[-77.8118,58.2954],[-77.8921,58.3194],[-77.9519,58.3293]]],[[[-76.7536,56.1812],[-76.7707,56.1052],[-76.7071,56.1312],[-76.719,56.1583],[-76.7536,56.1812]]],[[[-78.9892,56.3217],[-79.0542,56.2807],[-79.0696,56.2471],[-79.038,56.2389],[-78.9966,56.2815],[-78.9892,56.3217]]],[[[-99.1141,73.8398],[-99.0732,73.8165],[-98.8262,73.8213],[-98.8519,73.8369],[-99.1141,73.8398]]],[[[-64.5674,64.2511],[-64.641,64.2372],[-64.6234,64.2093],[-64.5766,64.1983],[-64.5351,64.2237],[-64.5674,64.2511]]],[[[-97.9168,67.9215],[-97.9436,67.8971],[-97.9391,67.8681],[-97.8106,67.8576],[-97.8267,67.8828],[-97.9168,67.9215]]],[[[-95.764,75.9236],[-95.7369,75.9723],[-95.8738,75.9659],[-95.8509,75.922],[-95.764,75.9236]]],[[[-91.4673,69.7721],[-91.6055,69.7657],[-91.6454,69.7525],[-91.5207,69.7262],[-91.4429,69.7643],[-91.4673,69.7721]]],[[[-66.1122,64.9381],[-66.2201,64.9212],[-66.2225,64.9041],[-66.1174,64.8848],[-66.0961,64.9271],[-66.1122,64.9381]]],[[[-63.3682,64.9901],[-63.4296,64.9767],[-63.3929,64.9329],[-63.3346,64.9471],[-63.343,64.9794],[-63.3682,64.9901]]],[[[-65.2845,68.0097],[-65.3642,67.9878],[-65.3417,67.9573],[-65.247,67.9691],[-65.2845,68.0097]]],[[[-83.2563,69.7901],[-83.2578,69.7729],[-83.1575,69.7554],[-83.086,69.7689],[-83.2563,69.7901]]],[[[-72.9716,64.157],[-73.0048,64.155],[-73.0664,64.0992],[-72.9915,64.0919],[-72.9716,64.157]]],[[[-67.8338,63.245],[-67.844,63.2112],[-67.7667,63.1698],[-67.7262,63.1875],[-67.8338,63.245]]],[[[-82.6267,68.7485],[-82.6545,68.7444],[-82.6652,68.7284],[-82.683,68.7208],[-82.6722,68.7031],[-82.6438,68.7113],[-82.5752,68.7004],[-82.512,68.6919],[-82.4991,68.7099],[-82.5983,68.7311],[-82.6267,68.7485]]],[[[-66.5369,62.9275],[-66.5587,62.9154],[-66.488,62.8719],[-66.4014,62.8643],[-66.5369,62.9275]]],[[[-110.0067,68.103],[-110.1864,68.0687],[-110.2089,68.0443],[-110.06,68.0655],[-110.0067,68.103]]],[[[-108.1021,72.0664],[-108.1863,72.0575],[-108.1208,71.9948],[-108.0465,72.0229],[-108.1021,72.0664]]],[[[-98.9388,71.3599],[-99.0107,71.3262],[-98.994,71.3066],[-98.9054,71.2913],[-98.8815,71.3237],[-98.9388,71.3599]]],[[[-65.7479,61.8561],[-65.8059,61.8602],[-65.8373,61.8396],[-65.7836,61.7794],[-65.7569,61.7901],[-65.7821,61.8242],[-65.7479,61.8561]]],[[[-96.0052,67.8472],[-96.1533,67.8081],[-96.0566,67.796],[-95.9748,67.8198],[-96.0052,67.8472]]],[[[-107.7103,67.3246],[-107.7331,67.3175],[-107.688,67.2732],[-107.6583,67.2247],[-107.6122,67.2392],[-107.6377,67.2958],[-107.7103,67.3246]]],[[[-66.9375,66.4865],[-67.0015,66.4891],[-67.0422,66.4682],[-67.0127,66.4497],[-66.9278,66.445],[-66.8913,66.4732],[-66.9375,66.4865]]],[[[-65.4061,68.0837],[-65.5178,68.067],[-65.5076,68.0427],[-65.435,68.036],[-65.3844,68.05],[-65.4061,68.0837]]],[[[-63.952,63.646],[-64.0313,63.6349],[-64.0523,63.6212],[-64.0182,63.5857],[-63.9399,63.6072],[-63.9781,63.6387],[-63.952,63.646]]],[[[-95.7516,72.8731],[-95.8234,72.8618],[-95.8161,72.8422],[-95.6851,72.8253],[-95.683,72.8512],[-95.7516,72.8731]]],[[[-78.542,68.2824],[-78.5961,68.2771],[-78.6576,68.2189],[-78.5685,68.217],[-78.5189,68.2384],[-78.542,68.2824]]],[[[-67.0609,63.1159],[-66.9511,63.0618],[-66.9456,63.0515],[-66.8385,62.9869],[-66.847,63.0197],[-66.8986,63.056],[-66.9838,63.096],[-67.0609,63.1159]]],[[[-76.637,56.7166],[-76.6332,56.6536],[-76.6472,56.6415],[-76.6594,56.5892],[-76.6241,56.5849],[-76.6278,56.6685],[-76.6092,56.7043],[-76.637,56.7166]]],[[[-65.0876,64.5906],[-65.1304,64.5743],[-65.1912,64.5781],[-65.2036,64.5516],[-65.135,64.5428],[-65.0351,64.5548],[-65.0876,64.5906]]],[[[-68.2076,63.2874],[-68.1797,63.2458],[-68.1079,63.2029],[-68.042,63.2035],[-68.1417,63.2635],[-68.2076,63.2874]]],[[[-92.9995,63.9083],[-93.081,63.9035],[-93.0726,63.8824],[-92.9912,63.868],[-92.9283,63.8662],[-92.9671,63.9021],[-92.9995,63.9083]]],[[[-72.7331,63.7566],[-72.8237,63.7624],[-72.8466,63.7478],[-72.7631,63.7179],[-72.7331,63.7566]]],[[[-77.2094,55.6565],[-77.3349,55.5852],[-77.3033,55.5766],[-77.2568,55.6157],[-77.2081,55.6396],[-77.2094,55.6565]]],[[[-100.833,70.335],[-100.8549,70.2932],[-100.7939,70.2656],[-100.7445,70.2894],[-100.7187,70.3302],[-100.833,70.335]]],[[[-96.8734,71.7641],[-96.9919,71.7511],[-97.0337,71.7207],[-96.9957,71.7103],[-96.8878,71.7244],[-96.8488,71.7383],[-96.8734,71.7641]]],[[[-70.964,62.9033],[-70.9892,62.8777],[-70.8738,62.857],[-70.8537,62.8741],[-70.964,62.9033]]],[[[-67.6977,63.6212],[-67.7438,63.6203],[-67.7377,63.5841],[-67.6875,63.5533],[-67.6344,63.5751],[-67.6977,63.6212]]],[[[-96.7298,75.6447],[-96.8228,75.6464],[-96.9377,75.631],[-96.9651,75.5943],[-96.8105,75.6131],[-96.7298,75.6447]]],[[[-66.994,66.4043],[-67.0268,66.3743],[-66.959,66.3408],[-66.9265,66.3611],[-66.994,66.4043]]],[[[-91.0236,69.6172],[-91.06,69.5987],[-91.1154,69.6033],[-91.1438,69.5797],[-91.1065,69.5447],[-91.045,69.5615],[-90.9896,69.6096],[-91.0236,69.6172]]],[[[-75.6519,64.3585],[-75.6975,64.3481],[-75.6636,64.3063],[-75.618,64.3232],[-75.5643,64.3063],[-75.5116,64.3309],[-75.5994,64.3432],[-75.6519,64.3585]]],[[[-89.9044,68.9965],[-89.98,68.9915],[-90.0336,68.9576],[-89.902,68.9338],[-89.9044,68.9965]]],[[[-72.6589,63.7563],[-72.6975,63.7455],[-72.7029,63.7217],[-72.6663,63.6868],[-72.5947,63.7195],[-72.623,63.7464],[-72.6589,63.7563]]],[[[-109.8544,68.1578],[-109.9361,68.1315],[-109.9892,68.0946],[-109.8952,68.0957],[-109.8269,68.1272],[-109.8544,68.1578]]],[[[-74.0975,68.2456],[-74.1752,68.2188],[-74.1231,68.1854],[-74.0654,68.1942],[-74.0737,68.2396],[-74.0975,68.2456]]],[[[-73.9201,64.3784],[-73.9556,64.3628],[-73.8817,64.3171],[-73.8607,64.3392],[-73.875,64.3677],[-73.9201,64.3784]]],[[[-67.7578,68.6311],[-67.867,68.6147],[-67.8949,68.6284],[-67.9781,68.632],[-67.96,68.6088],[-67.8069,68.5896],[-67.7485,68.6077],[-67.7578,68.6311]]],[[[-65.9265,68.151],[-65.9515,68.1258],[-65.9264,68.0892],[-65.9673,68.0481],[-65.9298,68.0323],[-65.8728,68.0577],[-65.8817,68.1292],[-65.9265,68.151]]],[[[-66.8676,68.392],[-66.9443,68.3547],[-66.8709,68.3369],[-66.7801,68.3444],[-66.7492,68.3575],[-66.8676,68.392]]],[[[-91.7264,69.8769],[-91.8121,69.8632],[-91.8431,69.8477],[-91.8231,69.8161],[-91.7073,69.8428],[-91.6266,69.8539],[-91.7264,69.8769]]],[[[-98.5964,74.3466],[-98.7459,74.3344],[-98.7459,74.3139],[-98.6273,74.3047],[-98.5082,74.31],[-98.4977,74.3276],[-98.5964,74.3466]]],[[[-96.9564,73.276],[-97.0169,73.2741],[-97.101,73.2467],[-97.0087,73.2253],[-96.8563,73.2269],[-96.9564,73.276]]],[[[-78.0992,82.9459],[-78.2871,82.9657],[-78.4382,82.94],[-78.2483,82.8944],[-78.0992,82.9459]]],[[[-63.0995,67.0246],[-63.1339,66.9886],[-63.0933,66.9527],[-63.0077,66.9559],[-62.992,66.9859],[-63.0503,66.9939],[-63.0995,67.0246]]],[[[-78.4463,63.5171],[-78.5164,63.4906],[-78.5334,63.445],[-78.4318,63.4532],[-78.4191,63.503],[-78.4463,63.5171]]],[[[-81.4236,64.232],[-81.4723,64.233],[-81.512,64.2117],[-81.53,64.1837],[-81.456,64.1789],[-81.3836,64.2051],[-81.4236,64.232]]],[[[-63.2248,65.3162],[-63.3217,65.3142],[-63.3288,65.2872],[-63.2753,65.2559],[-63.1833,65.2772],[-63.2336,65.2993],[-63.2248,65.3162]]],[[[-110.7915,67.9592],[-110.8557,67.9275],[-110.9387,67.9126],[-111.0605,67.8517],[-110.9581,67.8702],[-110.8903,67.8956],[-110.7915,67.9592]]],[[[-64.5081,64.1487],[-64.5785,64.1425],[-64.5009,64.0865],[-64.4399,64.1103],[-64.5081,64.1487]]],[[[-90.7519,63.5053],[-90.7718,63.4953],[-90.7252,63.4513],[-90.6269,63.4418],[-90.6228,63.4725],[-90.6529,63.4934],[-90.6977,63.4908],[-90.7519,63.5053]]],[[[-66.9146,65.36],[-66.9982,65.3438],[-67.0238,65.2832],[-66.9556,65.2751],[-66.9164,65.295],[-66.9347,65.3149],[-66.9068,65.3387],[-66.9146,65.36]]],[[[-100.0591,68.3734],[-100.0951,68.3504],[-100.1647,68.3297],[-100.1462,68.296],[-100.0901,68.2824],[-100.0417,68.2921],[-100.0401,68.3557],[-100.0591,68.3734]]],[[[-81.6374,69.5281],[-81.7345,69.5034],[-81.5394,69.4628],[-81.4697,69.4389],[-81.4331,69.4636],[-81.57,69.4814],[-81.6241,69.5064],[-81.6374,69.5281]]],[[[-107.8211,67.015],[-107.8431,67.004],[-107.8467,66.9304],[-107.8047,66.9181],[-107.789,66.9987],[-107.8211,67.015]]],[[[-62.8531,65.6143],[-62.891,65.6133],[-62.8987,65.5688],[-62.8435,65.5386],[-62.7866,65.5443],[-62.8276,65.5749],[-62.8531,65.6143]]],[[[-64.8735,64.0925],[-64.9981,64.1098],[-65.0361,64.0884],[-64.9743,64.062],[-64.8915,64.066],[-64.8735,64.0925]]],[[[-82.3554,69.5428],[-82.422,69.5421],[-82.4516,69.505],[-82.2744,69.5021],[-82.2151,69.516],[-82.2421,69.5317],[-82.3554,69.5428]]],[[[-73.7687,64.5272],[-73.7898,64.5184],[-73.7674,64.4937],[-73.7655,64.4754],[-73.7477,64.465],[-73.7674,64.4617],[-73.7762,64.4441],[-73.7694,64.4245],[-73.7266,64.4217],[-73.67,64.4578],[-73.7033,64.5033],[-73.7687,64.5272]]],[[[-104.3735,68.2086],[-104.4257,68.1757],[-104.4958,68.1591],[-104.4875,68.1078],[-104.409,68.1283],[-104.4155,68.163],[-104.3469,68.1886],[-104.3735,68.2086]]],[[[-71.8189,63.6943],[-71.847,63.6451],[-71.8364,63.6105],[-71.7769,63.6125],[-71.7557,63.6312],[-71.747,63.6693],[-71.8189,63.6943]]],[[[-68.0969,63.3238],[-68.0834,63.3028],[-67.9185,63.188],[-67.8767,63.1979],[-67.9444,63.2235],[-67.9794,63.2738],[-68.0159,63.2988],[-68.0969,63.3238]]],[[[-108.1743,67.5703],[-108.1589,67.4978],[-108.1774,67.4844],[-108.2605,67.4882],[-108.2243,67.4569],[-108.1169,67.4491],[-108.0978,67.477],[-108.1285,67.4869],[-108.1447,67.5266],[-108.1319,67.5503],[-108.1743,67.5703]]],[[[-95.7551,73.0254],[-95.767,72.9873],[-95.8081,72.9802],[-95.7791,72.9507],[-95.7844,72.8934],[-95.658,72.9201],[-95.7194,72.95],[-95.7151,73.0026],[-95.7551,73.0254]]],[[[-78.3456,57.3313],[-78.398,57.328],[-78.4775,57.2903],[-78.433,57.2761],[-78.3733,57.2865],[-78.3048,57.3169],[-78.3456,57.3313]]],[[[-91.7747,81.6045],[-91.9042,81.5873],[-91.7948,81.5467],[-91.6153,81.5408],[-91.4921,81.5827],[-91.7747,81.6045]]],[[[-97.4377,69.9661],[-97.4731,69.928],[-97.3749,69.897],[-97.3036,69.9402],[-97.356,69.9574],[-97.4377,69.9661]]],[[[-108.0941,67.0238],[-108.0877,66.9685],[-108.0309,66.902],[-107.9878,66.9108],[-107.9878,66.9461],[-108.0582,66.9838],[-108.0314,66.9919],[-108.0941,67.0238]]],[[[-71.0762,71.1343],[-71.0933,71.1513],[-71.236,71.1152],[-71.2735,71.0929],[-71.2708,71.0656],[-71.1399,71.0905],[-71.0762,71.1343]]],[[[-98.9569,68.0914],[-98.9819,68.0693],[-99.044,68.0555],[-99.0301,68.024],[-98.9727,67.9949],[-98.9256,68.005],[-98.9435,68.046],[-98.919,68.0616],[-98.9569,68.0914]]],[[[-109.5485,68.2585],[-109.6031,68.2334],[-109.6718,68.2244],[-109.7292,68.1921],[-109.8253,68.1663],[-109.7838,68.1536],[-109.7078,68.1598],[-109.6445,68.1891],[-109.6427,68.226],[-109.572,68.2216],[-109.5485,68.2585]]],[[[-110.7358,68.5769],[-110.7043,68.5421],[-110.6296,68.5272],[-110.5269,68.5313],[-110.5126,68.5656],[-110.6151,68.5513],[-110.5943,68.5798],[-110.7358,68.5769]]],[[[-74.2449,64.5533],[-74.3156,64.5601],[-74.3245,64.5359],[-74.2668,64.5143],[-74.2434,64.4925],[-74.1842,64.4924],[-74.1836,64.5316],[-74.2449,64.5533]]],[[[-65.8898,62.1521],[-65.9415,62.1509],[-65.9537,62.1289],[-65.9038,62.1249],[-65.9224,62.1025],[-65.8934,62.0867],[-65.825,62.0892],[-65.8332,62.1299],[-65.8898,62.1521]]],[[[-69.9466,61.0392],[-70.0237,60.9978],[-69.9719,60.9407],[-69.942,60.9676],[-69.9234,61.0323],[-69.9466,61.0392]]],[[[-62.1003,67.1214],[-62.1847,67.1029],[-62.2525,67.1057],[-62.3031,67.0845],[-62.2417,67.0639],[-62.1737,67.0713],[-62.0726,67.0956],[-62.1003,67.1214]]],[[[-102.1491,69.7514],[-102.1824,69.7259],[-102.2262,69.7292],[-102.2162,69.6795],[-102.1543,69.6575],[-102.0945,69.6686],[-102.1276,69.7391],[-102.1491,69.7514]]],[[[-79.204,56.6846],[-79.2423,56.6857],[-79.2793,56.6665],[-79.2717,56.6336],[-79.2209,56.6514],[-79.1844,56.6415],[-79.1569,56.654],[-79.204,56.6846]]],[[[-77.6393,62.5845],[-77.7449,62.5827],[-77.7689,62.5925],[-77.8328,62.5852],[-77.8038,62.54],[-77.7626,62.5355],[-77.7315,62.5537],[-77.68,62.5613],[-77.6393,62.5845]]],[[[-90.2348,69.1509],[-90.2654,69.1153],[-90.2424,69.0751],[-90.1566,69.0757],[-90.1327,69.1134],[-90.2348,69.1509]]],[[[-62.1284,65.9265],[-62.1721,65.9185],[-62.2563,65.9385],[-62.2764,65.9147],[-62.1565,65.8692],[-62.1284,65.9265]]],[[[-96.4695,75.7871],[-96.4367,75.8025],[-96.467,75.8328],[-96.6204,75.7979],[-96.6912,75.7475],[-96.5193,75.7489],[-96.5268,75.7795],[-96.4695,75.7871]]],[[[-65.7066,61.8357],[-65.7703,61.8227],[-65.7457,61.7707],[-65.7115,61.7491],[-65.6621,61.7455],[-65.6825,61.7897],[-65.6657,61.8039],[-65.7066,61.8357]]],[[[-91.1913,62.7026],[-91.2154,62.6797],[-91.0725,62.649],[-91.0132,62.6523],[-91.0103,62.672],[-91.1913,62.7026]]],[[[-65.6305,68.1797],[-65.7029,68.173],[-65.6999,68.1122],[-65.679,68.0909],[-65.5741,68.1103],[-65.5863,68.1431],[-65.6638,68.1611],[-65.6305,68.1797]]],[[[-80.1171,72.5327],[-80.0724,72.4792],[-80.0025,72.485],[-79.9705,72.4657],[-80.025,72.4331],[-79.9587,72.4175],[-79.9042,72.4641],[-80.0528,72.5271],[-80.1171,72.5327]]],[[[-73.3225,64.2472],[-73.3525,64.2394],[-73.2994,64.204],[-73.3977,64.176],[-73.3252,64.1611],[-73.2254,64.1979],[-73.3274,64.2371],[-73.3225,64.2472]]],[[[-72.4549,63.7059],[-72.5458,63.698],[-72.6326,63.6758],[-72.6496,63.6538],[-72.6074,63.6387],[-72.5531,63.6475],[-72.5489,63.6857],[-72.4837,63.6901],[-72.4549,63.7059]]],[[[-84.1456,76.5102],[-84.1068,76.4848],[-84.1502,76.4613],[-83.9706,76.4224],[-83.9049,76.4709],[-84.038,76.5005],[-84.1456,76.5102]]],[[[-96.5784,71.2929],[-96.6191,71.2868],[-96.6039,71.2528],[-96.6264,71.2362],[-96.5553,71.2088],[-96.4428,71.2084],[-96.4363,71.2312],[-96.5216,71.2523],[-96.5313,71.2906],[-96.5784,71.2929]]],[[[-95.729,73.1499],[-95.8206,73.1449],[-95.8551,73.1067],[-95.6936,73.0647],[-95.6779,73.1148],[-95.729,73.1499]]],[[[-95.3542,67.2718],[-95.4087,67.2483],[-95.5213,67.2427],[-95.4346,67.2076],[-95.3592,67.1951],[-95.296,67.235],[-95.3542,67.2718]]],[[[-65.8526,61.8324],[-65.9392,61.7906],[-65.8799,61.7671],[-65.7638,61.7587],[-65.8526,61.8324]]],[[[-82.2256,69.4987],[-82.2836,69.4901],[-82.0378,69.44],[-81.9918,69.4624],[-82.1723,69.4967],[-82.2256,69.4987]]],[[[-76.8369,57.4312],[-76.7609,57.2819],[-76.7309,57.3043],[-76.7538,57.336],[-76.7406,57.3607],[-76.7653,57.3932],[-76.8173,57.4126],[-76.8369,57.4312]]],[[[-65.5111,65.9009],[-65.5719,65.9019],[-65.639,65.8786],[-65.646,65.8349],[-65.5667,65.8316],[-65.5227,65.8481],[-65.5111,65.9009]]],[[[-64.3544,63.814],[-64.3369,63.7653],[-64.3621,63.7541],[-64.3095,63.7108],[-64.2589,63.7102],[-64.24,63.7284],[-64.2506,63.7679],[-64.3544,63.814]]],[[[-97.2277,77.0408],[-97.3891,77.0137],[-97.3565,76.9713],[-97.2582,76.9705],[-97.234,76.991],[-97.1145,77.0193],[-97.2277,77.0408]]],[[[-76.7046,57.1994],[-76.7399,57.1757],[-76.7101,57.1364],[-76.6922,57.0653],[-76.6457,57.067],[-76.6711,57.1218],[-76.6432,57.1385],[-76.6842,57.1539],[-76.6729,57.1719],[-76.7046,57.1994]]],[[[-67.4668,65.7451],[-67.5267,65.7336],[-67.6224,65.7288],[-67.6928,65.7343],[-67.7158,65.6962],[-67.5915,65.7082],[-67.4838,65.6944],[-67.448,65.7015],[-67.4668,65.7451]]],[[[-64.9024,64.4011],[-64.9429,64.3851],[-64.9377,64.3626],[-64.8445,64.2902],[-64.7773,64.3228],[-64.8765,64.3932],[-64.9024,64.4011]]],[[[-64.0642,63.7571],[-64.1378,63.7482],[-64.166,63.7266],[-64.2104,63.721],[-64.2009,63.6971],[-64.1566,63.6759],[-64.1277,63.6966],[-64.039,63.7157],[-64.0642,63.7571]]],[[[-91.5162,63.6099],[-91.4964,63.5671],[-91.4352,63.5432],[-91.3894,63.5566],[-91.3434,63.5515],[-91.3378,63.5794],[-91.4137,63.5995],[-91.5162,63.6099]]],[[[-74.6784,72.2266],[-74.7847,72.2305],[-74.904,72.2106],[-74.9486,72.1749],[-74.8741,72.1654],[-74.7854,72.1688],[-74.6784,72.2266]]],[[[-101.6943,78.2465],[-101.7635,78.2408],[-101.7672,78.2053],[-101.8301,78.1663],[-101.7212,78.1709],[-101.6598,78.1544],[-101.5546,78.1748],[-101.5872,78.2166],[-101.6943,78.2465]]],[[[-79.7482,57.612],[-79.7946,57.5768],[-79.7977,57.5519],[-79.8355,57.5355],[-79.8272,57.5126],[-79.8048,57.5161],[-79.775,57.5164],[-79.74,57.5091],[-79.7099,57.5511],[-79.7482,57.612]]],[[[-91.5506,69.835],[-91.7404,69.7934],[-91.6483,69.7673],[-91.5492,69.7717],[-91.4469,69.7873],[-91.5506,69.835]]],[[[-65.1644,64.2277],[-65.2049,64.2129],[-65.1485,64.1564],[-65.0941,64.1414],[-65.0127,64.163],[-65.0271,64.1889],[-65.1644,64.2277]]],[[[-64.1479,63.636],[-64.196,63.6154],[-64.1524,63.5376],[-64.1089,63.5167],[-64.0438,63.5402],[-64.0706,63.579],[-64.1174,63.597],[-64.1479,63.636]]],[[[-74.2823,64.5003],[-74.3282,64.5023],[-74.3486,64.4579],[-74.425,64.4458],[-74.3398,64.4277],[-74.2459,64.4169],[-74.1942,64.4359],[-74.1913,64.457],[-74.282,64.4491],[-74.2823,64.5003]]],[[[-62.2632,66.2661],[-62.2889,66.2683],[-62.4218,66.2262],[-62.3908,66.208],[-62.2565,66.2117],[-62.1492,66.2065],[-62.2632,66.2661]]],[[[-80.2157,59.7379],[-80.2559,59.7182],[-80.2953,59.6761],[-80.3272,59.6668],[-80.3211,59.6331],[-80.2626,59.6428],[-80.2334,59.6778],[-80.1787,59.6931],[-80.1545,59.7214],[-80.2157,59.7379]]],[[[-62.9562,67.0615],[-63.0114,67.0597],[-63.0955,67.0769],[-63.1206,67.051],[-63.0756,67.0218],[-62.9796,66.9974],[-62.917,66.9974],[-62.9166,67.0276],[-62.9562,67.0615]]],[[[-82.6647,69.8858],[-82.6931,69.864],[-82.5609,69.807],[-82.432,69.7915],[-82.4434,69.8296],[-82.532,69.8494],[-82.5724,69.8736],[-82.6647,69.8858]]],[[[-104.8855,68.3611],[-104.9005,68.319],[-105.0341,68.3137],[-105.0348,68.3009],[-104.9864,68.281],[-104.9631,68.2607],[-104.9354,68.2528],[-104.922,68.2672],[-104.9392,68.2904],[-104.882,68.2834],[-104.8249,68.287],[-104.7919,68.3162],[-104.8203,68.3426],[-104.8855,68.3611]]],[[[-94.82,76.1168],[-94.8961,76.1244],[-95.0658,76.1065],[-95.0885,76.0716],[-95.0182,76.0483],[-94.896,76.0519],[-94.82,76.1168]]],[[[-85.8709,72.302],[-85.9648,72.3041],[-86.1153,72.297],[-86.1281,72.2879],[-86.0275,72.2543],[-85.8818,72.2168],[-85.8518,72.2452],[-85.843,72.29],[-85.8709,72.302]]],[[[-67.6084,58.3899],[-67.597,58.3483],[-67.6259,58.3321],[-67.6719,58.3281],[-67.6546,58.2942],[-67.5816,58.2949],[-67.5127,58.324],[-67.5525,58.3634],[-67.6084,58.3899]]],[[[-77.8707,62.5889],[-77.9927,62.5938],[-78.1141,62.579],[-78.1093,62.5624],[-77.8923,62.5393],[-77.8485,62.5477],[-77.8707,62.5889]]],[[[-73.7339,64.4056],[-73.7743,64.3918],[-73.7993,64.3415],[-73.8287,64.3315],[-73.6933,64.2719],[-73.7099,64.3795],[-73.7339,64.4056]]],[[[-109.4608,68.103],[-109.4789,68.0902],[-109.4353,68.0667],[-109.4881,68.0419],[-109.3532,67.9891],[-109.2631,68.0527],[-109.3634,68.0649],[-109.4172,68.0967],[-109.4608,68.103]]],[[[-79.4809,56.4444],[-79.5319,56.4282],[-79.5453,56.3871],[-79.5693,56.3697],[-79.6286,56.269],[-79.5585,56.2887],[-79.5291,56.3296],[-79.5293,56.3495],[-79.497,56.3955],[-79.526,56.4166],[-79.4809,56.4444]]],[[[-99.6818,76.7543],[-99.8691,76.7284],[-99.84,76.7127],[-99.6596,76.6988],[-99.559,76.6706],[-99.3934,76.7062],[-99.587,76.7509],[-99.6818,76.7543]]],[[[-73.1806,71.6985],[-73.2396,71.6963],[-73.3986,71.6253],[-73.4364,71.598],[-73.4218,71.5639],[-73.3214,71.5676],[-73.2892,71.6303],[-73.2235,71.6645],[-73.1426,71.6745],[-73.1806,71.6985]]],[[[-64.1619,63.8636],[-64.221,63.8577],[-64.2429,63.8423],[-64.3468,63.8511],[-64.3421,63.8189],[-64.2561,63.7872],[-64.2279,63.7673],[-64.1787,63.7749],[-64.1594,63.8085],[-64.1619,63.8636]]],[[[-74.0618,83.1365],[-74.4865,83.1176],[-74.6474,83.0883],[-74.0307,83.0644],[-73.817,83.0958],[-73.8528,83.1122],[-74.0618,83.1365]]],[[[-111.6127,68.3156],[-111.6723,68.2928],[-111.7673,68.2741],[-111.7514,68.2449],[-111.665,68.2242],[-111.5973,68.2513],[-111.6209,68.2689],[-111.5606,68.2965],[-111.4584,68.3037],[-111.4849,68.3267],[-111.6127,68.3156]]],[[[-103.8391,75.8839],[-103.8348,75.8566],[-103.7377,75.8413],[-103.5881,75.8392],[-103.3675,75.8614],[-103.4206,75.891],[-103.7192,75.8795],[-103.8391,75.8839]]],[[[-83.3539,65.8645],[-83.5612,65.8529],[-83.5406,65.8261],[-83.4935,65.8064],[-83.4082,65.808],[-83.3318,65.8307],[-83.2734,65.818],[-83.248,65.8434],[-83.3539,65.8645]]],[[[-95.5278,77.2514],[-95.538,77.2096],[-95.3371,77.1659],[-95.2148,77.1721],[-95.1904,77.2032],[-95.3843,77.2464],[-95.5278,77.2514]]],[[[-108.1013,67.9833],[-108.1494,67.9715],[-108.2199,67.9247],[-108.1256,67.8751],[-108.0563,67.8879],[-108.0206,67.9648],[-108.1013,67.9833]]],[[[-77.6082,77.8574],[-77.8571,77.848],[-77.9834,77.8213],[-77.8824,77.778],[-77.8326,77.7719],[-77.6713,77.7876],[-77.5499,77.8476],[-77.6082,77.8574]]],[[[-89.9429,74.0621],[-90.1662,74.059],[-90.2532,74.0376],[-90.2156,74.0117],[-89.9629,73.9981],[-89.8902,74.0451],[-89.9429,74.0621]]],[[[-79.5688,72.4631],[-79.6667,72.4326],[-79.5843,72.3549],[-79.4731,72.3556],[-79.4246,72.3788],[-79.419,72.4232],[-79.5197,72.4405],[-79.5688,72.4631]]],[[[-107.8185,68.1112],[-107.8735,68.0755],[-107.844,68.0265],[-107.895,67.9974],[-107.8011,67.9899],[-107.8003,68.0195],[-107.6759,68.0345],[-107.7131,68.0454],[-107.7712,68.0332],[-107.7823,68.0572],[-107.7171,68.0529],[-107.6789,68.0759],[-107.7632,68.0819],[-107.8185,68.1112]]],[[[-95.3465,71.855],[-95.4372,71.8278],[-95.3779,71.7902],[-95.4924,71.76],[-95.4317,71.7432],[-95.2885,71.7406],[-95.281,71.7836],[-95.2485,71.8174],[-95.2708,71.8475],[-95.3465,71.855]]],[[[-94.5628,78.2848],[-94.6803,78.2729],[-94.6859,78.2528],[-94.5654,78.2182],[-94.5238,78.1858],[-94.4101,78.1649],[-94.2828,78.1863],[-94.4365,78.2609],[-94.5628,78.2848]]],[[[-78.9386,56.0543],[-78.963,56.073],[-79.0157,56.0243],[-79.0588,55.9011],[-79.0904,55.8361],[-79.1305,55.7892],[-79.1086,55.7874],[-79.0531,55.8549],[-79.0176,55.9453],[-78.9386,56.0543]]],[[[-79.5913,56.7954],[-79.5565,56.707],[-79.5579,56.6804],[-79.5942,56.6536],[-79.5544,56.642],[-79.5062,56.6453],[-79.4857,56.6844],[-79.5024,56.7127],[-79.5029,56.7598],[-79.5171,56.7781],[-79.5913,56.7954]]],[[[-97.3794,67.7423],[-97.385,67.6993],[-97.4858,67.699],[-97.5325,67.6528],[-97.4799,67.6249],[-97.3804,67.64],[-97.3152,67.6664],[-97.2911,67.6914],[-97.3363,67.7403],[-97.3794,67.7423]]],[[[-108.4749,67.5755],[-108.4786,67.5245],[-108.4277,67.4826],[-108.369,67.4617],[-108.2989,67.5099],[-108.2622,67.5575],[-108.317,67.5742],[-108.347,67.5474],[-108.4749,67.5755]]],[[[-79.8688,56.8739],[-79.9131,56.8712],[-79.969,56.8332],[-79.959,56.7703],[-79.9283,56.7419],[-79.9014,56.7459],[-79.8966,56.7805],[-79.8651,56.7898],[-79.8337,56.8277],[-79.8688,56.8739]]],[[[-107.8983,67.4954],[-107.9251,67.4735],[-108.0377,67.4323],[-108.0084,67.4004],[-107.9924,67.3565],[-107.93,67.3126],[-107.9085,67.3382],[-107.9627,67.3621],[-107.9094,67.371],[-107.8673,67.4104],[-107.8983,67.4954]]],[[[-64.8805,62.6059],[-64.9735,62.6033],[-65.0235,62.5907],[-65.0769,62.5444],[-64.9558,62.5283],[-64.9336,62.5444],[-64.8522,62.554],[-64.8493,62.5985],[-64.8805,62.6059]]],[[[-79.8608,53.1744],[-79.9121,53.1499],[-79.9272,53.1215],[-79.9082,53.0675],[-79.845,53.0829],[-79.7985,53.0863],[-79.791,53.1137],[-79.8109,53.169],[-79.8608,53.1744]]],[[[-78.9816,72.4461],[-79.0671,72.4275],[-79.0844,72.4019],[-79.0432,72.3836],[-79.0502,72.3613],[-78.9376,72.3405],[-78.8837,72.3631],[-78.7438,72.3662],[-78.8266,72.415],[-78.9051,72.4243],[-78.9816,72.4461]]],[[[-67.5178,69.6103],[-67.5483,69.5791],[-67.7565,69.5347],[-67.6554,69.5106],[-67.5599,69.5363],[-67.4552,69.5397],[-67.3505,69.5508],[-67.3957,69.5862],[-67.4751,69.5939],[-67.5178,69.6103]]],[[[-79.8183,56.958],[-79.8466,56.9278],[-79.9186,56.9113],[-79.924,56.8902],[-79.8268,56.8901],[-79.8099,56.8526],[-79.8155,56.8268],[-79.7661,56.7895],[-79.74,56.8155],[-79.7674,56.8719],[-79.7717,56.9144],[-79.8183,56.958]]],[[[-83.8041,69.8255],[-83.8804,69.8174],[-83.8735,69.764],[-83.8003,69.7433],[-83.643,69.7183],[-83.7194,69.7675],[-83.634,69.7682],[-83.5952,69.804],[-83.8041,69.8255]]],[[[-101.6062,69.2265],[-101.667,69.2099],[-101.6839,69.1727],[-101.59,69.144],[-101.6175,69.1235],[-101.6852,69.1032],[-101.5872,69.0955],[-101.5524,69.1042],[-101.4637,69.1646],[-101.508,69.1758],[-101.5099,69.222],[-101.6062,69.2265]]],[[[-66.8608,66.4071],[-66.9315,66.4179],[-66.9529,66.3934],[-66.8664,66.3836],[-66.7873,66.3406],[-66.8458,66.3266],[-66.7122,66.3135],[-66.6305,66.2916],[-66.5746,66.2985],[-66.5655,66.3188],[-66.6626,66.359],[-66.7807,66.3752],[-66.8608,66.4071]]],[[[-104.1454,77.1693],[-104.308,77.1591],[-104.3924,77.133],[-104.4001,77.0904],[-104.3108,77.0793],[-104.1986,77.0808],[-104.082,77.0989],[-103.9735,77.1278],[-103.9608,77.1435],[-104.0476,77.1718],[-104.1454,77.1693]]],[[[-100.3056,75.6299],[-100.6029,75.6101],[-100.6491,75.5865],[-100.7431,75.5915],[-100.978,75.5704],[-100.8797,75.5481],[-100.2944,75.5951],[-100.2713,75.5712],[-100.1813,75.5792],[-100.1499,75.5974],[-100.2023,75.629],[-100.3056,75.6299]]],[[[-109.1644,67.9897],[-109.1426,67.9475],[-109.0248,67.9181],[-109.0321,67.9053],[-108.9218,67.8804],[-108.8562,67.8761],[-108.8433,67.906],[-108.897,67.9263],[-108.8659,67.9655],[-108.9182,67.9788],[-109.0281,67.9552],[-109.1203,67.966],[-109.1644,67.9897]]],[[[-74.5425,78.7751],[-74.6549,78.774],[-74.7076,78.7361],[-74.6011,78.7022],[-74.2794,78.6756],[-74.1308,78.716],[-74.3989,78.7607],[-74.5425,78.7751]]],[[[-88.0783,78.4598],[-88.2354,78.4374],[-88.2544,78.3792],[-88.3471,78.3415],[-88.4144,78.29],[-88.4111,78.2607],[-88.3383,78.2379],[-88.2513,78.2551],[-88.1524,78.3544],[-88.1563,78.3759],[-88.0674,78.4],[-88.0783,78.4598]]],[[[-82.7564,69.8124],[-82.8589,69.8114],[-82.8432,69.7781],[-82.7953,69.7784],[-82.7008,69.7412],[-82.6298,69.7428],[-82.5142,69.72],[-82.4527,69.7219],[-82.456,69.7725],[-82.5722,69.7797],[-82.6213,69.8034],[-82.7564,69.8124]]],[[[-107.6024,67.2204],[-107.6346,67.1975],[-107.6066,67.159],[-107.5458,67.1108],[-107.466,67.0794],[-107.3009,67.0938],[-107.3104,67.1185],[-107.4158,67.1288],[-107.5027,67.1815],[-107.5403,67.1862],[-107.6024,67.2204]]],[[[-80.0425,59.8706],[-80.142,59.8221],[-80.1426,59.7868],[-80.1014,59.7619],[-80.0262,59.7789],[-79.9574,59.8158],[-79.9364,59.8354],[-79.9494,59.8624],[-80.0425,59.8706]]],[[[-93.0649,61.9302],[-93.1206,61.9199],[-93.2393,61.9118],[-93.264,61.8781],[-93.1763,61.877],[-93.1274,61.8635],[-93.1181,61.8344],[-93.0607,61.8271],[-93.0053,61.8387],[-92.9881,61.8756],[-93.0649,61.9302]]],[[[-68.1421,68.7885],[-68.2871,68.8025],[-68.3486,68.7944],[-68.4109,68.8131],[-68.4329,68.785],[-68.3309,68.7862],[-68.1463,68.7524],[-67.8483,68.7099],[-67.6968,68.7033],[-67.7666,68.7307],[-67.8869,68.7405],[-68.0638,68.7707],[-68.1421,68.7885]]],[[[-64.959,63.5633],[-64.9856,63.5457],[-64.9896,63.506],[-64.9757,63.4735],[-64.9327,63.4253],[-64.8624,63.3871],[-64.8216,63.3904],[-64.8415,63.4282],[-64.8289,63.4405],[-64.8434,63.4843],[-64.8847,63.5333],[-64.959,63.5633]]],[[[-64.9994,64.3516],[-65.0674,64.3362],[-65.0819,64.2957],[-65.0321,64.2084],[-64.9764,64.1917],[-64.9014,64.2299],[-64.9265,64.2394],[-64.8988,64.2704],[-64.956,64.2838],[-64.9646,64.3401],[-64.9994,64.3516]]],[[[-109.8311,77.9368],[-109.6642,77.967],[-109.5758,78.0333],[-109.5651,78.0803],[-109.6713,78.1042],[-109.8312,78.1108],[-109.8311,77.9368]]],[[[-107.9924,73.6151],[-108.0223,73.5979],[-107.9794,73.5522],[-107.8441,73.5435],[-107.8093,73.5569],[-107.7009,73.5596],[-107.5566,73.583],[-107.5986,73.6173],[-107.8354,73.6257],[-107.9924,73.6151]]],[[[-78.6875,68.5589],[-78.7978,68.5603],[-78.8628,68.5341],[-78.9356,68.5276],[-78.943,68.4783],[-78.8897,68.487],[-78.8684,68.4566],[-78.8112,68.4461],[-78.7269,68.4553],[-78.6166,68.5093],[-78.7224,68.5295],[-78.6875,68.5589]]],[[[-78.7002,68.6674],[-78.858,68.6691],[-78.8946,68.6556],[-78.7526,68.6171],[-78.7042,68.6107],[-78.6353,68.5688],[-78.556,68.5558],[-78.4881,68.5779],[-78.4805,68.6281],[-78.5685,68.6294],[-78.7002,68.6674]]],[[[-110.8019,68.5607],[-110.903,68.5453],[-111.0207,68.5179],[-111.0653,68.4981],[-111.015,68.4762],[-110.9403,68.4679],[-110.8347,68.4833],[-110.7952,68.4798],[-110.6759,68.4905],[-110.692,68.5294],[-110.8019,68.5607]]],[[[-89.9232,68.8548],[-89.9549,68.8521],[-90.037,68.7637],[-89.9845,68.7071],[-89.8926,68.6749],[-89.8433,68.6989],[-89.8462,68.7276],[-89.7967,68.744],[-89.7868,68.7747],[-89.9231,68.8122],[-89.9232,68.8548]]],[[[-81.508,69.4273],[-81.5456,69.4019],[-81.6583,69.42],[-81.7277,69.4136],[-81.8619,69.4283],[-81.9168,69.3979],[-81.8577,69.342],[-81.7711,69.3489],[-81.7981,69.3692],[-81.7445,69.3956],[-81.6545,69.3683],[-81.6349,69.3392],[-81.5222,69.337],[-81.461,69.3486],[-81.508,69.4273]]],[[[-63.4753,67.3455],[-63.5211,67.3456],[-63.544,67.3166],[-63.5945,67.3334],[-63.6024,67.3616],[-63.698,67.3416],[-63.7948,67.2827],[-63.7606,67.2731],[-63.4225,67.2701],[-63.3646,67.2994],[-63.4753,67.3455]]],[[[-66.1987,68.2647],[-66.2556,68.27],[-66.302,68.2447],[-66.3746,68.2318],[-66.5162,68.2308],[-66.5191,68.2092],[-66.6657,68.2099],[-66.658,68.1827],[-66.5011,68.1762],[-66.3359,68.1496],[-66.2626,68.1712],[-66.2709,68.2167],[-66.1987,68.2647]]],[[[-74.7502,68.68],[-74.7971,68.6725],[-74.8713,68.6333],[-74.8672,68.594],[-74.8214,68.5683],[-74.7061,68.5593],[-74.6734,68.5688],[-74.5927,68.5607],[-74.5073,68.5702],[-74.5971,68.604],[-74.6599,68.6134],[-74.6429,68.6605],[-74.7502,68.68]]],[[[-108.0813,67.6778],[-108.102,67.6684],[-108.1028,67.599],[-108.0875,67.5775],[-108.1183,67.5493],[-108.0828,67.4962],[-108.0074,67.5078],[-108.0324,67.5328],[-107.9718,67.5522],[-107.9003,67.5483],[-107.9255,67.6153],[-107.9753,67.6639],[-108.0813,67.6778]]],[[[-83.2584,66.3592],[-83.2359,66.306],[-83.2779,66.2828],[-83.2726,66.2562],[-83.1237,66.2246],[-83.066,66.203],[-82.9859,66.2004],[-82.9099,66.2499],[-82.9159,66.2722],[-83.0476,66.2576],[-83.0576,66.2875],[-83.1025,66.308],[-83.1944,66.3221],[-83.2153,66.3459],[-83.2584,66.3592]]],[[[-85.1566,77.5863],[-85.3485,77.5862],[-85.4964,77.5494],[-85.2778,77.5334],[-85.1373,77.4985],[-85.1639,77.4645],[-85.1163,77.4534],[-84.8943,77.4804],[-84.8061,77.5027],[-84.9247,77.5249],[-84.9821,77.5759],[-85.1566,77.5863]]],[[[-103.0811,70.6861],[-103.1083,70.6772],[-103.1143,70.6263],[-103.0928,70.5846],[-102.9948,70.5451],[-102.9261,70.5481],[-102.8361,70.5393],[-102.8055,70.6012],[-102.8825,70.6179],[-102.9944,70.6796],[-103.0811,70.6861]]],[[[-102.9721,78.2738],[-103.0424,78.2643],[-103.2087,78.2115],[-103.3018,78.1714],[-103.3116,78.1471],[-103.2418,78.127],[-103.0698,78.1248],[-102.9446,78.1764],[-102.7817,78.2067],[-102.7955,78.2535],[-102.8506,78.2701],[-102.9721,78.2738]]],[[[-78.2545,60.8246],[-78.3211,60.8121],[-78.3756,60.8185],[-78.4501,60.7965],[-78.5287,60.7933],[-78.6016,60.776],[-78.6436,60.7393],[-78.6806,60.7319],[-78.6617,60.7068],[-78.5947,60.7092],[-78.4895,60.7368],[-78.392,60.7445],[-78.3563,60.766],[-78.28,60.7871],[-78.2545,60.8246]]],[[[-63.9271,67.6434],[-63.965,67.6295],[-63.9734,67.5851],[-64.0437,67.5446],[-64.0364,67.5056],[-64,67.4867],[-63.8736,67.4887],[-63.7502,67.4987],[-63.7274,67.5179],[-63.7644,67.5498],[-63.8777,67.5894],[-63.9271,67.6434]]],[[[-62.2845,65.7397],[-62.4724,65.7255],[-62.4716,65.6925],[-62.4308,65.6742],[-62.4499,65.646],[-62.3349,65.6438],[-62.3438,65.6215],[-62.2465,65.6218],[-62.2041,65.6294],[-62.166,65.6573],[-62.2209,65.6959],[-62.2735,65.7043],[-62.2845,65.7397]]],[[[-72.7312,71.6604],[-72.9326,71.6492],[-72.9995,71.6259],[-73.0247,71.579],[-72.9938,71.5635],[-72.8382,71.5344],[-72.7405,71.5382],[-72.6747,71.592],[-72.6888,71.6456],[-72.7312,71.6604]]],[[[-95.4248,80.7015],[-95.955,80.6926],[-96.0576,80.6655],[-95.8285,80.6505],[-95.6711,80.6575],[-95.195,80.61],[-94.9489,80.6263],[-94.9778,80.6729],[-95.085,80.6967],[-95.4248,80.7015]]],[[[-91.0067,77.2567],[-91.1218,77.2546],[-91.2805,77.2309],[-91.2898,77.206],[-91.2355,77.1824],[-91.0145,77.1392],[-90.8958,77.1357],[-90.8112,77.1463],[-90.71,77.1848],[-90.7241,77.214],[-90.8092,77.2368],[-91.0067,77.2567]]],[[[-96.6994,72.9043],[-96.7752,72.8969],[-96.8786,72.8542],[-96.9851,72.769],[-96.9186,72.7378],[-96.831,72.7431],[-96.7136,72.7288],[-96.651,72.772],[-96.6002,72.7883],[-96.6958,72.8304],[-96.6582,72.8693],[-96.6994,72.9043]]],[[[-90.6314,69.3773],[-90.7223,69.3662],[-90.7945,69.324],[-90.7795,69.2993],[-90.7112,69.313],[-90.6779,69.2328],[-90.6139,69.2324],[-90.5949,69.2013],[-90.5251,69.2083],[-90.4414,69.2357],[-90.4809,69.2546],[-90.4383,69.2781],[-90.5208,69.3067],[-90.5506,69.3502],[-90.6314,69.3773]]],[[[-62.4018,67.1973],[-62.4245,67.1809],[-62.5979,67.1779],[-62.6675,67.1411],[-62.6833,67.1111],[-62.7589,67.0949],[-62.7995,67.0548],[-62.8503,67.0596],[-62.8331,67.0234],[-62.7722,67.0017],[-62.7259,67.0276],[-62.659,67.0424],[-62.6041,67.0877],[-62.553,67.1054],[-62.4481,67.126],[-62.3715,67.164],[-62.4018,67.1973]]],[[[-97.428,74.6316],[-97.524,74.5922],[-97.5947,74.5872],[-97.6002,74.5497],[-97.7337,74.5257],[-97.7852,74.4995],[-97.6606,74.4643],[-97.5146,74.4855],[-97.4447,74.5135],[-97.3682,74.5155],[-97.2862,74.5786],[-97.2721,74.6077],[-97.428,74.6316]]],[[[-100.1148,69.1512],[-100.1392,69.116],[-100.204,69.0901],[-100.1946,69.0618],[-100.2336,69.048],[-100.2219,69.004],[-100.1796,68.975],[-100.0437,68.9483],[-99.9678,68.9637],[-99.9706,69.0051],[-100.0024,69.0434],[-100.0105,69.1061],[-100.0918,69.1279],[-100.1148,69.1512]]],[[[-79.9978,53.3889],[-80.0348,53.3858],[-80.0832,53.364],[-80.0931,53.3194],[-80.0764,53.2916],[-80.0758,53.2594],[-80.0553,53.232],[-80.0159,53.2254],[-79.9807,53.2475],[-79.9433,53.2564],[-79.9309,53.2931],[-79.9587,53.3199],[-79.9033,53.3569],[-79.9351,53.3769],[-79.9978,53.3889]]],[[[-79.0459,54.9382],[-79.295,54.902],[-79.3492,54.8876],[-79.4375,54.8838],[-79.4802,54.869],[-79.5911,54.8559],[-79.6599,54.8417],[-79.7347,54.8042],[-79.6734,54.7947],[-79.6283,54.8134],[-79.5177,54.8324],[-79.409,54.84],[-79.3282,54.8543],[-79.3194,54.8697],[-79.2435,54.8925],[-79.2054,54.8865],[-79.0621,54.9118],[-79.0459,54.9382]]],[[[-74.2963,68.4682],[-74.3884,68.4564],[-74.4031,68.429],[-74.3735,68.3848],[-74.3071,68.3443],[-74.2107,68.3288],[-74.2745,68.3084],[-74.2395,68.2595],[-74.1533,68.2614],[-74.1277,68.2966],[-74.0659,68.3468],[-74.1309,68.3694],[-74.2135,68.4357],[-74.2963,68.4682]]],[[[-90.199,69.4465],[-90.2724,69.4292],[-90.3549,69.427],[-90.3801,69.3993],[-90.4773,69.3866],[-90.5043,69.3743],[-90.4926,69.3314],[-90.4218,69.3076],[-90.3611,69.2624],[-90.2538,69.2753],[-90.2062,69.3312],[-90.1444,69.3524],[-90.1373,69.3824],[-90.2015,69.4204],[-90.199,69.4465]]],[[[-101.2576,69.5944],[-101.3412,69.582],[-101.3663,69.5438],[-101.2781,69.5004],[-101.2351,69.5175],[-101.1876,69.4428],[-101.2315,69.4301],[-101.1957,69.3978],[-101.1136,69.3961],[-101.0613,69.4539],[-100.9432,69.4642],[-100.9766,69.4992],[-101.0394,69.5121],[-101.0477,69.534],[-101.1067,69.5613],[-101.2147,69.5525],[-101.2227,69.5835],[-101.2576,69.5944]]],[[[-77.5656,64.0362],[-77.7421,64.0387],[-77.9264,64.0229],[-77.9594,63.9908],[-77.9546,63.9559],[-77.8643,63.939],[-77.8013,63.94],[-77.7474,63.9232],[-77.686,63.9243],[-77.632,63.9522],[-77.5678,63.9971],[-77.615,64.0215],[-77.5656,64.0362]]],[[[-95.608,74.6521],[-95.6802,74.6483],[-95.8036,74.6125],[-95.8353,74.5927],[-95.7876,74.562],[-95.4828,74.5034],[-95.3362,74.4993],[-95.2351,74.5088],[-95.2376,74.5346],[-95.3384,74.597],[-95.4987,74.6474],[-95.608,74.6521]]],[[[-73.9863,62.6644],[-74.1795,62.6804],[-74.2484,62.666],[-74.3365,62.661],[-74.407,62.6954],[-74.4188,62.7134],[-74.5016,62.7237],[-74.5882,62.7064],[-74.5999,62.6893],[-74.4842,62.6526],[-74.368,62.6462],[-74.3054,62.6194],[-74.1833,62.6009],[-74.1012,62.5958],[-73.9838,62.599],[-73.9339,62.608],[-73.9863,62.6644]]],[[[-67.8528,69.6839],[-67.8966,69.7113],[-67.9671,69.6921],[-67.8897,69.6665],[-67.9331,69.6545],[-67.9997,69.6748],[-68.1026,69.6667],[-68.1378,69.6417],[-68.2304,69.6032],[-68.315,69.5888],[-68.2682,69.5744],[-68.1848,69.5711],[-68.016,69.5272],[-67.9323,69.526],[-67.8613,69.6056],[-67.7226,69.6503],[-67.8528,69.6839]]],[[[-100.6758,70.6951],[-100.6646,70.6629],[-100.6182,70.6476],[-100.624,70.6077],[-100.6588,70.5887],[-100.6128,70.5484],[-100.3595,70.4906],[-100.2414,70.4993],[-100.3227,70.5367],[-100.299,70.5596],[-100.3573,70.5899],[-100.1622,70.5687],[-100.1698,70.5874],[-100.3083,70.6193],[-100.3112,70.6402],[-100.3938,70.6419],[-100.4467,70.6729],[-100.6278,70.674],[-100.6758,70.6951]]],[[[-64.4306,60.3777],[-64.4677,60.4059],[-64.5153,60.3907],[-64.5205,60.4218],[-64.5517,60.4323],[-64.58,60.4647],[-64.6592,60.4909],[-64.7277,60.479],[-64.7934,60.4924],[-64.8488,60.4718],[-64.8632,60.4467],[-64.7638,60.3785],[-64.7,60.3572],[-64.6195,60.3487],[-64.5576,60.3329],[-64.5171,60.3113],[-64.534,60.3411],[-64.4914,60.3726],[-64.4306,60.3777]]],[[[-78.928,68.3597],[-79.0478,68.3564],[-79.1503,68.3653],[-79.1879,68.3337],[-79.1794,68.2778],[-79.1927,68.2387],[-79.0788,68.1785],[-78.9904,68.1894],[-78.9286,68.2299],[-78.8527,68.2478],[-78.8124,68.2927],[-78.9006,68.3343],[-78.928,68.3597]]],[[[-65.349,64.7518],[-65.3947,64.7206],[-65.3964,64.6991],[-65.4315,64.6635],[-65.4869,64.6701],[-65.5086,64.6294],[-65.6133,64.5901],[-65.6721,64.5147],[-65.5719,64.5108],[-65.4333,64.5143],[-65.4066,64.5493],[-65.3524,64.5597],[-65.3522,64.592],[-65.2821,64.5955],[-65.2188,64.6273],[-65.2147,64.6626],[-65.2901,64.6805],[-65.2237,64.6976],[-65.2689,64.7302],[-65.3543,64.6916],[-65.349,64.7518]]],[[[-64.3532,63.6719],[-64.3759,63.6546],[-64.4605,63.6424],[-64.4765,63.6046],[-64.4541,63.5679],[-64.4202,63.5602],[-64.3796,63.5301],[-64.3945,63.4915],[-64.3537,63.4629],[-64.3538,63.4048],[-64.3201,63.3755],[-64.2859,63.3758],[-64.2401,63.3266],[-64.096,63.3176],[-64.1545,63.3794],[-64.2079,63.3875],[-64.221,63.4133],[-64.2638,63.431],[-64.2136,63.4436],[-64.2509,63.4801],[-64.2468,63.5177],[-64.3163,63.5665],[-64.3065,63.6422],[-64.3532,63.6719]]],[[[-64.532,63.9065],[-64.602,63.8726],[-64.6206,63.9165],[-64.7081,63.8957],[-64.7279,63.8706],[-64.7159,63.8334],[-64.7674,63.8413],[-64.8032,63.871],[-64.8984,63.8359],[-64.9064,63.7964],[-64.8744,63.7793],[-64.8198,63.784],[-64.7479,63.7558],[-64.6563,63.777],[-64.6266,63.7497],[-64.5159,63.7207],[-64.4673,63.6685],[-64.375,63.6863],[-64.3729,63.7339],[-64.426,63.7816],[-64.5061,63.7526],[-64.5468,63.7784],[-64.5373,63.8206],[-64.4918,63.8368],[-64.5846,63.8501],[-64.5471,63.875],[-64.532,63.9065]]],[[[-73.1389,71.5675],[-73.3686,71.5231],[-73.366,71.4858],[-73.2997,71.4519],[-73.2564,71.4086],[-73.2625,71.3633],[-73.1582,71.3352],[-73.0962,71.336],[-73.0742,71.3047],[-72.9777,71.3125],[-73.0192,71.3438],[-73.0419,71.4036],[-72.9912,71.4264],[-72.8482,71.4333],[-72.8382,71.461],[-72.8968,71.478],[-72.952,71.5205],[-72.9948,71.5246],[-73.0794,71.4682],[-73.1277,71.4789],[-73.0679,71.5368],[-73.1389,71.5675]]],[[[-65.1009,61.9346],[-65.1784,61.9361],[-65.2257,61.9064],[-65.2342,61.8681],[-65.1734,61.845],[-65.182,61.8147],[-65.1367,61.8018],[-65.1252,61.7773],[-65.0564,61.7756],[-65.0089,61.7597],[-64.9996,61.7411],[-64.9258,61.7142],[-64.7988,61.7353],[-64.8087,61.7659],[-64.8451,61.8137],[-64.8976,61.8316],[-65.0025,61.8859],[-65.0324,61.912],[-65.1009,61.9346]]],[[[-94.473,75.9793],[-94.6062,75.9732],[-94.7181,75.9516],[-94.8374,75.9518],[-94.8711,75.9199],[-94.7991,75.8899],[-94.8142,75.7991],[-94.6579,75.7498],[-94.4387,75.7519],[-94.299,75.759],[-94.2756,75.7889],[-94.3481,75.8481],[-94.3967,75.8705],[-94.4199,75.9419],[-94.473,75.9793]]],[[[-96.6849,69.5894],[-96.6288,69.5561],[-96.5457,69.4861],[-96.4807,69.4658],[-96.38,69.4561],[-96.3234,69.416],[-96.1357,69.3541],[-96.1031,69.3565],[-96.0947,69.4097],[-96.1091,69.4481],[-96.0649,69.4507],[-96.0501,69.4935],[-96.0783,69.543],[-96.1282,69.5722],[-96.2234,69.5616],[-96.2459,69.5363],[-96.2886,69.5285],[-96.3795,69.5816],[-96.4332,69.5713],[-96.613,69.5603],[-96.6849,69.5894]]],[[[-79.3421,52.0981],[-79.4265,52.0641],[-79.4816,52.0526],[-79.5495,52.0129],[-79.6082,51.9997],[-79.6436,52.0048],[-79.6534,51.9534],[-79.6252,51.9061],[-79.5838,51.9219],[-79.4634,51.9334],[-79.4184,51.9235],[-79.3776,51.9249],[-79.3231,51.9594],[-79.3244,52.021],[-79.2491,52.0592],[-79.3421,52.0981]]],[[[-79.5413,56.5392],[-79.5422,56.5191],[-79.5821,56.4763],[-79.5951,56.43],[-79.6235,56.394],[-79.6785,56.3604],[-79.7248,56.3499],[-79.864,56.3746],[-79.8563,56.3277],[-79.8932,56.314],[-79.988,56.3243],[-80.0302,56.3147],[-80.0383,56.267],[-80.0553,56.2413],[-80.0904,56.2344],[-80.1086,56.2014],[-80.0482,56.1712],[-80,56.1947],[-79.926,56.2115],[-79.7209,56.2865],[-79.6639,56.3187],[-79.6159,56.3586],[-79.5503,56.4802],[-79.5259,56.513],[-79.5413,56.5392]]],[[[-85.7762,79.0738],[-86.0272,79.0423],[-86.139,79.0167],[-86.2801,79.0166],[-86.3119,78.9648],[-86.4826,78.8972],[-86.2951,78.8917],[-85.7285,78.9376],[-85.2822,78.9844],[-85.1699,79.0069],[-85.1619,79.0296],[-85.2304,79.0528],[-85.3226,79.0603],[-85.7762,79.0738]]],[[[-100.7003,76.7605],[-100.7594,76.758],[-100.9986,76.7262],[-101.0577,76.6919],[-101.1634,76.6644],[-101.3647,76.65],[-101.702,76.5936],[-101.5619,76.5655],[-101.4283,76.5535],[-101.334,76.5589],[-100.7844,76.6333],[-100.7073,76.6551],[-100.4831,76.6896],[-100.3701,76.7217],[-100.2734,76.7339],[-100.468,76.7608],[-100.7003,76.7605]]],[[[-78.6803,56.4376],[-78.7109,56.437],[-78.7682,56.4137],[-78.7874,56.3784],[-78.8284,56.3548],[-78.8122,56.3393],[-78.8351,56.3199],[-78.8177,56.3019],[-78.8514,56.2682],[-78.8106,56.2651],[-78.8419,56.2314],[-78.8929,56.1941],[-78.911,56.1407],[-78.9315,56.1137],[-78.885,56.1073],[-78.841,56.1311],[-78.8055,56.1374],[-78.7764,56.1684],[-78.7457,56.1607],[-78.7009,56.1727],[-78.6594,56.2122],[-78.6488,56.2693],[-78.6565,56.3492],[-78.6519,56.412],[-78.6803,56.4376]]],[[[-78.8823,76.1059],[-79.0997,76.1176],[-79.1532,76.0636],[-79.2124,76.0617],[-79.2853,76.0168],[-79.4457,75.981],[-79.5563,75.9441],[-79.5806,75.901],[-79.7281,75.8901],[-79.742,75.8649],[-79.6161,75.8703],[-79.5479,75.856],[-79.5801,75.8226],[-79.3676,75.8189],[-79.4017,75.8488],[-79.2745,75.8828],[-79.2117,75.8697],[-79.0093,75.8584],[-78.9342,75.8386],[-78.8716,75.8458],[-78.934,75.8823],[-79,75.8868],[-79.1199,75.9175],[-79.1786,75.95],[-79.152,75.9734],[-78.8537,76.0459],[-78.7993,76.0895],[-78.8823,76.1059]]],[[[-104.9343,68.5969],[-105.0357,68.573],[-105.0315,68.5367],[-104.9921,68.4973],[-104.9217,68.4626],[-104.8822,68.4602],[-104.7338,68.4157],[-104.614,68.407],[-104.5597,68.3964],[-104.48,68.4066],[-104.4286,68.4239],[-104.4011,68.4779],[-104.4127,68.4972],[-104.4923,68.5369],[-104.5977,68.569],[-104.9343,68.5969]]],[[[-109.8312,78.3015],[-109.7702,78.2977],[-109.5024,78.3157],[-109.397,78.3136],[-109.3298,78.3393],[-109.2917,78.3798],[-109.3284,78.3983],[-109.3157,78.4409],[-109.2217,78.4758],[-109.3597,78.5588],[-109.585,78.5878],[-109.7458,78.6178],[-109.8324,78.6438],[-109.8312,78.3015]]],[[[-87.0492,70.1498],[-87.1208,70.1534],[-87.1139,70.1269],[-87.1831,70.113],[-87.276,70.1197],[-87.3553,70.1113],[-87.3654,70.0963],[-87.2689,70.063],[-87.2684,70.0361],[-87.1865,70.0204],[-87.1313,69.9991],[-87.0518,69.9944],[-86.9984,70.013],[-86.9348,69.9951],[-86.7497,69.9732],[-86.4835,69.9925],[-86.4561,70.0034],[-86.5096,70.0309],[-86.4973,70.0501],[-86.5536,70.0798],[-86.5898,70.1169],[-86.6606,70.1242],[-86.7797,70.0885],[-86.8198,70.1],[-87.0077,70.1203],[-87.0492,70.1498]]],[[[-64.3721,62.5323],[-64.4372,62.5123],[-64.4606,62.5425],[-64.5167,62.5526],[-64.5397,62.5341],[-64.6207,62.5449],[-64.6655,62.5334],[-64.7262,62.5603],[-64.7774,62.5609],[-64.8188,62.5479],[-64.8367,62.5152],[-64.8006,62.4957],[-64.9078,62.4894],[-64.9402,62.4725],[-64.9126,62.4558],[-64.9158,62.4211],[-64.8508,62.4055],[-64.754,62.3962],[-64.7467,62.38],[-64.632,62.3632],[-64.5441,62.3651],[-64.5,62.393],[-64.4497,62.4036],[-64.4598,62.4348],[-64.403,62.4343],[-64.3735,62.4685],[-64.452,62.4703],[-64.4521,62.4846],[-64.3884,62.4909],[-64.3721,62.5323]]],[[[-96.8117,73.1936],[-96.8665,73.1902],[-97.037,73.1494],[-97.1187,73.0916],[-97.0754,73.0092],[-97.0784,72.9862],[-96.9637,72.933],[-96.8304,72.9263],[-96.6455,72.9479],[-96.5901,72.982],[-96.6,72.9957],[-96.5406,73.0438],[-96.563,73.0869],[-96.6246,73.1218],[-96.7097,73.1391],[-96.6985,73.1653],[-96.8117,73.1936]]],[[[-101.9758,68.828],[-102.0013,68.8257],[-102.0613,68.7677],[-102.1692,68.7342],[-102.3271,68.6921],[-102.2674,68.6762],[-102.2151,68.6441],[-102.1425,68.6463],[-102.0937,68.6142],[-102.0116,68.6159],[-101.9538,68.6271],[-101.9192,68.5877],[-101.8174,68.5912],[-101.7796,68.6306],[-101.8155,68.6534],[-101.7778,68.664],[-101.7155,68.6432],[-101.6765,68.6683],[-101.698,68.7016],[-101.6775,68.7484],[-101.6986,68.7672],[-101.8818,68.8224],[-101.9758,68.828]]],[[[-96.2946,75.6521],[-96.4049,75.6408],[-96.3659,75.5882],[-96.4702,75.5859],[-96.6126,75.5572],[-96.7124,75.5611],[-96.756,75.5409],[-96.8905,75.5296],[-97.0153,75.5026],[-96.985,75.484],[-97.0135,75.4604],[-96.9122,75.4165],[-96.842,75.3568],[-96.7441,75.3867],[-96.6329,75.3929],[-96.6815,75.4203],[-96.6262,75.4358],[-96.5456,75.4338],[-96.477,75.4714],[-96.5181,75.4858],[-96.5156,75.5287],[-96.4181,75.528],[-96.2472,75.4945],[-96.241,75.4681],[-96.1216,75.4623],[-96.0885,75.4916],[-96.0061,75.5108],[-95.9097,75.5772],[-95.9943,75.6119],[-96.0981,75.6072],[-96.2946,75.6521]]],[[[-102.4549,76.0979],[-102.8245,76.0763],[-103.1228,76.0436],[-103.1787,76.0263],[-103.2808,76.0185],[-103.5466,75.9808],[-103.6837,75.9753],[-103.8961,75.9517],[-103.8903,75.9088],[-103.6802,75.8964],[-103.5257,75.8998],[-103.4168,75.9123],[-103.2192,75.9236],[-102.616,75.9911],[-102.3413,76.0141],[-102.265,76.0324],[-102.2843,76.0644],[-102.3837,76.0971],[-102.4549,76.0979]]],[[[-100.4533,69.0456],[-100.5073,69.0407],[-100.5516,69.0089],[-100.6178,68.9986],[-100.5526,68.9502],[-100.596,68.8993],[-100.5924,68.7666],[-100.5229,68.772],[-100.5032,68.7977],[-100.4576,68.8008],[-100.4445,68.772],[-100.3772,68.7282],[-100.3351,68.7381],[-100.2675,68.7834],[-100.2186,68.7887],[-100.2108,68.8138],[-100.1482,68.8083],[-100.1665,68.8566],[-100.1306,68.8752],[-100.1315,68.9208],[-100.1836,68.9252],[-100.254,68.9522],[-100.2962,68.9822],[-100.2837,69.0083],[-100.3122,69.0304],[-100.4533,69.0456]]],[[[-78.162,69.7595],[-78.2433,69.7067],[-78.2114,69.6862],[-78.2579,69.6626],[-78.2949,69.691],[-78.384,69.7017],[-78.3759,69.6614],[-78.3959,69.6447],[-78.4881,69.6535],[-78.5385,69.6445],[-78.7468,69.5485],[-78.7723,69.5301],[-78.854,69.5058],[-78.8557,69.476],[-78.8129,69.4594],[-78.6883,69.4947],[-78.638,69.5208],[-78.496,69.4919],[-78.4371,69.5226],[-78.3709,69.5322],[-78.2497,69.5675],[-78.0739,69.5856],[-78.0351,69.6105],[-77.9425,69.6446],[-77.9834,69.7068],[-78.129,69.7556],[-78.162,69.7595]]],[[[-95.7744,69.6368],[-95.8074,69.6157],[-95.9029,69.6045],[-95.8643,69.581],[-95.9242,69.5517],[-95.9145,69.5256],[-95.9617,69.5046],[-95.9389,69.4573],[-95.9015,69.428],[-95.9391,69.4047],[-95.937,69.3616],[-95.8598,69.3642],[-95.8061,69.3989],[-95.771,69.4631],[-95.7433,69.4894],[-95.7539,69.5298],[-95.82,69.5743],[-95.7783,69.5851],[-95.6831,69.57],[-95.632,69.5349],[-95.6189,69.4994],[-95.6541,69.4877],[-95.6513,69.4432],[-95.6176,69.4207],[-95.6905,69.3937],[-95.6626,69.3467],[-95.5516,69.3233],[-95.4825,69.3394],[-95.3694,69.4055],[-95.3803,69.4656],[-95.3244,69.5155],[-95.4529,69.5758],[-95.511,69.583],[-95.5767,69.6131],[-95.6696,69.6078],[-95.7744,69.6368]]],[[[-71.8638,71.072],[-71.9795,71.0585],[-72.0236,71.041],[-72.0081,71.0175],[-72.0504,70.9852],[-72.0557,70.9559],[-72.1422,70.92],[-72.2081,70.9368],[-72.245,70.9273],[-72.2186,70.8833],[-72.1462,70.8572],[-72.1021,70.816],[-71.9656,70.823],[-71.9146,70.8525],[-71.5733,70.9133],[-71.4621,70.9124],[-71.4148,70.9273],[-71.3605,70.9947],[-71.3853,71.0188],[-71.5316,71.0162],[-71.7904,71.0506],[-71.8522,71.0505],[-71.8638,71.072]]],[[[-102.1372,76.0008],[-102.4166,75.9702],[-102.5428,75.9662],[-102.9567,75.9203],[-103.0706,75.9016],[-103.1428,75.8631],[-103.1366,75.8459],[-103.285,75.8149],[-103.2656,75.7999],[-103.3854,75.7703],[-103.3506,75.7567],[-103.2267,75.7484],[-103.0551,75.7571],[-102.8722,75.7506],[-102.8143,75.7795],[-102.6826,75.788],[-102.5535,75.7813],[-102.4636,75.8309],[-102.4361,75.8756],[-102.3557,75.8911],[-102.0312,75.9302],[-101.9694,75.9548],[-102.1372,76.0008]]],[[[-90.0157,76.8416],[-90.3419,76.8105],[-90.4455,76.8057],[-90.569,76.7777],[-90.5944,76.7279],[-90.4884,76.6856],[-90.4736,76.6645],[-90.3899,76.6304],[-90.3215,76.6176],[-90.3086,76.5883],[-90.2489,76.5631],[-90.2161,76.527],[-90.075,76.4816],[-89.9424,76.4746],[-89.946,76.5041],[-89.7701,76.4862],[-89.6763,76.5088],[-89.8357,76.5476],[-89.8814,76.6118],[-89.7828,76.6699],[-89.6982,76.694],[-89.7066,76.7417],[-89.7427,76.7649],[-89.8941,76.8221],[-90.0157,76.8416]]],[[[-75.2503,68.7296],[-75.3034,68.7096],[-75.3451,68.6532],[-75.3974,68.6121],[-75.3862,68.5789],[-75.413,68.5372],[-75.3854,68.5084],[-75.3158,68.4905],[-75.2477,68.4488],[-75.1863,68.4418],[-75.0255,68.4027],[-74.9927,68.3474],[-74.9172,68.348],[-74.8793,68.3346],[-74.7883,68.3621],[-74.8181,68.3845],[-74.7919,68.4017],[-74.7241,68.4032],[-74.7274,68.4252],[-74.8536,68.4274],[-74.8383,68.4503],[-74.759,68.4751],[-74.7752,68.5107],[-74.8302,68.5185],[-74.9527,68.5819],[-74.9643,68.6533],[-75,68.6771],[-75.0565,68.6916],[-75.1733,68.6895],[-75.2503,68.7296]]],[[[-76.7104,69.4256],[-76.7452,69.4112],[-76.9524,69.405],[-77.0534,69.444],[-77.1808,69.4473],[-77.3488,69.4025],[-77.3215,69.3388],[-77.3742,69.2911],[-77.3671,69.2549],[-77.3142,69.1928],[-77.2616,69.1501],[-77.2087,69.136],[-77.1001,69.1277],[-77.0457,69.1486],[-76.9237,69.1603],[-76.8802,69.1834],[-76.9204,69.1986],[-76.9015,69.2309],[-76.8205,69.2585],[-76.6944,69.3159],[-76.6438,69.3629],[-76.6442,69.3966],[-76.7104,69.4256]]],[[[-102.071,77.9061],[-102.4106,77.8867],[-102.4828,77.8693],[-102.5228,77.7992],[-102.3852,77.7546],[-102.0779,77.688],[-101.7401,77.6902],[-101.5822,77.7048],[-101.4903,77.7301],[-101.3851,77.7244],[-101.2364,77.7306],[-101.1037,77.718],[-100.8957,77.7467],[-100.9451,77.7739],[-101.0577,77.7988],[-101.2533,77.8555],[-101.4097,77.8765],[-101.619,77.8916],[-101.75,77.91],[-101.8319,77.8956],[-102.071,77.9061]]],[[[-84.629,65.5668],[-84.554,65.6172],[-84.5532,65.6475],[-84.5982,65.6662],[-84.6062,65.7025],[-84.6437,65.7482],[-84.6397,65.7675],[-84.6975,65.797],[-84.7014,65.8331],[-84.745,65.8412],[-84.7914,65.9081],[-84.8761,65.9406],[-84.8305,65.9582],[-84.8711,65.9743],[-84.9151,66.0171],[-85.0179,66.0194],[-85.0858,66.0303],[-85.1597,65.989],[-85.1358,65.9747],[-85.1529,65.9442],[-85.1072,65.9005],[-85.1306,65.8397],[-85.1128,65.7604],[-85.0825,65.7341],[-84.9959,65.7009],[-84.8748,65.6716],[-84.837,65.6453],[-84.824,65.5915],[-84.7275,65.5406],[-84.6324,65.5568],[-84.629,65.5668]]],[[[-70.7792,62.8417],[-70.8479,62.8388],[-70.8937,62.8575],[-70.9578,62.86],[-71.0094,62.8733],[-71.2135,62.8901],[-71.1998,62.8637],[-71.08,62.8341],[-71.0022,62.8301],[-70.9387,62.797],[-70.773,62.7683],[-70.8542,62.744],[-70.8146,62.6876],[-70.7799,62.66],[-70.801,62.6508],[-70.7801,62.6031],[-70.7144,62.5913],[-70.7138,62.5541],[-70.6455,62.5483],[-70.588,62.558],[-70.4926,62.5388],[-70.3507,62.5265],[-70.3177,62.5396],[-70.2213,62.5494],[-70.169,62.5765],[-70.198,62.6131],[-70.3806,62.7083],[-70.3887,62.7393],[-70.5127,62.7808],[-70.5684,62.7898],[-70.7792,62.8417]]],[[[-77.0278,63.6763],[-77.1975,63.6872],[-77.2521,63.6712],[-77.2749,63.6866],[-77.3593,63.6817],[-77.4173,63.6579],[-77.4331,63.6282],[-77.3881,63.6134],[-77.4105,63.5951],[-77.3836,63.5792],[-77.3257,63.5703],[-77.1437,63.4817],[-77.0952,63.4722],[-77.0415,63.4222],[-76.9442,63.3964],[-76.8807,63.4024],[-76.8215,63.3784],[-76.6936,63.3648],[-76.6657,63.3958],[-76.5425,63.4479],[-76.6727,63.476],[-76.6183,63.5009],[-76.6165,63.5158],[-76.6723,63.5336],[-76.7222,63.5773],[-76.7725,63.6006],[-76.8666,63.6202],[-77.0278,63.6763]]],[[[-67.9902,60.5748],[-68.1178,60.5962],[-68.2348,60.5845],[-68.2919,60.5071],[-68.3273,60.435],[-68.3833,60.3756],[-68.436,60.2623],[-68.4138,60.2116],[-68.3804,60.1991],[-68.3266,60.1987],[-68.2626,60.221],[-68.1882,60.2357],[-68.1723,60.2597],[-68.1197,60.2676],[-68.0648,60.2954],[-67.9591,60.3015],[-67.9555,60.3359],[-67.9135,60.3755],[-67.8865,60.3796],[-67.8265,60.4551],[-67.8395,60.4904],[-67.9003,60.5067],[-67.9504,60.5353],[-67.9902,60.5748]]],[[[-79.4704,69.8114],[-79.5818,69.807],[-79.6659,69.817],[-79.753,69.7729],[-79.8135,69.7687],[-79.8799,69.7427],[-79.9361,69.7372],[-80.0523,69.7534],[-80.0988,69.7503],[-80.1806,69.8042],[-80.347,69.805],[-80.4814,69.7912],[-80.4995,69.7641],[-80.4808,69.7416],[-80.4077,69.7156],[-80.382,69.6899],[-80.4424,69.6832],[-80.4437,69.7114],[-80.6014,69.7384],[-80.6382,69.7502],[-80.7347,69.7409],[-80.8051,69.7004],[-80.8064,69.6842],[-80.7435,69.6673],[-80.6672,69.6736],[-80.4839,69.6745],[-80.4151,69.6361],[-80.3672,69.6301],[-80.3316,69.607],[-80.3335,69.5676],[-80.2874,69.5639],[-80.2389,69.6219],[-80.2194,69.5279],[-80.1475,69.5352],[-79.9982,69.4974],[-79.9071,69.5241],[-80.0297,69.5992],[-80.0751,69.6389],[-80.0311,69.6541],[-79.9458,69.6321],[-79.9214,69.6116],[-79.7828,69.6228],[-79.64,69.6138],[-79.5208,69.6428],[-79.3635,69.6887],[-79.33,69.7088],[-79.3534,69.7337],[-79.4128,69.7546],[-79.3926,69.7683],[-79.4704,69.8114]]],[[[-99.7032,80.15],[-99.8083,80.1429],[-99.8797,80.1048],[-100.0034,80.0864],[-100.0245,80.051],[-100.0928,80.0348],[-100.1545,79.8944],[-100.0229,79.8768],[-99.7513,79.8822],[-99.606,79.899],[-99.3771,79.8691],[-99.2788,79.84],[-99.3399,79.8057],[-99.3483,79.764],[-99.0311,79.7279],[-98.9589,79.7279],[-98.8302,79.6703],[-98.7564,79.7167],[-98.692,79.7351],[-98.7271,79.7575],[-98.6275,79.7908],[-98.6675,79.8541],[-98.7605,79.8825],[-98.768,79.9265],[-98.7092,79.9678],[-98.7705,80.01],[-98.9217,80.0499],[-98.8577,80.0853],[-99.005,80.1219],[-99.1694,80.1249],[-99.4413,80.107],[-99.5537,80.1362],[-99.7032,80.15]]],[[[-97.7362,74.1262],[-97.9674,74.1151],[-98.2149,74.0883],[-98.4358,74.0474],[-98.7763,74.037],[-98.8201,74.0112],[-98.9361,74.0008],[-99.0281,73.9812],[-99.0786,73.9589],[-99.2765,73.9388],[-99.4294,73.9121],[-99.3832,73.8763],[-99.2075,73.85],[-98.8317,73.8493],[-98.7787,73.8147],[-98.7113,73.8229],[-98.7137,73.8467],[-98.5961,73.8396],[-98.3865,73.8508],[-98.0625,73.8994],[-98.0042,73.9353],[-97.928,73.9459],[-97.7717,73.9876],[-97.6239,74.0575],[-97.6437,74.1006],[-97.7362,74.1262]]],[[[-84.3913,66.1428],[-84.4385,66.1423],[-84.4508,66.1205],[-84.4232,66.0343],[-84.3805,66.0017],[-84.334,65.986],[-84.2569,66.0059],[-84.1507,65.9609],[-84.1793,65.9259],[-84.1034,65.9011],[-84.1218,65.8623],[-84.091,65.8459],[-84.0654,65.8008],[-84.1278,65.7647],[-84.0758,65.7624],[-83.9796,65.7285],[-83.9393,65.7498],[-83.8603,65.763],[-83.8028,65.7513],[-83.6694,65.751],[-83.7,65.7322],[-83.7699,65.7214],[-83.787,65.6786],[-83.6522,65.6398],[-83.6541,65.6789],[-83.5699,65.6506],[-83.5377,65.6581],[-83.4349,65.6479],[-83.3675,65.6162],[-83.2684,65.6267],[-83.2697,65.6491],[-83.2171,65.6504],[-83.2452,65.6875],[-83.1865,65.7158],[-83.2977,65.7267],[-83.4749,65.7215],[-83.5482,65.7491],[-83.6134,65.7545],[-83.702,65.7995],[-83.7837,65.8114],[-83.7455,65.8311],[-83.6839,65.8403],[-83.6436,65.9052],[-83.6759,65.9336],[-83.7448,65.9602],[-83.8145,65.9723],[-83.9183,66.0073],[-83.9774,66.0406],[-83.9777,66.0688],[-84.0632,66.055],[-84.0925,66.083],[-84.1671,66.0803],[-84.2152,66.1017],[-84.2914,66.1078],[-84.3913,66.1428]]],[[[-64.7027,61.6582],[-64.8009,61.6596],[-64.8967,61.6749],[-64.9249,61.6671],[-65.0133,61.6952],[-65.076,61.6854],[-65.1113,61.6903],[-65.2336,61.6819],[-65.2746,61.6674],[-65.3955,61.6595],[-65.4654,61.6317],[-65.4498,61.5767],[-65.3956,61.5625],[-65.2662,61.5063],[-65.1833,61.4985],[-65.1632,61.4703],[-65.0828,61.4232],[-65.0305,61.401],[-64.9711,61.4057],[-64.933,61.3922],[-64.9677,61.3506],[-64.8288,61.3321],[-64.7648,61.3664],[-64.7669,61.4141],[-64.7038,61.4199],[-64.7111,61.4592],[-64.666,61.4798],[-64.6525,61.5093],[-64.7033,61.5377],[-64.6225,61.5919],[-64.6566,61.6135],[-64.6993,61.6046],[-64.7658,61.6144],[-64.7027,61.6582]]],[[[-78.2797,69.377],[-78.4252,69.3854],[-78.4769,69.3961],[-78.5402,69.3781],[-78.5911,69.3851],[-78.7158,69.3317],[-78.7092,69.3066],[-78.5994,69.2709],[-78.6436,69.2605],[-78.7184,69.2731],[-78.7696,69.2573],[-78.8491,69.207],[-78.8454,69.1522],[-78.9055,69.1409],[-78.9548,69.1073],[-79.0203,69.1195],[-79.0584,69.1002],[-79.2216,69.0874],[-79.2417,69.0478],[-79.2889,69.0097],[-79.3125,68.9708],[-79.392,68.9232],[-79.3819,68.876],[-79.2627,68.8398],[-79.2118,68.8397],[-79.1695,68.8674],[-78.9877,68.8945],[-78.9161,68.9118],[-78.8139,68.9171],[-78.8175,68.9382],[-78.7201,68.9725],[-78.7186,69.013],[-78.6386,69.0471],[-78.6062,69.0751],[-78.5449,69.095],[-78.5466,69.1505],[-78.4703,69.1672],[-78.4682,69.2286],[-78.4308,69.2317],[-78.3731,69.2017],[-78.3367,69.2143],[-78.2966,69.2566],[-78.2092,69.2968],[-78.2797,69.377]]],[[[-104.2393,76.6785],[-104.3222,76.6735],[-104.5113,76.6394],[-104.6636,76.6022],[-104.6746,76.5603],[-104.5609,76.5342],[-104.5764,76.4909],[-104.4286,76.4838],[-104.3823,76.4352],[-104.3816,76.3987],[-104.2775,76.3597],[-104.2963,76.3299],[-104.0886,76.322],[-103.9373,76.3305],[-103.796,76.3127],[-103.6803,76.312],[-103.328,76.3396],[-103.1671,76.3653],[-103.0316,76.4087],[-102.9936,76.4516],[-103.2244,76.4778],[-103.2356,76.5057],[-103.4249,76.5019],[-103.6328,76.5356],[-103.5352,76.5678],[-103.6297,76.5703],[-103.7456,76.6126],[-103.913,76.6427],[-104.02,76.672],[-104.2393,76.6785]]],[[[-86.6332,68.3049],[-86.6769,68.3043],[-86.7481,68.2594],[-86.8574,68.2013],[-86.8915,68.1761],[-86.885,68.1226],[-86.9611,68.1134],[-86.9872,68.0807],[-86.954,68.0598],[-86.8507,68.0264],[-86.8484,67.9723],[-86.9553,67.9305],[-86.9557,67.9009],[-86.9112,67.8575],[-86.9132,67.84],[-86.868,67.8048],[-86.7958,67.7677],[-86.7263,67.765],[-86.6837,67.7384],[-86.5918,67.7247],[-86.5435,67.7307],[-86.5092,67.7617],[-86.4514,67.7764],[-86.386,67.8424],[-86.3606,67.908],[-86.36,67.973],[-86.3806,67.9839],[-86.3883,68.0549],[-86.417,68.0927],[-86.4137,68.1376],[-86.4293,68.1644],[-86.4096,68.2045],[-86.4437,68.2399],[-86.5487,68.2815],[-86.6332,68.3049]]],[[[-103.085,76.3185],[-103.1957,76.3018],[-103.3604,76.2951],[-103.4873,76.2756],[-103.7111,76.2682],[-104.0473,76.233],[-104.253,76.2273],[-104.3364,76.21],[-104.3299,76.1903],[-104.4748,76.1593],[-104.4529,76.1301],[-104.3646,76.0947],[-104.1195,76.0703],[-103.9205,76.0639],[-103.9219,76.0415],[-103.7003,76.0496],[-103.3692,76.0434],[-103.11,76.0629],[-102.8242,76.0928],[-102.6632,76.1186],[-102.5858,76.146],[-102.604,76.164],[-102.5712,76.199],[-102.5099,76.226],[-102.5928,76.2525],[-102.6393,76.2962],[-102.7252,76.3206],[-102.8846,76.3245],[-103.085,76.3185]]],[[[-104.2121,75.4451],[-104.3748,75.4351],[-104.5043,75.4133],[-104.5337,75.3773],[-104.6051,75.3563],[-104.7421,75.2893],[-104.6917,75.2769],[-104.7354,75.2334],[-104.8204,75.1767],[-104.9026,75.1558],[-104.915,75.1281],[-104.8177,75.1139],[-104.5973,75.0561],[-104.3971,75.0354],[-104.2294,75.0296],[-104.0526,75.0494],[-103.8553,75.0616],[-103.6868,75.12],[-103.5909,75.1692],[-103.6636,75.2166],[-103.7573,75.2337],[-103.7302,75.2579],[-103.7417,75.2989],[-103.8687,75.3728],[-103.9601,75.4078],[-104.1205,75.4384],[-104.2121,75.4451]]],[[[-77.9514,63.4689],[-78.1336,63.467],[-78.1704,63.4873],[-78.2759,63.4779],[-78.4012,63.4499],[-78.5104,63.4334],[-78.5143,63.4041],[-78.4054,63.3492],[-78.2467,63.2464],[-78.2124,63.2397],[-78.1498,63.1889],[-78.0893,63.1721],[-78.0896,63.1544],[-77.9458,63.0923],[-77.8686,63.0912],[-77.7972,63.1184],[-77.7469,63.1248],[-77.6656,63.148],[-77.6393,63.1633],[-77.552,63.1723],[-77.5486,63.205],[-77.4938,63.2656],[-77.5238,63.3008],[-77.5784,63.3246],[-77.6186,63.3576],[-77.6325,63.3954],[-77.6633,63.4256],[-77.7442,63.4069],[-77.8134,63.4284],[-77.7788,63.4504],[-77.9514,63.4689]]],[[[-105.9548,77.7679],[-106.1122,77.7302],[-106.0101,77.6878],[-105.9067,77.6655],[-105.8353,77.6233],[-105.8712,77.5518],[-105.6973,77.522],[-105.7669,77.4736],[-105.6681,77.4453],[-105.6846,77.4258],[-105.6119,77.4108],[-105.6547,77.3891],[-105.5534,77.3809],[-105.5647,77.3287],[-105.5239,77.3068],[-105.2665,77.2119],[-105.2776,77.1741],[-105.1323,77.1786],[-104.9307,77.1605],[-104.85,77.1205],[-104.735,77.1147],[-104.6079,77.1492],[-104.4997,77.1352],[-104.3909,77.162],[-104.3493,77.1995],[-104.3471,77.2374],[-104.403,77.2815],[-104.4706,77.2814],[-104.4595,77.322],[-104.5537,77.3505],[-104.7128,77.3809],[-104.72,77.4065],[-104.8045,77.4206],[-105.0168,77.4071],[-104.9882,77.4366],[-105.0408,77.4679],[-104.9582,77.4982],[-105.001,77.5362],[-105.1505,77.5985],[-105.2094,77.6338],[-105.3999,77.6941],[-105.7078,77.7572],[-105.9548,77.7679]]],[[[-90.8831,77.6608],[-90.9519,77.6345],[-91.0957,77.6133],[-91.1949,77.6082],[-91.2272,77.5884],[-91.1963,77.5304],[-91.2199,77.5101],[-91.1849,77.4434],[-91.2147,77.407],[-91.113,77.352],[-91.0033,77.3306],[-91.0181,77.3178],[-90.7082,77.2754],[-90.5017,77.2287],[-90.4069,77.2218],[-90.3723,77.2017],[-90.1648,77.207],[-90.1444,77.1974],[-89.8998,77.2302],[-89.6344,77.3319],[-89.7225,77.3562],[-89.7155,77.3911],[-89.7394,77.468],[-89.9031,77.5276],[-90.0496,77.5566],[-90.055,77.5679],[-90.2107,77.5863],[-90.2201,77.6125],[-90.3983,77.6336],[-90.5368,77.6277],[-90.8831,77.6608]]],[[[-74.3349,68.1839],[-74.3853,68.1454],[-74.3746,68.122],[-74.433,68.0973],[-74.4306,68.0685],[-74.499,68.0617],[-74.5882,68.0751],[-74.7385,68.0713],[-74.7755,68.0205],[-74.7709,67.9818],[-74.7374,67.9325],[-74.5686,67.8136],[-74.4923,67.7911],[-74.3142,67.7615],[-74.2642,67.7616],[-74.154,67.7772],[-73.9778,67.7887],[-73.8039,67.7751],[-73.5794,67.7778],[-73.4879,67.7635],[-73.4223,67.7646],[-73.3524,67.8058],[-73.3335,67.8406],[-73.3555,67.8508],[-73.42,67.9211],[-73.4114,67.9752],[-73.4652,67.9957],[-73.5653,68.0182],[-73.6483,68.0084],[-73.7223,68.0106],[-73.7813,67.9878],[-73.8822,68.0218],[-74.0439,68.0519],[-74.1079,68.0716],[-74.1476,68.0634],[-74.2671,68.0782],[-74.2149,68.1141],[-74.2033,68.1418],[-74.3349,68.1839]]],[[[-79.2541,56.6267],[-79.2837,56.5744],[-79.3055,56.4646],[-79.3289,56.3722],[-79.393,56.226],[-79.4272,56.196],[-79.5101,56.1823],[-79.6035,56.1101],[-79.6111,56.1361],[-79.5952,56.171],[-79.5375,56.1949],[-79.4786,56.308],[-79.4684,56.3573],[-79.4545,56.3687],[-79.4238,56.4419],[-79.4253,56.4864],[-79.466,56.4764],[-79.4582,56.4473],[-79.5035,56.3217],[-79.5432,56.2608],[-79.607,56.2151],[-79.6933,56.1745],[-79.7608,56.1242],[-79.8624,56.0098],[-79.8919,55.9999],[-80.0123,55.9235],[-80.021,55.9015],[-79.935,55.8777],[-79.8589,55.9004],[-79.9131,55.8374],[-79.8614,55.8282],[-79.8019,55.8982],[-79.7048,55.9728],[-79.6648,56.0216],[-79.5694,56.1051],[-79.5179,56.132],[-79.4754,56.1234],[-79.4632,56.1017],[-79.5675,56.0017],[-79.6892,55.8677],[-79.7446,55.8222],[-79.705,55.8242],[-79.636,55.8854],[-79.5964,55.886],[-79.5439,55.8572],[-79.5158,55.8552],[-79.4616,55.8758],[-79.4291,55.9007],[-79.3422,55.9864],[-79.2924,56.0503],[-79.2366,56.1527],[-79.1603,56.2332],[-79.1203,56.2273],[-79.1157,56.1788],[-79.1011,56.1592],[-79.0554,56.1829],[-79.0968,56.2082],[-79.078,56.2952],[-79.0544,56.3456],[-78.9825,56.3581],[-78.9592,56.2744],[-78.8976,56.2974],[-78.928,56.3123],[-78.9234,56.4271],[-79.0371,56.4226],[-79.1164,56.473],[-79.1224,56.5313],[-79.1542,56.5217],[-79.1865,56.5497],[-79.263,56.5544],[-79.2541,56.6267]]],[[[-95.4486,77.8064],[-95.5613,77.7863],[-95.8348,77.7605],[-95.9151,77.7626],[-96.0468,77.7418],[-96.2642,77.6908],[-96.2325,77.6616],[-96.295,77.6534],[-96.2608,77.6186],[-96.2845,77.5982],[-96.2336,77.5645],[-96.1252,77.5391],[-96.0682,77.4999],[-95.8443,77.4674],[-95.7735,77.484],[-95.6864,77.4721],[-95.4378,77.4795],[-95.2482,77.461],[-95.0357,77.4719],[-94.8527,77.4903],[-94.6353,77.4742],[-94.4228,77.4807],[-94.3031,77.4725],[-94.1343,77.4494],[-93.8429,77.4569],[-93.5602,77.4455],[-93.4719,77.4734],[-93.4667,77.5204],[-93.494,77.5528],[-93.4098,77.5726],[-93.4001,77.6201],[-93.3208,77.6473],[-93.142,77.6421],[-93.0881,77.6653],[-93.2333,77.7334],[-93.3501,77.7371],[-93.441,77.7623],[-93.658,77.7813],[-93.8312,77.7634],[-93.8515,77.7416],[-93.9949,77.7427],[-94.0353,77.7656],[-94.1715,77.758],[-94.2637,77.7779],[-94.3243,77.7559],[-94.5212,77.7704],[-94.5635,77.7867],[-94.7138,77.7936],[-94.9804,77.7886],[-95.0883,77.758],[-95.2138,77.7598],[-95.4199,77.7438],[-95.4486,77.8064]]],[[[-81.105,53.1839],[-81.1743,53.1838],[-81.254,53.1949],[-81.3118,53.2119],[-81.3684,53.2131],[-81.4334,53.1944],[-81.5,53.2109],[-81.5611,53.2015],[-81.6247,53.2002],[-81.7009,53.1806],[-81.7925,53.1681],[-81.8291,53.1743],[-81.9121,53.1438],[-81.9827,53.0917],[-82.0196,53.0455],[-82.0511,53.0219],[-82.0434,53.0015],[-81.99,52.9841],[-81.9473,52.9605],[-81.8268,52.9347],[-81.7704,52.9281],[-81.691,52.9042],[-81.5855,52.8812],[-81.5505,52.8689],[-81.4815,52.8595],[-81.3901,52.854],[-81.2976,52.8384],[-81.1776,52.7985],[-81.0545,52.7483],[-80.9695,52.7411],[-80.8141,52.7101],[-80.7704,52.6975],[-80.7152,52.6672],[-80.6946,52.6861],[-80.6692,52.7353],[-80.669,52.7751],[-80.6981,52.798],[-80.7285,52.8407],[-80.757,52.9231],[-80.8252,53.001],[-80.896,53.0414],[-80.9122,53.0668],[-80.9399,53.0748],[-80.9592,53.1072],[-81.0245,53.1312],[-81.0838,53.1603],[-81.105,53.1839]]],[[[-79.6032,62.415],[-79.6998,62.3895],[-79.7874,62.3775],[-79.8556,62.3912],[-79.9418,62.3689],[-79.9665,62.332],[-80.023,62.2724],[-80.1507,62.2062],[-80.1803,62.1595],[-80.2134,62.1383],[-80.2098,62.1008],[-80.2416,62.0608],[-80.2672,62.0037],[-80.2715,61.9106],[-80.2433,61.8412],[-80.1955,61.8249],[-80.2128,61.8032],[-80.1812,61.7861],[-80.0733,61.7793],[-80.0763,61.7582],[-79.9842,61.7184],[-79.9556,61.6939],[-79.8833,61.5958],[-79.8064,61.5715],[-79.7153,61.5935],[-79.6736,61.6223],[-79.674,61.6625],[-79.6445,61.6886],[-79.596,61.702],[-79.5252,61.7852],[-79.5353,61.8089],[-79.4523,61.8753],[-79.4405,61.9075],[-79.461,61.936],[-79.3828,62.0112],[-79.3694,62.0395],[-79.3268,62.05],[-79.3317,62.1138],[-79.2819,62.1763],[-79.3015,62.2165],[-79.2611,62.2396],[-79.3226,62.2849],[-79.3666,62.2927],[-79.394,62.3243],[-79.4567,62.3545],[-79.4732,62.3834],[-79.538,62.3931],[-79.6032,62.415]]],[[[-106.6706,73.6768],[-106.7585,73.6085],[-106.8352,73.5657],[-106.932,73.5346],[-107.0115,73.4883],[-106.9787,73.4649],[-106.8589,73.4696],[-106.6777,73.4468],[-106.6443,73.4254],[-106.5799,73.4257],[-106.4142,73.3969],[-106.2583,73.3257],[-106.079,73.2846],[-106.1578,73.2658],[-106.0653,73.2445],[-106.0269,73.2032],[-106.0407,73.1842],[-105.8928,73.1638],[-105.8462,73.1481],[-105.8925,73.1322],[-105.7914,73.107],[-105.8053,73.0944],[-105.7418,73.0559],[-105.597,72.9975],[-105.5166,72.9848],[-105.4163,72.9433],[-105.4329,72.9265],[-105.2701,72.8748],[-105.1852,72.9155],[-105.242,72.9313],[-105.1417,72.9486],[-105.1374,72.9748],[-105.0332,73.0027],[-104.9744,73.008],[-104.9383,73.0409],[-104.9422,73.0712],[-104.9089,73.1059],[-104.8504,73.1158],[-104.7976,73.1644],[-104.6706,73.2248],[-104.6648,73.2434],[-104.556,73.3088],[-104.5172,73.3536],[-104.5256,73.3836],[-104.491,73.4175],[-104.5242,73.4592],[-104.48,73.4863],[-104.4468,73.5491],[-104.5096,73.5969],[-104.649,73.6352],[-104.7429,73.6358],[-104.8361,73.6751],[-105.0243,73.7155],[-105.0261,73.737],[-105.0853,73.7516],[-105.3079,73.7695],[-105.5116,73.7704],[-105.7004,73.7365],[-106.1376,73.7364],[-106.286,73.7331],[-106.3476,73.723],[-106.4866,73.7188],[-106.6395,73.692],[-106.6706,73.6768]]],[[[-82.185,62.9864],[-82.2486,62.9905],[-82.3187,62.9836],[-82.4316,62.9281],[-82.5257,62.9285],[-82.6343,62.9426],[-82.7162,62.9403],[-82.8076,62.917],[-83.017,62.8437],[-83.1269,62.8565],[-83.1726,62.8755],[-83.1698,62.9083],[-83.2151,62.925],[-83.3001,62.9292],[-83.3905,62.9038],[-83.531,62.8353],[-83.5515,62.7939],[-83.5891,62.7487],[-83.5584,62.736],[-83.5742,62.6858],[-83.629,62.6683],[-83.6792,62.6303],[-83.693,62.6008],[-83.7448,62.5662],[-83.8512,62.5267],[-83.9381,62.4838],[-83.9611,62.431],[-83.9034,62.3829],[-83.822,62.3373],[-83.7514,62.3084],[-83.73,62.2764],[-83.7345,62.1595],[-83.7109,62.1404],[-83.6491,62.1522],[-83.5921,62.1735],[-83.5286,62.2159],[-83.4236,62.2509],[-83.3063,62.2584],[-83.2243,62.2356],[-83.164,62.2057],[-83.1573,62.1739],[-83.1278,62.1691],[-83.0686,62.1862],[-82.8031,62.2812],[-82.7429,62.3123],[-82.6729,62.3715],[-82.5671,62.4235],[-82.4702,62.4496],[-82.4065,62.4976],[-82.4064,62.5211],[-82.3544,62.5581],[-82.2941,62.5856],[-82.128,62.6127],[-82.0771,62.6519],[-82.0174,62.6723],[-81.9579,62.7103],[-81.9455,62.7663],[-81.9703,62.7968],[-81.9376,62.8185],[-81.9528,62.8339],[-81.9223,62.8701],[-81.8671,62.9146],[-81.8998,62.9427],[-81.9719,62.9413],[-82.0968,62.9606],[-82.185,62.9864]]],[[[-98.1339,78.82],[-98.2001,78.8149],[-98.3023,78.7823],[-98.3996,78.7263],[-98.3316,78.7085],[-98.3596,78.6708],[-98.2519,78.6195],[-98.1169,78.5876],[-98.0758,78.5529],[-98.1074,78.5326],[-98.2944,78.533],[-98.4185,78.5071],[-98.3605,78.4519],[-98.2098,78.4139],[-98.0709,78.4021],[-98.1094,78.3847],[-98.0288,78.3443],[-98.0164,78.297],[-97.8624,78.287],[-97.7773,78.2413],[-97.904,78.2395],[-97.9067,78.2183],[-97.7725,78.2225],[-97.5976,78.1984],[-97.4447,78.2113],[-97.3122,78.2116],[-97.1898,78.1719],[-96.8842,78.1341],[-96.9397,78.1141],[-96.8769,78.0983],[-96.9163,78.0778],[-97.0091,78.0728],[-97.458,78.0772],[-97.5084,78.0864],[-97.7285,78.0873],[-97.6653,78.0571],[-97.7995,78.0343],[-97.717,78.0175],[-97.574,78.0099],[-97.3058,77.949],[-97.2007,77.9446],[-97.0069,77.9144],[-97.1164,77.8771],[-97.1061,77.8249],[-97.1289,77.8066],[-96.9667,77.8004],[-96.9167,77.7878],[-96.7579,77.8225],[-96.7452,77.8465],[-96.6044,77.8875],[-96.4764,77.907],[-96.3776,77.8633],[-96.0278,77.879],[-95.8445,77.9005],[-95.7275,77.9266],[-95.4594,77.9451],[-95.3179,77.9701],[-95.1274,77.9491],[-95.0231,78.0027],[-94.8965,78.1093],[-95.0914,78.1528],[-95.1129,78.1847],[-95.236,78.2169],[-95.3932,78.2165],[-95.4423,78.2325],[-95.2616,78.2525],[-95.1589,78.2899],[-94.9813,78.3121],[-94.8528,78.3451],[-94.8492,78.3786],[-95.0398,78.4307],[-95.4179,78.4955],[-95.6078,78.5189],[-95.7032,78.5205],[-95.8484,78.5015],[-95.939,78.4782],[-96.1173,78.5095],[-96.3021,78.5299],[-96.1782,78.6326],[-96.3522,78.6198],[-96.5277,78.6829],[-96.7186,78.6866],[-96.8994,78.7012],[-97.0227,78.7426],[-97.3875,78.7834],[-97.507,78.8028],[-97.7033,78.8142],[-98.1339,78.82]]],[[[-94.8948,75.6395],[-95.0992,75.6126],[-95.2351,75.5866],[-95.3324,75.596],[-95.3455,75.5629],[-95.4435,75.5704],[-95.6015,75.5537],[-95.6192,75.531],[-95.7128,75.5273],[-95.7959,75.5053],[-95.8296,75.4753],[-95.8173,75.4501],[-95.6858,75.4123],[-95.7547,75.4004],[-95.9454,75.442],[-96.0965,75.4245],[-96.1768,75.3886],[-95.9368,75.4091],[-95.8288,75.3937],[-95.7669,75.3734],[-95.8508,75.3632],[-95.9658,75.3748],[-96.0368,75.3262],[-96.1568,75.3118],[-96.1004,75.2929],[-96.0693,75.2408],[-96.2409,75.2472],[-96.3758,75.2155],[-96.3272,75.197],[-96.4482,75.1791],[-96.4962,75.1335],[-96.5902,75.0809],[-96.5898,75.0433],[-96.6254,74.9951],[-96.5614,74.9917],[-96.5103,75.0157],[-96.3737,75.006],[-96.3912,74.9337],[-96.3144,74.9084],[-96.1817,74.9239],[-96.1757,74.9652],[-96.0896,74.9483],[-96.1319,74.9336],[-95.9653,74.866],[-95.866,74.8594],[-95.8207,74.8266],[-95.6716,74.8279],[-95.6057,74.8134],[-95.5007,74.8225],[-95.4633,74.8025],[-95.2704,74.8074],[-95.2056,74.7799],[-95.0594,74.7538],[-95.0448,74.7292],[-95.0788,74.6828],[-94.9291,74.6718],[-94.847,74.6941],[-94.7198,74.6448],[-94.5383,74.6277],[-94.3467,74.6416],[-94.2428,74.6547],[-94.1986,74.636],[-93.9484,74.6491],[-93.7447,74.6501],[-93.7235,74.6428],[-93.4859,74.6757],[-93.4134,74.7905],[-93.3897,74.8822],[-93.4172,74.9728],[-93.5217,75.0446],[-93.5052,75.1005],[-93.4698,75.1387],[-93.5181,75.182],[-93.5769,75.2042],[-93.5008,75.2346],[-93.4977,75.2757],[-93.618,75.308],[-93.6445,75.3584],[-93.8897,75.4178],[-94.0144,75.4772],[-94.1202,75.5129],[-94.3101,75.59],[-94.502,75.6195],[-94.8948,75.6395]]],[[[-75.7585,68.3361],[-75.8889,68.3444],[-75.9702,68.3351],[-75.9969,68.313],[-76.0845,68.296],[-76.253,68.3097],[-76.2724,68.3391],[-76.4306,68.2978],[-76.5288,68.2895],[-76.6431,68.2654],[-76.7459,68.219],[-76.7602,68.1969],[-76.8257,68.1689],[-76.8672,68.13],[-76.9534,68.0891],[-76.98,68.0452],[-77.1314,67.9123],[-77.1934,67.8653],[-77.2017,67.8438],[-77.2906,67.7285],[-77.2884,67.6776],[-77.2416,67.6149],[-77.2442,67.5894],[-77.2147,67.546],[-77.207,67.4906],[-77.2189,67.4537],[-77.1763,67.4309],[-77.1155,67.3485],[-77.0363,67.2661],[-76.9945,67.2399],[-76.799,67.2269],[-76.6932,67.2093],[-76.5685,67.2217],[-76.4851,67.2466],[-76.4271,67.2302],[-76.2721,67.255],[-76.2171,67.2452],[-76.0343,67.2405],[-75.7594,67.2709],[-75.6546,67.3024],[-75.6142,67.2998],[-75.5254,67.3214],[-75.5187,67.3412],[-75.4484,67.3418],[-75.314,67.3901],[-75.2611,67.4195],[-75.1884,67.4371],[-75.1539,67.4587],[-75.0826,67.5354],[-75.0415,67.5993],[-75.0402,67.6588],[-75.0542,67.7308],[-75.0549,67.7885],[-75.0403,67.8249],[-75.0868,67.8501],[-75.1418,67.9377],[-75.1304,67.9751],[-75.0349,68.0379],[-75.029,68.094],[-75.0059,68.1103],[-75.023,68.1738],[-75.129,68.2137],[-75.1344,68.2355],[-75.1995,68.2487],[-75.3973,68.2589],[-75.4861,68.2737],[-75.5842,68.3059],[-75.7585,68.3361]]],[[[-78.0955,73.6648],[-78.2865,73.671],[-78.5493,73.6601],[-78.9428,73.6626],[-78.9476,73.6424],[-79.0857,73.6328],[-79.2243,73.6391],[-79.5227,73.6371],[-79.6006,73.6656],[-80.0512,73.7229],[-80.1164,73.6924],[-80.2785,73.735],[-80.3147,73.7539],[-80.4188,73.7664],[-80.6011,73.7647],[-80.6629,73.7539],[-80.7806,73.7571],[-80.7695,73.6704],[-80.8165,73.637],[-80.8922,73.6124],[-80.8476,73.593],[-80.8637,73.5473],[-80.7716,73.5153],[-80.8597,73.4785],[-80.8653,73.4422],[-80.8394,73.4112],[-80.8932,73.3891],[-80.8404,73.3539],[-80.8768,73.3425],[-80.765,73.2783],[-80.6352,73.2747],[-80.3988,73.2494],[-80.2689,73.2424],[-80.219,73.2518],[-80.1239,73.2189],[-80.1067,73.1772],[-80.1702,73.1525],[-80.1185,73.1293],[-80.153,73.0642],[-80.111,72.9747],[-80.0162,72.9292],[-80,72.8673],[-79.7938,72.8289],[-79.5752,72.7559],[-79.3484,72.7413],[-79.1146,72.7596],[-78.9724,72.7835],[-78.8578,72.8103],[-78.4212,72.881],[-78.2127,72.8986],[-78.0794,72.8923],[-77.7151,72.9027],[-77.4209,72.8844],[-77.2648,72.8592],[-77.1093,72.849],[-76.8327,72.8374],[-76.685,72.8403],[-76.4969,72.8166],[-76.3829,72.8174],[-76.2181,72.8315],[-76.0698,72.8642],[-76.0968,72.8943],[-76.0564,72.9267],[-76.328,72.9575],[-76.3244,72.9835],[-76.2485,73.0023],[-76.3066,73.0165],[-76.3226,73.0672],[-76.2496,73.0933],[-76.4185,73.1223],[-76.6155,73.1299],[-76.6492,73.1735],[-76.5686,73.1976],[-76.5773,73.2306],[-76.66,73.2508],[-76.7307,73.284],[-76.7466,73.3239],[-76.839,73.3321],[-76.9135,73.323],[-77.0471,73.3698],[-77.0217,73.3984],[-77.1462,73.4536],[-77.1319,73.484],[-77.2068,73.515],[-77.3582,73.5283],[-77.413,73.5548],[-77.5942,73.5721],[-77.823,73.6042],[-78.0469,73.6487],[-78.0955,73.6648]]],[[[-105.4109,79.3329],[-105.472,79.3077],[-105.4025,79.294],[-105.5829,79.2231],[-105.648,79.1591],[-105.6031,79.0522],[-105.5668,79.0232],[-105.3692,79.0098],[-105.1298,79.0189],[-104.9516,79.0574],[-104.7896,79.0361],[-104.7023,79.0359],[-104.6901,78.9861],[-104.7589,78.964],[-104.7596,78.9371],[-104.8646,78.8763],[-104.979,78.852],[-105.0177,78.8144],[-104.9622,78.796],[-104.7508,78.8118],[-104.7093,78.8364],[-104.601,78.8492],[-104.4683,78.9411],[-104.2868,78.9816],[-104.1034,78.9829],[-104.0154,78.9358],[-103.8476,78.9204],[-103.8131,78.899],[-104.1648,78.8196],[-104.2203,78.7861],[-104.1831,78.7695],[-104.0064,78.7593],[-103.9147,78.7686],[-103.8262,78.7952],[-103.697,78.7712],[-103.5381,78.7707],[-103.4356,78.7906],[-103.3264,78.7603],[-103.3207,78.7337],[-103.5042,78.7047],[-103.5027,78.6659],[-103.7393,78.6735],[-103.849,78.6679],[-104.0141,78.6286],[-103.4391,78.6045],[-103.3836,78.5878],[-103.4852,78.5698],[-103.4137,78.537],[-103.536,78.5071],[-103.7064,78.5229],[-103.9235,78.5174],[-104.1717,78.529],[-104.3571,78.5649],[-104.66,78.5827],[-104.7765,78.5825],[-104.8849,78.5611],[-105.0134,78.51],[-104.962,78.4679],[-104.9918,78.4491],[-104.8214,78.3922],[-104.813,78.3631],[-104.7411,78.361],[-104.6954,78.3253],[-104.6007,78.3157],[-104.4332,78.2657],[-104.1293,78.2634],[-104.0615,78.2427],[-103.9148,78.2474],[-103.824,78.2965],[-103.6624,78.319],[-103.2508,78.3504],[-103.1543,78.3707],[-102.9569,78.3711],[-102.8172,78.3847],[-102.6712,78.3774],[-102.8146,78.2924],[-102.6326,78.2471],[-102.5322,78.25],[-102.1652,78.295],[-101.9884,78.2836],[-101.9699,78.2683],[-101.7243,78.265],[-101.6533,78.2417],[-101.4268,78.2383],[-101.4082,78.2057],[-101.2754,78.1769],[-101.0838,78.2018],[-101.0169,78.1757],[-101.0065,78.1476],[-100.8814,78.1279],[-100.8629,78.1038],[-100.7466,78.0937],[-100.8324,78.0657],[-100.7817,78.0277],[-100.7646,77.9718],[-100.5695,77.8874],[-100.5926,77.8706],[-100.3325,77.8419],[-100.2534,77.8153],[-100.1066,77.8255],[-100.0623,77.8094],[-99.8541,77.7862],[-99.8047,77.822],[-99.3332,77.8301],[-99.2764,77.8467],[-99.1577,77.8563],[-99,77.9056],[-99.0706,77.9124],[-99.0856,77.9823],[-98.9159,78.0586],[-99.0555,78.0843],[-99.0976,78.1199],[-99.2984,78.1769],[-99.2842,78.1925],[-99.4222,78.2096],[-99.4914,78.2623],[-99.4874,78.2838],[-99.6387,78.306],[-99.7706,78.2978],[-99.7469,78.343],[-99.7795,78.3853],[-99.7536,78.4055],[-99.8777,78.4359],[-99.8392,78.4505],[-99.6431,78.4811],[-99.6181,78.5158],[-99.6397,78.5529],[-99.5208,78.5664],[-99.4787,78.5876],[-99.6049,78.6093],[-99.6901,78.6068],[-99.8053,78.6439],[-99.9933,78.6317],[-99.9672,78.6624],[-99.8816,78.7059],[-100.0034,78.7412],[-100.3006,78.786],[-100.3612,78.8365],[-100.5183,78.8257],[-100.5983,78.7997],[-100.734,78.8034],[-100.8352,78.7944],[-100.8827,78.7712],[-101.0025,78.7828],[-101.019,78.8053],[-101.2088,78.8053],[-101.1204,78.8675],[-100.9579,78.9359],[-101.1078,78.9756],[-101.2089,78.9605],[-101.5967,79.063],[-101.8263,79.0902],[-101.9878,79.0862],[-102.1551,79.0403],[-102.3974,79.0137],[-102.3718,78.9568],[-102.4792,78.8893],[-102.6024,78.8855],[-102.5781,78.9393],[-102.718,78.9388],[-102.7359,78.9683],[-102.6675,78.9863],[-102.6018,79.0676],[-102.6793,79.0969],[-102.6741,79.1185],[-102.7647,79.1266],[-102.7981,79.1653],[-102.8693,79.1676],[-102.9082,79.2204],[-103.0362,79.255],[-103.0735,79.2822],[-103.2563,79.307],[-103.3837,79.2934],[-103.6681,79.3431],[-103.723,79.3623],[-103.9182,79.3736],[-104.2685,79.3578],[-104.3929,79.345],[-104.7771,79.3221],[-104.8865,79.3214],[-105.1925,79.3006],[-105.4109,79.3329]]],[[[-97.9523,69.9049],[-98.0195,69.8902],[-98.0747,69.8166],[-98.1998,69.7945],[-98.2919,69.7229],[-98.3083,69.6776],[-98.295,69.6494],[-98.34,69.6134],[-98.2861,69.588],[-98.2219,69.5854],[-98.1815,69.5374],[-98.0975,69.4959],[-97.9685,69.4478],[-98.0026,69.4294],[-98.063,69.4329],[-98.0734,69.4523],[-98.1403,69.4765],[-98.1927,69.4816],[-98.2713,69.5259],[-98.3241,69.5657],[-98.4992,69.5936],[-98.5384,69.5908],[-98.5699,69.5582],[-98.5613,69.5295],[-98.4614,69.5008],[-98.4185,69.4645],[-98.545,69.4787],[-98.5813,69.4515],[-98.5717,69.4282],[-98.4993,69.393],[-98.4001,69.3781],[-98.3452,69.3074],[-98.4857,69.3109],[-98.5222,69.2823],[-98.5707,69.2983],[-98.6618,69.2741],[-98.6813,69.2413],[-98.6658,69.2201],[-98.7036,69.1894],[-98.8058,69.1728],[-98.9234,69.1869],[-98.929,69.1564],[-99.0342,69.1347],[-99.0652,69.1459],[-99.2029,69.1481],[-99.3052,69.1417],[-99.4622,69.1209],[-99.5036,69.0869],[-99.5393,69.0121],[-99.4909,68.9844],[-99.4555,68.9948],[-99.4121,68.9261],[-99.4125,68.903],[-99.3738,68.8874],[-99.2623,68.8768],[-99.2124,68.849],[-99.1069,68.8591],[-99.0236,68.8751],[-99.0757,68.9169],[-98.9842,68.9254],[-99.0116,68.9583],[-98.8987,68.954],[-98.7928,68.9318],[-98.7915,68.908],[-98.8412,68.8717],[-98.8166,68.8381],[-98.6688,68.7891],[-98.6313,68.8037],[-98.5299,68.7875],[-98.5275,68.7658],[-98.4725,68.7496],[-98.3823,68.7598],[-98.3682,68.813],[-98.3977,68.8237],[-98.3922,68.8568],[-98.3446,68.8593],[-98.2277,68.8385],[-98.2053,68.797],[-98.2755,68.7737],[-98.1874,68.7164],[-98.0605,68.6924],[-97.9907,68.6958],[-97.911,68.6799],[-97.7718,68.6633],[-97.7171,68.6625],[-97.6438,68.6119],[-97.5995,68.5921],[-97.4785,68.5556],[-97.3554,68.5567],[-97.2691,68.5353],[-97.2099,68.5329],[-97.1234,68.5151],[-97.0523,68.5424],[-97.0845,68.559],[-97.0849,68.5999],[-96.9631,68.5399],[-96.8541,68.5281],[-96.6473,68.4752],[-96.5277,68.4536],[-96.412,68.4586],[-96.3283,68.4795],[-96.2559,68.4757],[-96.1993,68.5258],[-96.1351,68.5555],[-96.0871,68.5599],[-96.0016,68.5988],[-95.9387,68.6376],[-95.8638,68.6141],[-95.8127,68.6231],[-95.8262,68.6584],[-95.7771,68.7021],[-95.7816,68.7179],[-95.7292,68.7516],[-95.6478,68.7476],[-95.5738,68.7731],[-95.5221,68.7605],[-95.5071,68.7314],[-95.5319,68.6972],[-95.4991,68.6864],[-95.3791,68.7744],[-95.3518,68.7642],[-95.2846,68.7985],[-95.2376,68.8085],[-95.2006,68.8592],[-95.2395,68.8997],[-95.319,68.9076],[-95.4217,68.8828],[-95.4918,68.8479],[-95.6449,68.8373],[-95.6359,68.8591],[-95.6903,68.8865],[-95.8249,68.8816],[-95.8183,68.9242],[-95.8382,68.9488],[-95.8191,68.9834],[-95.8776,68.992],[-95.9596,69.0653],[-95.9133,69.1171],[-95.919,69.1608],[-96.0205,69.2068],[-96.1,69.1948],[-96.1238,69.1752],[-96.0954,69.1464],[-96.1249,69.1271],[-96.1066,69.0963],[-96.1137,69.0333],[-96.1912,69.0622],[-96.1557,69.0779],[-96.1845,69.1591],[-96.1639,69.2111],[-96.1786,69.2359],[-96.1408,69.2582],[-96.1427,69.2807],[-96.2303,69.3221],[-96.2858,69.3594],[-96.3398,69.3629],[-96.4618,69.4029],[-96.5514,69.4459],[-96.6269,69.4375],[-96.6848,69.4783],[-96.7354,69.4937],[-96.8508,69.4956],[-97.0076,69.5548],[-97.0199,69.5738],[-97.079,69.5852],[-97.0891,69.635],[-97.1351,69.6651],[-97.2759,69.6905],[-97.3039,69.677],[-97.3186,69.63],[-97.382,69.6263],[-97.4298,69.639],[-97.4864,69.6753],[-97.417,69.69],[-97.3747,69.7138],[-97.3824,69.7527],[-97.4316,69.779],[-97.5192,69.7706],[-97.5852,69.801],[-97.6491,69.8135],[-97.6353,69.8472],[-97.7034,69.8478],[-97.8483,69.8923],[-97.9523,69.9049]]],[[[-109.8324,75.8644],[-109.7181,75.8838],[-109.6317,75.8658],[-109.6187,75.8399],[-109.6558,75.8071],[-109.5011,75.8025],[-109.3954,75.7799],[-109.236,75.7729],[-109.0323,75.7414],[-108.9243,75.7002],[-108.9184,75.6784],[-108.8417,75.6533],[-108.7872,75.6163],[-108.8612,75.6035],[-108.8925,75.5736],[-108.9577,75.5635],[-108.8754,75.5026],[-108.8791,75.4804],[-109.0617,75.4945],[-109.1035,75.5061],[-109.4631,75.5195],[-109.6686,75.5362],[-109.8313,75.5342],[-109.8322,75.1607],[-109.8306,74.8757],[-109.5878,74.8612],[-109.4879,74.872],[-109.3032,74.9593],[-109.1491,74.9678],[-108.9403,75.0043],[-108.8966,75.0549],[-108.7873,75.0758],[-108.5755,75.0499],[-108.5096,75.0167],[-108.4831,74.9826],[-108.51,74.9419],[-108.4026,74.9223],[-108.1199,74.9323],[-107.9311,74.9566],[-107.8985,75.0042],[-107.7165,75.0371],[-107.6607,74.9768],[-107.5003,74.9582],[-107.4815,74.9459],[-107.3378,74.9347],[-107.1841,74.9134],[-106.963,74.9331],[-106.7753,74.9621],[-106.7878,74.9898],[-106.6847,75.0061],[-106.5185,75.0009],[-106.2319,75.0212],[-106.1607,75.0382],[-105.9854,75.0576],[-106,75.0673],[-106,75.0713],[-106.0824,75.1028],[-106.0139,75.1385],[-105.8639,75.1471],[-105.8782,75.2344],[-105.8498,75.2831],[-105.7942,75.3046],[-105.7191,75.3071],[-105.6958,75.3343],[-105.622,75.3685],[-105.6866,75.4126],[-105.5909,75.4393],[-105.6051,75.4755],[-105.7119,75.4915],[-105.6134,75.5375],[-105.4545,75.5619],[-105.4412,75.6134],[-105.3819,75.6309],[-105.348,75.6809],[-105.362,75.715],[-105.4488,75.7367],[-105.3761,75.7555],[-105.429,75.8024],[-105.4184,75.8502],[-105.5446,75.9289],[-105.6506,75.9634],[-105.9384,76.0201],[-106.1096,76.0426],[-106.3325,76.0628],[-106.4099,76.0572],[-106.5407,76.0708],[-106.6416,76.064],[-106.6516,76.0414],[-106.8051,75.9827],[-106.8718,75.9761],[-106.8903,75.94],[-106.843,75.891],[-106.8671,75.8347],[-106.7733,75.8021],[-106.9234,75.755],[-106.9911,75.7688],[-106.9898,75.7893],[-107.1053,75.849],[-107.09,75.8796],[-107.0232,75.8993],[-107.1662,75.914],[-107.3946,75.9187],[-107.7355,75.8894],[-107.7706,75.8515],[-107.8789,75.8003],[-107.9746,75.784],[-108.0222,75.81],[-107.9832,75.843],[-107.903,75.8623],[-107.8736,75.9047],[-107.7379,75.9163],[-107.7831,75.9318],[-107.6076,75.9975],[-107.7159,76.0188],[-107.8004,76.0621],[-107.9598,76.0709],[-108.0826,76.0646],[-108.1679,76.049],[-108.2496,76.061],[-108.374,76.0513],[-108.439,76.0979],[-108.3467,76.1384],[-108.3508,76.1774],[-108.1945,76.2079],[-108.0899,76.2153],[-108.0573,76.2308],[-108.2106,76.2414],[-108.1885,76.2668],[-108.0398,76.2746],[-108.1739,76.3137],[-108.2553,76.3918],[-108.3633,76.4101],[-108.5693,76.4173],[-108.5763,76.4354],[-108.4482,76.4679],[-108.5747,76.4873],[-108.6051,76.5138],[-108.4841,76.5623],[-108.6147,76.5786],[-108.6005,76.5965],[-108.6977,76.6063],[-108.6963,76.6475],[-108.5498,76.6489],[-108.454,76.6847],[-108.3872,76.7264],[-108.4276,76.7509],[-108.5317,76.7668],[-108.6404,76.7612],[-108.7073,76.7736],[-108.625,76.8048],[-108.6646,76.8353],[-108.7838,76.8351],[-108.9111,76.8107],[-109.1169,76.8265],[-109.2159,76.8003],[-109.2805,76.8038],[-109.3378,76.7789],[-109.3079,76.7638],[-109.4559,76.7313],[-109.445,76.7091],[-109.5393,76.6524],[-109.5264,76.6312],[-109.7046,76.6031],[-109.75,76.5601],[-109.8256,76.5409],[-109.6717,76.5285],[-109.7073,76.5052],[-109.8353,76.5068],[-109.8345,76.246],[-109.8022,76.2335],[-109.6651,76.2268],[-109.6319,76.1987],[-109.4935,76.1765],[-109.4615,76.1506],[-109.3755,76.1419],[-109.2656,76.1053],[-109.3645,76.0861],[-109.3041,76.0433],[-109.3865,76.0157],[-109.5217,75.9951],[-109.6097,75.9585],[-109.6765,75.9577],[-109.833,75.9339],[-109.8324,75.8644]]],[[[-98.7468,76.6865],[-98.8644,76.6699],[-98.793,76.653],[-98.6518,76.6452],[-98.5548,76.65],[-98.5456,76.619],[-98.9153,76.6151],[-99.0025,76.6086],[-99.0616,76.581],[-99.0052,76.5304],[-98.8453,76.458],[-98.9448,76.4536],[-99.0193,76.4716],[-99.1102,76.456],[-99.059,76.4098],[-99.1462,76.4022],[-99.248,76.449],[-99.2434,76.4797],[-99.3981,76.5384],[-99.4773,76.5793],[-99.5521,76.6018],[-99.5571,76.6236],[-99.7744,76.6321],[-99.8057,76.6122],[-99.9192,76.6124],[-100.0658,76.6348],[-100.2048,76.6451],[-100.4605,76.6169],[-100.592,76.582],[-100.668,76.5718],[-100.7884,76.5239],[-100.8982,76.519],[-100.986,76.5024],[-100.9584,76.4743],[-100.6582,76.375],[-100.5122,76.3801],[-100.4052,76.3727],[-100.2794,76.3855],[-100.0842,76.3459],[-100.0191,76.3033],[-100.1227,76.2993],[-100.1622,76.28],[-100.324,76.288],[-100.4607,76.2758],[-100.5035,76.2607],[-100.4347,76.2175],[-100.1587,76.1912],[-100.095,76.202],[-99.9511,76.2031],[-99.8428,76.1502],[-99.923,76.1457],[-100.0262,76.1574],[-100.2237,76.1352],[-100.1209,76.1088],[-100.0669,76.0395],[-99.9884,76.0424],[-99.9753,76.0087],[-99.9133,75.9867],[-99.8918,75.9544],[-99.6978,75.9588],[-99.5996,75.9685],[-99.5897,75.9436],[-99.6722,75.9391],[-99.7068,75.9129],[-99.8526,75.9104],[-99.931,75.8807],[-99.9649,75.9227],[-100.0412,75.925],[-100.0882,75.9548],[-100.1508,75.9572],[-100.2067,75.9856],[-100.1898,76.0055],[-100.2651,76.0252],[-100.3,76.0563],[-100.4411,76.0766],[-100.5477,76.0794],[-100.6426,76.1041],[-100.5989,76.1367],[-100.9242,76.2352],[-101.0774,76.2421],[-101.101,76.3119],[-101.0536,76.3262],[-101.1101,76.3531],[-101.2007,76.364],[-101.2809,76.4145],[-101.494,76.4459],[-101.7434,76.4557],[-101.8997,76.448],[-102.0354,76.3921],[-102.0889,76.3456],[-102.0375,76.3223],[-102.1099,76.306],[-102.0449,76.269],[-102.1467,76.2536],[-102.1673,76.2369],[-102.054,76.2134],[-101.8894,76.2282],[-101.5329,76.226],[-101.6358,76.1983],[-101.7681,76.1761],[-101.7651,76.1473],[-101.9163,76.1123],[-101.9098,76.071],[-101.842,76.043],[-101.8315,76.0195],[-101.6557,75.9761],[-101.4971,75.9955],[-101.4027,75.9972],[-101.383,75.9783],[-101.4917,75.9624],[-101.606,75.93],[-101.5008,75.8578],[-101.39,75.8616],[-101.3178,75.8257],[-101.3024,75.7802],[-101.2493,75.7523],[-101.4331,75.7659],[-101.4439,75.8241],[-101.5809,75.8341],[-101.7215,75.864],[-101.7714,75.8935],[-101.8692,75.904],[-102.1524,75.8837],[-102.3441,75.8368],[-102.3602,75.7828],[-102.2864,75.7788],[-102.1495,75.7938],[-102.1325,75.7742],[-102.2243,75.7617],[-102.2519,75.7424],[-102.5676,75.7168],[-102.5288,75.6894],[-102.6695,75.678],[-102.6633,75.649],[-102.7306,75.6207],[-102.7881,75.6385],[-102.8658,75.6335],[-102.813,75.5954],[-102.7377,75.5818],[-102.765,75.5534],[-102.6521,75.5375],[-102.6657,75.507],[-102.5422,75.5057],[-102.5213,75.5214],[-102.4173,75.5417],[-102.1634,75.5578],[-101.995,75.5504],[-101.764,75.5754],[-101.5358,75.5912],[-101.5086,75.6052],[-101.125,75.5941],[-101.0294,75.6219],[-100.9484,75.6067],[-100.8209,75.6142],[-100.5563,75.6466],[-100.4681,75.6404],[-100.4033,75.6542],[-100.3166,75.6508],[-100.2376,75.6628],[-100.045,75.668],[-99.6361,75.6936],[-99.5525,75.6752],[-99.2105,75.7016],[-98.9166,75.7131],[-98.8633,75.692],[-98.9628,75.6847],[-99.4335,75.6822],[-99.5185,75.668],[-99.6164,75.6713],[-99.7752,75.6558],[-99.8575,75.6212],[-99.6507,75.6154],[-99.6837,75.5986],[-99.8372,75.5859],[-99.9209,75.5638],[-100.0259,75.5588],[-100.0313,75.5315],[-100.2961,75.5239],[-100.223,75.5103],[-100.0458,75.5062],[-99.7143,75.5183],[-99.7046,75.502],[-99.8557,75.4807],[-99.8946,75.4996],[-100.0729,75.4848],[-100.0197,75.4561],[-100.3782,75.4476],[-100.6008,75.437],[-100.4118,75.3827],[-100.4336,75.3673],[-100.5565,75.369],[-100.5651,75.3501],[-100.6511,75.3468],[-100.6176,75.3175],[-100.514,75.2962],[-100.3347,75.301],[-100.2235,75.3133],[-100.1773,75.3034],[-100.366,75.2602],[-99.9855,75.2441],[-100.0565,75.2306],[-100.2213,75.2241],[-100.2792,75.2304],[-100.433,75.2271],[-100.543,75.1934],[-100.4654,75.1875],[-100.3494,75.1062],[-100.3693,75.0315],[-100.2699,75.0074],[-100.0653,74.9875],[-99.5362,74.9782],[-99.4112,75.0029],[-99.4694,75.0163],[-99.4257,75.0732],[-99.3409,75.0549],[-99.397,75.0382],[-99.3438,74.9897],[-99.1735,75.0038],[-99.0101,74.9993],[-98.9365,75.0111],[-98.9698,75.0414],[-98.9021,75.0578],[-98.8693,75.0155],[-98.6598,74.9927],[-98.5683,75.011],[-98.4762,75.0035],[-98.3223,75.0282],[-98.1693,75.021],[-98.0855,75.0333],[-97.9764,75.0244],[-97.9275,75.0615],[-97.9542,75.1121],[-98.0096,75.1168],[-98.1359,75.1561],[-98.0436,75.1724],[-97.9431,75.154],[-97.8488,75.1092],[-97.6376,75.1237],[-97.562,75.1574],[-97.6908,75.1746],[-97.8088,75.2034],[-97.7523,75.2308],[-97.8289,75.2624],[-97.8874,75.2594],[-98.0066,75.2909],[-97.946,75.3199],[-98.0588,75.3242],[-97.9834,75.3585],[-97.8593,75.3588],[-97.8577,75.3802],[-98.0037,75.3884],[-97.9363,75.4146],[-97.7963,75.4286],[-97.9485,75.4592],[-97.9875,75.4813],[-97.8428,75.5093],[-97.845,75.4684],[-97.723,75.4682],[-97.7529,75.5077],[-97.8193,75.5391],[-97.6936,75.5686],[-97.4827,75.4927],[-97.4886,75.4667],[-97.4534,75.4271],[-97.2838,75.3905],[-97.3842,75.4543],[-97.3761,75.4814],[-97.4067,75.5419],[-97.418,75.6119],[-97.3569,75.6711],[-97.3667,75.6917],[-97.6147,75.7109],[-97.7494,75.7317],[-97.9246,75.74],[-97.8478,75.7656],[-97.6435,75.7966],[-97.6016,75.8252],[-97.5998,75.9265],[-97.651,75.984],[-97.5897,76.039],[-97.5932,76.0652],[-97.4953,76.1269],[-97.477,76.1722],[-97.4994,76.2028],[-97.6233,76.2502],[-97.7154,76.2715],[-97.7183,76.3084],[-97.7924,76.3136],[-97.71,76.3879],[-97.6538,76.4204],[-97.6928,76.4673],[-97.6727,76.4884],[-97.7708,76.5142],[-98.0753,76.5297],[-98.1759,76.5399],[-98.375,76.5777],[-98.3063,76.5931],[-98.4318,76.6386],[-98.3853,76.6624],[-98.5069,76.6858],[-98.7468,76.6865]]],[[[-93.4911,74.1791],[-93.715,74.1616],[-93.8281,74.138],[-93.7507,74.123],[-93.7345,74.0833],[-93.8282,74.0828],[-93.882,74.1309],[-93.922,74.1446],[-94.1551,74.137],[-94.39,74.1216],[-94.4842,74.0994],[-94.6783,74.0918],[-94.8921,74.0641],[-94.9889,74.0414],[-95.1212,74.0278],[-95.3037,73.9873],[-95.3298,73.9162],[-95.2862,73.8812],[-95.1612,73.8379],[-95.1233,73.8522],[-94.996,73.8415],[-95.1245,73.8102],[-94.9966,73.7522],[-94.915,73.7437],[-94.856,73.6829],[-94.6632,73.6851],[-94.6022,73.6716],[-94.7789,73.6571],[-94.8634,73.6585],[-95.0303,73.6815],[-95.1314,73.7031],[-95.1671,73.7389],[-95.2771,73.7739],[-95.386,73.7781],[-95.5338,73.7571],[-95.6598,73.7254],[-95.6468,73.701],[-95.6966,73.6382],[-95.5911,73.6314],[-95.5598,73.6087],[-95.6534,73.5911],[-95.616,73.5287],[-95.6549,73.4983],[-95.6707,73.4511],[-95.6165,73.4124],[-95.6158,73.3348],[-95.5812,73.2935],[-95.583,73.2047],[-95.5081,73.1354],[-95.6386,73.1321],[-95.669,73.0837],[-95.6317,73.0706],[-95.6397,73.0231],[-95.6959,73.0183],[-95.6869,72.9833],[-95.6197,72.954],[-95.6524,72.9053],[-95.6678,72.8051],[-95.5601,72.7795],[-95.5503,72.7603],[-95.6113,72.7333],[-95.567,72.6906],[-95.4629,72.6896],[-95.4347,72.6612],[-95.3259,72.6325],[-95.3311,72.5816],[-95.3135,72.5451],[-95.206,72.5292],[-95.1455,72.4864],[-95.1352,72.4578],[-95.1906,72.4402],[-95.1897,72.3912],[-95.1554,72.3691],[-95.1913,72.3051],[-95.1774,72.2903],[-95.2012,72.2237],[-95.189,72.1768],[-95.1491,72.1656],[-95.1625,72.1331],[-95.138,72.0916],[-95.1914,72.0691],[-95.214,72.0132],[-95.1634,71.9713],[-95.0274,71.979],[-94.8118,71.9988],[-94.6857,72.0181],[-94.5891,72.0117],[-94.4397,72.0281],[-94.3047,72.0038],[-94.2339,72.0086],[-94.0824,71.9854],[-94.027,72.0114],[-94.2421,72.0284],[-94.2173,72.055],[-94.0634,72.0691],[-94.0286,72.1072],[-94.0192,72.1589],[-93.8624,72.2608],[-93.8273,72.3135],[-93.786,72.3259],[-93.632,72.342],[-93.5991,72.3599],[-93.5306,72.4302],[-93.4426,72.4506],[-93.4796,72.5244],[-93.5682,72.5914],[-93.6581,72.6273],[-93.7261,72.6303],[-93.7984,72.6577],[-93.7766,72.7211],[-93.8676,72.7073],[-94.0303,72.715],[-94.1117,72.7349],[-94.2243,72.7361],[-94.3022,72.7172],[-94.3154,72.7601],[-94.2905,72.7767],[-94.2006,72.7775],[-94.064,72.7627],[-93.9421,72.7799],[-93.8309,72.7762],[-93.7874,72.787],[-93.5442,72.7879],[-93.4968,72.812],[-93.3518,72.8039],[-93.2677,72.8169],[-93.2099,72.788],[-93.1555,72.8001],[-93.0765,72.7751],[-92.8447,72.7584],[-92.8039,72.7473],[-92.6732,72.7465],[-92.3691,72.7108],[-92.2588,72.7105],[-92.1123,72.739],[-92.0255,72.7668],[-91.9616,72.8052],[-91.8133,72.8664],[-91.7651,72.9137],[-91.6949,72.9488],[-91.5716,73.042],[-91.4556,73.1193],[-91.3381,73.2114],[-91.4675,73.217],[-91.4754,73.2439],[-91.3928,73.2423],[-91.2947,73.2545],[-91.2334,73.2774],[-91.194,73.3182],[-91.1108,73.3772],[-91.0292,73.4204],[-90.9783,73.4617],[-90.9249,73.4815],[-90.916,73.5075],[-90.9846,73.5407],[-90.7864,73.5501],[-90.5054,73.689],[-90.3367,73.8056],[-90.3633,73.8618],[-90.3125,73.8784],[-90.2325,73.8522],[-90.1648,73.893],[-90.1774,73.9142],[-90.2872,73.9341],[-90.3917,73.9177],[-90.5851,73.9502],[-90.6843,73.9781],[-90.7649,73.9729],[-90.853,73.9945],[-90.9362,73.993],[-91.1086,74.0139],[-91.4581,74.0154],[-91.5335,74.0319],[-91.9211,74.0181],[-92.0187,73.9956],[-92.0614,73.9986],[-92.1098,73.9566],[-92.2595,73.9537],[-92.2596,74.0174],[-92.2924,74.0375],[-92.5761,74.1019],[-92.6587,74.1128],[-92.6781,74.0864],[-92.7505,74.0885],[-92.7243,74.1238],[-93.0239,74.1535],[-93.2332,74.1625],[-93.4911,74.1791]]],[[[-100.0143,73.9488],[-100.0829,73.9456],[-100.1891,73.9228],[-100.2646,73.9177],[-100.3069,73.8684],[-100.2394,73.8407],[-100.1376,73.8311],[-100.0237,73.8413],[-99.9452,73.8789],[-99.8511,73.8442],[-99.9351,73.8246],[-99.9708,73.7863],[-100.0401,73.7698],[-100.1691,73.808],[-100.2594,73.8061],[-100.3441,73.8215],[-100.4234,73.8523],[-100.5429,73.8662],[-100.8086,73.8211],[-100.9069,73.8223],[-101.0196,73.8008],[-101.0062,73.7532],[-101.1233,73.7373],[-101.0206,73.7137],[-100.9792,73.6863],[-100.8484,73.66],[-100.9076,73.627],[-100.7613,73.613],[-100.7015,73.6176],[-100.6396,73.5978],[-100.5613,73.5922],[-100.5362,73.5622],[-100.6147,73.5135],[-100.5877,73.4867],[-100.4885,73.4538],[-100.4253,73.4181],[-100.4938,73.4178],[-100.5064,73.4447],[-100.6697,73.4712],[-100.7291,73.4993],[-100.7585,73.5418],[-100.8411,73.5598],[-100.8689,73.5996],[-100.9798,73.5928],[-101.1989,73.6106],[-101.247,73.5998],[-101.2669,73.5601],[-101.4491,73.5506],[-101.528,73.4936],[-101.5738,73.4844],[-101.425,73.4178],[-101.3018,73.408],[-101.3015,73.383],[-101.2028,73.3467],[-101.1214,73.3332],[-101.0068,73.3311],[-101.0225,73.3041],[-100.9753,73.2821],[-100.8137,73.2672],[-100.7712,73.2787],[-100.5767,73.2851],[-100.5395,73.3102],[-100.3399,73.3326],[-100.3907,73.3593],[-100.3403,73.3978],[-100.1934,73.3324],[-100.1524,73.2938],[-100.0487,73.2509],[-99.923,73.2202],[-99.7608,73.2144],[-99.7826,73.1963],[-99.9722,73.1925],[-100.0312,73.2009],[-100.1552,73.2359],[-100.2717,73.2862],[-100.4426,73.2616],[-100.4972,73.2362],[-100.5033,73.2033],[-100.5909,73.1461],[-100.4999,73.1326],[-100.5158,73.0927],[-100.4435,73.0823],[-100.3944,73.1228],[-100.2635,73.1411],[-100.254,73.1068],[-100.1795,73.0895],[-100.221,73.0593],[-100.135,73.0542],[-100.1145,73.0332],[-100.172,72.993],[-100.093,72.9739],[-100.016,72.943],[-100.1006,72.9318],[-100.022,72.8972],[-100.3243,72.8746],[-100.3413,72.8874],[-100.2914,72.9221],[-100.2267,72.9276],[-100.2532,72.9554],[-100.362,72.9549],[-100.4055,72.9987],[-100.2986,73.0192],[-100.2941,73.0339],[-100.4129,73.0351],[-100.4737,72.9824],[-100.3906,72.952],[-100.4381,72.9291],[-100.3109,72.8437],[-100.2957,72.8095],[-100.3695,72.7788],[-100.3853,72.7528],[-100.4377,72.7383],[-100.5086,72.7603],[-100.5886,72.7451],[-100.6392,72.7234],[-100.6849,72.7666],[-100.7686,72.7461],[-100.7878,72.711],[-100.8366,72.6958],[-100.999,72.6972],[-101.0676,72.7103],[-101.2361,72.7124],[-101.3393,72.7305],[-101.3631,72.7576],[-101.3114,72.7762],[-101.3877,72.796],[-101.4773,72.8467],[-101.481,72.8738],[-101.5369,72.8936],[-101.6353,72.901],[-101.7455,72.9368],[-101.7976,72.9774],[-101.7667,72.9848],[-101.8947,73.0448],[-101.9876,73.0519],[-102.001,73.0687],[-102.1188,73.0886],[-102.2763,73.0635],[-102.3748,73.0688],[-102.3853,73.0471],[-102.5176,73.0245],[-102.542,72.972],[-102.5841,72.9502],[-102.5828,72.911],[-102.6102,72.8835],[-102.7047,72.8292],[-102.738,72.7654],[-102.7086,72.7245],[-102.6588,72.704],[-102.5934,72.6566],[-102.4963,72.634],[-102.4098,72.5908],[-102.3559,72.5922],[-102.2382,72.5565],[-102.2208,72.541],[-102.1191,72.5266],[-102.0632,72.5314],[-101.9197,72.4842],[-101.9535,72.4663],[-101.8978,72.4249],[-101.866,72.3807],[-101.8992,72.3657],[-101.806,72.3165],[-101.6133,72.3067],[-101.5169,72.2846],[-101.4528,72.2566],[-101.3858,72.2607],[-101.3654,72.2865],[-101.2612,72.3382],[-101.1658,72.3188],[-101.0207,72.2283],[-101.0056,72.1964],[-100.9199,72.1899],[-100.749,72.2061],[-100.6279,72.1925],[-100.5525,72.1486],[-100.4663,72.1251],[-100.4942,72.1092],[-100.4358,72.0806],[-100.4309,72.0551],[-100.3255,72.0295],[-100.3327,72.0031],[-100.2532,71.9579],[-100.1476,71.9394],[-100.0744,71.8834],[-100.0226,71.8643],[-99.8372,71.8507],[-99.8153,71.8146],[-99.764,71.7889],[-99.6714,71.7655],[-99.6571,71.7298],[-99.5993,71.7055],[-99.604,71.6603],[-99.5442,71.6165],[-99.3476,71.5785],[-99.3763,71.5437],[-99.3454,71.4954],[-99.3052,71.4772],[-99.2793,71.4073],[-99.2177,71.353],[-99.0685,71.3565],[-99.0035,71.3896],[-98.9441,71.3896],[-98.9237,71.3649],[-98.8106,71.3004],[-98.6882,71.2803],[-98.6546,71.3008],[-98.5526,71.2933],[-98.4516,71.322],[-98.4208,71.3448],[-98.2965,71.4001],[-98.2117,71.4178],[-98.0876,71.4878],[-98.058,71.5287],[-98.1419,71.5475],[-98.1346,71.5622],[-98.2208,71.589],[-98.2892,71.6335],[-98.3688,71.6512],[-98.3637,71.6794],[-98.4145,71.7188],[-98.4755,71.7346],[-98.4918,71.7667],[-98.3872,71.8355],[-98.3259,71.8575],[-98.2722,71.8347],[-98.3404,71.7897],[-98.3603,71.748],[-98.29,71.6959],[-98.1929,71.6499],[-98.1173,71.6427],[-97.9437,71.6615],[-97.8685,71.6518],[-97.7757,71.6579],[-97.7024,71.6332],[-97.4964,71.6163],[-97.3932,71.6279],[-97.2011,71.6704],[-97.08,71.7037],[-97.0028,71.7463],[-96.9331,71.807],[-96.8216,71.8096],[-96.7399,71.8325],[-96.7079,71.8006],[-96.5272,71.8365],[-96.4756,71.8994],[-96.4631,71.9385],[-96.55,71.9407],[-96.644,71.9155],[-96.7364,71.9245],[-96.6955,71.9424],[-96.5925,71.9624],[-96.5481,71.9475],[-96.4749,71.9652],[-96.4514,72.0221],[-96.4633,72.0441],[-96.5552,72.0419],[-96.6277,72.0215],[-96.7715,72.0466],[-96.5723,72.0756],[-96.4902,72.0769],[-96.4593,72.1126],[-96.5113,72.224],[-96.5555,72.2781],[-96.6245,72.2681],[-96.6542,72.3088],[-96.6024,72.338],[-96.5266,72.3437],[-96.4424,72.3661],[-96.4221,72.3962],[-96.3748,72.4102],[-96.2735,72.4133],[-96.3097,72.4622],[-96.3248,72.5158],[-96.418,72.5525],[-96.4144,72.5942],[-96.4351,72.6417],[-96.4651,72.6616],[-96.5736,72.688],[-96.4923,72.7209],[-96.5262,72.7577],[-96.5842,72.7512],[-96.5916,72.7229],[-96.6834,72.716],[-96.8925,72.6844],[-97.0346,72.6363],[-97.1016,72.6012],[-97.1961,72.6098],[-97.1405,72.6873],[-97.0233,72.7208],[-97.0073,72.7427],[-97.0738,72.7805],[-97.1668,72.7921],[-97.2505,72.8512],[-97.3156,72.8609],[-97.2399,72.8932],[-97.2333,72.9344],[-97.2819,72.9721],[-97.5864,73.0245],[-97.8045,73.0371],[-97.8467,73.05],[-97.9534,73.0392],[-98.1838,72.9943],[-98.2341,72.9892],[-98.395,72.8996],[-98.3863,72.9415],[-98.4341,72.9705],[-98.4236,72.9861],[-98.4873,73.0101],[-98.3868,73.0335],[-98.2934,73.0649],[-98.2108,73.0806],[-98.2247,73.0967],[-98.1283,73.1378],[-97.9749,73.1773],[-97.904,73.2291],[-97.8364,73.2439],[-97.839,73.2792],[-97.74,73.2931],[-97.6871,73.3193],[-97.6057,73.33],[-97.5227,73.3277],[-97.4392,73.3454],[-97.1596,73.3604],[-97.1377,73.3983],[-97.2312,73.4137],[-97.1747,73.4465],[-97.1854,73.4723],[-97.2603,73.4862],[-97.3079,73.4612],[-97.4035,73.4784],[-97.4072,73.499],[-97.5214,73.4867],[-97.597,73.4528],[-97.6673,73.4739],[-97.6312,73.5044],[-97.6195,73.5484],[-97.5268,73.521],[-97.4368,73.5351],[-97.4774,73.5707],[-97.4107,73.5908],[-97.2255,73.5571],[-97.1898,73.5799],[-96.9548,73.639],[-96.9713,73.6534],[-96.9278,73.6977],[-96.9357,73.7337],[-97.0134,73.7537],[-97.1109,73.7995],[-97.1957,73.8584],[-97.3479,73.8672],[-97.4794,73.8652],[-97.533,73.8892],[-97.6202,73.8994],[-97.74,73.8666],[-97.7453,73.8952],[-97.8121,73.9111],[-97.8903,73.8957],[-97.9446,73.8497],[-98.1753,73.8111],[-98.5426,73.7934],[-98.7427,73.7686],[-98.779,73.7558],[-98.9118,73.7594],[-99.1242,73.7516],[-99.2145,73.7393],[-99.3212,73.7698],[-99.3716,73.797],[-99.4449,73.8047],[-99.469,73.8271],[-99.6486,73.8485],[-99.7041,73.8473],[-99.8295,73.9021],[-99.7707,73.9357],[-99.9455,73.9516],[-100.0143,73.9488]]],[[[-85.4973,65.9226],[-85.5991,65.9086],[-85.657,65.8786],[-85.7309,65.8556],[-85.7791,65.8196],[-85.873,65.7893],[-85.9507,65.7458],[-85.9971,65.7039],[-86.0242,65.6194],[-86.0613,65.5744],[-86.0529,65.5611],[-86.0985,65.4985],[-86.0999,65.4652],[-86.1328,65.4088],[-86.1282,65.3569],[-86.0964,65.3518],[-86.1575,65.2863],[-86.1387,65.2416],[-86.1414,65.2021],[-86.1169,65.162],[-86.1267,65.1029],[-86.2042,65.0132],[-86.2109,64.9861],[-86.1304,64.9198],[-86.1993,64.8654],[-86.1831,64.8248],[-86.2649,64.7506],[-86.2729,64.7189],[-86.3839,64.6],[-86.3934,64.4864],[-86.3708,64.4634],[-86.3779,64.4231],[-86.3318,64.4052],[-86.365,64.3753],[-86.3329,64.2756],[-86.2822,64.2598],[-86.3042,64.2273],[-86.2284,64.185],[-86.1853,64.17],[-86.1638,64.1358],[-86.1827,64.0846],[-86.2483,64.0678],[-86.2834,64.0745],[-86.3609,64.0621],[-86.4699,64.0182],[-86.5319,64.0143],[-86.5525,64.0012],[-86.6401,63.9865],[-86.7052,63.9641],[-86.8089,63.9456],[-86.9051,63.9103],[-86.9819,63.8699],[-87.1378,63.748],[-87.2085,63.714],[-87.194,63.6787],[-87.2185,63.6621],[-87.212,63.6148],[-87.1663,63.5781],[-87.1009,63.5522],[-86.937,63.5462],[-86.7613,63.5797],[-86.6665,63.6398],[-86.5763,63.6611],[-86.5101,63.6665],[-86.4204,63.6602],[-86.3056,63.6371],[-86.2648,63.6348],[-86.1317,63.6655],[-86.098,63.6652],[-86.005,63.6852],[-85.7165,63.7002],[-85.6163,63.6827],[-85.5882,63.6543],[-85.6058,63.5594],[-85.6314,63.545],[-85.5957,63.4977],[-85.6136,63.4631],[-85.6478,63.4376],[-85.6646,63.3965],[-85.6476,63.3671],[-85.6619,63.3431],[-85.6165,63.2301],[-85.6094,63.1759],[-85.5644,63.1402],[-85.5082,63.1237],[-85.5055,63.1074],[-85.4317,63.1055],[-85.349,63.1144],[-85.2931,63.1055],[-85.2129,63.1081],[-85.1502,63.1293],[-85.0218,63.1586],[-84.9791,63.1617],[-84.9067,63.1907],[-84.8029,63.221],[-84.6655,63.2906],[-84.5753,63.3117],[-84.5161,63.3488],[-84.4636,63.3709],[-84.4616,63.4163],[-84.4388,63.4835],[-84.3925,63.5154],[-84.3589,63.5652],[-84.2489,63.618],[-84.188,63.6224],[-84.1173,63.5941],[-84.0839,63.5924],[-84.0403,63.6153],[-84,63.6534],[-83.9085,63.6718],[-83.8842,63.6949],[-83.815,63.7181],[-83.8112,63.7387],[-83.7603,63.7521],[-83.7326,63.7736],[-83.6544,63.7533],[-83.5986,63.7738],[-83.603,63.805],[-83.5777,63.8186],[-83.6274,63.8631],[-83.5977,63.8945],[-83.5939,63.9228],[-83.6342,63.957],[-83.6641,64],[-83.6584,64.0156],[-83.5975,64.0262],[-83.5303,64.1027],[-83.4629,64.1192],[-83.3958,64.1023],[-83.2929,64.1418],[-83.202,64.1119],[-83.1237,64.1664],[-83.0128,64.1779],[-82.9331,64.1311],[-82.958,64.106],[-83.1241,64.011],[-83.1454,63.9916],[-83.1262,63.9639],[-83.0647,63.9388],[-82.9932,63.958],[-82.902,63.9727],[-82.8139,63.9718],[-82.7972,63.96],[-82.6625,63.9615],[-82.5251,63.954],[-82.4797,63.9296],[-82.4054,63.9153],[-82.352,63.8896],[-82.3111,63.8324],[-82.3784,63.8256],[-82.4921,63.7879],[-82.5276,63.7375],[-82.5053,63.7134],[-82.4659,63.7031],[-82.4614,63.67],[-82.4151,63.6705],[-82.2964,63.6445],[-82.2796,63.6633],[-82.1995,63.6805],[-82.0611,63.6856],[-82.0015,63.6561],[-81.9091,63.6426],[-81.8918,63.6236],[-81.8231,63.6203],[-81.7596,63.6341],[-81.7403,63.614],[-81.659,63.5846],[-81.6194,63.5613],[-81.5605,63.5724],[-81.5101,63.5626],[-81.3721,63.5169],[-81.295,63.5073],[-81.2859,63.4936],[-81.0361,63.4453],[-80.9855,63.4457],[-80.9257,63.4619],[-80.9332,63.5105],[-80.9032,63.5244],[-80.8419,63.5274],[-80.7993,63.5628],[-80.6927,63.5949],[-80.6285,63.6242],[-80.5743,63.633],[-80.5147,63.669],[-80.4741,63.7227],[-80.4389,63.7209],[-80.2871,63.7369],[-80.2142,63.7244],[-80.1575,63.7631],[-80.1522,63.7822],[-80.2025,63.7978],[-80.2843,63.7958],[-80.3142,63.8187],[-80.4651,63.8512],[-80.6001,63.8579],[-80.6603,63.8746],[-80.632,63.8883],[-80.5858,63.8728],[-80.4834,63.8996],[-80.5616,63.9101],[-80.5762,63.9344],[-80.5436,63.948],[-80.5393,63.982],[-80.6245,63.9952],[-80.6992,63.9934],[-80.7368,64.0536],[-80.795,64.0828],[-80.9166,64.1173],[-80.9135,64.0792],[-80.9736,64.059],[-80.9673,64.0266],[-80.9259,64.0091],[-80.9092,63.9781],[-80.9989,63.9842],[-81.0762,64.0217],[-81.1671,64.0244],[-81.2547,64.045],[-81.2883,64.0739],[-81.3914,64.0594],[-81.4939,64.0249],[-81.6121,64.0224],[-81.7011,64.0014],[-81.8383,63.9889],[-81.8675,63.9765],[-81.9484,63.9711],[-82.0118,63.9906],[-81.9976,64.0292],[-81.9462,64.0601],[-81.8827,64.0758],[-81.7504,64.0906],[-81.7071,64.0863],[-81.6254,64.1224],[-81.5825,64.1663],[-81.6059,64.2017],[-81.6694,64.2309],[-81.7549,64.312],[-81.7294,64.3369],[-81.7396,64.4106],[-81.7718,64.4398],[-81.7449,64.4897],[-81.8202,64.5245],[-81.8149,64.5402],[-81.8793,64.5733],[-81.9397,64.5877],[-82.0356,64.6365],[-82.057,64.6717],[-82.0893,64.6834],[-82.1842,64.6953],[-82.1951,64.7118],[-82.2503,64.7175],[-82.3167,64.7504],[-82.371,64.7651],[-82.4453,64.7553],[-82.4819,64.7355],[-82.5561,64.7408],[-82.5699,64.7639],[-82.6643,64.7698],[-82.7748,64.8067],[-82.8348,64.8561],[-82.8887,64.8656],[-83.0115,64.9154],[-83.1078,64.9269],[-83.1755,64.9464],[-83.2348,64.9826],[-83.3029,65.0035],[-83.3231,65.039],[-83.3129,65.0737],[-83.4192,65.145],[-83.4718,65.1444],[-83.4988,65.1601],[-83.5916,65.1595],[-83.7092,65.149],[-83.7563,65.1687],[-83.8038,65.1579],[-83.8575,65.1743],[-83.8725,65.1932],[-83.9283,65.1865],[-83.9858,65.1955],[-84.0171,65.183],[-84.1107,65.2093],[-84.1181,65.222],[-84.215,65.2637],[-84.1511,65.2953],[-84.1542,65.3266],[-84.1988,65.3623],[-84.2634,65.3756],[-84.3445,65.3776],[-84.3552,65.4055],[-84.4202,65.4166],[-84.4041,65.4412],[-84.4266,65.4573],[-84.5248,65.4815],[-84.5763,65.463],[-84.5981,65.4252],[-84.7055,65.356],[-84.7333,65.3256],[-84.7184,65.2762],[-84.7771,65.2115],[-84.8648,65.2059],[-84.9101,65.2602],[-84.9465,65.2831],[-84.9853,65.3307],[-84.9846,65.3852],[-84.9996,65.4209],[-85.0589,65.4565],[-85.1214,65.4714],[-85.2665,65.5235],[-85.2805,65.5651],[-85.1915,65.5458],[-85.0641,65.5723],[-85.0254,65.6118],[-85.0408,65.6384],[-85.129,65.6903],[-85.1237,65.7326],[-85.1837,65.8038],[-85.2363,65.8191],[-85.3812,65.8239],[-85.3907,65.7951],[-85.4535,65.7917],[-85.5013,65.8359],[-85.4647,65.8803],[-85.4973,65.9226]]],[[[-93.5223,81.3793],[-93.4405,81.3195],[-93.5422,81.3125],[-93.8813,81.355],[-94.0459,81.3651],[-94.2512,81.3438],[-94.203,81.3147],[-94.3308,81.2977],[-94.3567,81.2483],[-94.1817,81.2155],[-93.9199,81.2021],[-93.7084,81.2018],[-93.4074,81.2198],[-93.2507,81.21],[-93.1577,81.181],[-92.993,81.1602],[-93.1217,81.1324],[-93.0451,81.1156],[-93.0946,81.094],[-93.298,81.0743],[-93.4678,81.077],[-93.8302,81.1035],[-93.9452,81.0882],[-94.0926,81.0876],[-94.2423,81.1153],[-94.3464,81.0937],[-94.1405,81.0713],[-94.0937,81.0533],[-93.8895,81.043],[-93.8603,81.0195],[-94.102,81.018],[-94.409,80.9524],[-94.4857,80.9921],[-94.5084,81.0359],[-94.6142,81.0487],[-94.8537,81.059],[-94.8911,81.0407],[-95.1189,81.0235],[-95.235,81.001],[-95.2199,80.9729],[-95.3111,80.9238],[-95.4517,80.9035],[-95.448,80.8852],[-95.2103,80.8824],[-95.4705,80.8284],[-95.4628,80.8066],[-95.2299,80.782],[-95.1155,80.7981],[-95.0006,80.7746],[-94.6606,80.7243],[-94.2972,80.7302],[-94.2075,80.7154],[-94.6064,80.6837],[-94.5852,80.638],[-94.5227,80.6018],[-94.3513,80.6086],[-94.0047,80.5912],[-93.8322,80.5609],[-93.7513,80.5177],[-93.8878,80.5168],[-94.0116,80.5521],[-94.4376,80.5564],[-94.5843,80.5502],[-94.7603,80.5626],[-95.0058,80.6044],[-95.0958,80.5919],[-95.4475,80.5913],[-95.7221,80.5757],[-95.9624,80.5838],[-95.8431,80.5097],[-96.0449,80.4862],[-95.7831,80.4521],[-95.734,80.4271],[-95.5757,80.3956],[-95.409,80.3794],[-95.571,80.3579],[-95.9518,80.3845],[-96.1565,80.3806],[-96.2547,80.3687],[-96.1646,80.3385],[-96.3198,80.3375],[-96.4001,80.3564],[-96.5335,80.3607],[-96.6273,80.3343],[-96.4343,80.3149],[-96.5001,80.3],[-96.2571,80.2467],[-95.9026,80.1933],[-95.5593,80.2231],[-95.4513,80.2166],[-95.2883,80.2237],[-95.2597,80.2049],[-95.5452,80.1962],[-95.7002,80.1698],[-95.3301,80.1189],[-95.2361,80.1173],[-94.9703,80.1374],[-94.7224,80.1657],[-94.5936,80.2005],[-94.5688,80.2267],[-94.4331,80.2276],[-94.4335,80.1952],[-93.9725,80.1807],[-94.0994,80.1692],[-94.3855,80.1713],[-94.5629,80.1406],[-94.7836,80.0865],[-94.5515,80.0385],[-94.3654,79.9918],[-94.3822,79.978],[-94.8338,80.0514],[-95.1437,80.0342],[-95.4222,80.0365],[-95.7858,80.0514],[-96.0106,80.076],[-96.2226,80.1294],[-96.3596,80.1421],[-96.682,80.1471],[-96.741,80.0853],[-96.6243,80.044],[-96.6435,80.018],[-96.5936,79.9645],[-96.5319,79.9535],[-96.2755,79.9385],[-96.3829,79.9197],[-96.6269,79.9022],[-96.5593,79.8551],[-96.2307,79.7959],[-96.2198,79.7514],[-96.0546,79.7159],[-95.8993,79.6529],[-95.7128,79.6372],[-95.5369,79.634],[-95.3018,79.6459],[-95.2188,79.6432],[-94.9754,79.6675],[-94.7583,79.6654],[-94.6837,79.6999],[-94.4949,79.7435],[-94.2553,79.7611],[-94.3724,79.7156],[-94.3236,79.672],[-94.5095,79.644],[-94.5428,79.6287],[-94.9261,79.5886],[-95.041,79.5905],[-95.3932,79.5544],[-95.6257,79.5531],[-95.7002,79.5399],[-95.7418,79.4812],[-95.6615,79.4556],[-95.7523,79.429],[-95.5598,79.3875],[-95.4453,79.3881],[-95.3342,79.4051],[-95.2465,79.3994],[-95.2349,79.357],[-95.1595,79.3591],[-95.19,79.2864],[-95.0471,79.2698],[-94.9613,79.2893],[-94.8073,79.3007],[-94.6562,79.3393],[-94.492,79.3445],[-94.4028,79.3663],[-94.4732,79.3994],[-94.3925,79.4306],[-94.2404,79.4137],[-94.0196,79.3774],[-94.1507,79.3421],[-94.1623,79.3132],[-94.1091,79.2681],[-94.0144,79.256],[-93.7464,79.2833],[-93.6194,79.3258],[-93.6627,79.3602],[-93.4756,79.3523],[-93.3374,79.4467],[-93.2218,79.4384],[-93.3512,79.3637],[-93.3345,79.344],[-93.0697,79.3693],[-92.9555,79.3946],[-93.0477,79.4173],[-93.1214,79.4544],[-93.0053,79.4568],[-92.8411,79.4106],[-92.6278,79.4477],[-92.5069,79.4606],[-92.4073,79.4193],[-92.437,79.4036],[-92.5821,79.3824],[-92.5564,79.3663],[-92.4003,79.3653],[-92.1077,79.3425],[-91.8885,79.3447],[-91.7926,79.3371],[-91.6671,79.3622],[-91.216,79.3843],[-91.1118,79.3628],[-91.2119,79.3443],[-91.5366,79.3266],[-91.8054,79.3184],[-91.9374,79.2967],[-92.1191,79.3052],[-92.5062,79.3081],[-92.6639,79.2632],[-92.5367,79.2396],[-92.2486,79.2064],[-92.0114,79.2062],[-91.6352,79.227],[-91.3066,79.2334],[-91.1437,79.2476],[-90.9657,79.2485],[-90.7131,79.2353],[-90.3903,79.2567],[-90.3648,79.2366],[-90.5362,79.2182],[-90.7371,79.2191],[-90.7693,79.2086],[-91.1414,79.2064],[-91.2337,79.1919],[-91.6728,79.179],[-92.0045,79.1547],[-92.3942,79.1516],[-92.5409,79.1632],[-92.7729,79.1684],[-92.8429,79.1327],[-93.1941,79.1701],[-93.3961,79.1604],[-93.4779,79.138],[-93.4335,79.1224],[-93.638,79.0628],[-93.8361,79.0357],[-94.024,79.0311],[-94.2969,78.9872],[-94.1557,78.9281],[-93.9995,78.8886],[-93.9332,78.8494],[-93.8597,78.8281],[-93.5972,78.8359],[-93.36,78.8199],[-93.133,78.7708],[-93.0461,78.7671],[-93.0301,78.7397],[-93.2427,78.7407],[-93.4005,78.7553],[-93.5839,78.7875],[-93.8236,78.7726],[-93.5888,78.6807],[-93.4302,78.6811],[-93.4807,78.6503],[-93.2961,78.5831],[-92.9424,78.6035],[-92.9333,78.614],[-92.7196,78.6274],[-92.5622,78.5922],[-92.4015,78.5894],[-92.2131,78.5737],[-92.0023,78.5757],[-91.9275,78.5625],[-91.9096,78.5364],[-92.0922,78.5203],[-92.4211,78.5194],[-92.6387,78.4841],[-92.852,78.5026],[-92.9826,78.4765],[-92.9303,78.4223],[-92.7498,78.379],[-92.6066,78.3613],[-92.6125,78.3395],[-92.4584,78.3059],[-92.2304,78.3248],[-92.1774,78.3107],[-92.3421,78.2882],[-92.1848,78.2789],[-92.1937,78.2586],[-92.1079,78.2171],[-92.0207,78.2028],[-91.9293,78.233],[-91.8469,78.24],[-91.6445,78.1869],[-91.3072,78.1636],[-91.2122,78.1736],[-91.0201,78.1445],[-90.6703,78.1352],[-90.3431,78.1423],[-90.2722,78.1881],[-90.3413,78.2237],[-90.3461,78.2807],[-90.5185,78.2753],[-90.761,78.3286],[-90.5643,78.32],[-90.3726,78.3233],[-90.2529,78.336],[-90.0201,78.3006],[-89.8956,78.2149],[-89.6845,78.2139],[-89.6294,78.1681],[-89.5676,78.145],[-89.458,78.1537],[-89.4601,78.173],[-89.5652,78.2195],[-89.6226,78.2875],[-89.7606,78.3694],[-89.7505,78.38],[-89.962,78.4525],[-90.0731,78.513],[-90.0459,78.533],[-90.1108,78.554],[-90.0911,78.6044],[-89.9723,78.5944],[-89.9113,78.5765],[-89.7779,78.4944],[-89.6415,78.4269],[-89.6013,78.4237],[-89.3957,78.3436],[-89.2955,78.292],[-89.2427,78.2466],[-89.1658,78.2099],[-89.0132,78.1695],[-88.8082,78.1544],[-88.7437,78.1911],[-88.6753,78.287],[-88.6669,78.3251],[-88.5824,78.3598],[-88.536,78.4211],[-88.6014,78.4596],[-88.7385,78.5178],[-88.7401,78.6108],[-88.5705,78.6089],[-88.5561,78.5858],[-88.3506,78.5053],[-88.3163,78.4795],[-88.2195,78.4554],[-88.0179,78.4781],[-87.8625,78.585],[-87.9963,78.653],[-88.1312,78.6569],[-88.1011,78.6835],[-88.189,78.7494],[-88.2461,78.8165],[-88.2362,78.8577],[-88.1727,78.9038],[-88.2129,78.9287],[-88.2105,78.9645],[-88.16,78.996],[-87.9721,79.0092],[-87.9024,79.0293],[-87.7814,79.0855],[-87.7195,79.078],[-87.8413,79.0304],[-87.8238,79.0009],[-87.9872,78.9671],[-87.9407,78.917],[-88.0004,78.8386],[-87.9723,78.7675],[-87.8683,78.6958],[-87.6664,78.6467],[-87.6023,78.6449],[-87.3892,78.7436],[-87.3152,78.8033],[-86.9767,78.8864],[-86.9336,78.9243],[-86.9737,78.9397],[-86.9891,79.0322],[-86.9153,79.036],[-86.7832,78.9603],[-86.6963,78.9572],[-86.5804,78.9822],[-86.5674,79.0287],[-86.4948,79.06],[-86.3071,79.0888],[-86.0974,79.1023],[-85.735,79.1386],[-85.713,79.1494],[-85.5255,79.1582],[-85.2802,79.183],[-85.1821,79.2313],[-84.8817,79.27],[-84.9249,79.3162],[-85.0324,79.3665],[-85.1461,79.3946],[-85.2613,79.4005],[-85.2831,79.4329],[-85.3774,79.4572],[-85.5344,79.5488],[-85.5207,79.5781],[-85.6991,79.6217],[-85.8219,79.6161],[-85.8705,79.5693],[-85.8829,79.5006],[-86.0124,79.4426],[-86.1053,79.4371],[-86.173,79.469],[-86.0617,79.4714],[-86.0717,79.5188],[-86.0214,79.5471],[-86.1358,79.6092],[-86.3113,79.6488],[-86.6535,79.6632],[-86.7871,79.6406],[-86.8498,79.6126],[-86.7483,79.6068],[-86.6884,79.5715],[-86.9668,79.6087],[-87.1739,79.5791],[-87.3067,79.5111],[-87.3834,79.5172],[-87.456,79.5464],[-87.4272,79.5749],[-87.1433,79.6409],[-87.144,79.6707],[-87.0447,79.7353],[-87.0689,79.7728],[-86.9493,79.8802],[-86.9381,79.9201],[-87.1106,79.8991],[-87.188,79.8734],[-87.2741,79.8796],[-87.2339,79.9177],[-87.0424,79.9366],[-87.0045,79.951],[-87.1046,79.9721],[-87.2485,80.0765],[-87.4586,80.0664],[-87.5802,80.0826],[-87.7299,80.0807],[-87.8249,80.062],[-87.9492,80.0844],[-88.0287,80.1333],[-87.7917,80.1442],[-87.6248,80.1605],[-87.5421,80.1831],[-87.522,80.2415],[-87.5346,80.2868],[-87.6009,80.3415],[-87.6043,80.4061],[-87.7733,80.4097],[-87.908,80.4262],[-88.3309,80.44],[-88.3923,80.4355],[-88.6073,80.3861],[-88.6405,80.3483],[-88.5657,80.3202],[-88.6685,80.2805],[-88.5518,80.2297],[-88.4162,80.2087],[-88.2373,80.1937],[-88.3596,80.1706],[-88.2765,80.1574],[-88.2866,80.1338],[-88.4169,80.0935],[-88.7619,80.1383],[-88.8955,80.1731],[-88.9945,80.1815],[-89.1191,80.2241],[-89.203,80.2926],[-89.0429,80.3317],[-89.0729,80.3637],[-89.0347,80.391],[-89.2324,80.3961],[-88.9985,80.4477],[-89.0567,80.483],[-89.2265,80.525],[-89.3684,80.5405],[-89.8209,80.5265],[-89.9673,80.5299],[-90.1162,80.5474],[-90.3617,80.5493],[-90.4869,80.5634],[-90.752,80.551],[-90.7038,80.5929],[-90.545,80.639],[-90.6529,80.6975],[-90.7424,80.7185],[-90.912,80.7253],[-91.1292,80.7731],[-91.1062,80.8179],[-91.246,80.8373],[-91.2689,80.8759],[-91.3511,80.8874],[-91.6863,81.0441],[-91.8459,81.0624],[-91.7337,81.0749],[-91.7394,81.1006],[-91.8188,81.1246],[-91.7993,81.1618],[-92.0601,81.2267],[-92.2635,81.2563],[-92.6971,81.2974],[-93.1026,81.3552],[-93.5223,81.3793]]],[[[-95.6867,77.0685],[-96.0378,77.051],[-96.2852,77.0455],[-96.3508,77.0326],[-96.2461,77.0076],[-96.4799,76.9676],[-96.5259,76.9788],[-96.8042,76.983],[-96.7158,76.9615],[-96.8768,76.9183],[-96.8826,76.8866],[-96.8174,76.856],[-96.7468,76.8708],[-96.666,76.8638],[-96.5375,76.8107],[-96.5428,76.7784],[-96.6274,76.7517],[-96.6748,76.7772],[-96.8878,76.8226],[-96.9178,76.7825],[-96.8287,76.7682],[-96.9715,76.7391],[-96.898,76.7044],[-96.8053,76.6961],[-96.6795,76.7065],[-96.4696,76.6896],[-96.4854,76.6621],[-96.3993,76.6344],[-96.2593,76.636],[-96.2505,76.6161],[-96.154,76.5791],[-96.0176,76.5875],[-96.0491,76.5561],[-95.8036,76.5602],[-95.6767,76.6075],[-95.6321,76.5851],[-95.7397,76.5399],[-95.8881,76.5219],[-96.0672,76.5288],[-96.1271,76.5064],[-96.0055,76.453],[-95.9762,76.4271],[-95.7816,76.3973],[-95.4956,76.3773],[-95.4032,76.3527],[-95.2957,76.3775],[-95.2122,76.3604],[-95.1326,76.3631],[-95.0526,76.3367],[-95.1077,76.3045],[-95.2559,76.2956],[-95.3087,76.2836],[-95.4043,76.2918],[-95.3973,76.2379],[-95.2074,76.2382],[-95.0656,76.2199],[-95.0034,76.2416],[-94.763,76.2893],[-94.7402,76.3192],[-94.6509,76.301],[-94.6365,76.2803],[-94.4006,76.2824],[-94.3169,76.2754],[-94.196,76.2815],[-94.1326,76.2632],[-93.9508,76.2647],[-93.6977,76.249],[-93.6856,76.2628],[-93.7809,76.2871],[-93.7498,76.3171],[-93.6352,76.3077],[-93.4505,76.3308],[-93.3862,76.3583],[-93.2293,76.3701],[-93.0858,76.3634],[-93.0513,76.343],[-93.0895,76.3092],[-93.0319,76.2966],[-92.9753,76.246],[-92.9131,76.2263],[-92.7905,76.209],[-92.7723,76.1629],[-92.6531,76.1276],[-92.6579,76.0787],[-92.6298,76.0332],[-92.5419,75.9957],[-92.5386,75.9627],[-92.2456,75.8925],[-92.1406,75.8803],[-92.1078,75.8],[-92.1292,75.7587],[-92.1185,75.7173],[-92.0492,75.6968],[-91.9964,75.6625],[-92.0933,75.628],[-92.0044,75.5925],[-92.1889,75.5581],[-92.3839,75.4622],[-92.4416,75.4183],[-92.4619,75.3671],[-92.4149,75.354],[-92.4797,75.2927],[-92.4637,75.2639],[-92.5057,75.2172],[-92.4085,75.1715],[-92.3455,75.1691],[-92.3394,75.1431],[-92.2794,75.1306],[-92.1326,75.1343],[-92.0303,75.0925],[-92.2323,75.0743],[-92.2022,75.0271],[-92.1517,74.9865],[-92.0397,74.961],[-92.0844,74.9416],[-92.0165,74.8973],[-92.0679,74.8301],[-92.0739,74.7958],[-92.0448,74.7761],[-91.8999,74.7533],[-91.8706,74.7399],[-91.6512,74.7228],[-91.6088,74.7008],[-91.6984,74.6717],[-91.5943,74.6531],[-91.4597,74.643],[-91.3591,74.6473],[-91.2988,74.6279],[-91.1523,74.6239],[-91.1106,74.6402],[-91.2039,74.6858],[-91.1869,74.7039],[-91.2328,74.7274],[-91.1817,74.7529],[-91.1134,74.7423],[-91.0541,74.7764],[-90.9659,74.8026],[-90.8838,74.8418],[-90.8712,74.8702],[-90.7683,74.8657],[-90.7643,74.8332],[-90.8743,74.772],[-90.9436,74.7565],[-90.9937,74.6998],[-90.8812,74.6885],[-90.835,74.7254],[-90.7763,74.7139],[-90.71,74.6545],[-90.619,74.6199],[-90.4562,74.5996],[-90.364,74.5963],[-90.2262,74.5646],[-90.0908,74.551],[-90.0508,74.5884],[-89.9987,74.5847],[-89.9846,74.5311],[-89.7998,74.5305],[-89.5849,74.5393],[-89.4328,74.5589],[-89.3924,74.5888],[-89.323,74.575],[-89.1739,74.5964],[-89.1213,74.6269],[-89.1,74.6841],[-89.2095,74.7099],[-89.0758,74.7175],[-89.0155,74.7959],[-88.9222,74.776],[-88.9411,74.7201],[-88.8421,74.6621],[-88.8023,74.6835],[-88.759,74.7791],[-88.6622,74.8208],[-88.5512,74.8408],[-88.6058,74.89],[-88.5629,74.911],[-88.4927,74.843],[-88.515,74.7856],[-88.3801,74.7803],[-88.4617,74.76],[-88.4575,74.7274],[-88.4876,74.6603],[-88.5505,74.6295],[-88.5897,74.5484],[-88.5454,74.4981],[-88.4644,74.4979],[-88.2467,74.4805],[-88.1557,74.4869],[-87.9846,74.4714],[-87.8691,74.4742],[-87.7824,74.4948],[-87.7366,74.4576],[-87.4788,74.4698],[-87.4427,74.5009],[-87.3773,74.5204],[-87.3168,74.4694],[-87.1282,74.4668],[-87.0368,74.4788],[-86.9657,74.4611],[-86.6429,74.4657],[-86.8181,74.5516],[-86.7421,74.5555],[-86.6369,74.5197],[-86.433,74.4779],[-86.3102,74.4915],[-86.2156,74.5325],[-86.2371,74.5734],[-86.1923,74.5895],[-86.0956,74.5604],[-86.093,74.5299],[-86.1242,74.4797],[-85.9575,74.4822],[-85.7795,74.4931],[-85.6091,74.4954],[-85.5314,74.5143],[-85.4953,74.5642],[-85.5289,74.5911],[-85.5413,74.6332],[-85.481,74.6579],[-85.4491,74.6066],[-85.3811,74.5594],[-85.3457,74.4969],[-85.2291,74.4886],[-85.089,74.5065],[-85.0374,74.5395],[-85.0672,74.5613],[-85.0515,74.611],[-84.9688,74.6005],[-84.9827,74.5808],[-84.902,74.4989],[-84.7058,74.5296],[-84.6452,74.503],[-84.3874,74.5099],[-84.2494,74.5055],[-83.9215,74.5474],[-83.6563,74.5504],[-83.5929,74.5425],[-83.4395,74.5959],[-83.4758,74.6443],[-83.3695,74.6861],[-83.3721,74.7138],[-83.3123,74.7791],[-83.4566,74.8036],[-83.5797,74.8765],[-83.5059,74.904],[-83.4129,74.8793],[-83.2472,74.8116],[-83.1202,74.8293],[-83.0936,74.7923],[-83.1331,74.7141],[-83.0939,74.6369],[-82.95,74.5655],[-82.7908,74.5282],[-82.6916,74.5293],[-82.5539,74.5189],[-82.4525,74.5522],[-82.3789,74.5313],[-82.2636,74.5263],[-82.1781,74.5065],[-82.0377,74.4876],[-81.7544,74.4709],[-81.6637,74.4875],[-81.6371,74.5061],[-81.5306,74.5152],[-81.3675,74.5646],[-81.2445,74.5856],[-81.0666,74.5862],[-80.945,74.5678],[-80.8458,74.5638],[-80.5741,74.564],[-80.5357,74.5817],[-80.383,74.5857],[-80.3053,74.5791],[-80.2145,74.6104],[-80.1969,74.6322],[-80.2802,74.67],[-80.2708,74.696],[-80.1696,74.7086],[-80.2241,74.7434],[-80.2833,74.7612],[-80.2323,74.7755],[-80.2799,74.8064],[-80.1955,74.8232],[-80.3982,74.8732],[-80.46,74.9021],[-80.3384,74.938],[-80.2839,74.871],[-80.1882,74.8667],[-80.0922,74.8331],[-79.9648,74.8131],[-79.8026,74.8349],[-79.7001,74.8371],[-79.5352,74.8646],[-79.392,74.8704],[-79.3475,74.8952],[-79.456,74.9188],[-79.5538,74.9791],[-79.5281,75.0052],[-79.581,75.0161],[-79.7681,75.0277],[-79.9363,74.9984],[-80.0058,75.0034],[-80.1049,74.948],[-80.305,74.956],[-80.2394,74.981],[-80.4116,75.0109],[-80.398,75.0317],[-80.3,75.0633],[-80.1286,75.062],[-80.087,75.0811],[-79.9774,75.0892],[-79.9363,75.1284],[-79.8293,75.1732],[-79.7283,75.1659],[-79.5079,75.2268],[-79.5243,75.2437],[-79.4459,75.2841],[-79.5875,75.2799],[-79.6169,75.302],[-79.5263,75.3205],[-79.5343,75.3502],[-79.4812,75.377],[-79.5107,75.393],[-79.6256,75.4022],[-79.6817,75.4342],[-79.6409,75.453],[-79.7151,75.4718],[-79.961,75.4787],[-80.1757,75.4683],[-80.1864,75.4609],[-80.4143,75.4555],[-80.4273,75.4787],[-80.3282,75.4811],[-80.1674,75.4981],[-79.9718,75.532],[-80.0656,75.5629],[-80.0797,75.585],[-80.1828,75.6151],[-80.313,75.637],[-80.4137,75.6312],[-80.4811,75.6527],[-81.0132,75.6196],[-81.067,75.6448],[-81.2958,75.6505],[-81.2851,75.6787],[-81.3312,75.6927],[-81.1551,75.7282],[-81.098,75.7662],[-81.2984,75.7759],[-81.4757,75.8015],[-81.8135,75.8136],[-81.9036,75.8068],[-82,75.8214],[-82.3372,75.8376],[-82.6562,75.8114],[-82.9311,75.7573],[-83.0624,75.748],[-83.4058,75.7428],[-83.555,75.7899],[-83.7153,75.794],[-83.8231,75.8057],[-83.9525,75.804],[-84.0144,75.7685],[-84.1889,75.7654],[-84.3368,75.7052],[-84.5462,75.6957],[-84.655,75.6839],[-84.659,75.6428],[-84.9219,75.6623],[-85.0652,75.6642],[-85.1106,75.6307],[-85.1828,75.6333],[-85.2131,75.6047],[-85.333,75.5941],[-85.341,75.564],[-85.5056,75.5624],[-85.662,75.5794],[-85.8383,75.5426],[-85.8922,75.5477],[-86.0922,75.5252],[-86.1636,75.506],[-86.0824,75.4839],[-85.8799,75.4429],[-85.8564,75.4161],[-86.092,75.4247],[-86.2052,75.4186],[-86.3554,75.3947],[-86.4262,75.374],[-86.5569,75.3613],[-86.62,75.3792],[-86.4144,75.4048],[-86.3774,75.4207],[-86.5968,75.4742],[-86.7962,75.476],[-87.0339,75.5246],[-87.0879,75.5465],[-87.1175,75.5856],[-87.3107,75.6222],[-87.4161,75.6034],[-87.4239,75.5836],[-87.5436,75.563],[-87.5241,75.5301],[-87.4334,75.4921],[-87.5006,75.4871],[-87.6487,75.5237],[-87.6836,75.5695],[-87.7697,75.5742],[-87.9082,75.556],[-88.1525,75.4983],[-88.2048,75.4694],[-88.2953,75.4805],[-88.3057,75.5],[-88.209,75.5112],[-88.1878,75.5282],[-88.4724,75.6023],[-88.6182,75.6671],[-88.7555,75.6851],[-88.7879,75.6292],[-88.8887,75.62],[-88.8799,75.5658],[-88.819,75.5372],[-88.8,75.4958],[-88.7432,75.4692],[-88.7762,75.4352],[-88.8683,75.4272],[-88.9703,75.4346],[-89.0366,75.4748],[-89.1254,75.5012],[-89.1636,75.5651],[-89.1961,75.5853],[-89.4331,75.5911],[-89.4764,75.5635],[-89.6237,75.6112],[-89.5214,75.6085],[-89.417,75.6235],[-89.2467,75.6294],[-89.2289,75.6811],[-89.1657,75.7525],[-89.2219,75.7942],[-89.3706,75.816],[-89.44,75.8431],[-89.5752,75.8436],[-89.669,75.8352],[-89.7489,75.8024],[-89.8088,75.8302],[-89.7363,75.8541],[-89.6697,75.8936],[-89.8203,75.9349],[-89.8487,75.9645],[-89.9496,75.9741],[-89.9665,76.01],[-90.0565,76.0147],[-90.0795,75.9837],[-90.1888,75.9347],[-90.2428,75.9744],[-90.4316,75.9612],[-90.4496,75.986],[-90.5948,75.9853],[-90.6133,75.9665],[-90.7598,75.9968],[-90.824,75.9823],[-90.908,75.9226],[-91.0463,75.9129],[-91.1248,75.8249],[-91.1913,75.8379],[-91.1345,75.8692],[-91.1378,75.9144],[-90.9895,75.9336],[-90.9566,75.9692],[-91.0825,75.9914],[-90.9499,75.9993],[-90.9436,76.018],[-90.6054,76.0292],[-90.5266,76.0383],[-90.4273,76.0312],[-90.2344,76.0445],[-90.2037,76.065],[-90.4009,76.0875],[-90.5836,76.0942],[-90.7141,76.0622],[-90.7547,76.0977],[-90.6562,76.1177],[-90.8723,76.1348],[-90.9505,76.1482],[-91.0654,76.1486],[-91.143,76.1631],[-91.2579,76.1664],[-91.2755,76.2082],[-91.4214,76.2234],[-91.4594,76.2567],[-91.2475,76.2243],[-91.18,76.1949],[-91.0546,76.1941],[-90.8836,76.1738],[-90.8085,76.1776],[-90.5277,76.165],[-90.3494,76.1454],[-90.2944,76.1813],[-90.2287,76.1705],[-89.9033,76.1729],[-89.8879,76.1645],[-89.6412,76.1673],[-89.4349,76.1804],[-89.3015,76.1966],[-89.2731,76.224],[-89.1947,76.2458],[-89.2875,76.2978],[-89.5316,76.3144],[-89.5727,76.3246],[-89.7423,76.3211],[-90.0185,76.3641],[-90.1746,76.3715],[-90.2922,76.3902],[-90.5215,76.4036],[-90.8968,76.4306],[-91.0117,76.4532],[-91.2793,76.4571],[-91.4325,76.4761],[-91.5241,76.4967],[-91.451,76.5197],[-91.3832,76.518],[-91.1313,76.4797],[-91.0431,76.483],[-91.0312,76.5035],[-90.8527,76.4596],[-90.7168,76.4663],[-90.6715,76.4525],[-90.4916,76.4637],[-90.5534,76.4965],[-90.5104,76.5191],[-90.5759,76.5597],[-90.6408,76.5747],[-90.8314,76.5947],[-90.8404,76.6192],[-91.1426,76.6698],[-91.3108,76.6727],[-91.3783,76.6897],[-91.4719,76.6926],[-91.943,76.6675],[-92.0432,76.6516],[-92.1202,76.6247],[-92.4152,76.599],[-92.4818,76.6201],[-92.5957,76.6128],[-92.6866,76.5938],[-92.8829,76.623],[-93.1221,76.6197],[-93.1077,76.5994],[-93.2779,76.5112],[-93.3291,76.5022],[-93.3614,76.4703],[-93.4558,76.4618],[-93.6469,76.4286],[-93.6672,76.4436],[-93.4939,76.4806],[-93.4797,76.5055],[-93.3099,76.5466],[-93.325,76.5743],[-93.2765,76.5876],[-93.2724,76.6173],[-93.1875,76.6791],[-93.2088,76.7124],[-93.1843,76.7497],[-93.2977,76.7511],[-93.3102,76.7846],[-93.4136,76.7994],[-93.4941,76.8395],[-93.6208,76.8662],[-93.6589,76.9127],[-93.8907,76.9386],[-94.0023,76.9328],[-94.0277,76.8941],[-94.2867,76.8922],[-94.3439,76.9232],[-94.4939,76.9347],[-94.5045,76.9691],[-94.627,76.9838],[-94.7627,76.9718],[-94.9235,76.9767],[-95.0486,77.0019],[-95.1701,76.994],[-95.2976,77.0183],[-95.4186,77.06],[-95.5984,77.0557],[-95.6867,77.0685]]],[[[-109.8422,72.7251],[-109.8423,72.7021],[-109.8424,72.6972],[-109.8426,72.6666],[-109.844,72.5405],[-109.7948,72.5057],[-109.8448,72.4854],[-109.8452,72.4573],[-109.8453,72.4442],[-109.8468,72.0784],[-109.8496,71.6976],[-109.8519,71.4523],[-109.8539,71.0899],[-109.8575,70.6197],[-109.8594,70.3061],[-109.8618,69.9981],[-111.9989,70.0011],[-112.5108,70.0017],[-112.5181,69.8476],[-112.8183,69.8473],[-112.8251,70.0025],[-113.8441,70.0001],[-114.5001,70],[-116.3541,69.9993],[-117.0228,70.0003],[-117.0135,69.9566],[-116.9242,69.8799],[-116.7552,69.7864],[-116.4656,69.7028],[-116.99,69.6925],[-116.9733,69.6795],[-116.8612,69.6608],[-116.8279,69.6221],[-116.8887,69.6029],[-116.852,69.5791],[-116.7841,69.5647],[-116.7341,69.5693],[-116.5981,69.5655],[-116.5629,69.5477],[-116.5816,69.5209],[-116.5334,69.5033],[-116.617,69.486],[-116.6191,69.4616],[-116.5095,69.4295],[-116.5011,69.4094],[-116.3459,69.399],[-116.3243,69.3825],[-116.1958,69.353],[-116.0267,69.3419],[-115.9679,69.3255],[-115.9382,69.2983],[-115.7977,69.2972],[-115.7127,69.2824],[-115.5522,69.2792],[-115.505,69.2651],[-115.384,69.2599],[-115.2988,69.2737],[-115.1801,69.2515],[-115.1024,69.2516],[-115.026,69.2653],[-115.0086,69.2891],[-114.9506,69.2802],[-114.8818,69.2848],[-114.8665,69.2652],[-114.7442,69.2745],[-114.6607,69.2699],[-114.4644,69.2804],[-114.3733,69.2944],[-114.1808,69.2822],[-114.1225,69.255],[-114.0427,69.2636],[-113.9943,69.2507],[-113.943,69.2636],[-113.9058,69.2373],[-113.7846,69.2333],[-113.7407,69.2164],[-113.6757,69.2149],[-113.6372,69.1907],[-113.6691,69.1524],[-113.5794,69.1394],[-113.6527,69.1199],[-113.5965,69.0913],[-113.6157,69.0691],[-113.5453,69.0424],[-113.6261,69.0317],[-113.5537,69.0082],[-113.546,68.9551],[-113.621,68.9286],[-113.6055,68.9033],[-113.6456,68.8954],[-113.6073,68.8446],[-113.661,68.817],[-113.5981,68.7973],[-113.565,68.756],[-113.4867,68.7303],[-113.4187,68.6956],[-113.4199,68.6462],[-113.3459,68.6199],[-113.3241,68.5923],[-113.269,68.587],[-113.1532,68.5582],[-113.0581,68.5427],[-113.0147,68.5197],[-113.0371,68.4948],[-113.0967,68.505],[-113.2366,68.4982],[-113.2529,68.4673],[-113.1806,68.4617],[-113.0292,68.4703],[-112.9747,68.4883],[-112.8671,68.4909],[-112.7439,68.4715],[-112.6164,68.4952],[-112.581,68.5125],[-112.4541,68.4984],[-112.42,68.5072],[-112.3323,68.5022],[-112.2501,68.5325],[-112.2103,68.5178],[-112.0959,68.5374],[-111.9707,68.5302],[-111.823,68.5324],[-111.7959,68.544],[-111.5431,68.5538],[-111.3191,68.542],[-111.1679,68.5263],[-111.1711,68.5519],[-111.2076,68.5641],[-111.3816,68.5723],[-111.356,68.5965],[-111.3008,68.5994],[-111.1058,68.5858],[-111.0233,68.6025],[-110.88,68.6118],[-110.8419,68.5936],[-110.9669,68.5863],[-111.0315,68.5602],[-110.9462,68.5529],[-110.8032,68.5684],[-110.609,68.6078],[-110.5442,68.6295],[-110.4922,68.6169],[-110.3964,68.6109],[-110.3691,68.5875],[-110.3166,68.5805],[-110.2507,68.6259],[-110.2058,68.6393],[-110.1158,68.6431],[-110.0274,68.6227],[-109.8678,68.6309],[-109.816,68.6425],[-109.734,68.6356],[-109.6347,68.6456],[-109.4627,68.6782],[-109.3817,68.7001],[-109.1512,68.7096],[-108.9671,68.7383],[-108.6819,68.8248],[-108.5748,68.8654],[-108.5015,68.9048],[-108.5321,68.9247],[-108.4995,68.9462],[-108.235,68.9444],[-108.1203,68.9362],[-107.9997,68.9458],[-107.956,68.9397],[-107.8827,68.9544],[-107.4925,68.9836],[-107.3956,69.0013],[-107.2741,69.0422],[-107.271,69.057],[-107.1899,69.0893],[-107.1314,69.1309],[-107.1099,69.1614],[-107.0432,69.1667],[-107.015,69.2021],[-106.9123,69.2295],[-106.902,69.2492],[-106.9398,69.288],[-106.9671,69.3383],[-106.9436,69.3614],[-106.7704,69.3795],[-106.73,69.3896],[-106.7305,69.4398],[-106.6535,69.4696],[-106.6366,69.4878],[-106.5653,69.4986],[-106.4447,69.4713],[-106.3801,69.4199],[-106.3049,69.4057],[-106.3154,69.3895],[-106.2978,69.3234],[-106.2426,69.2873],[-106.3044,69.2556],[-106.3972,69.24],[-106.3807,69.1789],[-106.3161,69.1903],[-106.275,69.1717],[-106.1188,69.1619],[-106.0649,69.1532],[-105.961,69.1593],[-105.84,69.1859],[-105.7194,69.1821],[-105.5116,69.1481],[-105.4467,69.0947],[-105.3428,69.1042],[-105.2863,69.092],[-105.1107,69.0782],[-105.041,69.0581],[-105.0066,69.072],[-105.0359,69.1042],[-104.9147,69.0831],[-104.8765,69.0604],[-105.0171,69.0019],[-105.1858,68.9769],[-105.239,68.9616],[-105.2155,68.9398],[-105.1229,68.8959],[-105.0463,68.8966],[-104.9375,68.8794],[-104.8298,68.8781],[-104.7733,68.8682],[-104.6551,68.8614],[-104.5235,68.8652],[-104.4607,68.9008],[-104.4557,68.9248],[-104.3596,68.9416],[-104.341,68.9158],[-104.2568,68.8921],[-104.2191,68.8938],[-104.0956,68.8585],[-103.953,68.8743],[-103.8945,68.8696],[-103.8726,68.8461],[-103.7778,68.8463],[-103.6983,68.8264],[-103.62,68.8188],[-103.5608,68.831],[-103.4888,68.8307],[-103.4894,68.8109],[-103.3613,68.7826],[-103.3217,68.8028],[-103.3405,68.8299],[-103.2483,68.8289],[-103.133,68.8498],[-103.0917,68.826],[-103.0007,68.8024],[-102.8968,68.8],[-102.8495,68.8207],[-102.7688,68.8244],[-102.6968,68.847],[-102.7437,68.8724],[-102.7369,68.9041],[-102.667,68.8918],[-102.5818,68.8651],[-102.4455,68.8831],[-102.4573,68.9028],[-102.3683,68.9308],[-102.2582,68.9449],[-102.2009,68.964],[-102.1281,68.956],[-102.0723,69.0081],[-102.0236,69.0027],[-101.9782,68.978],[-101.8848,68.9939],[-101.8014,68.9978],[-101.7899,69.0118],[-101.8532,69.0414],[-101.8005,69.0679],[-101.7442,69.1464],[-101.7081,69.156],[-101.7402,69.1841],[-101.8351,69.2295],[-101.9046,69.2447],[-101.8935,69.2679],[-101.9793,69.2594],[-102.0435,69.2297],[-102.0596,69.187],[-102.1491,69.215],[-102.2147,69.2716],[-102.168,69.2917],[-102.1106,69.2714],[-102.0859,69.2408],[-102.0443,69.2395],[-102.012,69.2812],[-102.1013,69.3682],[-102.0136,69.3527],[-102.007,69.3853],[-101.9108,69.4081],[-101.9621,69.4592],[-102.1078,69.4988],[-102.1474,69.4864],[-102.2898,69.5089],[-102.3344,69.4816],[-102.4226,69.5019],[-102.4701,69.4833],[-102.4922,69.4469],[-102.4796,69.4218],[-102.6191,69.421],[-102.7034,69.3996],[-102.7869,69.3931],[-102.8623,69.3565],[-102.8472,69.3336],[-102.9446,69.3012],[-102.9476,69.2795],[-102.991,69.255],[-102.9961,69.223],[-103.1279,69.1748],[-103.1649,69.1356],[-103.2027,69.1993],[-103.1424,69.2127],[-103.0829,69.2438],[-103.0099,69.2599],[-103.0036,69.2834],[-103.0401,69.3609],[-103.0226,69.3939],[-102.9722,69.4073],[-102.9949,69.4872],[-103.0446,69.5246],[-103.0856,69.4977],[-103.1526,69.5064],[-103.158,69.5379],[-103.2027,69.5709],[-103.343,69.5837],[-103.4038,69.6319],[-103.4869,69.6318],[-103.4702,69.6561],[-103.5065,69.6832],[-103.602,69.715],[-103.5715,69.7245],[-103.4791,69.7035],[-103.3907,69.7151],[-103.2858,69.7063],[-103.2068,69.6511],[-103.1254,69.6164],[-103.0121,69.5988],[-102.9682,69.5699],[-102.895,69.5527],[-102.8315,69.566],[-102.792,69.5324],[-102.6959,69.5577],[-102.5923,69.5456],[-102.5253,69.5527],[-102.4806,69.5946],[-102.4904,69.6682],[-102.5243,69.6958],[-102.6086,69.7067],[-102.6103,69.7215],[-102.6741,69.7572],[-102.6463,69.7784],[-102.5629,69.7424],[-102.4986,69.7514],[-102.483,69.7862],[-102.4013,69.8048],[-102.3215,69.7638],[-102.2763,69.8122],[-102.3287,69.8405],[-102.2651,69.8562],[-102.2159,69.8488],[-102.2455,69.9158],[-102.1615,69.9052],[-102.1431,69.8546],[-102.0913,69.8281],[-102.024,69.8664],[-101.9832,69.8446],[-101.9823,69.8075],[-101.9495,69.7713],[-101.8919,69.7349],[-101.8553,69.7569],[-101.7831,69.7284],[-101.7255,69.7312],[-101.6625,69.7005],[-101.5565,69.7388],[-101.5396,69.755],[-101.5195,69.8262],[-101.4745,69.876],[-101.4123,69.917],[-101.3967,69.8649],[-101.4413,69.8555],[-101.4314,69.7936],[-101.3088,69.7045],[-101.3051,69.6761],[-101.192,69.6692],[-101.1119,69.6923],[-101.0605,69.6609],[-101.0067,69.6888],[-100.9212,69.6828],[-100.9038,69.7149],[-100.944,69.7474],[-100.8843,69.758],[-100.8525,69.8095],[-100.8642,69.9095],[-100.92,69.9618],[-100.8905,70.019],[-100.9621,70.0856],[-100.9669,70.1552],[-100.9995,70.2021],[-101.0962,70.19],[-101.1213,70.1687],[-101.2336,70.1548],[-101.331,70.1697],[-101.3727,70.142],[-101.596,70.151],[-101.6504,70.2137],[-101.5769,70.2636],[-101.6562,70.3133],[-101.7851,70.284],[-101.7845,70.2678],[-101.9292,70.2796],[-101.9647,70.3021],[-102.1264,70.3205],[-102.1774,70.3365],[-102.2043,70.3817],[-102.2869,70.3905],[-102.3163,70.4094],[-102.3742,70.4102],[-102.4975,70.4676],[-102.5772,70.4711],[-102.6075,70.4879],[-102.8097,70.5173],[-102.8806,70.5034],[-102.9295,70.5125],[-102.976,70.4967],[-103.0801,70.5071],[-103.1401,70.5505],[-103.225,70.5665],[-103.251,70.5909],[-103.4512,70.589],[-103.4953,70.5805],[-103.6066,70.6386],[-103.6327,70.6802],[-103.8297,70.752],[-103.9945,70.7628],[-104.0136,70.8412],[-104.0554,70.8752],[-104.0493,70.8925],[-104.1126,70.9179],[-104.1206,70.9489],[-104.1897,70.9728],[-104.2573,70.966],[-104.2923,70.9912],[-104.3832,70.997],[-104.4888,71.0306],[-104.6267,71.1313],[-104.5191,71.1631],[-104.5018,71.1933],[-104.4491,71.2024],[-104.4114,71.2737],[-104.4748,71.307],[-104.4724,71.3485],[-104.379,71.3777],[-104.2658,71.3562],[-104.2666,71.3935],[-104.3161,71.4239],[-104.2859,71.4552],[-104.3638,71.5099],[-104.3307,71.5823],[-104.3007,71.5919],[-104.3392,71.6212],[-104.4128,71.6475],[-104.3917,71.6602],[-104.4317,71.6873],[-104.4841,71.694],[-104.4656,71.7218],[-104.5357,71.7696],[-104.6036,71.7932],[-104.7003,71.8127],[-104.7836,71.8584],[-104.824,71.8967],[-104.7959,71.973],[-104.8524,71.9942],[-104.8377,72.011],[-104.9251,72.0747],[-104.9653,72.0783],[-104.9944,72.1373],[-104.9558,72.1505],[-104.9457,72.1801],[-104.9976,72.2093],[-105.056,72.2767],[-105.0917,72.2949],[-105.0929,72.3236],[-105.1274,72.3677],[-105.2278,72.4048],[-105.2681,72.4478],[-105.1942,72.4429],[-105.1945,72.4921],[-105.2489,72.499],[-105.2398,72.5365],[-105.2838,72.5492],[-105.314,72.6093],[-105.3207,72.6576],[-105.364,72.6877],[-105.4389,72.7093],[-105.3874,72.73],[-105.3056,72.7401],[-105.3511,72.7698],[-105.3237,72.7849],[-105.4276,72.8272],[-105.4446,72.8503],[-105.3341,72.8474],[-105.4489,72.9192],[-105.6166,72.9206],[-105.7042,72.9622],[-105.7833,72.9801],[-105.829,73.0482],[-105.9224,73.0545],[-105.992,73.0389],[-105.8577,72.98],[-105.7788,72.9692],[-105.7955,72.9482],[-105.9741,73.0149],[-105.9969,73.0412],[-106.0534,73.0472],[-106.0872,73.0715],[-106.1574,73.0729],[-106.2534,73.1076],[-106.2379,73.1155],[-106.3858,73.1599],[-106.4556,73.229],[-106.5143,73.2357],[-106.6299,73.2247],[-106.7029,73.2495],[-106.7229,73.2893],[-106.8613,73.3153],[-107.0554,73.2739],[-107.0677,73.22],[-106.9546,73.189],[-107.0362,73.1716],[-107.1905,73.2018],[-107.2419,73.2274],[-107.4217,73.2863],[-107.6078,73.3246],[-107.8079,73.3342],[-107.993,73.3533],[-108.0308,73.3363],[-107.9967,73.3087],[-108.1028,73.2745],[-108.0688,73.2527],[-107.9801,73.225],[-107.8731,73.2095],[-107.8707,73.1895],[-108.0861,73.2082],[-108.2458,73.1755],[-108.2634,73.1247],[-108.217,73.0868],[-108.1007,73.0479],[-108.2073,73.0459],[-108.1283,73.0196],[-108.1369,72.9709],[-108.0741,72.8941],[-108.1133,72.8748],[-108.1008,72.8442],[-108.0587,72.8195],[-108.0194,72.7232],[-107.9674,72.7066],[-107.9802,72.6713],[-107.944,72.623],[-107.8281,72.5788],[-107.8454,72.5312],[-107.9439,72.5104],[-107.9129,72.487],[-107.835,72.4638],[-107.7597,72.4615],[-107.7657,72.4409],[-107.8669,72.436],[-107.784,72.3945],[-107.7571,72.3501],[-107.7115,72.322],[-107.7108,72.2974],[-107.7851,72.2818],[-107.7704,72.1995],[-107.7287,72.1547],[-107.6614,72.1323],[-107.5769,72.0782],[-107.6232,72.0735],[-107.5941,72.0183],[-107.4133,71.984],[-107.389,71.9449],[-107.2804,71.9152],[-107.2514,71.8972],[-107.3582,71.8828],[-107.4439,71.8942],[-107.4557,71.8648],[-107.3462,71.8356],[-107.2551,71.827],[-107.3106,71.799],[-107.3823,71.8056],[-107.5181,71.7903],[-107.6217,71.7379],[-107.6161,71.7211],[-107.6759,71.7053],[-107.7226,71.7286],[-107.8002,71.733],[-107.8274,71.6941],[-107.8059,71.6746],[-107.7208,71.6441],[-107.8345,71.6146],[-107.8557,71.6321],[-107.9744,71.6494],[-107.9558,71.674],[-108.0029,71.7202],[-108.0791,71.7254],[-108.158,71.7083],[-108.162,71.7526],[-108.2024,71.7788],[-108.2507,71.7855],[-108.2859,71.8121],[-108.2322,71.8357],[-108.2823,71.874],[-108.2645,71.9023],[-108.1836,71.9331],[-108.3139,71.9618],[-108.2703,71.98],[-108.3977,72.0106],[-108.3691,72.0863],[-108.4056,72.1365],[-108.3717,72.1645],[-108.4421,72.1655],[-108.5251,72.2244],[-108.5337,72.2568],[-108.5919,72.319],[-108.6399,72.331],[-108.6463,72.3573],[-108.6141,72.4601],[-108.5487,72.5012],[-108.5844,72.552],[-108.6945,72.5882],[-108.8548,72.5841],[-108.9817,72.5677],[-109.0034,72.5876],[-109.0011,72.6516],[-108.8853,72.6721],[-109.0604,72.6952],[-109.1251,72.7332],[-109.1191,72.7633],[-109.1906,72.7631],[-109.3606,72.7471],[-109.3378,72.7777],[-109.5318,72.8319],[-109.6356,72.8521],[-109.7119,72.8832],[-109.5895,72.9083],[-109.6433,72.9368],[-109.8407,72.9262],[-109.8422,72.7251]]],[[[-64.8257,82.9074],[-65.2305,82.8834],[-65.2466,82.8262],[-65.383,82.7842],[-65.5176,82.7917],[-65.4146,82.8327],[-65.6675,82.8496],[-66.5103,82.7694],[-66.7633,82.7217],[-66.9887,82.7174],[-67.3044,82.6792],[-67.4903,82.6491],[-67.8071,82.6578],[-68.4629,82.6373],[-68.4909,82.6537],[-68.3469,82.6854],[-68.0033,82.6938],[-67.9268,82.7147],[-67.505,82.7462],[-67.116,82.7896],[-66.9971,82.796],[-66.5555,82.8594],[-66.3237,82.9264],[-66.7455,82.9362],[-67.1189,82.9614],[-67.1729,82.9314],[-67.3907,82.9508],[-67.8686,82.961],[-68.1651,82.948],[-68.1116,82.9783],[-68.4203,83.0072],[-68.5923,83.001],[-68.8446,82.9271],[-68.9806,82.9858],[-68.9962,83.0319],[-69.3989,83.0059],[-69.4851,83.0391],[-69.7613,83.0462],[-69.6265,83.0762],[-69.81,83.1113],[-70.6277,83.1064],[-70.9274,83.0883],[-71.2817,83.0508],[-71.3732,83.0088],[-71.1903,82.9634],[-71.0227,82.9351],[-70.8546,82.9221],[-70.8852,82.8962],[-71.4894,82.9474],[-71.481,82.9597],[-71.7093,83.0046],[-71.6944,83.0523],[-71.5438,83.0839],[-71.5501,83.1],[-71.9665,83.1039],[-72.3481,83.0948],[-72.6239,83.0953],[-72.8898,83.0459],[-73.229,83.0182],[-73.3522,82.969],[-73.5755,82.943],[-73.5752,82.9155],[-73.3833,82.8946],[-73.3198,82.8578],[-73.1049,82.7959],[-72.7203,82.7639],[-72.4963,82.7332],[-72.376,82.677],[-72.6555,82.595],[-72.7,82.6301],[-72.5939,82.6613],[-72.5822,82.6978],[-73.0422,82.7485],[-73.2145,82.7608],[-73.4069,82.7895],[-73.6018,82.8297],[-73.7706,82.8502],[-73.8405,82.909],[-73.9714,82.9588],[-74.192,83.0009],[-74.4984,83.0324],[-74.9809,83.0453],[-75.2628,83.0164],[-75.693,83.0519],[-75.9752,83.0572],[-76.8658,83.0871],[-77.3096,83.0656],[-77.4787,83.05],[-77.3397,83.0317],[-77.4144,82.9936],[-77.2756,82.9567],[-76.9653,82.9162],[-76.8399,82.9093],[-76.6572,82.8794],[-76.516,82.8123],[-76.4176,82.7903],[-76.26,82.7832],[-76.2313,82.6951],[-76.0416,82.6815],[-75.85,82.6539],[-75.5874,82.6275],[-75.4223,82.6198],[-75.7598,82.5622],[-75.9144,82.5139],[-76.1456,82.5189],[-75.967,82.5529],[-76.0106,82.6026],[-76.173,82.6288],[-76.5487,82.6676],[-76.6522,82.7253],[-76.8941,82.7801],[-77.0683,82.8539],[-77.4761,82.8902],[-77.8166,82.9295],[-77.9679,82.9126],[-78.0406,82.8639],[-78.4418,82.8592],[-78.4977,82.9251],[-78.6943,82.9454],[-78.9549,82.8851],[-79.0813,82.8903],[-79.0575,82.9185],[-79.3484,82.9579],[-79.4868,82.9494],[-79.7777,82.9546],[-80.1165,82.927],[-80.3427,82.8918],[-80.3422,82.8687],[-80.1139,82.8334],[-79.9821,82.8296],[-79.5139,82.8368],[-79.6245,82.8177],[-79.9272,82.8087],[-79.8787,82.7534],[-79.2231,82.6934],[-78.8993,82.6861],[-79.169,82.6647],[-79.6463,82.7009],[-79.8805,82.7118],[-79.9577,82.6917],[-79.769,82.6496],[-79.8746,82.6469],[-80.1179,82.679],[-80.1012,82.7285],[-80.2458,82.7508],[-80.2863,82.773],[-80.4374,82.7921],[-80.8372,82.815],[-81.2687,82.8222],[-81.4839,82.811],[-81.5338,82.7903],[-81.4204,82.7607],[-81.2988,82.7573],[-81.1512,82.7289],[-81.0814,82.6841],[-80.7783,82.6199],[-80.5422,82.5461],[-80.265,82.4732],[-80.4822,82.446],[-80.7651,82.4952],[-81.1182,82.5918],[-81.4365,82.6332],[-81.7732,82.6558],[-82.1414,82.6693],[-82.3385,82.6383],[-82.3618,82.6069],[-82.238,82.5714],[-81.8776,82.5288],[-81.4404,82.5022],[-81.6676,82.485],[-81.9558,82.4982],[-82.2502,82.5022],[-82.4995,82.4964],[-82.5834,82.4521],[-82.4837,82.4218],[-82.6772,82.3931],[-82.5871,82.3499],[-82.032,82.2755],[-81.789,82.2263],[-81.3779,82.1753],[-81.1494,82.1581],[-80.8807,82.1486],[-80.9381,82.1191],[-80.88,82.0974],[-80.62,82.0597],[-80.3664,82.0383],[-79.7473,82.0206],[-79.8295,81.9922],[-79.686,81.9422],[-79.4526,81.9035],[-79.4319,81.8863],[-79.7028,81.8862],[-79.9053,81.9251],[-80.0367,81.9688],[-80.4303,81.9954],[-80.6109,81.9992],[-80.9047,82.0421],[-81.118,82.0633],[-81.2404,82.0879],[-81.6754,82.1285],[-82.2173,82.2036],[-82.2793,82.2332],[-82.6076,82.2812],[-82.9221,82.2876],[-82.9906,82.2649],[-82.9933,82.2211],[-82.7424,82.1796],[-82.6437,82.1027],[-82.532,82.0918],[-82.0668,82.0865],[-82.0572,82.0624],[-82.6799,82.0716],[-82.7791,82.0791],[-83.0457,82.0517],[-83.0782,82.0682],[-82.9389,82.0859],[-82.892,82.1254],[-82.9515,82.1676],[-83.2754,82.2158],[-83.2836,82.2622],[-83.4794,82.3132],[-83.6601,82.3488],[-84.0496,82.3719],[-84.3515,82.3556],[-84.342,82.3782],[-84.5369,82.3878],[-84.922,82.424],[-84.7925,82.4377],[-84.7443,82.4625],[-85.2168,82.4781],[-85.7686,82.4518],[-85.6701,82.4152],[-85.4962,82.4143],[-85.5235,82.361],[-85.4326,82.3474],[-85.4744,82.3223],[-85.3103,82.2774],[-85.5881,82.2419],[-86.4113,82.2223],[-86.4917,82.2268],[-86.8235,82.2178],[-86.8523,82.1993],[-86.7468,82.1436],[-86.6281,82.1198],[-85.9988,82.0888],[-85.5724,82.0431],[-85.0428,82.0305],[-84.801,82.0161],[-84.6838,81.9947],[-84.6208,81.9589],[-84.6268,81.9131],[-84.7426,81.9207],[-84.7501,81.9686],[-84.886,81.9966],[-85.0211,81.9755],[-84.9437,81.9372],[-85.0223,81.9326],[-85.1378,81.9952],[-85.6918,82.0007],[-85.7714,81.9673],[-86.041,82.0213],[-86.2232,82.0438],[-86.8637,82.0499],[-86.9841,82.0234],[-86.9445,81.9916],[-87.1621,81.9575],[-86.8356,81.9353],[-86.7232,81.9109],[-86.7955,81.8966],[-86.9555,81.9267],[-87.2334,81.95],[-87.2631,81.9718],[-87.1403,82.0032],[-87.3598,82.0697],[-87.5842,82.087],[-87.7463,82.073],[-87.874,82.0766],[-87.8977,82.0989],[-88.1115,82.0771],[-88.5113,82.066],[-88.9304,82.0114],[-89.0524,81.9709],[-88.9477,81.9315],[-89.111,81.9229],[-89.2471,81.9413],[-89.3722,81.9054],[-89.1498,81.884],[-89.2449,81.8323],[-89.4719,81.833],[-89.5706,81.8555],[-89.645,81.8937],[-89.82,81.9054],[-90.0244,81.8893],[-90.2691,81.8917],[-90.5743,81.8757],[-90.6319,81.8348],[-90.7584,81.8393],[-91.0213,81.8237],[-91.1188,81.7996],[-91.0584,81.7661],[-91.2142,81.7463],[-91.316,81.7704],[-91.4401,81.7648],[-91.5269,81.7285],[-91.6771,81.7292],[-91.6683,81.6778],[-91.8881,81.6502],[-91.8872,81.6259],[-91.4541,81.5906],[-91.3818,81.5649],[-91.3668,81.5154],[-91.0789,81.5525],[-90.9187,81.5555],[-90.9233,81.6201],[-90.7328,81.6299],[-90.6782,81.6635],[-90.5003,81.6646],[-90.3517,81.6486],[-90.1445,81.6746],[-89.939,81.6272],[-89.4881,81.6258],[-89.5401,81.6033],[-89.7191,81.603],[-89.8493,81.5859],[-89.9079,81.5598],[-90.0697,81.5614],[-90.1906,81.5365],[-90.4912,81.4908],[-90.7596,81.4587],[-90.8171,81.4394],[-90.7391,81.4215],[-90.5245,81.4129],[-90.4899,81.384],[-90.2985,81.378],[-89.9719,81.4136],[-89.7572,81.4279],[-89.7253,81.44],[-89.3039,81.4874],[-88.8805,81.539],[-88.4779,81.5503],[-88.2926,81.5685],[-88.1177,81.5424],[-87.9258,81.555],[-87.6522,81.5221],[-87.9445,81.5069],[-87.9521,81.5333],[-88.3476,81.5172],[-88.577,81.5152],[-88.7809,81.4998],[-89.028,81.4425],[-89.2168,81.4214],[-89.5086,81.3559],[-89.8156,81.3435],[-89.9288,81.3272],[-89.7811,81.301],[-89.4971,81.276],[-89.199,81.2209],[-89.3928,81.2118],[-89.6353,81.2198],[-89.7529,81.2448],[-89.9176,81.242],[-90.2355,81.1968],[-90.28,81.1736],[-90.1903,81.1025],[-90.196,81.0798],[-90.0964,81.0477],[-89.8358,81.015],[-89.6128,81.0061],[-89.0861,81.0255],[-88.8016,81.0495],[-88.7068,81.0464],[-88.1911,81.0681],[-87.7675,81.0553],[-87.4538,81.0609],[-86.9458,81.1011],[-86.4368,81.1183],[-86.2314,81.1555],[-85.9325,81.223],[-85.5597,81.2512],[-85.3446,81.2775],[-84.8934,81.3103],[-84.6763,81.2741],[-85.0443,81.2431],[-85.3394,81.2096],[-85.5205,81.1807],[-85.8588,81.1136],[-85.9044,81.0897],[-86.315,81.0539],[-86.5492,81.0116],[-86.7039,80.998],[-87.0089,80.9985],[-87.1257,80.9817],[-87.5229,80.9778],[-87.6834,80.9908],[-88.025,81.0062],[-88.2906,80.9977],[-88.896,80.966],[-89.1434,80.9482],[-89.4143,80.9127],[-89.3664,80.8753],[-89.2838,80.8533],[-88.9895,80.8112],[-88.6329,80.7656],[-88.4075,80.7188],[-88.184,80.6824],[-88.0049,80.6837],[-87.9051,80.6626],[-87.4845,80.623],[-87.3026,80.6229],[-87.1619,80.6335],[-87.0213,80.6851],[-87.0429,80.7186],[-86.7267,80.7829],[-86.6954,80.8067],[-86.5776,80.821],[-86.2574,80.9323],[-85.9546,81.0006],[-85.6704,81.0451],[-85.3967,81.0596],[-85.1783,81.0501],[-84.956,81.0718],[-84.4904,81.085],[-84.2617,81.0967],[-83.8205,81.1039],[-83.4555,81.1315],[-83.2719,81.1386],[-82.8254,81.1661],[-82.6201,81.1721],[-82.4478,81.1674],[-82.3894,81.1435],[-82.692,81.1441],[-82.7013,81.1253],[-82.9705,81.1174],[-83.1601,81.1204],[-83.2127,81.1078],[-83.405,81.1011],[-83.5735,81.0807],[-83.9375,81.0595],[-84.0251,81.0644],[-84.5417,81.0326],[-84.7202,81.0257],[-84.947,81.0356],[-84.9608,81.0204],[-85.2724,81.0045],[-85.3227,80.9916],[-85.5685,80.9721],[-85.7811,80.9366],[-85.8816,80.8867],[-85.968,80.8712],[-86.0549,80.8348],[-86.4674,80.7236],[-86.7053,80.5964],[-86.3939,80.566],[-86.2768,80.5483],[-86.034,80.5299],[-85.8939,80.5472],[-85.6952,80.6072],[-85.6044,80.605],[-85.7801,80.5544],[-85.7899,80.533],[-85.5066,80.5279],[-85.1574,80.5092],[-84.9178,80.5115],[-84.6832,80.5274],[-84.4923,80.5117],[-84.1937,80.5209],[-84.1,80.5378],[-83.9606,80.5314],[-83.7929,80.5419],[-83.6753,80.6298],[-83.753,80.6752],[-83.7838,80.7285],[-83.5355,80.7722],[-83.3669,80.7909],[-83.2157,80.8396],[-83.0887,80.8265],[-83.3441,80.7536],[-83.5355,80.7447],[-83.4947,80.7183],[-83.3522,80.68],[-83.2631,80.6833],[-82.9351,80.7166],[-82.5242,80.7433],[-82.4906,80.7628],[-82.2266,80.7921],[-81.9753,80.8324],[-81.7381,80.8156],[-81.8599,80.7938],[-81.8766,80.7754],[-82.2227,80.7149],[-82.4583,80.714],[-82.6762,80.6871],[-82.7916,80.6863],[-82.8996,80.6613],[-83.0799,80.6402],[-83.1605,80.5618],[-83.127,80.5425],[-82.8596,80.5404],[-82.4063,80.5576],[-81.6222,80.5994],[-80.9371,80.6556],[-80.6292,80.6998],[-80.1125,80.7518],[-79.4642,80.8505],[-79.4425,80.8942],[-79.3855,80.9233],[-79.2539,80.9271],[-79.1723,80.9676],[-79.2051,80.9872],[-79.3752,80.9901],[-79.2741,81.0405],[-79.0298,81.0872],[-79.1311,81.1006],[-79.4768,81.1886],[-79.418,81.197],[-79.2284,81.1469],[-78.9111,81.1132],[-78.851,81.1006],[-78.6787,81.1288],[-78.6782,81.1752],[-78.6338,81.1933],[-78.3134,81.2567],[-78.2172,81.308],[-78.1461,81.3028],[-77.6386,81.3619],[-77.3862,81.3824],[-77.3347,81.3964],[-76.9469,81.4432],[-76.8234,81.4526],[-76.7137,81.4366],[-76.9063,81.4131],[-76.8834,81.397],[-77.2409,81.3443],[-77.5303,81.3289],[-77.5596,81.3125],[-77.9572,81.2544],[-78.0476,81.2106],[-78.1497,81.1898],[-78.3513,81.1676],[-78.3338,81.1416],[-78.4699,81.0756],[-78.7174,81.0391],[-78.7694,81.0175],[-78.9551,80.9808],[-78.8543,80.9457],[-78.8804,80.8962],[-78.9624,80.8872],[-78.9307,80.8529],[-78.0496,80.9014],[-77.7945,80.9099],[-77.6698,80.9038],[-77.5338,80.9151],[-77.1829,80.8895],[-76.893,80.8845],[-76.6783,80.8909],[-76.3365,80.9297],[-75.9387,80.961],[-75.6622,80.9749],[-75.6521,80.947],[-76.0839,80.9246],[-76.3295,80.9296],[-76.5326,80.9062],[-76.4381,80.8756],[-76.4478,80.8485],[-76.5572,80.8383],[-77.5424,80.8307],[-77.88,80.8203],[-78.6419,80.7684],[-79.1425,80.7188],[-79.3107,80.708],[-79.4211,80.6854],[-79.8616,80.6326],[-79.9635,80.6096],[-79.7202,80.6065],[-79.5874,80.5975],[-79.0809,80.6184],[-78.3902,80.6084],[-78.3353,80.5982],[-78.0228,80.5958],[-77.943,80.5784],[-78.0686,80.5609],[-78.1686,80.5688],[-78.5176,80.5687],[-78.8759,80.5578],[-79.3124,80.5544],[-79.5007,80.5428],[-80.212,80.5293],[-80.3851,80.4996],[-80.3141,80.4651],[-80.6322,80.4666],[-81.3355,80.4232],[-81.9198,80.3936],[-82.0198,80.3999],[-82.5659,80.3626],[-82.7619,80.3592],[-83.1219,80.3363],[-83.1933,80.3248],[-83.1289,80.2986],[-82.935,80.262],[-82.7541,80.1914],[-82.442,80.1068],[-82.2825,80.0504],[-82.0624,80.0154],[-81.998,79.9945],[-81.7254,79.9649],[-81.3962,79.94],[-81.6362,79.9158],[-81.6703,79.8977],[-81.5925,79.863],[-81.5468,79.8216],[-81.5654,79.7806],[-81.4554,79.7462],[-81.5156,79.7162],[-81.2976,79.7121],[-81.0776,79.6929],[-80.9435,79.6696],[-80.9376,79.6543],[-80.7657,79.6482],[-80.5683,79.6549],[-80.3304,79.686],[-79.9325,79.6966],[-79.7137,79.7074],[-79.7429,79.6833],[-79.8732,79.6496],[-79.9886,79.6517],[-80.4508,79.6207],[-80.6233,79.6004],[-80.5903,79.5629],[-80.7536,79.5808],[-81.1014,79.6079],[-81.2171,79.6262],[-81.4908,79.6389],[-81.5737,79.6044],[-81.7301,79.5883],[-81.7474,79.6262],[-81.624,79.6273],[-81.6988,79.6559],[-81.6751,79.6891],[-81.8043,79.6891],[-81.9718,79.7237],[-81.9655,79.7617],[-82.057,79.7883],[-82.0804,79.8503],[-82.2859,79.9002],[-82.6551,79.9774],[-82.7702,80.0177],[-82.9431,80.0464],[-83.2374,80.1113],[-83.5555,80.2086],[-83.6702,80.2342],[-83.8393,80.2555],[-84.0893,80.2706],[-84.7572,80.2706],[-84.9073,80.2738],[-85.0831,80.2657],[-85.3373,80.2692],[-85.6259,80.3039],[-85.711,80.3247],[-86.0391,80.3334],[-86.4479,80.3091],[-86.5325,80.2544],[-86.608,80.1695],[-86.6241,80.124],[-86.519,80.0323],[-86.4006,80.0056],[-86.1795,80.0066],[-85.9772,79.9948],[-85.6461,79.9655],[-85.4921,79.9621],[-85.4274,79.939],[-85.2648,79.9287],[-85.3481,79.9027],[-85.5869,79.9394],[-85.8163,79.9413],[-86.1078,79.965],[-86.3013,79.975],[-86.3902,79.9684],[-86.4399,79.9363],[-86.417,79.8372],[-86.4805,79.8092],[-86.4481,79.7777],[-86.316,79.7498],[-85.9569,79.7263],[-85.8389,79.7072],[-85.5316,79.7045],[-85.3589,79.683],[-85.1343,79.6441],[-85.0355,79.6172],[-85.0453,79.5978],[-84.976,79.5686],[-84.9542,79.5246],[-84.8575,79.4775],[-84.6604,79.4536],[-84.4926,79.4175],[-84.4368,79.3785],[-84.4679,79.3324],[-84.4314,79.3214],[-84.3169,79.2351],[-84.2932,79.1989],[-84.1351,79.1842],[-83.9619,79.218],[-83.9078,79.2042],[-84.0162,79.1683],[-83.8579,79.1132],[-83.7188,79.0949],[-83.7177,79.0704],[-83.5006,79.0467],[-83.4588,79.0245],[-83.7108,79.029],[-83.9943,79.0534],[-84.055,79.0908],[-84.2091,79.121],[-84.4935,79.1493],[-84.5608,79.1433],[-84.7799,79.0691],[-84.7019,79.0204],[-84.3969,78.9932],[-84.3205,78.9724],[-84.2042,78.9646],[-83.8057,78.9533],[-83.5743,78.9347],[-83.4018,78.9336],[-83.2631,78.9413],[-82.8874,78.9354],[-82.5725,78.9022],[-82.4009,78.8948],[-82.1888,78.9141],[-82.1174,78.913],[-81.9463,78.9858],[-81.8246,79.0223],[-81.6903,79.0283],[-81.5475,79.0641],[-81.4821,79.0588],[-81.6308,79.0046],[-81.761,78.9247],[-81.7432,78.9061],[-81.6408,78.8971],[-81.6856,78.8503],[-81.7778,78.8424],[-81.8891,78.8675],[-82.0925,78.8636],[-82.4617,78.8357],[-82.6613,78.8398],[-82.7237,78.8574],[-82.8469,78.847],[-82.9761,78.8599],[-83.2496,78.8503],[-83.2121,78.8033],[-83.1338,78.8016],[-82.9934,78.7743],[-82.8619,78.759],[-82.8331,78.7332],[-82.6545,78.7284],[-82.457,78.7478],[-82.2967,78.7454],[-82.1942,78.7298],[-82.2252,78.7145],[-82.4545,78.7324],[-82.5877,78.702],[-82.5159,78.6596],[-82.2165,78.589],[-82.3706,78.5681],[-82.6177,78.61],[-82.6177,78.6313],[-82.8169,78.6975],[-82.9443,78.6941],[-83.1009,78.7119],[-83.2269,78.7454],[-83.3289,78.7559],[-83.377,78.7788],[-83.4894,78.779],[-83.6698,78.825],[-83.8713,78.8443],[-84.143,78.8542],[-84.5639,78.8523],[-84.726,78.8642],[-84.9666,78.9056],[-85.1211,78.9173],[-85.238,78.9136],[-85.3709,78.881],[-85.6756,78.8471],[-86.1768,78.8175],[-86.4354,78.8081],[-86.656,78.7879],[-86.8515,78.7427],[-86.9323,78.6931],[-86.9418,78.6626],[-87.0941,78.5812],[-87.0792,78.5571],[-87.31,78.5086],[-87.479,78.4463],[-87.5234,78.4047],[-87.49,78.3643],[-87.5088,78.3428],[-87.4962,78.283],[-87.5193,78.2282],[-87.428,78.2143],[-87.3239,78.2254],[-87.2216,78.2219],[-87.075,78.2016],[-87.269,78.1948],[-87.4628,78.1714],[-87.5189,78.1468],[-87.4614,78.1227],[-87.1443,78.105],[-86.9882,78.1136],[-86.7047,78.1202],[-86.5182,78.1714],[-86.5029,78.2054],[-86.3938,78.1973],[-86.2183,78.2017],[-86.0813,78.2459],[-86.0531,78.3045],[-85.8169,78.3582],[-85.8693,78.3195],[-85.9282,78.2361],[-86.1081,78.167],[-86.2547,78.1647],[-86.2137,78.1435],[-86.2807,78.0868],[-86.256,78.0682],[-86.1344,78.0566],[-85.9114,78.071],[-85.8673,78.0857],[-85.7049,78.0983],[-85.4306,78.1061],[-85.3713,78.1431],[-85.2008,78.2017],[-85.1248,78.2609],[-85.0495,78.2877],[-84.9487,78.343],[-84.9481,78.4167],[-84.8329,78.4891],[-84.8301,78.5173],[-84.7548,78.5369],[-84.6504,78.5955],[-84.5935,78.5964],[-84.7675,78.5121],[-84.7554,78.4906],[-84.8567,78.3763],[-84.7697,78.3384],[-84.8611,78.2725],[-84.9604,78.2298],[-84.8803,78.1921],[-84.7381,78.222],[-84.4182,78.2188],[-84.225,78.1956],[-84.1975,78.1725],[-84.5446,78.204],[-84.6284,78.2043],[-84.7515,78.1794],[-84.9783,78.1795],[-85.0719,78.1008],[-84.8656,78.073],[-84.8413,78.0594],[-84.6946,78.0649],[-84.7342,78.0328],[-84.8292,78.0312],[-85.0017,78.0625],[-85.1139,78.0547],[-85.4624,77.9922],[-85.6601,77.9513],[-85.6882,77.9332],[-85.5405,77.9082],[-85.4776,77.8657],[-85.2996,77.9033],[-85.2001,77.909],[-85.081,77.9008],[-84.5662,77.9266],[-84.6059,77.9136],[-84.8076,77.891],[-84.9077,77.8994],[-85.0737,77.8794],[-85.202,77.8879],[-85.3034,77.8724],[-85.4112,77.839],[-85.4025,77.8171],[-85.3258,77.8008],[-85.1547,77.8023],[-85.1999,77.7523],[-85.2968,77.7424],[-85.245,77.6981],[-85.2897,77.671],[-85.2212,77.6533],[-85.0292,77.6265],[-84.943,77.5987],[-84.6793,77.6454],[-84.4285,77.7152],[-84.5161,77.6641],[-84.651,77.6234],[-84.858,77.58],[-84.8606,77.5427],[-84.781,77.5284],[-84.5383,77.5118],[-84.4687,77.5253],[-84.225,77.5173],[-83.9563,77.4987],[-83.7008,77.525],[-83.4976,77.5803],[-83.2998,77.6646],[-83.1849,77.7207],[-83.136,77.7916],[-83.0461,77.8231],[-82.953,77.8754],[-82.7903,77.9121],[-82.7295,77.9498],[-82.7789,77.9779],[-82.785,78.0105],[-82.67,78.0551],[-82.5542,78.0773],[-82.3493,78.0706],[-82.3565,78.0375],[-82.5497,78.0353],[-82.5879,78.0218],[-82.5211,77.9587],[-82.5348,77.9244],[-82.6112,77.9062],[-82.723,77.8207],[-82.8122,77.8078],[-82.8041,77.7849],[-82.8911,77.7264],[-82.9805,77.7111],[-82.9873,77.6781],[-83.0475,77.6649],[-83.2292,77.5733],[-83.3339,77.5454],[-83.4336,77.5036],[-83.5726,77.4757],[-83.8385,77.4614],[-83.8307,77.4448],[-83.6615,77.393],[-83.51,77.3916],[-83.4605,77.3564],[-83.8134,77.37],[-83.9885,77.3908],[-84.1532,77.4004],[-84.3291,77.386],[-84.5611,77.4048],[-84.6122,77.3866],[-84.5198,77.3228],[-84.5142,77.2965],[-84.7632,77.3222],[-84.8705,77.3632],[-84.9614,77.3827],[-85.1408,77.3945],[-85.2237,77.3864],[-85.3648,77.3926],[-85.4648,77.4116],[-85.5154,77.4594],[-85.5927,77.4577],[-85.7207,77.4343],[-85.7208,77.4811],[-85.7977,77.5097],[-85.876,77.6331],[-85.9681,77.6996],[-86.0991,77.7432],[-86.1851,77.7946],[-86.3534,77.8212],[-86.4321,77.8427],[-86.5956,77.8528],[-86.8436,77.8859],[-87.0528,77.8822],[-87.155,77.8953],[-87.3022,77.8986],[-87.7121,77.8579],[-87.8843,77.8315],[-88.049,77.8188],[-88.1575,77.7994],[-88.1581,77.7165],[-88.2303,77.6607],[-88.1804,77.6336],[-87.9856,77.6106],[-87.9459,77.5828],[-87.7991,77.5722],[-87.8513,77.5539],[-87.7611,77.5345],[-87.6828,77.5344],[-87.6863,77.5029],[-87.6451,77.4713],[-87.7512,77.4492],[-87.7779,77.4292],[-87.7286,77.3627],[-87.5042,77.3486],[-87.3482,77.333],[-87.2611,77.3563],[-87.1179,77.3714],[-86.9154,77.3711],[-86.7852,77.3618],[-86.917,77.3422],[-87.0815,77.3454],[-87.1484,77.3204],[-87.2373,77.3093],[-87.2393,77.2836],[-86.9676,77.2622],[-87.1355,77.2447],[-87.231,77.208],[-87.0036,77.2014],[-86.9072,77.1824],[-86.8884,77.1598],[-87.0346,77.1689],[-87.0414,77.1853],[-87.2163,77.1727],[-87.3616,77.1799],[-87.488,77.1066],[-87.619,77.1107],[-87.6975,77.142],[-87.7755,77.132],[-87.9295,77.1361],[-88.074,77.11],[-88.2635,77.1322],[-88.3883,77.122],[-88.3824,77.0957],[-88.4435,77.0637],[-88.5266,77.0735],[-88.7352,76.9993],[-88.9682,76.989],[-88.992,76.9492],[-89.1885,76.9248],[-89.2969,76.8968],[-89.4126,76.8814],[-89.5277,76.8488],[-89.4915,76.8159],[-89.4594,76.7158],[-89.4063,76.6748],[-89.6034,76.6138],[-89.666,76.5718],[-89.526,76.5421],[-89.4381,76.5548],[-89.3841,76.5289],[-89.4276,76.4967],[-89.266,76.468],[-89.2378,76.4383],[-89.1176,76.4212],[-89.0384,76.4518],[-89.0078,76.4092],[-88.8804,76.4213],[-88.7803,76.454],[-88.8276,76.5],[-88.792,76.5154],[-88.733,76.5937],[-88.6612,76.5983],[-88.6193,76.5567],[-88.6662,76.527],[-88.6396,76.5034],[-88.6874,76.4698],[-88.6748,76.4415],[-88.7131,76.412],[-88.5962,76.4002],[-88.6129,76.4525],[-88.5771,76.4858],[-88.4834,76.5053],[-88.5234,76.5289],[-88.4914,76.5598],[-88.5652,76.5956],[-88.6575,76.5977],[-88.5715,76.6342],[-88.7066,76.7123],[-88.6687,76.739],[-88.4881,76.8042],[-88.5215,76.7281],[-88.4587,76.6571],[-88.5019,76.647],[-88.5015,76.6086],[-88.4,76.572],[-88.4001,76.5381],[-88.3313,76.5132],[-88.3259,76.4903],[-88.4033,76.4636],[-88.3554,76.4349],[-88.4265,76.4024],[-88.332,76.3842],[-88.0476,76.3726],[-87.9639,76.36],[-87.8708,76.3667],[-87.8289,76.3968],[-87.7451,76.3512],[-87.6215,76.338],[-87.6064,76.3668],[-87.4994,76.3821],[-87.4206,76.4146],[-87.5456,76.4546],[-87.4905,76.4989],[-87.5651,76.5179],[-87.5759,76.6106],[-87.4516,76.5882],[-87.4943,76.5371],[-87.3921,76.5176],[-87.3763,76.4902],[-87.4388,76.457],[-87.2094,76.4468],[-87.1152,76.4129],[-87.1763,76.3977],[-87.1128,76.3799],[-86.9071,76.3712],[-86.7969,76.3516],[-86.7035,76.3622],[-86.6009,76.4467],[-86.6338,76.476],[-86.5532,76.4787],[-86.4219,76.5106],[-86.2908,76.5212],[-86.2998,76.541],[-86.4903,76.5768],[-86.4272,76.5843],[-86.2533,76.5483],[-86.2119,76.5189],[-86.2514,76.4995],[-86.4014,76.4703],[-86.4104,76.4072],[-86.3162,76.3763],[-86.0925,76.3616],[-86.0018,76.3654],[-85.8613,76.3445],[-85.7308,76.3512],[-85.6844,76.3358],[-85.5623,76.3237],[-85.4612,76.3027],[-85.2612,76.3054],[-85.2341,76.2786],[-84.9939,76.2881],[-84.9291,76.2822],[-84.6969,76.3031],[-84.4358,76.2999],[-84.4322,76.3338],[-84.6933,76.369],[-84.7213,76.3837],[-84.9757,76.4224],[-85.0629,76.5165],[-85.0552,76.5798],[-85.2087,76.6323],[-85.1423,76.6576],[-85.0148,76.6267],[-84.9243,76.5892],[-84.9509,76.562],[-84.8601,76.5461],[-84.7773,76.4862],[-84.7981,76.4703],[-84.6822,76.4534],[-84.6351,76.4342],[-84.4335,76.4314],[-84.3701,76.4479],[-84.2051,76.4512],[-84.1829,76.4893],[-84.2521,76.5252],[-84.2552,76.5478],[-84.1942,76.6158],[-84.2606,76.6246],[-84.2705,76.6529],[-84.0974,76.6293],[-84.0654,76.6141],[-84.0955,76.5658],[-83.934,76.4945],[-83.7967,76.472],[-83.7011,76.4238],[-83.5171,76.422],[-83.3022,76.4089],[-83.1807,76.4268],[-83.2616,76.4556],[-83.174,76.4924],[-83.237,76.5207],[-83.2427,76.5725],[-83.404,76.6289],[-83.4068,76.6647],[-83.5328,76.6774],[-83.5414,76.7127],[-83.4154,76.7346],[-83.4311,76.7006],[-83.4065,76.6691],[-83.3449,76.668],[-83.1869,76.618],[-83.1036,76.5578],[-83.0938,76.5199],[-83.0519,76.5015],[-83.1369,76.4681],[-82.9976,76.4269],[-82.9164,76.4235],[-82.7861,76.381],[-82.6039,76.4003],[-82.2707,76.3931],[-82.1817,76.4145],[-82.135,76.4424],[-82.1578,76.4688],[-82.2466,76.5066],[-82.2466,76.5272],[-82.1177,76.5643],[-82.1478,76.5871],[-82.45,76.6289],[-82.5661,76.6872],[-82.5781,76.7293],[-82.656,76.7495],[-82.6874,76.8017],[-82.5831,76.779],[-82.4894,76.7344],[-82.474,76.7],[-82.3649,76.6492],[-82.155,76.6221],[-81.9458,76.6537],[-81.9113,76.6395],[-82.1106,76.6103],[-81.9987,76.5833],[-82.101,76.5178],[-81.9047,76.4827],[-81.6427,76.4661],[-81.4545,76.4712],[-81.3096,76.5099],[-81.1268,76.5],[-80.9922,76.4832],[-80.9203,76.4505],[-80.7547,76.4192],[-80.7668,76.3831],[-80.8703,76.3506],[-80.967,76.2719],[-81.1013,76.2125],[-81,76.2079],[-80.9664,76.1871],[-81.0808,76.1451],[-80.9296,76.1452],[-80.8689,76.1713],[-80.799,76.1581],[-80.6335,76.1752],[-80.6108,76.1927],[-80.4446,76.193],[-80.3653,76.2208],[-80.2084,76.244],[-80.0821,76.2287],[-79.6515,76.2898],[-79.5417,76.3108],[-79.3833,76.3019],[-79.2962,76.3177],[-79.2936,76.3487],[-79.1744,76.4086],[-78.9974,76.4191],[-78.876,76.502],[-78.8696,76.5336],[-78.6957,76.5886],[-78.5814,76.5619],[-78.6234,76.5451],[-78.5867,76.4946],[-78.4839,76.4507],[-78.3805,76.4615],[-78.3552,76.5023],[-78.2261,76.5148],[-78.1785,76.5427],[-78.1929,76.575],[-78.1149,76.5903],[-78.0327,76.6395],[-77.8691,76.6315],[-77.8122,76.6425],[-77.793,76.6728],[-77.8456,76.6943],[-77.7735,76.7316],[-77.796,76.7977],[-77.7261,76.8211],[-77.8559,76.8457],[-77.9059,76.8649],[-77.8306,76.8957],[-77.9241,76.9157],[-77.9021,76.9341],[-78.0918,77.0208],[-78.3567,77.0076],[-78.415,76.9922],[-78.3913,76.9706],[-78.5011,76.9547],[-78.6018,76.9249],[-78.5769,76.862],[-78.6998,76.8487],[-78.7516,76.8224],[-78.9602,76.8423],[-78.9388,76.8867],[-78.8688,76.9351],[-79.0093,76.9497],[-79.3188,76.9109],[-79.4214,76.9225],[-79.4332,76.9383],[-79.3668,76.9742],[-79.2438,77.0038],[-79.2382,77.0211],[-79.1381,77.0457],[-79.1101,77.073],[-79.0355,77.0848],[-79.0097,77.1076],[-79.0973,77.1368],[-79.0482,77.149],[-79.1533,77.1995],[-79.2952,77.2223],[-79.5573,77.2331],[-79.7106,77.2447],[-79.9372,77.2116],[-80.0078,77.1805],[-80.1205,77.1513],[-80.1845,77.1096],[-80.3818,77.0733],[-80.3867,77.0914],[-80.2238,77.1588],[-80.0633,77.2017],[-80.2873,77.2115],[-80.41,77.2325],[-80.4958,77.2327],[-80.6785,77.2573],[-80.8439,77.262],[-80.8982,77.2772],[-81.021,77.2756],[-81.0955,77.2887],[-81.2148,77.2569],[-81.2993,77.2549],[-81.4245,77.2331],[-81.4848,77.2106],[-81.795,77.1559],[-81.9065,77.1937],[-81.8846,77.2398],[-82.1136,77.276],[-82.1751,77.2961],[-82.134,77.3166],[-81.9673,77.3059],[-81.8279,77.2851],[-81.7265,77.2993],[-81.5097,77.2972],[-81.1484,77.3294],[-81.2013,77.3652],[-81.4416,77.3708],[-81.557,77.3824],[-81.6177,77.411],[-81.7319,77.4203],[-81.799,77.4406],[-81.738,77.4605],[-81.6594,77.5375],[-81.8252,77.6054],[-81.9396,77.6181],[-81.9669,77.6554],[-81.8954,77.6746],[-81.8606,77.625],[-81.6625,77.6004],[-81.6671,77.5792],[-81.5646,77.5348],[-81.6004,77.521],[-81.4794,77.4888],[-81.3209,77.4651],[-81.305,77.4261],[-81.0364,77.4005],[-81.0561,77.3822],[-80.7448,77.3285],[-80.3885,77.2932],[-80.2763,77.3018],[-80.2156,77.2882],[-80,77.274],[-79.9317,77.2913],[-79.7656,77.3142],[-79.6682,77.3191],[-79.5513,77.3062],[-79.3896,77.3029],[-79.2988,77.2918],[-79.1524,77.2919],[-78.9505,77.3369],[-78.9175,77.3652],[-78.7847,77.3913],[-78.7036,77.389],[-78.8189,77.3069],[-78.5719,77.3391],[-78.4881,77.3671],[-78.3368,77.373],[-78.2549,77.3978],[-78.2527,77.4453],[-78.0392,77.4711],[-77.9895,77.4929],[-78.0292,77.5519],[-77.8901,77.5624],[-77.7431,77.6065],[-77.8741,77.6249],[-77.8506,77.6486],[-77.9462,77.6669],[-78.0278,77.6605],[-78.0901,77.6809],[-78.0364,77.7362],[-77.9647,77.756],[-77.9793,77.8025],[-78.1423,77.8275],[-78.2184,77.8526],[-78.3768,77.8687],[-78.4359,77.9211],[-78.5245,77.936],[-78.4809,77.9732],[-78.3244,77.9792],[-78.1925,77.9689],[-78.1048,77.9734],[-78.013,77.9549],[-77.612,77.9469],[-77.474,77.9389],[-77.1994,77.9421],[-76.91,77.9022],[-76.7807,77.9086],[-76.7492,77.9301],[-76.5655,77.9336],[-76.4909,77.9602],[-76.4816,77.989],[-76.2136,78.0145],[-76.1134,78.0119],[-76.0473,77.9829],[-75.8501,77.9749],[-75.763,78.008],[-75.6608,78.0305],[-75.6663,78.0708],[-75.5664,78.1063],[-75.5913,78.1306],[-75.8929,78.1318],[-76.0658,78.1431],[-76.165,78.1136],[-76.2216,78.1373],[-76.4926,78.1513],[-76.7534,78.171],[-76.9375,78.1956],[-76.9539,78.2153],[-76.7721,78.237],[-76.654,78.2341],[-76.5993,78.2487],[-76.42,78.2372],[-76.1826,78.242],[-75.8311,78.2259],[-75.6381,78.1986],[-75.484,78.212],[-75.3485,78.2987],[-75.0893,78.311],[-75.0488,78.3346],[-75.0852,78.3676],[-75.1672,78.3758],[-75.2963,78.4062],[-75.5587,78.4392],[-75.7982,78.4444],[-76.0482,78.4603],[-76.0744,78.487],[-76.1786,78.5083],[-76.328,78.5101],[-76.4617,78.5015],[-76.6221,78.5099],[-76.6216,78.5256],[-76.3924,78.5422],[-76.1043,78.5374],[-76.0381,78.5214],[-75.8055,78.5009],[-75.2984,78.5197],[-75.2171,78.5362],[-75.0086,78.5315],[-74.8301,78.5698],[-74.8095,78.5856],[-74.5934,78.6001],[-74.7072,78.63],[-74.8092,78.6389],[-74.8252,78.6998],[-74.6802,78.703],[-74.7548,78.737],[-74.6882,78.7696],[-74.7065,78.8169],[-74.8903,78.8532],[-74.9713,78.8513],[-75.0645,78.8713],[-75.2578,78.8892],[-75.3997,78.8923],[-75.5394,78.8838],[-75.7057,78.8865],[-75.8678,78.8786],[-76.1079,78.8781],[-76.193,78.8871],[-76.3368,78.8624],[-76.3939,78.876],[-76.2702,78.9012],[-75.7421,78.9399],[-75.6992,78.9685],[-75.9141,78.9777],[-75.997,78.9997],[-76.2196,79.0028],[-76.3064,79.0125],[-76.6946,79.025],[-76.8815,79.0158],[-77.2145,78.989],[-77.6367,78.9756],[-77.7224,78.9598],[-77.9502,78.8951],[-78.0284,78.841],[-78.1366,78.8105],[-78.1659,78.7639],[-78.2641,78.7749],[-78.2264,78.8246],[-78.0231,78.9106],[-77.9056,78.9414],[-77.8933,78.9633],[-77.6744,79.0039],[-77.8125,79.0537],[-78.0098,79.049],[-78.0417,79.0657],[-77.8589,79.0727],[-77.7016,79.0561],[-77.6798,79.0372],[-77.4444,79.0195],[-77.383,79.0404],[-77.2211,79.0613],[-76.8866,79.0808],[-76.4952,79.0893],[-76.1898,79.0739],[-76.109,79.0771],[-76.0711,79.1037],[-76.1857,79.1256],[-76.5425,79.1459],[-76.791,79.155],[-76.9337,79.1475],[-77.3036,79.1709],[-77.9773,79.177],[-77.8524,79.2081],[-77.5737,79.1984],[-77.2276,79.1991],[-76.9871,79.1808],[-76.7179,79.1959],[-76.254,79.1929],[-76.1554,79.2],[-75.9647,79.1849],[-75.8283,79.1412],[-75.8372,79.1147],[-75.6603,79.0737],[-75.1062,79.0305],[-74.6531,79.0134],[-74.414,79.0363],[-74.3867,79.0512],[-74.4648,79.0752],[-74.5858,79.1464],[-74.7963,79.1632],[-74.7865,79.1851],[-74.525,79.1995],[-74.4376,79.2182],[-74.5509,79.2344],[-75.4283,79.2422],[-75.6363,79.241],[-75.7724,79.2235],[-75.9589,79.2305],[-76.1256,79.2716],[-76.2284,79.2659],[-76.5452,79.2699],[-76.7328,79.2815],[-77.3169,79.2617],[-77.4513,79.2956],[-77.6045,79.314],[-77.8415,79.3186],[-78.0503,79.3502],[-77.8531,79.3593],[-77.7276,79.3431],[-77.4098,79.341],[-77.2355,79.322],[-77.1429,79.3341],[-77.2474,79.3733],[-77.2926,79.4224],[-77.1179,79.4355],[-76.9381,79.358],[-76.8491,79.3472],[-76.6731,79.3522],[-76.0829,79.3343],[-75.9709,79.3644],[-76.1411,79.3946],[-76.2369,79.4307],[-76.2221,79.4591],[-76.3228,79.467],[-76.6149,79.4698],[-76.7351,79.489],[-76.899,79.4791],[-77.1514,79.4958],[-77.2021,79.5261],[-76.8583,79.5078],[-76.6715,79.5169],[-76.2117,79.4969],[-76.0788,79.4733],[-76.0128,79.4276],[-75.8039,79.4167],[-75.6913,79.4022],[-75.5749,79.4055],[-75.4494,79.386],[-75.1402,79.3705],[-74.8889,79.3777],[-74.8558,79.411],[-75.0221,79.4763],[-74.9931,79.5028],[-74.8411,79.4832],[-74.6067,79.433],[-74.3707,79.4391],[-74.1784,79.4312],[-74.0141,79.4386],[-73.8996,79.4676],[-73.9874,79.5473],[-73.8329,79.5339],[-73.7429,79.4984],[-73.6337,79.4896],[-73.3677,79.5008],[-73.1158,79.5356],[-73.1097,79.5728],[-73.1756,79.5959],[-73.1202,79.6282],[-73.2462,79.694],[-73.4026,79.759],[-73.5673,79.7527],[-74.0501,79.7937],[-74.3406,79.7948],[-74.7106,79.7892],[-74.8061,79.8329],[-74.3396,79.873],[-74.2357,79.8876],[-73.8992,79.8744],[-73.7814,79.8582],[-73.8324,79.8313],[-73.4654,79.8267],[-73.0597,79.8038],[-72.9435,79.7466],[-72.9405,79.7088],[-72.6575,79.6704],[-72.4802,79.6855],[-72.356,79.6858],[-72.2645,79.65],[-71.9169,79.6975],[-71.4648,79.7228],[-71.3221,79.7539],[-71.1431,79.7756],[-71.0072,79.8142],[-70.9948,79.843],[-70.8541,79.886],[-70.9924,79.9071],[-71.1343,79.914],[-71.3053,79.8877],[-71.4477,79.8964],[-71.4013,79.928],[-70.9077,79.9774],[-70.7993,79.9779],[-70.6409,79.9944],[-70.6772,80.018],[-70.4813,80.0469],[-70.4544,80.0858],[-70.6002,80.1293],[-70.7509,80.13],[-71.0517,80.0988],[-71.403,80.0688],[-71.6761,80.0601],[-71.8848,80.0658],[-72.0394,80.0561],[-72.32,80.0636],[-72.2168,80.0843],[-72.08,80.0844],[-71.8364,80.1091],[-71.955,80.1412],[-72.1932,80.1736],[-72.4026,80.2117],[-72.2271,80.2178],[-72.1355,80.1909],[-72.0445,80.191],[-71.858,80.154],[-71.7911,80.1244],[-71.6074,80.104],[-71.468,80.1105],[-71.4058,80.1333],[-71.1372,80.1635],[-70.7877,80.1854],[-70.6557,80.2005],[-70.365,80.1843],[-70.111,80.1884],[-70.0552,80.2285],[-69.9097,80.2509],[-70.0311,80.2866],[-70.3718,80.324],[-70.4559,80.3523],[-70.3483,80.4098],[-70.4703,80.4689],[-70.7746,80.5396],[-70.7136,80.5556],[-70.3282,80.4788],[-70.1749,80.4235],[-70.1731,80.4],[-70.2549,80.3469],[-70.0575,80.3383],[-69.7738,80.3468],[-69.5392,80.3647],[-69.3553,80.3956],[-69.0625,80.5508],[-68.8689,80.595],[-68.8092,80.622],[-68.416,80.7101],[-68.2855,80.7526],[-68.1416,80.7764],[-67.9593,80.7887],[-67.8249,80.8181],[-67.8444,80.8456],[-67.7053,80.854],[-67.5022,80.8942],[-67.6159,80.9124],[-67.5777,80.9294],[-67.2528,80.9336],[-66.9834,80.9737],[-66.5608,81.0535],[-66.4803,81.1074],[-66.4049,81.1293],[-66.2594,81.1444],[-66.1018,81.2104],[-65.9583,81.23],[-65.8145,81.2198],[-65.6023,81.2372],[-65.3436,81.2722],[-64.6682,81.3851],[-64.4975,81.4393],[-64.4242,81.4938],[-64.4996,81.5463],[-64.7623,81.5337],[-65.0087,81.5318],[-65.5176,81.4991],[-66.4155,81.4262],[-66.8238,81.3868],[-67.3401,81.3593],[-67.833,81.3136],[-67.9855,81.2918],[-68.4111,81.2601],[-68.6377,81.248],[-68.9437,81.2183],[-69.2777,81.2033],[-69.5644,81.1553],[-69.5687,81.147],[-69.9347,81.0923],[-70.0273,81.0967],[-69.7176,81.1493],[-69.9006,81.1566],[-69.9626,81.1723],[-69.4939,81.2121],[-69.3365,81.2352],[-69.426,81.2627],[-69.1471,81.2518],[-68.962,81.2604],[-68.3409,81.3205],[-67.981,81.3654],[-67.1345,81.4497],[-66.7571,81.4923],[-66.6768,81.5212],[-66.7906,81.5437],[-67.058,81.5626],[-67.5558,81.5504],[-67.7262,81.5531],[-68,81.532],[-68.3597,81.54],[-68.4611,81.5739],[-68.8716,81.6462],[-68.994,81.6573],[-69.0745,81.6958],[-68.6003,81.6237],[-68.2783,81.5597],[-68.1618,81.5604],[-67.7859,81.5842],[-67.7665,81.5921],[-67.2505,81.6002],[-66.5086,81.6268],[-66.3814,81.617],[-66.0869,81.6204],[-66.0832,81.6483],[-65.9439,81.6489],[-65.8272,81.6273],[-65.3951,81.6689],[-65.3462,81.6939],[-65.6658,81.6718],[-65.6605,81.6989],[-65.293,81.7343],[-64.9386,81.7483],[-64.7839,81.7465],[-64.7274,81.7229],[-64.3559,81.7164],[-64.3486,81.73],[-64.1503,81.7428],[-64.1118,81.7898],[-63.8734,81.7895],[-63.6313,81.8228],[-63.6145,81.8513],[-63.3858,81.8621],[-63.2392,81.8847],[-63.0765,81.8946],[-62.804,81.9302],[-62.4773,81.9825],[-62.5267,82.0061],[-62.3208,82.0062],[-62.1847,82.0287],[-61.8627,82.1018],[-62.0609,82.1266],[-61.6409,82.154],[-61.4276,82.1785],[-61.1913,82.2209],[-61.1329,82.2451],[-61.0913,82.3179],[-61.1158,82.3679],[-61.2792,82.4253],[-61.5284,82.4745],[-61.6734,82.4879],[-62.1277,82.4926],[-62.2677,82.5295],[-62.615,82.5127],[-62.8983,82.5143],[-63.0238,82.4586],[-63.1385,82.4941],[-63.0793,82.5024],[-63.0842,82.5461],[-62.9412,82.5744],[-63.0764,82.5905],[-63.3828,82.6028],[-63.2312,82.6418],[-63.6364,82.6739],[-63.6203,82.6944],[-63.8792,82.7194],[-63.5789,82.7253],[-63.4422,82.7598],[-63.4411,82.7992],[-63.5738,82.8339],[-63.9469,82.8366],[-64.1093,82.8255],[-64.408,82.7645],[-64.7095,82.8173],[-64.7785,82.8596],[-64.6579,82.8739],[-64.6562,82.8965],[-64.8257,82.9074]]],[[[-67.604,70.1814],[-67.7591,70.2281],[-67.7925,70.2575],[-68.0453,70.3079],[-68.0623,70.33],[-68.1705,70.3111],[-68.1637,70.2876],[-68.2722,70.2571],[-68.3281,70.2312],[-68.3248,70.1879],[-68.3601,70.1654],[-68.3214,70.1411],[-68.2346,70.1441],[-68.194,70.1314],[-68.2211,70.1112],[-68.3419,70.0695],[-68.4476,70.0716],[-68.464,70.0547],[-68.5847,70.0508],[-68.5441,70.0324],[-68.6071,69.9955],[-68.6775,69.9827],[-68.6673,69.9575],[-68.7113,69.9377],[-68.7567,69.9508],[-68.8988,69.9568],[-68.9891,69.939],[-69.0898,69.9323],[-69.2248,69.877],[-69.3205,69.8155],[-69.4048,69.7827],[-69.479,69.7806],[-69.5853,69.8095],[-69.7311,69.8114],[-69.8212,69.7652],[-69.8256,69.7277],[-69.9398,69.6726],[-69.9556,69.7022],[-69.8845,69.7491],[-69.8829,69.7852],[-69.8418,69.811],[-69.7559,69.8417],[-69.5737,69.8393],[-69.4555,69.8184],[-69.3936,69.8375],[-69.2599,69.9298],[-69.1232,69.9819],[-68.8802,70.0196],[-68.7615,70.0717],[-68.7772,70.1037],[-68.6427,70.158],[-68.6812,70.2091],[-68.8307,70.2138],[-69.1039,70.1742],[-69.1878,70.1963],[-69.455,70.1738],[-69.561,70.1528],[-69.6534,70.1444],[-69.78,70.0886],[-69.802,70.0516],[-69.7255,69.9963],[-69.7854,69.9618],[-69.8549,69.9553],[-69.9382,69.9697],[-70.0591,69.9619],[-70.1012,69.9519],[-70.2779,69.8653],[-70.3707,69.8622],[-70.3401,69.8872],[-70.2822,69.8916],[-70.2113,69.9237],[-70.2277,69.9383],[-70.1423,69.9734],[-69.9778,69.9955],[-69.8464,69.982],[-69.8134,69.9952],[-69.9042,70.0501],[-70.0255,70.0618],[-70.0671,70.054],[-70.104,70.0223],[-70.1798,70.0208],[-70.0943,70.0715],[-69.9214,70.0834],[-69.8287,70.1304],[-69.843,70.1483],[-69.6442,70.2059],[-69.4773,70.2345],[-69.3969,70.2598],[-69.1263,70.2837],[-69.0397,70.2988],[-68.9173,70.2981],[-68.7119,70.3271],[-68.6539,70.3491],[-68.6545,70.3838],[-68.6829,70.4231],[-68.6605,70.4497],[-68.5545,70.4649],[-68.5866,70.4172],[-68.515,70.3806],[-68.4543,70.3848],[-68.4586,70.4154],[-68.4209,70.427],[-68.3394,70.489],[-68.2945,70.5107],[-68.2977,70.5489],[-68.3522,70.5784],[-68.4813,70.6092],[-68.6117,70.6259],[-69.0029,70.7008],[-69.0829,70.668],[-69.1211,70.6308],[-69.2039,70.5892],[-69.2522,70.5752],[-69.3165,70.5678],[-69.4314,70.5378],[-69.472,70.5151],[-69.5416,70.5192],[-69.5931,70.5007],[-69.6729,70.4936],[-69.7467,70.4488],[-69.8599,70.4393],[-70.0471,70.4548],[-70.1191,70.4458],[-70.3194,70.4071],[-70.3718,70.3774],[-70.4647,70.3411],[-70.5658,70.339],[-70.4377,70.3759],[-70.3616,70.4195],[-70.2552,70.4405],[-70.1763,70.4667],[-69.9805,70.4825],[-69.8532,70.4672],[-69.774,70.4752],[-69.7222,70.5146],[-69.5614,70.5231],[-69.4982,70.5176],[-69.3861,70.5548],[-69.301,70.5727],[-69.2493,70.5782],[-69.1916,70.596],[-69.1246,70.6312],[-69.0966,70.6668],[-69.0093,70.706],[-69.1243,70.723],[-69.2022,70.7596],[-69.2112,70.7815],[-69.2895,70.7827],[-69.4077,70.7705],[-69.4219,70.7887],[-69.4982,70.7811],[-69.6443,70.7492],[-69.6828,70.6863],[-69.7797,70.7182],[-69.9434,70.6608],[-70.1061,70.6219],[-70.1893,70.6148],[-70.393,70.6163],[-70.4172,70.6071],[-70.3386,70.5436],[-70.3353,70.5134],[-70.4028,70.5157],[-70.4017,70.5374],[-70.4616,70.5721],[-70.487,70.605],[-70.4234,70.6423],[-70.2926,70.6403],[-70.1854,70.6579],[-69.9932,70.7229],[-69.7902,70.8315],[-69.7686,70.8623],[-69.8901,70.8814],[-69.9395,70.8641],[-70.0385,70.8503],[-70.0932,70.8261],[-70.2338,70.7952],[-70.3521,70.7875],[-70.4841,70.748],[-70.5967,70.7292],[-70.6643,70.7013],[-70.842,70.6447],[-71.009,70.6303],[-71.0118,70.5969],[-71.0627,70.5549],[-71.1004,70.4657],[-71.1365,70.4132],[-71.1942,70.3586],[-71.1951,70.3224],[-71.2554,70.2299],[-71.2966,70.2138],[-71.3404,70.1336],[-71.4539,70.0875],[-71.4862,70.0963],[-71.3913,70.1322],[-71.4521,70.1346],[-71.3751,70.1821],[-71.3743,70.2127],[-71.3045,70.2398],[-71.269,70.2876],[-71.3221,70.3041],[-71.2634,70.3924],[-71.2354,70.4192],[-71.2332,70.4543],[-71.1736,70.5447],[-71.3765,70.5704],[-71.464,70.5875],[-71.5202,70.5297],[-71.5948,70.4946],[-71.6547,70.4795],[-71.6459,70.4484],[-71.7005,70.3512],[-71.7354,70.3136],[-71.8139,70.3105],[-71.7714,70.3453],[-71.7359,70.4176],[-71.7555,70.4534],[-71.7362,70.498],[-71.5976,70.5463],[-71.5834,70.5588],[-71.6097,70.6152],[-71.4613,70.6194],[-71.1984,70.59],[-71.1392,70.6141],[-71.1193,70.6627],[-70.8912,70.7134],[-70.7537,70.7667],[-70.7514,70.8036],[-70.7118,70.8433],[-70.6552,70.8539],[-70.5462,70.9079],[-70.5179,70.9335],[-70.5639,70.968],[-70.605,71.0556],[-70.6934,71.0952],[-70.7807,71.1208],[-70.8914,71.0955],[-70.9975,71.0531],[-71.1307,71.0335],[-71.2132,71.0085],[-71.2357,70.954],[-71.2864,70.9058],[-71.1895,70.8751],[-71.205,70.8587],[-71.3303,70.8905],[-71.3909,70.8785],[-71.5645,70.8745],[-71.678,70.8559],[-71.7635,70.8327],[-71.8441,70.8243],[-71.9443,70.7921],[-72.0844,70.7879],[-72.2109,70.7685],[-72.3181,70.6767],[-72.353,70.6624],[-72.5195,70.6308],[-72.5394,70.6136],[-72.6315,70.6396],[-72.5006,70.6573],[-72.3865,70.686],[-72.3344,70.7263],[-72.3398,70.7453],[-72.1845,70.8336],[-72.2784,70.8694],[-72.3369,70.865],[-72.4869,70.8341],[-72.6566,70.8255],[-72.3483,70.8831],[-72.3346,70.9233],[-72.2704,70.9657],[-72.171,70.9694],[-72.1161,71.0213],[-72.1345,71.0467],[-72.0846,71.0846],[-71.8795,71.1148],[-71.5225,71.0632],[-71.4897,71.0645],[-71.4285,71.1213],[-71.3274,71.1845],[-71.3009,71.1876],[-71.1455,71.2505],[-71.1629,71.279],[-71.3011,71.3788],[-71.4343,71.4198],[-71.4433,71.4447],[-71.5308,71.4764],[-71.5477,71.4932],[-71.824,71.5405],[-71.9281,71.5699],[-72.148,71.5855],[-72.3116,71.6109],[-72.3475,71.6252],[-72.4396,71.6304],[-72.5574,71.6601],[-72.6089,71.6224],[-72.604,71.5867],[-72.6699,71.5325],[-72.7527,71.5126],[-72.8511,71.5069],[-72.7945,71.4785],[-72.7541,71.4383],[-72.8064,71.4167],[-72.9782,71.412],[-72.9876,71.4022],[-72.9361,71.3314],[-72.98,71.286],[-72.9939,71.2387],[-73.1367,71.2286],[-73.1934,71.216],[-73.167,71.1699],[-73.1857,71.1387],[-73.2686,71.0706],[-73.3095,71.0735],[-73.2636,71.1235],[-73.2236,71.1481],[-73.2312,71.1907],[-73.2589,71.2239],[-73.2352,71.2385],[-73.0433,71.2626],[-73.0466,71.2886],[-73.251,71.3217],[-73.3209,71.3485],[-73.419,71.3395],[-73.4268,71.3185],[-73.5164,71.2949],[-73.5649,71.2451],[-73.6043,71.2308],[-73.6036,71.2019],[-73.6494,71.1663],[-73.6399,71.1216],[-73.6752,71.0852],[-73.7463,71.0878],[-73.6986,71.1244],[-73.7052,71.1781],[-73.6762,71.2058],[-73.6735,71.2548],[-73.6257,71.2674],[-73.609,71.2987],[-73.4954,71.3406],[-73.5042,71.3714],[-73.3855,71.3859],[-73.4216,71.4397],[-73.5159,71.4265],[-73.5,71.3853],[-73.5693,71.3881],[-73.6482,71.4465],[-73.6159,71.4686],[-73.6083,71.52],[-73.5616,71.5446],[-73.587,71.5742],[-73.6638,71.5953],[-73.7464,71.5915],[-73.8008,71.5495],[-73.8503,71.5375],[-73.9063,71.4798],[-73.8791,71.4507],[-73.9629,71.4176],[-73.9743,71.3242],[-74.0186,71.2864],[-74.1323,71.2478],[-74.0888,71.3107],[-74.0454,71.3323],[-74.0617,71.3847],[-74.0382,71.4437],[-74.2012,71.4384],[-74.1269,71.4635],[-73.9718,71.4624],[-74.0013,71.482],[-73.9355,71.5562],[-73.8867,71.5897],[-73.8777,71.6192],[-73.789,71.6348],[-73.8007,71.6601],[-73.7254,71.6912],[-73.6114,71.7223],[-73.5923,71.7506],[-73.635,71.7713],[-73.7414,71.7765],[-73.9532,71.764],[-74.0411,71.7168],[-74.0652,71.675],[-74.1028,71.6485],[-74.1506,71.6503],[-74.093,71.7352],[-74.1398,71.7433],[-74.2956,71.725],[-74.3303,71.6846],[-74.5327,71.6488],[-74.5217,71.6221],[-74.5446,71.5939],[-74.6054,71.5668],[-74.6899,71.553],[-74.7397,71.5307],[-74.7098,71.503],[-74.7236,71.4636],[-74.6181,71.4256],[-74.6142,71.3767],[-74.7126,71.3436],[-74.8045,71.2921],[-74.8174,71.2701],[-74.9116,71.2389],[-74.9682,71.2056],[-75.0088,71.2198],[-74.9582,71.2593],[-74.8839,71.2763],[-74.8611,71.3111],[-74.7809,71.3535],[-74.7003,71.3731],[-74.7024,71.4222],[-74.8335,71.4513],[-74.8467,71.4686],[-74.7976,71.4988],[-74.8294,71.5221],[-74.9895,71.5231],[-74.9759,71.5431],[-74.8603,71.5438],[-74.7078,71.5865],[-74.6141,71.6587],[-74.6656,71.6936],[-74.7863,71.679],[-74.865,71.6268],[-74.9903,71.6085],[-75.1235,71.5808],[-75.1297,71.5648],[-75.2342,71.547],[-75.3639,71.5134],[-75.3983,71.5205],[-75.2896,71.5563],[-75.1941,71.5722],[-75.1882,71.5941],[-75.0939,71.6193],[-74.9466,71.6483],[-74.9156,71.6719],[-75.0031,71.6984],[-75.0723,71.7024],[-75.1682,71.6869],[-75.3209,71.683],[-75.3193,71.7],[-75.2277,71.6995],[-75.0903,71.7228],[-74.8919,71.7026],[-74.8123,71.7374],[-74.7133,71.735],[-74.6546,71.7715],[-74.55,71.7914],[-74.5608,71.8171],[-74.4412,71.7979],[-74.3273,71.8103],[-74.2278,71.8296],[-74.1678,71.8716],[-74.202,71.9189],[-74.1175,71.9631],[-74.1252,71.9788],[-74.2471,72.0775],[-74.6158,72.0922],[-74.8805,72.1127],[-75.0026,72.127],[-75.0824,72.1127],[-75.1394,72.0498],[-75.2054,72.0174],[-75.317,72.0013],[-75.5012,71.9941],[-75.5561,71.9628],[-75.5448,71.9187],[-75.625,71.8747],[-75.62,71.8326],[-75.7292,71.7782],[-75.7734,71.7326],[-75.8778,71.703],[-75.9111,71.7154],[-75.809,71.7401],[-75.7563,71.7974],[-75.6674,71.8423],[-75.6915,71.8712],[-75.6062,71.9134],[-75.6162,71.9699],[-75.5814,71.9947],[-75.5054,72.0196],[-75.29,72.0374],[-75.2114,72.0753],[-75.4879,72.1261],[-75.6192,72.124],[-75.7552,72.1099],[-75.8949,72.0834],[-76.0179,72.0494],[-76.0375,72.01],[-76.0976,71.9706],[-76.1984,71.9446],[-76.2918,71.8997],[-76.3101,71.9252],[-76.2304,71.9592],[-76.1395,71.9855],[-76.0561,72.0699],[-75.9128,72.1054],[-75.6869,72.1418],[-75.4833,72.1496],[-75.2711,72.1164],[-75.2171,72.119],[-75.1789,72.1449],[-75.0318,72.1873],[-74.9745,72.2308],[-74.9257,72.2445],[-74.9476,72.2686],[-75.0469,72.3255],[-75.0996,72.371],[-75.1853,72.4676],[-75.1857,72.5004],[-75.4034,72.5274],[-75.5377,72.5483],[-75.5445,72.5575],[-75.8001,72.5899],[-75.9712,72.5864],[-76.0636,72.5477],[-76.0724,72.5298],[-76.0324,72.4938],[-76.0628,72.4712],[-76.1409,72.5328],[-76.1261,72.5928],[-76.2742,72.6127],[-76.3757,72.6151],[-76.5599,72.6363],[-76.6508,72.6415],[-76.6364,72.6794],[-76.756,72.7283],[-76.9632,72.7513],[-77.3202,72.7562],[-77.4616,72.7527],[-77.558,72.7632],[-77.7142,72.731],[-77.7891,72.7076],[-77.9596,72.7028],[-78.0337,72.6755],[-78.1768,72.6553],[-78.3677,72.5928],[-78.4123,72.5906],[-78.4994,72.526],[-78.5455,72.5106],[-78.5507,72.4378],[-78.4172,72.3869],[-78.1748,72.3347],[-78.0324,72.3113],[-77.933,72.304],[-77.7923,72.2735],[-77.609,72.2271],[-77.5323,72.1993],[-77.2796,72.2027],[-77.0106,72.1489],[-77.0421,72.1424],[-77.2966,72.1886],[-77.4321,72.1806],[-77.5841,72.1854],[-77.7391,72.2229],[-77.7951,72.2464],[-78.0229,72.2838],[-78.1543,72.2908],[-78.2771,72.3169],[-78.4194,72.3346],[-78.4533,72.3213],[-78.4541,72.244],[-78.5258,72.2344],[-78.5258,72.3526],[-78.5987,72.3658],[-78.7287,72.3363],[-78.7896,72.3443],[-78.8213,72.3205],[-78.7468,72.2821],[-78.8774,72.2369],[-78.8393,72.2073],[-78.6884,72.1686],[-78.5771,72.1461],[-78.4681,72.1335],[-78.395,72.1067],[-78.3133,72.0015],[-78.2612,71.9803],[-78.1579,71.988],[-78.0825,71.9829],[-78.0828,71.9597],[-77.9791,71.9172],[-77.8445,71.8416],[-77.7452,71.8242],[-77.7158,71.8018],[-77.7199,71.753],[-77.7663,71.7566],[-77.7915,71.8023],[-77.9576,71.8482],[-77.9489,71.8663],[-78.0142,71.9091],[-78.1267,71.9465],[-78.1326,71.977],[-78.2962,71.9543],[-78.3008,71.9383],[-78.2159,71.8994],[-78.124,71.839],[-77.8998,71.7839],[-78.0271,71.7953],[-78.1926,71.8321],[-78.216,71.8534],[-78.3798,71.9372],[-78.3738,71.9682],[-78.4689,72.0916],[-78.5209,72.1137],[-78.754,72.1549],[-78.8591,72.1826],[-78.883,72.1451],[-78.86,72.1308],[-78.864,72.0833],[-78.9288,72.0226],[-78.8424,71.9826],[-78.5938,71.9361],[-78.5847,71.9043],[-78.5138,71.8796],[-78.5539,71.8625],[-78.6834,71.9191],[-78.759,71.9274],[-78.9336,71.9592],[-79.0674,71.9744],[-79.1585,71.9549],[-79.2033,71.982],[-79.1281,72.005],[-79.0963,72.0408],[-79.0074,72.091],[-78.9981,72.1533],[-78.9472,72.1987],[-78.9839,72.2518],[-78.9346,72.2777],[-79.0202,72.2907],[-79.0847,72.3352],[-79.16,72.3534],[-79.2927,72.4017],[-79.3428,72.4092],[-79.3631,72.3597],[-79.478,72.3317],[-79.4718,72.3112],[-79.5339,72.2854],[-79.5856,72.2818],[-79.7005,72.2481],[-79.7105,72.2733],[-79.6484,72.2897],[-79.6342,72.3144],[-79.5769,72.346],[-79.6512,72.3814],[-79.7043,72.3899],[-79.7555,72.4196],[-79.6818,72.4688],[-79.7906,72.5059],[-79.8646,72.4823],[-79.8405,72.4518],[-79.8733,72.4207],[-80.0612,72.3849],[-80.0858,72.3609],[-80.1669,72.3293],[-80.0599,72.2901],[-80.0188,72.2526],[-79.9091,72.191],[-79.753,72.1544],[-79.8322,72.148],[-80.0247,72.1952],[-80.1185,72.2697],[-80.2127,72.3064],[-80.2844,72.2688],[-80.2439,72.2195],[-80.2936,72.182],[-80.3774,72.1754],[-80.4271,72.1913],[-80.4861,72.1825],[-80.4176,72.1349],[-80.347,72.1075],[-80.3203,72.0808],[-80.3879,72.0408],[-80.5072,72.0264],[-80.5439,72.0027],[-80.6407,72.0025],[-80.7547,71.9829],[-80.7333,71.9526],[-80.7612,71.9272],[-80.8459,71.9272],[-80.8037,71.9595],[-80.8224,71.9806],[-80.7789,72.0195],[-80.8177,72.0462],[-80.8996,72.0398],[-81.074,72.0453],[-80.96,72.0916],[-80.7982,72.0976],[-80.7477,72.1066],[-80.6092,72.0669],[-80.5327,72.0705],[-80.5533,72.0974],[-80.6861,72.1331],[-80.7969,72.154],[-80.8606,72.177],[-80.8502,72.2295],[-80.8036,72.2716],[-80.6685,72.3447],[-80.5741,72.3738],[-80.5019,72.3809],[-80.5166,72.4133],[-80.4665,72.4581],[-80.4943,72.5102],[-80.5564,72.517],[-80.6762,72.4831],[-80.7454,72.451],[-80.8736,72.4482],[-80.8917,72.411],[-80.9976,72.3624],[-81.0686,72.3467],[-81.1325,72.2967],[-81.2511,72.246],[-81.303,72.2664],[-81.2099,72.2945],[-81.1786,72.3369],[-81.098,72.3565],[-80.9744,72.4403],[-80.8316,72.4853],[-80.7262,72.5341],[-80.5665,72.5745],[-80.5033,72.5764],[-80.5373,72.6322],[-80.3558,72.7034],[-80.2241,72.7316],[-80.2499,72.7839],[-80.3062,72.8053],[-80.4972,72.8317],[-80.5387,72.858],[-80.5379,72.8924],[-80.637,72.9291],[-80.644,73],[-80.5825,73.0329],[-80.5446,73.0748],[-80.5078,73.0887],[-80.6028,73.162],[-80.8641,73.206],[-80.976,73.2186],[-81.1799,73.2584],[-81.204,73.2834],[-81.1457,73.3872],[-81.1555,73.4193],[-81.1953,73.4454],[-81.1835,73.4857],[-81.2016,73.5228],[-81.2815,73.5921],[-81.4215,73.6395],[-81.4473,73.6872],[-81.5996,73.7308],[-81.7141,73.7242],[-81.9949,73.7351],[-82.3092,73.722],[-82.7122,73.7262],[-82.847,73.7362],[-82.8798,73.7079],[-83.0578,73.6539],[-83.1882,73.6653],[-83.2646,73.6423],[-83.4903,73.6076],[-83.6424,73.5928],[-83.6985,73.572],[-84.0078,73.5108],[-83.8254,73.4763],[-83.7298,73.4667],[-83.6363,73.4343],[-83.6143,73.4081],[-83.6487,73.3822],[-83.6037,73.3181],[-83.6941,73.3413],[-83.7366,73.3881],[-83.7118,73.4044],[-83.751,73.429],[-84.1612,73.4816],[-84.293,73.4568],[-84.624,73.4073],[-84.5733,73.3279],[-84.4951,73.3126],[-84.3685,73.2627],[-84.3978,73.2321],[-84.5237,73.2835],[-84.6758,73.3161],[-84.7073,73.3625],[-84.7714,73.39],[-84.9845,73.3523],[-85.1303,73.3097],[-85.1558,73.289],[-85.1728,73.2259],[-84.9316,73.1879],[-84.7111,73.1331],[-84.4582,73.1169],[-84.2067,73.0724],[-84.042,73.0592],[-83.9139,73.0607],[-83.9307,73.044],[-84.1421,73.0338],[-84.2385,73.0522],[-84.5326,73.0656],[-84.826,73.089],[-84.9684,73.1157],[-85.0431,73.1409],[-85.164,73.1485],[-85.2151,73.1224],[-85.1682,73.0978],[-85.1339,73.0487],[-85.2364,73.0634],[-85.3321,73.1018],[-85.3741,73.1418],[-85.4258,73.1359],[-85.4818,73.1001],[-85.5266,73.0258],[-85.3824,73.0271],[-85.1482,73.0122],[-85.083,73.0307],[-85.0538,72.9919],[-84.9258,72.9785],[-84.8116,72.9327],[-84.5698,72.9012],[-84.4955,72.8729],[-84.3879,72.8607],[-84.3272,72.8321],[-84.5479,72.8593],[-84.623,72.8749],[-84.7044,72.8767],[-84.9299,72.8976],[-85.1034,72.9457],[-85.3586,72.979],[-85.5632,72.9722],[-85.6069,72.9372],[-85.6999,72.9039],[-85.6429,72.8832],[-85.6772,72.8211],[-85.6681,72.7692],[-85.6873,72.7303],[-85.6858,72.6389],[-85.651,72.6046],[-85.51,72.5864],[-85.4801,72.569],[-85.6054,72.5571],[-85.5145,72.4604],[-85.4396,72.4491],[-85.3145,72.4059],[-85.2329,72.3928],[-85.1746,72.4006],[-85.0819,72.3772],[-85.0343,72.3993],[-84.8396,72.4504],[-84.7558,72.4474],[-84.8567,72.4106],[-84.874,72.3724],[-84.7858,72.3604],[-84.9412,72.2867],[-84.7776,72.257],[-84.6574,72.1826],[-84.6044,72.1649],[-84.5166,72.159],[-84.3998,72.1227],[-84.3431,72.0752],[-84.2184,72.0479],[-84.154,71.9988],[-84.2315,71.9548],[-84.2437,72.0194],[-84.363,72.0561],[-84.5126,72.1184],[-84.5947,72.1399],[-84.65,72.1392],[-84.8409,72.1945],[-84.8288,72.2058],[-84.9614,72.2493],[-85.1909,72.2632],[-85.3113,72.2659],[-85.3242,72.2495],[-85.4661,72.2659],[-85.4979,72.249],[-85.3814,72.2263],[-85.4717,72.2068],[-85.4621,72.1723],[-85.3854,72.1542],[-85.4749,72.1149],[-85.4781,72.0899],[-85.5534,72.0646],[-85.7564,72.0494],[-85.7821,72.0131],[-85.9051,72.0295],[-85.9434,72.025],[-85.9766,71.9863],[-85.944,71.976],[-85.8114,71.9643],[-85.661,71.9215],[-85.5544,71.9025],[-85.5372,71.874],[-85.4291,71.8101],[-85.4734,71.7918],[-85.5562,71.7999],[-85.3631,71.7166],[-85.3076,71.6832],[-85.2367,71.6708],[-84.9768,71.655],[-84.8662,71.6356],[-84.8275,71.6447],[-84.8221,71.6832],[-84.6797,71.6841],[-84.6244,71.676],[-84.5535,71.6316],[-84.632,71.6236],[-84.632,71.5857],[-84.5387,71.5483],[-84.5141,71.4947],[-84.5191,71.4644],[-84.5649,71.4397],[-84.7024,71.4386],[-84.73,71.399],[-84.7936,71.3453],[-84.7735,71.2638],[-84.6828,71.2357],[-84.684,71.2177],[-84.7874,71.1986],[-84.8111,71.116],[-84.8113,71.0608],[-84.7687,71.0408],[-84.7698,71.0172],[-84.7325,70.9956],[-84.7947,70.9285],[-84.9029,70.9278],[-84.9671,70.944],[-84.9195,70.9768],[-84.9103,71.0097],[-84.9799,71.0439],[-84.9851,71.1145],[-84.8591,71.082],[-84.8389,71.1272],[-84.8503,71.1691],[-84.9241,71.1924],[-85.0366,71.1957],[-85.0988,71.1884],[-85.1154,71.1569],[-85.2048,71.1549],[-85.3139,71.1743],[-85.4796,71.1704],[-85.5108,71.1533],[-85.7365,71.1476],[-85.8277,71.1297],[-85.8924,71.1003],[-86.0788,71.0615],[-86.1812,71.023],[-86.2904,71.0059],[-86.3809,71.0033],[-86.5303,70.979],[-86.7228,70.9804],[-86.8062,70.9923],[-86.7818,71.0111],[-86.397,71.0389],[-86.2336,71.0603],[-86.179,71.0832],[-86.1988,71.1046],[-86.0617,71.1243],[-85.9807,71.1565],[-85.9413,71.1862],[-85.8696,71.1802],[-85.7484,71.1932],[-85.7006,71.2103],[-85.6271,71.1889],[-85.4959,71.1765],[-85.4116,71.2275],[-85.3966,71.259],[-85.2804,71.2485],[-85.1849,71.2676],[-85.2571,71.2899],[-85.0961,71.295],[-84.9377,71.2741],[-84.8349,71.2721],[-84.8544,71.3423],[-84.9204,71.3507],[-84.9036,71.3881],[-84.9148,71.4223],[-85.0478,71.4465],[-85.1341,71.4426],[-85.2028,71.4518],[-85.2566,71.4799],[-85.3875,71.4901],[-85.3989,71.5077],[-85.4733,71.5164],[-85.4989,71.5411],[-85.6738,71.6031],[-85.7101,71.6383],[-85.8257,71.6739],[-85.9383,71.7364],[-86.0264,71.7526],[-86.0076,71.7698],[-86.1139,71.7905],[-86.2026,71.8556],[-86.2175,71.8833],[-86.3541,71.9682],[-86.4192,72.0579],[-86.4385,72.1214],[-86.4195,72.1796],[-86.4571,72.2064],[-86.4342,72.2235],[-86.4337,72.2715],[-86.4082,72.2996],[-86.25,72.3871],[-86.2341,72.4178],[-86.2594,72.4455],[-86.3736,72.5196],[-86.5366,72.5796],[-86.6591,72.6348],[-86.7043,72.6629],[-86.7035,72.7041],[-86.7484,72.7232],[-86.6896,72.8028],[-86.7001,72.8363],[-86.6269,72.8912],[-86.4402,72.9729],[-86.3619,73.0362],[-86.3216,73.0422],[-86.2842,73.0768],[-86.2919,73.1078],[-86.1912,73.1866],[-86.1274,73.2572],[-86.0311,73.3019],[-85.8742,73.3855],[-85.7529,73.4327],[-85.5803,73.4897],[-85.5236,73.5223],[-85.4327,73.5281],[-85.234,73.5915],[-85.1444,73.6117],[-85.0335,73.6481],[-84.9369,73.6681],[-84.8821,73.701],[-84.8582,73.734],[-84.8808,73.7554],[-84.99,73.7926],[-85.1029,73.812],[-85.3486,73.8237],[-85.5501,73.8207],[-85.7481,73.8397],[-86.1358,73.856],[-86.422,73.8483],[-86.637,73.8501],[-86.884,73.8191],[-87.0226,73.8118],[-87.0782,73.7968],[-87.2189,73.7916],[-87.59,73.7371],[-88.0187,73.6483],[-88.2641,73.5779],[-88.3277,73.5448],[-88.4742,73.491],[-88.4844,73.4607],[-88.5533,73.4603],[-88.6492,73.4339],[-88.7538,73.3871],[-88.7694,73.3648],[-88.8544,73.3381],[-88.8107,73.3108],[-88.9567,73.2946],[-89.0338,73.2525],[-89.0278,73.2344],[-89.1343,73.1904],[-89.2466,73.1019],[-89.2759,73.0417],[-89.1924,73.0176],[-89.2659,73.0001],[-89.3174,73.0042],[-89.3397,72.9594],[-89.3065,72.9302],[-89.307,72.8783],[-89.3729,72.8659],[-89.4102,72.8319],[-89.3791,72.8077],[-89.2874,72.8002],[-89.3296,72.7711],[-89.4354,72.7817],[-89.5408,72.7775],[-89.5818,72.7286],[-89.5677,72.6968],[-89.4756,72.6797],[-89.5484,72.6505],[-89.526,72.6314],[-89.5957,72.6217],[-89.66,72.6357],[-89.7334,72.619],[-89.783,72.5584],[-89.7693,72.4859],[-89.8007,72.4607],[-89.893,72.4483],[-89.9006,72.4201],[-89.8333,72.3992],[-89.961,72.3423],[-89.9685,72.315],[-89.9307,72.279],[-89.9483,72.2554],[-89.8813,72.2104],[-89.8869,72.1944],[-89.7951,72.1728],[-89.6379,72.1884],[-89.5674,72.1787],[-89.6074,72.1426],[-89.8122,72.1159],[-89.8895,72.0875],[-90.005,72.0669],[-89.9579,72.0291],[-89.9959,72.0092],[-89.9917,71.9804],[-90.0247,71.9562],[-90.0983,71.9402],[-90.0985,71.9172],[-90.0197,71.9025],[-89.9922,71.869],[-89.925,71.855],[-89.944,71.8314],[-89.8995,71.8018],[-89.8105,71.7665],[-89.8246,71.7237],[-89.8708,71.7083],[-89.8575,71.6876],[-89.9132,71.6758],[-89.9989,71.6366],[-89.9644,71.6144],[-90.0061,71.597],[-89.9609,71.5632],[-89.9396,71.5121],[-89.9782,71.4924],[-89.9914,71.4588],[-89.9451,71.4179],[-89.8709,71.3919],[-89.8933,71.3632],[-89.8686,71.3489],[-89.6366,71.3088],[-89.5725,71.3114],[-89.378,71.2925],[-89.2477,71.2855],[-89.1324,71.2932],[-88.8618,71.2703],[-88.7953,71.2572],[-88.5991,71.243],[-88.5408,71.2473],[-88.4055,71.2345],[-88.1515,71.2276],[-88.0815,71.2181],[-88.0025,71.2556],[-87.9401,71.2684],[-87.8438,71.2693],[-87.8242,71.2272],[-87.8584,71.1943],[-87.761,71.1414],[-87.4978,71.0838],[-87.414,71.0753],[-87.4125,71.0597],[-87.3268,71.0491],[-87.2794,71.0251],[-87.1759,71.0227],[-87.0183,71.006],[-87.0476,70.9912],[-87.2074,71.0053],[-87.3024,71.0023],[-87.3584,70.9517],[-87.6151,70.9498],[-87.6592,70.956],[-87.831,70.9489],[-87.8931,70.9373],[-88.0529,70.9355],[-88.289,70.951],[-88.3322,70.9642],[-88.3514,71.0056],[-88.4722,71.0337],[-88.5975,71.0372],[-88.6317,71.0473],[-88.7406,71.0471],[-88.7696,71.0287],[-88.8543,71.043],[-88.9502,71.0438],[-89.0504,71.0317],[-89.1878,71.0321],[-89.2279,71.0722],[-89.4289,71.0911],[-89.5023,71.0885],[-89.4509,71.0551],[-89.3405,71.0078],[-89.2236,70.9891],[-89.1719,70.9641],[-89.1902,70.9458],[-89.2878,70.9395],[-89.4206,70.9135],[-89.338,70.8072],[-89.1751,70.7398],[-89.0562,70.6996],[-88.9852,70.6639],[-89.0035,70.6313],[-88.9567,70.6071],[-88.8535,70.527],[-88.7924,70.4991],[-88.6761,70.4641],[-88.5665,70.4577],[-88.4731,70.4414],[-88.4009,70.4543],[-88.369,70.4283],[-88.2549,70.4157],[-88.139,70.3937],[-87.9844,70.3411],[-87.9064,70.3384],[-87.8668,70.3121],[-88.0296,70.3134],[-88.0717,70.3383],[-88.2393,70.3341],[-88.0988,70.2986],[-88.0422,70.3068],[-88.0074,70.2823],[-87.9142,70.2667],[-87.8609,70.2429],[-87.7513,70.2478],[-87.6212,70.2999],[-87.7696,70.303],[-87.7999,70.3232],[-87.7561,70.3378],[-87.6597,70.323],[-87.5102,70.3315],[-87.3449,70.3141],[-87.3035,70.32],[-87.2349,70.3057],[-86.9827,70.2858],[-86.9887,70.3358],[-86.9727,70.3652],[-87.1372,70.3985],[-87.0896,70.449],[-86.9896,70.4687],[-86.9181,70.457],[-86.9843,70.4291],[-86.924,70.4079],[-86.89,70.3796],[-86.7847,70.3992],[-86.7906,70.376],[-86.895,70.3591],[-86.9022,70.3426],[-86.8286,70.3272],[-86.6577,70.333],[-86.6753,70.375],[-86.6375,70.3807],[-86.6188,70.4177],[-86.5437,70.4229],[-86.4925,70.4422],[-86.3351,70.4816],[-86.3427,70.4541],[-86.3863,70.4485],[-86.523,70.4114],[-86.582,70.363],[-86.5422,70.3493],[-86.5552,70.3272],[-86.5333,70.2981],[-86.5633,70.2411],[-86.4754,70.2164],[-86.4192,70.1785],[-86.3017,70.1287],[-86.1083,70.0765],[-85.9722,70.0605],[-85.8438,70.0131],[-85.717,70.0003],[-85.5371,70.0171],[-85.2795,69.988],[-85.2937,70.0162],[-85.368,70.0408],[-85.6439,70.0837],[-85.7475,70.0736],[-85.8507,70.0478],[-85.8629,70.0797],[-85.7557,70.1077],[-85.6827,70.1092],[-85.426,70.0989],[-85.3472,70.1101],[-85.2401,70.0909],[-85.1836,70.0955],[-85.085,70.088],[-84.9409,70.0673],[-84.8244,70.1095],[-84.7952,70.0932],[-84.8502,70.0792],[-84.8123,70.0329],[-84.6519,70.0062],[-84.5491,70.0123],[-84.4323,70.0083],[-84.3075,69.988],[-84.1713,69.9923],[-84,69.9856],[-83.935,69.9714],[-83.6473,69.9589],[-83.4254,69.9825],[-83.3478,69.9862],[-83.3112,70.0069],[-83.1532,70.0103],[-83.0707,70.0188],[-82.9696,69.9813],[-82.8579,69.9552],[-82.7837,69.9288],[-82.7305,69.9381],[-82.6349,69.9014],[-82.6423,69.8872],[-82.5039,69.8676],[-82.4318,69.8493],[-82.4109,69.875],[-82.2984,69.8679],[-82.2545,69.8457],[-82.2997,69.8216],[-82.2063,69.7986],[-82.1389,69.8145],[-82.0905,69.8616],[-82.0179,69.8859],[-81.9668,69.8547],[-81.8505,69.8611],[-81.8702,69.8959],[-81.8113,69.9025],[-81.7261,69.9509],[-81.8118,69.9719],[-81.9281,69.9834],[-81.989,70.0242],[-82.0923,70.068],[-82.1946,70.0881],[-82.2587,70.1165],[-82.3639,70.1408],[-82.7608,70.2158],[-82.8163,70.2162],[-82.8779,70.2679],[-82.6731,70.2257],[-82.5424,70.1911],[-82.4373,70.1804],[-82.1648,70.1225],[-82.1,70.1161],[-82.0559,70.0934],[-81.9571,70.068],[-81.9057,70.0315],[-81.7767,69.9936],[-81.7747,69.9833],[-81.6013,69.9705],[-81.6208,69.9485],[-81.5403,69.9291],[-81.4536,69.9316],[-81.4032,69.8911],[-81.3189,69.8689],[-81.2462,69.8379],[-81.1553,69.8279],[-81.0996,69.7826],[-81.0289,69.755],[-80.9005,69.7251],[-80.8244,69.7303],[-80.752,69.7639],[-80.7822,69.7979],[-80.878,69.8379],[-80.9606,69.8814],[-81.1224,69.936],[-81.1693,69.9919],[-81.303,70.0386],[-81.3927,70.0121],[-81.5053,70.0559],[-81.5855,70.0725],[-81.7072,70.0811],[-81.7541,70.1365],[-81.5828,70.1182],[-81.4886,70.1151],[-81.4182,70.1001],[-81.2489,70.0963],[-81.2016,70.1009],[-81.0983,70.0917],[-81.0612,70.0982],[-81.0118,70.0678],[-80.9603,70.0636],[-80.8428,70.0801],[-80.8289,70.0638],[-80.7354,70.0658],[-80.6573,70.0467],[-80.5559,70.0543],[-80.4734,70.0366],[-80.4352,70.0086],[-80.3575,70.0055],[-80.3256,69.9885],[-80.2191,70.0217],[-80.0294,70.0037],[-80.0132,70.0229],[-79.9315,70.0234],[-79.9128,69.9951],[-79.8469,69.9564],[-79.8111,69.9486],[-79.7798,69.897],[-79.6772,69.8606],[-79.5851,69.8643],[-79.5293,69.8827],[-79.405,69.8991],[-79.2709,69.8891],[-79.2299,69.8933],[-79.0472,69.8881],[-78.9241,69.8971],[-78.8006,69.897],[-78.7694,69.9233],[-78.7101,69.9359],[-78.6545,69.9747],[-78.6896,70.0397],[-78.6789,70.0578],[-78.7466,70.0798],[-78.747,70.1718],[-78.7663,70.1972],[-78.8712,70.2564],[-78.9187,70.3085],[-79.0184,70.3454],[-79.0852,70.3441],[-79.108,70.3077],[-79.2332,70.3155],[-79.2733,70.3504],[-79.3815,70.3796],[-79.441,70.3658],[-79.5319,70.3812],[-79.5861,70.406],[-79.5696,70.4399],[-79.4865,70.4576],[-79.4257,70.4313],[-79.3861,70.4586],[-79.43,70.4883],[-79.487,70.506],[-79.4773,70.5719],[-79.4329,70.5663],[-79.3964,70.5396],[-79.4765,70.5287],[-79.4729,70.5079],[-79.3642,70.4892],[-79.3386,70.4405],[-79.1585,70.4214],[-79.1373,70.4509],[-79.1344,70.5167],[-79.0752,70.5691],[-79.0068,70.5939],[-78.9849,70.6258],[-79.0389,70.6299],[-79.1134,70.6104],[-79.143,70.6382],[-79.0618,70.6599],[-78.9925,70.6542],[-78.9131,70.6226],[-78.8327,70.6328],[-78.7938,70.613],[-78.8703,70.6002],[-78.9399,70.5624],[-79.0367,70.5483],[-79.0262,70.5123],[-79.0449,70.4667],[-78.9176,70.4562],[-78.8697,70.4602],[-78.8052,70.4406],[-78.7576,70.4437],[-78.7004,70.4101],[-78.6791,70.3774],[-78.5138,70.3763],[-78.4676,70.357],[-78.543,70.3119],[-78.4652,70.2863],[-78.4064,70.242],[-78.405,70.2191],[-78.3455,70.2052],[-78.3098,70.2267],[-78.2553,70.2059],[-78.1604,70.2028],[-78.119,70.256],[-78.0382,70.2235],[-77.9761,70.2516],[-77.7964,70.2462],[-77.6742,70.2028],[-77.6402,70.1689],[-77.6806,70.1416],[-77.6538,70.0975],[-77.6952,69.9998],[-77.6718,69.9411],[-77.6623,69.8508],[-77.6801,69.8227],[-77.6465,69.7884],[-77.6379,69.7548],[-77.5998,69.7412],[-77.5164,69.7691],[-77.5022,69.7912],[-77.526,69.8302],[-77.4364,69.8684],[-77.4157,69.8563],[-77.2513,69.8848],[-77.2747,69.8547],[-77.1887,69.829],[-77.1139,69.8286],[-77.0771,69.853],[-77.0016,69.8465],[-77.0734,69.8211],[-76.93,69.8107],[-76.8981,69.747],[-76.8067,69.7553],[-76.7987,69.7147],[-76.8377,69.6912],[-76.9948,69.6977],[-77.1611,69.6586],[-77.1447,69.6239],[-77.0566,69.6308],[-77.042,69.6087],[-76.9324,69.6057],[-76.8509,69.6217],[-76.8719,69.5853],[-76.7133,69.5636],[-76.6508,69.6126],[-76.5498,69.6358],[-76.5026,69.6902],[-76.3911,69.6923],[-76.4007,69.6704],[-76.2425,69.6669],[-76.226,69.6339],[-76.3666,69.6531],[-76.5055,69.6533],[-76.5523,69.6108],[-76.6456,69.5908],[-76.6485,69.5439],[-76.5355,69.5095],[-76.5155,69.4909],[-76.3983,69.4509],[-76.3811,69.4149],[-76.1721,69.4269],[-76.1303,69.4089],[-75.9257,69.3636],[-75.8831,69.3301],[-75.7625,69.3141],[-75.5877,69.2386],[-75.5674,69.1915],[-75.5807,69.1308],[-75.56,69.1157],[-75.6096,69.0801],[-75.7352,69.0857],[-75.8098,69.0538],[-75.8905,69.0451],[-75.942,69.0148],[-76.0046,69.0047],[-76.066,69.0109],[-76.1071,69.0373],[-76.2275,69.056],[-76.344,69.0665],[-76.5933,69.0358],[-76.6334,69.0147],[-76.6106,68.9979],[-76.6204,68.9594],[-76.6465,68.9413],[-76.6096,68.8856],[-76.5053,68.8844],[-76.5076,68.8559],[-76.5617,68.8084],[-76.6584,68.7612],[-76.6735,68.7253],[-76.6415,68.6939],[-76.5859,68.6774],[-76.4152,68.6796],[-76.2849,68.7047],[-76.1593,68.7435],[-76.0683,68.7585],[-76.0052,68.7825],[-75.95,68.8214],[-75.8697,68.8363],[-75.7533,68.8476],[-75.5727,68.891],[-75.5269,68.9129],[-75.5094,68.9472],[-75.5858,68.9797],[-75.587,69.0156],[-75.4901,69.025],[-75.4372,69.0154],[-75.3541,68.953],[-75.2809,68.925],[-75.1524,68.8872],[-75.1033,68.8971],[-75.0714,68.9258],[-75.0207,69.0037],[-74.9509,69.0507],[-74.8608,69.072],[-74.7451,69.1308],[-74.7823,69.238],[-74.6139,69.2391],[-74.5481,69.2206],[-74.4643,69.2423],[-74.3259,69.2619],[-74.2894,69.2767],[-74.1324,69.2963],[-74.089,69.3355],[-73.9707,69.3557],[-73.9594,69.3411],[-74.0533,69.3273],[-74.1136,69.2834],[-74.2367,69.2676],[-74.3062,69.2491],[-74.5137,69.2092],[-74.5846,69.211],[-74.7215,69.1579],[-74.7569,69.1119],[-74.8192,69.0927],[-74.7795,69.0691],[-74.7003,69.0625],[-74.637,69.0447],[-74.6405,69.0245],[-74.7982,69.0163],[-74.9364,69.0013],[-75.0226,68.9627],[-74.9962,68.9453],[-74.8781,68.9693],[-74.8745,68.9291],[-74.6696,68.9385],[-74.687,68.9087],[-74.6497,68.8733],[-74.7233,68.8556],[-74.8024,68.8532],[-74.8897,68.8055],[-74.788,68.7818],[-74.6701,68.7844],[-74.6056,68.8077],[-74.6728,68.8236],[-74.6813,68.8452],[-74.6239,68.8504],[-74.5169,68.8297],[-74.5541,68.8093],[-74.7157,68.7705],[-74.7214,68.7421],[-74.6417,68.7156],[-74.5917,68.6866],[-74.5168,68.6712],[-74.4762,68.6498],[-74.5176,68.6325],[-74.4866,68.5964],[-74.4153,68.5918],[-74.3734,68.5511],[-74.2605,68.5367],[-74.2224,68.5227],[-74.1554,68.5377],[-74.121,68.5275],[-74.0122,68.5435],[-73.9881,68.5029],[-73.9217,68.5199],[-73.8912,68.5657],[-73.9568,68.5934],[-73.9924,68.6245],[-74.0691,68.6584],[-74.1015,68.6917],[-74.1714,68.7057],[-74.181,68.7364],[-74.0409,68.7323],[-73.9863,68.7086],[-73.9043,68.7159],[-73.8259,68.6955],[-73.797,68.6693],[-73.7194,68.6624],[-73.7647,68.6398],[-73.729,68.6266],[-73.7552,68.5752],[-73.7214,68.525],[-73.7742,68.5078],[-73.8706,68.4944],[-73.893,68.4458],[-73.9502,68.421],[-73.8373,68.3729],[-73.8505,68.3468],[-73.7217,68.3094],[-73.6412,68.315],[-73.5584,68.306],[-73.6266,68.2715],[-73.5006,68.2842],[-73.3737,68.2591],[-73.2721,68.2928],[-73.1998,68.2736],[-73.193,68.2479],[-73.1227,68.2258],[-73.0763,68.2252],[-73.0285,68.244],[-72.9674,68.1711],[-72.9686,68.111],[-72.9473,68.0821],[-72.9103,68.07],[-72.9167,68.0377],[-72.8771,68.0224],[-72.9416,67.9994],[-72.8911,67.9603],[-72.9368,67.9299],[-72.8711,67.9116],[-72.8496,67.8517],[-72.7819,67.8821],[-72.7207,67.8755],[-72.6929,67.8558],[-72.7205,67.8405],[-72.6739,67.8087],[-72.6226,67.7962],[-72.5741,67.7653],[-72.5656,67.7395],[-72.6407,67.7079],[-72.6588,67.6816],[-72.57,67.6263],[-72.482,67.624],[-72.4809,67.5986],[-72.4478,67.5436],[-72.4706,67.4901],[-72.421,67.4744],[-72.3708,67.3845],[-72.3306,67.3498],[-72.3694,67.3205],[-72.2998,67.2927],[-72.1803,67.2712],[-72.2468,67.2456],[-72.2756,67.1552],[-72.3463,67.1065],[-72.4525,67.0815],[-72.5557,67.0847],[-72.6486,67.0796],[-72.8187,67.0153],[-72.8417,66.9452],[-72.94,66.8751],[-73.0067,66.7846],[-72.9829,66.741],[-73.0221,66.7174],[-73.0767,66.7163],[-73.2028,66.6918],[-73.3447,66.6439],[-73.3825,66.6216],[-73.4285,66.5564],[-73.4848,66.5287],[-73.6373,66.4755],[-73.7113,66.4544],[-73.8086,66.3983],[-73.9944,66.319],[-74.1332,66.2816],[-74.253,66.242],[-74.4077,66.1968],[-74.4634,66.1477],[-74.4546,66.1177],[-74.4109,66.0716],[-74.2557,65.9842],[-74.2232,65.9723],[-74.1355,65.9136],[-74.0918,65.8927],[-74.0174,65.8386],[-73.9478,65.8162],[-73.8713,65.8115],[-73.7332,65.766],[-73.6848,65.7133],[-73.7303,65.6774],[-73.6524,65.6556],[-73.6245,65.6374],[-73.6387,65.6039],[-73.5921,65.5818],[-73.5543,65.5285],[-73.5129,65.4918],[-73.5151,65.4411],[-73.6287,65.4703],[-73.6865,65.4665],[-73.7375,65.5035],[-73.8074,65.5266],[-73.8793,65.5397],[-73.9685,65.5055],[-74.0091,65.5045],[-74.066,65.5367],[-74.138,65.5401],[-74.2137,65.5251],[-74.1725,65.4893],[-74.3118,65.4625],[-74.3479,65.4378],[-74.3556,65.4093],[-74.5322,65.3298],[-74.6268,65.3301],[-74.6845,65.3551],[-74.6483,65.3886],[-74.686,65.3961],[-74.6909,65.42],[-74.7575,65.4097],[-74.7581,65.3785],[-74.8226,65.3785],[-74.8851,65.3936],[-74.9942,65.3665],[-75.0988,65.3929],[-75.1211,65.3744],[-75.088,65.3167],[-75.1204,65.2619],[-75.25,65.2486],[-75.4377,65.2737],[-75.4818,65.2696],[-75.5911,65.2834],[-75.6219,65.3421],[-75.7158,65.3082],[-75.823,65.3144],[-75.9113,65.3307],[-75.9526,65.3164],[-75.947,65.2971],[-75.8974,65.2682],[-75.9378,65.2554],[-76.0211,65.2571],[-76.048,65.2741],[-76.3755,65.3341],[-76.6665,65.4024],[-76.7776,65.3977],[-76.8032,65.4228],[-76.8627,65.4187],[-76.9221,65.4288],[-76.9413,65.4018],[-77.0348,65.4007],[-77.1064,65.4106],[-77.147,65.4488],[-77.2373,65.4586],[-77.2736,65.4728],[-77.337,65.4725],[-77.4356,65.4517],[-77.4274,65.4329],[-77.2869,65.3739],[-77.3598,65.3641],[-77.4692,65.3793],[-77.5176,65.3226],[-77.4714,65.287],[-77.3797,65.2477],[-77.3868,65.2382],[-77.3046,65.1951],[-77.3177,65.1773],[-77.4025,65.1649],[-77.4975,65.1294],[-77.5969,65.1445],[-77.7582,65.0832],[-77.8165,65.0797],[-77.8943,65.051],[-77.9603,65.0491],[-77.9799,65.0111],[-78.0403,65.0123],[-78.1391,64.9634],[-78.1466,64.8943],[-78.124,64.8928],[-78.0766,64.8173],[-78.0956,64.789],[-78.156,64.7625],[-78.2207,64.7004],[-78.1629,64.7048],[-78.1608,64.682],[-78.1996,64.6751],[-78.1903,64.6485],[-78.1341,64.5996],[-78.1864,64.5713],[-78.0933,64.549],[-78.0621,64.5326],[-78.0692,64.5001],[-77.9648,64.4747],[-77.9639,64.4504],[-78.0336,64.4314],[-77.9483,64.4065],[-77.9008,64.4344],[-77.8362,64.4146],[-77.8856,64.3733],[-77.7887,64.3739],[-77.7517,64.3488],[-77.6388,64.3416],[-77.6381,64.3609],[-77.4931,64.3557],[-77.5166,64.3301],[-77.4854,64.3141],[-77.3672,64.2901],[-77.3644,64.2389],[-77.2114,64.2848],[-77.1416,64.2857],[-76.9753,64.248],[-76.8146,64.2316],[-76.8337,64.2088],[-76.7251,64.2025],[-76.6465,64.1919],[-76.6442,64.2198],[-76.6966,64.23],[-76.7248,64.2525],[-76.7339,64.2907],[-76.6851,64.3058],[-76.6324,64.2804],[-76.5521,64.3044],[-76.5078,64.299],[-76.4942,64.2727],[-76.3807,64.269],[-76.3477,64.297],[-76.3095,64.2699],[-76.1761,64.3141],[-76.2718,64.3166],[-76.3455,64.3351],[-76.2287,64.359],[-76.1633,64.3479],[-76.1631,64.3716],[-76.0721,64.3616],[-76.0019,64.3831],[-75.9792,64.4078],[-75.9125,64.3993],[-75.8708,64.3797],[-75.7303,64.3632],[-75.6989,64.3818],[-75.8185,64.4176],[-75.7939,64.4583],[-75.7597,64.4756],[-75.685,64.477],[-75.7845,64.5252],[-75.8113,64.5607],[-75.8088,64.6046],[-75.753,64.6137],[-75.7077,64.5775],[-75.6289,64.558],[-75.5979,64.5415],[-75.553,64.5563],[-75.5062,64.5497],[-75.2957,64.4859],[-75.2055,64.4461],[-75.1641,64.4656],[-75.0977,64.4687],[-74.9571,64.4158],[-74.9155,64.4248],[-74.8694,64.396],[-74.7628,64.3853],[-74.6848,64.3907],[-74.4928,64.4515],[-74.6191,64.5005],[-74.5724,64.5061],[-74.6218,64.5411],[-74.6116,64.5583],[-74.5271,64.5474],[-74.4671,64.5646],[-74.5279,64.5974],[-74.5629,64.627],[-74.6784,64.6729],[-74.8035,64.7002],[-74.8651,64.7605],[-74.9114,64.7598],[-75.0276,64.7842],[-74.9926,64.8087],[-74.9258,64.7983],[-74.8535,64.7704],[-74.8052,64.7965],[-74.7033,64.7657],[-74.6898,64.8103],[-74.7349,64.8355],[-74.6975,64.8553],[-74.6157,64.8739],[-74.6437,64.8929],[-74.5894,64.9047],[-74.5466,64.831],[-74.5832,64.8014],[-74.624,64.7886],[-74.6744,64.7316],[-74.6397,64.6861],[-74.5899,64.6634],[-74.532,64.6532],[-74.5108,64.619],[-74.4241,64.6107],[-74.3824,64.5669],[-74.3316,64.5911],[-74.3416,64.6308],[-74.2945,64.6252],[-74.2477,64.582],[-74.1967,64.6007],[-74.2266,64.6429],[-74.1801,64.6547],[-74.094,64.7144],[-74.1435,64.7462],[-74.084,64.7576],[-74.04,64.7166],[-74.032,64.6654],[-74.0771,64.6276],[-74.0195,64.6024],[-74.0198,64.586],[-74.0956,64.5894],[-74.1517,64.5698],[-74.1091,64.5445],[-74.1146,64.5185],[-74.0434,64.4691],[-74.0236,64.4312],[-74.0778,64.4326],[-74.0631,64.4048],[-74.116,64.3889],[-74.0981,64.3268],[-74.0006,64.339],[-73.9713,64.3615],[-73.9851,64.3882],[-73.9441,64.4057],[-73.9831,64.4251],[-73.9534,64.4455],[-73.8448,64.4801],[-73.8097,64.4602],[-73.7667,64.4723],[-73.7815,64.4975],[-73.8128,64.4895],[-73.8484,64.507],[-73.8525,64.5307],[-73.8858,64.5467],[-73.8377,64.5656],[-73.7621,64.5365],[-73.736,64.5595],[-73.6795,64.5727],[-73.6211,64.6132],[-73.5741,64.6203],[-73.5695,64.5813],[-73.4339,64.6039],[-73.4396,64.5779],[-73.5468,64.5698],[-73.602,64.5567],[-73.6844,64.5513],[-73.6861,64.5134],[-73.6512,64.4985],[-73.6007,64.4997],[-73.6089,64.4651],[-73.6718,64.4443],[-73.6394,64.3883],[-73.6592,64.3338],[-73.6417,64.3195],[-73.5815,64.3145],[-73.5508,64.3672],[-73.5506,64.3992],[-73.4987,64.4307],[-73.4891,64.4822],[-73.4729,64.5005],[-73.2935,64.5345],[-73.269,64.5467],[-73.3016,64.5747],[-73.2986,64.598],[-73.332,64.6396],[-73.2775,64.6585],[-73.2554,64.6185],[-73.2729,64.5933],[-73.2103,64.5946],[-73.1832,64.5656],[-73.2349,64.5635],[-73.2515,64.5376],[-73.3006,64.5012],[-73.382,64.5053],[-73.4555,64.4423],[-73.4851,64.3989],[-73.4089,64.3603],[-73.3286,64.3627],[-73.3692,64.3402],[-73.3839,64.3044],[-73.3723,64.2678],[-73.3334,64.2575],[-73.2548,64.2583],[-73.2039,64.2835],[-73.1153,64.2984],[-73.0947,64.2824],[-73.1302,64.264],[-73.037,64.2221],[-73.0411,64.2037],[-72.9607,64.1704],[-72.8968,64.1595],[-72.8811,64.1276],[-72.9523,64.0715],[-72.9573,64.0485],[-72.8935,64.044],[-72.8722,64.022],[-72.7229,63.9917],[-72.7258,63.9656],[-72.6972,63.9539],[-72.6253,63.9749],[-72.6498,64.0044],[-72.691,64.0263],[-72.6774,64.0779],[-72.6465,64.0729],[-72.6794,64.0324],[-72.6647,64.0132],[-72.594,64.0335],[-72.5972,63.9908],[-72.5846,63.9484],[-72.6404,63.9293],[-72.5839,63.8569],[-72.5343,63.8395],[-72.4784,63.8365],[-72.4501,63.7991],[-72.4496,63.773],[-72.3776,63.7877],[-72.3973,63.811],[-72.3273,63.8339],[-72.3026,63.8914],[-72.2419,63.8649],[-72.2233,63.9019],[-72.1671,63.8712],[-72.2035,63.8409],[-72.2166,63.8077],[-72.3383,63.7604],[-72.3049,63.7297],[-72.2971,63.6943],[-72.2432,63.6566],[-72.1848,63.6692],[-72.194,63.704],[-72.1644,63.739],[-72.1384,63.7394],[-72.0033,63.6888],[-71.9611,63.6963],[-71.9729,63.7197],[-71.9439,63.7326],[-71.9084,63.6727],[-71.8751,63.6879],[-71.8265,63.7582],[-71.9502,63.7808],[-71.9186,63.7994],[-71.8364,63.798],[-71.7688,63.7536],[-71.7954,63.7355],[-71.7774,63.7164],[-71.6751,63.6889],[-71.6222,63.6432],[-71.5517,63.6703],[-71.4989,63.621],[-71.5302,63.6154],[-71.5552,63.5863],[-71.4446,63.5773],[-71.4179,63.6052],[-71.3504,63.6201],[-71.3347,63.5951],[-71.3852,63.573],[-71.344,63.5567],[-71.2507,63.5735],[-71.2644,63.5335],[-71.3664,63.5188],[-71.3972,63.473],[-71.4562,63.4789],[-71.5163,63.4552],[-71.5382,63.4351],[-71.6016,63.4088],[-71.7877,63.4322],[-71.9229,63.4421],[-71.9977,63.4401],[-72.0596,63.4154],[-72.0619,63.3974],[-71.9832,63.3876],[-71.9251,63.3887],[-71.872,63.3744],[-71.7078,63.3638],[-71.7888,63.3215],[-71.7301,63.311],[-71.7672,63.2832],[-71.6687,63.2597],[-71.6944,63.2325],[-71.7442,63.2228],[-71.6442,63.201],[-71.6522,63.1699],[-71.6153,63.1544],[-71.6019,63.1283],[-71.519,63.121],[-71.457,63.0971],[-71.3696,63.1046],[-71.3709,63.0826],[-71.4163,63.0728],[-71.3782,63.0437],[-71.2488,63.031],[-71.199,62.9959],[-71.17,63.0154],[-71.1841,63.0337],[-71.1476,63.0617],[-70.9735,63.0644],[-70.9529,63.1069],[-70.9723,63.1229],[-70.9599,63.149],[-70.9006,63.1273],[-70.9244,63.088],[-70.922,63.0604],[-70.9894,63.0483],[-70.9962,63.0246],[-71.0611,63.0203],[-71.1212,63.0319],[-71.103,62.9749],[-71.0481,62.9672],[-71.0106,62.9778],[-70.99,63.0083],[-70.9317,63.006],[-70.9217,62.9633],[-70.8939,62.9375],[-70.8547,62.9589],[-70.7994,62.9436],[-70.8321,62.9033],[-70.7685,62.8931],[-70.6983,62.8931],[-70.5798,62.8755],[-70.4919,62.879],[-70.4486,62.8643],[-70.4132,62.833],[-70.3223,62.7942],[-70.285,62.7973],[-70.2384,62.7668],[-70.1714,62.7457],[-70.0837,62.7613],[-69.9853,62.755],[-69.968,62.7716],[-69.9899,62.7935],[-69.9338,62.8618],[-69.9281,62.8837],[-69.879,62.9058],[-69.8483,62.9001],[-69.9143,62.8626],[-69.9574,62.8059],[-69.9062,62.7895],[-69.8788,62.7539],[-69.7907,62.7643],[-69.8444,62.8056],[-69.8059,62.8196],[-69.7677,62.7915],[-69.6812,62.7721],[-69.6047,62.7424],[-69.6145,62.7825],[-69.4643,62.747],[-69.5389,62.7242],[-69.5005,62.6842],[-69.5466,62.6593],[-69.4754,62.6125],[-69.4537,62.5697],[-69.4126,62.5696],[-69.4356,62.6236],[-69.3816,62.6067],[-69.4004,62.5692],[-69.3549,62.5322],[-69.3098,62.5545],[-69.3312,62.5733],[-69.2756,62.5899],[-69.3014,62.5306],[-69.2856,62.503],[-69.2459,62.4826],[-69.2353,62.4574],[-69.2012,62.4367],[-69.1578,62.4438],[-69.139,62.4211],[-69.0663,62.4111],[-69.0502,62.3891],[-68.9622,62.3688],[-68.9133,62.3738],[-68.8554,62.3538],[-68.8416,62.3774],[-68.7794,62.3427],[-68.7099,62.3249],[-68.661,62.332],[-68.6604,62.3053],[-68.6065,62.2605],[-68.5423,62.2474],[-68.4825,62.2516],[-68.4417,62.2417],[-68.3702,62.2415],[-68.23,62.2251],[-68.2034,62.2316],[-68.1336,62.2159],[-68.0553,62.2224],[-67.9918,62.195],[-67.9601,62.2114],[-67.8871,62.1907],[-67.7882,62.1907],[-67.76,62.1655],[-67.6308,62.1521],[-67.6007,62.1702],[-67.5534,62.1682],[-67.5426,62.1803],[-67.5053,62.147],[-67.4523,62.1357],[-67.3529,62.1573],[-67.3396,62.133],[-67.2801,62.1292],[-67.3132,62.0999],[-67.2928,62.069],[-67.1775,62.0822],[-67.0841,62.0503],[-66.9692,62.0317],[-66.8892,62.0393],[-66.7585,62.0118],[-66.7032,62.0125],[-66.6824,61.9894],[-66.5843,61.9349],[-66.5144,61.9234],[-66.4603,61.9004],[-66.4085,61.9006],[-66.3005,61.8673],[-66.2339,61.8637],[-66.0553,61.8773],[-66.0052,61.8849],[-65.9451,61.8796],[-65.939,61.9119],[-66.0503,62.0189],[-66.0807,62.0609],[-66.0102,62.0529],[-66.0097,62.105],[-66.0367,62.1592],[-65.9019,62.1875],[-65.8869,62.2012],[-65.9854,62.2551],[-66.0348,62.2219],[-66.0985,62.2263],[-66.1017,62.2502],[-66.1723,62.2971],[-66.1662,62.3133],[-66.2069,62.3501],[-66.2486,62.3267],[-66.3494,62.3429],[-66.3441,62.3027],[-66.3628,62.296],[-66.46,62.346],[-66.4206,62.3458],[-66.3239,62.3811],[-66.3714,62.422],[-66.4092,62.436],[-66.4888,62.4118],[-66.5081,62.4287],[-66.4743,62.4546],[-66.4704,62.501],[-66.5232,62.5078],[-66.515,62.538],[-66.5876,62.5651],[-66.584,62.6024],[-66.6684,62.6071],[-66.6678,62.6369],[-66.7458,62.6225],[-66.7133,62.6609],[-66.7501,62.6722],[-66.8953,62.6663],[-66.9491,62.6686],[-66.9124,62.6982],[-67.0194,62.6984],[-66.9901,62.7299],[-67.0168,62.7565],[-67.0843,62.768],[-67.052,62.7844],[-67.0942,62.808],[-67.1406,62.8141],[-67.1324,62.8366],[-67.2173,62.8645],[-67.3317,62.8526],[-67.3266,62.8701],[-67.256,62.8735],[-67.2495,62.8981],[-67.3733,62.9625],[-67.4415,62.9799],[-67.4991,62.9569],[-67.6086,62.9674],[-67.5685,62.9849],[-67.4755,62.997],[-67.5175,63.0206],[-67.5198,63.0391],[-67.6033,63.0254],[-67.6465,63.0334],[-67.6815,63.005],[-67.7447,62.9807],[-67.7768,63.0107],[-67.7252,63.0276],[-67.7047,63.0497],[-67.5721,63.0688],[-67.6134,63.095],[-67.6557,63.0973],[-67.7056,63.0819],[-67.762,63.0809],[-67.8137,63.1109],[-67.8718,63.1089],[-67.8994,63.0679],[-67.9648,63.0438],[-67.8866,63.1468],[-68.0319,63.1704],[-68.0938,63.1433],[-68.1035,63.1824],[-68.1524,63.1936],[-68.1816,63.2382],[-68.2657,63.3054],[-68.4041,63.3764],[-68.4389,63.4211],[-68.3981,63.433],[-68.4354,63.4549],[-68.4853,63.4358],[-68.5241,63.4439],[-68.619,63.4856],[-68.6567,63.5171],[-68.7396,63.5486],[-68.7962,63.5981],[-68.791,63.6165],[-68.8264,63.6511],[-68.8824,63.6777],[-68.8944,63.7076],[-68.9293,63.7329],[-68.9725,63.7455],[-68.9409,63.7653],[-68.8851,63.7588],[-68.851,63.7374],[-68.8012,63.7437],[-68.7659,63.7235],[-68.707,63.7586],[-68.6337,63.7618],[-68.5401,63.7425],[-68.4331,63.728],[-68.3857,63.6873],[-68.3818,63.6611],[-68.3122,63.6346],[-68.2013,63.628],[-68.1425,63.6128],[-68.1154,63.6333],[-68.0674,63.5937],[-68.0614,63.5548],[-67.9992,63.5524],[-67.919,63.5274],[-67.857,63.477],[-67.8186,63.4696],[-67.802,63.4284],[-67.7746,63.4071],[-67.737,63.4071],[-67.709,63.3793],[-67.6562,63.3781],[-67.6222,63.4203],[-67.6908,63.4745],[-67.7473,63.5431],[-67.7912,63.5752],[-67.7716,63.6369],[-67.8098,63.6607],[-67.8283,63.7065],[-67.8605,63.7242],[-67.8077,63.7359],[-67.7869,63.68],[-67.7549,63.6686],[-67.7391,63.6368],[-67.6655,63.6428],[-67.6019,63.6073],[-67.577,63.5713],[-67.5118,63.5218],[-67.4999,63.4865],[-67.4409,63.4426],[-67.3659,63.4045],[-67.303,63.4057],[-67.283,63.3634],[-67.2296,63.3415],[-67.1596,63.2996],[-67.1011,63.2858],[-66.9037,63.283],[-66.9866,63.2629],[-66.972,63.2321],[-66.9109,63.2042],[-66.87,63.1617],[-66.7936,63.1526],[-66.7653,63.2167],[-66.7221,63.1666],[-66.7753,63.1425],[-66.7611,63.1024],[-66.647,63.0347],[-66.5566,63.0172],[-66.5222,63.0243],[-66.5968,63.0627],[-66.5485,63.0894],[-66.537,63.1343],[-66.5873,63.1671],[-66.5554,63.1997],[-66.5988,63.2373],[-66.5798,63.2476],[-66.5136,63.1981],[-66.5489,63.1633],[-66.5009,63.1342],[-66.49,63.0808],[-66.3973,63.0157],[-66.3314,62.9969],[-66.3105,63.0126],[-66.2558,63.0034],[-66.1723,62.9762],[-66.1626,62.954],[-66.0993,62.9399],[-66.071,62.9639],[-66.0568,63.0005],[-66.1427,63.0321],[-66.1664,63.0525],[-66.1612,63.0873],[-66.1143,63.0769],[-66.1236,63.0566],[-66.0506,63.0367],[-65.9733,62.9855],[-65.8714,62.9759],[-65.941,62.9367],[-65.885,62.9233],[-65.858,62.9406],[-65.781,62.9069],[-65.7661,62.9606],[-65.7106,62.9661],[-65.6997,62.9914],[-65.6571,62.985],[-65.7137,62.9281],[-65.6361,62.9044],[-65.6034,62.8339],[-65.5488,62.811],[-65.4665,62.8335],[-65.4158,62.8214],[-65.3541,62.8636],[-65.3354,62.8963],[-65.3026,62.8983],[-65.319,62.8494],[-65.2741,62.8344],[-65.3179,62.8191],[-65.3404,62.7945],[-65.3022,62.7694],[-65.3522,62.6904],[-65.31,62.6921],[-65.2525,62.6218],[-65.1973,62.568],[-65.1506,62.5619],[-65.0837,62.5704],[-65.0517,62.5901],[-64.9499,62.628],[-64.9374,62.6915],[-64.9452,62.7228],[-65.0165,62.7461],[-65.0228,62.7806],[-65.0612,62.811],[-65.1027,62.8271],[-65.1634,62.8687],[-65.1776,62.9119],[-65.1361,62.9447],[-65.0848,62.9521],[-64.9962,62.9303],[-64.964,62.9083],[-64.8249,62.8679],[-64.7111,62.8743],[-64.721,62.9118],[-64.6325,62.896],[-64.6229,62.9315],[-64.6598,62.9547],[-64.7384,62.9564],[-64.7899,62.9767],[-64.755,62.9985],[-64.7641,63.0258],[-64.7419,63.1038],[-64.7596,63.1313],[-64.8176,63.1408],[-64.8841,63.1406],[-64.8883,63.1802],[-64.9592,63.1802],[-64.9893,63.198],[-64.9312,63.214],[-64.9755,63.2506],[-64.8985,63.2456],[-64.8814,63.2733],[-64.9558,63.3872],[-65.0655,63.3967],[-65.0069,63.4537],[-65.0158,63.4832],[-65.0632,63.516],[-65.0648,63.567],[-64.9949,63.5709],[-64.9582,63.5906],[-64.9821,63.6327],[-65.0708,63.655],[-65.1207,63.7163],[-65.1708,63.7473],[-65.2953,63.7968],[-65.2568,63.8055],[-65.1798,63.8003],[-65.1858,63.777],[-65.1393,63.7436],[-65.0826,63.7295],[-65.0717,63.6931],[-65.0269,63.6625],[-64.9686,63.6503],[-64.926,63.6027],[-64.932,63.575],[-64.8545,63.5525],[-64.8453,63.5204],[-64.814,63.4979],[-64.8167,63.4576],[-64.7601,63.3549],[-64.7149,63.3173],[-64.7025,63.2791],[-64.5897,63.2349],[-64.5693,63.2636],[-64.5129,63.2805],[-64.5373,63.2944],[-64.473,63.3178],[-64.5001,63.3766],[-64.499,63.4001],[-64.4594,63.4327],[-64.4613,63.4515],[-64.5024,63.478],[-64.5003,63.5385],[-64.5244,63.5755],[-64.5907,63.598],[-64.4882,63.6384],[-64.5121,63.6874],[-64.5649,63.7104],[-64.6435,63.7307],[-64.6656,63.7615],[-64.7467,63.7403],[-64.8048,63.7645],[-64.8712,63.7716],[-64.9639,63.8115],[-64.9106,63.8525],[-64.7933,63.9242],[-64.609,63.9726],[-64.6331,63.9966],[-64.6961,64.0236],[-64.7266,63.9946],[-64.7655,64.0203],[-64.8881,63.9925],[-64.9158,64.0132],[-65.0396,64.0027],[-65.1043,64.0107],[-65.1629,64.0047],[-65.1879,64.0181],[-65.0781,64.0306],[-65.0098,64.0472],[-65.0325,64.068],[-65.1159,64.0828],[-65.0993,64.1013],[-65.1554,64.1392],[-65.2591,64.1802],[-65.216,64.1928],[-65.2801,64.2196],[-65.321,64.2485],[-65.3902,64.2404],[-65.4191,64.2714],[-65.4958,64.3044],[-65.4998,64.3257],[-65.3889,64.31],[-65.3107,64.2882],[-65.1957,64.2943],[-65.1448,64.3369],[-65.1714,64.3601],[-65.2524,64.3739],[-65.1686,64.3879],[-65.0647,64.4147],[-65.0487,64.4576],[-65.0598,64.4807],[-65.1351,64.4721],[-65.2076,64.4833],[-65.1898,64.5244],[-65.2594,64.5192],[-65.3127,64.5374],[-65.3773,64.529],[-65.4189,64.4964],[-65.5702,64.4981],[-65.6075,64.5063],[-65.6514,64.4886],[-65.7046,64.5183],[-65.6845,64.5933],[-65.5562,64.642],[-65.5673,64.6906],[-65.5299,64.7224],[-65.5661,64.7606],[-65.6043,64.7796],[-65.6537,64.7766],[-65.6832,64.6944],[-65.7039,64.7013],[-65.7173,64.7599],[-65.6737,64.7923],[-65.6434,64.7975],[-65.6673,64.8331],[-65.7021,64.8483],[-65.832,64.8835],[-65.9054,64.8923],[-65.9446,64.8732],[-65.9058,64.8301],[-65.9326,64.8059],[-65.8654,64.7644],[-65.8913,64.7382],[-65.8439,64.6661],[-65.8764,64.669],[-65.9344,64.7323],[-65.9217,64.7634],[-65.9471,64.7723],[-66.0088,64.7436],[-66.0254,64.7729],[-65.9956,64.7875],[-66.0016,64.848],[-66.0529,64.8349],[-66.1271,64.7476],[-66.1255,64.7171],[-66.2166,64.7296],[-66.1887,64.7558],[-66.2637,64.7658],[-66.2534,64.7823],[-66.1787,64.7791],[-66.1572,64.7955],[-66.1658,64.8275],[-66.1192,64.8684],[-66.1817,64.8879],[-66.2621,64.8947],[-66.3326,64.9153],[-66.4683,64.9395],[-66.445,64.9747],[-66.4874,64.987],[-66.5144,65.0141],[-66.5855,65.0224],[-66.635,65.0392],[-66.672,65.0312],[-66.6289,64.9986],[-66.6203,64.9467],[-66.6307,64.912],[-66.6692,64.8522],[-66.66,64.8118],[-66.6146,64.7939],[-66.6467,64.7688],[-66.694,64.7837],[-66.7336,64.8331],[-66.71,64.91],[-66.7499,64.9169],[-66.7553,64.9513],[-66.7329,64.963],[-66.7389,65.0115],[-66.8079,65.0311],[-66.8765,65.0339],[-66.8266,65.0873],[-66.7415,65.1551],[-66.8549,65.1569],[-66.8664,65.1253],[-66.8986,65.1135],[-66.9128,65.0658],[-66.9787,65.093],[-67.0976,65.0618],[-67.0726,65.0953],[-66.9613,65.1032],[-66.9373,65.1642],[-66.9492,65.1908],[-66.9878,65.1925],[-67.0191,65.2214],[-67.0884,65.212],[-67.1514,65.2385],[-67.0734,65.2399],[-67.0699,65.2589],[-67.1354,65.2581],[-67.1347,65.2896],[-67.2033,65.3064],[-67.1065,65.3163],[-67.2886,65.3551],[-67.3404,65.3198],[-67.3903,65.328],[-67.3088,65.3516],[-67.3119,65.3676],[-67.1318,65.3545],[-67.0692,65.3912],[-67.0519,65.4188],[-67.0952,65.4338],[-67.054,65.4522],[-67.1315,65.4747],[-67.1507,65.4617],[-67.2855,65.4699],[-67.3387,65.4561],[-67.3783,65.4764],[-67.4616,65.4954],[-67.3981,65.5129],[-67.336,65.5697],[-67.2598,65.5881],[-67.2647,65.6452],[-67.3157,65.6676],[-67.3663,65.6659],[-67.418,65.6794],[-67.4628,65.6687],[-67.479,65.6462],[-67.5488,65.6678],[-67.6727,65.6435],[-67.7514,65.6345],[-67.81,65.5984],[-67.9057,65.5568],[-67.9461,65.5844],[-67.8969,65.6224],[-67.8578,65.63],[-67.8571,65.6833],[-67.9873,65.701],[-67.924,65.7533],[-67.8756,65.7484],[-67.8064,65.7756],[-67.8287,65.7864],[-67.8202,65.8241],[-67.863,65.8219],[-67.8943,65.798],[-67.9448,65.7976],[-68.0095,65.7754],[-68.0853,65.7975],[-68.052,65.8332],[-68.1716,65.8549],[-68.1621,65.8821],[-68.1243,65.8966],[-68.116,65.9251],[-68.1837,65.9263],[-68.2213,65.9108],[-68.3178,65.9218],[-68.3074,65.9467],[-68.2376,65.9605],[-68.1979,65.9787],[-68.1153,65.9647],[-68.0934,65.9796],[-68.136,66.0005],[-68.194,65.9972],[-68.1665,66.0346],[-68.1099,66.0272],[-68.0768,65.9819],[-68.0406,66.0056],[-68.0385,66.0364],[-68.011,66.0824],[-68.0905,66.0876],[-68.1369,66.1171],[-68.1823,66.1303],[-68.2476,66.1091],[-68.2617,66.085],[-68.3472,66.1198],[-68.3988,66.1622],[-68.4679,66.198],[-68.5741,66.1739],[-68.6174,66.197],[-68.4957,66.2074],[-68.4069,66.2221],[-68.3894,66.1871],[-68.3539,66.1763],[-68.3208,66.2196],[-68.2541,66.2039],[-68.2278,66.1498],[-68.1731,66.1327],[-67.9989,66.1038],[-68.0177,66.0303],[-68.0073,65.9894],[-67.9554,65.9539],[-67.9699,65.9319],[-67.8705,65.8958],[-67.7385,65.89],[-67.7513,65.9295],[-67.7425,65.9588],[-67.7993,65.9817],[-67.7555,65.9952],[-67.6885,65.924],[-67.5647,65.8979],[-67.5272,65.9141],[-67.4763,65.8917],[-67.429,65.8965],[-67.419,65.9466],[-67.3757,65.9278],[-67.2669,65.9299],[-67.2367,65.9159],[-67.1697,65.924],[-67.2253,65.9501],[-67.2106,65.9718],[-67.2339,65.9947],[-67.1714,66.0099],[-67.158,66.0383],[-67.2338,66.0466],[-67.2787,66.1088],[-67.4199,66.1322],[-67.4641,66.1759],[-67.544,66.1751],[-67.5977,66.2099],[-67.6647,66.2303],[-67.7083,66.2275],[-67.738,66.2606],[-67.6984,66.2955],[-67.7297,66.3159],[-67.7567,66.3604],[-67.8233,66.4073],[-67.8711,66.418],[-67.8665,66.4548],[-67.9393,66.493],[-67.9158,66.5089],[-67.8578,66.4995],[-67.8144,66.4645],[-67.7416,66.4456],[-67.701,66.4703],[-67.7631,66.4817],[-67.7428,66.5069],[-67.6367,66.443],[-67.6557,66.4252],[-67.4966,66.3893],[-67.4166,66.2964],[-67.2276,66.2788],[-67.2168,66.3023],[-67.165,66.2961],[-67.1291,66.3199],[-67.1946,66.3621],[-67.2254,66.3643],[-67.2992,66.3947],[-67.2326,66.4003],[-67.1754,66.3709],[-67.1244,66.3875],[-67.1581,66.4057],[-67.1176,66.4414],[-67.1655,66.4491],[-67.2306,66.4766],[-67.3028,66.5334],[-67.3725,66.5522],[-67.4354,66.5443],[-67.6155,66.556],[-67.6476,66.5951],[-67.6179,66.5986],[-67.5666,66.5654],[-67.5074,66.5886],[-67.572,66.628],[-67.508,66.6243],[-67.4424,66.5774],[-67.336,66.604],[-67.3125,66.5662],[-67.2139,66.5442],[-67.1843,66.5268],[-67.1949,66.5006],[-67.1575,66.4866],[-67.1069,66.5351],[-67.0587,66.522],[-66.9002,66.5552],[-66.8547,66.5876],[-66.7293,66.593],[-66.7945,66.5583],[-66.7999,66.5196],[-66.7646,66.503],[-66.8177,66.4645],[-66.7711,66.4398],[-66.714,66.4331],[-66.7187,66.3843],[-66.648,66.3658],[-66.588,66.3755],[-66.5772,66.3513],[-66.4689,66.3132],[-66.5502,66.2639],[-66.5411,66.2442],[-66.4841,66.2116],[-66.4537,66.2074],[-66.3585,66.2205],[-66.3645,66.2577],[-66.3096,66.2482],[-66.2502,66.2072],[-66.2094,66.2017],[-66.1458,66.1459],[-66.093,66.1254],[-65.9816,66.1097],[-65.8137,66.1467],[-65.7478,66.1772],[-65.7015,66.1833],[-65.649,66.2191],[-65.5843,66.247],[-65.5572,66.2988],[-65.5637,66.3242],[-65.512,66.3474],[-65.5047,66.3886],[-65.4748,66.3886],[-65.483,66.3133],[-65.5262,66.2719],[-65.5231,66.2355],[-65.6382,66.1903],[-65.6417,66.1651],[-65.9031,66.0945],[-65.911,66.0733],[-65.9644,66.0426],[-65.9493,66.0158],[-65.9516,65.9684],[-65.9009,65.9464],[-65.8536,65.9447],[-65.7572,65.9677],[-65.4329,65.9733],[-65.3426,65.9875],[-65.3235,66.0015],[-65.0742,66.0534],[-65.0222,66.0689],[-64.9518,66.0693],[-64.8994,66.0915],[-64.8402,66.1019],[-64.8476,66.1892],[-64.7872,66.2347],[-64.7193,66.2619],[-64.6896,66.2856],[-64.6475,66.2828],[-64.5785,66.3159],[-64.5147,66.3165],[-64.4666,66.343],[-64.378,66.3366],[-64.4987,66.2932],[-64.5423,66.2941],[-64.5638,66.2713],[-64.6267,66.2579],[-64.7114,66.2183],[-64.7615,66.1853],[-64.7455,66.1493],[-64.7629,66.1374],[-64.7689,66.0866],[-64.8187,66.0665],[-64.8557,66.0262],[-64.8105,65.9738],[-64.9137,66.0044],[-64.9673,66.0018],[-65.0631,65.9683],[-65.1588,65.9619],[-65.1683,65.9474],[-65.2495,65.9396],[-65.3312,65.9188],[-65.3495,65.8927],[-65.4016,65.8719],[-65.4426,65.834],[-65.4508,65.8053],[-65.4982,65.7479],[-65.4579,65.7482],[-65.4246,65.7083],[-65.4535,65.6748],[-65.3604,65.6634],[-65.2393,65.6706],[-65.138,65.6632],[-65.126,65.683],[-65.0112,65.7161],[-64.8164,65.7316],[-64.8499,65.7094],[-64.9754,65.7104],[-65.1358,65.6382],[-65.2977,65.6343],[-65.2747,65.5689],[-65.2227,65.5633],[-65.1481,65.5383],[-64.999,65.5486],[-64.8904,65.6097],[-64.8782,65.6375],[-64.8356,65.641],[-64.8404,65.6037],[-64.8724,65.5707],[-64.9479,65.532],[-65.0879,65.4993],[-65.1533,65.4968],[-65.135,65.4543],[-65.1569,65.4307],[-65.0642,65.3724],[-65.0008,65.375],[-64.9845,65.4041],[-64.8589,65.4243],[-64.693,65.4222],[-64.6569,65.4413],[-64.573,65.4489],[-64.4561,65.439],[-64.5303,65.4227],[-64.6075,65.4287],[-64.6746,65.3942],[-64.7758,65.3803],[-64.8328,65.3484],[-64.8442,65.3213],[-64.9028,65.3149],[-64.9011,65.2701],[-64.8248,65.2588],[-64.7956,65.2318],[-64.7499,65.2519],[-64.6585,65.2436],[-64.724,65.2221],[-64.6831,65.2046],[-64.7091,65.1806],[-64.6919,65.1653],[-64.6226,65.1585],[-64.5773,65.1332],[-64.558,65.086],[-64.5119,65.1152],[-64.4971,65.1485],[-64.4494,65.1913],[-64.4669,65.2517],[-64.4667,65.3011],[-64.4111,65.3433],[-64.362,65.3482],[-64.3296,65.3924],[-64.2838,65.4024],[-64.2585,65.3824],[-64.3097,65.3645],[-64.3563,65.3133],[-64.3492,65.2734],[-64.4084,65.2507],[-64.3879,65.2376],[-64.3745,65.1829],[-64.3421,65.1772],[-64.3108,65.1466],[-64.2518,65.1819],[-64.1898,65.2039],[-64.1262,65.1805],[-64.2305,65.1642],[-64.2306,65.1367],[-64.2641,65.1026],[-64.1739,65.0815],[-64.1436,65.0489],[-64.0926,65.0484],[-64.0864,65.1131],[-63.9479,65.0903],[-63.93,65.1342],[-63.8585,65.1148],[-63.9003,65.0931],[-63.8666,65.0268],[-63.8192,65.0228],[-63.8466,64.9845],[-63.7363,64.9546],[-63.6626,64.986],[-63.6216,64.9704],[-63.6514,64.9365],[-63.6066,64.8927],[-63.5343,64.8908],[-63.5502,64.9696],[-63.5214,65.0021],[-63.4874,65.0159],[-63.4105,65.0224],[-63.3913,65.0557],[-63.4518,65.0981],[-63.3591,65.1192],[-63.3609,65.1459],[-63.4237,65.1371],[-63.462,65.1766],[-63.3907,65.1984],[-63.3174,65.1906],[-63.3549,65.2391],[-63.352,65.2697],[-63.4015,65.2858],[-63.3759,65.3103],[-63.4246,65.3363],[-63.4794,65.3509],[-63.4507,65.3729],[-63.4756,65.3962],[-63.5938,65.4603],[-63.4223,65.426],[-63.3452,65.4406],[-63.3674,65.4657],[-63.4177,65.4783],[-63.5353,65.4823],[-63.536,65.5142],[-63.6115,65.5268],[-63.5426,65.5562],[-63.474,65.519],[-63.4337,65.5334],[-63.365,65.5294],[-63.3593,65.5786],[-63.331,65.5938],[-63.3709,65.6253],[-63.5062,65.6281],[-63.6181,65.6587],[-63.5914,65.669],[-63.4515,65.673],[-63.3499,65.6581],[-63.3871,65.6876],[-63.4034,65.7593],[-63.4802,65.8466],[-63.5216,65.8764],[-63.5146,65.9333],[-63.4059,65.8509],[-63.391,65.816],[-63.3564,65.7887],[-63.3049,65.7091],[-63.2507,65.6874],[-63.2267,65.6576],[-63.1565,65.6464],[-63.0928,65.6246],[-63.0429,65.626],[-63.0027,65.5893],[-62.9605,65.5774],[-62.9259,65.6174],[-62.8896,65.6378],[-62.8359,65.6223],[-62.8214,65.6042],[-62.733,65.5844],[-62.7375,65.6088],[-62.6608,65.6179],[-62.6079,65.6527],[-62.614,65.6763],[-62.6637,65.6982],[-62.76,65.7035],[-62.8359,65.7347],[-62.7474,65.7475],[-62.6622,65.7218],[-62.5726,65.7108],[-62.562,65.7405],[-62.5838,65.7628],[-62.6898,65.788],[-62.7965,65.8223],[-62.8217,65.8595],[-62.7825,65.8645],[-62.7315,65.8471],[-62.6846,65.8063],[-62.6282,65.8043],[-62.5137,65.7806],[-62.4596,65.7805],[-62.288,65.7977],[-62.369,65.8472],[-62.3616,65.895],[-62.392,65.918],[-62.3864,65.9451],[-62.4148,65.9657],[-62.4918,65.9689],[-62.5644,65.9957],[-62.6457,65.9965],[-62.664,66.0075],[-62.7618,66.0027],[-62.8701,66.0412],[-62.8322,66.0538],[-62.758,66.0214],[-62.6782,66.0308],[-62.6055,66.0135],[-62.5645,66.0228],[-62.4986,66.0189],[-62.4458,65.9984],[-62.3765,65.995],[-62.3222,65.9669],[-62.1791,66.0052],[-62.1253,65.9905],[-62.0592,65.9954],[-62.0021,66.0192],[-62.0363,66.0436],[-62.14,66.039],[-62.049,66.0863],[-62.068,66.1039],[-62.1321,66.085],[-62.1567,66.0952],[-62.1787,66.1404],[-62.3426,66.1608],[-62.3558,66.1778],[-62.4354,66.1714],[-62.4828,66.1937],[-62.4944,66.2193],[-62.6259,66.1846],[-62.6984,66.1851],[-62.7287,66.214],[-62.8034,66.2365],[-62.8033,66.2815],[-62.8903,66.3127],[-62.8461,66.329],[-62.7734,66.3001],[-62.7861,66.2803],[-62.7675,66.2355],[-62.7104,66.2335],[-62.695,66.2056],[-62.6192,66.2127],[-62.4379,66.2602],[-62.3163,66.2979],[-62.4572,66.364],[-62.4873,66.4003],[-62.5757,66.3855],[-62.6004,66.4144],[-62.4753,66.4205],[-62.3375,66.4041],[-62.2121,66.41],[-62.2198,66.356],[-62.1764,66.3079],[-62.1292,66.3058],[-62.0776,66.3256],[-62.0322,66.3217],[-62.0205,66.3004],[-61.8953,66.2776],[-61.818,66.2932],[-61.7515,66.3267],[-61.6674,66.3185],[-61.6019,66.343],[-61.5491,66.3362],[-61.4681,66.3561],[-61.522,66.4053],[-61.5649,66.4158],[-61.696,66.4037],[-61.7898,66.4236],[-61.6328,66.4406],[-61.5655,66.4574],[-61.5604,66.4824],[-61.6411,66.5106],[-61.6918,66.5563],[-61.7939,66.6117],[-61.9798,66.6375],[-62.062,66.5987],[-62.1001,66.6137],[-61.9814,66.6616],[-61.8405,66.6417],[-61.7773,66.6442],[-61.7115,66.6287],[-61.6483,66.5971],[-61.6055,66.5451],[-61.5311,66.5268],[-61.4267,66.5318],[-61.4431,66.5469],[-61.3459,66.581],[-61.2833,66.5949],[-61.2888,66.6756],[-61.344,66.687],[-61.3768,66.7144],[-61.4682,66.7476],[-61.4509,66.7711],[-61.5451,66.8102],[-61.6692,66.819],[-61.6091,66.8425],[-61.6221,66.8704],[-61.7252,66.8799],[-61.7783,66.8752],[-61.726,66.9304],[-61.8289,66.9609],[-61.9046,66.9705],[-62.0398,66.9464],[-62.0479,66.9958],[-61.9675,67.0407],[-62.0061,67.0521],[-62.1648,67.0502],[-62.2831,67.0256],[-62.2838,66.9998],[-62.2516,66.9672],[-62.2567,66.9457],[-62.4091,66.9231],[-62.4364,66.8789],[-62.396,66.8348],[-62.461,66.8304],[-62.5073,66.8642],[-62.5212,66.9057],[-62.5772,66.9531],[-62.7645,66.9327],[-62.737,66.8669],[-62.7605,66.8215],[-62.7299,66.7752],[-62.8114,66.7476],[-62.8341,66.7775],[-62.8134,66.8242],[-62.8537,66.8909],[-62.8575,66.9464],[-62.8723,66.9638],[-62.9698,66.966],[-62.9758,66.9428],[-63.0663,66.9363],[-63.1198,66.9477],[-63.1756,66.9113],[-63.2255,66.8921],[-63.3251,66.8985],[-63.3463,66.8802],[-63.3117,66.8235],[-63.364,66.7647],[-63.3791,66.7122],[-63.4377,66.7177],[-63.4106,66.7481],[-63.419,66.7697],[-63.3904,66.8061],[-63.4082,66.8875],[-63.4671,66.907],[-63.4954,66.883],[-63.4775,66.865],[-63.5057,66.8305],[-63.6269,66.803],[-63.7264,66.8092],[-63.5549,66.8459],[-63.5604,66.8938],[-63.4841,66.9259],[-63.3433,66.942],[-63.2265,66.9656],[-63.2232,67.0152],[-63.2708,67.0929],[-63.2943,67.1021],[-63.2467,67.1317],[-63.139,67.1532],[-63.0772,67.154],[-63.0105,67.1669],[-62.9538,67.2266],[-62.9727,67.2776],[-63.0756,67.3301],[-63.1507,67.3341],[-63.1896,67.3112],[-63.2893,67.3035],[-63.4114,67.192],[-63.4002,67.151],[-63.4713,67.1007],[-63.5374,67.0691],[-63.646,67.0555],[-63.7558,67.013],[-63.7889,67.023],[-63.7012,67.0574],[-63.6186,67.0706],[-63.5413,67.0966],[-63.4955,67.1413],[-63.4614,67.1548],[-63.4703,67.1848],[-63.4464,67.2277],[-63.5,67.2342],[-63.6728,67.2306],[-63.7809,67.221],[-63.7943,67.24],[-63.8699,67.2357],[-63.8919,67.2105],[-63.9801,67.178],[-64.1288,67.175],[-64.1637,67.1847],[-64.2682,67.1574],[-64.3568,67.1503],[-64.5699,67.1209],[-64.6159,67.0991],[-64.6373,67.0307],[-64.7056,67.0232],[-64.6858,67.1047],[-64.6438,67.1299],[-64.5724,67.1525],[-64.4348,67.1715],[-64.3527,67.1763],[-64.1753,67.2136],[-64.0747,67.2075],[-63.988,67.2221],[-63.9532,67.2689],[-64.0615,67.2758],[-64.2067,67.2635],[-64.3486,67.2277],[-64.5993,67.2326],[-64.7907,67.1942],[-64.8259,67.2081],[-64.7003,67.2402],[-64.5959,67.2542],[-64.3768,67.2528],[-64.2813,67.2741],[-64.2381,67.3018],[-64.3434,67.2994],[-64.4784,67.306],[-64.535,67.3202],[-64.7115,67.3324],[-64.8033,67.3524],[-64.7845,67.3708],[-64.6059,67.3394],[-64.5335,67.3396],[-64.399,67.329],[-64.2296,67.3249],[-64.0322,67.3114],[-63.9461,67.3437],[-63.9511,67.4089],[-64.0244,67.4579],[-64.1818,67.4605],[-64.2035,67.4755],[-64.1259,67.4885],[-64.1003,67.5363],[-64.08,67.6072],[-64.1348,67.6184],[-64.2051,67.6037],[-64.2459,67.6294],[-64.2036,67.6718],[-64.2379,67.7027],[-64.2904,67.7231],[-64.392,67.6897],[-64.4245,67.7026],[-64.3628,67.7331],[-64.3875,67.7595],[-64.5198,67.8119],[-64.6294,67.8267],[-64.7527,67.8198],[-64.7775,67.7823],[-64.7924,67.6864],[-64.8276,67.7083],[-64.8232,67.7603],[-64.8424,67.7833],[-64.9428,67.7839],[-65.0172,67.7561],[-65.0259,67.7344],[-65.1672,67.6907],[-65.1915,67.644],[-65.228,67.644],[-65.189,67.7219],[-65.1434,67.7441],[-65.0654,67.7503],[-65.0695,67.7669],[-65.0131,67.7883],[-65.0229,67.815],[-65.1358,67.8153],[-65.1096,67.8523],[-65.0578,67.8393],[-64.9462,67.9213],[-64.8577,67.9292],[-64.757,67.9581],[-64.7251,67.9823],[-64.8681,68.0167],[-64.9413,68.0423],[-65.0076,68.0475],[-65.0944,68.0406],[-65.1143,68.0105],[-65.1572,67.9924],[-65.1886,67.9533],[-65.3291,67.9276],[-65.4264,67.9172],[-65.4477,67.8642],[-65.4851,67.8459],[-65.5277,67.789],[-65.574,67.7805],[-65.3911,67.7018],[-65.3405,67.6054],[-65.3741,67.5961],[-65.4291,67.6955],[-65.595,67.7571],[-65.6277,67.7938],[-65.5795,67.8056],[-65.5387,67.8344],[-65.4749,67.9048],[-65.4785,67.9319],[-65.4498,67.9771],[-65.4845,67.9978],[-65.5335,67.9898],[-65.6451,68.001],[-65.7237,67.976],[-65.7647,67.935],[-65.7367,67.9165],[-65.7691,67.8913],[-65.7772,67.8607],[-65.9252,67.8272],[-65.9505,67.804],[-65.9353,67.7696],[-65.9617,67.6721],[-66.0128,67.5976],[-66.0573,67.5883],[-66.0404,67.6564],[-66.0164,67.6878],[-66.025,67.7229],[-65.9947,67.7434],[-65.9979,67.8189],[-65.9247,67.8723],[-65.9906,67.939],[-66.0259,67.9625],[-65.9482,68.0198],[-66.0376,68.0085],[-66.1166,67.9763],[-66.1794,67.9756],[-66.2714,67.9513],[-66.2697,67.9265],[-66.3225,67.9093],[-66.3146,67.8749],[-66.3423,67.8375],[-66.5101,67.8203],[-66.5301,67.8323],[-66.6619,67.8624],[-66.6271,67.8726],[-66.4919,67.8466],[-66.4082,67.8556],[-66.3876,67.8682],[-66.3949,67.9079],[-66.3559,67.9314],[-66.3479,67.9658],[-66.2675,67.9979],[-66.1883,68.0097],[-66.2289,68.0312],[-66.256,68.0817],[-66.3814,68.0635],[-66.4196,68.0798],[-66.3371,68.0968],[-66.3114,68.1234],[-66.527,68.1487],[-66.616,68.1386],[-66.6247,68.0671],[-66.6468,68.0273],[-66.6917,67.9852],[-66.7387,67.9877],[-66.6877,68.0438],[-66.6737,68.1254],[-66.7544,68.1274],[-66.7905,68.1003],[-66.8295,68.0995],[-66.9698,68.0263],[-66.9755,68.0651],[-66.8408,68.1175],[-66.8467,68.1554],[-66.8271,68.1922],[-66.7651,68.2369],[-66.958,68.2681],[-66.9856,68.2858],[-67.1247,68.2846],[-67.1873,68.2708],[-67.2896,68.2239],[-67.2843,68.1848],[-67.3626,68.1281],[-67.4316,68.1294],[-67.3338,68.1797],[-67.3319,68.2454],[-67.2354,68.2921],[-67.1097,68.3169],[-67.072,68.3335],[-67.1864,68.3577],[-67.2671,68.3675],[-67.3129,68.3515],[-67.4109,68.361],[-67.4753,68.3258],[-67.5523,68.3031],[-67.5897,68.323],[-67.739,68.3275],[-67.8303,68.2949],[-67.8825,68.306],[-67.7695,68.3466],[-67.6186,68.3576],[-67.5184,68.37],[-67.4019,68.3967],[-67.3093,68.4044],[-67.2068,68.3973],[-67.0255,68.3608],[-66.9545,68.3784],[-66.9237,68.4242],[-66.8152,68.4107],[-66.8063,68.4341],[-66.7339,68.4524],[-66.8059,68.4795],[-66.8497,68.4636],[-67.0087,68.4484],[-67.0683,68.4781],[-67.1279,68.4875],[-67.1005,68.4266],[-67.1779,68.4126],[-67.2493,68.4332],[-67.3441,68.505],[-67.4137,68.4843],[-67.575,68.491],[-67.606,68.4326],[-67.6376,68.4954],[-67.6227,68.5122],[-67.5386,68.5153],[-67.5098,68.5357],[-67.539,68.5559],[-67.6081,68.5464],[-67.6749,68.571],[-67.7409,68.5434],[-67.8798,68.5389],[-67.879,68.4731],[-67.9217,68.4784],[-67.923,68.5222],[-67.9791,68.5404],[-68.0753,68.5441],[-68.1336,68.5366],[-68.1362,68.5784],[-68.2032,68.5691],[-68.2252,68.5905],[-68.4153,68.5977],[-68.4846,68.5769],[-68.5103,68.5946],[-68.5059,68.6251],[-68.6352,68.638],[-68.7018,68.6293],[-68.7379,68.6029],[-68.8599,68.593],[-68.812,68.6208],[-68.8053,68.6422],[-68.7058,68.6587],[-68.6236,68.6605],[-68.3835,68.6343],[-68.214,68.6624],[-68.1598,68.6414],[-68.1019,68.6358],[-68.0681,68.685],[-68.2369,68.7168],[-68.3863,68.7351],[-68.5176,68.7329],[-68.5562,68.7507],[-68.6703,68.74],[-68.7547,68.7658],[-68.8829,68.7727],[-68.9346,68.748],[-68.9983,68.7613],[-68.9577,68.7905],[-69.0951,68.8058],[-69.4107,68.8159],[-69.3852,68.8378],[-69.269,68.8327],[-69.2867,68.8621],[-69.4087,68.859],[-69.416,68.8709],[-69.2741,68.878],[-69.0354,68.84],[-69.0069,68.8247],[-68.9278,68.8109],[-68.8516,68.8158],[-68.7802,68.8045],[-68.7503,68.8154],[-68.6511,68.7911],[-68.5123,68.7967],[-68.5171,68.8171],[-68.6017,68.8312],[-68.6105,68.8547],[-68.4895,68.8419],[-68.4355,68.8483],[-68.3562,68.8325],[-68.1078,68.8118],[-68.0652,68.8009],[-67.8988,68.7807],[-67.8693,68.8107],[-68.1041,68.8368],[-68.2453,68.8622],[-68.2757,68.8766],[-68.3681,68.8871],[-68.3983,68.9101],[-68.2694,68.8981],[-68.1307,68.871],[-67.9902,68.8596],[-67.9932,68.8925],[-68.0686,68.9176],[-68.0607,68.9467],[-68.1926,68.9518],[-68.2788,68.9687],[-68.3424,68.9916],[-68.5096,68.974],[-68.5142,68.9899],[-68.4321,68.9943],[-68.3441,69.0181],[-68.2,68.9996],[-68.1266,68.9807],[-68.0113,68.9724],[-68.001,69.0008],[-67.8862,69.0137],[-67.7696,69.0117],[-67.7581,69.038],[-67.8403,69.0529],[-67.9089,69.0769],[-68.0121,69.098],[-68.0932,69.1274],[-68.1342,69.1289],[-68.2147,69.1538],[-68.3551,69.1677],[-68.4344,69.1824],[-68.4987,69.1722],[-68.5967,69.1402],[-68.6932,69.117],[-68.7543,69.1198],[-68.8266,69.1079],[-68.8866,69.0827],[-68.9011,69.0488],[-68.9744,69.0294],[-68.9263,69.1028],[-69.0308,69.1244],[-68.8849,69.1288],[-68.7276,69.1441],[-68.6703,69.1682],[-68.5496,69.1949],[-68.6037,69.2159],[-68.772,69.2028],[-68.7752,69.2181],[-68.6786,69.2337],[-68.5759,69.239],[-68.418,69.2297],[-68.3089,69.2165],[-68.1435,69.2047],[-68.0887,69.228],[-68.1826,69.2725],[-68.2485,69.2794],[-68.3637,69.2675],[-68.4321,69.2706],[-68.7821,69.3113],[-68.9469,69.3387],[-69.0329,69.3338],[-69.0581,69.3167],[-69.231,69.2977],[-69.0481,69.3566],[-68.9663,69.3619],[-68.6613,69.3219],[-68.6167,69.3221],[-68.4178,69.299],[-68.2031,69.3176],[-68.1538,69.3104],[-67.9966,69.2612],[-67.9225,69.2472],[-67.8751,69.2271],[-67.647,69.175],[-67.6214,69.1812],[-67.4876,69.1707],[-67.4164,69.1897],[-67.3473,69.1959],[-67.2963,69.1773],[-67.2249,69.1742],[-67.1526,69.1976],[-67.0078,69.188],[-66.8588,69.1522],[-66.7728,69.1426],[-66.6803,69.1888],[-66.6621,69.2421],[-66.6934,69.2824],[-66.7638,69.3299],[-66.8549,69.3676],[-67.0296,69.407],[-67.1996,69.4624],[-67.2965,69.4742],[-67.4485,69.4714],[-67.7709,69.4904],[-67.8549,69.4665],[-67.9987,69.4675],[-68.2378,69.5187],[-68.3351,69.5312],[-68.4198,69.5562],[-68.5468,69.5838],[-68.736,69.5965],[-68.8394,69.5741],[-68.9407,69.5665],[-69.0232,69.5397],[-69.1115,69.536],[-69.2304,69.5094],[-69.3282,69.5068],[-69.4426,69.5185],[-69.6258,69.5498],[-69.6815,69.5527],[-69.8196,69.5329],[-69.8661,69.5142],[-69.9977,69.5153],[-69.8424,69.5571],[-69.7423,69.5696],[-69.5442,69.5613],[-69.3427,69.5333],[-69.229,69.5397],[-69.1345,69.5669],[-69.0643,69.5681],[-69.0036,69.5939],[-68.9126,69.6054],[-68.8424,69.6284],[-68.6913,69.6516],[-68.4902,69.6286],[-68.358,69.6278],[-68.2956,69.6479],[-68.2337,69.6817],[-68.1967,69.7193],[-68.1281,69.7352],[-68.1111,69.7613],[-68.0696,69.7715],[-67.9016,69.7833],[-67.7887,69.7823],[-67.6235,69.758],[-67.5049,69.7314],[-67.4046,69.7196],[-67.2722,69.7249],[-67.2078,69.7188],[-67.1274,69.7383],[-67.1711,69.7835],[-67.1743,69.823],[-67.2128,69.8753],[-67.2477,69.9697],[-67.3478,69.9924],[-67.3744,70.0561],[-67.604,70.1814]],[[-67.1724,65.2493],[-67.2564,65.2426],[-67.2695,65.2294],[-67.3546,65.2297],[-67.4569,65.2139],[-67.4701,65.2284],[-67.4018,65.24],[-67.3132,65.2377],[-67.2923,65.2555],[-67.1724,65.2493]]],[[[-94.8281,60],[-94.7959,60.0277],[-94.7799,60.0694],[-94.7302,60.0849],[-94.7087,60.1043],[-94.7361,60.1262],[-94.7557,60.1701],[-94.7262,60.1914],[-94.7223,60.278],[-94.6667,60.3376],[-94.6454,60.3807],[-94.659,60.4152],[-94.7028,60.4745],[-94.6574,60.5222],[-94.6127,60.5123],[-94.5566,60.5365],[-94.5613,60.562],[-94.524,60.6345],[-94.4298,60.6996],[-94.4458,60.7399],[-94.4241,60.771],[-94.3506,60.8258],[-94.3282,60.8607],[-94.2282,60.8853],[-94.2097,60.9618],[-94.1708,61.0074],[-94.1803,61.0242],[-94.1683,61.0653],[-94.1266,61.0651],[-94.0883,61.0821],[-93.9854,61.0893],[-94.0006,61.1029],[-94.0902,61.1145],[-94.0456,61.1511],[-94.08,61.1674],[-94.0134,61.2057],[-94.0474,61.2418],[-94.0567,61.2807],[-94.014,61.2917],[-93.9054,61.2944],[-93.8549,61.3272],[-93.8163,61.34],[-93.8754,61.3864],[-93.9674,61.3945],[-93.9939,61.4523],[-93.9079,61.506],[-93.8892,61.5353],[-93.83,61.5524],[-93.7793,61.5512],[-93.7636,61.5815],[-93.6808,61.6079],[-93.6616,61.6277],[-93.5622,61.6546],[-93.5297,61.6806],[-93.4559,61.6811],[-93.3878,61.6937],[-93.3317,61.7159],[-93.3898,61.7249],[-93.5744,61.7075],[-93.6588,61.744],[-93.6481,61.7602],[-93.7577,61.785],[-93.795,61.8044],[-93.8606,61.7955],[-93.8481,61.8267],[-93.7713,61.8121],[-93.7538,61.7978],[-93.654,61.7638],[-93.5466,61.7586],[-93.4968,61.7386],[-93.4801,61.7664],[-93.4334,61.7613],[-93.3674,61.7383],[-93.2845,61.7414],[-93.2795,61.7834],[-93.3267,61.7766],[-93.3741,61.785],[-93.4124,61.7777],[-93.4575,61.8105],[-93.5424,61.836],[-93.5805,61.8302],[-93.6298,61.8585],[-93.6092,61.8799],[-93.5317,61.886],[-93.5508,61.9192],[-93.6325,61.9432],[-93.6006,61.9568],[-93.5638,61.9447],[-93.4565,61.9256],[-93.346,61.8923],[-93.2988,61.9127],[-93.3659,61.9467],[-93.2962,61.9496],[-93.2398,61.9401],[-93.2251,61.9581],[-93.3211,61.9961],[-93.3352,62.0225],[-93.2979,62.0454],[-93.255,62.0371],[-93.2369,62.0094],[-93.1866,61.9893],[-93.1141,61.9848],[-93.1718,62.021],[-93.1845,62.051],[-93.148,62.0544],[-93.1019,62.0391],[-93.0932,62.0844],[-93.018,62.0655],[-92.9647,62.0986],[-92.9722,62.1106],[-93.099,62.1053],[-93.1422,62.1238],[-93.1291,62.1604],[-93.2586,62.1615],[-93.2414,62.1811],[-93.1352,62.1766],[-93.0615,62.1558],[-93.0405,62.1693],[-92.9756,62.1635],[-93.0396,62.2021],[-92.9531,62.2031],[-92.8737,62.2198],[-92.7948,62.1904],[-92.7682,62.25],[-92.8455,62.2779],[-92.9801,62.2953],[-93.0317,62.3088],[-93.0762,62.3334],[-93.1733,62.3378],[-93.2376,62.3493],[-93.2605,62.3724],[-93.3435,62.3698],[-93.417,62.394],[-93.4599,62.3773],[-93.5387,62.3917],[-93.5516,62.4152],[-93.4365,62.4006],[-93.3446,62.3721],[-93.274,62.378],[-93.2368,62.3664],[-93.237,62.356],[-93.1209,62.3379],[-93.0752,62.3347],[-93.0261,62.3247],[-92.9965,62.3307],[-92.9077,62.3123],[-92.8474,62.313],[-92.7751,62.2916],[-92.7224,62.2971],[-92.6568,62.2646],[-92.6412,62.227],[-92.5775,62.1982],[-92.6112,62.158],[-92.5115,62.185],[-92.5558,62.2283],[-92.5448,62.3082],[-92.7331,62.3721],[-92.6987,62.3924],[-92.7372,62.4488],[-92.7294,62.4752],[-92.6076,62.482],[-92.5452,62.4546],[-92.5353,62.4314],[-92.5703,62.3953],[-92.521,62.3885],[-92.4994,62.4055],[-92.3866,62.3905],[-92.3058,62.3886],[-92.3328,62.3617],[-92.2744,62.3563],[-92.1772,62.3646],[-92.1352,62.383],[-92.1603,62.4105],[-92.2265,62.3965],[-92.2794,62.4241],[-92.3969,62.406],[-92.4396,62.4278],[-92.5388,62.4516],[-92.5171,62.489],[-92.5504,62.5398],[-92.5784,62.5409],[-92.5907,62.5746],[-92.6374,62.5973],[-92.6533,62.6466],[-92.5698,62.5903],[-92.5559,62.5678],[-92.4504,62.5282],[-92.3837,62.5316],[-92.323,62.5639],[-92.2462,62.5679],[-92.2256,62.5897],[-92.1666,62.5677],[-92.1645,62.5396],[-92.1047,62.5399],[-92.0638,62.526],[-91.9706,62.543],[-91.8647,62.5779],[-91.8586,62.6183],[-91.9002,62.6552],[-92.0028,62.6435],[-92.1007,62.665],[-92.1562,62.6629],[-92.2113,62.6869],[-92.3049,62.7059],[-92.429,62.8026],[-92.409,62.8314],[-92.36,62.8447],[-92.2279,62.8328],[-92.1735,62.803],[-92.1503,62.8136],[-92.0785,62.794],[-92.0779,62.8234],[-92.1366,62.8486],[-92.1091,62.8618],[-91.9146,62.8366],[-91.8651,62.8229],[-91.7734,62.8338],[-91.6555,62.8044],[-91.5574,62.7975],[-91.4942,62.8023],[-91.4324,62.791],[-91.3568,62.8096],[-91.3512,62.8316],[-91.2986,62.8335],[-91.2731,62.8513],[-91.2111,62.8503],[-91.1806,62.867],[-91.1969,62.8891],[-91.145,62.8943],[-91.0141,62.9386],[-90.9008,62.9412],[-90.8127,62.9178],[-90.7129,62.9561],[-90.7022,62.9729],[-90.7516,62.9853],[-90.6521,63.0505],[-90.6254,63.0831],[-90.6973,63.1335],[-90.6598,63.1587],[-90.6559,63.1818],[-90.6971,63.1866],[-90.6891,63.2246],[-90.734,63.2474],[-90.754,63.3234],[-90.6829,63.3341],[-90.6736,63.3562],[-90.7692,63.3537],[-90.8306,63.3738],[-90.819,63.3942],[-90.8644,63.4205],[-90.9163,63.4236],[-90.9305,63.4414],[-90.9946,63.4712],[-91.0269,63.4561],[-91.1174,63.4613],[-91.1113,63.4772],[-91.2869,63.502],[-91.3432,63.4934],[-91.3934,63.5155],[-91.4935,63.5406],[-91.5129,63.5766],[-91.6384,63.589],[-91.5973,63.6366],[-91.6101,63.6534],[-91.6663,63.673],[-91.7075,63.7038],[-91.7867,63.7219],[-91.9913,63.6834],[-92.047,63.6629],[-92.0357,63.6271],[-92.0921,63.6361],[-92.1267,63.6178],[-92.2173,63.5994],[-92.2562,63.5727],[-92.3345,63.5665],[-92.331,63.5457],[-92.36,63.5386],[-92.3719,63.5099],[-92.2878,63.4709],[-92.2469,63.4443],[-92.316,63.4398],[-92.3011,63.4732],[-92.3645,63.4988],[-92.3751,63.5112],[-92.3731,63.523],[-92.4259,63.5454],[-92.4506,63.5284],[-92.498,63.5247],[-92.52,63.5427],[-92.3402,63.585],[-92.3132,63.6091],[-92.1573,63.6446],[-92.2144,63.6659],[-92.0966,63.6827],[-92.1614,63.7168],[-92.2304,63.7191],[-92.2376,63.745],[-92.3479,63.7365],[-92.393,63.7238],[-92.4653,63.8009],[-92.522,63.8155],[-92.5925,63.7816],[-92.6011,63.7672],[-92.7954,63.8293],[-92.8314,63.8252],[-92.9021,63.8458],[-92.9508,63.847],[-93.0101,63.8669],[-93.0948,63.869],[-93.1278,63.8979],[-93.2203,63.9025],[-93.3635,63.9659],[-93.4309,63.9632],[-93.4475,63.9163],[-93.4254,63.8871],[-93.368,63.872],[-93.3703,63.8443],[-93.4462,63.8493],[-93.4812,63.84],[-93.5993,63.8707],[-93.662,63.9221],[-93.7168,63.9536],[-93.6668,63.98],[-93.5299,63.9793],[-93.536,64.0209],[-93.6065,64.0501],[-93.6755,64.0915],[-93.6176,64.0883],[-93.5544,64.0686],[-93.4518,64.0139],[-93.3472,63.9872],[-93.3425,63.9751],[-93.2454,63.9719],[-93.1237,63.9509],[-93.0944,63.9212],[-93.0475,63.92],[-92.9583,63.9413],[-92.9284,63.8943],[-92.8313,63.8959],[-92.7365,63.8748],[-92.7508,63.8566],[-92.6911,63.832],[-92.6033,63.8242],[-92.541,63.8344],[-92.4822,63.826],[-92.3483,63.7655],[-92.2532,63.77],[-92.1414,63.7364],[-92.0982,63.7306],[-92.04,63.7467],[-91.9823,63.7387],[-91.7589,63.7348],[-91.6895,63.7296],[-91.6296,63.7107],[-91.56,63.7072],[-91.5259,63.7194],[-91.4053,63.6785],[-91.3901,63.6548],[-91.3235,63.6346],[-91.1332,63.6191],[-91.0695,63.6026],[-90.9996,63.5959],[-90.9389,63.574],[-90.9582,63.5487],[-90.9096,63.5368],[-90.821,63.5018],[-90.7495,63.5118],[-90.6676,63.5108],[-90.721,63.5539],[-90.8026,63.5502],[-90.8502,63.5587],[-90.6552,63.5811],[-90.6218,63.5902],[-90.5488,63.5898],[-90.5424,63.6145],[-90.509,63.6269],[-90.4404,63.61],[-90.3682,63.6096],[-90.3067,63.6478],[-90.2956,63.6066],[-90.2209,63.6111],[-90.1502,63.6279],[-90.1856,63.6559],[-90.1412,63.6693],[-90.1349,63.6938],[-90.0887,63.7013],[-90.1104,63.7235],[-90.0673,63.7354],[-90.0627,63.765],[-89.9836,63.8148],[-89.9939,63.8377],[-90.0772,63.8677],[-90.1123,63.902],[-90.1199,63.9345],[-90.1704,63.9473],[-90.1886,63.9807],[-90.1708,63.9976],[-90.1099,63.9521],[-90.0745,63.9659],[-89.9906,63.9596],[-89.9643,63.9394],[-89.9138,63.927],[-89.8245,63.9211],[-89.825,63.9561],[-89.8455,63.9886],[-89.9261,63.9941],[-89.8539,64.02],[-89.8737,64.0607],[-89.9357,64.077],[-89.9158,64.0929],[-89.947,64.1281],[-90.0574,64.1124],[-90.0916,64.1368],[-89.9677,64.1575],[-89.7901,64.1371],[-89.8026,64.1832],[-89.7512,64.167],[-89.7175,64.1372],[-89.7958,64.136],[-89.8167,64.1181],[-89.7944,64.0967],[-89.5471,64.0181],[-89.5575,64.0685],[-89.5031,64.0654],[-89.4499,64.0258],[-89.3786,64.0389],[-89.3105,64.0045],[-89.2954,63.9793],[-89.1878,63.9742],[-89.1609,63.9552],[-89.0934,63.966],[-89.1405,64.0249],[-89.1887,64.0562],[-89.1769,64.0681],[-89.0889,64.0213],[-89.0445,64.0303],[-88.9764,64.0075],[-88.9007,64.0022],[-88.7531,63.9827],[-88.6141,64.0265],[-88.5752,64.0276],[-88.4954,64.0617],[-88.4408,64.0752],[-88.4898,64.103],[-88.3102,64.1122],[-88.2677,64.1426],[-88.16,64.1704],[-88.1265,64.156],[-88.0516,64.1827],[-88.0198,64.2209],[-88.0481,64.2519],[-88.0044,64.2955],[-87.9089,64.3302],[-87.8511,64.3724],[-87.8663,64.4214],[-87.8547,64.4573],[-87.8113,64.4833],[-87.8165,64.4998],[-87.7686,64.5195],[-87.6744,64.5276],[-87.6465,64.5547],[-87.5515,64.5685],[-87.5563,64.6012],[-87.5061,64.618],[-87.5233,64.6342],[-87.4967,64.6783],[-87.51,64.6882],[-87.4977,64.7477],[-87.455,64.7426],[-87.4668,64.7103],[-87.4042,64.7056],[-87.3774,64.7368],[-87.2906,64.7569],[-87.3086,64.7891],[-87.2289,64.8779],[-87.1882,64.9057],[-87.1735,64.9352],[-87.1214,64.9518],[-87.0516,64.961],[-87.0837,64.9888],[-87.0587,65.0238],[-86.9709,65.053],[-87.0022,65.0856],[-86.9855,65.1148],[-86.9239,65.1396],[-86.9468,65.1723],[-87.0003,65.1811],[-87.0386,65.2051],[-87.026,65.2277],[-87.0693,65.2404],[-87.2349,65.2632],[-87.405,65.2763],[-87.5567,65.2799],[-87.5533,65.2923],[-87.7475,65.2877],[-87.7067,65.2593],[-87.8928,65.2842],[-87.998,65.28],[-88.042,65.2621],[-88.0909,65.2793],[-88.3055,65.2812],[-88.4469,65.2943],[-88.5704,65.2996],[-88.6058,65.3157],[-88.8249,65.3229],[-88.8916,65.3211],[-88.925,65.3358],[-89.0343,65.3228],[-89.0825,65.3433],[-89.1333,65.382],[-89.1337,65.4115],[-89.1706,65.4425],[-89.2286,65.4509],[-89.3396,65.4892],[-89.4347,65.5626],[-89.4279,65.5995],[-89.5643,65.6364],[-89.6265,65.693],[-89.8094,65.7434],[-89.9175,65.7775],[-89.9418,65.7936],[-90.0146,65.8109],[-90.1117,65.8173],[-90.1822,65.8374],[-90.3045,65.8578],[-90.4463,65.8672],[-90.4476,65.8832],[-90.332,65.8797],[-90.2689,65.8666],[-90.1539,65.8686],[-90.0895,65.8926],[-90.034,65.8942],[-89.9477,65.8685],[-89.8794,65.8676],[-89.8152,65.8351],[-89.7338,65.8244],[-89.7122,65.8398],[-89.7795,65.8776],[-89.7764,65.9035],[-89.9064,65.9287],[-89.8618,65.9442],[-89.8015,65.9446],[-89.7427,65.9313],[-89.72,65.9526],[-89.6316,65.9315],[-89.4996,65.8843],[-89.5119,65.8703],[-89.4428,65.8497],[-89.4273,65.8777],[-89.3532,65.8518],[-89.1781,65.7756],[-89.1254,65.7651],[-89.1046,65.7377],[-89.0433,65.7144],[-88.9129,65.6851],[-88.8959,65.7056],[-88.8308,65.7006],[-88.7611,65.6779],[-88.6774,65.6642],[-88.5369,65.6502],[-88.6011,65.6373],[-88.7224,65.6483],[-88.7938,65.6487],[-88.6753,65.6079],[-88.5514,65.5903],[-88.5446,65.5752],[-88.4195,65.5409],[-88.3387,65.4825],[-88.248,65.4478],[-88.2157,65.4026],[-88.1028,65.3857],[-88.009,65.3428],[-87.8728,65.3243],[-87.7319,65.3224],[-87.6951,65.33],[-87.5623,65.3288],[-87.5149,65.319],[-87.3685,65.3253],[-87.3135,65.3411],[-87.1995,65.3583],[-87.1253,65.4055],[-87.0652,65.3947],[-87.0564,65.4227],[-87.1025,65.4504],[-87.0761,65.48],[-87.0089,65.479],[-86.9688,65.5247],[-86.8807,65.554],[-86.8083,65.5573],[-86.7879,65.5801],[-86.6911,65.6076],[-86.6804,65.6446],[-86.6029,65.6666],[-86.533,65.6614],[-86.5256,65.6858],[-86.4427,65.7809],[-86.4531,65.835],[-86.4214,65.8486],[-86.4036,65.9006],[-86.3554,65.8956],[-86.2386,65.9307],[-86.19,65.9756],[-86.1257,65.9797],[-86.1031,65.9987],[-85.9591,66.0326],[-85.9511,66.0539],[-85.9943,66.1002],[-85.8795,66.1586],[-85.9001,66.1971],[-86.0449,66.2094],[-86.0832,66.2331],[-86.1989,66.2517],[-86.3181,66.2866],[-86.4419,66.2904],[-86.4908,66.3086],[-86.5843,66.3067],[-86.6433,66.3288],[-86.6687,66.3684],[-86.773,66.4294],[-86.7523,66.4516],[-86.6199,66.434],[-86.6177,66.4452],[-86.7307,66.4909],[-86.75,66.5168],[-86.7155,66.5343],[-86.5775,66.511],[-86.5282,66.5472],[-86.3904,66.5179],[-86.3268,66.5199],[-86.3177,66.5502],[-86.2296,66.5153],[-86.1606,66.5151],[-86.0689,66.4959],[-86.0311,66.5058],[-85.9656,66.5022],[-85.8757,66.519],[-85.8319,66.5026],[-85.7792,66.5091],[-85.7345,66.5304],[-85.6517,66.538],[-85.5889,66.5646],[-85.4479,66.5853],[-85.4113,66.571],[-85.3804,66.5233],[-85.3221,66.4928],[-85.3145,66.4385],[-85.2817,66.3696],[-85.2535,66.2845],[-85.2316,66.2679],[-85.1575,66.2695],[-85.0823,66.2901],[-85.0061,66.2761],[-84.9276,66.2315],[-84.8622,66.2569],[-84.7943,66.244],[-84.7654,66.2176],[-84.6811,66.205],[-84.6285,66.225],[-84.5279,66.2008],[-84.4478,66.1593],[-84.35,66.1677],[-84.3593,66.2191],[-84.4698,66.2678],[-84.5398,66.3102],[-84.5844,66.3133],[-84.6201,66.338],[-84.4852,66.4049],[-84.4356,66.3902],[-84.3951,66.3543],[-84.3634,66.2892],[-84.3079,66.2684],[-84.2727,66.3002],[-84.1558,66.3093],[-84.1234,66.2906],[-84.1184,66.2626],[-84.0753,66.2399],[-84.0073,66.2329],[-83.9523,66.195],[-83.8296,66.2013],[-83.7886,66.1921],[-83.8234,66.1614],[-83.8063,66.1467],[-83.6685,66.1805],[-83.6611,66.2165],[-83.7565,66.2672],[-83.7408,66.2857],[-83.8284,66.3136],[-83.8562,66.3441],[-83.8418,66.3577],[-83.8545,66.4126],[-83.8832,66.4503],[-83.9669,66.4867],[-84.0509,66.5391],[-84.1427,66.5664],[-84.1441,66.6194],[-84.1096,66.6437],[-84.1044,66.6812],[-84.1457,66.6918],[-84.3572,66.7054],[-84.412,66.7208],[-84.2859,66.7682],[-84.3021,66.7836],[-84.425,66.7858],[-84.4783,66.8142],[-84.5358,66.812],[-84.6563,66.8325],[-84.6198,66.8454],[-84.5583,66.8226],[-84.5105,66.8456],[-84.643,66.8814],[-84.7555,66.8982],[-84.5777,66.9025],[-84.5606,66.9307],[-84.6901,66.9548],[-84.8621,66.9436],[-84.9013,66.9211],[-84.8711,66.8878],[-84.9741,66.8537],[-85.0328,66.8535],[-85.0241,66.8364],[-85.0411,66.8156],[-85.0341,66.7954],[-84.9798,66.7793],[-84.9868,66.7529],[-85.0974,66.7682],[-85.0307,66.8365],[-85.1038,66.8459],[-85.1677,66.8616],[-85.1135,66.8974],[-85.1031,66.9201],[-85.0398,66.9363],[-85.027,66.9626],[-84.9118,66.9587],[-84.7473,66.9753],[-84.6824,66.9648],[-84.602,66.9721],[-84.7155,67.0107],[-84.7589,66.996],[-84.8323,66.9923],[-84.8107,67.0262],[-84.6519,67.0032],[-84.6121,67.0096],[-84.5327,66.9801],[-84.4825,66.9358],[-84.4378,66.9354],[-84.4062,66.8921],[-84.3714,66.8676],[-84.435,66.8512],[-84.402,66.8029],[-84.2597,66.7888],[-84.2437,66.7811],[-84.311,66.7516],[-84.2699,66.7157],[-84.1045,66.6999],[-84.0691,66.7307],[-83.9964,66.773],[-84.0163,66.784],[-83.9496,66.7883],[-83.8855,66.8119],[-83.9071,66.8282],[-83.8549,66.8552],[-83.8631,66.7908],[-83.9204,66.778],[-83.9429,66.7405],[-83.9239,66.7093],[-83.9842,66.6975],[-83.9894,66.6643],[-83.9667,66.649],[-83.9752,66.6145],[-83.9303,66.5778],[-83.8576,66.569],[-83.8131,66.5429],[-83.71,66.5371],[-83.6563,66.5209],[-83.6182,66.4725],[-83.5316,66.4372],[-83.4963,66.4074],[-83.5745,66.3972],[-83.5733,66.3645],[-83.5431,66.3385],[-83.4457,66.3588],[-83.4348,66.3416],[-83.3365,66.3562],[-83.2734,66.3838],[-83.2062,66.4007],[-83.152,66.4336],[-83.0939,66.4407],[-82.9908,66.4883],[-82.9854,66.5482],[-82.8807,66.5531],[-82.8625,66.5658],[-82.6804,66.5542],[-82.5695,66.569],[-82.539,66.6298],[-82.4344,66.6574],[-82.4256,66.6895],[-82.3709,66.6903],[-82.3537,66.7169],[-82.3023,66.725],[-82.1402,66.7017],[-82.123,66.7145],[-82.1544,66.7483],[-82.157,66.7775],[-82.0919,66.8118],[-82.0347,66.8242],[-82.0774,66.8491],[-82.0233,66.8793],[-82.0263,66.91],[-81.9397,66.9478],[-81.9117,66.9698],[-81.7875,66.9954],[-81.7141,66.9662],[-81.6129,66.987],[-81.5641,67.0097],[-81.5115,66.9908],[-81.4601,66.9945],[-81.4277,67.0592],[-81.3852,67.0716],[-81.3999,67.1096],[-81.3448,67.1688],[-81.3274,67.245],[-81.3298,67.3022],[-81.2886,67.3404],[-81.2518,67.4078],[-81.2046,67.4347],[-81.1964,67.462],[-81.2486,67.4876],[-81.2855,67.5293],[-81.358,67.5583],[-81.3703,67.5936],[-81.5705,67.6544],[-81.609,67.6757],[-81.618,67.7086],[-81.7352,67.7554],[-81.813,67.7691],[-81.7967,67.792],[-81.8268,67.8062],[-81.9161,67.819],[-81.9529,67.8565],[-82.0012,67.8663],[-82.083,67.9085],[-82.1062,67.9675],[-82.1754,68.0055],[-82.1308,68.0155],[-82.1047,68.04],[-82.1049,68.0967],[-82.0325,68.1091],[-82.0122,68.1446],[-81.9833,68.1516],[-81.9561,68.1933],[-82.0107,68.2194],[-82.0605,68.1591],[-82.1318,68.1317],[-82.1476,68.1097],[-82.3103,68.1487],[-82.2579,68.2259],[-82.2182,68.2534],[-82.2491,68.2725],[-82.3901,68.2759],[-82.4241,68.3004],[-82.4111,68.3173],[-82.3142,68.3153],[-82.2693,68.3326],[-82.1435,68.3342],[-82.0876,68.3042],[-82.0334,68.3031],[-81.9984,68.332],[-82.0977,68.3509],[-82.1216,68.3731],[-82.2017,68.3798],[-82.2388,68.3613],[-82.2966,68.3714],[-82.346,68.3613],[-82.4481,68.3797],[-82.4686,68.4045],[-82.6261,68.3989],[-82.6444,68.4434],[-82.5661,68.4349],[-82.4856,68.4405],[-82.4938,68.4674],[-82.5497,68.4759],[-82.6312,68.5027],[-82.5993,68.5205],[-82.453,68.4788],[-82.2562,68.4554],[-82.1885,68.459],[-82.1736,68.495],[-82.2395,68.5238],[-82.2307,68.5462],[-82.2904,68.5609],[-82.2961,68.5735],[-82.4176,68.6081],[-82.4663,68.6151],[-82.5805,68.6018],[-82.5489,68.5626],[-82.6021,68.5519],[-82.6757,68.608],[-82.66,68.6393],[-82.6861,68.6955],[-82.6781,68.7111],[-82.689,68.7205],[-82.67,68.7268],[-82.6549,68.7453],[-82.627,68.7618],[-82.5638,68.7545],[-82.5021,68.7121],[-82.409,68.6893],[-82.3918,68.7109],[-82.2396,68.73],[-82.1834,68.7478],[-82.1879,68.7714],[-82.2718,68.8364],[-82.3372,68.8577],[-82.3147,68.9168],[-82.281,68.9135],[-82.195,68.8259],[-82.1315,68.8063],[-82.0335,68.8042],[-82.001,68.7624],[-81.9838,68.7121],[-81.9389,68.6977],[-81.9489,68.6768],[-82,68.6653],[-81.9525,68.6431],[-82,68.6256],[-82.0512,68.6248],[-82.0868,68.5978],[-82.1946,68.6349],[-82.2485,68.5864],[-82.2868,68.5688],[-82.1585,68.5199],[-82.0618,68.5068],[-82,68.4407],[-81.9413,68.4183],[-81.9073,68.4367],[-81.7838,68.4626],[-81.7705,68.5086],[-81.7187,68.5302],[-81.5928,68.5141],[-81.555,68.5355],[-81.4442,68.5681],[-81.3462,68.5893],[-81.2366,68.639],[-81.2222,68.6805],[-81.248,68.7509],[-81.2064,68.7735],[-81.2771,68.8216],[-81.3057,68.854],[-81.3565,68.8713],[-81.4809,68.8629],[-81.5112,68.8336],[-81.5585,68.8347],[-81.558,68.8765],[-81.6098,68.9015],[-81.8116,68.9096],[-81.9297,68.8807],[-81.9241,68.9055],[-81.8534,68.9126],[-81.7464,68.9423],[-81.6863,68.9427],[-81.6512,68.9613],[-81.6436,68.9939],[-81.5703,68.9847],[-81.5199,69.0043],[-81.4558,69.0713],[-81.3855,69.072],[-81.3793,69.0903],[-81.3072,69.098],[-81.2859,69.1276],[-81.311,69.1891],[-81.3814,69.211],[-81.4477,69.1991],[-81.4909,69.2061],[-81.5646,69.239],[-81.6654,69.2654],[-81.7562,69.2591],[-81.8977,69.272],[-82.0028,69.2723],[-82.0189,69.2422],[-82.1707,69.2305],[-82.2517,69.2467],[-82.2151,69.2706],[-82.1181,69.2916],[-82.153,69.3179],[-82.2987,69.367],[-82.2689,69.4049],[-82.3741,69.4319],[-82.5483,69.4598],[-82.6391,69.4789],[-82.7326,69.4849],[-82.7343,69.5048],[-82.5653,69.5083],[-82.5099,69.5186],[-82.5125,69.5451],[-82.5846,69.5723],[-82.5222,69.5966],[-82.6379,69.6168],[-82.5887,69.6276],[-82.5854,69.6525],[-82.4142,69.6369],[-82.3834,69.6164],[-82.2436,69.6313],[-82.2617,69.6458],[-82.3579,69.6439],[-82.5,69.6599],[-82.5621,69.6877],[-82.6515,69.6817],[-82.8237,69.6864],[-82.9538,69.7017],[-82.981,69.6888],[-83.1121,69.6919],[-83.2795,69.707],[-83.3285,69.6786],[-83.4561,69.6892],[-83.5471,69.6854],[-83.7282,69.7135],[-83.8101,69.7326],[-84.0506,69.7619],[-84.0987,69.783],[-84.0996,69.8119],[-84.3135,69.8512],[-84.4059,69.8611],[-84.5477,69.8642],[-84.5798,69.8495],[-84.7022,69.8357],[-84.8498,69.8376],[-84.8449,69.817],[-84.9883,69.8039],[-85.0779,69.779],[-85.1685,69.7953],[-85.2866,69.8335],[-85.3782,69.8527],[-85.5555,69.8534],[-85.5735,69.8179],[-85.3764,69.8274],[-85.3314,69.8211],[-85.3247,69.7841],[-85.4018,69.7909],[-85.4634,69.768],[-85.4116,69.7303],[-85.428,69.6912],[-85.5015,69.6898],[-85.5251,69.6455],[-85.4778,69.6306],[-85.4717,69.6083],[-85.3829,69.5764],[-85.4695,69.5644],[-85.517,69.5203],[-85.4779,69.4428],[-85.4148,69.446],[-85.3585,69.4274],[-85.4819,69.4084],[-85.4774,69.3811],[-85.4093,69.326],[-85.4865,69.3228],[-85.4428,69.2848],[-85.4497,69.2598],[-85.3849,69.2313],[-85.3894,69.213],[-85.3133,69.1872],[-85.2912,69.145],[-85.2034,69.1287],[-85.1661,69.1343],[-85.1584,69.1681],[-85.0671,69.1626],[-85.1124,69.1293],[-85.081,69.1126],[-84.9783,69.1464],[-84.9707,69.1216],[-84.8587,69.0722],[-84.7402,69.0807],[-84.7165,69.0705],[-84.7514,69.0382],[-84.6751,69.0444],[-84.6366,69.0227],[-84.5489,69.0271],[-84.511,69.0062],[-84.5755,68.9975],[-84.6604,69.0189],[-84.7467,69.0292],[-84.8876,69.0112],[-84.9105,68.98],[-84.7926,68.9672],[-84.8081,68.9382],[-84.9067,68.944],[-85.0649,68.962],[-85.1191,68.938],[-85.0529,68.9274],[-84.9922,68.8764],[-85.166,68.8718],[-85.151,68.8245],[-85.0029,68.8068],[-84.8534,68.8245],[-84.7747,68.8056],[-84.7664,68.7813],[-84.7257,68.7686],[-84.7707,68.7383],[-84.8646,68.7442],[-84.9498,68.7579],[-85.1174,68.75],[-85.1702,68.7647],[-85.2727,68.7589],[-85.2486,68.7331],[-85.3423,68.7355],[-85.3362,68.7681],[-85.4108,68.783],[-85.5416,68.7268],[-85.6146,68.7407],[-85.6657,68.6881],[-85.6801,68.6523],[-85.7179,68.6276],[-85.7064,68.5763],[-85.7202,68.5611],[-85.6892,68.4877],[-85.7255,68.4404],[-85.7,68.4033],[-85.7492,68.3674],[-85.7534,68.3361],[-85.8134,68.3218],[-85.7677,68.3035],[-85.8237,68.2692],[-85.8446,68.2359],[-85.7693,68.2068],[-85.8658,68.1968],[-85.8912,68.1004],[-85.8685,68.0607],[-85.9299,68.0164],[-86.0704,67.9793],[-86.1681,67.9116],[-86.2338,67.8935],[-86.3285,67.8304],[-86.3568,67.8001],[-86.4051,67.7838],[-86.5098,67.6858],[-86.468,67.6436],[-86.4763,67.6084],[-86.4307,67.5871],[-86.4769,67.5551],[-86.4671,67.5139],[-86.476,67.4532],[-86.5276,67.4338],[-86.4933,67.3648],[-86.611,67.3772],[-86.6608,67.3744],[-86.7238,67.3972],[-86.7448,67.4232],[-86.8557,67.4111],[-86.8858,67.3768],[-87.0044,67.3538],[-87.0511,67.3555],[-87.0736,67.3277],[-86.9887,67.3013],[-86.9814,67.2645],[-87.0014,67.2418],[-87.055,67.2534],[-87.0668,67.215],[-87.124,67.2131],[-87.2139,67.2264],[-87.2365,67.1906],[-87.2232,67.1756],[-87.2535,67.1253],[-87.3028,67.1539],[-87.3025,67.1834],[-87.3715,67.2273],[-87.3842,67.214],[-87.4259,67.1947],[-87.4158,67.1482],[-87.4814,67.1352],[-87.4412,67.1787],[-87.4565,67.1964],[-87.4112,67.203],[-87.393,67.2253],[-87.3497,67.2373],[-87.3364,67.2654],[-87.4442,67.3002],[-87.4414,67.3321],[-87.4653,67.3647],[-87.5445,67.3768],[-87.6332,67.4365],[-87.6478,67.4571],[-87.7453,67.4998],[-87.833,67.5569],[-87.8767,67.5751],[-87.9089,67.6085],[-87.9903,67.6263],[-88.1192,67.6763],[-88.1315,67.7127],[-88.1122,67.7359],[-88.1783,67.7542],[-88.3117,67.8925],[-88.338,67.9453],[-88.3922,67.9847],[-88.3171,68.0503],[-88.327,68.0824],[-88.2749,68.1036],[-88.2698,68.1548],[-88.3051,68.1804],[-88.3099,68.2067],[-88.374,68.2504],[-88.3846,68.282],[-88.3418,68.3029],[-88.2511,68.324],[-88.2096,68.3685],[-88.1754,68.3536],[-88.1601,68.2949],[-88.1826,68.254],[-88.0994,68.2492],[-87.9118,68.2156],[-87.8774,68.2435],[-87.8378,68.2468],[-87.7851,68.3188],[-87.7881,68.3659],[-87.7743,68.4023],[-87.8317,68.449],[-87.8188,68.4578],[-87.9412,68.5945],[-87.9358,68.6405],[-87.9055,68.6573],[-87.9271,68.6821],[-87.9317,68.7296],[-87.962,68.7607],[-88.0466,68.8173],[-88.068,68.843],[-88.1259,68.8609],[-88.2286,68.923],[-88.3833,68.9735],[-88.4803,68.9933],[-88.5902,69.0358],[-88.6386,69.0429],[-88.7763,69.0959],[-88.861,69.1503],[-88.8886,69.1868],[-88.9428,69.2143],[-88.9578,69.2417],[-89.1197,69.2765],[-89.2644,69.2647],[-89.3769,69.2263],[-89.3872,69.1933],[-89.499,69.1036],[-89.5796,69.0674],[-89.6296,69.0611],[-89.7087,69.0049],[-89.7535,68.9552],[-89.717,68.8387],[-89.6728,68.8168],[-89.7003,68.7884],[-89.6781,68.7691],[-89.7177,68.7093],[-89.8171,68.6994],[-89.8565,68.6693],[-89.9019,68.659],[-89.9376,68.6226],[-89.9393,68.5914],[-89.9126,68.5566],[-89.8303,68.5337],[-89.8491,68.5002],[-89.8992,68.4872],[-89.8823,68.4567],[-89.9792,68.4457],[-89.9751,68.3828],[-90.0333,68.3586],[-90.0615,68.3234],[-90.1315,68.3061],[-90.101,68.2528],[-90.1672,68.2358],[-90.22,68.24],[-90.3192,68.3084],[-90.2877,68.3424],[-90.2902,68.3784],[-90.4671,68.4112],[-90.5269,68.4154],[-90.5951,68.4506],[-90.479,68.5116],[-90.4643,68.5473],[-90.5136,68.5565],[-90.4684,68.5952],[-90.5483,68.6294],[-90.5109,68.64],[-90.4687,68.6891],[-90.5215,68.7397],[-90.4844,68.777],[-90.4415,68.7909],[-90.4497,68.8342],[-90.4139,68.8431],[-90.4689,68.8713],[-90.4562,68.8982],[-90.5753,68.9273],[-90.553,68.9581],[-90.6023,68.9975],[-90.6809,68.9968],[-90.6468,69.0836],[-90.7706,69.119],[-90.8182,69.1456],[-90.8952,69.163],[-90.9727,69.1957],[-91.002,69.2255],[-91.049,69.2256],[-91.1192,69.2511],[-91.1527,69.2919],[-90.9843,69.3305],[-90.9943,69.3062],[-91.0746,69.2862],[-91.0449,69.27],[-90.9671,69.2911],[-90.9647,69.261],[-90.8726,69.2493],[-90.8108,69.2572],[-90.8051,69.3125],[-90.8307,69.3336],[-90.7568,69.377],[-90.6091,69.4197],[-90.6773,69.451],[-90.596,69.4518],[-90.5609,69.424],[-90.4989,69.4308],[-90.4543,69.4546],[-90.3535,69.4489],[-90.4082,69.4882],[-90.4722,69.5092],[-90.5843,69.5335],[-90.6871,69.5482],[-90.7874,69.4852],[-90.8366,69.5049],[-90.9978,69.5317],[-91.066,69.5145],[-91.1447,69.517],[-91.179,69.5581],[-91.3927,69.5308],[-91.4657,69.5279],[-91.5355,69.5078],[-91.5866,69.5223],[-91.4549,69.5422],[-91.3446,69.5463],[-91.2665,69.5766],[-91.2189,69.6134],[-91.2707,69.6573],[-91.3194,69.6512],[-91.442,69.6609],[-91.5598,69.6259],[-91.5892,69.6038],[-91.5469,69.5897],[-91.5834,69.5705],[-91.709,69.5531],[-91.6967,69.5299],[-91.7853,69.5053],[-91.9327,69.5196],[-92.0069,69.5446],[-92.145,69.5748],[-92.1505,69.5909],[-92.2372,69.6129],[-92.2131,69.6536],[-92.3257,69.6569],[-92.4753,69.7016],[-92.6286,69.6805],[-92.6745,69.7138],[-92.7417,69.7018],[-92.7465,69.7329],[-92.6626,69.7483],[-92.6078,69.7765],[-92.5426,69.7727],[-92.5478,69.8098],[-92.4809,69.8154],[-92.3828,69.8371],[-92.3262,69.8666],[-92.2679,69.8759],[-92.1824,69.9168],[-92.1606,69.9436],[-92.0766,69.9775],[-91.9435,70.0194],[-91.9735,70.0595],[-92.0738,70.0871],[-92.1713,70.0983],[-92.3303,70.0936],[-92.4479,70.0812],[-92.4579,70.0974],[-92.4271,70.1376],[-92.3753,70.1585],[-92.4215,70.1796],[-92.3436,70.1862],[-92.2588,70.2047],[-92.1963,70.1808],[-92.1063,70.1693],[-92.0478,70.1315],[-91.9312,70.1232],[-91.6122,70.1439],[-91.5064,70.1549],[-91.5267,70.1953],[-91.6797,70.2536],[-91.7067,70.3165],[-91.6841,70.3241],[-91.716,70.3668],[-91.8808,70.372],[-91.9035,70.3159],[-91.9467,70.2879],[-91.998,70.2879],[-91.9927,70.3268],[-92.0289,70.3413],[-92.033,70.428],[-92.0873,70.4443],[-92.1168,70.4785],[-92.2109,70.494],[-92.2352,70.5145],[-92.2063,70.5358],[-92.2626,70.5585],[-92.2497,70.5832],[-92.1429,70.5809],[-92.1488,70.6011],[-92.404,70.668],[-92.5333,70.6873],[-92.6489,70.6928],[-92.6244,70.7187],[-92.6718,70.7813],[-92.7641,70.8144],[-92.8746,70.818],[-92.9437,70.8282],[-93.0303,70.8829],[-92.9916,70.8834],[-92.9266,70.8473],[-92.864,70.8769],[-92.8979,70.9055],[-92.8877,70.9828],[-92.8551,71.0121],[-92.8448,71.0518],[-92.8787,71.0788],[-92.8386,71.1123],[-92.8617,71.1233],[-92.84,71.166],[-92.932,71.2313],[-92.9336,71.3029],[-92.9789,71.3262],[-92.9524,71.3503],[-93.0176,71.3731],[-93.1234,71.3816],[-93.1649,71.4074],[-93.1823,71.4599],[-93.3458,71.5115],[-93.3459,71.5356],[-93.4272,71.5384],[-93.6158,71.5793],[-93.6752,71.6232],[-93.7809,71.6454],[-93.7876,71.6579],[-93.6691,71.7218],[-93.6736,71.7587],[-93.7666,71.7765],[-93.8998,71.7456],[-93.9758,71.7555],[-94.0429,71.785],[-94.1077,71.7613],[-94.152,71.8018],[-94.2284,71.7874],[-94.231,71.7522],[-94.3015,71.7275],[-94.3324,71.6943],[-94.4165,71.6507],[-94.3844,71.6237],[-94.4152,71.6063],[-94.5245,71.652],[-94.4218,71.6516],[-94.3666,71.699],[-94.3819,71.7552],[-94.3283,71.8087],[-94.4694,71.8235],[-94.5421,71.7479],[-94.5936,71.756],[-94.5834,71.8037],[-94.6299,71.8225],[-94.5628,71.8589],[-94.4516,71.8529],[-94.4279,71.8953],[-94.3724,71.9338],[-94.4866,71.9715],[-94.5211,71.9993],[-94.682,72],[-94.8791,71.9788],[-95.1593,71.959],[-95.2021,71.9443],[-95.1971,71.8955],[-95.232,71.8089],[-95.2842,71.7619],[-95.2417,71.7376],[-95.441,71.7357],[-95.6293,71.6766],[-95.6765,71.6389],[-95.8323,71.6292],[-95.8972,71.6075],[-95.8444,71.5879],[-95.9155,71.5723],[-95.8243,71.5119],[-95.5065,71.4919],[-95.4999,71.468],[-95.5459,71.4228],[-95.4384,71.3886],[-95.4918,71.3248],[-95.5701,71.2899],[-95.639,71.287],[-95.7179,71.3182],[-95.8001,71.3372],[-95.8852,71.4082],[-96.0373,71.4209],[-96.1773,71.3943],[-96.2541,71.2971],[-96.3544,71.2981],[-96.44,71.2849],[-96.4686,71.2665],[-96.4123,71.2383],[-96.4264,71.1993],[-96.398,71.1699],[-96.5289,71.134],[-96.4986,71.1073],[-96.3643,71.063],[-96.4482,71.0434],[-96.4396,71.0176],[-96.4809,70.9856],[-96.5185,70.9022],[-96.5805,70.8573],[-96.5984,70.8067],[-96.5729,70.7821],[-96.4246,70.7429],[-96.3732,70.6892],[-96.3377,70.6721],[-96.1467,70.6156],[-96.0905,70.6626],[-95.9216,70.6903],[-95.9762,70.6557],[-96.0433,70.6446],[-96.0285,70.5975],[-96.1048,70.577],[-96.1297,70.5325],[-96.1793,70.5324],[-96.2225,70.569],[-96.2938,70.4975],[-96.3131,70.4125],[-96.3663,70.4192],[-96.4457,70.3984],[-96.5318,70.3313],[-96.5492,70.2417],[-96.5067,70.174],[-96.5034,70.1323],[-96.4759,70.0933],[-96.3072,70.01],[-96.2808,69.9854],[-96.2135,69.9599],[-96.1774,69.9679],[-96.0527,69.9461],[-96.0582,69.9058],[-96.1731,69.8608],[-96.07,69.8435],[-96.0343,69.8155],[-95.9435,69.7872],[-95.8101,69.7872],[-95.8208,69.7709],[-95.7703,69.7539],[-95.7279,69.7657],[-95.7277,69.7908],[-95.5672,69.7559],[-95.5703,69.7445],[-95.454,69.7101],[-95.3885,69.683],[-95.3225,69.6779],[-95.2381,69.6505],[-95.1391,69.6402],[-95.0675,69.6167],[-95.0117,69.6144],[-94.9453,69.5881],[-94.8404,69.5627],[-94.8014,69.5635],[-94.7106,69.6049],[-94.724,69.6353],[-94.7773,69.6666],[-94.706,69.6787],[-94.6179,69.6767],[-94.6174,69.6465],[-94.5419,69.6275],[-94.4909,69.5616],[-94.4205,69.5292],[-94.428,69.5155],[-94.3573,69.4989],[-94.3313,69.4653],[-94.2843,69.445],[-94.1668,69.4406],[-94.0693,69.445],[-93.9102,69.4369],[-93.839,69.4577],[-93.8542,69.4744],[-93.8135,69.496],[-93.7579,69.479],[-93.6931,69.5212],[-93.5869,69.5388],[-93.457,69.5028],[-93.4519,69.4504],[-93.4901,69.4349],[-93.5389,69.3876],[-93.5033,69.3542],[-93.4461,69.3556],[-93.3863,69.3784],[-93.2765,69.395],[-93.2314,69.4241],[-93.1697,69.4275],[-92.7693,69.3949],[-92.8879,69.3285],[-92.9593,69.3237],[-92.9387,69.2934],[-92.9908,69.2715],[-92.991,69.2407],[-93.0553,69.1539],[-93.0273,69.1491],[-93.0539,69.0895],[-93.0839,69.0951],[-93.1644,69.062],[-93.2141,69.0882],[-93.1311,69.1512],[-93.2365,69.1609],[-93.3048,69.1897],[-93.2646,69.2016],[-93.2255,69.257],[-93.2597,69.2969],[-93.2153,69.394],[-93.321,69.3876],[-93.4136,69.3547],[-93.458,69.3186],[-93.5386,69.3056],[-93.616,69.2524],[-93.7395,69.1985],[-93.805,69.1778],[-93.8498,69.1778],[-93.8342,69.2405],[-93.8588,69.2635],[-93.77,69.3164],[-93.6531,69.3546],[-93.5775,69.4078],[-93.524,69.4306],[-93.5522,69.443],[-93.6641,69.4192],[-93.7392,69.3839],[-93.8519,69.3435],[-93.8887,69.3652],[-93.9686,69.3645],[-94.0944,69.3441],[-94.2185,69.3355],[-94.2647,69.3224],[-94.2766,69.2975],[-94.2435,69.2696],[-94.2956,69.1652],[-94.2161,69.129],[-94.0291,69.1424],[-94.0859,69.1105],[-94.1276,69.1182],[-94.1595,69.0872],[-94.1326,69.0554],[-94.1881,69.0356],[-94.3054,69.0388],[-94.3561,68.9991],[-94.3622,68.976],[-94.4075,68.9489],[-94.4511,68.9479],[-94.4787,68.9745],[-94.5802,68.9776],[-94.5485,68.943],[-94.5655,68.9091],[-94.5354,68.8956],[-94.5378,68.8563],[-94.5883,68.8048],[-94.5872,68.7708],[-94.513,68.7596],[-94.4847,68.7335],[-94.4347,68.7436],[-94.3938,68.7225],[-94.2515,68.7613],[-94.2043,68.7447],[-94.0483,68.7747],[-94.0288,68.7968],[-93.962,68.8114],[-93.8945,68.8411],[-93.9455,68.8644],[-94.034,68.8443],[-94.0668,68.8775],[-94.0583,68.8964],[-93.9503,68.9459],[-93.8995,68.9922],[-93.8594,69.0587],[-93.7996,69.0589],[-93.8799,69.0169],[-93.8284,69.015],[-93.8305,68.9663],[-93.7106,68.9836],[-93.637,68.9792],[-93.6188,68.8777],[-93.564,68.8547],[-93.6388,68.7574],[-93.6951,68.7503],[-93.6671,68.7275],[-93.704,68.6828],[-93.7134,68.6255],[-93.6153,68.6334],[-93.5093,68.6019],[-93.6318,68.526],[-93.722,68.5216],[-93.7884,68.4907],[-93.9976,68.4606],[-94.1067,68.4167],[-94.1942,68.3636],[-94.1599,68.278],[-94.1838,68.2654],[-94.3215,68.2294],[-94.4302,68.1935],[-94.4848,68.1621],[-94.5325,68.16],[-94.6511,68.1127],[-94.6618,68.0855],[-94.7265,68.0505],[-94.8299,68.0319],[-94.9829,68.0442],[-95.0346,68.0575],[-95.08,68.0927],[-95.1714,68.0598],[-95.2433,68.0485],[-95.2538,68.073],[-95.3919,68.07],[-95.4367,68.0633],[-95.3961,68.0162],[-95.4779,67.9547],[-95.5065,67.906],[-95.4886,67.8636],[-95.5094,67.8312],[-95.5573,67.8003],[-95.608,67.7957],[-95.6888,67.7472],[-95.6765,67.7062],[-95.5557,67.6818],[-95.5427,67.6558],[-95.4909,67.6567],[-95.4361,67.6385],[-95.4209,67.6127],[-95.3159,67.5645],[-95.2844,67.5156],[-95.3795,67.4654],[-95.3484,67.4506],[-95.333,67.3985],[-95.289,67.3418],[-95.1355,67.2958],[-95.1567,67.2783],[-95.2358,67.2648],[-95.2171,67.2345],[-95.3148,67.1668],[-95.394,67.1701],[-95.4768,67.1973],[-95.4617,67.2134],[-95.5285,67.2264],[-95.5848,67.2049],[-95.6249,67.2075],[-95.7218,67.1935],[-95.7173,67.2221],[-95.5241,67.3268],[-95.5032,67.3524],[-95.5282,67.381],[-95.5708,67.3868],[-95.5896,67.3542],[-95.6458,67.3339],[-95.7537,67.3755],[-95.7719,67.3351],[-95.8346,67.3071],[-96.0912,67.2228],[-96.143,67.262],[-96.2277,67.2802],[-96.1085,67.3949],[-96.0556,67.4346],[-96.1262,67.4425],[-96.2097,67.4314],[-96.2357,67.4537],[-96.3098,67.4464],[-96.3629,67.455],[-96.3318,67.4819],[-96.3927,67.487],[-96.4456,67.4787],[-96.4248,67.5132],[-96.4422,67.5202],[-96.4546,67.5115],[-96.4714,67.5089],[-96.4909,67.4956],[-96.5013,67.4982],[-96.5349,67.4781],[-96.5477,67.4793],[-96.5886,67.4441],[-96.6158,67.4538],[-96.6093,67.4802],[-96.5486,67.5194],[-96.4735,67.536],[-96.3013,67.5969],[-96.2835,67.6203],[-96.3213,67.6785],[-96.2584,67.6701],[-96.2265,67.6326],[-96.1423,67.6195],[-96.1465,67.6514],[-96.1234,67.6981],[-96.1396,67.7354],[-96.1775,67.761],[-96.189,67.8095],[-96.137,67.8863],[-96.1408,67.9049],[-96.0966,67.9898],[-96.0374,68.0237],[-96.0548,68.0433],[-96.0051,68.0883],[-95.9939,68.1138],[-96.0383,68.139],[-96.0348,68.1829],[-95.9593,68.2182],[-95.9222,68.2633],[-96.1272,68.2259],[-96.1831,68.2107],[-96.2929,68.198],[-96.4192,68.1565],[-96.4976,68.1056],[-96.4512,68.0881],[-96.4395,68.0598],[-96.5149,68.0412],[-96.5294,68.0667],[-96.6464,68.023],[-96.7151,68.0148],[-96.7552,68.0371],[-96.7355,68.0709],[-96.7522,68.0845],[-96.6584,68.0988],[-96.5651,68.1326],[-96.5836,68.1595],[-96.5102,68.1716],[-96.4656,68.2059],[-96.4328,68.2693],[-96.4695,68.2881],[-96.609,68.2375],[-96.6633,68.2832],[-96.8039,68.2579],[-96.8612,68.2637],[-96.8932,68.2483],[-97.0487,68.2987],[-96.9655,68.3328],[-97.0558,68.3749],[-97.1521,68.4014],[-97.198,68.4624],[-97.3056,68.4977],[-97.5482,68.5126],[-97.571,68.4487],[-97.616,68.4607],[-97.5897,68.4919],[-97.6353,68.5199],[-97.756,68.5304],[-97.7701,68.5463],[-97.8442,68.5376],[-97.892,68.5578],[-97.9757,68.5222],[-97.9013,68.4684],[-97.8511,68.4211],[-97.778,68.4157],[-97.8876,68.3853],[-97.9265,68.3515],[-98.0012,68.3725],[-98.0582,68.3454],[-98.1622,68.3167],[-98.2353,68.3298],[-98.3287,68.3749],[-98.402,68.3747],[-98.4516,68.4125],[-98.4936,68.3896],[-98.4309,68.3754],[-98.4621,68.3378],[-98.5448,68.3632],[-98.5909,68.3896],[-98.6779,68.3726],[-98.6461,68.336],[-98.572,68.3084],[-98.5047,68.2614],[-98.4529,68.2433],[-98.478,68.2049],[-98.395,68.2055],[-98.2889,68.1816],[-98.2695,68.1195],[-98.2773,68.1002],[-98.3414,68.1021],[-98.4149,68.1338],[-98.4063,68.1825],[-98.4559,68.1939],[-98.5374,68.1458],[-98.493,68.1096],[-98.4339,68.089],[-98.3877,68.0271],[-98.3068,67.9911],[-98.1726,67.9154],[-98.1763,67.8846],[-98.1411,67.8755],[-98.0823,67.8376],[-98.0288,67.8515],[-98.038,67.9262],[-97.792,67.9804],[-97.765,67.9694],[-97.6514,67.9937],[-97.5858,67.9793],[-97.4301,67.9234],[-97.3519,67.8789],[-97.2779,67.8847],[-97.2135,67.915],[-97.1879,67.8637],[-97.1307,67.8516],[-97.0905,67.8131],[-97.085,67.7775],[-97.1847,67.7334],[-97.1798,67.7073],[-97.0973,67.7172],[-97.0351,67.6869],[-97.0606,67.6739],[-97.1372,67.6851],[-97.1631,67.6643],[-97.2347,67.6683],[-97.3376,67.626],[-97.5305,67.6006],[-97.5838,67.607],[-97.6094,67.64],[-97.7072,67.6437],[-97.7252,67.6679],[-97.8002,67.6942],[-97.9419,67.7099],[-97.9574,67.751],[-98.0144,67.7674],[-98.0712,67.7619],[-98.1,67.778],[-98.1825,67.8718],[-98.2159,67.8848],[-98.1978,67.9156],[-98.3025,67.9709],[-98.3623,67.9889],[-98.4561,68.0326],[-98.5096,68.0428],[-98.5086,68.0754],[-98.5651,68.1073],[-98.6343,68.1079],[-98.6083,68.0789],[-98.6972,68.0744],[-98.7309,68.0431],[-98.7005,67.9749],[-98.6371,67.9188],[-98.6051,67.9217],[-98.5248,67.8719],[-98.4183,67.8746],[-98.3893,67.8336],[-98.3255,67.7961],[-98.3867,67.7845],[-98.464,67.7947],[-98.5335,67.779],[-98.6104,67.7814],[-98.6475,67.8092],[-98.7287,67.7601],[-98.7818,67.7406],[-98.8323,67.7607],[-98.8895,67.7431],[-98.8998,67.7009],[-99.0169,67.7313],[-99.2201,67.7178],[-99.298,67.7744],[-99.3974,67.7968],[-99.4756,67.8066],[-99.6179,67.7924],[-99.6504,67.8089],[-99.8196,67.8055],[-99.8641,67.825],[-99.9281,67.8052],[-99.9944,67.8228],[-100.1198,67.8234],[-100.1298,67.8417],[-100.2285,67.8506],[-100.3267,67.8451],[-100.3975,67.851],[-100.4701,67.8355],[-100.5054,67.8145],[-100.5946,67.8367],[-100.65,67.8346],[-100.6942,67.8513],[-100.724,67.8182],[-100.7956,67.7961],[-100.8862,67.788],[-100.9124,67.7677],[-100.9787,67.7502],[-101.0686,67.7447],[-101.0589,67.7811],[-101.1176,67.7782],[-101.1473,67.7577],[-101.257,67.7183],[-101.2846,67.7307],[-101.346,67.7127],[-101.3771,67.7363],[-101.4188,67.733],[-101.4167,67.6866],[-101.5626,67.6826],[-101.5829,67.7052],[-101.6297,67.7157],[-101.6731,67.6935],[-101.7122,67.7345],[-101.7542,67.7291],[-101.7749,67.7023],[-101.8452,67.7299],[-101.8245,67.7442],[-101.918,67.7673],[-101.905,67.7861],[-101.9583,67.7956],[-101.9968,67.7486],[-102.0523,67.7397],[-102.1083,67.7634],[-102.2361,67.7239],[-102.3624,67.7463],[-102.4234,67.7889],[-102.5866,67.7981],[-102.6296,67.7912],[-102.6873,67.8124],[-102.7503,67.8133],[-102.8365,67.838],[-102.9428,67.9189],[-103.0345,67.8896],[-103.0718,67.8939],[-103.0917,67.9573],[-103.1493,67.9659],[-103.2025,67.9578],[-103.2682,67.9883],[-103.3348,68.0027],[-103.3695,68.0488],[-103.3555,68.1048],[-103.3885,68.1594],[-103.4308,68.1652],[-103.4872,68.1449],[-103.5251,68.1102],[-103.4924,68.0737],[-103.5729,68.0545],[-103.6126,68.058],[-103.6632,68.0832],[-103.6941,68.0428],[-103.7681,68.0279],[-103.8654,68.0211],[-103.9395,68.0498],[-103.9804,68.0503],[-104.2071,68.0202],[-104.2927,68.0454],[-104.4756,68.0233],[-104.546,68.0861],[-104.5737,68.1466],[-104.645,68.1468],[-104.5596,68.2344],[-104.6319,68.2591],[-104.7549,68.2501],[-104.7998,68.2656],[-104.8395,68.2388],[-104.9149,68.2381],[-104.91,68.2484],[-104.9383,68.2488],[-104.948,68.2561],[-104.964,68.2592],[-104.9691,68.2652],[-105.086,68.2775],[-105.1336,68.3126],[-105.2012,68.3197],[-105.2119,68.3416],[-105.2767,68.3556],[-105.3301,68.3798],[-105.3252,68.4167],[-105.4341,68.4203],[-105.5228,68.4327],[-105.4508,68.4646],[-105.3569,68.4886],[-105.3016,68.4605],[-105.276,68.4891],[-105.3025,68.5186],[-105.3809,68.5168],[-105.4137,68.5413],[-105.3812,68.5522],[-105.4157,68.5972],[-105.4669,68.6186],[-105.4767,68.6476],[-105.5244,68.6753],[-105.4303,68.7192],[-105.4328,68.737],[-105.5169,68.778],[-105.7138,68.8462],[-105.7722,68.8839],[-105.8633,68.8819],[-105.9821,68.8934],[-106.0032,68.9138],[-106.1946,68.9454],[-106.2163,68.9178],[-106.3285,68.8955],[-106.4529,68.8784],[-106.4939,68.8613],[-106.5996,68.8455],[-106.6552,68.8164],[-106.798,68.8181],[-106.8496,68.7953],[-106.9718,68.7697],[-107.0964,68.7509],[-107.2858,68.7015],[-107.398,68.6983],[-107.4761,68.6777],[-107.7039,68.6547],[-107.8946,68.6469],[-107.9968,68.6372],[-108.0441,68.6412],[-108.2589,68.6319],[-108.3474,68.6059],[-108.4559,68.5],[-108.6021,68.3919],[-108.6857,68.3673],[-108.7272,68.3361],[-108.7108,68.3067],[-108.8073,68.2649],[-108.6981,68.2364],[-108.6234,68.262],[-108.5185,68.2751],[-108.4359,68.3154],[-108.4069,68.2916],[-108.3568,68.2973],[-108.3576,68.2581],[-108.402,68.2297],[-108.4046,68.1813],[-108.3601,68.1821],[-108.3803,68.2201],[-108.3305,68.2386],[-108.2807,68.211],[-108.297,68.1773],[-108.3845,68.1648],[-108.3994,68.1391],[-108.3615,68.1193],[-108.311,68.1242],[-108.2103,68.1629],[-108.1196,68.1817],[-108.0704,68.1683],[-107.9691,68.1717],[-107.9955,68.1438],[-107.8911,68.1449],[-107.8698,68.1667],[-107.7519,68.1839],[-107.6379,68.1719],[-107.6392,68.1957],[-107.7214,68.2064],[-107.7198,68.2343],[-107.8098,68.2459],[-107.8914,68.2733],[-107.8489,68.2999],[-107.8311,68.339],[-107.685,68.3361],[-107.6306,68.3523],[-107.486,68.3446],[-107.458,68.3217],[-107.3906,68.3313],[-107.2968,68.3212],[-107.1966,68.2769],[-107.1164,68.2888],[-107.1109,68.3112],[-107.0383,68.3305],[-106.98,68.3852],[-106.8451,68.3746],[-106.7985,68.3814],[-106.7625,68.4141],[-106.6884,68.3785],[-106.7106,68.3566],[-106.6156,68.345],[-106.563,68.2958],[-106.4999,68.3132],[-106.551,68.3569],[-106.4955,68.3661],[-106.4445,68.4008],[-106.4646,68.4183],[-106.5671,68.4294],[-106.6004,68.4677],[-106.5644,68.4794],[-106.4544,68.465],[-106.5291,68.5331],[-106.3658,68.5383],[-106.2607,68.573],[-106.1559,68.5776],[-106.0217,68.603],[-105.9795,68.6239],[-105.8834,68.643],[-105.8199,68.6335],[-105.7882,68.6129],[-105.6842,68.6381],[-105.6405,68.6141],[-105.701,68.6011],[-105.6826,68.5831],[-105.7435,68.5684],[-105.7516,68.536],[-105.6737,68.515],[-105.6739,68.4779],[-105.7117,68.4534],[-105.6951,68.4364],[-105.7376,68.4139],[-105.8181,68.4231],[-105.9449,68.4071],[-105.9783,68.3914],[-106.0468,68.4002],[-106.1316,68.3776],[-106.2032,68.4],[-106.2984,68.3495],[-106.3546,68.3532],[-106.4261,68.3414],[-106.4085,68.2901],[-106.4893,68.2385],[-106.4636,68.2238],[-106.3925,68.2183],[-106.3331,68.1915],[-106.4061,68.1683],[-106.4423,68.2042],[-106.5381,68.2499],[-106.5917,68.2575],[-106.62,68.2295],[-106.6012,68.1798],[-106.6306,68.1744],[-106.6848,68.2205],[-106.7756,68.2142],[-106.7124,68.1365],[-106.7471,68.1018],[-106.7922,68.1266],[-106.8865,68.1259],[-106.9259,68.0919],[-107.0102,68.1122],[-107.0647,68.0898],[-107.1308,68.0865],[-107.12,68.1132],[-107.1545,68.1303],[-107.2531,68.0627],[-107.3153,68.059],[-107.3727,68.0431],[-107.5364,68.0657],[-107.5886,68.0638],[-107.6219,68.0476],[-107.6623,68.0548],[-107.671,68.0338],[-107.719,68.0264],[-107.706,67.9945],[-107.7272,67.9673],[-107.6464,67.9621],[-107.6357,67.9422],[-107.7003,67.8955],[-107.7653,67.8905],[-107.8126,67.8636],[-107.943,67.8544],[-107.9674,67.8171],[-108.0163,67.7749],[-108.0278,67.7486],[-107.9262,67.699],[-107.9012,67.671],[-107.8377,67.6621],[-107.7984,67.6316],[-107.6543,67.5633],[-107.681,67.5459],[-107.6213,67.5322],[-107.5668,67.5023],[-107.6323,67.4611],[-107.6159,67.3999],[-107.704,67.406],[-107.6457,67.3504],[-107.5935,67.3424],[-107.5877,67.286],[-107.5603,67.2419],[-107.5255,67.2145],[-107.47,67.1933],[-107.417,67.1589],[-107.351,67.1331],[-107.3133,67.157],[-107.2721,67.1164],[-107.2281,67.1016],[-107.3723,67.0555],[-107.3606,67.0282],[-107.2591,67.0061],[-107.1785,66.9602],[-107.1661,66.9231],[-107.1128,66.8864],[-107.145,66.8766],[-107.2414,66.9133],[-107.3826,66.9754],[-107.4472,66.9751],[-107.3779,66.9286],[-107.3686,66.9113],[-107.4583,66.867],[-107.4579,66.8432],[-107.5308,66.8368],[-107.5093,66.8747],[-107.545,66.8998],[-107.6215,66.903],[-107.6772,66.9517],[-107.6158,66.9515],[-107.5705,66.9181],[-107.485,66.9455],[-107.5167,66.9916],[-107.4954,66.9981],[-107.5428,67.0354],[-107.6036,67.0677],[-107.6535,67.07],[-107.5993,66.9805],[-107.62,66.9599],[-107.7416,66.9846],[-107.7593,66.9483],[-107.6849,66.8676],[-107.6736,66.818],[-107.685,66.7913],[-107.6722,66.7538],[-107.7364,66.746],[-107.7167,66.7205],[-107.6548,66.7113],[-107.6066,66.6673],[-107.5304,66.6297],[-107.5433,66.5938],[-107.5252,66.573],[-107.4078,66.5316],[-107.4162,66.51],[-107.3831,66.4906],[-107.2929,66.4616],[-107.2388,66.43],[-107.1664,66.3552],[-107.2305,66.3557],[-107.3378,66.4247],[-107.3416,66.4422],[-107.4151,66.4673],[-107.4669,66.5053],[-107.4831,66.5347],[-107.5583,66.5294],[-107.6027,66.5663],[-107.7242,66.6269],[-107.7123,66.6576],[-107.7479,66.6915],[-107.8296,66.7323],[-107.8643,66.6815],[-107.9446,66.733],[-107.9208,66.7971],[-107.9911,66.8339],[-108.0698,66.8253],[-108.0944,66.7922],[-108.1407,66.8087],[-108.1488,66.8481],[-108.1008,66.8507],[-108.1051,66.8981],[-108.0839,66.9173],[-108.1502,66.9701],[-108.3193,67.0041],[-108.3619,67.0346],[-108.4617,67.0703],[-108.4611,67.0333],[-108.4943,67.0263],[-108.5374,67.0609],[-108.5488,67.1056],[-108.6035,67.1482],[-108.5605,67.1498],[-108.4709,67.0986],[-108.287,67.0299],[-108.1811,67.0303],[-108.1277,67.0818],[-108.0507,67.0526],[-107.9562,67.0698],[-107.8526,67.0429],[-107.897,67.1383],[-107.8614,67.1427],[-107.939,67.2199],[-107.9271,67.2343],[-107.9937,67.2849],[-108.1841,67.357],[-108.2646,67.3832],[-108.2697,67.3006],[-108.3391,67.3174],[-108.3263,67.3382],[-108.3492,67.3684],[-108.2774,67.3765],[-108.3039,67.4298],[-108.3748,67.4499],[-108.4173,67.3885],[-108.4675,67.3686],[-108.5085,67.4258],[-108.5173,67.4559],[-108.5018,67.5008],[-108.5623,67.5661],[-108.5738,67.6121],[-108.623,67.6282],[-108.6915,67.6205],[-108.7004,67.5425],[-108.7184,67.533],[-108.7127,67.4579],[-108.7366,67.4351],[-108.7677,67.3613],[-108.834,67.3533],[-108.8423,67.4001],[-108.9059,67.4328],[-108.9789,67.4497],[-108.9811,67.489],[-108.9148,67.5118],[-108.8794,67.5354],[-108.9357,67.5481],[-108.9482,67.6226],[-108.981,67.675],[-109.0331,67.6939],[-109.0609,67.7302],[-109.1804,67.7424],[-109.2568,67.724],[-109.4134,67.7523],[-109.4684,67.7521],[-109.4977,67.7294],[-109.4749,67.7047],[-109.533,67.6911],[-109.5998,67.6977],[-109.6945,67.7246],[-109.7201,67.7409],[-109.7195,67.7891],[-109.6585,67.8041],[-109.7525,67.8269],[-109.7828,67.8674],[-109.8738,67.8899],[-109.9453,67.8939],[-109.911,67.8422],[-109.9447,67.8398],[-109.9837,67.8681],[-109.9483,67.9295],[-109.9532,67.9547],[-110.038,68.0114],[-110.1469,68.014],[-110.1486,67.9881],[-110.2058,67.9741],[-110.3285,67.9647],[-110.4449,67.9399],[-110.5252,67.8975],[-110.6481,67.8804],[-110.7472,67.8491],[-110.8288,67.8017],[-110.9614,67.7735],[-111.0168,67.7706],[-111.0778,67.7888],[-111.201,67.798],[-111.1297,67.8205],[-111.2062,67.8372],[-111.2921,67.8167],[-111.3381,67.7961],[-111.3683,67.7527],[-111.4169,67.7245],[-111.4743,67.7332],[-111.4436,67.7554],[-111.4846,67.7661],[-111.6227,67.7304],[-111.6615,67.7414],[-111.7829,67.7539],[-111.7957,67.7622],[-111.9055,67.7547],[-111.8721,67.6794],[-111.9372,67.6932],[-111.9822,67.7337],[-112.0515,67.7397],[-112.1587,67.7265],[-112.2357,67.7375],[-112.33,67.7293],[-112.296,67.7032],[-112.4318,67.6803],[-112.5573,67.6785],[-112.5978,67.6718],[-112.7174,67.6806],[-112.8372,67.6757],[-112.92,67.6809],[-112.9886,67.6713],[-113.101,67.6787],[-113.1385,67.7038],[-113.2678,67.7139],[-113.2923,67.7006],[-113.4974,67.6936],[-113.6377,67.6957],[-113.6893,67.6881],[-113.7864,67.6984],[-113.8371,67.6959],[-113.9629,67.7257],[-114.1494,67.73],[-114.271,67.7286],[-114.3763,67.7459],[-114.4449,67.7795],[-114.5172,67.79],[-114.6306,67.7803],[-114.6346,67.8032],[-114.7101,67.8213],[-114.7701,67.8202],[-114.928,67.7962],[-114.998,67.7943],[-115.0391,67.8298],[-115.1717,67.8261],[-115.2701,67.8582],[-115.2968,67.8803],[-115.3661,67.8762],[-115.4732,67.8932],[-115.56,67.9178],[-115.3894,67.9496],[-115.3162,67.9567],[-115.2875,67.9753],[-115.1978,67.9788],[-115.1591,68.0099],[-115.2133,68.0224],[-115.2187,68.0881],[-115.1421,68.1442],[-115.1953,68.1761],[-115.1699,68.1875],[-114.9022,68.15],[-114.8609,68.1519],[-114.8141,68.1866],[-114.7484,68.2032],[-114.8741,68.2559],[-114.8063,68.2555],[-114.6197,68.2375],[-114.443,68.2642],[-114.3716,68.2375],[-114.2751,68.2269],[-114.1568,68.247],[-114.1082,68.2356],[-113.9987,68.241],[-114.0469,68.2937],[-113.9872,68.3184],[-113.9868,68.3424],[-113.9363,68.3526],[-113.9385,68.3829],[-113.891,68.3973],[-113.9445,68.4324],[-113.9796,68.3987],[-114.0555,68.3916],[-114.096,68.411],[-114.0474,68.4286],[-114.1055,68.5268],[-114.1751,68.536],[-114.1941,68.5668],[-114.3108,68.5911],[-114.3524,68.6125],[-114.4167,68.6251],[-114.42,68.6433],[-114.4746,68.6648],[-114.4613,68.6891],[-114.5762,68.7365],[-114.6783,68.7492],[-114.7664,68.7497],[-114.8313,68.819],[-114.8628,68.8205],[-114.9512,68.8515],[-114.9724,68.8693],[-115.0668,68.8797],[-115.0923,68.8533],[-115.2084,68.8991],[-115.2852,68.9046],[-115.3517,68.928],[-115.4218,68.9346],[-115.6197,68.9827],[-115.6904,68.9785],[-115.7761,69],[-115.8196,68.9843],[-115.7686,68.9593],[-115.818,68.9325],[-115.9337,68.9417],[-116.106,68.981],[-116.2236,68.9922],[-116.2797,68.96],[-116.3239,68.9524],[-116.0867,68.8949],[-116.0993,68.8604],[-115.9415,68.8269],[-115.9769,68.8058],[-116.1383,68.8233],[-116.3929,68.8909],[-116.3964,68.8736],[-116.5122,68.8645],[-116.581,68.8782],[-116.6814,68.8758],[-116.7867,68.8983],[-116.8282,68.8842],[-116.9158,68.9362],[-116.9779,68.921],[-117.1421,68.8974],[-117.3241,68.9395],[-117.3542,68.9551],[-117.6117,68.9855],[-117.7111,68.9783],[-117.776,68.9941],[-117.8294,68.9918],[-118.0635,69.0384],[-118.1186,69.0624],[-118.3088,69.1043],[-118.4,69.1124],[-118.4954,69.1502],[-118.5857,69.2026],[-118.7122,69.2359],[-118.8328,69.2489],[-118.9267,69.2663],[-119.0443,69.2704],[-119.1842,69.2969],[-119.2753,69.3051],[-119.3938,69.3028],[-119.5774,69.3145],[-119.8173,69.3488],[-119.9263,69.3445],[-120.0162,69.3569],[-120.0688,69.3759],[-120.2202,69.4033],[-120.271,69.4063],[-120.4139,69.4471],[-120.5703,69.5185],[-120.6645,69.5463],[-120.7248,69.5738],[-120.6055,68.6234],[-120.5907,68.2491],[-120.5936,68.1923],[-120.6308,67.78],[-120.0142,67.6082],[-119.3334,67.4113],[-118.5942,67.1989],[-117.7782,67.0571],[-117.0655,66.9292],[-116.6311,66.7974],[-115.0127,66.287],[-114.3138,66.0547],[-112.5834,65.4471],[-111.6005,65.4491],[-110.5384,65.4458],[-109.6788,65.0977],[-109.4428,64.9996],[-109.0249,64.8314],[-108.8379,64.7321],[-108.2713,64.7004],[-107.6647,64.6641],[-107.04,64.624],[-106.1031,64.5593],[-105.3557,64.5038],[-104.875,64.466],[-104,64.3882],[-103.3224,64.3241],[-102.5032,64.242],[-102,64.1891],[-102,63.9625],[-102,63.6375],[-102,63.2875],[-102,63.0688],[-102,62.7125],[-102,62.4688],[-102,62.0938],[-102,61.8563],[-102,61.4438],[-102,61.15],[-102,60.9063],[-102,60.5188],[-102,60.225],[-102,60],[-101.5,60],[-101,60],[-100.5,60],[-100,60],[-99.5,60],[-99,60],[-98.5,60],[-98,60],[-97.25,60],[-96.5,60],[-96,60],[-95.3125,60],[-94.8281,60]],[[-92.3009,63.4128],[-92.2317,63.3667],[-92.1665,63.3374],[-92.2217,63.3217],[-92.294,63.348],[-92.3255,63.3777],[-92.3009,63.4128]],[[-92.7571,63.4169],[-92.7648,63.3979],[-92.8933,63.4797],[-92.957,63.486],[-92.9718,63.509],[-92.89,63.5026],[-92.8797,63.4774],[-92.8201,63.4609],[-92.7571,63.4169]]]]}}
]}