{"type":"FeatureCollection","bbox":[-55.55064,-26.257108,-54.345807,-24.476751],"features":[
{"type":"Feature","id":"PRY:ADM2:PY-10.ciudad-del-este","properties":{"shapeName":"Ciudad Del Este","shapeISO":"","shapeGroup":"PRY","shapeType":"ADM2","adm1ISO":"PY-10","parentISO":"PY-10","parentID":"PRY:ADM1:PY-10","src_shape_id":"47425931B11106489367455"},"geometry":{"type":"Polygon","coordinates":[[[-54.597904,-25.504585],[-54.606509,-25.50075],[-54.611505,-25.498894],[-54.614504,-25.499751],[-54.616931,-25.499465],[-54.623278,-25.496235],[-54.62464,-25.492184],[-54.627641,-25.491329],[-54.6302,-25.491752],[-54.632778,-25.489186],[-54.632757,-25.485814],[-54.634634,-25.484618],[-54.635978,-25.481472],[-54.638788,-25.477981],[-54.637869,-25.473425],[-54.635919,-25.471911],[-54.634286,-25.472272],[-54.630731,-25.475499],[-54.627638,-25.474624],[-54.626924,-25.473196],[-54.625782,-25.465201],[-54.626211,-25.461775],[-54.62978,-25.45949],[-54.633206,-25.460918],[-54.637918,-25.46049],[-54.640916,-25.458348],[-54.641629,-25.451495],[-54.640916,-25.448497],[-54.643675,-25.443851],[-54.647262,-25.442982],[-54.651592,-25.443283],[-54.654953,-25.447505],[-54.658321,-25.456318],[-54.664044,-25.459633],[-54.666043,-25.465487],[-54.665475,-25.468059],[-54.667902,-25.469483],[-54.672182,-25.467914],[-54.677321,-25.463202],[-54.680605,-25.458777],[-54.681033,-25.455493],[-54.678755,-25.453351],[-54.673467,-25.450782],[-54.670617,-25.444214],[-54.670617,-25.442644],[-54.673472,-25.441502],[-54.676607,-25.43936],[-54.68346,-25.43265],[-54.685617,-25.43207],[-54.691304,-25.434477],[-54.696182,-25.436087],[-54.698308,-25.437361],[-54.699879,-25.444357],[-54.703162,-25.445642],[-54.705735,-25.447638],[-54.712585,-25.44036],[-54.711888,-25.435878],[-54.711711,-25.427029],[-54.711205,-25.424645],[-54.70964,-25.423683],[-54.700688,-25.423793],[-54.698847,-25.422889],[-54.696452,-25.418088],[-54.694455,-25.417089],[-54.691741,-25.417659],[-54.68034,-25.424067],[-54.674466,-25.423513],[-54.671611,-25.418802],[-54.670046,-25.414233],[-54.675751,-25.414376],[-54.67932,-25.413662],[-54.682604,-25.412234],[-54.68446,-25.409093],[-54.684608,-25.406666],[-54.686458,-25.40324],[-54.68932,-25.401384],[-54.69603,-25.398243],[-54.699312,-25.395386],[-54.701177,-25.396283],[-54.700021,-25.40324],[-54.702158,-25.406529],[-54.7059,-25.410679],[-54.711018,-25.417801],[-54.714441,-25.416946],[-54.715869,-25.414947],[-54.716336,-25.412383],[-54.714672,-25.410246],[-54.723721,-25.40581],[-54.723565,-25.40208],[-54.72031,-25.393866],[-54.724134,-25.387738],[-54.727263,-25.386655],[-54.727515,-25.389755],[-54.728753,-25.393152],[-54.733482,-25.400431],[-54.7388,-25.404398],[-54.73731,-25.407894],[-54.730993,-25.407599],[-54.728627,-25.408126],[-54.723645,-25.411032],[-54.719772,-25.414237],[-54.719233,-25.41817],[-54.720106,-25.419591],[-54.720735,-25.42368],[-54.720255,-25.428543],[-54.723073,-25.430248],[-54.724217,-25.433579],[-54.727446,-25.483213],[-54.73576,-25.578057],[-54.736248,-25.58319],[-54.732246,-25.583063],[-54.729953,-25.584496],[-54.731048,-25.588117],[-54.733804,-25.588842],[-54.737257,-25.592505],[-54.739928,-25.596955],[-54.738416,-25.599521],[-54.734304,-25.599384],[-54.729261,-25.600135],[-54.728031,-25.599775],[-54.724615,-25.595576],[-54.721009,-25.590034],[-54.720224,-25.587485],[-54.720889,-25.582155],[-54.717137,-25.577293],[-54.71189,-25.576089],[-54.707136,-25.574185],[-54.705832,-25.570602],[-54.706278,-25.56947],[-54.704367,-25.551464],[-54.70346,-25.540769],[-54.623036,-25.54071],[-54.621136,-25.540619],[-54.618128,-25.537957],[-54.615186,-25.538801],[-54.612558,-25.5443],[-54.609848,-25.547735],[-54.605579,-25.546368],[-54.605771,-25.548573],[-54.600954,-25.550436],[-54.600001,-25.553426],[-54.59808,-25.55448],[-54.594021,-25.555206],[-54.59361,-25.552749],[-54.594547,-25.548965],[-54.594082,-25.540676],[-54.594734,-25.536725],[-54.597531,-25.531825],[-54.600317,-25.524524],[-54.60108,-25.517921],[-54.600321,-25.512804],[-54.600503,-25.509368],[-54.597904,-25.504585]]]}},
{"type":"Feature","id":"PRY:ADM2:PY-10.domingo-martinez-de-irala","properties":{"shapeName":"Domingo Martinez De Irala","shapeISO":"","shapeGroup":"PRY","shapeType":"ADM2","adm1ISO":"PY-10","parentISO":"PY-10","parentID":"PRY:ADM1:PY-10","src_shape_id":"47425931B33721497398039"},"geometry":{"type":"Polygon","coordinates":[[[-54.625082,-25.777775],[-54.62778,-25.779583],[-54.628349,-25.783351],[-54.629391,-25.784605],[-54.632362,-25.784143],[-54.634033,-25.785655],[-54.631682,-25.788446],[-54.632701,-25.789537],[-54.636163,-25.789995],[-54.639684,-25.788486],[-54.640799,-25.786943],[-54.641956,-25.778401],[-54.644451,-25.776095],[-54.644148,-25.772994],[-54.646683,-25.772891],[-54.648692,-25.770879],[-54.654606,-25.77004],[-54.656286,-25.766439],[-54.659423,-25.763615],[-54.661248,-25.765016],[-54.664166,-25.764643],[-54.66444,-25.766412],[-54.663402,-25.769451],[-54.661608,-25.770803],[-54.661537,-25.773464],[-54.663829,-25.777278],[-54.667639,-25.778134],[-54.669852,-25.777542],[-54.67125,-25.774144],[-54.676039,-25.775515],[-54.680155,-25.773189],[-54.675701,-25.771453],[-54.675546,-25.770097],[-54.678419,-25.769402],[-54.679827,-25.770039],[-54.680075,-25.765778],[-54.679503,-25.762077],[-54.683775,-25.760918],[-54.685074,-25.762035],[-54.685499,-25.768558],[-54.688115,-25.771114],[-54.69217,-25.770894],[-54.694305,-25.771979],[-54.697974,-25.772164],[-54.70309,-25.770764],[-54.706368,-25.771452],[-54.711037,-25.775502],[-54.71658,-25.775593],[-54.722322,-25.779276],[-54.724994,-25.781628],[-54.731964,-25.785965],[-54.733439,-25.788759],[-54.734802,-25.787517],[-54.744798,-25.788033],[-54.74897,-25.785679],[-54.750765,-25.782223],[-54.752727,-25.780687],[-54.754417,-25.78195],[-54.757511,-25.782539],[-54.761525,-25.777813],[-54.766218,-25.778205],[-54.768405,-25.774845],[-54.771582,-25.771839],[-54.773692,-25.773229],[-54.774741,-25.775186],[-54.777946,-25.774183],[-54.778658,-25.772872],[-54.78247,-25.772235],[-54.784966,-25.773478],[-54.790559,-25.772358],[-54.79124,-25.77036],[-54.794233,-25.770884],[-54.799343,-25.768136],[-54.802142,-25.782711],[-54.813148,-25.838412],[-54.743891,-25.901758],[-54.696951,-25.944632],[-54.65871,-25.979525],[-54.651194,-25.979769],[-54.643437,-25.981516],[-54.639838,-25.982811],[-54.6322,-25.984355],[-54.624111,-25.985364],[-54.620548,-25.984891],[-54.616886,-25.98358],[-54.612571,-25.980387],[-54.610671,-25.977436],[-54.608481,-25.971777],[-54.606567,-25.963826],[-54.60712,-25.95925],[-54.609547,-25.953248],[-54.615426,-25.947411],[-54.619227,-25.941743],[-54.620804,-25.937811],[-54.621614,-25.931886],[-54.622567,-25.918878],[-54.622518,-25.915543],[-54.620923,-25.908955],[-54.619378,-25.905595],[-54.616325,-25.897003],[-54.611925,-25.886723],[-54.603468,-25.872102],[-54.599084,-25.866823],[-54.596325,-25.860942],[-54.593982,-25.851531],[-54.591436,-25.846484],[-54.588147,-25.838411],[-54.587125,-25.83204],[-54.587293,-25.829439],[-54.589505,-25.822495],[-54.593085,-25.816201],[-54.59533,-25.813318],[-54.606007,-25.803183],[-54.614362,-25.794047],[-54.618845,-25.788498],[-54.625082,-25.777775]]]}},
{"type":"Feature","id":"PRY:ADM2:PY-10.dr-juan-leon-mallorquin","properties":{"shapeName":"Dr. Juan Leon Mallorquin","shapeISO":"","shapeGroup":"PRY","shapeType":"ADM2","adm1ISO":"PY-10","parentISO":"PY-10","parentID":"PRY:ADM1:PY-10","src_shape_id":"47425931B37596236336731"},"geometry":{"type":"Polygon","coordinates":[[[-55.081703,-25.559745],[-55.081614,-25.559567],[-55.10766,-25.5362],[-55.121076,-25.524055],[-55.12769,-25.51783],[-55.144244,-25.503154],[-55.155365,-25.492958],[-55.160944,-25.488127],[-55.172388,-25.47772],[-55.173461,-25.475757],[-55.182893,-25.468267],[-55.211044,-25.442786],[-55.211269,-25.442396],[-55.240305,-25.40981],[-55.296601,-25.349466],[-55.301996,-25.348248],[-55.30686,-25.349476],[-55.307103,-25.360316],[-55.305723,-25.367376],[-55.30889,-25.389438],[-55.313893,-25.413741],[-55.322328,-25.456391],[-55.325116,-25.472194],[-55.334371,-25.521517],[-55.335105,-25.523304],[-55.341895,-25.560937],[-55.347186,-25.588519],[-55.347002,-25.588659],[-55.345241,-25.588187],[-55.34256,-25.589741],[-55.341847,-25.586541],[-55.343551,-25.584068],[-55.33974,-25.584688],[-55.339729,-25.582685],[-55.342114,-25.580196],[-55.337974,-25.576782],[-55.33469,-25.5765],[-55.334045,-25.574839],[-55.32982,-25.577575],[-55.327309,-25.582695],[-55.324047,-25.583624],[-55.3217,-25.582456],[-55.323196,-25.579223],[-55.319062,-25.577265],[-55.316953,-25.575657],[-55.315876,-25.577322],[-55.313784,-25.576284],[-55.315919,-25.574247],[-55.314133,-25.571571],[-55.311495,-25.571925],[-55.310009,-25.568914],[-55.304866,-25.570311],[-55.302285,-25.568429],[-55.304439,-25.565926],[-55.303745,-25.565068],[-55.293042,-25.565491],[-55.289039,-25.567913],[-55.285435,-25.565821],[-55.281046,-25.566492],[-55.279027,-25.565816],[-55.276614,-25.567534],[-55.27252,-25.567335],[-55.268287,-25.568776],[-55.269339,-25.565247],[-55.266067,-25.565115],[-55.268348,-25.562754],[-55.267685,-25.561512],[-55.263771,-25.559544],[-55.261999,-25.557775],[-55.259207,-25.557288],[-55.257401,-25.559619],[-55.253346,-25.558124],[-55.252254,-25.556023],[-55.249829,-25.553888],[-55.252285,-25.551245],[-55.25252,-25.547657],[-55.247473,-25.547719],[-55.247385,-25.544485],[-55.245713,-25.543592],[-55.247531,-25.538442],[-55.245154,-25.536361],[-55.244505,-25.534667],[-55.240734,-25.534412],[-55.240354,-25.530756],[-55.237238,-25.530602],[-55.239583,-25.52791],[-55.234004,-25.524349],[-55.235211,-25.52253],[-55.231874,-25.521372],[-55.22898,-25.521461],[-55.22431,-25.524775],[-55.22306,-25.521328],[-55.218658,-25.522687],[-55.219441,-25.524157],[-55.217517,-25.526523],[-55.215361,-25.523806],[-55.210774,-25.523881],[-55.210292,-25.521809],[-55.211065,-25.519418],[-55.208967,-25.518185],[-55.207023,-25.518467],[-55.204896,-25.521292],[-55.201133,-25.518889],[-55.199287,-25.52118],[-55.197074,-25.521196],[-55.194807,-25.519495],[-55.191107,-25.519246],[-55.189852,-25.520612],[-55.189499,-25.524929],[-55.183081,-25.523118],[-55.183588,-25.51924],[-55.180108,-25.519313],[-55.176855,-25.518138],[-55.175072,-25.520487],[-55.172082,-25.521003],[-55.169214,-25.523047],[-55.166462,-25.522649],[-55.164725,-25.519849],[-55.161518,-25.518805],[-55.160507,-25.516799],[-55.156383,-25.517053],[-55.154854,-25.519521],[-55.156675,-25.523123],[-55.152017,-25.526832],[-55.152746,-25.52946],[-55.149963,-25.533207],[-55.147866,-25.533006],[-55.144397,-25.52918],[-55.14193,-25.530079],[-55.142255,-25.531873],[-55.145003,-25.533537],[-55.143063,-25.537716],[-55.140492,-25.536025],[-55.13747,-25.538533],[-55.137271,-25.543127],[-55.143048,-25.547012],[-55.144117,-25.54944],[-55.139193,-25.553684],[-55.13635,-25.554971],[-55.137595,-25.556398],[-55.141271,-25.55515],[-55.141862,-25.556307],[-55.139038,-25.559544],[-55.135194,-25.562303],[-55.131268,-25.563155],[-55.12361,-25.558518],[-55.122723,-25.55679],[-55.12285,-25.552719],[-55.119533,-25.552603],[-55.116841,-25.55862],[-55.114169,-25.559211],[-55.112687,-25.557592],[-55.110651,-25.557595],[-55.108753,-25.558967],[-55.105411,-25.55632],[-55.102238,-25.558184],[-55.100524,-25.55806],[-55.099304,-25.556081],[-55.096098,-25.557043],[-55.093936,-25.556825],[-55.093379,-25.559611],[-55.09048,-25.558337],[-55.088169,-25.560503],[-55.084728,-25.559033],[-55.081703,-25.559745]]]}},
{"type":"Feature","id":"PRY:ADM2:PY-10.dr-raul-pena","properties":{"shapeName":"Dr. Raul Peña","shapeISO":"","shapeGroup":"PRY","shapeType":"ADM2","adm1ISO":"PY-10","parentISO":"PY-10","parentID":"PRY:ADM1:PY-10","src_shape_id":"47425931B43985147736376"},"geometry":{"type":"Polygon","coordinates":[[[-55.205627,-26.233615],[-55.205094,-26.228205],[-55.187855,-26.195145],[-55.1803,-26.185102],[-55.160242,-26.13575],[-55.159784,-26.132824],[-55.159855,-26.116306],[-55.159319,-26.114065],[-55.14754,-26.094655],[-55.146951,-26.091723],[-55.152452,-26.072655],[-55.151212,-26.068371],[-55.137332,-26.056422],[-55.131694,-26.051822],[-55.129885,-26.049185],[-55.129559,-26.047227],[-55.132892,-26.044178],[-55.132921,-26.041592],[-55.134632,-26.040414],[-55.139919,-26.04013],[-55.142251,-26.036788],[-55.139375,-26.035054],[-55.140728,-26.03179],[-55.138602,-26.029953],[-55.141308,-26.028318],[-55.143086,-26.024933],[-55.139274,-26.020375],[-55.14251,-26.016138],[-55.143147,-26.018227],[-55.145105,-26.020184],[-55.149928,-26.022706],[-55.153002,-26.023765],[-55.150894,-26.026455],[-55.148188,-26.026272],[-55.148856,-26.028866],[-55.152853,-26.026805],[-55.156049,-26.028624],[-55.158618,-26.026039],[-55.160219,-26.022918],[-55.160372,-26.017323],[-55.161901,-26.016982],[-55.163085,-26.014542],[-55.16631,-26.014998],[-55.166954,-26.016365],[-55.164691,-26.020818],[-55.164077,-26.023735],[-55.16071,-26.028413],[-55.160912,-26.02986],[-55.164447,-26.030965],[-55.167557,-26.02933],[-55.170894,-26.028885],[-55.173324,-26.032193],[-55.173209,-26.034841],[-55.174302,-26.037698],[-55.173347,-26.039473],[-55.1712,-26.040584],[-55.172397,-26.044259],[-55.17593,-26.04429],[-55.176269,-26.041523],[-55.175191,-26.038382],[-55.181016,-26.038171],[-55.184692,-26.034976],[-55.184408,-26.032328],[-55.18024,-26.029942],[-55.178125,-26.028051],[-55.181382,-26.024861],[-55.183069,-26.024399],[-55.18488,-26.028362],[-55.186454,-26.030165],[-55.187945,-26.0291],[-55.188959,-26.033437],[-55.191603,-26.036643],[-55.194367,-26.034886],[-55.197595,-26.034271],[-55.196154,-26.031464],[-55.198751,-26.030404],[-55.199978,-26.037312],[-55.202292,-26.04087],[-55.201892,-26.042102],[-55.196321,-26.042281],[-55.192726,-26.045106],[-55.190292,-26.044963],[-55.185337,-26.041823],[-55.181676,-26.041989],[-55.182051,-26.045767],[-55.180801,-26.048409],[-55.181833,-26.049948],[-55.189614,-26.051147],[-55.191749,-26.050285],[-55.193906,-26.051223],[-55.193075,-26.054634],[-55.190995,-26.055281],[-55.186922,-26.055126],[-55.18077,-26.054105],[-55.179754,-26.060605],[-55.172735,-26.062854],[-55.176429,-26.064643],[-55.176283,-26.067169],[-55.17504,-26.068656],[-55.176274,-26.070261],[-55.178534,-26.068728],[-55.181055,-26.063041],[-55.183242,-26.062883],[-55.182916,-26.065208],[-55.187101,-26.06657],[-55.189759,-26.064956],[-55.19513,-26.067609],[-55.197903,-26.063297],[-55.199013,-26.05868],[-55.199993,-26.057952],[-55.20267,-26.060125],[-55.204002,-26.064159],[-55.208669,-26.064871],[-55.212711,-26.064619],[-55.217112,-26.065738],[-55.214958,-26.068298],[-55.20768,-26.070577],[-55.205231,-26.06931],[-55.204025,-26.071881],[-55.204344,-26.073939],[-55.20791,-26.076516],[-55.213051,-26.076381],[-55.21496,-26.077415],[-55.213236,-26.079574],[-55.21042,-26.080514],[-55.210576,-26.085373],[-55.209315,-26.089081],[-55.205585,-26.09288],[-55.204778,-26.094856],[-55.208572,-26.09576],[-55.211992,-26.093979],[-55.214212,-26.09101],[-55.212472,-26.08735],[-55.21838,-26.086584],[-55.220993,-26.083958],[-55.223861,-26.085726],[-55.229226,-26.084736],[-55.231785,-26.086428],[-55.234588,-26.083904],[-55.232292,-26.080359],[-55.229628,-26.08197],[-55.226863,-26.080162],[-55.225876,-26.075866],[-55.221525,-26.073944],[-55.219782,-26.072172],[-55.220912,-26.070403],[-55.224179,-26.071115],[-55.225523,-26.068099],[-55.229899,-26.065733],[-55.233222,-26.06614],[-55.234498,-26.068651],[-55.236899,-26.069037],[-55.238861,-26.067833],[-55.241787,-26.068244],[-55.245582,-26.06175],[-55.249222,-26.058675],[-55.250107,-26.061814],[-55.254356,-26.066149],[-55.249651,-26.069093],[-55.248365,-26.07198],[-55.25193,-26.071594],[-55.25548,-26.074526],[-55.251028,-26.07648],[-55.251128,-26.078662],[-55.255267,-26.078441],[-55.255635,-26.080134],[-55.258635,-26.08114],[-55.260351,-26.078922],[-55.259751,-26.077471],[-55.263129,-26.076175],[-55.265076,-26.078158],[-55.267632,-26.077471],[-55.269614,-26.078555],[-55.267657,-26.080563],[-55.268389,-26.082196],[-55.271566,-26.083877],[-55.275045,-26.083396],[-55.275543,-26.08513],[-55.278292,-26.087149],[-55.27769,-26.089363],[-55.280536,-26.088909],[-55.281109,-26.095271],[-55.285961,-26.095184],[-55.287664,-26.096965],[-55.289648,-26.09521],[-55.287604,-26.093195],[-55.286861,-26.090758],[-55.288804,-26.088967],[-55.287121,-26.085543],[-55.2883,-26.083662],[-55.290474,-26.084256],[-55.292369,-26.086982],[-55.291799,-26.088524],[-55.295725,-26.089523],[-55.299402,-26.087919],[-55.300939,-26.091015],[-55.300201,-26.094712],[-55.295987,-26.097781],[-55.299097,-26.098784],[-55.296624,-26.102826],[-55.299558,-26.103186],[-55.303602,-26.107968],[-55.30743,-26.107404],[-55.310604,-26.107752],[-55.312159,-26.108759],[-55.312734,-26.111754],[-55.311445,-26.114695],[-55.313064,-26.118641],[-55.314534,-26.118857],[-55.317506,-26.117131],[-55.321721,-26.116986],[-55.322618,-26.120156],[-55.31875,-26.122196],[-55.314263,-26.12575],[-55.315221,-26.127721],[-55.317475,-26.128997],[-55.317655,-26.131956],[-55.321446,-26.132569],[-55.322636,-26.133982],[-55.320567,-26.138715],[-55.31475,-26.140814],[-55.311409,-26.139457],[-55.308881,-26.140212],[-55.307256,-26.142211],[-55.303292,-26.144597],[-55.30137,-26.147111],[-55.296577,-26.148828],[-55.295934,-26.149981],[-55.2982,-26.152679],[-55.297901,-26.155014],[-55.300111,-26.156087],[-55.302019,-26.158678],[-55.303891,-26.162672],[-55.302541,-26.165008],[-55.299569,-26.166986],[-55.297425,-26.166076],[-55.293529,-26.170679],[-55.294267,-26.171328],[-55.294954,-26.175665],[-55.29616,-26.177105],[-55.294035,-26.180935],[-55.290879,-26.185194],[-55.291441,-26.18697],[-55.288733,-26.191325],[-55.288824,-26.195095],[-55.286944,-26.196666],[-55.286907,-26.199008],[-55.284609,-26.201314],[-55.282049,-26.201275],[-55.276955,-26.203024],[-55.275725,-26.205315],[-55.270096,-26.209879],[-55.26935,-26.212113],[-55.265863,-26.214251],[-55.263084,-26.217752],[-55.261356,-26.226938],[-55.262515,-26.233131],[-55.261517,-26.23571],[-55.23914,-26.239116],[-55.234894,-26.243224],[-55.230368,-26.244793],[-55.226291,-26.242334],[-55.218955,-26.239153],[-55.212023,-26.239977],[-55.209664,-26.235682],[-55.205627,-26.233615]]]}},
{"type":"Feature","id":"PRY:ADM2:PY-10.hernandarias","properties":{"shapeName":"Hernandarias","shapeISO":"","shapeGroup":"PRY","shapeType":"ADM2","adm1ISO":"PY-10","parentISO":"PY-10","parentID":"PRY:ADM1:PY-10","src_shape_id":"47425931B94368242537518"},"geometry":{"type":"Polygon","coordinates":[[[-54.597904,-25.504585],[-54.596626,-25.501868],[-54.596891,-25.491493],[-54.597414,-25.489259],[-54.60012,-25.487525],[-54.602418,-25.483429],[-54.606526,-25.479263],[-54.615531,-25.472207],[-54.618591,-25.464951],[-54.619867,-25.456393],[-54.619236,-25.45289],[-54.617521,-25.451165],[-54.609788,-25.447018],[-54.606453,-25.444631],[-54.604184,-25.441422],[-54.602111,-25.43715],[-54.600459,-25.432249],[-54.594826,-25.419346],[-54.591259,-25.413994],[-54.587186,-25.404572],[-54.584475,-25.397266],[-54.564848,-25.379307],[-54.534143,-25.344819],[-54.531351,-25.342776],[-54.537325,-25.336445],[-54.541729,-25.328812],[-54.54166,-25.321365],[-54.54302,-25.304739],[-54.554826,-25.289567],[-54.560545,-25.288875],[-54.570759,-25.289682],[-54.578968,-25.291757],[-54.601197,-25.288299],[-54.615101,-25.286246],[-54.626607,-25.282995],[-54.629605,-25.280366],[-54.630896,-25.275524],[-54.631565,-25.267062],[-54.636569,-25.257677],[-54.645054,-25.257861],[-54.649159,-25.256616],[-54.652225,-25.250828],[-54.676921,-25.26132],[-54.682202,-25.262035],[-54.68631,-25.259665],[-54.68798,-25.260729],[-54.691652,-25.258837],[-54.69228,-25.256839],[-54.696499,-25.252599],[-54.700195,-25.246876],[-54.701419,-25.246062],[-54.72347,-25.282497],[-54.73161,-25.279463],[-54.73627,-25.278578],[-54.754919,-25.279003],[-54.771807,-25.27921],[-54.784427,-25.279526],[-54.826079,-25.280304],[-54.83127,-25.278769],[-54.860511,-25.261838],[-54.874878,-25.253366],[-54.877659,-25.251715],[-54.877044,-25.24799],[-54.874288,-25.243771],[-54.873662,-25.240932],[-54.871394,-25.238349],[-54.870549,-25.230728],[-54.871939,-25.229412],[-54.870607,-25.224328],[-54.872635,-25.221334],[-54.873151,-25.217162],[-54.875338,-25.213488],[-54.875321,-25.208306],[-54.874103,-25.204204],[-54.872188,-25.201653],[-54.872313,-25.197692],[-54.868321,-25.187863],[-54.867858,-25.185744],[-54.865661,-25.182382],[-54.865928,-25.180409],[-54.864214,-25.17842],[-54.864138,-25.173328],[-54.86709,-25.172089],[-54.868357,-25.168298],[-54.873019,-25.164921],[-54.872064,-25.162172],[-54.873155,-25.160423],[-54.872842,-25.156673],[-54.874829,-25.155027],[-54.874762,-25.153333],[-54.877414,-25.152383],[-54.877358,-25.149421],[-54.879273,-25.146497],[-54.878364,-25.142354],[-54.877124,-25.139831],[-54.878923,-25.138196],[-54.902313,-25.160054],[-54.903077,-25.163798],[-54.924154,-25.174733],[-54.928035,-25.174494],[-54.938894,-25.180112],[-54.941803,-25.181181],[-54.952528,-25.167911],[-54.9542,-25.165253],[-54.967452,-25.140663],[-54.967812,-25.137971],[-54.97268,-25.137947],[-54.975687,-25.139853],[-54.979444,-25.139264],[-54.981519,-25.140654],[-54.985561,-25.147958],[-54.990884,-25.15138],[-54.994904,-25.152238],[-54.99781,-25.154177],[-55.000426,-25.159408],[-55.002011,-25.159718],[-55.004353,-25.16379],[-55.005532,-25.164442],[-55.012809,-25.165524],[-55.016513,-25.16705],[-55.018529,-25.172683],[-55.020171,-25.174772],[-55.021729,-25.179844],[-55.02327,-25.181259],[-55.026819,-25.18122],[-55.027169,-25.182832],[-55.023309,-25.189213],[-55.021274,-25.189953],[-55.01641,-25.196013],[-55.012542,-25.195563],[-55.009796,-25.196533],[-55.008721,-25.199588],[-55.012787,-25.199263],[-55.014813,-25.200839],[-55.015994,-25.205179],[-55.019563,-25.206102],[-55.024598,-25.208607],[-55.022613,-25.213072],[-55.019838,-25.213296],[-55.018901,-25.215238],[-55.021815,-25.218459],[-55.026888,-25.222413],[-55.022319,-25.226058],[-55.017513,-25.227754],[-55.017712,-25.229892],[-55.021312,-25.230026],[-55.02447,-25.228912],[-55.02318,-25.233522],[-55.021561,-25.234985],[-55.01373,-25.23353],[-55.01303,-25.236518],[-55.016253,-25.235392],[-55.017338,-25.238634],[-55.017009,-25.244222],[-55.014807,-25.243854],[-55.01175,-25.241529],[-55.003388,-25.240473],[-55.003128,-25.244649],[-55.00414,-25.24996],[-55.002191,-25.251863],[-54.999492,-25.249948],[-54.993601,-25.248808],[-54.996,-25.241993],[-54.993037,-25.242233],[-54.990799,-25.245001],[-54.988761,-25.245961],[-54.98498,-25.246447],[-54.983922,-25.247881],[-54.986907,-25.251271],[-54.988358,-25.25492],[-54.991415,-25.257742],[-54.98925,-25.259753],[-54.985386,-25.260079],[-54.980917,-25.26329],[-54.979347,-25.263802],[-54.976826,-25.262733],[-54.97072,-25.259066],[-54.970445,-25.257776],[-54.972801,-25.255285],[-54.97452,-25.251968],[-54.974674,-25.24803],[-54.972007,-25.247475],[-54.970593,-25.248335],[-54.965133,-25.249695],[-54.966357,-25.255535],[-54.96446,-25.256416],[-54.963657,-25.258522],[-54.964291,-25.262046],[-54.967499,-25.261391],[-54.967976,-25.264453],[-54.969511,-25.265147],[-54.969414,-25.268445],[-54.966133,-25.270205],[-54.965508,-25.272765],[-54.971164,-25.271994],[-54.971841,-25.268934],[-54.974158,-25.271214],[-54.972342,-25.277097],[-54.975545,-25.279475],[-54.974729,-25.283314],[-54.970991,-25.284318],[-54.968331,-25.286182],[-54.967252,-25.294156],[-54.963778,-25.300206],[-54.960058,-25.297947],[-54.954815,-25.304401],[-54.957342,-25.307754],[-54.960365,-25.305097],[-54.963444,-25.306132],[-54.963554,-25.307479],[-54.961536,-25.312037],[-54.961468,-25.313999],[-54.964451,-25.316595],[-54.963464,-25.318333],[-54.959416,-25.319197],[-54.958322,-25.320947],[-54.956127,-25.319684],[-54.948368,-25.316765],[-54.941343,-25.323243],[-54.94069,-25.327801],[-54.938235,-25.334262],[-54.941474,-25.339949],[-54.940386,-25.344528],[-54.946012,-25.342887],[-54.950017,-25.345809],[-54.949969,-25.34696],[-54.94633,-25.347793],[-54.944891,-25.349814],[-54.941233,-25.350954],[-54.935053,-25.354566],[-54.928024,-25.355555],[-54.925166,-25.355127],[-54.918313,-25.350987],[-54.916743,-25.348703],[-54.916885,-25.346847],[-54.919741,-25.342135],[-54.920312,-25.33928],[-54.913887,-25.33414],[-54.912034,-25.333285],[-54.908462,-25.334997],[-54.90218,-25.335283],[-54.900895,-25.336996],[-54.901038,-25.339851],[-54.908319,-25.345705],[-54.908748,-25.347989],[-54.907177,-25.349845],[-54.897189,-25.349417],[-54.893614,-25.35013],[-54.892187,-25.351986],[-54.894899,-25.356269],[-54.896184,-25.360124],[-54.909462,-25.363265],[-54.911889,-25.366834],[-54.91178,-25.368898],[-54.910746,-25.370832],[-54.907177,-25.374115],[-54.903037,-25.376971],[-54.900612,-25.377399],[-54.896327,-25.376971],[-54.894471,-25.375971],[-54.895328,-25.372973],[-54.901467,-25.367548],[-54.901752,-25.365835],[-54.900324,-25.363551],[-54.89776,-25.362837],[-54.896898,-25.365835],[-54.8949,-25.367548],[-54.888617,-25.367262],[-54.882478,-25.366549],[-54.880765,-25.365407],[-54.879909,-25.361266],[-54.878767,-25.358697],[-54.875774,-25.358696],[-54.871058,-25.356984],[-54.869201,-25.357126],[-54.86606,-25.36041],[-54.866346,-25.362837],[-54.86349,-25.364835],[-54.858783,-25.364408],[-54.853782,-25.367976],[-54.851645,-25.36869],[-54.848928,-25.367691],[-54.844502,-25.368119],[-54.843503,-25.372259],[-54.844502,-25.380825],[-54.847358,-25.38311],[-54.855638,-25.385537],[-54.855495,-25.387393],[-54.852212,-25.391819],[-54.855638,-25.397244],[-54.852643,-25.399241],[-54.849642,-25.397244],[-54.845502,-25.396673],[-54.839077,-25.39396],[-54.837512,-25.393818],[-54.836507,-25.39653],[-54.837649,-25.402241],[-54.837221,-25.404239],[-54.834795,-25.407665],[-54.831368,-25.406524],[-54.829654,-25.402954],[-54.824946,-25.400101],[-54.821945,-25.401669],[-54.819522,-25.401812],[-54.812241,-25.400385],[-54.811097,-25.400812],[-54.810095,-25.405667],[-54.806241,-25.411378],[-54.799103,-25.413947],[-54.796104,-25.414661],[-54.796818,-25.418088],[-54.796675,-25.421086],[-54.799388,-25.423513],[-54.79953,-25.42594],[-54.797533,-25.426796],[-54.794248,-25.426511],[-54.791678,-25.425226],[-54.788537,-25.420943],[-54.786396,-25.413091],[-54.784112,-25.407523],[-54.782259,-25.406953],[-54.779971,-25.408237],[-54.779829,-25.412377],[-54.777973,-25.41666],[-54.781827,-25.418516],[-54.784825,-25.4218],[-54.785111,-25.428795],[-54.782544,-25.430793],[-54.779257,-25.429509],[-54.780542,-25.426226],[-54.779686,-25.424084],[-54.775976,-25.421515],[-54.771405,-25.422371],[-54.766123,-25.424227],[-54.763701,-25.424227],[-54.762268,-25.422799],[-54.76184,-25.419087],[-54.763125,-25.414804],[-54.76441,-25.406666],[-54.762696,-25.403954],[-54.760414,-25.402527],[-54.753417,-25.404525],[-54.752274,-25.405239],[-54.752274,-25.409236],[-54.750276,-25.414947],[-54.751703,-25.418231],[-54.753845,-25.420229],[-54.754559,-25.423513],[-54.751132,-25.424798],[-54.748848,-25.427225],[-54.745707,-25.425797],[-54.746278,-25.423513],[-54.745279,-25.421229],[-54.73914,-25.413091],[-54.736427,-25.412948],[-54.734999,-25.41509],[-54.73243,-25.417088],[-54.7203,-25.41923],[-54.720106,-25.419591],[-54.719233,-25.41817],[-54.719772,-25.414237],[-54.723645,-25.411032],[-54.728627,-25.408126],[-54.730993,-25.407599],[-54.73731,-25.407894],[-54.7388,-25.404398],[-54.733482,-25.400431],[-54.728753,-25.393152],[-54.727515,-25.389755],[-54.727263,-25.386655],[-54.724134,-25.387738],[-54.72031,-25.393866],[-54.723565,-25.40208],[-54.723721,-25.40581],[-54.714672,-25.410246],[-54.716336,-25.412383],[-54.715869,-25.414947],[-54.714441,-25.416946],[-54.711018,-25.417801],[-54.7059,-25.410679],[-54.702158,-25.406529],[-54.700021,-25.40324],[-54.701177,-25.396283],[-54.699312,-25.395386],[-54.69603,-25.398243],[-54.68932,-25.401384],[-54.686458,-25.40324],[-54.684608,-25.406666],[-54.68446,-25.409093],[-54.682604,-25.412234],[-54.67932,-25.413662],[-54.675751,-25.414376],[-54.670046,-25.414233],[-54.671611,-25.418802],[-54.674466,-25.423513],[-54.68034,-25.424067],[-54.691741,-25.417659],[-54.694455,-25.417089],[-54.696452,-25.418088],[-54.698847,-25.422889],[-54.700688,-25.423793],[-54.70964,-25.423683],[-54.711205,-25.424645],[-54.711711,-25.427029],[-54.711888,-25.435878],[-54.712585,-25.44036],[-54.705735,-25.447638],[-54.703162,-25.445642],[-54.699879,-25.444357],[-54.698308,-25.437361],[-54.696182,-25.436087],[-54.691304,-25.434477],[-54.685617,-25.43207],[-54.68346,-25.43265],[-54.676607,-25.43936],[-54.673472,-25.441502],[-54.670617,-25.442644],[-54.670617,-25.444214],[-54.673467,-25.450782],[-54.678755,-25.453351],[-54.681033,-25.455493],[-54.680605,-25.458777],[-54.677321,-25.463202],[-54.672182,-25.467914],[-54.667902,-25.469483],[-54.665475,-25.468059],[-54.666043,-25.465487],[-54.664044,-25.459633],[-54.658321,-25.456318],[-54.654953,-25.447505],[-54.651592,-25.443283],[-54.647262,-25.442982],[-54.643675,-25.443851],[-54.640916,-25.448497],[-54.641629,-25.451495],[-54.640916,-25.458348],[-54.637918,-25.46049],[-54.633206,-25.460918],[-54.62978,-25.45949],[-54.626211,-25.461775],[-54.625782,-25.465201],[-54.626924,-25.473196],[-54.627638,-25.474624],[-54.630731,-25.475499],[-54.634286,-25.472272],[-54.635919,-25.471911],[-54.637869,-25.473425],[-54.638788,-25.477981],[-54.635978,-25.481472],[-54.634634,-25.484618],[-54.632757,-25.485814],[-54.632778,-25.489186],[-54.6302,-25.491752],[-54.627641,-25.491329],[-54.62464,-25.492184],[-54.623278,-25.496235],[-54.616931,-25.499465],[-54.614504,-25.499751],[-54.611505,-25.498894],[-54.606509,-25.50075],[-54.597904,-25.504585]]]}},
{"type":"Feature","id":"PRY:ADM2:PY-10.iruna","properties":{"shapeName":"Iruña","shapeISO":"","shapeGroup":"PRY","shapeType":"ADM2","adm1ISO":"PY-10","parentISO":"PY-10","parentID":"PRY:ADM1:PY-10","src_shape_id":"47425931B59092751985141"},"geometry":{"type":"Polygon","coordinates":[[[-54.908362,-26.220952],[-54.909411,-26.218364],[-54.912338,-26.21693],[-54.914107,-26.214876],[-54.917143,-26.213697],[-54.916272,-26.211473],[-54.912452,-26.209865],[-54.909519,-26.210607],[-54.903128,-26.208172],[-54.903239,-26.206472],[-54.907352,-26.206239],[-54.914135,-26.203855],[-54.915684,-26.202524],[-54.917883,-26.202745],[-54.919664,-26.201426],[-54.91654,-26.196317],[-54.91403,-26.196836],[-54.910953,-26.195695],[-54.910505,-26.194583],[-54.916742,-26.192805],[-54.91648,-26.189696],[-54.913792,-26.189377],[-54.911673,-26.187465],[-54.911855,-26.182056],[-54.908326,-26.180556],[-54.90629,-26.184512],[-54.905115,-26.190488],[-54.906448,-26.191121],[-54.904221,-26.194076],[-54.89944,-26.195446],[-54.899808,-26.197405],[-54.898758,-26.199547],[-54.896717,-26.199134],[-54.89666,-26.195857],[-54.892364,-26.196227],[-54.891945,-26.19298],[-54.883816,-26.195519],[-54.881907,-26.193086],[-54.877227,-26.193996],[-54.870696,-26.190632],[-54.870975,-26.185437],[-54.873854,-26.184821],[-54.873868,-26.181012],[-54.87479,-26.17765],[-54.87467,-26.174255],[-54.877957,-26.171826],[-54.877968,-26.170134],[-54.875487,-26.16817],[-54.874806,-26.166531],[-54.876993,-26.163973],[-54.876118,-26.160995],[-54.87652,-26.158189],[-54.877724,-26.156465],[-54.880911,-26.148908],[-54.883711,-26.146814],[-54.886561,-26.142844],[-54.886915,-26.138977],[-54.888942,-26.135902],[-54.981832,-26.107086],[-54.980434,-26.10142],[-54.979173,-26.098126],[-54.976943,-26.096303],[-54.976183,-26.092686],[-54.975015,-26.091311],[-54.968676,-26.086357],[-54.9639,-26.085171],[-54.959013,-26.079171],[-54.958489,-26.077034],[-54.959213,-26.074467],[-54.961277,-26.072754],[-54.961826,-26.068659],[-54.95966,-26.066363],[-54.956848,-26.065204],[-54.951841,-26.065178],[-54.943329,-26.059434],[-54.9411,-26.056356],[-54.935248,-26.055239],[-54.933153,-26.053097],[-54.93166,-26.047344],[-54.934531,-26.04335],[-54.932002,-26.03997],[-54.930167,-26.03891],[-54.928634,-26.035241],[-54.921135,-26.031693],[-54.923355,-26.023833],[-54.929738,-26.002379],[-54.936559,-25.980394],[-54.943436,-25.980101],[-54.944056,-25.982482],[-54.94318,-25.985845],[-54.945063,-25.987186],[-54.945085,-25.990358],[-54.947628,-25.994072],[-54.948986,-26.003226],[-54.951514,-26.00527],[-54.953352,-26.00137],[-54.954983,-25.99361],[-54.957606,-25.992027],[-54.960631,-25.992666],[-54.963963,-25.992037],[-54.965335,-25.99474],[-54.963315,-25.997087],[-54.963687,-25.998777],[-54.965967,-26.002008],[-54.96944,-26.002402],[-54.97577,-25.994059],[-54.977398,-25.993888],[-54.980165,-25.997065],[-54.976835,-26.001715],[-54.978791,-26.006506],[-54.978589,-26.00915],[-54.975978,-26.013184],[-54.977834,-26.01371],[-54.97982,-26.01625],[-54.981666,-26.020726],[-54.984601,-26.02038],[-54.985823,-26.017944],[-54.984227,-26.016185],[-54.986317,-26.014574],[-54.987465,-26.007753],[-54.988713,-26.007129],[-54.992966,-26.00736],[-54.994399,-26.006796],[-54.996009,-26.006643],[-54.996503,-26.009584],[-55.001911,-26.010841],[-55.00713,-26.009689],[-55.00788,-26.01083],[-55.009142,-26.016272],[-55.00809,-26.019452],[-55.010375,-26.022833],[-55.009185,-26.025991],[-55.010006,-26.027008],[-55.014591,-26.026034],[-55.01636,-26.021878],[-55.016179,-26.019656],[-55.014833,-26.017802],[-55.015609,-26.015334],[-55.017818,-26.014379],[-55.021165,-26.010556],[-55.022901,-26.010393],[-55.024144,-26.006759],[-55.026579,-26.005973],[-55.027959,-26.009902],[-55.029675,-26.011658],[-55.033281,-26.013574],[-55.031475,-26.016588],[-55.02955,-26.017755],[-55.025128,-26.017891],[-55.022833,-26.021272],[-55.022056,-26.027768],[-55.02561,-26.027595],[-55.028522,-26.025575],[-55.030317,-26.025295],[-55.034078,-26.026508],[-55.033843,-26.030501],[-55.03232,-26.03185],[-55.030996,-26.037819],[-55.034063,-26.036575],[-55.036897,-26.033682],[-55.043282,-26.037254],[-55.042958,-26.043901],[-55.045958,-26.052225],[-55.047478,-26.051942],[-55.048075,-26.049211],[-55.050271,-26.046932],[-55.055169,-26.047012],[-55.059291,-26.045836],[-55.064433,-26.046859],[-55.062926,-26.041667],[-55.06091,-26.039524],[-55.056652,-26.036881],[-55.05687,-26.034796],[-55.064977,-26.037034],[-55.070039,-26.037337],[-55.074571,-26.038213],[-55.07547,-26.039442],[-55.073778,-26.041812],[-55.068757,-26.045534],[-55.068351,-26.050701],[-55.069589,-26.052695],[-55.074197,-26.051747],[-55.074938,-26.049489],[-55.077821,-26.047342],[-55.082434,-26.047058],[-55.085367,-26.044594],[-55.085223,-26.042144],[-55.080389,-26.041969],[-55.077716,-26.042515],[-55.079023,-26.037471],[-55.08004,-26.03589],[-55.087124,-26.032919],[-55.090452,-26.030513],[-55.093559,-26.033222],[-55.098212,-26.035158],[-55.096132,-26.038118],[-55.092168,-26.040462],[-55.091514,-26.044677],[-55.088263,-26.046548],[-55.090399,-26.047587],[-55.094647,-26.043692],[-55.099246,-26.042072],[-55.100037,-26.040036],[-55.10444,-26.039869],[-55.107912,-26.037612],[-55.108854,-26.041125],[-55.112672,-26.043617],[-55.112125,-26.049877],[-55.114955,-26.049004],[-55.11978,-26.050656],[-55.121321,-26.048212],[-55.122789,-26.044006],[-55.124344,-26.042239],[-55.127442,-26.045109],[-55.127133,-26.047822],[-55.129559,-26.047227],[-55.129885,-26.049185],[-55.131694,-26.051822],[-55.137332,-26.056422],[-55.151212,-26.068371],[-55.152452,-26.072655],[-55.146951,-26.091723],[-55.14754,-26.094655],[-55.159319,-26.114065],[-55.159855,-26.116306],[-55.159784,-26.132824],[-55.160242,-26.13575],[-55.1803,-26.185102],[-55.187855,-26.195145],[-55.205094,-26.228205],[-55.205627,-26.233615],[-55.203809,-26.232197],[-55.199559,-26.227409],[-55.193702,-26.226271],[-55.190266,-26.221294],[-55.189946,-26.218122],[-55.186213,-26.214559],[-55.183572,-26.213433],[-55.176597,-26.214893],[-55.171187,-26.216982],[-55.165802,-26.216281],[-55.162499,-26.213685],[-55.158806,-26.211715],[-55.157802,-26.212063],[-55.152634,-26.210521],[-55.149533,-26.206762],[-55.145162,-26.207121],[-55.143206,-26.206373],[-55.137617,-26.206572],[-55.13309,-26.209903],[-55.130536,-26.214004],[-55.129206,-26.217416],[-55.123493,-26.219495],[-55.11498,-26.218377],[-55.111282,-26.217575],[-55.108391,-26.215939],[-55.105361,-26.216292],[-55.102239,-26.215456],[-55.101424,-26.220356],[-55.102695,-26.222498],[-55.101876,-26.224866],[-55.097749,-26.22547],[-55.092778,-26.22767],[-55.08843,-26.226051],[-55.086469,-26.225944],[-55.083639,-26.227224],[-55.082414,-26.229518],[-55.077893,-26.230613],[-55.078687,-26.236635],[-55.075165,-26.237527],[-55.071267,-26.237592],[-55.069594,-26.242751],[-55.067544,-26.243215],[-55.063497,-26.240764],[-55.064482,-26.234626],[-55.058284,-26.230602],[-55.056715,-26.231538],[-55.056728,-26.236719],[-55.053402,-26.237906],[-55.050071,-26.237717],[-55.048903,-26.239912],[-55.043558,-26.235602],[-55.040515,-26.237433],[-55.03545,-26.23791],[-55.034899,-26.232816],[-55.034184,-26.231687],[-55.036101,-26.227534],[-55.037987,-26.229613],[-55.041336,-26.22766],[-55.038261,-26.226841],[-55.037069,-26.222398],[-55.03494,-26.224106],[-55.032194,-26.223017],[-55.028005,-26.223637],[-55.028996,-26.225555],[-55.028362,-26.22811],[-55.025575,-26.229091],[-55.024055,-26.22546],[-55.018316,-26.229122],[-55.018564,-26.233986],[-55.011614,-26.234987],[-55.009819,-26.235901],[-55.007992,-26.235135],[-55.002365,-26.234434],[-54.997057,-26.23089],[-54.998092,-26.228201],[-54.997363,-26.22602],[-54.992019,-26.224898],[-54.990062,-26.225255],[-54.984995,-26.22883],[-54.982838,-26.229387],[-54.982017,-26.231149],[-54.984007,-26.232729],[-54.982731,-26.235559],[-54.986033,-26.237122],[-54.984826,-26.239181],[-54.985176,-26.242616],[-54.98209,-26.242834],[-54.981786,-26.238651],[-54.980365,-26.238067],[-54.974286,-26.239507],[-54.971625,-26.237849],[-54.966296,-26.237855],[-54.965461,-26.236245],[-54.971994,-26.233002],[-54.973838,-26.230975],[-54.970709,-26.227903],[-54.967452,-26.228854],[-54.965694,-26.230287],[-54.964125,-26.228378],[-54.961999,-26.228231],[-54.956906,-26.229846],[-54.956251,-26.232779],[-54.956524,-26.2362],[-54.954686,-26.237239],[-54.952368,-26.236601],[-54.949805,-26.238694],[-54.947425,-26.233791],[-54.948263,-26.231808],[-54.953069,-26.22712],[-54.951645,-26.225637],[-54.957733,-26.222682],[-54.958256,-26.216769],[-54.956607,-26.216461],[-54.95577,-26.218728],[-54.953997,-26.219456],[-54.948525,-26.217862],[-54.949046,-26.216236],[-54.947697,-26.214326],[-54.950154,-26.21219],[-54.951158,-26.209839],[-54.948327,-26.208224],[-54.946181,-26.206054],[-54.943255,-26.209609],[-54.939366,-26.20852],[-54.938386,-26.213407],[-54.934986,-26.218724],[-54.932465,-26.218304],[-54.930862,-26.21524],[-54.929218,-26.213957],[-54.924901,-26.214905],[-54.924033,-26.21696],[-54.924188,-26.220762],[-54.923028,-26.222889],[-54.925678,-26.225017],[-54.922829,-26.228211],[-54.918472,-26.229795],[-54.915708,-26.229214],[-54.916297,-26.223414],[-54.908362,-26.220952]]]}},
{"type":"Feature","id":"PRY:ADM2:PY-10.itakyry","properties":{"shapeName":"Itakyry","shapeISO":"","shapeGroup":"PRY","shapeType":"ADM2","adm1ISO":"PY-10","parentISO":"PY-10","parentID":"PRY:ADM1:PY-10","src_shape_id":"47425931B38556757736949"},"geometry":{"type":"Polygon","coordinates":[[[-54.967812,-25.137971],[-54.967758,-25.136115],[-54.961122,-25.107863],[-54.949596,-25.059183],[-54.95526,-25.059331],[-54.9594,-25.061329],[-54.961542,-25.064042],[-54.967538,-25.065041],[-54.96968,-25.066612],[-54.974819,-25.071751],[-54.978867,-25.069131],[-54.979715,-25.065545],[-54.977885,-25.054976],[-54.975512,-25.052958],[-54.975655,-25.051019],[-54.980283,-25.047277],[-54.982007,-25.044687],[-54.986991,-25.039293],[-54.989722,-25.034699],[-54.997393,-25.027856],[-55.000027,-25.023996],[-55.00162,-25.022794],[-55.004731,-25.022759],[-55.011964,-25.021642],[-55.018172,-25.01829],[-55.021901,-25.017247],[-55.024143,-25.012786],[-55.032414,-25.014055],[-55.035541,-25.015667],[-55.042116,-25.015258],[-55.047363,-25.014388],[-55.055251,-25.010239],[-55.057014,-25.007879],[-55.057798,-25.000437],[-55.064269,-24.996829],[-55.067522,-24.99312],[-55.068402,-24.990355],[-55.06797,-24.986955],[-55.06657,-24.983552],[-55.06353,-24.980935],[-55.060565,-24.979723],[-55.059104,-24.977821],[-55.058819,-24.973353],[-55.059683,-24.971117],[-55.059946,-24.966854],[-55.056945,-24.959498],[-55.056528,-24.954397],[-55.05677,-24.951339],[-55.055274,-24.947925],[-55.055298,-24.943746],[-55.053986,-24.941097],[-55.052243,-24.939996],[-55.047329,-24.940143],[-55.04411,-24.924185],[-55.042352,-24.921549],[-55.041708,-24.918692],[-55.042286,-24.915197],[-55.038069,-24.89342],[-55.029041,-24.848298],[-55.019504,-24.799647],[-55.018405,-24.794604],[-55.010643,-24.754802],[-55.010786,-24.74922],[-55.009485,-24.74741],[-55.006219,-24.73007],[-55.004088,-24.719578],[-55.005909,-24.717955],[-55.00764,-24.711974],[-55.002776,-24.71056],[-55.002135,-24.709396],[-55.000292,-24.700619],[-54.999285,-24.694241],[-54.996151,-24.679131],[-54.990389,-24.649646],[-54.991057,-24.636113],[-54.989374,-24.633003],[-54.987968,-24.625365],[-54.979377,-24.60955],[-54.977275,-24.607265],[-54.966245,-24.602499],[-54.962389,-24.595969],[-54.961729,-24.59197],[-54.962351,-24.589572],[-54.961318,-24.58416],[-54.958552,-24.575947],[-54.957434,-24.574361],[-54.95653,-24.569239],[-54.955096,-24.567317],[-54.956885,-24.568748],[-54.961484,-24.56923],[-54.96445,-24.567985],[-54.966186,-24.568914],[-54.97138,-24.567716],[-54.973923,-24.55981],[-54.978264,-24.559291],[-54.981112,-24.557243],[-54.982366,-24.55526],[-54.984546,-24.554563],[-54.985556,-24.552978],[-54.989176,-24.550463],[-54.994042,-24.549927],[-54.997196,-24.550967],[-54.999716,-24.549628],[-55.004186,-24.551479],[-55.009583,-24.549379],[-55.014042,-24.549903],[-55.016638,-24.549184],[-55.022315,-24.546518],[-55.0263,-24.54611],[-55.027132,-24.545218],[-55.031299,-24.54437],[-55.035896,-24.545256],[-55.037805,-24.547131],[-55.041113,-24.548145],[-55.046023,-24.548064],[-55.050393,-24.549922],[-55.052034,-24.549004],[-55.054886,-24.551203],[-55.059985,-24.550506],[-55.063979,-24.549027],[-55.066374,-24.546548],[-55.070455,-24.548442],[-55.07801,-24.549767],[-55.08891,-24.548375],[-55.090371,-24.547409],[-55.094517,-24.546816],[-55.102954,-24.543704],[-55.109784,-24.540269],[-55.112865,-24.536628],[-55.114357,-24.531501],[-55.114885,-24.524578],[-55.112509,-24.51863],[-55.11218,-24.511399],[-55.113647,-24.505702],[-55.120677,-24.498192],[-55.120838,-24.495987],[-55.134036,-24.479881],[-55.138283,-24.482128],[-55.144752,-24.480234],[-55.153011,-24.476751],[-55.154635,-24.479057],[-55.148163,-24.483706],[-55.143023,-24.488102],[-55.138767,-24.496782],[-55.149414,-24.511106],[-55.153177,-24.512114],[-55.15977,-24.516876],[-55.160848,-24.518731],[-55.158673,-24.521774],[-55.15684,-24.523034],[-55.157631,-24.528465],[-55.162085,-24.528804],[-55.164098,-24.526955],[-55.16944,-24.525887],[-55.176673,-24.523406],[-55.178534,-24.521248],[-55.184076,-24.519274],[-55.186551,-24.517647],[-55.191996,-24.519112],[-55.200217,-24.516235],[-55.208346,-24.515889],[-55.214949,-24.515282],[-55.217164,-24.516504],[-55.223262,-24.51724],[-55.224457,-24.516437],[-55.228763,-24.516401],[-55.232996,-24.517173],[-55.234862,-24.518992],[-55.237797,-24.519098],[-55.239751,-24.516977],[-55.24723,-24.514509],[-55.250722,-24.515592],[-55.255749,-24.518869],[-55.256355,-24.520926],[-55.258306,-24.521932],[-55.264046,-24.521669],[-55.269593,-24.523168],[-55.270378,-24.524974],[-55.274772,-24.527327],[-55.276889,-24.531726],[-55.276604,-24.534079],[-55.280383,-24.540898],[-55.283079,-24.545019],[-55.28612,-24.547252],[-55.287968,-24.549905],[-55.287413,-24.552007],[-55.288444,-24.554272],[-55.29254,-24.560101],[-55.295316,-24.562381],[-55.297996,-24.562542],[-55.298778,-24.564433],[-55.30208,-24.567184],[-55.301253,-24.571125],[-55.301882,-24.575597],[-55.304431,-24.576889],[-55.302966,-24.579442],[-55.303037,-24.581438],[-55.305338,-24.583947],[-55.306153,-24.58806],[-55.30545,-24.592002],[-55.301225,-24.596099],[-55.299731,-24.599079],[-55.298442,-24.599778],[-55.298081,-24.604632],[-55.296979,-24.606827],[-55.294589,-24.608682],[-55.292657,-24.612836],[-55.294029,-24.616188],[-55.294053,-24.618129],[-55.295518,-24.620484],[-55.298582,-24.620104],[-55.299654,-24.622856],[-55.300126,-24.628026],[-55.301445,-24.633549],[-55.300256,-24.635752],[-55.30059,-24.639182],[-55.294883,-24.639375],[-55.292184,-24.644924],[-55.293912,-24.648226],[-55.295836,-24.649322],[-55.301255,-24.655559],[-55.301144,-24.657296],[-55.303311,-24.658399],[-55.304435,-24.662674],[-55.306302,-24.665169],[-55.30679,-24.670221],[-55.310679,-24.674373],[-55.312284,-24.673597],[-55.313492,-24.676147],[-55.315383,-24.677053],[-55.316127,-24.679798],[-55.312865,-24.682199],[-55.314045,-24.683133],[-55.316927,-24.688226],[-55.316544,-24.692587],[-55.315039,-24.695202],[-55.314497,-24.698027],[-55.312301,-24.697582],[-55.308745,-24.702896],[-55.305423,-24.704804],[-55.303439,-24.704624],[-55.304027,-24.708527],[-55.30119,-24.712219],[-55.302391,-24.714458],[-55.301708,-24.717263],[-55.30313,-24.718042],[-55.303417,-24.725729],[-55.306497,-24.728811],[-55.308306,-24.7327],[-55.311282,-24.734255],[-55.31192,-24.736984],[-55.313558,-24.737576],[-55.317135,-24.743318],[-55.322848,-24.751616],[-55.323192,-24.756261],[-55.3243,-24.75686],[-55.323539,-24.760007],[-55.321659,-24.763571],[-55.321423,-24.767983],[-55.323873,-24.771595],[-55.324173,-24.775779],[-55.326931,-24.778487],[-55.328979,-24.783606],[-55.328207,-24.785444],[-55.330803,-24.786561],[-55.331064,-24.788722],[-55.328838,-24.792467],[-55.331195,-24.795622],[-55.330935,-24.799411],[-55.335092,-24.80473],[-55.334669,-24.806513],[-55.336543,-24.809586],[-55.336644,-24.81383],[-55.333571,-24.815624],[-55.334819,-24.819128],[-55.33447,-24.820736],[-55.335537,-24.824377],[-55.333962,-24.825619],[-55.335637,-24.82785],[-55.336609,-24.831797],[-55.339556,-24.835762],[-55.342487,-24.835131],[-55.345383,-24.837131],[-55.348866,-24.842709],[-55.347566,-24.84418],[-55.348281,-24.846224],[-55.347983,-24.84929],[-55.344428,-24.850917],[-55.343748,-24.855694],[-55.341168,-24.854492],[-55.340411,-24.857341],[-55.342115,-24.862507],[-55.340632,-24.868359],[-55.336881,-24.868498],[-55.336349,-24.872347],[-55.334354,-24.874546],[-55.331818,-24.874143],[-55.329277,-24.877442],[-55.333241,-24.87931],[-55.333637,-24.881106],[-55.329976,-24.881661],[-55.329649,-24.883852],[-55.32747,-24.884414],[-55.327294,-24.886322],[-55.329465,-24.888829],[-55.329509,-24.892265],[-55.326722,-24.893294],[-55.326363,-24.897547],[-55.32909,-24.898923],[-55.326876,-24.900817],[-55.331134,-24.902928],[-55.335647,-24.907104],[-55.338301,-24.90773],[-55.337672,-24.909303],[-55.341739,-24.910694],[-55.344111,-24.914792],[-55.343193,-24.91726],[-55.344835,-24.920086],[-55.341757,-24.921736],[-55.341639,-24.923306],[-55.337312,-24.923966],[-55.334592,-24.925489],[-55.331563,-24.924489],[-55.328911,-24.926242],[-55.329237,-24.928237],[-55.331849,-24.928252],[-55.331675,-24.93253],[-55.329929,-24.933364],[-55.332563,-24.93816],[-55.330444,-24.940371],[-55.327698,-24.941401],[-55.329592,-24.945336],[-55.333135,-24.945665],[-55.33469,-24.949664],[-55.332316,-24.952816],[-55.332442,-24.955575],[-55.3344,-24.958744],[-55.33286,-24.963191],[-55.33064,-24.966132],[-55.332773,-24.968431],[-55.3311,-24.970963],[-55.325664,-24.972302],[-55.323434,-24.970936],[-55.318504,-24.971932],[-55.318906,-24.973286],[-55.316168,-24.976736],[-55.312881,-24.978459],[-55.312864,-24.983772],[-55.308838,-24.982178],[-55.307373,-24.983457],[-55.307041,-24.98571],[-55.308212,-24.987918],[-55.305856,-24.989927],[-55.305798,-24.992468],[-55.304448,-24.995098],[-55.307088,-24.995218],[-55.30667,-24.997868],[-55.310248,-24.998942],[-55.312739,-25.001805],[-55.313004,-25.003501],[-55.309183,-25.004099],[-55.308532,-25.008371],[-55.309601,-25.010031],[-55.306282,-25.01295],[-55.302337,-25.014675],[-55.301881,-25.016227],[-55.297446,-25.015549],[-55.298843,-25.019903],[-55.297966,-25.021978],[-55.295877,-25.021417],[-55.294287,-25.023169],[-55.290824,-25.023914],[-55.288616,-25.020449],[-55.286365,-25.021321],[-55.287129,-25.023673],[-55.285755,-25.024993],[-55.282974,-25.025065],[-55.275867,-25.022166],[-55.274367,-25.022171],[-55.273601,-25.02497],[-55.277307,-25.023885],[-55.278096,-25.026711],[-55.275032,-25.025998],[-55.270236,-25.030971],[-55.274119,-25.033147],[-55.277288,-25.030949],[-55.281254,-25.037897],[-55.280621,-25.038666],[-55.275727,-25.038248],[-55.274092,-25.039254],[-55.270895,-25.042928],[-55.267013,-25.043253],[-55.266305,-25.037209],[-55.264721,-25.035782],[-55.256951,-25.033384],[-55.255209,-25.03029],[-55.25283,-25.030722],[-55.25104,-25.032177],[-55.251261,-25.034342],[-55.254482,-25.035287],[-55.252445,-25.037037],[-55.249432,-25.037918],[-55.241361,-25.034239],[-55.237082,-25.03603],[-55.23645,-25.034339],[-55.238095,-25.031356],[-55.235885,-25.030666],[-55.232196,-25.030925],[-55.231714,-25.029163],[-55.229126,-25.029408],[-55.230063,-25.037829],[-55.232446,-25.039139],[-55.232697,-25.042762],[-55.230935,-25.044561],[-55.228519,-25.044726],[-55.226942,-25.043109],[-55.223734,-25.045075],[-55.225396,-25.047167],[-55.222052,-25.049064],[-55.219518,-25.048519],[-55.216125,-25.044862],[-55.212781,-25.044456],[-55.210776,-25.046951],[-55.210648,-25.049148],[-55.20604,-25.047219],[-55.20413,-25.045693],[-55.202059,-25.045568],[-55.202671,-25.042136],[-55.201867,-25.039093],[-55.199745,-25.039527],[-55.194547,-25.043103],[-55.193267,-25.04297],[-55.186529,-25.049221],[-55.183189,-25.055193],[-55.180796,-25.05389],[-55.178501,-25.054986],[-55.180246,-25.056714],[-55.176294,-25.058814],[-55.177354,-25.06173],[-55.175506,-25.062763],[-55.174028,-25.065101],[-55.174163,-25.069874],[-55.171551,-25.070167],[-55.16816,-25.076811],[-55.171551,-25.081674],[-55.169262,-25.083329],[-55.168933,-25.08644],[-55.163847,-25.085695],[-55.163647,-25.083147],[-55.159284,-25.086975],[-55.157787,-25.092039],[-55.159835,-25.096041],[-55.157193,-25.097841],[-55.151804,-25.100108],[-55.151078,-25.098871],[-55.147529,-25.097319],[-55.144949,-25.098532],[-55.141458,-25.10168],[-55.138241,-25.105729],[-55.137464,-25.109326],[-55.137863,-25.111733],[-55.134941,-25.111922],[-55.133475,-25.114174],[-55.129252,-25.114062],[-55.126098,-25.117669],[-55.122491,-25.120066],[-55.119778,-25.120952],[-55.120035,-25.122797],[-55.115733,-25.123853],[-55.113126,-25.127372],[-55.113014,-25.129641],[-55.109964,-25.12809],[-55.109516,-25.129736],[-55.107375,-25.13035],[-55.106961,-25.131952],[-55.100976,-25.131807],[-55.100306,-25.129745],[-55.098518,-25.12849],[-55.094033,-25.127272],[-55.092197,-25.130977],[-55.094231,-25.13433],[-55.090836,-25.136186],[-55.08976,-25.141612],[-55.085305,-25.145301],[-55.080608,-25.14278],[-55.077737,-25.144494],[-55.074986,-25.15159],[-55.07226,-25.154972],[-55.068604,-25.154694],[-55.068051,-25.155973],[-55.065153,-25.155461],[-55.063776,-25.15705],[-55.065273,-25.158884],[-55.061749,-25.160783],[-55.061023,-25.157876],[-55.058019,-25.157692],[-55.056213,-25.160806],[-55.05748,-25.162497],[-55.058596,-25.16731],[-55.055904,-25.167211],[-55.054341,-25.165399],[-55.052626,-25.166486],[-55.052678,-25.170843],[-55.05441,-25.171574],[-55.053799,-25.174117],[-55.051224,-25.171979],[-55.045737,-25.171261],[-55.045082,-25.173171],[-55.042145,-25.172934],[-55.040208,-25.174362],[-55.036173,-25.175495],[-55.034801,-25.176705],[-55.028882,-25.176175],[-55.030626,-25.18012],[-55.026819,-25.18122],[-55.02327,-25.181259],[-55.021729,-25.179844],[-55.020171,-25.174772],[-55.018529,-25.172683],[-55.016513,-25.16705],[-55.012809,-25.165524],[-55.005532,-25.164442],[-55.004353,-25.16379],[-55.002011,-25.159718],[-55.000426,-25.159408],[-54.99781,-25.154177],[-54.994904,-25.152238],[-54.990884,-25.15138],[-54.985561,-25.147958],[-54.981519,-25.140654],[-54.979444,-25.139264],[-54.975687,-25.139853],[-54.97268,-25.137947],[-54.967812,-25.137971]]]}},
{"type":"Feature","id":"PRY:ADM2:PY-10.juan-e-o-leary","properties":{"shapeName":"Juan E. O´Leary","shapeISO":"","shapeGroup":"PRY","shapeType":"ADM2","adm1ISO":"PY-10","parentISO":"PY-10","parentID":"PRY:ADM1:PY-10","src_shape_id":"47425931B52272811487705"},"geometry":{"type":"Polygon","coordinates":[[[-55.400011,-25.622747],[-55.398241,-25.626581],[-55.395873,-25.628803],[-55.393066,-25.629681],[-55.390133,-25.629409],[-55.388386,-25.625947],[-55.385665,-25.626905],[-55.383431,-25.625669],[-55.382252,-25.621782],[-55.378777,-25.622668],[-55.377132,-25.619462],[-55.373239,-25.619977],[-55.373849,-25.616508],[-55.372264,-25.614148],[-55.37295,-25.611509],[-55.368539,-25.608782],[-55.365651,-25.6091],[-55.360822,-25.606145],[-55.360758,-25.603068],[-55.357801,-25.601409],[-55.351376,-25.596469],[-55.349554,-25.593945],[-55.348907,-25.591002],[-55.347002,-25.588659],[-55.347186,-25.588519],[-55.341895,-25.560937],[-55.335105,-25.523304],[-55.334371,-25.521517],[-55.325116,-25.472194],[-55.322328,-25.456391],[-55.313893,-25.413741],[-55.30889,-25.389438],[-55.305723,-25.367376],[-55.307103,-25.360316],[-55.30686,-25.349476],[-55.31318,-25.341488],[-55.32846,-25.33526],[-55.338556,-25.345122],[-55.355386,-25.357609],[-55.378436,-25.361914],[-55.382659,-25.380192],[-55.394557,-25.427428],[-55.400304,-25.450621],[-55.4082,-25.48204],[-55.409743,-25.490715],[-55.411641,-25.497917],[-55.418529,-25.527595],[-55.419887,-25.532558],[-55.426096,-25.557101],[-55.426062,-25.557542],[-55.424195,-25.559962],[-55.422118,-25.560747],[-55.418856,-25.56602],[-55.421294,-25.567858],[-55.41903,-25.569366],[-55.420396,-25.570744],[-55.420327,-25.575989],[-55.418702,-25.577808],[-55.415854,-25.578532],[-55.417107,-25.580267],[-55.415426,-25.582517],[-55.413112,-25.584061],[-55.413759,-25.585978],[-55.412493,-25.588233],[-55.41541,-25.589018],[-55.409308,-25.594287],[-55.409733,-25.595825],[-55.408404,-25.598393],[-55.40589,-25.600078],[-55.403821,-25.599437],[-55.39926,-25.604094],[-55.401563,-25.606388],[-55.402037,-25.607998],[-55.399662,-25.613272],[-55.399412,-25.617187],[-55.401273,-25.620716],[-55.400011,-25.622747]]]}},
{"type":"Feature","id":"PRY:ADM2:PY-10.los-cedrales","properties":{"shapeName":"Los Cedrales","shapeISO":"","shapeGroup":"PRY","shapeType":"ADM2","adm1ISO":"PY-10","parentISO":"PY-10","parentID":"PRY:ADM1:PY-10","src_shape_id":"47425931B75440232359848"},"geometry":{"type":"Polygon","coordinates":[[[-54.736248,-25.58319],[-54.738522,-25.582478],[-54.741337,-25.582912],[-54.743928,-25.585268],[-54.7552,-25.586393],[-54.759265,-25.584675],[-54.759151,-25.580723],[-54.757769,-25.576946],[-54.760561,-25.574307],[-54.76169,-25.574324],[-54.76529,-25.580256],[-54.766733,-25.583619],[-54.766943,-25.586792],[-54.765959,-25.589118],[-54.761351,-25.589633],[-54.757017,-25.591346],[-54.754556,-25.594966],[-54.75849,-25.595953],[-54.767118,-25.593281],[-54.769219,-25.594532],[-54.77086,-25.597411],[-54.773002,-25.59937],[-54.775147,-25.598256],[-54.775214,-25.596087],[-54.773373,-25.59384],[-54.775642,-25.59185],[-54.782204,-25.599095],[-54.78497,-25.599308],[-54.78755,-25.597932],[-54.791418,-25.593821],[-54.793218,-25.59536],[-54.793331,-25.599434],[-54.796244,-25.60633],[-54.797896,-25.607184],[-54.802503,-25.60523],[-54.805831,-25.605645],[-54.807268,-25.610886],[-54.810278,-25.610979],[-54.813539,-25.609151],[-54.810908,-25.604454],[-54.810112,-25.599467],[-54.812352,-25.593111],[-54.813872,-25.590866],[-54.814763,-25.586222],[-54.8136,-25.58362],[-54.813686,-25.580353],[-54.81528,-25.578451],[-54.817874,-25.579245],[-54.819716,-25.582931],[-54.822122,-25.582259],[-54.824701,-25.583883],[-54.830183,-25.585549],[-54.83095,-25.589243],[-54.83446,-25.591417],[-54.8362,-25.59632],[-54.838651,-25.596136],[-54.839712,-25.59247],[-54.839517,-25.588346],[-54.840368,-25.587358],[-54.847703,-25.58771],[-54.847085,-25.590676],[-54.85489,-25.597887],[-54.860134,-25.597891],[-54.861028,-25.599002],[-54.861341,-25.604103],[-54.863,-25.609078],[-54.86223,-25.611554],[-54.856657,-25.614862],[-54.855745,-25.614775],[-54.854034,-25.611141],[-54.853794,-25.603529],[-54.850873,-25.601438],[-54.84785,-25.603563],[-54.848327,-25.606936],[-54.846559,-25.612567],[-54.845531,-25.617381],[-54.847166,-25.619209],[-54.848017,-25.622733],[-54.844697,-25.626367],[-54.843959,-25.628526],[-54.845696,-25.632185],[-54.847265,-25.637695],[-54.851513,-25.637807],[-54.853913,-25.638988],[-54.854757,-25.641415],[-54.85776,-25.644995],[-54.859066,-25.644128],[-54.85978,-25.646159],[-54.864913,-25.672926],[-54.866084,-25.690846],[-54.861459,-25.693378],[-54.859335,-25.693202],[-54.857139,-25.694569],[-54.857184,-25.696203],[-54.855587,-25.701555],[-54.854415,-25.708163],[-54.854416,-25.711697],[-54.853387,-25.713997],[-54.85168,-25.730639],[-54.85318,-25.738582],[-54.85271,-25.739874],[-54.846734,-25.744985],[-54.844998,-25.74593],[-54.840274,-25.751925],[-54.835591,-25.756824],[-54.832856,-25.758463],[-54.828654,-25.758436],[-54.826112,-25.759071],[-54.822244,-25.756955],[-54.819986,-25.758947],[-54.815948,-25.759699],[-54.813161,-25.761314],[-54.812726,-25.762647],[-54.809874,-25.763295],[-54.808168,-25.762091],[-54.804141,-25.762094],[-54.804172,-25.763566],[-54.801262,-25.765309],[-54.799343,-25.768136],[-54.794233,-25.770884],[-54.79124,-25.77036],[-54.790559,-25.772358],[-54.784966,-25.773478],[-54.78247,-25.772235],[-54.778658,-25.772872],[-54.777946,-25.774183],[-54.774741,-25.775186],[-54.773692,-25.773229],[-54.771582,-25.771839],[-54.768405,-25.774845],[-54.766218,-25.778205],[-54.761525,-25.777813],[-54.757511,-25.782539],[-54.754417,-25.78195],[-54.752727,-25.780687],[-54.750765,-25.782223],[-54.74897,-25.785679],[-54.744798,-25.788033],[-54.734802,-25.787517],[-54.733439,-25.788759],[-54.731964,-25.785965],[-54.724994,-25.781628],[-54.722322,-25.779276],[-54.71658,-25.775593],[-54.711037,-25.775502],[-54.706368,-25.771452],[-54.70309,-25.770764],[-54.697974,-25.772164],[-54.694305,-25.771979],[-54.69217,-25.770894],[-54.688115,-25.771114],[-54.685499,-25.768558],[-54.685074,-25.762035],[-54.683775,-25.760918],[-54.679503,-25.762077],[-54.680075,-25.765778],[-54.679827,-25.770039],[-54.678419,-25.769402],[-54.675546,-25.770097],[-54.675701,-25.771453],[-54.680155,-25.773189],[-54.676039,-25.775515],[-54.67125,-25.774144],[-54.669852,-25.777542],[-54.667639,-25.778134],[-54.663829,-25.777278],[-54.661537,-25.773464],[-54.661608,-25.770803],[-54.663402,-25.769451],[-54.66444,-25.766412],[-54.664166,-25.764643],[-54.661248,-25.765016],[-54.659423,-25.763615],[-54.656286,-25.766439],[-54.654606,-25.77004],[-54.648692,-25.770879],[-54.646683,-25.772891],[-54.644148,-25.772994],[-54.644451,-25.776095],[-54.641956,-25.778401],[-54.640799,-25.786943],[-54.639684,-25.788486],[-54.636163,-25.789995],[-54.632701,-25.789537],[-54.631682,-25.788446],[-54.634033,-25.785655],[-54.632362,-25.784143],[-54.629391,-25.784605],[-54.628349,-25.783351],[-54.62778,-25.779583],[-54.625082,-25.777775],[-54.628856,-25.771157],[-54.630796,-25.766189],[-54.633161,-25.757166],[-54.634298,-25.74333],[-54.635984,-25.733669],[-54.639373,-25.725127],[-54.641591,-25.717663],[-54.647746,-25.705836],[-54.653673,-25.696761],[-54.65668,-25.69004],[-54.657639,-25.685056],[-54.657981,-25.679384],[-54.656549,-25.673215],[-54.653431,-25.668056],[-54.651072,-25.665261],[-54.645153,-25.661235],[-54.647169,-25.657838],[-54.711841,-25.57637],[-54.71189,-25.576089],[-54.717137,-25.577293],[-54.720889,-25.582155],[-54.720224,-25.587485],[-54.721009,-25.590034],[-54.724615,-25.595576],[-54.728031,-25.599775],[-54.729261,-25.600135],[-54.734304,-25.599384],[-54.738416,-25.599521],[-54.739928,-25.596955],[-54.737257,-25.592505],[-54.733804,-25.588842],[-54.731048,-25.588117],[-54.729953,-25.584496],[-54.732246,-25.583063],[-54.736248,-25.58319]]]}},
{"type":"Feature","id":"PRY:ADM2:PY-10.mbaracayu","properties":{"shapeName":"Mbaracayu","shapeISO":"","shapeGroup":"PRY","shapeType":"ADM2","adm1ISO":"PY-10","parentISO":"PY-10","parentID":"PRY:ADM1:PY-10","src_shape_id":"47425931B36349015590108"},"geometry":{"type":"Polygon","coordinates":[[[-54.874878,-25.253366],[-54.872488,-25.250574],[-54.870851,-25.245798],[-54.869352,-25.243894],[-54.870428,-25.241481],[-54.866095,-25.231381],[-54.863862,-25.226903],[-54.866709,-25.213142],[-54.866528,-25.212453],[-54.844899,-25.193265],[-54.824646,-25.174802],[-54.80966,-25.160919],[-54.776192,-25.13028],[-54.761076,-25.121279],[-54.759807,-25.123399],[-54.742277,-25.118419],[-54.738842,-25.115634],[-54.730248,-25.114288],[-54.723943,-25.112779],[-54.718417,-25.108871],[-54.71629,-25.104663],[-54.706163,-25.091781],[-54.693723,-25.087815],[-54.688691,-25.088564],[-54.683944,-25.090432],[-54.680232,-25.093192],[-54.675128,-25.096297],[-54.671784,-25.09777],[-54.669211,-25.091979],[-54.662358,-25.088267],[-54.657218,-25.081557],[-54.653221,-25.077988],[-54.648795,-25.076274],[-54.641085,-25.075989],[-54.633661,-25.0807],[-54.622954,-25.088981],[-54.617529,-25.090694],[-54.61139,-25.086268],[-54.607678,-25.080843],[-54.604822,-25.078702],[-54.592973,-25.080129],[-54.587262,-25.079701],[-54.574698,-25.074847],[-54.56599,-25.074133],[-54.55157,-25.077131],[-54.544574,-25.078987],[-54.534152,-25.073705],[-54.529155,-25.075989],[-54.521589,-25.085983],[-54.512023,-25.089695],[-54.504028,-25.091551],[-54.491322,-25.096405],[-54.486325,-25.094263],[-54.485326,-25.085983],[-54.482042,-25.073705],[-54.481471,-25.067137],[-54.474904,-25.069564],[-54.456479,-25.084967],[-54.45802,-25.080013],[-54.456655,-25.063392],[-54.451381,-25.043072],[-54.445453,-24.999396],[-54.43964,-24.977766],[-54.439866,-24.966881],[-54.43567,-24.949688],[-54.428536,-24.909623],[-54.423139,-24.887775],[-54.447173,-24.887135],[-54.475818,-24.887968],[-54.504599,-24.888392],[-54.509739,-24.888821],[-54.520447,-24.88568],[-54.541862,-24.877827],[-54.550999,-24.872635],[-54.561951,-24.867861],[-54.573443,-24.867703],[-54.585987,-24.867907],[-54.589689,-24.869832],[-54.603395,-24.879255],[-54.612246,-24.883824],[-54.617119,-24.887873],[-54.626567,-24.88906],[-54.629991,-24.884924],[-54.633661,-24.881254],[-54.635089,-24.8764],[-54.635517,-24.870689],[-54.637373,-24.864978],[-54.641942,-24.859839],[-54.645902,-24.857847],[-54.654389,-24.856911],[-54.661126,-24.858329],[-54.667355,-24.865264],[-54.671495,-24.872545],[-54.676355,-24.877783],[-54.682286,-24.878421],[-54.686874,-24.877381],[-54.691576,-24.875694],[-54.698165,-24.876259],[-54.707058,-24.878526],[-54.715697,-24.87801],[-54.72083,-24.87494],[-54.724413,-24.874061],[-54.727266,-24.876459],[-54.729971,-24.883152],[-54.733857,-24.883182],[-54.735189,-24.884169],[-54.738195,-24.888464],[-54.73958,-24.893526],[-54.740142,-24.89796],[-54.741278,-24.899091],[-54.744256,-24.899693],[-54.744546,-24.903155],[-54.747037,-24.905772],[-54.747339,-24.90859],[-54.750364,-24.913903],[-54.751034,-24.917961],[-54.754542,-24.920713],[-54.756556,-24.923307],[-54.75936,-24.931396],[-54.76001,-24.937305],[-54.75994,-24.942124],[-54.76059,-24.944391],[-54.764073,-24.948302],[-54.766847,-24.950041],[-54.768648,-24.952139],[-54.774465,-24.955273],[-54.781876,-24.951701],[-54.780199,-24.942058],[-54.790992,-24.939945],[-54.791737,-24.942509],[-54.794883,-24.943467],[-54.803289,-24.951386],[-54.807652,-24.952872],[-54.809693,-24.9552],[-54.812759,-24.95663],[-54.815771,-24.95408],[-54.842001,-24.978059],[-54.844157,-24.981326],[-54.845755,-24.988002],[-54.845598,-24.990852],[-54.849525,-24.997878],[-54.851505,-25.002072],[-54.863738,-25.003453],[-54.864857,-25.000346],[-54.87101,-24.998593],[-54.876012,-24.998746],[-54.882507,-25.000016],[-54.886356,-25.00124],[-54.891682,-25.002092],[-54.891115,-25.003488],[-54.898846,-25.011388],[-54.900908,-25.014157],[-54.902729,-25.01536],[-54.909443,-25.021955],[-54.915023,-25.029228],[-54.923608,-25.037066],[-54.924809,-25.036591],[-54.930082,-25.041462],[-54.928653,-25.043862],[-54.9399,-25.05402],[-54.949596,-25.059183],[-54.961122,-25.107863],[-54.967758,-25.136115],[-54.967812,-25.137971],[-54.967452,-25.140663],[-54.9542,-25.165253],[-54.952528,-25.167911],[-54.941803,-25.181181],[-54.938894,-25.180112],[-54.928035,-25.174494],[-54.924154,-25.174733],[-54.903077,-25.163798],[-54.902313,-25.160054],[-54.878923,-25.138196],[-54.877124,-25.139831],[-54.878364,-25.142354],[-54.879273,-25.146497],[-54.877358,-25.149421],[-54.877414,-25.152383],[-54.874762,-25.153333],[-54.874829,-25.155027],[-54.872842,-25.156673],[-54.873155,-25.160423],[-54.872064,-25.162172],[-54.873019,-25.164921],[-54.868357,-25.168298],[-54.86709,-25.172089],[-54.864138,-25.173328],[-54.864214,-25.17842],[-54.865928,-25.180409],[-54.865661,-25.182382],[-54.867858,-25.185744],[-54.868321,-25.187863],[-54.872313,-25.197692],[-54.872188,-25.201653],[-54.874103,-25.204204],[-54.875321,-25.208306],[-54.875338,-25.213488],[-54.873151,-25.217162],[-54.872635,-25.221334],[-54.870607,-25.224328],[-54.871939,-25.229412],[-54.870549,-25.230728],[-54.871394,-25.238349],[-54.873662,-25.240932],[-54.874288,-25.243771],[-54.877044,-25.24799],[-54.877659,-25.251715],[-54.874878,-25.253366]]]}},
{"type":"Feature","id":"PRY:ADM2:PY-10.minga-guazu","properties":{"shapeName":"Minga Guazu","shapeISO":"","shapeGroup":"PRY","shapeType":"ADM2","adm1ISO":"PY-10","parentISO":"PY-10","parentID":"PRY:ADM1:PY-10","src_shape_id":"47425931B78858400200238"},"geometry":{"type":"Polygon","coordinates":[[[-54.720106,-25.419591],[-54.7203,-25.41923],[-54.73243,-25.417088],[-54.734999,-25.41509],[-54.736427,-25.412948],[-54.73914,-25.413091],[-54.745279,-25.421229],[-54.746278,-25.423513],[-54.745707,-25.425797],[-54.748848,-25.427225],[-54.751132,-25.424798],[-54.754559,-25.423513],[-54.753845,-25.420229],[-54.751703,-25.418231],[-54.750276,-25.414947],[-54.752274,-25.409236],[-54.752274,-25.405239],[-54.753417,-25.404525],[-54.760414,-25.402527],[-54.762696,-25.403954],[-54.76441,-25.406666],[-54.763125,-25.414804],[-54.76184,-25.419087],[-54.762268,-25.422799],[-54.763701,-25.424227],[-54.766123,-25.424227],[-54.771405,-25.422371],[-54.775976,-25.421515],[-54.779686,-25.424084],[-54.780542,-25.426226],[-54.779257,-25.429509],[-54.782544,-25.430793],[-54.785111,-25.428795],[-54.784825,-25.4218],[-54.781827,-25.418516],[-54.777973,-25.41666],[-54.779829,-25.412377],[-54.779971,-25.408237],[-54.782259,-25.406953],[-54.784112,-25.407523],[-54.786396,-25.413091],[-54.788537,-25.420943],[-54.791678,-25.425226],[-54.794248,-25.426511],[-54.797533,-25.426796],[-54.79953,-25.42594],[-54.799388,-25.423513],[-54.796675,-25.421086],[-54.796818,-25.418088],[-54.796104,-25.414661],[-54.799103,-25.413947],[-54.806241,-25.411378],[-54.810095,-25.405667],[-54.811097,-25.400812],[-54.812241,-25.400385],[-54.819522,-25.401812],[-54.821945,-25.401669],[-54.824946,-25.400101],[-54.829654,-25.402954],[-54.831368,-25.406524],[-54.834795,-25.407665],[-54.837221,-25.404239],[-54.837649,-25.402241],[-54.836507,-25.39653],[-54.837512,-25.393818],[-54.839077,-25.39396],[-54.845502,-25.396673],[-54.849642,-25.397244],[-54.852643,-25.399241],[-54.855638,-25.397244],[-54.852212,-25.391819],[-54.855495,-25.387393],[-54.855638,-25.385537],[-54.847358,-25.38311],[-54.844502,-25.380825],[-54.843503,-25.372259],[-54.844502,-25.368119],[-54.848928,-25.367691],[-54.851645,-25.36869],[-54.853782,-25.367976],[-54.858783,-25.364408],[-54.86349,-25.364835],[-54.866346,-25.362837],[-54.86606,-25.36041],[-54.869201,-25.357126],[-54.871058,-25.356984],[-54.875774,-25.358696],[-54.878767,-25.358697],[-54.879909,-25.361266],[-54.880765,-25.365407],[-54.882478,-25.366549],[-54.888617,-25.367262],[-54.8949,-25.367548],[-54.896898,-25.365835],[-54.89776,-25.362837],[-54.900324,-25.363551],[-54.901752,-25.365835],[-54.901467,-25.367548],[-54.895328,-25.372973],[-54.894471,-25.375971],[-54.896327,-25.376971],[-54.900612,-25.377399],[-54.903037,-25.376971],[-54.907177,-25.374115],[-54.910746,-25.370832],[-54.91178,-25.368898],[-54.917596,-25.40144],[-54.922173,-25.424183],[-54.924105,-25.434884],[-54.929675,-25.462783],[-54.938666,-25.506983],[-54.94172,-25.527233],[-54.945182,-25.545374],[-54.949148,-25.563083],[-54.950767,-25.572144],[-54.948551,-25.5733],[-54.945422,-25.57248],[-54.945396,-25.577774],[-54.947808,-25.583026],[-54.951074,-25.588424],[-54.951188,-25.594264],[-54.952362,-25.599458],[-54.955889,-25.600827],[-54.95421,-25.602723],[-54.951298,-25.602876],[-54.948536,-25.601771],[-54.947634,-25.603271],[-54.948739,-25.607418],[-54.944287,-25.608829],[-54.941187,-25.608747],[-54.940257,-25.613117],[-54.938617,-25.615208],[-54.933633,-25.617851],[-54.929865,-25.616616],[-54.923769,-25.61781],[-54.921386,-25.617058],[-54.917303,-25.610716],[-54.912811,-25.605784],[-54.903599,-25.604198],[-54.903398,-25.613271],[-54.907276,-25.612058],[-54.908793,-25.613],[-54.902264,-25.619403],[-54.899345,-25.619962],[-54.897015,-25.617408],[-54.893133,-25.614326],[-54.887059,-25.611814],[-54.882737,-25.611907],[-54.882436,-25.613182],[-54.888465,-25.61581],[-54.889681,-25.617244],[-54.884799,-25.617483],[-54.88535,-25.621448],[-54.886295,-25.622412],[-54.896609,-25.627157],[-54.897512,-25.629342],[-54.893457,-25.633628],[-54.889636,-25.63559],[-54.889763,-25.639296],[-54.888735,-25.644227],[-54.887081,-25.649498],[-54.88451,-25.652287],[-54.88043,-25.653781],[-54.879162,-25.652089],[-54.880706,-25.650868],[-54.881581,-25.645158],[-54.882724,-25.641193],[-54.882273,-25.639875],[-54.879692,-25.639091],[-54.875134,-25.64002],[-54.868885,-25.643435],[-54.865554,-25.642708],[-54.86602,-25.63896],[-54.864389,-25.638076],[-54.861113,-25.638481],[-54.858529,-25.640637],[-54.859066,-25.644128],[-54.85776,-25.644995],[-54.854757,-25.641415],[-54.853913,-25.638988],[-54.851513,-25.637807],[-54.847265,-25.637695],[-54.845696,-25.632185],[-54.843959,-25.628526],[-54.844697,-25.626367],[-54.848017,-25.622733],[-54.847166,-25.619209],[-54.845531,-25.617381],[-54.846559,-25.612567],[-54.848327,-25.606936],[-54.84785,-25.603563],[-54.850873,-25.601438],[-54.853794,-25.603529],[-54.854034,-25.611141],[-54.855745,-25.614775],[-54.856657,-25.614862],[-54.86223,-25.611554],[-54.863,-25.609078],[-54.861341,-25.604103],[-54.861028,-25.599002],[-54.860134,-25.597891],[-54.85489,-25.597887],[-54.847085,-25.590676],[-54.847703,-25.58771],[-54.840368,-25.587358],[-54.839517,-25.588346],[-54.839712,-25.59247],[-54.838651,-25.596136],[-54.8362,-25.59632],[-54.83446,-25.591417],[-54.83095,-25.589243],[-54.830183,-25.585549],[-54.824701,-25.583883],[-54.822122,-25.582259],[-54.819716,-25.582931],[-54.817874,-25.579245],[-54.81528,-25.578451],[-54.813686,-25.580353],[-54.8136,-25.58362],[-54.814763,-25.586222],[-54.813872,-25.590866],[-54.812352,-25.593111],[-54.810112,-25.599467],[-54.810908,-25.604454],[-54.813539,-25.609151],[-54.810278,-25.610979],[-54.807268,-25.610886],[-54.805831,-25.605645],[-54.802503,-25.60523],[-54.797896,-25.607184],[-54.796244,-25.60633],[-54.793331,-25.599434],[-54.793218,-25.59536],[-54.791418,-25.593821],[-54.78755,-25.597932],[-54.78497,-25.599308],[-54.782204,-25.599095],[-54.775642,-25.59185],[-54.773373,-25.59384],[-54.775214,-25.596087],[-54.775147,-25.598256],[-54.773002,-25.59937],[-54.77086,-25.597411],[-54.769219,-25.594532],[-54.767118,-25.593281],[-54.75849,-25.595953],[-54.754556,-25.594966],[-54.757017,-25.591346],[-54.761351,-25.589633],[-54.765959,-25.589118],[-54.766943,-25.586792],[-54.766733,-25.583619],[-54.76529,-25.580256],[-54.76169,-25.574324],[-54.760561,-25.574307],[-54.757769,-25.576946],[-54.759151,-25.580723],[-54.759265,-25.584675],[-54.7552,-25.586393],[-54.743928,-25.585268],[-54.741337,-25.582912],[-54.738522,-25.582478],[-54.736248,-25.58319],[-54.73576,-25.578057],[-54.727446,-25.483213],[-54.724217,-25.433579],[-54.723073,-25.430248],[-54.720255,-25.428543],[-54.720735,-25.42368],[-54.720106,-25.419591]]]}},
{"type":"Feature","id":"PRY:ADM2:PY-10.minga-pora","properties":{"shapeName":"Minga Pora","shapeISO":"","shapeGroup":"PRY","shapeType":"ADM2","adm1ISO":"PY-10","parentISO":"PY-10","parentID":"PRY:ADM1:PY-10","src_shape_id":"47425931B3103726420409"},"geometry":{"type":"Polygon","coordinates":[[[-55.029041,-24.848298],[-55.020347,-24.85049],[-55.017098,-24.852442],[-55.016156,-24.854221],[-55.011569,-24.855085],[-55.006618,-24.863605],[-55.004772,-24.863264],[-54.998475,-24.864674],[-54.993445,-24.866493],[-54.986496,-24.867736],[-54.982935,-24.871524],[-54.983024,-24.874225],[-54.980383,-24.87817],[-54.979449,-24.882519],[-54.97833,-24.88392],[-54.971846,-24.880655],[-54.966925,-24.881658],[-54.948701,-24.898569],[-54.942922,-24.903676],[-54.927721,-24.917665],[-54.920393,-24.924108],[-54.899018,-24.943808],[-54.8967,-24.94039],[-54.891922,-24.938923],[-54.88863,-24.935677],[-54.882433,-24.931531],[-54.879985,-24.929379],[-54.872685,-24.927389],[-54.869156,-24.924427],[-54.866354,-24.921096],[-54.866541,-24.916184],[-54.865199,-24.913939],[-54.864504,-24.909411],[-54.8613,-24.907104],[-54.857868,-24.906351],[-54.854646,-24.906611],[-54.852389,-24.905541],[-54.85198,-24.903743],[-54.848972,-24.900924],[-54.840519,-24.896248],[-54.839041,-24.894768],[-54.837946,-24.890496],[-54.837844,-24.885706],[-54.834248,-24.883424],[-54.832797,-24.880356],[-54.829047,-24.878835],[-54.826363,-24.876011],[-54.824139,-24.875026],[-54.817436,-24.87385],[-54.815448,-24.872164],[-54.810818,-24.869817],[-54.807005,-24.871296],[-54.805442,-24.873164],[-54.803489,-24.870468],[-54.804161,-24.868884],[-54.802892,-24.866586],[-54.800052,-24.865791],[-54.798925,-24.864325],[-54.796742,-24.865277],[-54.791493,-24.863164],[-54.794998,-24.861207],[-54.795517,-24.859572],[-54.793743,-24.856422],[-54.794111,-24.851143],[-54.793167,-24.849996],[-54.790773,-24.852632],[-54.786857,-24.851965],[-54.782624,-24.853265],[-54.780719,-24.852592],[-54.776589,-24.852715],[-54.77402,-24.851476],[-54.773375,-24.853669],[-54.77177,-24.854792],[-54.768495,-24.854887],[-54.765334,-24.8521],[-54.760518,-24.852647],[-54.757755,-24.85437],[-54.753072,-24.853176],[-54.752362,-24.854866],[-54.749801,-24.856606],[-54.74586,-24.856822],[-54.742625,-24.855315],[-54.738072,-24.854926],[-54.731839,-24.85702],[-54.722979,-24.862852],[-54.720935,-24.865615],[-54.719233,-24.870901],[-54.716885,-24.872918],[-54.713227,-24.874731],[-54.709483,-24.874479],[-54.707356,-24.875656],[-54.705273,-24.874221],[-54.703907,-24.871262],[-54.704421,-24.868968],[-54.708727,-24.864191],[-54.710993,-24.859212],[-54.715081,-24.856639],[-54.71922,-24.852292],[-54.720336,-24.849385],[-54.722227,-24.848186],[-54.728337,-24.846826],[-54.732999,-24.84793],[-54.737166,-24.847208],[-54.738504,-24.845238],[-54.73702,-24.841465],[-54.734,-24.845255],[-54.731598,-24.845025],[-54.729404,-24.843046],[-54.726158,-24.843931],[-54.725131,-24.841361],[-54.721266,-24.845901],[-54.718753,-24.846792],[-54.717402,-24.849313],[-54.70785,-24.853747],[-54.705437,-24.855981],[-54.704356,-24.858342],[-54.701389,-24.861023],[-54.693832,-24.866877],[-54.68803,-24.870538],[-54.684627,-24.873356],[-54.681316,-24.872988],[-54.678891,-24.871592],[-54.6781,-24.867992],[-54.681317,-24.865009],[-54.683902,-24.864981],[-54.687494,-24.863629],[-54.689827,-24.861801],[-54.698548,-24.850414],[-54.695387,-24.848438],[-54.696551,-24.844845],[-54.694369,-24.841869],[-54.693274,-24.844081],[-54.693917,-24.847205],[-54.690068,-24.85216],[-54.688722,-24.856666],[-54.686028,-24.859003],[-54.68266,-24.859725],[-54.682098,-24.856067],[-54.674989,-24.821665],[-54.66826,-24.789638],[-54.665415,-24.775057],[-54.666773,-24.775872],[-54.668834,-24.780201],[-54.674335,-24.781636],[-54.675909,-24.784039],[-54.680528,-24.783587],[-54.688573,-24.780069],[-54.692621,-24.77996],[-54.712595,-24.781148],[-54.72288,-24.782277],[-54.729053,-24.779209],[-54.734549,-24.771217],[-54.735839,-24.770036],[-54.741914,-24.767768],[-54.74611,-24.767501],[-54.756335,-24.766166],[-54.756598,-24.763881],[-54.751741,-24.760335],[-54.748602,-24.75953],[-54.74676,-24.758101],[-54.743544,-24.756991],[-54.738658,-24.756387],[-54.735167,-24.756713],[-54.733114,-24.75547],[-54.730772,-24.756495],[-54.72725,-24.753941],[-54.728498,-24.748041],[-54.723884,-24.733768],[-54.720995,-24.730762],[-54.717485,-24.72923],[-54.714724,-24.724334],[-54.710194,-24.722992],[-54.70793,-24.720018],[-54.707957,-24.718539],[-54.704083,-24.716115],[-54.699457,-24.711878],[-54.698044,-24.702713],[-54.696171,-24.70031],[-54.691514,-24.700031],[-54.6878,-24.698078],[-54.685177,-24.695708],[-54.681481,-24.693381],[-54.679058,-24.694057],[-54.676297,-24.692597],[-54.671069,-24.695481],[-54.669657,-24.697689],[-54.663511,-24.699516],[-54.661891,-24.699102],[-54.657861,-24.699844],[-54.655289,-24.698508],[-54.654485,-24.694569],[-54.655422,-24.691821],[-54.654395,-24.689608],[-54.650528,-24.688592],[-54.648169,-24.686923],[-54.646553,-24.688013],[-54.643299,-24.688541],[-54.642599,-24.686779],[-54.643352,-24.684517],[-54.647774,-24.683206],[-54.645414,-24.682018],[-54.645496,-24.678441],[-54.647905,-24.677837],[-54.65249,-24.678358],[-54.653282,-24.677818],[-54.653372,-24.671317],[-54.654124,-24.668356],[-54.656388,-24.666817],[-54.659542,-24.66767],[-54.662418,-24.66993],[-54.665947,-24.67128],[-54.665725,-24.674675],[-54.668222,-24.673073],[-54.670386,-24.67035],[-54.672012,-24.67028],[-54.673389,-24.673722],[-54.676247,-24.67173],[-54.677291,-24.67241],[-54.680794,-24.671209],[-54.68304,-24.671952],[-54.68316,-24.675391],[-54.684564,-24.677065],[-54.683128,-24.680067],[-54.685989,-24.680569],[-54.68728,-24.683429],[-54.68663,-24.684596],[-54.687385,-24.688325],[-54.691061,-24.690697],[-54.695613,-24.69027],[-54.696942,-24.689063],[-54.700443,-24.690026],[-54.701434,-24.686264],[-54.707393,-24.68304],[-54.708091,-24.680607],[-54.7123,-24.679867],[-54.718179,-24.676902],[-54.72046,-24.67641],[-54.718522,-24.6728],[-54.721066,-24.668321],[-54.723753,-24.668076],[-54.727935,-24.665859],[-54.727521,-24.663924],[-54.725407,-24.663277],[-54.727115,-24.659717],[-54.724213,-24.658073],[-54.725655,-24.654835],[-54.729075,-24.654661],[-54.729626,-24.653294],[-54.733696,-24.655429],[-54.734859,-24.653747],[-54.737933,-24.651919],[-54.742232,-24.655347],[-54.74448,-24.655813],[-54.744419,-24.658021],[-54.748143,-24.658254],[-54.751686,-24.660109],[-54.756886,-24.659272],[-54.760505,-24.657513],[-54.76603,-24.656603],[-54.76807,-24.653634],[-54.768331,-24.649371],[-54.770638,-24.649591],[-54.772397,-24.648423],[-54.778602,-24.651542],[-54.780424,-24.653329],[-54.781252,-24.655734],[-54.779421,-24.657395],[-54.782339,-24.658924],[-54.780963,-24.660592],[-54.785245,-24.665315],[-54.788682,-24.666192],[-54.789902,-24.667516],[-54.794802,-24.666803],[-54.796337,-24.66748],[-54.797276,-24.67168],[-54.796484,-24.673914],[-54.801415,-24.674702],[-54.810644,-24.673316],[-54.81204,-24.66852],[-54.814959,-24.667122],[-54.816924,-24.668815],[-54.819814,-24.669117],[-54.820277,-24.667636],[-54.822933,-24.666452],[-54.821609,-24.663885],[-54.823058,-24.662455],[-54.825285,-24.663417],[-54.828866,-24.663771],[-54.829287,-24.665628],[-54.828258,-24.668058],[-54.83033,-24.668837],[-54.829274,-24.671918],[-54.830697,-24.674691],[-54.833158,-24.675084],[-54.834224,-24.672561],[-54.833418,-24.670592],[-54.835272,-24.66877],[-54.83892,-24.6705],[-54.839723,-24.668791],[-54.836543,-24.66789],[-54.835804,-24.66502],[-54.840066,-24.664788],[-54.840511,-24.662912],[-54.835696,-24.661262],[-54.836178,-24.659581],[-54.832647,-24.658131],[-54.837707,-24.654401],[-54.84017,-24.655812],[-54.844221,-24.650417],[-54.847712,-24.648858],[-54.85262,-24.648915],[-54.855283,-24.649632],[-54.859681,-24.647988],[-54.860252,-24.646713],[-54.858963,-24.642041],[-54.863996,-24.636264],[-54.868954,-24.635139],[-54.871519,-24.633855],[-54.876614,-24.63575],[-54.880129,-24.635404],[-54.883851,-24.632458],[-54.887117,-24.633534],[-54.889633,-24.630293],[-54.896172,-24.628844],[-54.898908,-24.629243],[-54.8982,-24.624086],[-54.896956,-24.621361],[-54.893954,-24.623393],[-54.890206,-24.622448],[-54.889766,-24.616327],[-54.894506,-24.617344],[-54.897924,-24.618609],[-54.899724,-24.613592],[-54.903978,-24.612501],[-54.902744,-24.60778],[-54.904626,-24.605318],[-54.903853,-24.598787],[-54.90746,-24.598588],[-54.909433,-24.594822],[-54.908477,-24.591519],[-54.911337,-24.591154],[-54.910955,-24.588231],[-54.91152,-24.582473],[-54.912187,-24.581853],[-54.911696,-24.576463],[-54.91407,-24.573955],[-54.91553,-24.574954],[-54.919107,-24.57353],[-54.919922,-24.571681],[-54.923114,-24.571419],[-54.925423,-24.569213],[-54.928794,-24.569721],[-54.932151,-24.568388],[-54.934037,-24.568923],[-54.936496,-24.567971],[-54.937951,-24.570065],[-54.942223,-24.56727],[-54.943617,-24.564523],[-54.948235,-24.566318],[-54.952619,-24.565217],[-54.955096,-24.567317],[-54.95653,-24.569239],[-54.957434,-24.574361],[-54.958552,-24.575947],[-54.961318,-24.58416],[-54.962351,-24.589572],[-54.961729,-24.59197],[-54.962389,-24.595969],[-54.966245,-24.602499],[-54.977275,-24.607265],[-54.979377,-24.60955],[-54.987968,-24.625365],[-54.989374,-24.633003],[-54.991057,-24.636113],[-54.990389,-24.649646],[-54.996151,-24.679131],[-54.999285,-24.694241],[-55.000292,-24.700619],[-55.002135,-24.709396],[-55.002776,-24.71056],[-55.00764,-24.711974],[-55.005909,-24.717955],[-55.004088,-24.719578],[-55.006219,-24.73007],[-55.009485,-24.74741],[-55.010786,-24.74922],[-55.010643,-24.754802],[-55.018405,-24.794604],[-55.019504,-24.799647],[-55.029041,-24.848298]]]}},
{"type":"Feature","id":"PRY:ADM2:PY-10.nacunday","properties":{"shapeName":"Ñacunday","shapeISO":"","shapeGroup":"PRY","shapeType":"ADM2","adm1ISO":"PY-10","parentISO":"PY-10","parentID":"PRY:ADM1:PY-10","src_shape_id":"47425931B65166306087873"},"geometry":{"type":"Polygon","coordinates":[[[-54.813148,-25.838412],[-54.837824,-25.871702],[-54.839487,-25.925331],[-54.839882,-25.932775],[-54.840508,-25.966674],[-54.840586,-25.978066],[-54.846885,-25.976546],[-54.845922,-25.979489],[-54.846225,-25.984129],[-54.847122,-25.986427],[-54.845491,-25.991299],[-54.850744,-25.993498],[-54.854335,-25.997275],[-54.859937,-25.995644],[-54.861815,-25.996679],[-54.861694,-26.0044],[-54.859746,-26.009305],[-54.860294,-26.011858],[-54.862196,-26.011916],[-54.865034,-26.010089],[-54.866354,-26.006441],[-54.867792,-26.005349],[-54.871836,-26.004345],[-54.873086,-26.003389],[-54.873826,-26.00012],[-54.876218,-25.996169],[-54.876814,-25.989956],[-54.87525,-25.985778],[-54.874702,-25.979044],[-54.876872,-25.977199],[-54.881783,-25.98076],[-54.883361,-25.985156],[-54.884527,-25.985598],[-54.89045,-25.983974],[-54.893878,-25.983589],[-54.896697,-25.982322],[-54.897217,-25.980596],[-54.899626,-25.979264],[-54.901846,-25.973982],[-54.904552,-25.973531],[-54.909235,-25.979003],[-54.909013,-25.980359],[-54.905399,-25.981486],[-54.901807,-25.983693],[-54.899197,-25.987636],[-54.900472,-25.990629],[-54.902885,-25.992707],[-54.906162,-25.99303],[-54.906812,-25.990348],[-54.910321,-25.987842],[-54.912495,-25.982916],[-54.915811,-25.979711],[-54.917878,-25.979227],[-54.921585,-25.982383],[-54.923434,-25.982313],[-54.925092,-25.979282],[-54.925533,-25.975883],[-54.924312,-25.972764],[-54.926466,-25.972848],[-54.927644,-25.974551],[-54.930644,-25.972139],[-54.93529,-25.97312],[-54.932515,-25.97643],[-54.93194,-25.978489],[-54.929918,-25.980935],[-54.919112,-25.988166],[-54.920007,-25.989192],[-54.924981,-25.988409],[-54.928432,-25.986033],[-54.932433,-25.984271],[-54.936559,-25.980394],[-54.929738,-26.002379],[-54.923355,-26.023833],[-54.921135,-26.031693],[-54.928634,-26.035241],[-54.930167,-26.03891],[-54.932002,-26.03997],[-54.934531,-26.04335],[-54.93166,-26.047344],[-54.933153,-26.053097],[-54.935248,-26.055239],[-54.9411,-26.056356],[-54.943329,-26.059434],[-54.951841,-26.065178],[-54.956848,-26.065204],[-54.95966,-26.066363],[-54.961826,-26.068659],[-54.961277,-26.072754],[-54.959213,-26.074467],[-54.958489,-26.077034],[-54.959013,-26.079171],[-54.9639,-26.085171],[-54.968676,-26.086357],[-54.975015,-26.091311],[-54.976183,-26.092686],[-54.976943,-26.096303],[-54.979173,-26.098126],[-54.980434,-26.10142],[-54.981832,-26.107086],[-54.888942,-26.135902],[-54.886915,-26.138977],[-54.886561,-26.142844],[-54.883711,-26.146814],[-54.880911,-26.148908],[-54.877724,-26.156465],[-54.87652,-26.158189],[-54.876118,-26.160995],[-54.876993,-26.163973],[-54.874806,-26.166531],[-54.875487,-26.16817],[-54.877968,-26.170134],[-54.877957,-26.171826],[-54.87467,-26.174255],[-54.86995,-26.17595],[-54.86645,-26.178366],[-54.866022,-26.18035],[-54.862686,-26.181497],[-54.860802,-26.179952],[-54.857091,-26.180863],[-54.856843,-26.182885],[-54.858379,-26.184817],[-54.858169,-26.186511],[-54.855418,-26.188875],[-54.852508,-26.187622],[-54.848561,-26.1875],[-54.843696,-26.185223],[-54.843668,-26.180817],[-54.840626,-26.178995],[-54.836856,-26.180564],[-54.837978,-26.184133],[-54.839885,-26.185601],[-54.839372,-26.188818],[-54.834932,-26.190615],[-54.833982,-26.194479],[-54.829863,-26.194717],[-54.830541,-26.198113],[-54.833986,-26.200179],[-54.835339,-26.203627],[-54.830014,-26.202697],[-54.82739,-26.201213],[-54.82053,-26.20317],[-54.822136,-26.205348],[-54.82687,-26.206351],[-54.827937,-26.210354],[-54.824217,-26.211975],[-54.821392,-26.211435],[-54.820722,-26.209779],[-54.816029,-26.209423],[-54.811501,-26.207262],[-54.808424,-26.206972],[-54.810143,-26.204379],[-54.811725,-26.199567],[-54.813132,-26.197684],[-54.815879,-26.195939],[-54.817318,-26.192296],[-54.815197,-26.190012],[-54.811208,-26.189444],[-54.810974,-26.191226],[-54.812849,-26.194998],[-54.810416,-26.195287],[-54.804883,-26.192893],[-54.803344,-26.193284],[-54.800165,-26.196621],[-54.799772,-26.201016],[-54.792863,-26.203757],[-54.792945,-26.206109],[-54.786789,-26.205693],[-54.782234,-26.208025],[-54.782206,-26.210691],[-54.78422,-26.213176],[-54.785802,-26.217834],[-54.784612,-26.222744],[-54.782328,-26.224241],[-54.783976,-26.229376],[-54.780882,-26.231177],[-54.778843,-26.234536],[-54.778498,-26.236395],[-54.77634,-26.236693],[-54.771743,-26.239329],[-54.769454,-26.237425],[-54.769694,-26.234172],[-54.762297,-26.234383],[-54.761646,-26.237194],[-54.762663,-26.238349],[-54.76167,-26.24495],[-54.763759,-26.246458],[-54.761841,-26.249167],[-54.755313,-26.241418],[-54.753222,-26.240593],[-54.748999,-26.243494],[-54.74875,-26.246291],[-54.744141,-26.250676],[-54.743063,-26.248847],[-54.744144,-26.244872],[-54.740406,-26.238674],[-54.740522,-26.234782],[-54.734855,-26.237794],[-54.733369,-26.240727],[-54.733988,-26.242564],[-54.734232,-26.248035],[-54.731735,-26.250366],[-54.7274,-26.252477],[-54.726052,-26.254138],[-54.725949,-26.257108],[-54.719388,-26.255275],[-54.718935,-26.254367],[-54.721954,-26.249752],[-54.722172,-26.248375],[-54.720425,-26.246104],[-54.716499,-26.238608],[-54.71491,-26.236512],[-54.712704,-26.236235],[-54.709665,-26.238168],[-54.710038,-26.241052],[-54.708543,-26.243893],[-54.708417,-26.24641],[-54.705339,-26.251496],[-54.698464,-26.255365],[-54.697312,-26.252721],[-54.699068,-26.248324],[-54.700495,-26.243088],[-54.699678,-26.238726],[-54.700942,-26.235944],[-54.70372,-26.23438],[-54.705567,-26.230365],[-54.705077,-26.229225],[-54.701364,-26.229276],[-54.693862,-26.228169],[-54.692309,-26.228565],[-54.691686,-26.231827],[-54.689439,-26.234017],[-54.68678,-26.234269],[-54.678613,-26.239576],[-54.675279,-26.243516],[-54.675267,-26.249793],[-54.672423,-26.254019],[-54.664869,-26.249362],[-54.656802,-26.243284],[-54.648439,-26.237813],[-54.63236,-26.228727],[-54.623316,-26.223348],[-54.619295,-26.219798],[-54.617797,-26.215157],[-54.617422,-26.211252],[-54.619566,-26.206468],[-54.62374,-26.199665],[-54.633339,-26.19162],[-54.648811,-26.182542],[-54.654658,-26.180069],[-54.658353,-26.177156],[-54.668007,-26.166135],[-54.671004,-26.161157],[-54.672579,-26.156259],[-54.673898,-26.149922],[-54.674339,-26.144902],[-54.67372,-26.141715],[-54.671951,-26.139223],[-54.66901,-26.138562],[-54.666562,-26.135959],[-54.663088,-26.130673],[-54.658308,-26.12536],[-54.650714,-26.118779],[-54.646605,-26.111222],[-54.64424,-26.104518],[-54.643867,-26.097639],[-54.643179,-26.092294],[-54.643803,-26.086664],[-54.64539,-26.081153],[-54.646587,-26.075225],[-54.650192,-26.065334],[-54.655679,-26.054963],[-54.669063,-26.032716],[-54.670855,-26.028232],[-54.674567,-26.02132],[-54.677528,-26.015109],[-54.679344,-26.006419],[-54.67933,-25.998522],[-54.678303,-25.992968],[-54.67612,-25.988624],[-54.672787,-25.984983],[-54.669209,-25.982258],[-54.664705,-25.980444],[-54.65871,-25.979525],[-54.696951,-25.944632],[-54.743891,-25.901758],[-54.813148,-25.838412]]]}},
{"type":"Feature","id":"PRY:ADM2:PY-10.naranjal","properties":{"shapeName":"Naranjal","shapeISO":"","shapeGroup":"PRY","shapeType":"ADM2","adm1ISO":"PY-10","parentISO":"PY-10","parentID":"PRY:ADM1:PY-10","src_shape_id":"47425931B4838890923152"},"geometry":{"type":"Polygon","coordinates":[[[-55.129559,-26.047227],[-55.127133,-26.047822],[-55.127442,-26.045109],[-55.124344,-26.042239],[-55.122789,-26.044006],[-55.121321,-26.048212],[-55.11978,-26.050656],[-55.114955,-26.049004],[-55.112125,-26.049877],[-55.112672,-26.043617],[-55.108854,-26.041125],[-55.107912,-26.037612],[-55.10444,-26.039869],[-55.100037,-26.040036],[-55.099246,-26.042072],[-55.094647,-26.043692],[-55.090399,-26.047587],[-55.088263,-26.046548],[-55.091514,-26.044677],[-55.092168,-26.040462],[-55.096132,-26.038118],[-55.098212,-26.035158],[-55.093559,-26.033222],[-55.090452,-26.030513],[-55.087124,-26.032919],[-55.08004,-26.03589],[-55.079023,-26.037471],[-55.077716,-26.042515],[-55.080389,-26.041969],[-55.085223,-26.042144],[-55.085367,-26.044594],[-55.082434,-26.047058],[-55.077821,-26.047342],[-55.074938,-26.049489],[-55.074197,-26.051747],[-55.069589,-26.052695],[-55.068351,-26.050701],[-55.068757,-26.045534],[-55.073778,-26.041812],[-55.07547,-26.039442],[-55.074571,-26.038213],[-55.070039,-26.037337],[-55.064977,-26.037034],[-55.05687,-26.034796],[-55.056652,-26.036881],[-55.06091,-26.039524],[-55.062926,-26.041667],[-55.064433,-26.046859],[-55.059291,-26.045836],[-55.055169,-26.047012],[-55.050271,-26.046932],[-55.048075,-26.049211],[-55.047478,-26.051942],[-55.045958,-26.052225],[-55.042958,-26.043901],[-55.043282,-26.037254],[-55.036897,-26.033682],[-55.034063,-26.036575],[-55.030996,-26.037819],[-55.03232,-26.03185],[-55.033843,-26.030501],[-55.034078,-26.026508],[-55.030317,-26.025295],[-55.028522,-26.025575],[-55.02561,-26.027595],[-55.022056,-26.027768],[-55.022833,-26.021272],[-55.025128,-26.017891],[-55.02955,-26.017755],[-55.031475,-26.016588],[-55.033281,-26.013574],[-55.029675,-26.011658],[-55.027959,-26.009902],[-55.026579,-26.005973],[-55.024144,-26.006759],[-55.022901,-26.010393],[-55.021165,-26.010556],[-55.017818,-26.014379],[-55.015609,-26.015334],[-55.014833,-26.017802],[-55.016179,-26.019656],[-55.01636,-26.021878],[-55.014591,-26.026034],[-55.010006,-26.027008],[-55.009185,-26.025991],[-55.010375,-26.022833],[-55.00809,-26.019452],[-55.009142,-26.016272],[-55.00788,-26.01083],[-55.00713,-26.009689],[-55.001911,-26.010841],[-54.996503,-26.009584],[-54.996009,-26.006643],[-54.994399,-26.006796],[-54.994546,-26.003694],[-54.99763,-26.005141],[-54.999342,-26.002285],[-54.996483,-25.998518],[-54.997878,-25.995793],[-54.996586,-25.994037],[-54.99055,-25.992591],[-54.989977,-25.988092],[-54.988858,-25.98665],[-54.992423,-25.98577],[-54.995473,-25.984161],[-54.998893,-25.983693],[-55.002411,-25.985398],[-55.007942,-25.981471],[-55.008442,-25.977926],[-55.006298,-25.974701],[-55.011401,-25.970538],[-55.010517,-25.974263],[-55.011722,-25.976211],[-55.017731,-25.973757],[-55.019755,-25.975374],[-55.0226,-25.975164],[-55.026173,-25.972744],[-55.023648,-25.969447],[-55.02501,-25.967245],[-55.027282,-25.966455],[-55.024684,-25.963088],[-55.022607,-25.962943],[-55.022653,-25.959224],[-55.019075,-25.959284],[-55.016793,-25.957944],[-55.014114,-25.958724],[-55.012405,-25.956633],[-55.01105,-25.953216],[-55.012074,-25.951447],[-55.010951,-25.949049],[-55.014219,-25.946711],[-55.01774,-25.945617],[-55.019406,-25.947341],[-55.022396,-25.942228],[-55.022641,-25.940029],[-55.02109,-25.938902],[-55.025162,-25.934174],[-55.028266,-25.935024],[-55.032145,-25.935063],[-55.033882,-25.931742],[-55.035485,-25.931489],[-55.03779,-25.928911],[-55.03944,-25.932838],[-55.041824,-25.931475],[-55.040291,-25.929455],[-55.043139,-25.927688],[-55.041191,-25.924746],[-55.040586,-25.921958],[-55.043009,-25.921174],[-55.048594,-25.922174],[-55.052254,-25.919024],[-55.053754,-25.916133],[-55.052123,-25.91255],[-55.054755,-25.91147],[-55.058588,-25.911251],[-55.059441,-25.910369],[-55.058209,-25.907166],[-55.061049,-25.90714],[-55.062836,-25.904853],[-55.066649,-25.905965],[-55.067588,-25.908613],[-55.071187,-25.912705],[-55.072688,-25.916489],[-55.07546,-25.917429],[-55.078142,-25.912288],[-55.083268,-25.91069],[-55.085273,-25.910604],[-55.086534,-25.908237],[-55.086137,-25.905091],[-55.084831,-25.903052],[-55.087354,-25.902313],[-55.094994,-25.905934],[-55.097724,-25.907789],[-55.099509,-25.906788],[-55.104119,-25.907471],[-55.10676,-25.907239],[-55.10639,-25.905307],[-55.107354,-25.902544],[-55.109489,-25.903655],[-55.111725,-25.903346],[-55.11147,-25.906208],[-55.112993,-25.907447],[-55.116316,-25.907404],[-55.118258,-25.906586],[-55.121924,-25.907098],[-55.122529,-25.90869],[-55.125235,-25.907673],[-55.126678,-25.905629],[-55.127445,-25.901631],[-55.130147,-25.900263],[-55.131175,-25.902483],[-55.136883,-25.90308],[-55.138254,-25.899266],[-55.141862,-25.898378],[-55.144815,-25.895928],[-55.14916,-25.89444],[-55.150485,-25.895888],[-55.152575,-25.895558],[-55.155408,-25.893631],[-55.158098,-25.892925],[-55.158902,-25.890963],[-55.16276,-25.888317],[-55.163022,-25.885603],[-55.166924,-25.883644],[-55.166757,-25.876962],[-55.168016,-25.871782],[-55.171255,-25.869946],[-55.177689,-25.867612],[-55.17897,-25.870864],[-55.183474,-25.873033],[-55.185607,-25.871719],[-55.189576,-25.87171],[-55.191534,-25.870805],[-55.193474,-25.868536],[-55.194856,-25.865087],[-55.194985,-25.862109],[-55.19882,-25.857192],[-55.20123,-25.856197],[-55.207723,-25.855352],[-55.209933,-25.850243],[-55.211746,-25.848216],[-55.211858,-25.846263],[-55.215781,-25.842443],[-55.220821,-25.840302],[-55.225112,-25.841289],[-55.231672,-25.837925],[-55.236115,-25.837406],[-55.240258,-25.83547],[-55.24159,-25.832544],[-55.24644,-25.82937],[-55.252087,-25.829885],[-55.254615,-25.828692],[-55.258488,-25.833365],[-55.269047,-25.826446],[-55.270598,-25.823846],[-55.270472,-25.821421],[-55.272835,-25.81893],[-55.276639,-25.816592],[-55.277752,-25.815039],[-55.277855,-25.806613],[-55.276578,-25.802021],[-55.273856,-25.798084],[-55.274491,-25.794959],[-55.276663,-25.791586],[-55.280179,-25.788545],[-55.286039,-25.785648],[-55.285762,-25.783113],[-55.286637,-25.780893],[-55.288421,-25.783623],[-55.28913,-25.786682],[-55.293091,-25.797007],[-55.294466,-25.802909],[-55.295504,-25.805165],[-55.294734,-25.811353],[-55.295849,-25.818719],[-55.298241,-25.82229],[-55.303139,-25.827746],[-55.303395,-25.829176],[-55.310059,-25.83179],[-55.31328,-25.837867],[-55.315966,-25.839054],[-55.316509,-25.840992],[-55.320012,-25.84644],[-55.319916,-25.856807],[-55.3207,-25.862873],[-55.321632,-25.866842],[-55.31382,-25.868581],[-55.308265,-25.869482],[-55.305361,-25.871335],[-55.299204,-25.872725],[-55.29546,-25.874442],[-55.291896,-25.873262],[-55.290541,-25.874623],[-55.28993,-25.883567],[-55.28742,-25.885816],[-55.283318,-25.887637],[-55.278452,-25.887443],[-55.276876,-25.890147],[-55.274496,-25.890967],[-55.273285,-25.894559],[-55.270491,-25.894778],[-55.269914,-25.896532],[-55.274045,-25.897764],[-55.276938,-25.899631],[-55.278523,-25.902326],[-55.281382,-25.903484],[-55.281626,-25.905459],[-55.286194,-25.907341],[-55.286943,-25.911033],[-55.288594,-25.912741],[-55.293303,-25.91202],[-55.295602,-25.912521],[-55.301286,-25.911839],[-55.303581,-25.912479],[-55.308491,-25.915764],[-55.309998,-25.919438],[-55.311943,-25.918246],[-55.315001,-25.917713],[-55.317291,-25.91853],[-55.32237,-25.918164],[-55.330957,-25.915447],[-55.332989,-25.915989],[-55.334352,-25.917869],[-55.339301,-25.91826],[-55.341922,-25.919644],[-55.344436,-25.917457],[-55.348284,-25.916679],[-55.351562,-25.916911],[-55.354529,-25.915089],[-55.357327,-25.914787],[-55.360603,-25.913303],[-55.363182,-25.909351],[-55.366781,-25.908845],[-55.370483,-25.910029],[-55.376598,-25.909461],[-55.380849,-25.905401],[-55.383459,-25.904324],[-55.39014,-25.903979],[-55.391854,-25.905699],[-55.395367,-25.907201],[-55.399447,-25.910189],[-55.405402,-25.921815],[-55.405433,-25.927033],[-55.405972,-25.93441],[-55.40769,-25.939227],[-55.409833,-25.942898],[-55.404024,-25.948088],[-55.399702,-25.947788],[-55.395655,-25.949585],[-55.392241,-25.952747],[-55.390064,-25.958776],[-55.390976,-25.963047],[-55.389527,-25.966299],[-55.386583,-25.965377],[-55.38515,-25.96816],[-55.382329,-25.969528],[-55.37843,-25.969249],[-55.377293,-25.971019],[-55.374447,-25.970351],[-55.373204,-25.972612],[-55.368673,-25.974001],[-55.365994,-25.972445],[-55.365049,-25.975237],[-55.365631,-25.981274],[-55.363857,-25.985177],[-55.362506,-25.985175],[-55.359172,-25.991001],[-55.357259,-25.993078],[-55.354333,-25.992706],[-55.349791,-25.993142],[-55.350323,-25.991117],[-55.347169,-25.989767],[-55.34451,-25.995636],[-55.343046,-25.994013],[-55.340581,-25.994133],[-55.339631,-25.996312],[-55.340588,-25.998652],[-55.344461,-26.001558],[-55.342113,-26.002519],[-55.340578,-26.006492],[-55.337575,-26.005103],[-55.336634,-26.007128],[-55.332017,-26.006515],[-55.332015,-26.008619],[-55.329802,-26.00974],[-55.330411,-26.011742],[-55.324825,-26.012927],[-55.325283,-26.018385],[-55.330045,-26.020156],[-55.327943,-26.022099],[-55.324224,-26.021618],[-55.3221,-26.019757],[-55.32116,-26.022007],[-55.322979,-26.024854],[-55.321558,-26.02709],[-55.319071,-26.027097],[-55.318863,-26.029604],[-55.317111,-26.029525],[-55.314214,-26.031175],[-55.313164,-26.033334],[-55.310853,-26.03328],[-55.308798,-26.035345],[-55.306698,-26.035528],[-55.305049,-26.040059],[-55.300836,-26.038348],[-55.295892,-26.039179],[-55.294283,-26.038745],[-55.289229,-26.041579],[-55.288867,-26.046029],[-55.28759,-26.049178],[-55.28375,-26.052464],[-55.281482,-26.052396],[-55.278821,-26.049931],[-55.275956,-26.045524],[-55.27416,-26.040596],[-55.273069,-26.040673],[-55.26992,-26.043515],[-55.2652,-26.044149],[-55.264157,-26.043541],[-55.263411,-26.039876],[-55.260739,-26.039379],[-55.257857,-26.036907],[-55.255477,-26.038579],[-55.255926,-26.042232],[-55.253528,-26.043205],[-55.251972,-26.047515],[-55.253632,-26.050302],[-55.251936,-26.052479],[-55.249097,-26.057662],[-55.249222,-26.058675],[-55.245582,-26.06175],[-55.241787,-26.068244],[-55.238861,-26.067833],[-55.236899,-26.069037],[-55.234498,-26.068651],[-55.233222,-26.06614],[-55.229899,-26.065733],[-55.225523,-26.068099],[-55.224179,-26.071115],[-55.220912,-26.070403],[-55.219782,-26.072172],[-55.221525,-26.073944],[-55.225876,-26.075866],[-55.226863,-26.080162],[-55.229628,-26.08197],[-55.232292,-26.080359],[-55.234588,-26.083904],[-55.231785,-26.086428],[-55.229226,-26.084736],[-55.223861,-26.085726],[-55.220993,-26.083958],[-55.21838,-26.086584],[-55.212472,-26.08735],[-55.214212,-26.09101],[-55.211992,-26.093979],[-55.208572,-26.09576],[-55.204778,-26.094856],[-55.205585,-26.09288],[-55.209315,-26.089081],[-55.210576,-26.085373],[-55.21042,-26.080514],[-55.213236,-26.079574],[-55.21496,-26.077415],[-55.213051,-26.076381],[-55.20791,-26.076516],[-55.204344,-26.073939],[-55.204025,-26.071881],[-55.205231,-26.06931],[-55.20768,-26.070577],[-55.214958,-26.068298],[-55.217112,-26.065738],[-55.212711,-26.064619],[-55.208669,-26.064871],[-55.204002,-26.064159],[-55.20267,-26.060125],[-55.199993,-26.057952],[-55.199013,-26.05868],[-55.197903,-26.063297],[-55.19513,-26.067609],[-55.189759,-26.064956],[-55.187101,-26.06657],[-55.182916,-26.065208],[-55.183242,-26.062883],[-55.181055,-26.063041],[-55.178534,-26.068728],[-55.176274,-26.070261],[-55.17504,-26.068656],[-55.176283,-26.067169],[-55.176429,-26.064643],[-55.172735,-26.062854],[-55.179754,-26.060605],[-55.18077,-26.054105],[-55.186922,-26.055126],[-55.190995,-26.055281],[-55.193075,-26.054634],[-55.193906,-26.051223],[-55.191749,-26.050285],[-55.189614,-26.051147],[-55.181833,-26.049948],[-55.180801,-26.048409],[-55.182051,-26.045767],[-55.181676,-26.041989],[-55.185337,-26.041823],[-55.190292,-26.044963],[-55.192726,-26.045106],[-55.196321,-26.042281],[-55.201892,-26.042102],[-55.202292,-26.04087],[-55.199978,-26.037312],[-55.198751,-26.030404],[-55.196154,-26.031464],[-55.197595,-26.034271],[-55.194367,-26.034886],[-55.191603,-26.036643],[-55.188959,-26.033437],[-55.187945,-26.0291],[-55.186454,-26.030165],[-55.18488,-26.028362],[-55.183069,-26.024399],[-55.181382,-26.024861],[-55.178125,-26.028051],[-55.18024,-26.029942],[-55.184408,-26.032328],[-55.184692,-26.034976],[-55.181016,-26.038171],[-55.175191,-26.038382],[-55.176269,-26.041523],[-55.17593,-26.04429],[-55.172397,-26.044259],[-55.1712,-26.040584],[-55.173347,-26.039473],[-55.174302,-26.037698],[-55.173209,-26.034841],[-55.173324,-26.032193],[-55.170894,-26.028885],[-55.167557,-26.02933],[-55.164447,-26.030965],[-55.160912,-26.02986],[-55.16071,-26.028413],[-55.164077,-26.023735],[-55.164691,-26.020818],[-55.166954,-26.016365],[-55.16631,-26.014998],[-55.163085,-26.014542],[-55.161901,-26.016982],[-55.160372,-26.017323],[-55.160219,-26.022918],[-55.158618,-26.026039],[-55.156049,-26.028624],[-55.152853,-26.026805],[-55.148856,-26.028866],[-55.148188,-26.026272],[-55.150894,-26.026455],[-55.153002,-26.023765],[-55.149928,-26.022706],[-55.145105,-26.020184],[-55.143147,-26.018227],[-55.14251,-26.016138],[-55.139274,-26.020375],[-55.143086,-26.024933],[-55.141308,-26.028318],[-55.138602,-26.029953],[-55.140728,-26.03179],[-55.139375,-26.035054],[-55.142251,-26.036788],[-55.139919,-26.04013],[-55.134632,-26.040414],[-55.132921,-26.041592],[-55.132892,-26.044178],[-55.129559,-26.047227]]]}},
{"type":"Feature","id":"PRY:ADM2:PY-10.presidente-franco","properties":{"shapeName":"Presidente Franco","shapeISO":"","shapeGroup":"PRY","shapeType":"ADM2","adm1ISO":"PY-10","parentISO":"PY-10","parentID":"PRY:ADM1:PY-10","src_shape_id":"47425931B38002269801439"},"geometry":{"type":"Polygon","coordinates":[[[-54.71189,-25.576089],[-54.711841,-25.57637],[-54.647169,-25.657838],[-54.645153,-25.661235],[-54.636244,-25.65934],[-54.630777,-25.659721],[-54.620147,-25.662517],[-54.615514,-25.664215],[-54.609589,-25.667448],[-54.604968,-25.668573],[-54.597548,-25.668866],[-54.590494,-25.668127],[-54.586032,-25.66706],[-54.58337,-25.665089],[-54.581472,-25.662301],[-54.581288,-25.657189],[-54.583424,-25.651029],[-54.588333,-25.644079],[-54.590953,-25.639484],[-54.59517,-25.629761],[-54.596702,-25.624994],[-54.596726,-25.620933],[-54.595948,-25.616755],[-54.596588,-25.610619],[-54.595678,-25.601592],[-54.593674,-25.592651],[-54.593539,-25.585045],[-54.593836,-25.578849],[-54.594987,-25.567203],[-54.595202,-25.559341],[-54.594021,-25.555206],[-54.59808,-25.55448],[-54.600001,-25.553426],[-54.600954,-25.550436],[-54.605771,-25.548573],[-54.605579,-25.546368],[-54.609848,-25.547735],[-54.612558,-25.5443],[-54.615186,-25.538801],[-54.618128,-25.537957],[-54.621136,-25.540619],[-54.623036,-25.54071],[-54.70346,-25.540769],[-54.704367,-25.551464],[-54.706278,-25.56947],[-54.705832,-25.570602],[-54.707136,-25.574185],[-54.71189,-25.576089]]]}},
{"type":"Feature","id":"PRY:ADM2:PY-10.san-alberto","properties":{"shapeName":"San Alberto","shapeISO":"","shapeGroup":"PRY","shapeType":"ADM2","adm1ISO":"PY-10","parentISO":"PY-10","parentID":"PRY:ADM1:PY-10","src_shape_id":"47425931B62889793173193"},"geometry":{"type":"Polygon","coordinates":[[[-54.949596,-25.059183],[-54.9399,-25.05402],[-54.928653,-25.043862],[-54.930082,-25.041462],[-54.924809,-25.036591],[-54.923608,-25.037066],[-54.915023,-25.029228],[-54.909443,-25.021955],[-54.902729,-25.01536],[-54.900908,-25.014157],[-54.898846,-25.011388],[-54.891115,-25.003488],[-54.891682,-25.002092],[-54.886356,-25.00124],[-54.882507,-25.000016],[-54.876012,-24.998746],[-54.87101,-24.998593],[-54.864857,-25.000346],[-54.863738,-25.003453],[-54.851505,-25.002072],[-54.849525,-24.997878],[-54.845598,-24.990852],[-54.845755,-24.988002],[-54.844157,-24.981326],[-54.842001,-24.978059],[-54.815771,-24.95408],[-54.812759,-24.95663],[-54.809693,-24.9552],[-54.807652,-24.952872],[-54.803289,-24.951386],[-54.794883,-24.943467],[-54.791737,-24.942509],[-54.790992,-24.939945],[-54.780199,-24.942058],[-54.781876,-24.951701],[-54.774465,-24.955273],[-54.768648,-24.952139],[-54.766847,-24.950041],[-54.764073,-24.948302],[-54.76059,-24.944391],[-54.75994,-24.942124],[-54.76001,-24.937305],[-54.75936,-24.931396],[-54.756556,-24.923307],[-54.754542,-24.920713],[-54.751034,-24.917961],[-54.750364,-24.913903],[-54.747339,-24.90859],[-54.747037,-24.905772],[-54.744546,-24.903155],[-54.744256,-24.899693],[-54.741278,-24.899091],[-54.740142,-24.89796],[-54.73958,-24.893526],[-54.738195,-24.888464],[-54.735189,-24.884169],[-54.733857,-24.883182],[-54.729971,-24.883152],[-54.727266,-24.876459],[-54.724413,-24.874061],[-54.72083,-24.87494],[-54.715697,-24.87801],[-54.707058,-24.878526],[-54.698165,-24.876259],[-54.691576,-24.875694],[-54.686874,-24.877381],[-54.682286,-24.878421],[-54.676355,-24.877783],[-54.671495,-24.872545],[-54.667355,-24.865264],[-54.661126,-24.858329],[-54.654389,-24.856911],[-54.645902,-24.857847],[-54.641942,-24.859839],[-54.637373,-24.864978],[-54.635517,-24.870689],[-54.635089,-24.8764],[-54.633661,-24.881254],[-54.629991,-24.884924],[-54.626567,-24.88906],[-54.617119,-24.887873],[-54.612246,-24.883824],[-54.603395,-24.879255],[-54.589689,-24.869832],[-54.585987,-24.867907],[-54.573443,-24.867703],[-54.561951,-24.867861],[-54.550999,-24.872635],[-54.541862,-24.877827],[-54.520447,-24.88568],[-54.509739,-24.888821],[-54.504599,-24.888392],[-54.475818,-24.887968],[-54.447173,-24.887135],[-54.423139,-24.887775],[-54.421716,-24.882014],[-54.407591,-24.850384],[-54.403228,-24.841491],[-54.400712,-24.825888],[-54.398873,-24.805107],[-54.392993,-24.787364],[-54.387595,-24.773787],[-54.380025,-24.755495],[-54.372403,-24.739802],[-54.360863,-24.721446],[-54.345807,-24.70766],[-54.354493,-24.703752],[-54.374845,-24.695547],[-54.38213,-24.691752],[-54.388422,-24.6878],[-54.391256,-24.687919],[-54.397794,-24.690554],[-54.401625,-24.690621],[-54.403045,-24.688684],[-54.412103,-24.680646],[-54.414963,-24.679505],[-54.422702,-24.68335],[-54.423982,-24.688205],[-54.423809,-24.696606],[-54.425065,-24.698939],[-54.42897,-24.699146],[-54.431598,-24.69814],[-54.439134,-24.697009],[-54.441738,-24.697123],[-54.442937,-24.698474],[-54.443616,-24.702758],[-54.442995,-24.711508],[-54.443583,-24.718126],[-54.446841,-24.720496],[-54.451573,-24.721816],[-54.456508,-24.721047],[-54.463943,-24.721173],[-54.466979,-24.722696],[-54.472163,-24.7234],[-54.472537,-24.711801],[-54.473539,-24.709452],[-54.476453,-24.706886],[-54.478916,-24.70643],[-54.483203,-24.710113],[-54.485641,-24.709611],[-54.488641,-24.710826],[-54.49037,-24.712972],[-54.491971,-24.717356],[-54.495473,-24.720275],[-54.499098,-24.719593],[-54.502927,-24.712186],[-54.503804,-24.702363],[-54.504421,-24.698763],[-54.507954,-24.69932],[-54.512272,-24.701508],[-54.518765,-24.703981],[-54.525297,-24.703708],[-54.529154,-24.700567],[-54.532615,-24.694215],[-54.536398,-24.691861],[-54.544301,-24.693514],[-54.549586,-24.693758],[-54.555164,-24.69075],[-54.559952,-24.689375],[-54.565472,-24.68993],[-54.569682,-24.691727],[-54.574809,-24.691933],[-54.579258,-24.694183],[-54.583338,-24.692267],[-54.588897,-24.694815],[-54.592082,-24.69467],[-54.597337,-24.696531],[-54.602233,-24.69511],[-54.608522,-24.695839],[-54.610266,-24.696964],[-54.610792,-24.702715],[-54.615111,-24.707076],[-54.623315,-24.708005],[-54.626421,-24.705889],[-54.629735,-24.706915],[-54.632993,-24.709294],[-54.634895,-24.709784],[-54.636088,-24.707002],[-54.633724,-24.706654],[-54.631147,-24.701971],[-54.631343,-24.700731],[-54.638315,-24.70168],[-54.639208,-24.704155],[-54.643842,-24.702785],[-54.650917,-24.711958],[-54.655711,-24.714178],[-54.656701,-24.711001],[-54.655038,-24.707971],[-54.656382,-24.704587],[-54.655041,-24.701141],[-54.657861,-24.699844],[-54.661891,-24.699102],[-54.663511,-24.699516],[-54.669657,-24.697689],[-54.671069,-24.695481],[-54.676297,-24.692597],[-54.679058,-24.694057],[-54.681481,-24.693381],[-54.685177,-24.695708],[-54.6878,-24.698078],[-54.691514,-24.700031],[-54.696171,-24.70031],[-54.698044,-24.702713],[-54.699457,-24.711878],[-54.704083,-24.716115],[-54.707957,-24.718539],[-54.70793,-24.720018],[-54.710194,-24.722992],[-54.714724,-24.724334],[-54.717485,-24.72923],[-54.720995,-24.730762],[-54.723884,-24.733768],[-54.728498,-24.748041],[-54.72725,-24.753941],[-54.730772,-24.756495],[-54.733114,-24.75547],[-54.735167,-24.756713],[-54.738658,-24.756387],[-54.743544,-24.756991],[-54.74676,-24.758101],[-54.748602,-24.75953],[-54.751741,-24.760335],[-54.756598,-24.763881],[-54.756335,-24.766166],[-54.74611,-24.767501],[-54.741914,-24.767768],[-54.735839,-24.770036],[-54.734549,-24.771217],[-54.729053,-24.779209],[-54.72288,-24.782277],[-54.712595,-24.781148],[-54.692621,-24.77996],[-54.688573,-24.780069],[-54.680528,-24.783587],[-54.675909,-24.784039],[-54.674335,-24.781636],[-54.668834,-24.780201],[-54.666773,-24.775872],[-54.665415,-24.775057],[-54.66826,-24.789638],[-54.674989,-24.821665],[-54.682098,-24.856067],[-54.68266,-24.859725],[-54.686028,-24.859003],[-54.688722,-24.856666],[-54.690068,-24.85216],[-54.693917,-24.847205],[-54.693274,-24.844081],[-54.694369,-24.841869],[-54.696551,-24.844845],[-54.695387,-24.848438],[-54.698548,-24.850414],[-54.689827,-24.861801],[-54.687494,-24.863629],[-54.683902,-24.864981],[-54.681317,-24.865009],[-54.6781,-24.867992],[-54.678891,-24.871592],[-54.681316,-24.872988],[-54.684627,-24.873356],[-54.68803,-24.870538],[-54.693832,-24.866877],[-54.701389,-24.861023],[-54.704356,-24.858342],[-54.705437,-24.855981],[-54.70785,-24.853747],[-54.717402,-24.849313],[-54.718753,-24.846792],[-54.721266,-24.845901],[-54.725131,-24.841361],[-54.726158,-24.843931],[-54.729404,-24.843046],[-54.731598,-24.845025],[-54.734,-24.845255],[-54.73702,-24.841465],[-54.738504,-24.845238],[-54.737166,-24.847208],[-54.732999,-24.84793],[-54.728337,-24.846826],[-54.722227,-24.848186],[-54.720336,-24.849385],[-54.71922,-24.852292],[-54.715081,-24.856639],[-54.710993,-24.859212],[-54.708727,-24.864191],[-54.704421,-24.868968],[-54.703907,-24.871262],[-54.705273,-24.874221],[-54.707356,-24.875656],[-54.709483,-24.874479],[-54.713227,-24.874731],[-54.716885,-24.872918],[-54.719233,-24.870901],[-54.720935,-24.865615],[-54.722979,-24.862852],[-54.731839,-24.85702],[-54.738072,-24.854926],[-54.742625,-24.855315],[-54.74586,-24.856822],[-54.749801,-24.856606],[-54.752362,-24.854866],[-54.753072,-24.853176],[-54.757755,-24.85437],[-54.760518,-24.852647],[-54.765334,-24.8521],[-54.768495,-24.854887],[-54.77177,-24.854792],[-54.773375,-24.853669],[-54.77402,-24.851476],[-54.776589,-24.852715],[-54.780719,-24.852592],[-54.782624,-24.853265],[-54.786857,-24.851965],[-54.790773,-24.852632],[-54.793167,-24.849996],[-54.794111,-24.851143],[-54.793743,-24.856422],[-54.795517,-24.859572],[-54.794998,-24.861207],[-54.791493,-24.863164],[-54.796742,-24.865277],[-54.798925,-24.864325],[-54.800052,-24.865791],[-54.802892,-24.866586],[-54.804161,-24.868884],[-54.803489,-24.870468],[-54.805442,-24.873164],[-54.807005,-24.871296],[-54.810818,-24.869817],[-54.815448,-24.872164],[-54.817436,-24.87385],[-54.824139,-24.875026],[-54.826363,-24.876011],[-54.829047,-24.878835],[-54.832797,-24.880356],[-54.834248,-24.883424],[-54.837844,-24.885706],[-54.837946,-24.890496],[-54.839041,-24.894768],[-54.840519,-24.896248],[-54.848972,-24.900924],[-54.85198,-24.903743],[-54.852389,-24.905541],[-54.854646,-24.906611],[-54.857868,-24.906351],[-54.8613,-24.907104],[-54.864504,-24.909411],[-54.865199,-24.913939],[-54.866541,-24.916184],[-54.866354,-24.921096],[-54.869156,-24.924427],[-54.872685,-24.927389],[-54.879985,-24.929379],[-54.882433,-24.931531],[-54.88863,-24.935677],[-54.891922,-24.938923],[-54.8967,-24.94039],[-54.899018,-24.943808],[-54.920393,-24.924108],[-54.927721,-24.917665],[-54.942922,-24.903676],[-54.948701,-24.898569],[-54.966925,-24.881658],[-54.971846,-24.880655],[-54.97833,-24.88392],[-54.979449,-24.882519],[-54.980383,-24.87817],[-54.983024,-24.874225],[-54.982935,-24.871524],[-54.986496,-24.867736],[-54.993445,-24.866493],[-54.998475,-24.864674],[-55.004772,-24.863264],[-55.006618,-24.863605],[-55.011569,-24.855085],[-55.016156,-24.854221],[-55.017098,-24.852442],[-55.020347,-24.85049],[-55.029041,-24.848298],[-55.038069,-24.89342],[-55.042286,-24.915197],[-55.041708,-24.918692],[-55.042352,-24.921549],[-55.04411,-24.924185],[-55.047329,-24.940143],[-55.052243,-24.939996],[-55.053986,-24.941097],[-55.055298,-24.943746],[-55.055274,-24.947925],[-55.05677,-24.951339],[-55.056528,-24.954397],[-55.056945,-24.959498],[-55.059946,-24.966854],[-55.059683,-24.971117],[-55.058819,-24.973353],[-55.059104,-24.977821],[-55.060565,-24.979723],[-55.06353,-24.980935],[-55.06657,-24.983552],[-55.06797,-24.986955],[-55.068402,-24.990355],[-55.067522,-24.99312],[-55.064269,-24.996829],[-55.057798,-25.000437],[-55.057014,-25.007879],[-55.055251,-25.010239],[-55.047363,-25.014388],[-55.042116,-25.015258],[-55.035541,-25.015667],[-55.032414,-25.014055],[-55.024143,-25.012786],[-55.021901,-25.017247],[-55.018172,-25.01829],[-55.011964,-25.021642],[-55.004731,-25.022759],[-55.00162,-25.022794],[-55.000027,-25.023996],[-54.997393,-25.027856],[-54.989722,-25.034699],[-54.986991,-25.039293],[-54.982007,-25.044687],[-54.980283,-25.047277],[-54.975655,-25.051019],[-54.975512,-25.052958],[-54.977885,-25.054976],[-54.979715,-25.065545],[-54.978867,-25.069131],[-54.974819,-25.071751],[-54.96968,-25.066612],[-54.967538,-25.065041],[-54.961542,-25.064042],[-54.9594,-25.061329],[-54.95526,-25.059331],[-54.949596,-25.059183]]]}},
{"type":"Feature","id":"PRY:ADM2:PY-10.san-cristobal","properties":{"shapeName":"San Cristobal","shapeISO":"","shapeGroup":"PRY","shapeType":"ADM2","adm1ISO":"PY-10","parentISO":"PY-10","parentID":"PRY:ADM1:PY-10","src_shape_id":"47425931B28090793751901"},"geometry":{"type":"Polygon","coordinates":[[[-55.55064,-25.996946],[-55.544837,-25.995028],[-55.540652,-25.996882],[-55.53709,-25.994982],[-55.531681,-25.993176],[-55.529968,-25.994819],[-55.527867,-25.998445],[-55.525533,-25.997988],[-55.524705,-25.994301],[-55.521677,-25.992573],[-55.519109,-25.990158],[-55.518864,-25.988025],[-55.513331,-25.987783],[-55.510064,-25.986206],[-55.508382,-25.986613],[-55.501749,-25.986196],[-55.496895,-25.988214],[-55.49504,-25.988389],[-55.4914,-25.990378],[-55.486133,-25.992169],[-55.48341,-25.993986],[-55.48135,-25.992552],[-55.478628,-25.992144],[-55.475366,-25.994204],[-55.4718,-25.993395],[-55.468876,-25.996153],[-55.465085,-25.997115],[-55.463144,-25.994919],[-55.462081,-25.989342],[-55.458597,-25.989513],[-55.458943,-25.99552],[-55.456615,-25.998136],[-55.456481,-26.003023],[-55.455099,-26.004294],[-55.452276,-26.001303],[-55.450006,-26.000123],[-55.446679,-26.002164],[-55.443899,-26.002888],[-55.441177,-26.000967],[-55.437381,-25.999617],[-55.434787,-26.0033],[-55.430686,-26.002082],[-55.43251,-26.009129],[-55.428713,-26.009057],[-55.42522,-26.002975],[-55.425533,-25.999692],[-55.426725,-25.997507],[-55.424795,-25.996529],[-55.422365,-25.997938],[-55.421173,-25.999915],[-55.415517,-26.002503],[-55.411279,-25.998593],[-55.409658,-25.998503],[-55.408886,-26.002006],[-55.405598,-26.004041],[-55.403718,-26.009956],[-55.405413,-26.011036],[-55.404574,-26.013193],[-55.406487,-26.016234],[-55.406158,-26.018208],[-55.403575,-26.019908],[-55.40368,-26.022143],[-55.401057,-26.026601],[-55.398876,-26.026897],[-55.395909,-26.030101],[-55.393949,-26.033126],[-55.394337,-26.03531],[-55.391728,-26.035087],[-55.388544,-26.031725],[-55.385185,-26.030708],[-55.387331,-26.028015],[-55.38406,-26.026489],[-55.382373,-26.022665],[-55.380189,-26.022442],[-55.376636,-26.017328],[-55.378447,-26.016473],[-55.378174,-26.012981],[-55.382516,-26.014591],[-55.381934,-26.011596],[-55.380116,-26.010876],[-55.377768,-26.011464],[-55.375145,-26.009146],[-55.379579,-26.007733],[-55.382071,-26.00926],[-55.383472,-26.006761],[-55.380831,-26.002859],[-55.381817,-26.000401],[-55.378425,-26.000864],[-55.377212,-26.003355],[-55.375785,-26.003931],[-55.374726,-26.000109],[-55.372486,-26.000585],[-55.367191,-26.004931],[-55.364827,-26.00582],[-55.364078,-25.998757],[-55.361595,-25.995732],[-55.358079,-25.995308],[-55.357259,-25.993078],[-55.359172,-25.991001],[-55.362506,-25.985175],[-55.363857,-25.985177],[-55.365631,-25.981274],[-55.365049,-25.975237],[-55.365994,-25.972445],[-55.368673,-25.974001],[-55.373204,-25.972612],[-55.374447,-25.970351],[-55.377293,-25.971019],[-55.37843,-25.969249],[-55.382329,-25.969528],[-55.38515,-25.96816],[-55.386583,-25.965377],[-55.389527,-25.966299],[-55.390976,-25.963047],[-55.390064,-25.958776],[-55.392241,-25.952747],[-55.395655,-25.949585],[-55.399702,-25.947788],[-55.404024,-25.948088],[-55.409833,-25.942898],[-55.40769,-25.939227],[-55.405972,-25.93441],[-55.405433,-25.927033],[-55.405402,-25.921815],[-55.399447,-25.910189],[-55.395367,-25.907201],[-55.391854,-25.905699],[-55.39014,-25.903979],[-55.383459,-25.904324],[-55.380849,-25.905401],[-55.376598,-25.909461],[-55.370483,-25.910029],[-55.366781,-25.908845],[-55.363182,-25.909351],[-55.360603,-25.913303],[-55.357327,-25.914787],[-55.354529,-25.915089],[-55.351562,-25.916911],[-55.348284,-25.916679],[-55.344436,-25.917457],[-55.341922,-25.919644],[-55.339301,-25.91826],[-55.334352,-25.917869],[-55.332989,-25.915989],[-55.330957,-25.915447],[-55.32237,-25.918164],[-55.317291,-25.91853],[-55.315001,-25.917713],[-55.311943,-25.918246],[-55.309998,-25.919438],[-55.308491,-25.915764],[-55.303581,-25.912479],[-55.301286,-25.911839],[-55.295602,-25.912521],[-55.293303,-25.91202],[-55.288594,-25.912741],[-55.286943,-25.911033],[-55.286194,-25.907341],[-55.281626,-25.905459],[-55.281382,-25.903484],[-55.278523,-25.902326],[-55.276938,-25.899631],[-55.274045,-25.897764],[-55.269914,-25.896532],[-55.270491,-25.894778],[-55.273285,-25.894559],[-55.274496,-25.890967],[-55.276876,-25.890147],[-55.278452,-25.887443],[-55.283318,-25.887637],[-55.28742,-25.885816],[-55.28993,-25.883567],[-55.290541,-25.874623],[-55.291896,-25.873262],[-55.29546,-25.874442],[-55.299204,-25.872725],[-55.305361,-25.871335],[-55.308265,-25.869482],[-55.31382,-25.868581],[-55.321632,-25.866842],[-55.3207,-25.862873],[-55.319916,-25.856807],[-55.320012,-25.84644],[-55.316509,-25.840992],[-55.315966,-25.839054],[-55.31328,-25.837867],[-55.310059,-25.83179],[-55.303395,-25.829176],[-55.303139,-25.827746],[-55.298241,-25.82229],[-55.295849,-25.818719],[-55.294734,-25.811353],[-55.295504,-25.805165],[-55.294466,-25.802909],[-55.293091,-25.797007],[-55.28913,-25.786682],[-55.288421,-25.783623],[-55.286637,-25.780893],[-55.28787,-25.777487],[-55.287321,-25.775972],[-55.287827,-25.771975],[-55.285981,-25.767326],[-55.28339,-25.763373],[-55.280213,-25.755888],[-55.280679,-25.752923],[-55.279748,-25.750701],[-55.276007,-25.748801],[-55.276981,-25.744701],[-55.276655,-25.739208],[-55.276101,-25.737752],[-55.27833,-25.736691],[-55.276864,-25.73318],[-55.276624,-25.728406],[-55.274286,-25.725151],[-55.273398,-25.721692],[-55.27168,-25.719929],[-55.273093,-25.716746],[-55.272486,-25.713692],[-55.269051,-25.710961],[-55.268844,-25.708083],[-55.269428,-25.702118],[-55.269271,-25.696659],[-55.267949,-25.694287],[-55.265845,-25.693431],[-55.26209,-25.688074],[-55.257217,-25.68361],[-55.254847,-25.680531],[-55.254156,-25.678139],[-55.249116,-25.673809],[-55.244114,-25.672137],[-55.242604,-25.66798],[-55.242004,-25.663269],[-55.242976,-25.658388],[-55.241493,-25.655414],[-55.23979,-25.653908],[-55.238826,-25.651193],[-55.238474,-25.645496],[-55.236699,-25.641042],[-55.23622,-25.637051],[-55.237377,-25.636356],[-55.234618,-25.631118],[-55.231887,-25.629862],[-55.231591,-25.622939],[-55.23027,-25.622363],[-55.2312,-25.618362],[-55.232906,-25.615584],[-55.231651,-25.614242],[-55.228373,-25.61297],[-55.229124,-25.609575],[-55.226893,-25.6048],[-55.228273,-25.601232],[-55.226693,-25.596013],[-55.222392,-25.593758],[-55.218311,-25.592765],[-55.218885,-25.590714],[-55.217892,-25.583196],[-55.217052,-25.582138],[-55.21748,-25.577124],[-55.215567,-25.576184],[-55.215307,-25.569252],[-55.21625,-25.562845],[-55.21753,-25.558234],[-55.217201,-25.553613],[-55.215774,-25.549244],[-55.215997,-25.544033],[-55.214776,-25.542186],[-55.214552,-25.537958],[-55.213462,-25.536238],[-55.214393,-25.533167],[-55.217517,-25.526523],[-55.219441,-25.524157],[-55.218658,-25.522687],[-55.22306,-25.521328],[-55.22431,-25.524775],[-55.22898,-25.521461],[-55.231874,-25.521372],[-55.235211,-25.52253],[-55.234004,-25.524349],[-55.239583,-25.52791],[-55.237238,-25.530602],[-55.240354,-25.530756],[-55.240734,-25.534412],[-55.244505,-25.534667],[-55.245154,-25.536361],[-55.247531,-25.538442],[-55.245713,-25.543592],[-55.247385,-25.544485],[-55.247473,-25.547719],[-55.25252,-25.547657],[-55.252285,-25.551245],[-55.249829,-25.553888],[-55.252254,-25.556023],[-55.253346,-25.558124],[-55.257401,-25.559619],[-55.259207,-25.557288],[-55.261999,-25.557775],[-55.263771,-25.559544],[-55.267685,-25.561512],[-55.268348,-25.562754],[-55.266067,-25.565115],[-55.269339,-25.565247],[-55.268287,-25.568776],[-55.27252,-25.567335],[-55.276614,-25.567534],[-55.279027,-25.565816],[-55.281046,-25.566492],[-55.285435,-25.565821],[-55.289039,-25.567913],[-55.293042,-25.565491],[-55.303745,-25.565068],[-55.304439,-25.565926],[-55.302285,-25.568429],[-55.304866,-25.570311],[-55.310009,-25.568914],[-55.311495,-25.571925],[-55.314133,-25.571571],[-55.315919,-25.574247],[-55.313784,-25.576284],[-55.315876,-25.577322],[-55.316953,-25.575657],[-55.319062,-25.577265],[-55.323196,-25.579223],[-55.3217,-25.582456],[-55.324047,-25.583624],[-55.327309,-25.582695],[-55.32982,-25.577575],[-55.334045,-25.574839],[-55.33469,-25.5765],[-55.337974,-25.576782],[-55.342114,-25.580196],[-55.339729,-25.582685],[-55.33974,-25.584688],[-55.343551,-25.584068],[-55.341847,-25.586541],[-55.34256,-25.589741],[-55.345241,-25.588187],[-55.347002,-25.588659],[-55.348907,-25.591002],[-55.349554,-25.593945],[-55.351376,-25.596469],[-55.357801,-25.601409],[-55.360758,-25.603068],[-55.360822,-25.606145],[-55.365651,-25.6091],[-55.368539,-25.608782],[-55.37295,-25.611509],[-55.372264,-25.614148],[-55.373849,-25.616508],[-55.373239,-25.619977],[-55.377132,-25.619462],[-55.378777,-25.622668],[-55.382252,-25.621782],[-55.383431,-25.625669],[-55.385665,-25.626905],[-55.388386,-25.625947],[-55.390133,-25.629409],[-55.393066,-25.629681],[-55.395873,-25.628803],[-55.398241,-25.626581],[-55.400011,-25.622747],[-55.403548,-25.622432],[-55.408926,-25.624084],[-55.408682,-25.62879],[-55.411418,-25.629402],[-55.413914,-25.631605],[-55.416968,-25.631119],[-55.416364,-25.634091],[-55.419411,-25.637492],[-55.41769,-25.640209],[-55.419937,-25.643745],[-55.420885,-25.647475],[-55.423245,-25.64927],[-55.424408,-25.652239],[-55.426222,-25.65397],[-55.427219,-25.656946],[-55.427199,-25.659704],[-55.431803,-25.659275],[-55.437719,-25.660548],[-55.440138,-25.658159],[-55.444625,-25.656966],[-55.44677,-25.655097],[-55.452592,-25.654134],[-55.45623,-25.660167],[-55.455336,-25.664072],[-55.459161,-25.666017],[-55.460267,-25.668146],[-55.458946,-25.671675],[-55.461284,-25.673375],[-55.461202,-25.675324],[-55.46278,-25.677548],[-55.465916,-25.676845],[-55.468888,-25.677197],[-55.471862,-25.67875],[-55.473542,-25.680668],[-55.477074,-25.680407],[-55.477607,-25.68364],[-55.473002,-25.686982],[-55.473833,-25.689202],[-55.477161,-25.691007],[-55.475091,-25.693924],[-55.472461,-25.69451],[-55.470945,-25.696544],[-55.472122,-25.69889],[-55.470515,-25.699622],[-55.467634,-25.704729],[-55.466178,-25.709268],[-55.46723,-25.71085],[-55.466714,-25.713043],[-55.469451,-25.718277],[-55.468508,-25.721079],[-55.472727,-25.722473],[-55.474417,-25.725226],[-55.477159,-25.7267],[-55.480242,-25.733485],[-55.477472,-25.733072],[-55.475393,-25.734211],[-55.476246,-25.737452],[-55.479794,-25.740879],[-55.485601,-25.748203],[-55.4837,-25.751338],[-55.483193,-25.755265],[-55.488773,-25.759877],[-55.489812,-25.763757],[-55.491875,-25.763543],[-55.492205,-25.766097],[-55.494695,-25.771377],[-55.497341,-25.775743],[-55.500796,-25.777783],[-55.502293,-25.781694],[-55.505838,-25.782371],[-55.506852,-25.780287],[-55.509178,-25.783191],[-55.511637,-25.782733],[-55.513939,-25.785556],[-55.514462,-25.789222],[-55.516792,-25.791403],[-55.515994,-25.796492],[-55.519247,-25.803621],[-55.520868,-25.803786],[-55.52215,-25.808747],[-55.523169,-25.810121],[-55.521426,-25.812978],[-55.523132,-25.815569],[-55.523705,-25.818369],[-55.522498,-25.823254],[-55.522325,-25.826616],[-55.524267,-25.829407],[-55.524213,-25.832796],[-55.525176,-25.83714],[-55.527996,-25.841624],[-55.528576,-25.844889],[-55.528283,-25.850023],[-55.5271,-25.852616],[-55.524214,-25.853543],[-55.519841,-25.857589],[-55.518323,-25.860638],[-55.516838,-25.858492],[-55.512793,-25.86282],[-55.513636,-25.866504],[-55.512066,-25.870352],[-55.513687,-25.873839],[-55.516855,-25.873578],[-55.519812,-25.876191],[-55.522394,-25.876601],[-55.523555,-25.878811],[-55.525611,-25.880349],[-55.525411,-25.884761],[-55.5268,-25.888937],[-55.525775,-25.891247],[-55.522986,-25.893002],[-55.51953,-25.891757],[-55.51818,-25.893219],[-55.519771,-25.89482],[-55.519626,-25.896737],[-55.516288,-25.898784],[-55.515895,-25.90193],[-55.518771,-25.908781],[-55.520592,-25.915539],[-55.523663,-25.919123],[-55.523711,-25.922716],[-55.524705,-25.924731],[-55.522337,-25.926963],[-55.522955,-25.93096],[-55.521918,-25.933875],[-55.522218,-25.936401],[-55.524181,-25.937866],[-55.528221,-25.942823],[-55.529138,-25.948172],[-55.53198,-25.951248],[-55.53484,-25.957669],[-55.535588,-25.962587],[-55.534942,-25.970778],[-55.538888,-25.97173],[-55.55064,-25.996946]]]}},
{"type":"Feature","id":"PRY:ADM2:PY-10.santa-fe-del-parana","properties":{"shapeName":"Santa Fe Del Parana","shapeISO":"","shapeGroup":"PRY","shapeType":"ADM2","adm1ISO":"PY-10","parentISO":"PY-10","parentID":"PRY:ADM1:PY-10","src_shape_id":"47425931B31301761157368"},"geometry":{"type":"Polygon","coordinates":[[[-54.531351,-25.342776],[-54.511641,-25.328358],[-54.501776,-25.30848],[-54.487286,-25.291636],[-54.481741,-25.256266],[-54.469491,-25.214302],[-54.454994,-25.198489],[-54.433116,-25.181514],[-54.417017,-25.161004],[-54.41753,-25.136632],[-54.427024,-25.118643],[-54.45497,-25.089816],[-54.456479,-25.084967],[-54.474904,-25.069564],[-54.481471,-25.067137],[-54.482042,-25.073705],[-54.485326,-25.085983],[-54.486325,-25.094263],[-54.491322,-25.096405],[-54.504028,-25.091551],[-54.512023,-25.089695],[-54.521589,-25.085983],[-54.529155,-25.075989],[-54.534152,-25.073705],[-54.544574,-25.078987],[-54.55157,-25.077131],[-54.56599,-25.074133],[-54.574698,-25.074847],[-54.587262,-25.079701],[-54.592973,-25.080129],[-54.604822,-25.078702],[-54.607678,-25.080843],[-54.61139,-25.086268],[-54.617529,-25.090694],[-54.622954,-25.088981],[-54.633661,-25.0807],[-54.641085,-25.075989],[-54.648795,-25.076274],[-54.653221,-25.077988],[-54.657218,-25.081557],[-54.662358,-25.088267],[-54.669211,-25.091979],[-54.671784,-25.09777],[-54.675128,-25.096297],[-54.680232,-25.093192],[-54.683944,-25.090432],[-54.688691,-25.088564],[-54.693723,-25.087815],[-54.706163,-25.091781],[-54.71629,-25.104663],[-54.718417,-25.108871],[-54.723943,-25.112779],[-54.730248,-25.114288],[-54.738842,-25.115634],[-54.742277,-25.118419],[-54.759807,-25.123399],[-54.761076,-25.121279],[-54.776192,-25.13028],[-54.80966,-25.160919],[-54.824646,-25.174802],[-54.844899,-25.193265],[-54.866528,-25.212453],[-54.866709,-25.213142],[-54.863862,-25.226903],[-54.866095,-25.231381],[-54.870428,-25.241481],[-54.869352,-25.243894],[-54.870851,-25.245798],[-54.872488,-25.250574],[-54.874878,-25.253366],[-54.860511,-25.261838],[-54.83127,-25.278769],[-54.826079,-25.280304],[-54.784427,-25.279526],[-54.771807,-25.27921],[-54.754919,-25.279003],[-54.73627,-25.278578],[-54.73161,-25.279463],[-54.72347,-25.282497],[-54.701419,-25.246062],[-54.700195,-25.246876],[-54.696499,-25.252599],[-54.69228,-25.256839],[-54.691652,-25.258837],[-54.68798,-25.260729],[-54.68631,-25.259665],[-54.682202,-25.262035],[-54.676921,-25.26132],[-54.652225,-25.250828],[-54.649159,-25.256616],[-54.645054,-25.257861],[-54.636569,-25.257677],[-54.631565,-25.267062],[-54.630896,-25.275524],[-54.629605,-25.280366],[-54.626607,-25.282995],[-54.615101,-25.286246],[-54.601197,-25.288299],[-54.578968,-25.291757],[-54.570759,-25.289682],[-54.560545,-25.288875],[-54.554826,-25.289567],[-54.54302,-25.304739],[-54.54166,-25.321365],[-54.541729,-25.328812],[-54.537325,-25.336445],[-54.531351,-25.342776]]]}},
{"type":"Feature","id":"PRY:ADM2:PY-10.santa-rita","properties":{"shapeName":"Santa Rita","shapeISO":"","shapeGroup":"PRY","shapeType":"ADM2","adm1ISO":"PY-10","parentISO":"PY-10","parentID":"PRY:ADM1:PY-10","src_shape_id":"47425931B63725749770711"},"geometry":{"type":"Polygon","coordinates":[[[-55.062836,-25.904853],[-55.054604,-25.897679],[-55.047231,-25.884405],[-55.043333,-25.883505],[-55.040463,-25.880397],[-55.039174,-25.877536],[-55.039387,-25.874371],[-55.038616,-25.872253],[-55.034763,-25.866938],[-55.031103,-25.863512],[-55.028702,-25.863128],[-55.029213,-25.860291],[-55.028079,-25.858579],[-55.027481,-25.850081],[-55.025098,-25.846145],[-55.023208,-25.844305],[-55.024649,-25.841851],[-55.026524,-25.836537],[-55.025654,-25.8348],[-55.010784,-25.818891],[-55.007685,-25.797795],[-55.005771,-25.782003],[-55.005226,-25.775555],[-55.003294,-25.769287],[-55.009221,-25.76847],[-55.011934,-25.762669],[-55.010527,-25.759423],[-55.003544,-25.748375],[-54.998767,-25.747085],[-54.993126,-25.744541],[-54.989811,-25.740526],[-54.979597,-25.735322],[-54.97759,-25.729899],[-54.980095,-25.728644],[-54.982902,-25.730335],[-54.996087,-25.729759],[-54.997905,-25.718929],[-54.998024,-25.716575],[-54.998165,-25.715101],[-55.005705,-25.709003],[-55.00967,-25.708001],[-55.015934,-25.705197],[-55.020121,-25.705687],[-55.022317,-25.703415],[-55.013075,-25.690473],[-55.014538,-25.68569],[-55.033253,-25.683161],[-55.036226,-25.684941],[-55.04455,-25.684573],[-55.044516,-25.682886],[-55.05959,-25.68306],[-55.061353,-25.682131],[-55.06599,-25.682234],[-55.067949,-25.679822],[-55.073816,-25.674114],[-55.076002,-25.673855],[-55.101066,-25.666067],[-55.103167,-25.666279],[-55.112926,-25.659315],[-55.117983,-25.660451],[-55.131391,-25.656348],[-55.132079,-25.653364],[-55.140533,-25.654018],[-55.146502,-25.65687],[-55.149143,-25.66185],[-55.15341,-25.665168],[-55.157002,-25.666666],[-55.161185,-25.667622],[-55.161837,-25.668784],[-55.207857,-25.67052],[-55.244114,-25.672137],[-55.249116,-25.673809],[-55.254156,-25.678139],[-55.254847,-25.680531],[-55.257217,-25.68361],[-55.26209,-25.688074],[-55.265845,-25.693431],[-55.267949,-25.694287],[-55.269271,-25.696659],[-55.269428,-25.702118],[-55.268844,-25.708083],[-55.269051,-25.710961],[-55.272486,-25.713692],[-55.273093,-25.716746],[-55.27168,-25.719929],[-55.273398,-25.721692],[-55.274286,-25.725151],[-55.276624,-25.728406],[-55.276864,-25.73318],[-55.27833,-25.736691],[-55.276101,-25.737752],[-55.276655,-25.739208],[-55.276981,-25.744701],[-55.276007,-25.748801],[-55.279748,-25.750701],[-55.280679,-25.752923],[-55.280213,-25.755888],[-55.28339,-25.763373],[-55.285981,-25.767326],[-55.287827,-25.771975],[-55.287321,-25.775972],[-55.28787,-25.777487],[-55.286637,-25.780893],[-55.285762,-25.783113],[-55.286039,-25.785648],[-55.280179,-25.788545],[-55.276663,-25.791586],[-55.274491,-25.794959],[-55.273856,-25.798084],[-55.276578,-25.802021],[-55.277855,-25.806613],[-55.277752,-25.815039],[-55.276639,-25.816592],[-55.272835,-25.81893],[-55.270472,-25.821421],[-55.270598,-25.823846],[-55.269047,-25.826446],[-55.258488,-25.833365],[-55.254615,-25.828692],[-55.252087,-25.829885],[-55.24644,-25.82937],[-55.24159,-25.832544],[-55.240258,-25.83547],[-55.236115,-25.837406],[-55.231672,-25.837925],[-55.225112,-25.841289],[-55.220821,-25.840302],[-55.215781,-25.842443],[-55.211858,-25.846263],[-55.211746,-25.848216],[-55.209933,-25.850243],[-55.207723,-25.855352],[-55.20123,-25.856197],[-55.19882,-25.857192],[-55.194985,-25.862109],[-55.194856,-25.865087],[-55.193474,-25.868536],[-55.191534,-25.870805],[-55.189576,-25.87171],[-55.185607,-25.871719],[-55.183474,-25.873033],[-55.17897,-25.870864],[-55.177689,-25.867612],[-55.171255,-25.869946],[-55.168016,-25.871782],[-55.166757,-25.876962],[-55.166924,-25.883644],[-55.163022,-25.885603],[-55.16276,-25.888317],[-55.158902,-25.890963],[-55.158098,-25.892925],[-55.155408,-25.893631],[-55.152575,-25.895558],[-55.150485,-25.895888],[-55.14916,-25.89444],[-55.144815,-25.895928],[-55.141862,-25.898378],[-55.138254,-25.899266],[-55.136883,-25.90308],[-55.131175,-25.902483],[-55.130147,-25.900263],[-55.127445,-25.901631],[-55.126678,-25.905629],[-55.125235,-25.907673],[-55.122529,-25.90869],[-55.121924,-25.907098],[-55.118258,-25.906586],[-55.116316,-25.907404],[-55.112993,-25.907447],[-55.11147,-25.906208],[-55.111725,-25.903346],[-55.109489,-25.903655],[-55.107354,-25.902544],[-55.10639,-25.905307],[-55.10676,-25.907239],[-55.104119,-25.907471],[-55.099509,-25.906788],[-55.097724,-25.907789],[-55.094994,-25.905934],[-55.087354,-25.902313],[-55.084831,-25.903052],[-55.086137,-25.905091],[-55.086534,-25.908237],[-55.085273,-25.910604],[-55.083268,-25.91069],[-55.078142,-25.912288],[-55.07546,-25.917429],[-55.072688,-25.916489],[-55.071187,-25.912705],[-55.067588,-25.908613],[-55.066649,-25.905965],[-55.062836,-25.904853]]]}},
{"type":"Feature","id":"PRY:ADM2:PY-10.santa-rosa-del-monday","properties":{"shapeName":"Santa Rosa Del Monday","shapeISO":"","shapeGroup":"PRY","shapeType":"ADM2","adm1ISO":"PY-10","parentISO":"PY-10","parentID":"PRY:ADM1:PY-10","src_shape_id":"47425931B7939945193032"},"geometry":{"type":"Polygon","coordinates":[[[-54.799343,-25.768136],[-54.801262,-25.765309],[-54.804172,-25.763566],[-54.804141,-25.762094],[-54.808168,-25.762091],[-54.809874,-25.763295],[-54.812726,-25.762647],[-54.813161,-25.761314],[-54.815948,-25.759699],[-54.819986,-25.758947],[-54.822244,-25.756955],[-54.826112,-25.759071],[-54.828654,-25.758436],[-54.832856,-25.758463],[-54.835591,-25.756824],[-54.840274,-25.751925],[-54.844998,-25.74593],[-54.846734,-25.744985],[-54.85271,-25.739874],[-54.85318,-25.738582],[-54.85168,-25.730639],[-54.853387,-25.713997],[-54.854416,-25.711697],[-54.854415,-25.708163],[-54.855587,-25.701555],[-54.857184,-25.696203],[-54.857139,-25.694569],[-54.859335,-25.693202],[-54.861459,-25.693378],[-54.866084,-25.690846],[-54.864913,-25.672926],[-54.85978,-25.646159],[-54.859066,-25.644128],[-54.858529,-25.640637],[-54.861113,-25.638481],[-54.864389,-25.638076],[-54.86602,-25.63896],[-54.865554,-25.642708],[-54.868885,-25.643435],[-54.875134,-25.64002],[-54.879692,-25.639091],[-54.882273,-25.639875],[-54.882724,-25.641193],[-54.881581,-25.645158],[-54.880706,-25.650868],[-54.879162,-25.652089],[-54.88043,-25.653781],[-54.88451,-25.652287],[-54.88609,-25.654201],[-54.888277,-25.655099],[-54.891008,-25.654584],[-54.892884,-25.652197],[-54.89461,-25.653124],[-54.896851,-25.650719],[-54.899189,-25.65166],[-54.901602,-25.650187],[-54.901913,-25.654804],[-54.905478,-25.655912],[-54.906572,-25.658423],[-54.908234,-25.659462],[-54.907206,-25.664931],[-54.909077,-25.666587],[-54.91062,-25.688384],[-54.917059,-25.720778],[-54.946068,-25.716018],[-54.960056,-25.713846],[-54.978631,-25.710769],[-54.978651,-25.710386],[-54.988519,-25.709011],[-54.990043,-25.717052],[-54.998024,-25.716575],[-54.997905,-25.718929],[-54.996087,-25.729759],[-54.982902,-25.730335],[-54.980095,-25.728644],[-54.97759,-25.729899],[-54.979597,-25.735322],[-54.989811,-25.740526],[-54.993126,-25.744541],[-54.998767,-25.747085],[-55.003544,-25.748375],[-55.010527,-25.759423],[-55.011934,-25.762669],[-55.009221,-25.76847],[-55.003294,-25.769287],[-55.005226,-25.775555],[-55.005771,-25.782003],[-55.007685,-25.797795],[-55.010784,-25.818891],[-55.025654,-25.8348],[-55.026524,-25.836537],[-55.024649,-25.841851],[-55.023208,-25.844305],[-55.025098,-25.846145],[-55.027481,-25.850081],[-55.028079,-25.858579],[-55.029213,-25.860291],[-55.028702,-25.863128],[-55.031103,-25.863512],[-55.034763,-25.866938],[-55.038616,-25.872253],[-55.039387,-25.874371],[-55.039174,-25.877536],[-55.040463,-25.880397],[-55.043333,-25.883505],[-55.047231,-25.884405],[-55.054604,-25.897679],[-55.062836,-25.904853],[-55.061049,-25.90714],[-55.058209,-25.907166],[-55.059441,-25.910369],[-55.058588,-25.911251],[-55.054755,-25.91147],[-55.052123,-25.91255],[-55.053754,-25.916133],[-55.052254,-25.919024],[-55.048594,-25.922174],[-55.043009,-25.921174],[-55.040586,-25.921958],[-55.041191,-25.924746],[-55.043139,-25.927688],[-55.040291,-25.929455],[-55.041824,-25.931475],[-55.03944,-25.932838],[-55.03779,-25.928911],[-55.035485,-25.931489],[-55.033882,-25.931742],[-55.032145,-25.935063],[-55.028266,-25.935024],[-55.025162,-25.934174],[-55.02109,-25.938902],[-55.022641,-25.940029],[-55.022396,-25.942228],[-55.019406,-25.947341],[-55.01774,-25.945617],[-55.014219,-25.946711],[-55.010951,-25.949049],[-55.012074,-25.951447],[-55.01105,-25.953216],[-55.012405,-25.956633],[-55.014114,-25.958724],[-55.016793,-25.957944],[-55.019075,-25.959284],[-55.022653,-25.959224],[-55.022607,-25.962943],[-55.024684,-25.963088],[-55.027282,-25.966455],[-55.02501,-25.967245],[-55.023648,-25.969447],[-55.026173,-25.972744],[-55.0226,-25.975164],[-55.019755,-25.975374],[-55.017731,-25.973757],[-55.011722,-25.976211],[-55.010517,-25.974263],[-55.011401,-25.970538],[-55.006298,-25.974701],[-55.008442,-25.977926],[-55.007942,-25.981471],[-55.002411,-25.985398],[-54.998893,-25.983693],[-54.995473,-25.984161],[-54.992423,-25.98577],[-54.988858,-25.98665],[-54.989977,-25.988092],[-54.99055,-25.992591],[-54.996586,-25.994037],[-54.997878,-25.995793],[-54.996483,-25.998518],[-54.999342,-26.002285],[-54.99763,-26.005141],[-54.994546,-26.003694],[-54.994399,-26.006796],[-54.992966,-26.00736],[-54.988713,-26.007129],[-54.987465,-26.007753],[-54.986317,-26.014574],[-54.984227,-26.016185],[-54.985823,-26.017944],[-54.984601,-26.02038],[-54.981666,-26.020726],[-54.97982,-26.01625],[-54.977834,-26.01371],[-54.975978,-26.013184],[-54.978589,-26.00915],[-54.978791,-26.006506],[-54.976835,-26.001715],[-54.980165,-25.997065],[-54.977398,-25.993888],[-54.97577,-25.994059],[-54.96944,-26.002402],[-54.965967,-26.002008],[-54.963687,-25.998777],[-54.963315,-25.997087],[-54.965335,-25.99474],[-54.963963,-25.992037],[-54.960631,-25.992666],[-54.957606,-25.992027],[-54.954983,-25.99361],[-54.953352,-26.00137],[-54.951514,-26.00527],[-54.948986,-26.003226],[-54.947628,-25.994072],[-54.945085,-25.990358],[-54.945063,-25.987186],[-54.94318,-25.985845],[-54.944056,-25.982482],[-54.943436,-25.980101],[-54.936559,-25.980394],[-54.932433,-25.984271],[-54.928432,-25.986033],[-54.924981,-25.988409],[-54.920007,-25.989192],[-54.919112,-25.988166],[-54.929918,-25.980935],[-54.93194,-25.978489],[-54.932515,-25.97643],[-54.93529,-25.97312],[-54.930644,-25.972139],[-54.927644,-25.974551],[-54.926466,-25.972848],[-54.924312,-25.972764],[-54.925533,-25.975883],[-54.925092,-25.979282],[-54.923434,-25.982313],[-54.921585,-25.982383],[-54.917878,-25.979227],[-54.915811,-25.979711],[-54.912495,-25.982916],[-54.910321,-25.987842],[-54.906812,-25.990348],[-54.906162,-25.99303],[-54.902885,-25.992707],[-54.900472,-25.990629],[-54.899197,-25.987636],[-54.901807,-25.983693],[-54.905399,-25.981486],[-54.909013,-25.980359],[-54.909235,-25.979003],[-54.904552,-25.973531],[-54.901846,-25.973982],[-54.899626,-25.979264],[-54.897217,-25.980596],[-54.896697,-25.982322],[-54.893878,-25.983589],[-54.89045,-25.983974],[-54.884527,-25.985598],[-54.883361,-25.985156],[-54.881783,-25.98076],[-54.876872,-25.977199],[-54.874702,-25.979044],[-54.87525,-25.985778],[-54.876814,-25.989956],[-54.876218,-25.996169],[-54.873826,-26.00012],[-54.873086,-26.003389],[-54.871836,-26.004345],[-54.867792,-26.005349],[-54.866354,-26.006441],[-54.865034,-26.010089],[-54.862196,-26.011916],[-54.860294,-26.011858],[-54.859746,-26.009305],[-54.861694,-26.0044],[-54.861815,-25.996679],[-54.859937,-25.995644],[-54.854335,-25.997275],[-54.850744,-25.993498],[-54.845491,-25.991299],[-54.847122,-25.986427],[-54.846225,-25.984129],[-54.845922,-25.979489],[-54.846885,-25.976546],[-54.840586,-25.978066],[-54.840508,-25.966674],[-54.839882,-25.932775],[-54.839487,-25.925331],[-54.837824,-25.871702],[-54.813148,-25.838412],[-54.802142,-25.782711],[-54.799343,-25.768136]]]}},
{"type":"Feature","id":"PRY:ADM2:PY-10.tavapy","properties":{"shapeName":"Tavapy","shapeISO":"","shapeGroup":"PRY","shapeType":"ADM2","adm1ISO":"PY-10","parentISO":"PY-10","parentID":"PRY:ADM1:PY-10","src_shape_id":"47425931B70730461414173"},"geometry":{"type":"Polygon","coordinates":[[[-55.217517,-25.526523],[-55.214393,-25.533167],[-55.213462,-25.536238],[-55.214552,-25.537958],[-55.214776,-25.542186],[-55.215997,-25.544033],[-55.215774,-25.549244],[-55.217201,-25.553613],[-55.21753,-25.558234],[-55.21625,-25.562845],[-55.215307,-25.569252],[-55.215567,-25.576184],[-55.21748,-25.577124],[-55.217052,-25.582138],[-55.217892,-25.583196],[-55.218885,-25.590714],[-55.218311,-25.592765],[-55.222392,-25.593758],[-55.226693,-25.596013],[-55.228273,-25.601232],[-55.226893,-25.6048],[-55.229124,-25.609575],[-55.228373,-25.61297],[-55.231651,-25.614242],[-55.232906,-25.615584],[-55.2312,-25.618362],[-55.23027,-25.622363],[-55.231591,-25.622939],[-55.231887,-25.629862],[-55.234618,-25.631118],[-55.237377,-25.636356],[-55.23622,-25.637051],[-55.236699,-25.641042],[-55.238474,-25.645496],[-55.238826,-25.651193],[-55.23979,-25.653908],[-55.241493,-25.655414],[-55.242976,-25.658388],[-55.242004,-25.663269],[-55.242604,-25.66798],[-55.244114,-25.672137],[-55.207857,-25.67052],[-55.161837,-25.668784],[-55.161185,-25.667622],[-55.157002,-25.666666],[-55.15341,-25.665168],[-55.149143,-25.66185],[-55.146502,-25.65687],[-55.140533,-25.654018],[-55.132079,-25.653364],[-55.131391,-25.656348],[-55.117983,-25.660451],[-55.112926,-25.659315],[-55.103167,-25.666279],[-55.101066,-25.666067],[-55.076002,-25.673855],[-55.073816,-25.674114],[-55.067949,-25.679822],[-55.06599,-25.682234],[-55.061353,-25.682131],[-55.05959,-25.68306],[-55.044516,-25.682886],[-55.04455,-25.684573],[-55.036226,-25.684941],[-55.033253,-25.683161],[-55.014538,-25.68569],[-55.013075,-25.690473],[-55.022317,-25.703415],[-55.020121,-25.705687],[-55.015934,-25.705197],[-55.00967,-25.708001],[-55.005705,-25.709003],[-54.998165,-25.715101],[-54.998024,-25.716575],[-54.990043,-25.717052],[-54.988519,-25.709011],[-54.978651,-25.710386],[-54.978631,-25.710769],[-54.960056,-25.713846],[-54.946068,-25.716018],[-54.917059,-25.720778],[-54.91062,-25.688384],[-54.909077,-25.666587],[-54.907206,-25.664931],[-54.908234,-25.659462],[-54.906572,-25.658423],[-54.905478,-25.655912],[-54.901913,-25.654804],[-54.901602,-25.650187],[-54.899189,-25.65166],[-54.896851,-25.650719],[-54.89461,-25.653124],[-54.892884,-25.652197],[-54.891008,-25.654584],[-54.888277,-25.655099],[-54.88609,-25.654201],[-54.88451,-25.652287],[-54.887081,-25.649498],[-54.888735,-25.644227],[-54.889763,-25.639296],[-54.889636,-25.63559],[-54.893457,-25.633628],[-54.897512,-25.629342],[-54.896609,-25.627157],[-54.886295,-25.622412],[-54.88535,-25.621448],[-54.884799,-25.617483],[-54.889681,-25.617244],[-54.888465,-25.61581],[-54.882436,-25.613182],[-54.882737,-25.611907],[-54.887059,-25.611814],[-54.893133,-25.614326],[-54.897015,-25.617408],[-54.899345,-25.619962],[-54.902264,-25.619403],[-54.908793,-25.613],[-54.907276,-25.612058],[-54.903398,-25.613271],[-54.903599,-25.604198],[-54.912811,-25.605784],[-54.917303,-25.610716],[-54.921386,-25.617058],[-54.923769,-25.61781],[-54.929865,-25.616616],[-54.933633,-25.617851],[-54.938617,-25.615208],[-54.940257,-25.613117],[-54.941187,-25.608747],[-54.944287,-25.608829],[-54.948739,-25.607418],[-54.947634,-25.603271],[-54.948536,-25.601771],[-54.951298,-25.602876],[-54.95421,-25.602723],[-54.955889,-25.600827],[-54.952362,-25.599458],[-54.951188,-25.594264],[-54.951074,-25.588424],[-54.947808,-25.583026],[-54.945396,-25.577774],[-54.945422,-25.57248],[-54.948551,-25.5733],[-54.950767,-25.572144],[-54.954016,-25.57136],[-54.955426,-25.5752],[-54.957376,-25.577515],[-54.962166,-25.578746],[-54.972659,-25.583139],[-54.975855,-25.581166],[-54.977058,-25.575772],[-54.979798,-25.575577],[-54.980056,-25.579343],[-54.973661,-25.588293],[-54.972126,-25.592],[-54.97365,-25.592734],[-54.984065,-25.58896],[-54.990029,-25.585139],[-54.994043,-25.581994],[-54.994334,-25.585736],[-54.997685,-25.590641],[-55.000454,-25.59001],[-55.001941,-25.588357],[-55.005522,-25.587126],[-55.008363,-25.588983],[-55.010582,-25.58862],[-55.011133,-25.583435],[-55.01502,-25.582178],[-55.018158,-25.585421],[-55.024459,-25.585594],[-55.02576,-25.584506],[-55.025075,-25.581296],[-55.028348,-25.580279],[-55.028765,-25.578306],[-55.025963,-25.578006],[-55.025637,-25.576373],[-55.028516,-25.575873],[-55.029029,-25.572956],[-55.031869,-25.571933],[-55.032846,-25.574913],[-55.034315,-25.5763],[-55.039382,-25.576412],[-55.039872,-25.574891],[-55.036587,-25.574702],[-55.03584,-25.572335],[-55.038179,-25.571508],[-55.041379,-25.572918],[-55.046809,-25.571391],[-55.048853,-25.574924],[-55.052115,-25.569585],[-55.057478,-25.567227],[-55.057757,-25.571769],[-55.059182,-25.572952],[-55.061029,-25.57078],[-55.063425,-25.570375],[-55.066473,-25.565368],[-55.069702,-25.566996],[-55.072479,-25.566873],[-55.07624,-25.563344],[-55.076639,-25.561443],[-55.0794,-25.561305],[-55.081703,-25.559745],[-55.084728,-25.559033],[-55.088169,-25.560503],[-55.09048,-25.558337],[-55.093379,-25.559611],[-55.093936,-25.556825],[-55.096098,-25.557043],[-55.099304,-25.556081],[-55.100524,-25.55806],[-55.102238,-25.558184],[-55.105411,-25.55632],[-55.108753,-25.558967],[-55.110651,-25.557595],[-55.112687,-25.557592],[-55.114169,-25.559211],[-55.116841,-25.55862],[-55.119533,-25.552603],[-55.12285,-25.552719],[-55.122723,-25.55679],[-55.12361,-25.558518],[-55.131268,-25.563155],[-55.135194,-25.562303],[-55.139038,-25.559544],[-55.141862,-25.556307],[-55.141271,-25.55515],[-55.137595,-25.556398],[-55.13635,-25.554971],[-55.139193,-25.553684],[-55.144117,-25.54944],[-55.143048,-25.547012],[-55.137271,-25.543127],[-55.13747,-25.538533],[-55.140492,-25.536025],[-55.143063,-25.537716],[-55.145003,-25.533537],[-55.142255,-25.531873],[-55.14193,-25.530079],[-55.144397,-25.52918],[-55.147866,-25.533006],[-55.149963,-25.533207],[-55.152746,-25.52946],[-55.152017,-25.526832],[-55.156675,-25.523123],[-55.154854,-25.519521],[-55.156383,-25.517053],[-55.160507,-25.516799],[-55.161518,-25.518805],[-55.164725,-25.519849],[-55.166462,-25.522649],[-55.169214,-25.523047],[-55.172082,-25.521003],[-55.175072,-25.520487],[-55.176855,-25.518138],[-55.180108,-25.519313],[-55.183588,-25.51924],[-55.183081,-25.523118],[-55.189499,-25.524929],[-55.189852,-25.520612],[-55.191107,-25.519246],[-55.194807,-25.519495],[-55.197074,-25.521196],[-55.199287,-25.52118],[-55.201133,-25.518889],[-55.204896,-25.521292],[-55.207023,-25.518467],[-55.208967,-25.518185],[-55.211065,-25.519418],[-55.210292,-25.521809],[-55.210774,-25.523881],[-55.215361,-25.523806],[-55.217517,-25.526523]]]}},
{"type":"Feature","id":"PRY:ADM2:PY-10.yguazu","properties":{"shapeName":"Yguazu","shapeISO":"","shapeGroup":"PRY","shapeType":"ADM2","adm1ISO":"PY-10","parentISO":"PY-10","parentID":"PRY:ADM1:PY-10","src_shape_id":"47425931B47336251724548"},"geometry":{"type":"Polygon","coordinates":[[[-55.081703,-25.559745],[-55.0794,-25.561305],[-55.076639,-25.561443],[-55.07624,-25.563344],[-55.072479,-25.566873],[-55.069702,-25.566996],[-55.066473,-25.565368],[-55.063425,-25.570375],[-55.061029,-25.57078],[-55.059182,-25.572952],[-55.057757,-25.571769],[-55.057478,-25.567227],[-55.052115,-25.569585],[-55.048853,-25.574924],[-55.046809,-25.571391],[-55.041379,-25.572918],[-55.038179,-25.571508],[-55.03584,-25.572335],[-55.036587,-25.574702],[-55.039872,-25.574891],[-55.039382,-25.576412],[-55.034315,-25.5763],[-55.032846,-25.574913],[-55.031869,-25.571933],[-55.029029,-25.572956],[-55.028516,-25.575873],[-55.025637,-25.576373],[-55.025963,-25.578006],[-55.028765,-25.578306],[-55.028348,-25.580279],[-55.025075,-25.581296],[-55.02576,-25.584506],[-55.024459,-25.585594],[-55.018158,-25.585421],[-55.01502,-25.582178],[-55.011133,-25.583435],[-55.010582,-25.58862],[-55.008363,-25.588983],[-55.005522,-25.587126],[-55.001941,-25.588357],[-55.000454,-25.59001],[-54.997685,-25.590641],[-54.994334,-25.585736],[-54.994043,-25.581994],[-54.990029,-25.585139],[-54.984065,-25.58896],[-54.97365,-25.592734],[-54.972126,-25.592],[-54.973661,-25.588293],[-54.980056,-25.579343],[-54.979798,-25.575577],[-54.977058,-25.575772],[-54.975855,-25.581166],[-54.972659,-25.583139],[-54.962166,-25.578746],[-54.957376,-25.577515],[-54.955426,-25.5752],[-54.954016,-25.57136],[-54.950767,-25.572144],[-54.949148,-25.563083],[-54.945182,-25.545374],[-54.94172,-25.527233],[-54.938666,-25.506983],[-54.929675,-25.462783],[-54.924105,-25.434884],[-54.922173,-25.424183],[-54.917596,-25.40144],[-54.91178,-25.368898],[-54.911889,-25.366834],[-54.909462,-25.363265],[-54.896184,-25.360124],[-54.894899,-25.356269],[-54.892187,-25.351986],[-54.893614,-25.35013],[-54.897189,-25.349417],[-54.907177,-25.349845],[-54.908748,-25.347989],[-54.908319,-25.345705],[-54.901038,-25.339851],[-54.900895,-25.336996],[-54.90218,-25.335283],[-54.908462,-25.334997],[-54.912034,-25.333285],[-54.913887,-25.33414],[-54.920312,-25.33928],[-54.919741,-25.342135],[-54.916885,-25.346847],[-54.916743,-25.348703],[-54.918313,-25.350987],[-54.925166,-25.355127],[-54.928024,-25.355555],[-54.935053,-25.354566],[-54.93497,-25.357117],[-54.929814,-25.360317],[-54.926056,-25.364796],[-54.923371,-25.365773],[-54.925562,-25.368684],[-54.932444,-25.368032],[-54.933439,-25.369738],[-54.931735,-25.373817],[-54.932956,-25.377512],[-54.934259,-25.377174],[-54.938056,-25.373102],[-54.939841,-25.36971],[-54.943998,-25.366907],[-54.947718,-25.368151],[-54.953624,-25.370914],[-54.954183,-25.369581],[-54.95198,-25.36793],[-54.95044,-25.365128],[-54.960139,-25.361187],[-54.961643,-25.361763],[-54.966253,-25.365763],[-54.964225,-25.370659],[-54.964348,-25.372927],[-54.967327,-25.377278],[-54.971021,-25.379821],[-54.979924,-25.383789],[-54.985501,-25.385508],[-54.991959,-25.386729],[-55.000168,-25.387518],[-55.008411,-25.386272],[-55.014694,-25.382962],[-55.021251,-25.378072],[-55.024816,-25.373367],[-55.031534,-25.358517],[-55.032885,-25.351973],[-55.037121,-25.336412],[-55.03875,-25.328061],[-55.040317,-25.323554],[-55.042375,-25.319506],[-55.045652,-25.317062],[-55.050671,-25.314637],[-55.058655,-25.31361],[-55.066607,-25.314622],[-55.073799,-25.316526],[-55.080471,-25.319781],[-55.088644,-25.322605],[-55.099059,-25.325457],[-55.110239,-25.327185],[-55.123678,-25.327808],[-55.134896,-25.327044],[-55.145009,-25.325307],[-55.159652,-25.320395],[-55.172723,-25.312297],[-55.191369,-25.29759],[-55.201258,-25.285487],[-55.208744,-25.275842],[-55.217965,-25.266677],[-55.219968,-25.265591],[-55.231566,-25.25974],[-55.248298,-25.252297],[-55.255249,-25.25058],[-55.280663,-25.249228],[-55.289862,-25.251734],[-55.294395,-25.257786],[-55.307153,-25.277279],[-55.31274,-25.29069],[-55.32846,-25.33526],[-55.31318,-25.341488],[-55.30686,-25.349476],[-55.301996,-25.348248],[-55.296601,-25.349466],[-55.240305,-25.40981],[-55.211269,-25.442396],[-55.211044,-25.442786],[-55.182893,-25.468267],[-55.173461,-25.475757],[-55.172388,-25.47772],[-55.160944,-25.488127],[-55.155365,-25.492958],[-55.144244,-25.503154],[-55.12769,-25.51783],[-55.121076,-25.524055],[-55.10766,-25.5362],[-55.081614,-25.559567],[-55.081703,-25.559745]]]}}
]}