{"type":"FeatureCollection","bbox":[27.994844,44.615993,29.715299,45.467179],"features":[
{"type":"Feature","id":"ROU:ADM2:RO-TL.ceatalchioi","properties":{"shapeName":"CEATALCHIOI","shapeISO":"","shapeGroup":"ROU","shapeType":"ADM2","adm1ISO":"RO-TL","parentISO":"RO-TL","parentID":"ROU:ADM1:RO-TL","src_shape_id":"2599482B17078963684272"},"geometry":{"type":"Polygon","coordinates":[[[28.888992,45.304576],[28.882507,45.309072],[28.879118,45.312686],[28.873515,45.316204],[28.86742,45.317358],[28.861699,45.31634],[28.855041,45.316286],[28.84513,45.318081],[28.837738,45.321466],[28.83333,45.32431],[28.824022,45.3331],[28.817334,45.336072],[28.811015,45.336317],[28.80259,45.335937],[28.793984,45.333653],[28.78391,45.329252],[28.780948,45.326993],[28.780439,45.32322],[28.782506,45.321155],[28.786544,45.319393],[28.796672,45.316299],[28.803139,45.312995],[28.805658,45.308998],[28.805155,45.30667],[28.801452,45.300868],[28.793457,45.293203],[28.790516,45.291909],[28.781269,45.290667],[28.766863,45.291332],[28.76279,45.291074],[28.756923,45.289352],[28.753886,45.28724],[28.751917,45.284566],[28.752478,45.279006],[28.756152,45.273588],[28.762174,45.265603],[28.764995,45.263263],[28.770719,45.259838],[28.773585,45.259499],[28.78134,45.257227],[28.787233,45.253598],[28.792183,45.2496],[28.792927,45.246592],[28.79248,45.243364],[28.790845,45.241295],[28.787706,45.23935],[28.78068,45.237465],[28.761537,45.23604],[28.747889,45.233791],[28.743595,45.233358],[28.737253,45.22994],[28.742218,45.225817],[28.746183,45.220584],[28.751392,45.216888],[28.757721,45.216082],[28.769096,45.216188],[28.776426,45.21574],[28.78052,45.214697],[28.780581,45.21855],[28.787842,45.221234],[28.792098,45.220881],[28.792133,45.216026],[28.801678,45.216091],[28.803798,45.219143],[28.803164,45.222791],[28.807025,45.225366],[28.806346,45.227846],[28.813371,45.231533],[28.813321,45.23285],[28.816653,45.233914],[28.821039,45.236634],[28.827878,45.235555],[28.829919,45.236748],[28.83069,45.239267],[28.836393,45.239724],[28.841245,45.238118],[28.841653,45.236306],[28.845028,45.235261],[28.845099,45.23851],[28.856222,45.240885],[28.857541,45.242245],[28.868314,45.244043],[28.875008,45.246821],[28.882075,45.248791],[28.883339,45.249772],[28.89217,45.253513],[28.888329,45.257246],[28.883689,45.255706],[28.880683,45.256804],[28.8786,45.253187],[28.879595,45.250959],[28.875054,45.250106],[28.877073,45.254107],[28.874788,45.257123],[28.874365,45.260094],[28.869757,45.262412],[28.868593,45.264141],[28.870129,45.267131],[28.870461,45.271955],[28.86584,45.275331],[28.86584,45.27817],[28.867526,45.279554],[28.863965,45.281623],[28.864069,45.285758],[28.860795,45.287761],[28.867895,45.292035],[28.870432,45.295516],[28.874657,45.296777],[28.876424,45.298286],[28.885047,45.301299],[28.888992,45.304576]]]}},
{"type":"Feature","id":"ROU:ADM2:RO-TL.grindu","properties":{"shapeName":"GRINDU","shapeISO":"","shapeGroup":"ROU","shapeType":"ADM2","adm1ISO":"RO-TL","parentISO":"RO-TL","parentID":"ROU:ADM1:RO-TL","src_shape_id":"2599482B48217588549451"},"geometry":{"type":"Polygon","coordinates":[[[28.210801,45.467179],[28.202978,45.46692],[28.198873,45.464604],[28.193818,45.458099],[28.191735,45.450629],[28.190964,45.443412],[28.190994,45.438433],[28.192033,45.430274],[28.191942,45.426995],[28.193487,45.421521],[28.192198,45.41533],[28.187189,45.412975],[28.182024,45.413352],[28.171898,45.417979],[28.156515,45.425738],[28.153591,45.422],[28.144184,45.413958],[28.176627,45.395517],[28.182985,45.390532],[28.184137,45.391612],[28.197891,45.384771],[28.186822,45.372258],[28.191547,45.369834],[28.184513,45.362424],[28.197549,45.356705],[28.212836,45.373871],[28.216072,45.37566],[28.226865,45.370313],[28.250269,45.358789],[28.266918,45.376392],[28.278177,45.370797],[28.282602,45.374946],[28.292648,45.370003],[28.289183,45.366677],[28.300717,45.360804],[28.303132,45.363264],[28.308745,45.36273],[28.313261,45.363326],[28.306476,45.372624],[28.304512,45.375897],[28.299635,45.38201],[28.293522,45.388344],[28.28546,45.399852],[28.284008,45.405523],[28.286784,45.425914],[28.286761,45.43316],[28.279542,45.444779],[28.274292,45.449247],[28.268001,45.453273],[28.25823,45.456954],[28.248502,45.459273],[28.223247,45.465904],[28.21393,45.466188],[28.210801,45.467179]]]}},
{"type":"Feature","id":"ROU:ADM2:RO-TL.maliuc","properties":{"shapeName":"MALIUC","shapeISO":"","shapeGroup":"ROU","shapeType":"ADM2","adm1ISO":"RO-TL","parentISO":"RO-TL","parentID":"ROU:ADM1:RO-TL","src_shape_id":"2599482B10791122672242"},"geometry":{"type":"Polygon","coordinates":[[[29.232829,45.219492],[29.229791,45.218247],[29.223836,45.218496],[29.216454,45.216955],[29.213156,45.215573],[29.208731,45.215775],[29.195428,45.21419],[29.191067,45.214855],[29.182363,45.214936],[29.169082,45.218115],[29.165407,45.216848],[29.16389,45.220145],[29.159122,45.221327],[29.157343,45.222482],[29.150297,45.225018],[29.144865,45.228431],[29.14403,45.233581],[29.139368,45.237518],[29.136677,45.238251],[29.125411,45.238809],[29.116449,45.238274],[29.112168,45.236234],[29.105898,45.235777],[29.097238,45.238766],[29.092289,45.238578],[29.089148,45.240064],[29.083942,45.239826],[29.080404,45.240885],[29.082022,45.243639],[29.074814,45.244904],[29.064567,45.24536],[29.062188,45.246445],[29.051294,45.248412],[29.047585,45.250168],[29.040694,45.249408],[29.036678,45.247782],[29.033561,45.248244],[29.030591,45.246153],[29.021544,45.245665],[29.017039,45.247524],[29.014029,45.245651],[29.012246,45.241757],[29.005503,45.240811],[29.003036,45.242146],[28.996662,45.241921],[28.995516,45.234038],[28.982424,45.234069],[28.973835,45.234491],[28.960749,45.233025],[28.955186,45.230963],[28.953494,45.228755],[28.946381,45.227032],[28.93886,45.227373],[28.926942,45.223665],[28.92092,45.220372],[28.917029,45.219703],[28.907046,45.220566],[28.896913,45.218427],[28.890797,45.214382],[28.890446,45.212412],[28.893282,45.210437],[28.897244,45.211781],[28.901805,45.206802],[28.901434,45.204267],[28.892728,45.203532],[28.890821,45.200703],[28.884914,45.196689],[28.883797,45.192988],[28.882457,45.191785],[28.896651,45.18156],[28.900277,45.176437],[28.901064,45.17158],[28.907268,45.174288],[28.908898,45.17365],[28.914878,45.175559],[28.915491,45.177125],[28.919465,45.179033],[28.921671,45.176793],[28.921731,45.173003],[28.923349,45.171993],[28.930092,45.172203],[28.931761,45.168477],[28.936016,45.165128],[28.943892,45.169196],[28.947676,45.166428],[28.950707,45.165836],[28.961354,45.167884],[28.964183,45.166794],[28.976183,45.167558],[28.990469,45.164899],[29.001882,45.162455],[29.001194,45.159562],[28.999075,45.15659],[29.001662,45.155862],[29.009906,45.155162],[29.008165,45.145803],[29.008049,45.141298],[29.016326,45.141898],[29.035394,45.143749],[29.051949,45.144047],[29.063766,45.142913],[29.080397,45.140572],[29.087078,45.139165],[29.099464,45.137332],[29.108885,45.134839],[29.11518,45.131643],[29.119107,45.131074],[29.121599,45.13252],[29.124925,45.13303],[29.131166,45.13149],[29.132146,45.126527],[29.134753,45.124228],[29.13994,45.122688],[29.153967,45.121228],[29.159576,45.122449],[29.169067,45.120676],[29.176048,45.124045],[29.182738,45.12431],[29.192707,45.12362],[29.195723,45.122448],[29.198751,45.120531],[29.202845,45.120073],[29.213362,45.121072],[29.222459,45.12473],[29.227399,45.129845],[29.230575,45.134387],[29.235229,45.134304],[29.255052,45.13614],[29.257774,45.137262],[29.261174,45.14143],[29.258938,45.141837],[29.255037,45.144509],[29.251017,45.150138],[29.247461,45.151561],[29.242888,45.149929],[29.239552,45.150517],[29.236069,45.154925],[29.229919,45.154191],[29.227402,45.155401],[29.226344,45.159606],[29.226602,45.16244],[29.222207,45.164617],[29.222505,45.173785],[29.222151,45.177547],[29.23267,45.177062],[29.234349,45.185831],[29.231917,45.194105],[29.231848,45.205618],[29.229475,45.205851],[29.231253,45.214269],[29.232829,45.219492]]]}},
{"type":"Feature","id":"ROU:ADM2:RO-TL.pardina","properties":{"shapeName":"PARDINA","shapeISO":"","shapeGroup":"ROU","shapeType":"ADM2","adm1ISO":"RO-TL","parentISO":"RO-TL","parentID":"ROU:ADM1:RO-TL","src_shape_id":"2599482B7661903107032"},"geometry":{"type":"Polygon","coordinates":[[[28.883339,45.249772],[28.883767,45.248442],[28.878994,45.243806],[28.878585,45.242223],[28.880112,45.238612],[28.877484,45.234579],[28.873997,45.230903],[28.873901,45.229601],[28.877805,45.22875],[28.882542,45.225621],[28.889161,45.223687],[28.891204,45.220733],[28.8885,45.219021],[28.890424,45.217859],[28.890797,45.214382],[28.896913,45.218427],[28.907046,45.220566],[28.917029,45.219703],[28.92092,45.220372],[28.926942,45.223665],[28.93886,45.227373],[28.946381,45.227032],[28.953494,45.228755],[28.955186,45.230963],[28.960749,45.233025],[28.973835,45.234491],[28.982424,45.234069],[28.995516,45.234038],[28.996662,45.241921],[29.003036,45.242146],[29.005503,45.240811],[29.012246,45.241757],[29.014029,45.245651],[29.017039,45.247524],[29.021544,45.245665],[29.030591,45.246153],[29.033561,45.248244],[29.036678,45.247782],[29.040694,45.249408],[29.047585,45.250168],[29.051294,45.248412],[29.062188,45.246445],[29.064567,45.24536],[29.074814,45.244904],[29.082022,45.243639],[29.080404,45.240885],[29.083942,45.239826],[29.089148,45.240064],[29.092289,45.238578],[29.097238,45.238766],[29.105898,45.235777],[29.112168,45.236234],[29.116449,45.238274],[29.125411,45.238809],[29.136677,45.238251],[29.139368,45.237518],[29.14403,45.233581],[29.144865,45.228431],[29.150297,45.225018],[29.157343,45.222482],[29.159122,45.221327],[29.16389,45.220145],[29.165407,45.216848],[29.169082,45.218115],[29.182363,45.214936],[29.191067,45.214855],[29.195428,45.21419],[29.208731,45.215775],[29.213156,45.215573],[29.216454,45.216955],[29.223836,45.218496],[29.229791,45.218247],[29.232829,45.219492],[29.233429,45.222684],[29.236764,45.227447],[29.240922,45.22979],[29.245773,45.230819],[29.252649,45.231614],[29.256246,45.231032],[29.259846,45.229172],[29.2761,45.240353],[29.28307,45.246553],[29.286124,45.251766],[29.282457,45.254405],[29.281776,45.2562],[29.279032,45.258437],[29.273365,45.260738],[29.274977,45.265565],[29.279264,45.273064],[29.280464,45.28073],[29.280337,45.284332],[29.267796,45.281849],[29.231758,45.275093],[29.218409,45.27355],[29.218024,45.277358],[29.219804,45.281357],[29.203583,45.28158],[29.200016,45.281147],[29.189275,45.281374],[29.189493,45.294105],[29.158692,45.294661],[29.158942,45.299973],[29.144037,45.300272],[29.144413,45.318406],[29.150034,45.318928],[29.154448,45.316543],[29.157826,45.316295],[29.160744,45.318707],[29.16774,45.31961],[29.170777,45.322221],[29.178,45.325872],[29.186927,45.321744],[29.191024,45.32343],[29.189405,45.328541],[29.182203,45.332363],[29.177351,45.336613],[29.173716,45.340493],[29.169777,45.342181],[29.162108,45.340836],[29.157416,45.341453],[29.150331,45.345416],[29.150256,45.349473],[29.129852,45.349911],[29.129652,45.353069],[29.126516,45.351899],[29.116932,45.352989],[29.110869,45.351612],[29.102301,45.351191],[29.095259,45.35212],[29.088051,45.352544],[29.085521,45.352052],[29.082679,45.348671],[29.082655,45.346646],[29.078075,45.343696],[29.072944,45.341408],[29.069701,45.340967],[29.069649,45.343388],[29.037909,45.344607],[29.022538,45.344966],[29.01983,45.348383],[29.013974,45.346778],[29.007294,45.344058],[29.002689,45.341266],[28.996476,45.336269],[28.991347,45.334845],[28.985939,45.332334],[28.982623,45.331798],[28.964976,45.332057],[28.959666,45.326745],[28.957651,45.323948],[28.953886,45.316753],[28.949429,45.312179],[28.948355,45.30912],[28.949901,45.305567],[28.95413,45.298605],[28.95493,45.29429],[28.952643,45.287259],[28.94884,45.283002],[28.942595,45.280614],[28.936017,45.280284],[28.925449,45.28256],[28.914005,45.287735],[28.908303,45.291436],[28.898866,45.29695],[28.888992,45.304576],[28.885047,45.301299],[28.876424,45.298286],[28.874657,45.296777],[28.870432,45.295516],[28.867895,45.292035],[28.860795,45.287761],[28.864069,45.285758],[28.863965,45.281623],[28.867526,45.279554],[28.86584,45.27817],[28.86584,45.275331],[28.870461,45.271955],[28.870129,45.267131],[28.868593,45.264141],[28.869757,45.262412],[28.874365,45.260094],[28.874788,45.257123],[28.877073,45.254107],[28.875054,45.250106],[28.879595,45.250959],[28.8786,45.253187],[28.880683,45.256804],[28.883689,45.255706],[28.888329,45.257246],[28.89217,45.253513],[28.883339,45.249772]]]}},
{"type":"Feature","id":"ROU:ADM2:RO-TL.chilia-veche","properties":{"shapeName":"CHILIA VECHE","shapeISO":"","shapeGroup":"ROU","shapeType":"ADM2","adm1ISO":"RO-TL","parentISO":"RO-TL","parentID":"ROU:ADM1:RO-TL","src_shape_id":"2599482B80107989575451"},"geometry":{"type":"Polygon","coordinates":[[[29.28307,45.246553],[29.285204,45.246955],[29.292252,45.246068],[29.299005,45.246041],[29.303286,45.246632],[29.306361,45.249276],[29.305949,45.251058],[29.312522,45.251205],[29.320939,45.250825],[29.323624,45.249857],[29.328776,45.253488],[29.335249,45.252238],[29.334333,45.248852],[29.335114,45.246309],[29.332774,45.241159],[29.33236,45.237814],[29.329086,45.233811],[29.337671,45.229414],[29.344183,45.228752],[29.34667,45.226425],[29.350844,45.226446],[29.351237,45.224061],[29.357311,45.222901],[29.361463,45.222684],[29.373834,45.212919],[29.373917,45.212041],[29.378494,45.20937],[29.389265,45.201079],[29.393295,45.204422],[29.404171,45.210818],[29.410145,45.21353],[29.414192,45.229147],[29.416801,45.228675],[29.418371,45.226966],[29.425433,45.239041],[29.429344,45.244137],[29.430329,45.246839],[29.433173,45.250753],[29.43461,45.255365],[29.436474,45.256151],[29.442022,45.264206],[29.443828,45.268004],[29.448256,45.273464],[29.450069,45.277175],[29.45414,45.282407],[29.459596,45.291303],[29.46109,45.29254],[29.464653,45.298954],[29.466842,45.300423],[29.469096,45.305695],[29.471806,45.308643],[29.479842,45.318888],[29.481962,45.323994],[29.485468,45.328646],[29.48961,45.332375],[29.489106,45.335514],[29.487747,45.337396],[29.49302,45.343071],[29.497661,45.34588],[29.500136,45.351774],[29.503325,45.35777],[29.512507,45.369938],[29.51336,45.374778],[29.516032,45.379143],[29.521379,45.383859],[29.523316,45.389536],[29.526712,45.392793],[29.527804,45.396907],[29.53014,45.401843],[29.53397,45.406017],[29.540162,45.408939],[29.541272,45.410623],[29.538256,45.411649],[29.522057,45.414101],[29.512934,45.416446],[29.502943,45.418452],[29.494448,45.419206],[29.479167,45.421837],[29.471379,45.424184],[29.46389,45.427985],[29.459792,45.42933],[29.449564,45.431901],[29.441122,45.433432],[29.436512,45.435919],[29.432111,45.441164],[29.430002,45.442674],[29.419354,45.442543],[29.409027,45.440384],[29.398031,45.436469],[29.390142,45.436475],[29.380838,45.439718],[29.373936,45.437949],[29.366684,45.438029],[29.3581,45.436959],[29.350585,45.438248],[29.347333,45.439253],[29.342351,45.441839],[29.335931,45.445849],[29.329546,45.447678],[29.322106,45.447483],[29.317985,45.445859],[29.307871,45.437223],[29.305066,45.434197],[29.298974,45.430204],[29.293395,45.427999],[29.285778,45.426428],[29.269854,45.427836],[29.265147,45.429404],[29.258187,45.433152],[29.250355,45.435104],[29.242573,45.434361],[29.23678,45.432037],[29.230568,45.427777],[29.225714,45.423515],[29.22095,45.421186],[29.211669,45.417739],[29.197785,45.415889],[29.187423,45.412436],[29.184683,45.410704],[29.182755,45.407278],[29.180922,45.402203],[29.176116,45.398394],[29.169019,45.3951],[29.150874,45.388603],[29.131041,45.383299],[29.119159,45.381258],[29.111478,45.376779],[29.106447,45.374773],[29.103064,45.374211],[29.096705,45.374624],[29.088444,45.37439],[29.084347,45.373867],[29.075499,45.36753],[29.06513,45.363438],[29.059668,45.360468],[29.052964,45.359259],[29.043944,45.360756],[29.039908,45.358745],[29.033956,45.35445],[29.028996,45.351717],[29.01983,45.348383],[29.022538,45.344966],[29.037909,45.344607],[29.069649,45.343388],[29.069701,45.340967],[29.072944,45.341408],[29.078075,45.343696],[29.082655,45.346646],[29.082679,45.348671],[29.085521,45.352052],[29.088051,45.352544],[29.095259,45.35212],[29.102301,45.351191],[29.110869,45.351612],[29.116932,45.352989],[29.126516,45.351899],[29.129652,45.353069],[29.129852,45.349911],[29.150256,45.349473],[29.150331,45.345416],[29.157416,45.341453],[29.162108,45.340836],[29.169777,45.342181],[29.173716,45.340493],[29.177351,45.336613],[29.182203,45.332363],[29.189405,45.328541],[29.191024,45.32343],[29.186927,45.321744],[29.178,45.325872],[29.170777,45.322221],[29.16774,45.31961],[29.160744,45.318707],[29.157826,45.316295],[29.154448,45.316543],[29.150034,45.318928],[29.144413,45.318406],[29.144037,45.300272],[29.158942,45.299973],[29.158692,45.294661],[29.189493,45.294105],[29.189275,45.281374],[29.200016,45.281147],[29.203583,45.28158],[29.219804,45.281357],[29.218024,45.277358],[29.218409,45.27355],[29.231758,45.275093],[29.267796,45.281849],[29.280337,45.284332],[29.280464,45.28073],[29.279264,45.273064],[29.274977,45.265565],[29.273365,45.260738],[29.279032,45.258437],[29.281776,45.2562],[29.282457,45.254405],[29.286124,45.251766],[29.28307,45.246553]]]}},
{"type":"Feature","id":"ROU:ADM2:RO-TL.crisan","properties":{"shapeName":"CRISAN","shapeISO":"","shapeGroup":"ROU","shapeType":"ADM2","adm1ISO":"RO-TL","parentISO":"RO-TL","parentID":"ROU:ADM1:RO-TL","src_shape_id":"2599482B40183957556605"},"geometry":{"type":"Polygon","coordinates":[[[29.261174,45.14143],[29.264956,45.144666],[29.269069,45.145316],[29.27822,45.14414],[29.283759,45.140129],[29.291224,45.137709],[29.298235,45.1349],[29.30462,45.13692],[29.30958,45.13787],[29.312607,45.136853],[29.318384,45.13179],[29.320279,45.131279],[29.326602,45.132178],[29.331825,45.126222],[29.332725,45.122797],[29.331174,45.120774],[29.32797,45.119349],[29.321361,45.117519],[29.314841,45.116531],[29.311517,45.112542],[29.310515,45.108623],[29.310385,45.102206],[29.302692,45.091564],[29.297435,45.089629],[29.297006,45.08743],[29.301059,45.081306],[29.298355,45.077336],[29.298378,45.075668],[29.306761,45.071036],[29.309848,45.067684],[29.309605,45.064668],[29.304207,45.064215],[29.302092,45.062759],[29.299856,45.059],[29.301334,45.054776],[29.309283,45.047786],[29.312455,45.046883],[29.316526,45.049401],[29.321929,45.047996],[29.322858,45.043432],[29.326961,45.042353],[29.335835,45.041],[29.338572,45.038894],[29.34138,45.034074],[29.342672,45.025407],[29.342502,45.023496],[29.339775,45.020765],[29.336819,45.01996],[29.325696,45.019604],[29.317757,45.020939],[29.311895,45.020313],[29.305516,45.020275],[29.302641,45.018401],[29.292869,45.013861],[29.287176,45.009681],[29.284669,45.004666],[29.285797,45.000066],[29.287539,44.998246],[29.290675,44.996982],[29.299774,44.995745],[29.302851,44.994857],[29.30858,44.991523],[29.312172,44.987645],[29.314824,44.983384],[29.314957,44.980925],[29.310691,44.973828],[29.311277,44.970673],[29.314783,44.971093],[29.320103,44.970405],[29.325498,44.971076],[29.332756,44.975502],[29.341134,44.984063],[29.344881,44.985513],[29.349166,44.984766],[29.351278,44.982975],[29.353633,44.97898],[29.350283,44.973784],[29.349323,44.968611],[29.349949,44.965769],[29.353219,44.958882],[29.357894,44.959175],[29.363316,44.963315],[29.366349,44.968899],[29.370734,44.980418],[29.374371,44.984731],[29.377509,44.986695],[29.380479,44.986855],[29.386251,44.984284],[29.387064,44.97971],[29.386839,44.972764],[29.384844,44.96532],[29.382946,44.96251],[29.37872,44.9581],[29.368463,44.952392],[29.369404,44.950566],[29.376603,44.947527],[29.381582,44.946355],[29.389023,44.945793],[29.394601,44.946531],[29.397939,44.947967],[29.404623,44.95327],[29.408714,44.958101],[29.412644,44.963836],[29.418951,44.971669],[29.422615,44.974294],[29.42917,44.976046],[29.432073,44.976155],[29.445606,44.975401],[29.457911,44.973443],[29.462927,44.971125],[29.465928,44.969066],[29.466617,44.974609],[29.464721,44.978108],[29.465232,44.988219],[29.461005,44.999972],[29.462583,45.005218],[29.4649,45.006554],[29.468227,45.010503],[29.477667,45.020546],[29.486033,45.028662],[29.49093,45.032862],[29.501462,45.041177],[29.509767,45.046122],[29.509392,45.047226],[29.502059,45.048149],[29.49369,45.051831],[29.500104,45.055514],[29.504767,45.0593],[29.506176,45.062493],[29.505934,45.064505],[29.502951,45.067659],[29.498068,45.069167],[29.491095,45.06853],[29.489156,45.069429],[29.482017,45.070106],[29.473259,45.069414],[29.470691,45.067656],[29.466985,45.063272],[29.465694,45.06083],[29.464643,45.054308],[29.46392,45.054112],[29.441709,45.057185],[29.436707,45.060395],[29.431228,45.059725],[29.411693,45.078359],[29.415228,45.080002],[29.412804,45.082955],[29.411007,45.083414],[29.405523,45.094723],[29.402999,45.095743],[29.397242,45.094361],[29.396097,45.099417],[29.397279,45.109963],[29.397079,45.112268],[29.394111,45.117347],[29.400225,45.116834],[29.411801,45.117949],[29.412062,45.122139],[29.415165,45.13043],[29.422094,45.133377],[29.423462,45.137408],[29.42956,45.143228],[29.432816,45.15077],[29.435791,45.159817],[29.439455,45.165101],[29.44274,45.167211],[29.444676,45.170112],[29.444169,45.172252],[29.44718,45.173404],[29.466166,45.173056],[29.474557,45.17258],[29.475839,45.176472],[29.485471,45.190864],[29.489938,45.202498],[29.489903,45.207071],[29.486851,45.212673],[29.483759,45.215656],[29.477449,45.219989],[29.472398,45.224197],[29.471202,45.226642],[29.468112,45.228486],[29.462087,45.228011],[29.446648,45.2256],[29.439724,45.224168],[29.432199,45.221696],[29.410145,45.21353],[29.404171,45.210818],[29.393295,45.204422],[29.389265,45.201079],[29.378494,45.20937],[29.373917,45.212041],[29.373834,45.212919],[29.361463,45.222684],[29.357311,45.222901],[29.351237,45.224061],[29.350844,45.226446],[29.34667,45.226425],[29.344183,45.228752],[29.337671,45.229414],[29.329086,45.233811],[29.33236,45.237814],[29.332774,45.241159],[29.335114,45.246309],[29.334333,45.248852],[29.335249,45.252238],[29.328776,45.253488],[29.323624,45.249857],[29.320939,45.250825],[29.312522,45.251205],[29.305949,45.251058],[29.306361,45.249276],[29.303286,45.246632],[29.299005,45.246041],[29.292252,45.246068],[29.285204,45.246955],[29.28307,45.246553],[29.2761,45.240353],[29.259846,45.229172],[29.256246,45.231032],[29.252649,45.231614],[29.245773,45.230819],[29.240922,45.22979],[29.236764,45.227447],[29.233429,45.222684],[29.232829,45.219492],[29.231253,45.214269],[29.229475,45.205851],[29.231848,45.205618],[29.231917,45.194105],[29.234349,45.185831],[29.23267,45.177062],[29.222151,45.177547],[29.222505,45.173785],[29.222207,45.164617],[29.226602,45.16244],[29.226344,45.159606],[29.227402,45.155401],[29.229919,45.154191],[29.236069,45.154925],[29.239552,45.150517],[29.242888,45.149929],[29.247461,45.151561],[29.251017,45.150138],[29.255037,45.144509],[29.258938,45.141837],[29.261174,45.14143]]]}},
{"type":"Feature","id":"ROU:ADM2:RO-TL.sfantu-gheorghe","properties":{"shapeName":"SFANTU GHEORGHE","shapeISO":"","shapeGroup":"ROU","shapeType":"ADM2","adm1ISO":"RO-TL","parentISO":"RO-TL","parentID":"ROU:ADM1:RO-TL","src_shape_id":"2599482B99417492783544"},"geometry":{"type":"Polygon","coordinates":[[[29.311277,44.970673],[29.311721,44.969695],[29.306977,44.953149],[29.303201,44.949403],[29.299814,44.947644],[29.277846,44.939698],[29.271297,44.936507],[29.270776,44.931933],[29.273173,44.929503],[29.271907,44.925577],[29.268623,44.918796],[29.267216,44.917229],[29.266036,44.910735],[29.261638,44.906279],[29.26209,44.904091],[29.265196,44.904002],[29.270279,44.902232],[29.270505,44.897573],[29.262666,44.892698],[29.262754,44.889622],[29.259373,44.884958],[29.257872,44.881577],[29.253539,44.879288],[29.248563,44.873937],[29.241483,44.869877],[29.236911,44.868611],[29.21506,44.858226],[29.215874,44.856632],[29.216544,44.850942],[29.216539,44.845503],[29.217156,44.844316],[29.225193,44.834765],[29.268922,44.801343],[29.271528,44.799666],[29.298978,44.801334],[29.309207,44.802107],[29.325987,44.804153],[29.346969,44.804245],[29.364805,44.803987],[29.36917,44.80478],[29.389899,44.805722],[29.392544,44.806359],[29.400328,44.806918],[29.404558,44.807654],[29.435176,44.811557],[29.440306,44.812856],[29.454243,44.814657],[29.464574,44.816221],[29.480507,44.818036],[29.495233,44.820232],[29.506115,44.822839],[29.510162,44.822919],[29.524343,44.824463],[29.537101,44.824688],[29.544136,44.823839],[29.548928,44.824383],[29.55355,44.822892],[29.559935,44.825781],[29.567239,44.830725],[29.572292,44.837297],[29.574858,44.838337],[29.585855,44.83726],[29.591583,44.84011],[29.594995,44.84298],[29.599677,44.845326],[29.605786,44.846642],[29.608102,44.845848],[29.599358,44.836663],[29.596947,44.833672],[29.594341,44.832122],[29.591926,44.827145],[29.584641,44.821373],[29.580431,44.815254],[29.572557,44.809836],[29.564227,44.80256],[29.560463,44.800064],[29.551845,44.793019],[29.548505,44.79194],[29.545515,44.789412],[29.540331,44.788518],[29.537723,44.788843],[29.530806,44.787577],[29.525864,44.787775],[29.525318,44.782832],[29.522915,44.781825],[29.519517,44.781961],[29.518906,44.78011],[29.513174,44.778132],[29.50094,44.77818],[29.5022,44.776474],[29.490576,44.778372],[29.487016,44.778403],[29.48759,44.775843],[29.492273,44.774332],[29.499968,44.773695],[29.516225,44.775583],[29.533579,44.781507],[29.55257,44.790452],[29.567436,44.801989],[29.583454,44.816235],[29.586398,44.820088],[29.593555,44.826196],[29.597905,44.832088],[29.609758,44.846679],[29.617589,44.864066],[29.618007,44.867411],[29.617256,44.872749],[29.615738,44.87254],[29.616968,44.867123],[29.6161,44.863261],[29.613223,44.857279],[29.610532,44.859769],[29.609224,44.864904],[29.60781,44.867248],[29.605876,44.873017],[29.60311,44.876607],[29.60651,44.877548],[29.619692,44.884997],[29.624246,44.883323],[29.625154,44.885374],[29.626138,44.904797],[29.625916,44.916437],[29.62677,44.924323],[29.628663,44.93307],[29.634304,44.957118],[29.636818,44.964934],[29.638514,44.973301],[29.642469,44.988096],[29.644471,44.998183],[29.641523,44.999773],[29.643043,45.001051],[29.644072,45.009332],[29.646578,45.022949],[29.648467,45.040225],[29.649762,45.046572],[29.650505,45.052729],[29.652321,45.059545],[29.651767,45.064347],[29.653679,45.072974],[29.63724,45.077275],[29.63195,45.074258],[29.632329,45.070958],[29.631402,45.066657],[29.629875,45.064133],[29.624793,45.060103],[29.618805,45.06028],[29.619228,45.057557],[29.618173,45.056051],[29.612316,45.053108],[29.606354,45.052126],[29.599804,45.04921],[29.593955,45.045449],[29.58586,45.044484],[29.577981,45.044122],[29.562408,45.04419],[29.550698,45.042739],[29.544833,45.042635],[29.543757,45.039683],[29.540619,45.039758],[29.536181,45.041297],[29.533841,45.039868],[29.52829,45.039861],[29.523898,45.043325],[29.523922,45.04574],[29.509392,45.047226],[29.509767,45.046122],[29.501462,45.041177],[29.49093,45.032862],[29.486033,45.028662],[29.477667,45.020546],[29.468227,45.010503],[29.4649,45.006554],[29.462583,45.005218],[29.461005,44.999972],[29.465232,44.988219],[29.464721,44.978108],[29.466617,44.974609],[29.465928,44.969066],[29.462927,44.971125],[29.457911,44.973443],[29.445606,44.975401],[29.432073,44.976155],[29.42917,44.976046],[29.422615,44.974294],[29.418951,44.971669],[29.412644,44.963836],[29.408714,44.958101],[29.404623,44.95327],[29.397939,44.947967],[29.394601,44.946531],[29.389023,44.945793],[29.381582,44.946355],[29.376603,44.947527],[29.369404,44.950566],[29.368463,44.952392],[29.37872,44.9581],[29.382946,44.96251],[29.384844,44.96532],[29.386839,44.972764],[29.387064,44.97971],[29.386251,44.984284],[29.380479,44.986855],[29.377509,44.986695],[29.374371,44.984731],[29.370734,44.980418],[29.366349,44.968899],[29.363316,44.963315],[29.357894,44.959175],[29.353219,44.958882],[29.349949,44.965769],[29.349323,44.968611],[29.350283,44.973784],[29.353633,44.97898],[29.351278,44.982975],[29.349166,44.984766],[29.344881,44.985513],[29.341134,44.984063],[29.332756,44.975502],[29.325498,44.971076],[29.320103,44.970405],[29.314783,44.971093],[29.311277,44.970673]]]}},
{"type":"Feature","id":"ROU:ADM2:RO-TL.murighiol","properties":{"shapeName":"MURIGHIOL","shapeISO":"","shapeGroup":"ROU","shapeType":"ADM2","adm1ISO":"RO-TL","parentISO":"RO-TL","parentID":"ROU:ADM1:RO-TL","src_shape_id":"2599482B84020842271263"},"geometry":{"type":"Polygon","coordinates":[[[29.195723,45.122448],[29.195084,45.120733],[29.190808,45.118994],[29.18743,45.116193],[29.186055,45.113754],[29.180881,45.109803],[29.182835,45.107191],[29.173557,45.110208],[29.169875,45.112097],[29.166315,45.112319],[29.147257,45.110476],[29.137729,45.108548],[29.132105,45.106331],[29.128556,45.103476],[29.125979,45.09697],[29.127704,45.091733],[29.130485,45.089949],[29.135606,45.089632],[29.149301,45.091482],[29.154866,45.092545],[29.159337,45.092302],[29.157709,45.087136],[29.15466,45.08396],[29.148203,45.079733],[29.140785,45.073808],[29.135545,45.072812],[29.128687,45.073863],[29.120874,45.076528],[29.120795,45.072815],[29.11618,45.067929],[29.118351,45.065687],[29.116079,45.060471],[29.113637,45.061815],[29.106486,45.053764],[29.106305,45.051431],[29.094669,45.05192],[29.093995,45.048296],[29.086452,45.048689],[29.084183,45.048301],[29.070486,45.048896],[29.070865,45.047324],[29.068698,45.04568],[29.063405,45.04623],[29.062972,45.04379],[29.049039,45.044088],[29.049806,45.048999],[29.042271,45.051021],[29.042115,45.054433],[29.046824,45.054128],[29.050649,45.055565],[29.020336,45.061197],[29.021732,45.059424],[29.02166,45.052178],[29.024286,45.051441],[29.024436,45.049169],[29.021408,45.048798],[29.016601,45.051845],[29.014052,45.052347],[29.009314,45.051175],[29.007126,45.053425],[28.999626,45.05657],[28.997108,45.056413],[28.986012,45.062638],[28.98209,45.062312],[28.978996,45.06297],[28.988454,45.018977],[28.987411,45.017942],[28.983422,45.018052],[28.983065,45.005085],[28.985035,45.003921],[28.982385,44.991915],[28.98187,44.984548],[28.97965,44.975531],[28.98072,44.972],[28.982941,44.967718],[28.981484,44.962561],[28.981853,44.958428],[28.982783,44.911556],[28.99929,44.876053],[29.006546,44.860879],[29.017363,44.837411],[29.016157,44.83752],[29.021767,44.791427],[29.022609,44.74976],[29.026665,44.727758],[29.02932,44.709286],[29.058561,44.731541],[29.061035,44.732352],[29.066406,44.736332],[29.085091,44.749035],[29.088081,44.750464],[29.108574,44.761674],[29.121859,44.768027],[29.123535,44.77013],[29.128376,44.770375],[29.159149,44.780035],[29.17215,44.782097],[29.186035,44.784673],[29.189339,44.781812],[29.210841,44.788447],[29.220026,44.792021],[29.245416,44.796785],[29.254748,44.797503],[29.268772,44.798944],[29.271528,44.799666],[29.268922,44.801343],[29.225193,44.834765],[29.217156,44.844316],[29.216539,44.845503],[29.216544,44.850942],[29.215874,44.856632],[29.21506,44.858226],[29.236911,44.868611],[29.241483,44.869877],[29.248563,44.873937],[29.253539,44.879288],[29.257872,44.881577],[29.259373,44.884958],[29.262754,44.889622],[29.262666,44.892698],[29.270505,44.897573],[29.270279,44.902232],[29.265196,44.904002],[29.26209,44.904091],[29.261638,44.906279],[29.266036,44.910735],[29.267216,44.917229],[29.268623,44.918796],[29.271907,44.925577],[29.273173,44.929503],[29.270776,44.931933],[29.271297,44.936507],[29.277846,44.939698],[29.299814,44.947644],[29.303201,44.949403],[29.306977,44.953149],[29.311721,44.969695],[29.311277,44.970673],[29.310691,44.973828],[29.314957,44.980925],[29.314824,44.983384],[29.312172,44.987645],[29.30858,44.991523],[29.302851,44.994857],[29.299774,44.995745],[29.290675,44.996982],[29.287539,44.998246],[29.285797,45.000066],[29.284669,45.004666],[29.287176,45.009681],[29.292869,45.013861],[29.302641,45.018401],[29.305516,45.020275],[29.311895,45.020313],[29.317757,45.020939],[29.325696,45.019604],[29.336819,45.01996],[29.339775,45.020765],[29.342502,45.023496],[29.342672,45.025407],[29.34138,45.034074],[29.338572,45.038894],[29.335835,45.041],[29.326961,45.042353],[29.322858,45.043432],[29.321929,45.047996],[29.316526,45.049401],[29.312455,45.046883],[29.309283,45.047786],[29.301334,45.054776],[29.299856,45.059],[29.302092,45.062759],[29.304207,45.064215],[29.309605,45.064668],[29.309848,45.067684],[29.306761,45.071036],[29.298378,45.075668],[29.298355,45.077336],[29.301059,45.081306],[29.297006,45.08743],[29.297435,45.089629],[29.302692,45.091564],[29.310385,45.102206],[29.310515,45.108623],[29.311517,45.112542],[29.314841,45.116531],[29.321361,45.117519],[29.32797,45.119349],[29.331174,45.120774],[29.332725,45.122797],[29.331825,45.126222],[29.326602,45.132178],[29.320279,45.131279],[29.318384,45.13179],[29.312607,45.136853],[29.30958,45.13787],[29.30462,45.13692],[29.298235,45.1349],[29.291224,45.137709],[29.283759,45.140129],[29.27822,45.14414],[29.269069,45.145316],[29.264956,45.144666],[29.261174,45.14143],[29.257774,45.137262],[29.255052,45.13614],[29.235229,45.134304],[29.230575,45.134387],[29.227399,45.129845],[29.222459,45.12473],[29.213362,45.121072],[29.202845,45.120073],[29.198751,45.120531],[29.195723,45.122448]]]}},
{"type":"Feature","id":"ROU:ADM2:RO-TL.valea-nucarilor","properties":{"shapeName":"VALEA NUCARILOR","shapeISO":"","shapeGroup":"ROU","shapeType":"ADM2","adm1ISO":"RO-TL","parentISO":"RO-TL","parentID":"ROU:ADM1:RO-TL","src_shape_id":"2599482B55902269150341"},"geometry":{"type":"Polygon","coordinates":[[[28.978996,45.06297],[28.982392,45.063504],[28.982519,45.068269],[28.970688,45.068502],[28.964909,45.070069],[28.956359,45.074348],[28.957488,45.09239],[28.95459,45.093316],[28.956056,45.102127],[28.95357,45.102231],[28.952929,45.100215],[28.926427,45.107306],[28.924763,45.104274],[28.904551,45.097291],[28.892512,45.092171],[28.889669,45.09104],[28.886277,45.091132],[28.884795,45.093154],[28.871569,45.089804],[28.883849,45.078419],[28.829136,45.065245],[28.833505,45.056522],[28.827138,45.054892],[28.822446,45.053055],[28.814675,45.057621],[28.810228,45.054263],[28.808634,45.052999],[28.811895,45.0509],[28.815966,45.041715],[28.817763,45.039018],[28.819306,45.028324],[28.848079,45.031582],[28.855622,45.031442],[28.854378,45.028145],[28.854901,45.024084],[28.853744,45.020859],[28.84865,45.019976],[28.847709,45.016425],[28.844234,45.016689],[28.844884,45.014101],[28.847102,45.011829],[28.850871,45.011848],[28.85293,45.009722],[28.85306,45.006047],[28.849601,45.006609],[28.846591,45.004967],[28.846521,44.999384],[28.857568,44.998866],[28.856956,44.996084],[28.885923,44.99344],[28.886568,44.99652],[28.8972,44.995275],[28.898853,44.993497],[28.90013,44.989444],[28.902322,44.985691],[28.908839,44.983537],[28.914144,44.978296],[28.93262,44.958094],[28.946678,44.945162],[28.957343,44.935072],[28.982783,44.911556],[28.981853,44.958428],[28.981484,44.962561],[28.982941,44.967718],[28.98072,44.972],[28.97965,44.975531],[28.98187,44.984548],[28.982385,44.991915],[28.985035,45.003921],[28.983065,45.005085],[28.983422,45.018052],[28.987411,45.017942],[28.988454,45.018977],[28.978996,45.06297]]]}},
{"type":"Feature","id":"ROU:ADM2:RO-TL.tulcea","properties":{"shapeName":"TULCEA","shapeISO":"","shapeGroup":"ROU","shapeType":"ADM2","adm1ISO":"RO-TL","parentISO":"RO-TL","parentID":"ROU:ADM1:RO-TL","src_shape_id":"2599482B25172560507796"},"geometry":{"type":"Polygon","coordinates":[[[28.78052,45.214697],[28.779503,45.211827],[28.771629,45.214143],[28.768096,45.214635],[28.762796,45.21445],[28.753418,45.214824],[28.747374,45.217491],[28.747562,45.215806],[28.752433,45.213675],[28.759384,45.21309],[28.768012,45.213506],[28.772302,45.212307],[28.776776,45.209516],[28.777319,45.207379],[28.773944,45.205192],[28.773808,45.203512],[28.776863,45.202777],[28.773019,45.196988],[28.770338,45.195037],[28.766306,45.195071],[28.764113,45.197426],[28.755792,45.197918],[28.750687,45.200242],[28.748867,45.198906],[28.748058,45.195859],[28.745941,45.192895],[28.751303,45.188844],[28.753545,45.185807],[28.754557,45.179999],[28.753025,45.174677],[28.751192,45.172236],[28.744228,45.171839],[28.745269,45.168773],[28.742761,45.166541],[28.736979,45.168548],[28.733676,45.166253],[28.72972,45.164504],[28.727136,45.166026],[28.7216,45.153024],[28.719765,45.147481],[28.717774,45.145678],[28.716987,45.143295],[28.701362,45.148618],[28.688613,45.132225],[28.687092,45.129681],[28.690038,45.127019],[28.694045,45.125766],[28.697204,45.126007],[28.697408,45.120807],[28.702226,45.123288],[28.730394,45.133562],[28.732837,45.134002],[28.739586,45.133391],[28.740453,45.135838],[28.753574,45.135693],[28.755799,45.130616],[28.749847,45.118808],[28.742933,45.104501],[28.748324,45.105353],[28.754411,45.107098],[28.760405,45.098163],[28.758513,45.096102],[28.762506,45.094995],[28.772772,45.080025],[28.775205,45.076109],[28.777226,45.075461],[28.778647,45.072906],[28.780946,45.069236],[28.785011,45.057186],[28.794239,45.060188],[28.801619,45.062117],[28.803245,45.058086],[28.807664,45.059279],[28.810228,45.054263],[28.814675,45.057621],[28.822446,45.053055],[28.827138,45.054892],[28.833505,45.056522],[28.829136,45.065245],[28.883849,45.078419],[28.871569,45.089804],[28.884795,45.093154],[28.886277,45.091132],[28.889669,45.09104],[28.892512,45.092171],[28.887328,45.107976],[28.888991,45.10873],[28.885907,45.114422],[28.881333,45.116291],[28.880849,45.112324],[28.876856,45.114341],[28.878846,45.115702],[28.874687,45.122378],[28.873379,45.126777],[28.872222,45.135608],[28.870424,45.137559],[28.869987,45.140938],[28.871635,45.145046],[28.878607,45.145222],[28.873303,45.150329],[28.877018,45.150774],[28.875409,45.155471],[28.881872,45.151552],[28.887489,45.150217],[28.891662,45.147871],[28.896793,45.146114],[28.900984,45.146097],[28.90348,45.14778],[28.908562,45.146329],[28.912951,45.147714],[28.909391,45.15233],[28.909488,45.153461],[28.906612,45.156804],[28.89935,45.17086],[28.901064,45.17158],[28.900277,45.176437],[28.896651,45.18156],[28.882457,45.191785],[28.883797,45.192988],[28.884914,45.196689],[28.890821,45.200703],[28.892728,45.203532],[28.901434,45.204267],[28.901805,45.206802],[28.897244,45.211781],[28.893282,45.210437],[28.890446,45.212412],[28.890797,45.214382],[28.890424,45.217859],[28.8885,45.219021],[28.891204,45.220733],[28.889161,45.223687],[28.882542,45.225621],[28.877805,45.22875],[28.873901,45.229601],[28.873997,45.230903],[28.877484,45.234579],[28.880112,45.238612],[28.878585,45.242223],[28.878994,45.243806],[28.883767,45.248442],[28.883339,45.249772],[28.882075,45.248791],[28.875008,45.246821],[28.868314,45.244043],[28.857541,45.242245],[28.856222,45.240885],[28.845099,45.23851],[28.845028,45.235261],[28.841653,45.236306],[28.841245,45.238118],[28.836393,45.239724],[28.83069,45.239267],[28.829919,45.236748],[28.827878,45.235555],[28.821039,45.236634],[28.816653,45.233914],[28.813321,45.23285],[28.813371,45.231533],[28.806346,45.227846],[28.807025,45.225366],[28.803164,45.222791],[28.803798,45.219143],[28.801678,45.216091],[28.792133,45.216026],[28.792098,45.220881],[28.787842,45.221234],[28.780581,45.21855],[28.78052,45.214697]]]}},
{"type":"Feature","id":"ROU:ADM2:RO-TL.nufaru","properties":{"shapeName":"NUFARU","shapeISO":"","shapeGroup":"ROU","shapeType":"ADM2","adm1ISO":"RO-TL","parentISO":"RO-TL","parentID":"ROU:ADM1:RO-TL","src_shape_id":"2599482B16280673296012"},"geometry":{"type":"Polygon","coordinates":[[[28.901064,45.17158],[28.89935,45.17086],[28.906612,45.156804],[28.909488,45.153461],[28.909391,45.15233],[28.912951,45.147714],[28.908562,45.146329],[28.90348,45.14778],[28.900984,45.146097],[28.896793,45.146114],[28.891662,45.147871],[28.887489,45.150217],[28.881872,45.151552],[28.875409,45.155471],[28.877018,45.150774],[28.873303,45.150329],[28.878607,45.145222],[28.871635,45.145046],[28.869987,45.140938],[28.870424,45.137559],[28.872222,45.135608],[28.873379,45.126777],[28.874687,45.122378],[28.878846,45.115702],[28.876856,45.114341],[28.880849,45.112324],[28.881333,45.116291],[28.885907,45.114422],[28.888991,45.10873],[28.887328,45.107976],[28.892512,45.092171],[28.904551,45.097291],[28.924763,45.104274],[28.926427,45.107306],[28.952929,45.100215],[28.95357,45.102231],[28.956056,45.102127],[28.95459,45.093316],[28.957488,45.09239],[28.963793,45.092102],[28.972012,45.094333],[28.973536,45.107638],[28.97924,45.105154],[28.984473,45.105732],[28.987196,45.104746],[28.988202,45.121426],[28.98919,45.122589],[28.994118,45.123865],[28.995225,45.12822],[28.99151,45.129781],[28.985402,45.134227],[28.978195,45.138321],[29.008049,45.141298],[29.008165,45.145803],[29.009906,45.155162],[29.001662,45.155862],[28.999075,45.15659],[29.001194,45.159562],[29.001882,45.162455],[28.990469,45.164899],[28.976183,45.167558],[28.964183,45.166794],[28.961354,45.167884],[28.950707,45.165836],[28.947676,45.166428],[28.943892,45.169196],[28.936016,45.165128],[28.931761,45.168477],[28.930092,45.172203],[28.923349,45.171993],[28.921731,45.173003],[28.921671,45.176793],[28.919465,45.179033],[28.915491,45.177125],[28.914878,45.175559],[28.908898,45.17365],[28.907268,45.174288],[28.901064,45.17158]]]}},
{"type":"Feature","id":"ROU:ADM2:RO-TL.somova","properties":{"shapeName":"SOMOVA","shapeISO":"","shapeGroup":"ROU","shapeType":"ADM2","adm1ISO":"RO-TL","parentISO":"RO-TL","parentID":"ROU:ADM1:RO-TL","src_shape_id":"2599482B80721058448437"},"geometry":{"type":"Polygon","coordinates":[[[28.737253,45.22994],[28.731378,45.227851],[28.718927,45.22436],[28.71043,45.224004],[28.705414,45.224485],[28.69672,45.226321],[28.686015,45.230465],[28.672287,45.236457],[28.653319,45.240591],[28.632848,45.244523],[28.599915,45.24576],[28.568851,45.248249],[28.569766,45.245502],[28.563512,45.234468],[28.561317,45.228994],[28.550577,45.217844],[28.550255,45.213541],[28.550784,45.210606],[28.554191,45.209136],[28.555498,45.203297],[28.555562,45.199903],[28.556815,45.198719],[28.560713,45.197935],[28.569971,45.194419],[28.572397,45.193955],[28.568863,45.19004],[28.571827,45.189408],[28.578445,45.18913],[28.579388,45.186973],[28.58438,45.182651],[28.586309,45.181961],[28.585588,45.179639],[28.586948,45.177096],[28.593493,45.169995],[28.596294,45.165994],[28.603107,45.160346],[28.6153,45.145472],[28.618005,45.141693],[28.632784,45.143428],[28.639458,45.143933],[28.650965,45.142464],[28.664771,45.135617],[28.677503,45.130893],[28.676755,45.128669],[28.682764,45.127669],[28.684232,45.131907],[28.687092,45.129681],[28.688613,45.132225],[28.701362,45.148618],[28.716987,45.143295],[28.717774,45.145678],[28.719765,45.147481],[28.7216,45.153024],[28.727136,45.166026],[28.72972,45.164504],[28.733676,45.166253],[28.736979,45.168548],[28.742761,45.166541],[28.745269,45.168773],[28.744228,45.171839],[28.751192,45.172236],[28.753025,45.174677],[28.754557,45.179999],[28.753545,45.185807],[28.751303,45.188844],[28.745941,45.192895],[28.748058,45.195859],[28.748867,45.198906],[28.750687,45.200242],[28.755792,45.197918],[28.764113,45.197426],[28.766306,45.195071],[28.770338,45.195037],[28.773019,45.196988],[28.776863,45.202777],[28.773808,45.203512],[28.773944,45.205192],[28.777319,45.207379],[28.776776,45.209516],[28.772302,45.212307],[28.768012,45.213506],[28.759384,45.21309],[28.752433,45.213675],[28.747562,45.215806],[28.747374,45.217491],[28.753418,45.214824],[28.762796,45.21445],[28.768096,45.214635],[28.771629,45.214143],[28.779503,45.211827],[28.78052,45.214697],[28.776426,45.21574],[28.769096,45.216188],[28.757721,45.216082],[28.751392,45.216888],[28.746183,45.220584],[28.742218,45.225817],[28.737253,45.22994]]]}},
{"type":"Feature","id":"ROU:ADM2:RO-TL.mahmudia","properties":{"shapeName":"MAHMUDIA","shapeISO":"","shapeGroup":"ROU","shapeType":"ADM2","adm1ISO":"RO-TL","parentISO":"RO-TL","parentID":"ROU:ADM1:RO-TL","src_shape_id":"2599482B4733936429488"},"geometry":{"type":"Polygon","coordinates":[[[29.087078,45.139165],[29.06814,45.116693],[29.070218,45.112769],[29.069887,45.109424],[29.067314,45.107816],[29.058104,45.115601],[29.052454,45.105104],[29.050459,45.09712],[29.051476,45.088604],[29.052954,45.086325],[29.051503,45.063918],[29.050649,45.055565],[29.046824,45.054128],[29.042115,45.054433],[29.042271,45.051021],[29.049806,45.048999],[29.049039,45.044088],[29.062972,45.04379],[29.063405,45.04623],[29.068698,45.04568],[29.070865,45.047324],[29.070486,45.048896],[29.084183,45.048301],[29.086452,45.048689],[29.093995,45.048296],[29.094669,45.05192],[29.106305,45.051431],[29.106486,45.053764],[29.113637,45.061815],[29.116079,45.060471],[29.118351,45.065687],[29.11618,45.067929],[29.120795,45.072815],[29.120874,45.076528],[29.128687,45.073863],[29.135545,45.072812],[29.140785,45.073808],[29.148203,45.079733],[29.15466,45.08396],[29.157709,45.087136],[29.159337,45.092302],[29.154866,45.092545],[29.149301,45.091482],[29.135606,45.089632],[29.130485,45.089949],[29.127704,45.091733],[29.125979,45.09697],[29.128556,45.103476],[29.132105,45.106331],[29.137729,45.108548],[29.147257,45.110476],[29.166315,45.112319],[29.169875,45.112097],[29.173557,45.110208],[29.182835,45.107191],[29.180881,45.109803],[29.186055,45.113754],[29.18743,45.116193],[29.190808,45.118994],[29.195084,45.120733],[29.195723,45.122448],[29.192707,45.12362],[29.182738,45.12431],[29.176048,45.124045],[29.169067,45.120676],[29.159576,45.122449],[29.153967,45.121228],[29.13994,45.122688],[29.134753,45.124228],[29.132146,45.126527],[29.131166,45.13149],[29.124925,45.13303],[29.121599,45.13252],[29.119107,45.131074],[29.11518,45.131643],[29.108885,45.134839],[29.099464,45.137332],[29.087078,45.139165]]]}},
{"type":"Feature","id":"ROU:ADM2:RO-TL.bestepe","properties":{"shapeName":"BESTEPE","shapeISO":"","shapeGroup":"ROU","shapeType":"ADM2","adm1ISO":"RO-TL","parentISO":"RO-TL","parentID":"ROU:ADM1:RO-TL","src_shape_id":"2599482B43256284009930"},"geometry":{"type":"Polygon","coordinates":[[[29.008049,45.141298],[28.978195,45.138321],[28.985402,45.134227],[28.99151,45.129781],[28.995225,45.12822],[28.994118,45.123865],[28.98919,45.122589],[28.988202,45.121426],[28.987196,45.104746],[28.984473,45.105732],[28.97924,45.105154],[28.973536,45.107638],[28.972012,45.094333],[28.963793,45.092102],[28.957488,45.09239],[28.956359,45.074348],[28.964909,45.070069],[28.970688,45.068502],[28.982519,45.068269],[28.982392,45.063504],[28.978996,45.06297],[28.98209,45.062312],[28.986012,45.062638],[28.997108,45.056413],[28.999626,45.05657],[29.007126,45.053425],[29.009314,45.051175],[29.014052,45.052347],[29.016601,45.051845],[29.021408,45.048798],[29.024436,45.049169],[29.024286,45.051441],[29.02166,45.052178],[29.021732,45.059424],[29.020336,45.061197],[29.050649,45.055565],[29.051503,45.063918],[29.052954,45.086325],[29.051476,45.088604],[29.050459,45.09712],[29.052454,45.105104],[29.058104,45.115601],[29.067314,45.107816],[29.069887,45.109424],[29.070218,45.112769],[29.06814,45.116693],[29.087078,45.139165],[29.080397,45.140572],[29.063766,45.142913],[29.051949,45.144047],[29.035394,45.143749],[29.016326,45.141898],[29.008049,45.141298]]]}},
{"type":"Feature","id":"ROU:ADM2:RO-TL.isaccea","properties":{"shapeName":"ISACCEA","shapeISO":"","shapeGroup":"ROU","shapeType":"ADM2","adm1ISO":"RO-TL","parentISO":"RO-TL","parentID":"ROU:ADM1:RO-TL","src_shape_id":"2599482B37451561707315"},"geometry":{"type":"Polygon","coordinates":[[[28.568851,45.248249],[28.564787,45.249761],[28.561013,45.249601],[28.556886,45.251189],[28.544505,45.256878],[28.540318,45.25955],[28.532377,45.262464],[28.521748,45.26532],[28.510208,45.268837],[28.492939,45.275469],[28.466915,45.284232],[28.455482,45.287687],[28.444918,45.289512],[28.432555,45.293418],[28.410228,45.301067],[28.390196,45.306805],[28.388885,45.303883],[28.386542,45.301821],[28.387071,45.296303],[28.378363,45.291573],[28.377219,45.279394],[28.370269,45.277181],[28.368616,45.275487],[28.362467,45.275256],[28.358558,45.26817],[28.358605,45.266383],[28.356098,45.26441],[28.355508,45.262456],[28.358079,45.261581],[28.360451,45.262855],[28.361106,45.265542],[28.36365,45.266481],[28.365656,45.270886],[28.370778,45.270833],[28.371432,45.266759],[28.372889,45.265647],[28.372322,45.26305],[28.368887,45.258855],[28.363963,45.258048],[28.362569,45.253965],[28.360158,45.252624],[28.35846,45.249758],[28.360016,45.245844],[28.359312,45.243442],[28.36078,45.241804],[28.360342,45.237951],[28.362167,45.235019],[28.362694,45.229624],[28.36727,45.231027],[28.369837,45.230262],[28.374315,45.226443],[28.374982,45.224819],[28.373509,45.219836],[28.381777,45.220953],[28.383391,45.218095],[28.386905,45.217965],[28.388697,45.214772],[28.392425,45.21083],[28.398027,45.208807],[28.399266,45.209223],[28.411168,45.204747],[28.411652,45.207917],[28.40853,45.214786],[28.411625,45.214722],[28.417088,45.216096],[28.421487,45.215935],[28.422643,45.218478],[28.426041,45.222271],[28.432946,45.226911],[28.437644,45.235177],[28.457845,45.228904],[28.458891,45.230644],[28.471176,45.227508],[28.472658,45.224765],[28.477766,45.226381],[28.483061,45.226232],[28.490797,45.224828],[28.493866,45.226277],[28.497609,45.222689],[28.502892,45.221926],[28.507708,45.222499],[28.516837,45.222309],[28.519824,45.223493],[28.522881,45.223162],[28.527315,45.221391],[28.536611,45.218635],[28.538206,45.219747],[28.542627,45.218188],[28.550577,45.217844],[28.561317,45.228994],[28.563512,45.234468],[28.569766,45.245502],[28.568851,45.248249]]]}},
{"type":"Feature","id":"ROU:ADM2:RO-TL.niculitel","properties":{"shapeName":"NICULITEL","shapeISO":"","shapeGroup":"ROU","shapeType":"ADM2","adm1ISO":"RO-TL","parentISO":"RO-TL","parentID":"ROU:ADM1:RO-TL","src_shape_id":"2599482B9005867250176"},"geometry":{"type":"Polygon","coordinates":[[[28.550577,45.217844],[28.542627,45.218188],[28.538206,45.219747],[28.536611,45.218635],[28.527315,45.221391],[28.522881,45.223162],[28.519824,45.223493],[28.516837,45.222309],[28.507708,45.222499],[28.502892,45.221926],[28.497609,45.222689],[28.493866,45.226277],[28.490797,45.224828],[28.483061,45.226232],[28.477766,45.226381],[28.472658,45.224765],[28.471176,45.227508],[28.458891,45.230644],[28.457845,45.228904],[28.437644,45.235177],[28.432946,45.226911],[28.426041,45.222271],[28.422643,45.218478],[28.421487,45.215935],[28.417088,45.216096],[28.411625,45.214722],[28.40853,45.214786],[28.411652,45.207917],[28.411168,45.204747],[28.405638,45.202183],[28.405015,45.198211],[28.407385,45.182149],[28.409322,45.166561],[28.415814,45.160864],[28.415102,45.155862],[28.427569,45.149163],[28.427899,45.14384],[28.432363,45.143605],[28.4392,45.144372],[28.4454,45.147464],[28.448819,45.147774],[28.452846,45.153239],[28.457995,45.153698],[28.471356,45.148518],[28.47256,45.14923],[28.477514,45.146107],[28.480577,45.145973],[28.481967,45.149198],[28.48406,45.149816],[28.491404,45.14918],[28.494821,45.152411],[28.497347,45.158275],[28.499096,45.158982],[28.5023,45.15812],[28.506942,45.158087],[28.513557,45.1594],[28.516455,45.160569],[28.518152,45.16252],[28.523671,45.164908],[28.528906,45.162001],[28.533151,45.157643],[28.539932,45.154833],[28.537165,45.158182],[28.536385,45.162778],[28.538586,45.166576],[28.539514,45.170416],[28.537133,45.17173],[28.537141,45.177042],[28.536142,45.178649],[28.537061,45.181272],[28.539322,45.180805],[28.542947,45.183571],[28.546924,45.183546],[28.549689,45.184416],[28.553751,45.18238],[28.556285,45.177787],[28.561268,45.179217],[28.56395,45.181529],[28.570488,45.177102],[28.574073,45.181374],[28.567264,45.185482],[28.571827,45.189408],[28.568863,45.19004],[28.572397,45.193955],[28.569971,45.194419],[28.560713,45.197935],[28.556815,45.198719],[28.555562,45.199903],[28.555498,45.203297],[28.554191,45.209136],[28.550784,45.210606],[28.550255,45.213541],[28.550577,45.217844]]]}},
{"type":"Feature","id":"ROU:ADM2:RO-TL.valea-teilor","properties":{"shapeName":"VALEA TEILOR","shapeISO":"","shapeGroup":"ROU","shapeType":"ADM2","adm1ISO":"RO-TL","parentISO":"RO-TL","parentID":"ROU:ADM1:RO-TL","src_shape_id":"2599482B35189846283613"},"geometry":{"type":"Polygon","coordinates":[[[28.427899,45.14384],[28.420803,45.139815],[28.419069,45.133666],[28.422738,45.132556],[28.429358,45.12851],[28.432788,45.127296],[28.442401,45.118725],[28.447945,45.110195],[28.450743,45.110115],[28.456301,45.101919],[28.456105,45.098052],[28.457283,45.096209],[28.458686,45.087542],[28.457912,45.084343],[28.460026,45.078351],[28.45969,45.075013],[28.460546,45.068566],[28.459504,45.06726],[28.462452,45.062739],[28.473189,45.062525],[28.476706,45.063573],[28.478384,45.070164],[28.478128,45.072206],[28.486806,45.073501],[28.487778,45.075701],[28.486612,45.077255],[28.48848,45.080645],[28.48724,45.082463],[28.489445,45.088263],[28.491571,45.088252],[28.494979,45.092275],[28.497914,45.090112],[28.507877,45.089661],[28.509031,45.093074],[28.507668,45.097825],[28.509288,45.106296],[28.510055,45.113151],[28.512509,45.118195],[28.51555,45.120616],[28.515577,45.124532],[28.517204,45.128535],[28.52462,45.129296],[28.536399,45.134602],[28.543326,45.133485],[28.548714,45.138269],[28.550666,45.14406],[28.555595,45.148931],[28.546547,45.153423],[28.54373,45.153292],[28.539932,45.154833],[28.533151,45.157643],[28.528906,45.162001],[28.523671,45.164908],[28.518152,45.16252],[28.516455,45.160569],[28.513557,45.1594],[28.506942,45.158087],[28.5023,45.15812],[28.499096,45.158982],[28.497347,45.158275],[28.494821,45.152411],[28.491404,45.14918],[28.48406,45.149816],[28.481967,45.149198],[28.480577,45.145973],[28.477514,45.146107],[28.47256,45.14923],[28.471356,45.148518],[28.457995,45.153698],[28.452846,45.153239],[28.448819,45.147774],[28.4454,45.147464],[28.4392,45.144372],[28.432363,45.143605],[28.427899,45.14384]]]}},
{"type":"Feature","id":"ROU:ADM2:RO-TL.frecatei","properties":{"shapeName":"FRECATEI","shapeISO":"","shapeGroup":"ROU","shapeType":"ADM2","adm1ISO":"RO-TL","parentISO":"RO-TL","parentID":"ROU:ADM1:RO-TL","src_shape_id":"2599482B40315374043911"},"geometry":{"type":"Polygon","coordinates":[[[28.687092,45.129681],[28.684232,45.131907],[28.682764,45.127669],[28.676755,45.128669],[28.677503,45.130893],[28.664771,45.135617],[28.650965,45.142464],[28.639458,45.143933],[28.632784,45.143428],[28.618005,45.141693],[28.6153,45.145472],[28.603107,45.160346],[28.596294,45.165994],[28.593493,45.169995],[28.586948,45.177096],[28.585588,45.179639],[28.586309,45.181961],[28.58438,45.182651],[28.579388,45.186973],[28.578445,45.18913],[28.571827,45.189408],[28.567264,45.185482],[28.574073,45.181374],[28.570488,45.177102],[28.56395,45.181529],[28.561268,45.179217],[28.556285,45.177787],[28.553751,45.18238],[28.549689,45.184416],[28.546924,45.183546],[28.542947,45.183571],[28.539322,45.180805],[28.537061,45.181272],[28.536142,45.178649],[28.537141,45.177042],[28.537133,45.17173],[28.539514,45.170416],[28.538586,45.166576],[28.536385,45.162778],[28.537165,45.158182],[28.539932,45.154833],[28.54373,45.153292],[28.546547,45.153423],[28.555595,45.148931],[28.558955,45.148282],[28.565352,45.145492],[28.568084,45.145352],[28.571454,45.142706],[28.575481,45.141228],[28.577633,45.139575],[28.580006,45.134757],[28.582392,45.133278],[28.579144,45.132167],[28.576959,45.132505],[28.574257,45.130088],[28.575032,45.128204],[28.570069,45.126241],[28.575578,45.125622],[28.579415,45.122126],[28.566134,45.125005],[28.562161,45.124556],[28.551187,45.120828],[28.552847,45.118314],[28.563313,45.114523],[28.571333,45.107937],[28.573435,45.102469],[28.575688,45.09995],[28.58021,45.099754],[28.583564,45.100777],[28.583548,45.092335],[28.584125,45.089285],[28.592331,45.086378],[28.593478,45.084692],[28.602485,45.089059],[28.608451,45.084796],[28.617111,45.087463],[28.634092,45.093122],[28.643352,45.088618],[28.647807,45.085049],[28.653983,45.081035],[28.660035,45.078539],[28.662237,45.078396],[28.66203,45.072063],[28.680426,45.078746],[28.690331,45.080931],[28.695987,45.073356],[28.708351,45.076147],[28.708793,45.07498],[28.721943,45.076431],[28.756181,45.083205],[28.759926,45.079242],[28.761786,45.078863],[28.763971,45.07354],[28.766774,45.074104],[28.768357,45.070393],[28.778647,45.072906],[28.777226,45.075461],[28.775205,45.076109],[28.772772,45.080025],[28.762506,45.094995],[28.758513,45.096102],[28.760405,45.098163],[28.754411,45.107098],[28.748324,45.105353],[28.742933,45.104501],[28.749847,45.118808],[28.755799,45.130616],[28.753574,45.135693],[28.740453,45.135838],[28.739586,45.133391],[28.732837,45.134002],[28.730394,45.133562],[28.702226,45.123288],[28.697408,45.120807],[28.697204,45.126007],[28.694045,45.125766],[28.690038,45.127019],[28.687092,45.129681]]]}},
{"type":"Feature","id":"ROU:ADM2:RO-TL.hamcearca","properties":{"shapeName":"HAMCEARCA","shapeISO":"","shapeGroup":"ROU","shapeType":"ADM2","adm1ISO":"RO-TL","parentISO":"RO-TL","parentID":"ROU:ADM1:RO-TL","src_shape_id":"2599482B65453022106945"},"geometry":{"type":"Polygon","coordinates":[[[28.362694,45.229624],[28.358063,45.22789],[28.353353,45.227759],[28.350304,45.226249],[28.349969,45.222357],[28.348228,45.220135],[28.344439,45.217177],[28.341076,45.216833],[28.336319,45.218241],[28.333735,45.217432],[28.331443,45.218212],[28.326879,45.221744],[28.324904,45.2219],[28.32156,45.20809],[28.321846,45.205681],[28.318069,45.205484],[28.311009,45.206213],[28.306451,45.207214],[28.299582,45.210519],[28.292569,45.204483],[28.290277,45.198809],[28.287506,45.199476],[28.28502,45.201939],[28.278018,45.198425],[28.274386,45.19493],[28.275356,45.191633],[28.280665,45.191156],[28.282421,45.184951],[28.285705,45.18075],[28.287933,45.180458],[28.291322,45.175757],[28.296836,45.174672],[28.29791,45.175316],[28.306754,45.174737],[28.309981,45.175892],[28.315708,45.173722],[28.31568,45.171012],[28.317214,45.169099],[28.322362,45.167218],[28.329768,45.159889],[28.336043,45.155844],[28.338691,45.151591],[28.341398,45.147094],[28.341346,45.144907],[28.34308,45.142147],[28.349899,45.138313],[28.346665,45.135419],[28.350582,45.133889],[28.359205,45.13207],[28.355885,45.129695],[28.35473,45.125479],[28.358777,45.120656],[28.36901,45.112132],[28.365901,45.107389],[28.363189,45.106844],[28.359977,45.10479],[28.358838,45.102724],[28.360768,45.100482],[28.361451,45.094524],[28.360768,45.092114],[28.362109,45.089544],[28.362547,45.085418],[28.365005,45.084569],[28.363377,45.080821],[28.366549,45.078129],[28.365891,45.073465],[28.370446,45.071815],[28.373434,45.067679],[28.379305,45.062284],[28.381234,45.056928],[28.386223,45.058513],[28.395596,45.058617],[28.39664,45.060429],[28.406184,45.060049],[28.405206,45.057884],[28.40449,45.052096],[28.405215,45.044668],[28.401833,45.038599],[28.402938,45.03697],[28.406675,45.035081],[28.408012,45.036117],[28.411647,45.035544],[28.419028,45.038524],[28.421049,45.040335],[28.421753,45.042754],[28.430279,45.043025],[28.426578,45.048014],[28.424415,45.054739],[28.421262,45.059019],[28.438122,45.059811],[28.435179,45.070998],[28.435769,45.073372],[28.439892,45.074818],[28.438273,45.077149],[28.435514,45.078511],[28.433818,45.081582],[28.431784,45.081417],[28.430174,45.078903],[28.426545,45.078047],[28.422244,45.083306],[28.419237,45.083003],[28.416623,45.085531],[28.414448,45.093134],[28.418144,45.096378],[28.422878,45.096878],[28.427074,45.099171],[28.428252,45.101042],[28.42787,45.103923],[28.430947,45.103923],[28.429728,45.108289],[28.431708,45.110228],[28.438846,45.115173],[28.440186,45.111618],[28.441966,45.110736],[28.447945,45.110195],[28.442401,45.118725],[28.432788,45.127296],[28.429358,45.12851],[28.422738,45.132556],[28.419069,45.133666],[28.420803,45.139815],[28.427899,45.14384],[28.427569,45.149163],[28.415102,45.155862],[28.415814,45.160864],[28.409322,45.166561],[28.407385,45.182149],[28.405015,45.198211],[28.405638,45.202183],[28.411168,45.204747],[28.399266,45.209223],[28.398027,45.208807],[28.392425,45.21083],[28.388697,45.214772],[28.386905,45.217965],[28.383391,45.218095],[28.381777,45.220953],[28.373509,45.219836],[28.374982,45.224819],[28.374315,45.226443],[28.369837,45.230262],[28.36727,45.231027],[28.362694,45.229624]]]}},
{"type":"Feature","id":"ROU:ADM2:RO-TL.cerna","properties":{"shapeName":"CERNA","shapeISO":"","shapeGroup":"ROU","shapeType":"ADM2","adm1ISO":"RO-TL","parentISO":"RO-TL","parentID":"ROU:ADM1:RO-TL","src_shape_id":"2599482B66510571343783"},"geometry":{"type":"Polygon","coordinates":[[[28.338691,45.151591],[28.330557,45.151756],[28.326171,45.148893],[28.325775,45.146596],[28.329799,45.141798],[28.328552,45.139369],[28.323551,45.136364],[28.322418,45.134218],[28.316257,45.132408],[28.304436,45.127323],[28.298763,45.132577],[28.29674,45.133137],[28.28613,45.128344],[28.282065,45.128024],[28.275161,45.131569],[28.269498,45.133347],[28.267728,45.134971],[28.263124,45.13646],[28.260075,45.134484],[28.253095,45.127843],[28.254681,45.126979],[28.253707,45.123384],[28.240861,45.118589],[28.242141,45.11583],[28.240414,45.113127],[28.237801,45.111041],[28.236568,45.10509],[28.232324,45.10402],[28.222514,45.102617],[28.220999,45.108292],[28.212331,45.101955],[28.20945,45.101715],[28.21081,45.098038],[28.207899,45.09781],[28.207021,45.09365],[28.211515,45.089852],[28.213375,45.085345],[28.210959,45.083378],[28.206321,45.082093],[28.20571,45.079676],[28.209515,45.077295],[28.210365,45.074968],[28.217995,45.068287],[28.214247,45.067055],[28.193685,45.069693],[28.193341,45.071111],[28.175466,45.067432],[28.180994,45.054724],[28.184077,45.036136],[28.185741,45.029047],[28.194931,45.028207],[28.199995,45.025438],[28.20656,45.024109],[28.209041,45.02095],[28.21095,45.020299],[28.209519,45.004088],[28.20783,44.999761],[28.204447,44.997032],[28.188393,44.997464],[28.186163,44.994877],[28.185912,44.992161],[28.189683,44.990224],[28.193473,44.986886],[28.197676,44.986739],[28.196251,44.982363],[28.197811,44.98154],[28.196723,44.977747],[28.216784,44.977734],[28.22678,44.976128],[28.229893,44.98602],[28.257022,44.986831],[28.270024,44.987031],[28.2712,44.978515],[28.274398,44.976056],[28.293812,44.99207],[28.296357,44.995765],[28.291726,44.999078],[28.295681,44.998852],[28.300603,45.001741],[28.304152,45.006482],[28.309356,45.006744],[28.312539,45.006271],[28.312679,45.004752],[28.318737,45.00271],[28.321665,45.000074],[28.324076,45.001264],[28.340779,45.005259],[28.342853,45.004508],[28.350282,44.999754],[28.353041,44.998535],[28.350898,44.995817],[28.353884,44.992372],[28.350051,44.991127],[28.343629,44.990193],[28.341462,44.988598],[28.341145,44.985079],[28.352221,44.983585],[28.351747,44.980408],[28.355071,44.978691],[28.363189,44.978876],[28.366117,44.97773],[28.379022,44.984389],[28.378852,44.987721],[28.388255,44.988127],[28.390077,44.989591],[28.388614,44.993549],[28.382412,44.993596],[28.384845,44.999594],[28.390335,45.00435],[28.395305,45.010385],[28.397308,45.011487],[28.402257,45.011748],[28.407683,45.015971],[28.408826,45.02031],[28.4065,45.031731],[28.409129,45.034443],[28.411647,45.035544],[28.408012,45.036117],[28.406675,45.035081],[28.402938,45.03697],[28.401833,45.038599],[28.405215,45.044668],[28.40449,45.052096],[28.405206,45.057884],[28.406184,45.060049],[28.39664,45.060429],[28.395596,45.058617],[28.386223,45.058513],[28.381234,45.056928],[28.379305,45.062284],[28.373434,45.067679],[28.370446,45.071815],[28.365891,45.073465],[28.366549,45.078129],[28.363377,45.080821],[28.365005,45.084569],[28.362547,45.085418],[28.362109,45.089544],[28.360768,45.092114],[28.361451,45.094524],[28.360768,45.100482],[28.358838,45.102724],[28.359977,45.10479],[28.363189,45.106844],[28.365901,45.107389],[28.36901,45.112132],[28.358777,45.120656],[28.35473,45.125479],[28.355885,45.129695],[28.359205,45.13207],[28.350582,45.133889],[28.346665,45.135419],[28.349899,45.138313],[28.34308,45.142147],[28.341346,45.144907],[28.341398,45.147094],[28.338691,45.151591]]]}},
{"type":"Feature","id":"ROU:ADM2:RO-TL.jijila","properties":{"shapeName":"JIJILA","shapeISO":"","shapeGroup":"ROU","shapeType":"ADM2","adm1ISO":"RO-TL","parentISO":"RO-TL","parentID":"ROU:ADM1:RO-TL","src_shape_id":"2599482B36076163507486"},"geometry":{"type":"Polygon","coordinates":[[[28.156515,45.425738],[28.144223,45.431668],[28.130786,45.437284],[28.123499,45.438693],[28.107317,45.441265],[28.101067,45.441166],[28.101929,45.431846],[28.098614,45.427966],[28.087034,45.415865],[28.091681,45.413575],[28.07483,45.396101],[28.080027,45.397148],[28.10092,45.398479],[28.11648,45.395694],[28.116942,45.389737],[28.11233,45.389851],[28.109465,45.387776],[28.109938,45.384903],[28.112392,45.382196],[28.116363,45.379509],[28.117389,45.375936],[28.117247,45.372664],[28.119334,45.371047],[28.127101,45.368957],[28.130097,45.366951],[28.134018,45.361581],[28.133823,45.359959],[28.137845,45.35724],[28.136814,45.352009],[28.138898,45.350269],[28.140836,45.34547],[28.140726,45.341465],[28.141557,45.338883],[28.141266,45.334259],[28.148173,45.328141],[28.149273,45.325495],[28.149842,45.32096],[28.146449,45.316015],[28.132625,45.311781],[28.112725,45.303738],[28.097684,45.297948],[28.090258,45.292744],[28.085675,45.292275],[28.079849,45.292572],[28.074893,45.285576],[28.073883,45.280876],[28.079589,45.280721],[28.079909,45.277962],[28.081491,45.276222],[28.084024,45.276127],[28.084254,45.280346],[28.096485,45.280262],[28.097973,45.281448],[28.104384,45.281538],[28.105884,45.280863],[28.122329,45.279649],[28.12853,45.278996],[28.142789,45.278155],[28.139949,45.272443],[28.145873,45.272171],[28.149506,45.272912],[28.152054,45.274836],[28.155034,45.271512],[28.158021,45.271378],[28.169386,45.272067],[28.174862,45.267937],[28.177494,45.268609],[28.180887,45.267181],[28.182966,45.264309],[28.183109,45.261261],[28.184508,45.259801],[28.184284,45.257105],[28.188682,45.256204],[28.190249,45.25495],[28.194731,45.253919],[28.197004,45.249807],[28.200919,45.248752],[28.203498,45.245602],[28.203915,45.242893],[28.207897,45.24254],[28.211043,45.242594],[28.2201,45.239032],[28.224635,45.240101],[28.228862,45.238613],[28.231543,45.239585],[28.23037,45.242399],[28.231987,45.244563],[28.23042,45.245734],[28.231254,45.248864],[28.230171,45.253835],[28.225937,45.252179],[28.223578,45.253122],[28.220803,45.255642],[28.216297,45.263865],[28.213548,45.267578],[28.214606,45.271534],[28.212232,45.274308],[28.208227,45.276247],[28.205581,45.279913],[28.201002,45.279352],[28.197215,45.284935],[28.190085,45.286588],[28.186746,45.286223],[28.183227,45.289795],[28.182354,45.297749],[28.177095,45.299038],[28.176576,45.309734],[28.176473,45.321335],[28.175057,45.32732],[28.17678,45.327895],[28.179178,45.332049],[28.181447,45.334266],[28.180774,45.337863],[28.195783,45.354643],[28.199826,45.352869],[28.201565,45.354884],[28.210229,45.351068],[28.226865,45.370313],[28.216072,45.37566],[28.212836,45.373871],[28.197549,45.356705],[28.184513,45.362424],[28.191547,45.369834],[28.186822,45.372258],[28.197891,45.384771],[28.184137,45.391612],[28.182985,45.390532],[28.176627,45.395517],[28.144184,45.413958],[28.153591,45.422],[28.156515,45.425738]]]}},
{"type":"Feature","id":"ROU:ADM2:RO-TL.i-c-bratianu","properties":{"shapeName":"I.C.BRATIANU","shapeISO":"","shapeGroup":"ROU","shapeType":"ADM2","adm1ISO":"RO-TL","parentISO":"RO-TL","parentID":"ROU:ADM1:RO-TL","src_shape_id":"2599482B65427489105353"},"geometry":{"type":"Polygon","coordinates":[[[28.024628,45.359489],[28.036589,45.359389],[28.039484,45.361214],[28.050493,45.360802],[28.108565,45.359407],[28.111561,45.35954],[28.113863,45.362911],[28.11939,45.36506],[28.130097,45.366951],[28.127101,45.368957],[28.119334,45.371047],[28.117247,45.372664],[28.117389,45.375936],[28.116363,45.379509],[28.112392,45.382196],[28.109938,45.384903],[28.109465,45.387776],[28.11233,45.389851],[28.116942,45.389737],[28.11648,45.395694],[28.10092,45.398479],[28.080027,45.397148],[28.07483,45.396101],[28.091681,45.413575],[28.087034,45.415865],[28.098614,45.427966],[28.101929,45.431846],[28.101067,45.441166],[28.098263,45.441105],[28.088202,45.439628],[28.074936,45.434797],[28.065266,45.430126],[28.05419,45.424247],[28.03898,45.415873],[28.032775,45.408386],[28.03055,45.404338],[28.028789,45.40047],[28.026701,45.393499],[28.026266,45.388813],[28.026426,45.381444],[28.027279,45.375397],[28.027025,45.368373],[28.024628,45.359489]]]}},
{"type":"Feature","id":"ROU:ADM2:RO-TL.smardan","properties":{"shapeName":"SMARDAN","shapeISO":"","shapeGroup":"ROU","shapeType":"ADM2","adm1ISO":"RO-TL","parentISO":"RO-TL","parentID":"ROU:ADM1:RO-TL","src_shape_id":"2599482B36472958549057"},"geometry":{"type":"Polygon","coordinates":[[[28.068115,45.252249],[28.068335,45.26066],[28.058609,45.261978],[28.056872,45.261723],[28.049998,45.263391],[28.050785,45.266052],[28.068017,45.264838],[28.072947,45.264217],[28.073592,45.276276],[28.064945,45.276526],[28.065654,45.282514],[28.066874,45.285795],[28.066203,45.288138],[28.074893,45.285576],[28.079849,45.292572],[28.085675,45.292275],[28.090258,45.292744],[28.097684,45.297948],[28.112725,45.303738],[28.132625,45.311781],[28.146449,45.316015],[28.149842,45.32096],[28.149273,45.325495],[28.148173,45.328141],[28.141266,45.334259],[28.141557,45.338883],[28.140726,45.341465],[28.140836,45.34547],[28.138898,45.350269],[28.136814,45.352009],[28.137845,45.35724],[28.133823,45.359959],[28.134018,45.361581],[28.130097,45.366951],[28.11939,45.36506],[28.113863,45.362911],[28.111561,45.35954],[28.108565,45.359407],[28.050493,45.360802],[28.039484,45.361214],[28.036589,45.359389],[28.024628,45.359489],[28.022892,45.352509],[28.012151,45.334174],[28.010949,45.330637],[28.010053,45.323729],[28.008486,45.32046],[28.004674,45.316017],[27.999218,45.308177],[27.997554,45.301359],[27.994844,45.286751],[28.004075,45.280987],[28.011842,45.274094],[28.018179,45.269524],[28.027821,45.264547],[28.038164,45.260587],[28.046031,45.258002],[28.057715,45.254742],[28.068115,45.252249]]]}},
{"type":"Feature","id":"ROU:ADM2:RO-TL.turcoaia","properties":{"shapeName":"TURCOAIA","shapeISO":"","shapeGroup":"ROU","shapeType":"ADM2","adm1ISO":"RO-TL","parentISO":"RO-TL","parentID":"ROU:ADM1:RO-TL","src_shape_id":"2599482B2889768165110"},"geometry":{"type":"Polygon","coordinates":[[[28.141246,45.058405],[28.164801,45.061255],[28.163421,45.064902],[28.175466,45.067432],[28.193341,45.071111],[28.193685,45.069693],[28.214247,45.067055],[28.217995,45.068287],[28.210365,45.074968],[28.209515,45.077295],[28.20571,45.079676],[28.206321,45.082093],[28.210959,45.083378],[28.213375,45.085345],[28.211515,45.089852],[28.207021,45.09365],[28.207899,45.09781],[28.21081,45.098038],[28.20945,45.101715],[28.212331,45.101955],[28.220999,45.108292],[28.222514,45.102617],[28.232324,45.10402],[28.236568,45.10509],[28.237801,45.111041],[28.240414,45.113127],[28.242141,45.11583],[28.240861,45.118589],[28.253707,45.123384],[28.248512,45.12683],[28.241311,45.132535],[28.239026,45.13384],[28.231958,45.130623],[28.216748,45.14858],[28.204047,45.163287],[28.20086,45.16433],[28.198392,45.160458],[28.194716,45.159792],[28.190172,45.156287],[28.188887,45.153961],[28.183832,45.15196],[28.180509,45.149841],[28.175714,45.148576],[28.173619,45.147273],[28.181254,45.143642],[28.188953,45.141185],[28.192147,45.141861],[28.196247,45.140027],[28.197684,45.136875],[28.193611,45.13423],[28.182847,45.130345],[28.173957,45.126279],[28.169624,45.122111],[28.170032,45.118482],[28.178685,45.108396],[28.17898,45.105712],[28.17574,45.101887],[28.172363,45.100346],[28.168665,45.099981],[28.160406,45.10024],[28.147502,45.1011],[28.140396,45.103944],[28.136198,45.102695],[28.134861,45.098718],[28.13557,45.087488],[28.134182,45.082417],[28.138663,45.064377],[28.141246,45.058405]]]}},
{"type":"Feature","id":"ROU:ADM2:RO-TL.greci","properties":{"shapeName":"GRECI","shapeISO":"","shapeGroup":"ROU","shapeType":"ADM2","adm1ISO":"RO-TL","parentISO":"RO-TL","parentID":"ROU:ADM1:RO-TL","src_shape_id":"2599482B78570250363817"},"geometry":{"type":"Polygon","coordinates":[[[28.173619,45.147273],[28.175714,45.148576],[28.180509,45.149841],[28.183832,45.15196],[28.188887,45.153961],[28.190172,45.156287],[28.194716,45.159792],[28.198392,45.160458],[28.20086,45.16433],[28.204047,45.163287],[28.216748,45.14858],[28.231958,45.130623],[28.239026,45.13384],[28.241311,45.132535],[28.248512,45.12683],[28.253707,45.123384],[28.254681,45.126979],[28.253095,45.127843],[28.260075,45.134484],[28.263124,45.13646],[28.267728,45.134971],[28.269498,45.133347],[28.275161,45.131569],[28.282065,45.128024],[28.28613,45.128344],[28.29674,45.133137],[28.298763,45.132577],[28.304436,45.127323],[28.316257,45.132408],[28.322418,45.134218],[28.323551,45.136364],[28.328552,45.139369],[28.329799,45.141798],[28.325775,45.146596],[28.326171,45.148893],[28.330557,45.151756],[28.338691,45.151591],[28.336043,45.155844],[28.329768,45.159889],[28.322362,45.167218],[28.317214,45.169099],[28.31568,45.171012],[28.315708,45.173722],[28.309981,45.175892],[28.306754,45.174737],[28.29791,45.175316],[28.296836,45.174672],[28.291322,45.175757],[28.287933,45.180458],[28.285705,45.18075],[28.282421,45.184951],[28.280665,45.191156],[28.275356,45.191633],[28.274386,45.19493],[28.270554,45.20104],[28.264251,45.203233],[28.263614,45.209802],[28.260627,45.21294],[28.25902,45.215879],[28.258631,45.221221],[28.255526,45.225348],[28.253038,45.231758],[28.248482,45.231404],[28.246183,45.234295],[28.242895,45.234854],[28.240581,45.238425],[28.236561,45.239417],[28.231543,45.239585],[28.228862,45.238613],[28.224635,45.240101],[28.2201,45.239032],[28.211043,45.242594],[28.207897,45.24254],[28.206942,45.239191],[28.206902,45.233853],[28.208844,45.23334],[28.206142,45.227255],[28.209097,45.2218],[28.214419,45.224235],[28.21744,45.222063],[28.197853,45.213439],[28.188033,45.209499],[28.185527,45.212685],[28.176531,45.208913],[28.182973,45.201183],[28.18642,45.194442],[28.181744,45.193453],[28.192518,45.17055],[28.193393,45.167258],[28.184117,45.165634],[28.1761,45.163797],[28.174856,45.16479],[28.171535,45.163302],[28.159888,45.156271],[28.173619,45.147273]]]}},
{"type":"Feature","id":"ROU:ADM2:RO-TL.macin","properties":{"shapeName":"MACIN","shapeISO":"","shapeGroup":"ROU","shapeType":"ADM2","adm1ISO":"RO-TL","parentISO":"RO-TL","parentID":"ROU:ADM1:RO-TL","src_shape_id":"2599482B26463842882157"},"geometry":{"type":"Polygon","coordinates":[[[28.109368,45.209836],[28.130307,45.208077],[28.131471,45.208341],[28.168171,45.20537],[28.176531,45.208913],[28.185527,45.212685],[28.188033,45.209499],[28.197853,45.213439],[28.21744,45.222063],[28.214419,45.224235],[28.209097,45.2218],[28.206142,45.227255],[28.208844,45.23334],[28.206902,45.233853],[28.206942,45.239191],[28.207897,45.24254],[28.203915,45.242893],[28.203498,45.245602],[28.200919,45.248752],[28.197004,45.249807],[28.194731,45.253919],[28.190249,45.25495],[28.188682,45.256204],[28.184284,45.257105],[28.184508,45.259801],[28.183109,45.261261],[28.182966,45.264309],[28.180887,45.267181],[28.177494,45.268609],[28.174862,45.267937],[28.169386,45.272067],[28.158021,45.271378],[28.155034,45.271512],[28.152054,45.274836],[28.149506,45.272912],[28.145873,45.272171],[28.139949,45.272443],[28.142789,45.278155],[28.12853,45.278996],[28.122329,45.279649],[28.105884,45.280863],[28.104384,45.281538],[28.097973,45.281448],[28.096485,45.280262],[28.084254,45.280346],[28.084024,45.276127],[28.081491,45.276222],[28.079909,45.277962],[28.079589,45.280721],[28.073883,45.280876],[28.074893,45.285576],[28.066203,45.288138],[28.066874,45.285795],[28.065654,45.282514],[28.064945,45.276526],[28.073592,45.276276],[28.072947,45.264217],[28.068017,45.264838],[28.050785,45.266052],[28.049998,45.263391],[28.056872,45.261723],[28.058609,45.261978],[28.068335,45.26066],[28.068115,45.252249],[28.08475,45.249595],[28.094768,45.249442],[28.101096,45.25118],[28.105792,45.254094],[28.109724,45.258104],[28.113497,45.259193],[28.11608,45.258009],[28.118516,45.252648],[28.119629,45.24665],[28.122841,45.24056],[28.128809,45.236479],[28.130606,45.233806],[28.129821,45.23229],[28.117358,45.218986],[28.109368,45.209836]]]}},
{"type":"Feature","id":"ROU:ADM2:RO-TL.carcaliu","properties":{"shapeName":"CARCALIU","shapeISO":"","shapeGroup":"ROU","shapeType":"ADM2","adm1ISO":"RO-TL","parentISO":"RO-TL","parentID":"ROU:ADM1:RO-TL","src_shape_id":"2599482B4283959466403"},"geometry":{"type":"Polygon","coordinates":[[[28.159888,45.156271],[28.171535,45.163302],[28.174856,45.16479],[28.1761,45.163797],[28.184117,45.165634],[28.193393,45.167258],[28.192518,45.17055],[28.181744,45.193453],[28.18642,45.194442],[28.182973,45.201183],[28.176531,45.208913],[28.168171,45.20537],[28.131471,45.208341],[28.130307,45.208077],[28.109368,45.209836],[28.102707,45.202786],[28.093482,45.194535],[28.091313,45.191222],[28.093627,45.188303],[28.109021,45.181637],[28.119094,45.176703],[28.136144,45.170604],[28.140909,45.168467],[28.15109,45.162274],[28.159888,45.156271]]]}},
{"type":"Feature","id":"ROU:ADM2:RO-TL.dorobantu","properties":{"shapeName":"DOROBANTU","shapeISO":"","shapeGroup":"ROU","shapeType":"ADM2","adm1ISO":"RO-TL","parentISO":"RO-TL","parentID":"ROU:ADM1:RO-TL","src_shape_id":"2599482B37280829383537"},"geometry":{"type":"Polygon","coordinates":[[[28.22678,44.976128],[28.225587,44.973477],[28.22816,44.968094],[28.230137,44.966111],[28.23227,44.962088],[28.23528,44.959887],[28.23628,44.957792],[28.232779,44.954556],[28.222017,44.955302],[28.218403,44.954371],[28.215468,44.949004],[28.212675,44.946006],[28.210357,44.940286],[28.20774,44.939212],[28.206309,44.930386],[28.223869,44.927495],[28.231755,44.92746],[28.233307,44.926351],[28.235118,44.921755],[28.239213,44.91778],[28.238557,44.916557],[28.240013,44.913516],[28.244671,44.911795],[28.243481,44.90833],[28.254569,44.904583],[28.264648,44.90056],[28.278283,44.895601],[28.287922,44.895058],[28.28869,44.895879],[28.293713,44.895892],[28.294441,44.900922],[28.305197,44.899392],[28.30743,44.906036],[28.309308,44.904943],[28.329488,44.916881],[28.333883,44.920306],[28.338003,44.921417],[28.337193,44.915752],[28.360444,44.907841],[28.363879,44.91141],[28.367159,44.910892],[28.371363,44.911282],[28.372421,44.907831],[28.380972,44.90913],[28.385126,44.907682],[28.389751,44.913251],[28.387849,44.915109],[28.38696,44.918055],[28.387043,44.922312],[28.38874,44.923466],[28.388914,44.928704],[28.384843,44.929134],[28.383208,44.93784],[28.37943,44.938353],[28.381521,44.940551],[28.381988,44.944464],[28.380967,44.947247],[28.378291,44.949817],[28.378764,44.951027],[28.378204,44.958206],[28.381035,44.959962],[28.387854,44.957833],[28.387912,44.96488],[28.388921,44.967803],[28.395946,44.970379],[28.399343,44.9723],[28.395844,44.974816],[28.398303,44.980892],[28.395205,44.983454],[28.391951,44.988477],[28.390077,44.989591],[28.388255,44.988127],[28.378852,44.987721],[28.379022,44.984389],[28.366117,44.97773],[28.363189,44.978876],[28.355071,44.978691],[28.351747,44.980408],[28.352221,44.983585],[28.341145,44.985079],[28.341462,44.988598],[28.343629,44.990193],[28.350051,44.991127],[28.353884,44.992372],[28.350898,44.995817],[28.353041,44.998535],[28.350282,44.999754],[28.342853,45.004508],[28.340779,45.005259],[28.324076,45.001264],[28.321665,45.000074],[28.318737,45.00271],[28.312679,45.004752],[28.312539,45.006271],[28.309356,45.006744],[28.304152,45.006482],[28.300603,45.001741],[28.295681,44.998852],[28.291726,44.999078],[28.296357,44.995765],[28.293812,44.99207],[28.274398,44.976056],[28.2712,44.978515],[28.270024,44.987031],[28.257022,44.986831],[28.229893,44.98602],[28.22678,44.976128]]]}},
{"type":"Feature","id":"ROU:ADM2:RO-TL.daeni","properties":{"shapeName":"DAENI","shapeISO":"","shapeGroup":"ROU","shapeType":"ADM2","adm1ISO":"RO-TL","parentISO":"RO-TL","parentID":"ROU:ADM1:RO-TL","src_shape_id":"2599482B15451384622174"},"geometry":{"type":"Polygon","coordinates":[[[28.074147,44.803893],[28.080255,44.801813],[28.099501,44.797112],[28.110079,44.793507],[28.115476,44.793687],[28.122165,44.798344],[28.123933,44.796524],[28.129711,44.797781],[28.132571,44.800849],[28.138192,44.801373],[28.153511,44.800303],[28.181635,44.785367],[28.200476,44.775414],[28.202649,44.775551],[28.203086,44.778042],[28.205889,44.782524],[28.208122,44.784676],[28.209918,44.783187],[28.222222,44.793003],[28.222755,44.793751],[28.228802,44.812363],[28.231228,44.817149],[28.230735,44.818678],[28.233675,44.82608],[28.231258,44.826585],[28.233933,44.829315],[28.234499,44.836937],[28.230319,44.838009],[28.229506,44.843104],[28.226477,44.854267],[28.225962,44.85435],[28.221823,44.867702],[28.222309,44.86865],[28.224302,44.882826],[28.222054,44.883339],[28.220571,44.885705],[28.205865,44.888592],[28.201857,44.888946],[28.201188,44.884104],[28.200231,44.883473],[28.198905,44.871633],[28.19128,44.873065],[28.161721,44.878048],[28.146735,44.880704],[28.137974,44.883805],[28.132878,44.879494],[28.126477,44.876649],[28.11999,44.875483],[28.112411,44.872036],[28.108686,44.869885],[28.103704,44.865373],[28.100072,44.861422],[28.098115,44.857647],[28.097165,44.85111],[28.097582,44.846826],[28.096047,44.844418],[28.090118,44.838282],[28.087464,44.83461],[28.082482,44.830042],[28.079531,44.823343],[28.076424,44.819922],[28.074124,44.812237],[28.074147,44.803893]]]}},
{"type":"Feature","id":"ROU:ADM2:RO-TL.topolog","properties":{"shapeName":"TOPOLOG","shapeISO":"","shapeGroup":"ROU","shapeType":"ADM2","adm1ISO":"RO-TL","parentISO":"RO-TL","parentID":"ROU:ADM1:RO-TL","src_shape_id":"2599482B94952153685810"},"geometry":{"type":"Polygon","coordinates":[[[28.206309,44.930386],[28.202852,44.90945],[28.201998,44.90519],[28.201782,44.898206],[28.201038,44.896455],[28.201857,44.888946],[28.205865,44.888592],[28.220571,44.885705],[28.222054,44.883339],[28.224302,44.882826],[28.222309,44.86865],[28.221823,44.867702],[28.225962,44.85435],[28.226477,44.854267],[28.229506,44.843104],[28.230319,44.838009],[28.234499,44.836937],[28.233933,44.829315],[28.231258,44.826585],[28.233675,44.82608],[28.234666,44.827169],[28.251169,44.825702],[28.252395,44.830959],[28.279419,44.828491],[28.289221,44.833376],[28.304317,44.831824],[28.317514,44.830894],[28.31815,44.833858],[28.316623,44.835676],[28.320893,44.837853],[28.320818,44.839566],[28.322569,44.844099],[28.327732,44.839521],[28.331979,44.833499],[28.329139,44.818889],[28.326612,44.816943],[28.323074,44.8177],[28.319027,44.817345],[28.321448,44.812483],[28.322814,44.814546],[28.32901,44.813683],[28.330618,44.816419],[28.337874,44.816013],[28.340095,44.810717],[28.339503,44.807195],[28.355418,44.805961],[28.354967,44.802215],[28.37484,44.800846],[28.378792,44.799779],[28.384801,44.80019],[28.388312,44.798339],[28.392823,44.799372],[28.393899,44.797986],[28.390623,44.796126],[28.401432,44.783581],[28.420669,44.793666],[28.422312,44.800489],[28.424485,44.799386],[28.436445,44.790872],[28.439927,44.788738],[28.443736,44.789264],[28.447276,44.78819],[28.446261,44.786009],[28.456478,44.790838],[28.450751,44.79343],[28.455691,44.800959],[28.456391,44.804461],[28.45911,44.806662],[28.454809,44.808201],[28.460083,44.815881],[28.441584,44.82216],[28.444559,44.824928],[28.448893,44.830903],[28.451104,44.832575],[28.452471,44.835568],[28.463386,44.837274],[28.467185,44.840499],[28.463674,44.842564],[28.458612,44.843992],[28.454447,44.846852],[28.450455,44.846978],[28.446361,44.848598],[28.4395,44.853099],[28.439544,44.855074],[28.434131,44.857388],[28.432296,44.859274],[28.425387,44.86135],[28.414967,44.867987],[28.413055,44.869761],[28.418671,44.877197],[28.4166,44.877279],[28.418336,44.885954],[28.423123,44.887733],[28.431574,44.882381],[28.432643,44.880995],[28.43709,44.879403],[28.440088,44.883962],[28.435122,44.885659],[28.434519,44.887942],[28.430765,44.88991],[28.427823,44.890129],[28.424519,44.893658],[28.420615,44.899086],[28.419975,44.901364],[28.41772,44.902154],[28.413039,44.906185],[28.402112,44.909494],[28.404052,44.911971],[28.392158,44.916277],[28.389751,44.913251],[28.385126,44.907682],[28.380972,44.90913],[28.372421,44.907831],[28.371363,44.911282],[28.367159,44.910892],[28.363879,44.91141],[28.360444,44.907841],[28.337193,44.915752],[28.338003,44.921417],[28.333883,44.920306],[28.329488,44.916881],[28.309308,44.904943],[28.30743,44.906036],[28.305197,44.899392],[28.294441,44.900922],[28.293713,44.895892],[28.28869,44.895879],[28.287922,44.895058],[28.278283,44.895601],[28.264648,44.90056],[28.254569,44.904583],[28.243481,44.90833],[28.244671,44.911795],[28.240013,44.913516],[28.238557,44.916557],[28.239213,44.91778],[28.235118,44.921755],[28.233307,44.926351],[28.231755,44.92746],[28.223869,44.927495],[28.206309,44.930386]]]}},
{"type":"Feature","id":"ROU:ADM2:RO-TL.horia","properties":{"shapeName":"HORIA","shapeISO":"","shapeGroup":"ROU","shapeType":"ADM2","adm1ISO":"RO-TL","parentISO":"RO-TL","parentID":"ROU:ADM1:RO-TL","src_shape_id":"2599482B17678194817649"},"geometry":{"type":"Polygon","coordinates":[[[28.447945,45.110195],[28.441966,45.110736],[28.440186,45.111618],[28.438846,45.115173],[28.431708,45.110228],[28.429728,45.108289],[28.430947,45.103923],[28.42787,45.103923],[28.428252,45.101042],[28.427074,45.099171],[28.422878,45.096878],[28.418144,45.096378],[28.414448,45.093134],[28.416623,45.085531],[28.419237,45.083003],[28.422244,45.083306],[28.426545,45.078047],[28.430174,45.078903],[28.431784,45.081417],[28.433818,45.081582],[28.435514,45.078511],[28.438273,45.077149],[28.439892,45.074818],[28.435769,45.073372],[28.435179,45.070998],[28.438122,45.059811],[28.421262,45.059019],[28.424415,45.054739],[28.426578,45.048014],[28.430279,45.043025],[28.421753,45.042754],[28.421049,45.040335],[28.419028,45.038524],[28.411647,45.035544],[28.409129,45.034443],[28.4065,45.031731],[28.408826,45.02031],[28.407683,45.015971],[28.402257,45.011748],[28.407373,45.008446],[28.409677,45.009535],[28.413901,45.006851],[28.413621,45.001804],[28.417595,45.000527],[28.419285,45.008308],[28.425734,45.005505],[28.432104,45.007759],[28.433757,44.99828],[28.451763,44.99897],[28.455395,45.002124],[28.453872,45.002983],[28.454867,45.005456],[28.454663,45.009141],[28.451882,45.007588],[28.448731,45.007702],[28.448003,45.011123],[28.446305,45.012013],[28.447883,45.01519],[28.446615,45.018158],[28.460891,45.016454],[28.461115,45.010961],[28.469952,45.007081],[28.475426,45.003679],[28.48092,45.00232],[28.483891,45.002699],[28.491019,45.006769],[28.49799,45.000297],[28.506009,45.013898],[28.496526,45.01683],[28.491511,45.017745],[28.495028,45.025091],[28.497596,45.02348],[28.506851,45.02059],[28.508722,45.01841],[28.51316,45.022931],[28.505022,45.026758],[28.498674,45.03174],[28.493958,45.031776],[28.48954,45.028586],[28.487034,45.027975],[28.479824,45.022489],[28.472794,45.024417],[28.469649,45.023197],[28.465314,45.022952],[28.460534,45.025303],[28.461261,45.032541],[28.458422,45.045182],[28.454129,45.045344],[28.440251,45.044745],[28.44026,45.049133],[28.439341,45.054792],[28.451495,45.056511],[28.45832,45.056963],[28.461029,45.057695],[28.462452,45.062739],[28.459504,45.06726],[28.460546,45.068566],[28.45969,45.075013],[28.460026,45.078351],[28.457912,45.084343],[28.458686,45.087542],[28.457283,45.096209],[28.456105,45.098052],[28.456301,45.101919],[28.450743,45.110115],[28.447945,45.110195]]]}},
{"type":"Feature","id":"ROU:ADM2:RO-TL.izvoarele","properties":{"shapeName":"IZVOARELE","shapeISO":"","shapeGroup":"ROU","shapeType":"ADM2","adm1ISO":"RO-TL","parentISO":"RO-TL","parentID":"ROU:ADM1:RO-TL","src_shape_id":"2599482B66243193885359"},"geometry":{"type":"Polygon","coordinates":[[[28.462452,45.062739],[28.461029,45.057695],[28.45832,45.056963],[28.451495,45.056511],[28.439341,45.054792],[28.44026,45.049133],[28.440251,45.044745],[28.454129,45.045344],[28.458422,45.045182],[28.461261,45.032541],[28.460534,45.025303],[28.465314,45.022952],[28.469649,45.023197],[28.472794,45.024417],[28.479824,45.022489],[28.487034,45.027975],[28.48954,45.028586],[28.493958,45.031776],[28.498674,45.03174],[28.505022,45.026758],[28.51316,45.022931],[28.508722,45.01841],[28.506851,45.02059],[28.497596,45.02348],[28.495028,45.025091],[28.491511,45.017745],[28.496526,45.01683],[28.506009,45.013898],[28.49799,45.000297],[28.498156,44.999756],[28.500911,44.998033],[28.523892,44.994355],[28.524759,44.9962],[28.533018,44.995172],[28.536708,44.995212],[28.542648,44.993278],[28.551245,45.000645],[28.558658,45.007366],[28.564637,45.008804],[28.571871,45.008271],[28.573198,45.012109],[28.572164,45.018584],[28.573425,45.02379],[28.575739,45.024492],[28.568496,45.042879],[28.569974,45.043148],[28.565975,45.053253],[28.56413,45.058727],[28.580316,45.059272],[28.570734,45.070812],[28.565234,45.071092],[28.559622,45.070769],[28.556477,45.074571],[28.552918,45.075241],[28.551448,45.07779],[28.550907,45.083789],[28.548798,45.084899],[28.548134,45.089877],[28.542528,45.090003],[28.542371,45.092238],[28.548218,45.094178],[28.5533,45.09485],[28.555464,45.094347],[28.555958,45.091014],[28.558029,45.089669],[28.560942,45.090323],[28.563146,45.092088],[28.561764,45.095181],[28.568033,45.096506],[28.56538,45.103018],[28.570621,45.106548],[28.571333,45.107937],[28.563313,45.114523],[28.552847,45.118314],[28.551187,45.120828],[28.562161,45.124556],[28.566134,45.125005],[28.579415,45.122126],[28.575578,45.125622],[28.570069,45.126241],[28.575032,45.128204],[28.574257,45.130088],[28.576959,45.132505],[28.579144,45.132167],[28.582392,45.133278],[28.580006,45.134757],[28.577633,45.139575],[28.575481,45.141228],[28.571454,45.142706],[28.568084,45.145352],[28.565352,45.145492],[28.558955,45.148282],[28.555595,45.148931],[28.550666,45.14406],[28.548714,45.138269],[28.543326,45.133485],[28.536399,45.134602],[28.52462,45.129296],[28.517204,45.128535],[28.515577,45.124532],[28.51555,45.120616],[28.512509,45.118195],[28.510055,45.113151],[28.509288,45.106296],[28.507668,45.097825],[28.509031,45.093074],[28.507877,45.089661],[28.497914,45.090112],[28.494979,45.092275],[28.491571,45.088252],[28.489445,45.088263],[28.48724,45.082463],[28.48848,45.080645],[28.486612,45.077255],[28.487778,45.075701],[28.486806,45.073501],[28.478128,45.072206],[28.478384,45.070164],[28.476706,45.063573],[28.473189,45.062525],[28.462452,45.062739]]]}},
{"type":"Feature","id":"ROU:ADM2:RO-TL.ciucurova","properties":{"shapeName":"CIUCUROVA","shapeISO":"","shapeGroup":"ROU","shapeType":"ADM2","adm1ISO":"RO-TL","parentISO":"RO-TL","parentID":"ROU:ADM1:RO-TL","src_shape_id":"2599482B74184137454330"},"geometry":{"type":"Polygon","coordinates":[[[28.390077,44.989591],[28.391951,44.988477],[28.395205,44.983454],[28.398303,44.980892],[28.395844,44.974816],[28.399343,44.9723],[28.395946,44.970379],[28.388921,44.967803],[28.387912,44.96488],[28.387854,44.957833],[28.381035,44.959962],[28.378204,44.958206],[28.378764,44.951027],[28.378291,44.949817],[28.380967,44.947247],[28.381988,44.944464],[28.381521,44.940551],[28.37943,44.938353],[28.383208,44.93784],[28.384843,44.929134],[28.388914,44.928704],[28.38874,44.923466],[28.387043,44.922312],[28.38696,44.918055],[28.387849,44.915109],[28.389751,44.913251],[28.392158,44.916277],[28.404052,44.911971],[28.402112,44.909494],[28.413039,44.906185],[28.41772,44.902154],[28.419975,44.901364],[28.420615,44.899086],[28.424519,44.893658],[28.427823,44.890129],[28.430765,44.88991],[28.434519,44.887942],[28.435122,44.885659],[28.440088,44.883962],[28.43709,44.879403],[28.432643,44.880995],[28.431574,44.882381],[28.423123,44.887733],[28.418336,44.885954],[28.4166,44.877279],[28.418671,44.877197],[28.413055,44.869761],[28.414967,44.867987],[28.425387,44.86135],[28.432296,44.859274],[28.434131,44.857388],[28.439544,44.855074],[28.4395,44.853099],[28.446361,44.848598],[28.450455,44.846978],[28.454447,44.846852],[28.458612,44.843992],[28.463674,44.842564],[28.467185,44.840499],[28.463386,44.837274],[28.452471,44.835568],[28.451104,44.832575],[28.448893,44.830903],[28.444559,44.824928],[28.441584,44.82216],[28.460083,44.815881],[28.466458,44.813795],[28.476635,44.823868],[28.478112,44.825701],[28.478873,44.829705],[28.483601,44.829599],[28.488166,44.830805],[28.490209,44.827785],[28.490539,44.824246],[28.494007,44.821617],[28.495997,44.821782],[28.500113,44.818552],[28.510457,44.818535],[28.513854,44.819647],[28.516458,44.823087],[28.523515,44.821946],[28.523491,44.819244],[28.528985,44.816021],[28.529955,44.811409],[28.532218,44.815051],[28.531712,44.818436],[28.532603,44.82081],[28.529551,44.823284],[28.538244,44.829206],[28.539544,44.831075],[28.547048,44.828457],[28.554437,44.82815],[28.559435,44.830519],[28.557575,44.83172],[28.552963,44.830369],[28.548119,44.830957],[28.543131,44.832948],[28.536089,44.833894],[28.52848,44.839484],[28.51394,44.847483],[28.51123,44.85123],[28.504228,44.856975],[28.504195,44.859347],[28.505786,44.864129],[28.51196,44.866547],[28.519797,44.865688],[28.52214,44.864278],[28.525179,44.864588],[28.529527,44.870252],[28.532666,44.869189],[28.533134,44.866706],[28.53144,44.865095],[28.533188,44.860737],[28.535704,44.860441],[28.537886,44.862062],[28.539236,44.865883],[28.54136,44.875016],[28.537568,44.875519],[28.535971,44.872927],[28.532723,44.873582],[28.532585,44.875409],[28.527562,44.876273],[28.526768,44.87485],[28.521276,44.875489],[28.517651,44.874457],[28.517241,44.876385],[28.513269,44.874243],[28.512403,44.878683],[28.515101,44.881163],[28.513148,44.883706],[28.508753,44.885647],[28.502224,44.885804],[28.497973,44.884164],[28.495941,44.885531],[28.490185,44.887789],[28.491974,44.890955],[28.491647,44.893286],[28.487023,44.896883],[28.486076,44.899168],[28.491098,44.904381],[28.493863,44.903856],[28.511038,44.895793],[28.51482,44.896837],[28.527734,44.899005],[28.528545,44.899584],[28.524663,44.909316],[28.515606,44.90738],[28.514572,44.905293],[28.509939,44.905451],[28.50885,44.899478],[28.504072,44.903002],[28.504334,44.905727],[28.500505,44.906852],[28.499396,44.908989],[28.500605,44.910174],[28.499555,44.914234],[28.491996,44.917634],[28.490844,44.920206],[28.491663,44.923903],[28.492492,44.930242],[28.496363,44.937193],[28.498445,44.933919],[28.502119,44.93283],[28.504077,44.936432],[28.501525,44.937692],[28.500419,44.941014],[28.504612,44.94096],[28.507042,44.945196],[28.490826,44.950306],[28.487698,44.953445],[28.488685,44.958478],[28.477303,44.959843],[28.477662,44.961123],[28.489022,44.984443],[28.492468,44.989704],[28.498156,44.999756],[28.49799,45.000297],[28.491019,45.006769],[28.483891,45.002699],[28.48092,45.00232],[28.475426,45.003679],[28.469952,45.007081],[28.461115,45.010961],[28.460891,45.016454],[28.446615,45.018158],[28.447883,45.01519],[28.446305,45.012013],[28.448003,45.011123],[28.448731,45.007702],[28.451882,45.007588],[28.454663,45.009141],[28.454867,45.005456],[28.453872,45.002983],[28.455395,45.002124],[28.451763,44.99897],[28.433757,44.99828],[28.432104,45.007759],[28.425734,45.005505],[28.419285,45.008308],[28.417595,45.000527],[28.413621,45.001804],[28.413901,45.006851],[28.409677,45.009535],[28.407373,45.008446],[28.402257,45.011748],[28.397308,45.011487],[28.395305,45.010385],[28.390335,45.00435],[28.384845,44.999594],[28.382412,44.993596],[28.388614,44.993549],[28.390077,44.989591]]]}},
{"type":"Feature","id":"ROU:ADM2:RO-TL.babadag","properties":{"shapeName":"BABADAG","shapeISO":"","shapeGroup":"ROU","shapeType":"ADM2","adm1ISO":"RO-TL","parentISO":"RO-TL","parentID":"ROU:ADM1:RO-TL","src_shape_id":"2599482B29104749782755"},"geometry":{"type":"Polygon","coordinates":[[[28.744137,44.813197],[28.740729,44.819472],[28.73799,44.82573],[28.737496,44.835731],[28.730833,44.844614],[28.728047,44.849718],[28.727639,44.852938],[28.730985,44.853214],[28.735675,44.855503],[28.739266,44.858124],[28.743465,44.857267],[28.750291,44.858797],[28.758591,44.857354],[28.76108,44.85547],[28.759133,44.851166],[28.756767,44.848101],[28.758821,44.842466],[28.760814,44.844237],[28.762634,44.847577],[28.767872,44.852579],[28.766316,44.853302],[28.767117,44.856303],[28.766708,44.860488],[28.763841,44.863497],[28.764058,44.864952],[28.768297,44.865629],[28.76741,44.87162],[28.764388,44.872831],[28.762183,44.875866],[28.76324,44.880501],[28.76006,44.880588],[28.760395,44.885264],[28.762,44.886184],[28.766836,44.885922],[28.768866,44.888675],[28.766066,44.889859],[28.772832,44.899081],[28.78,44.89678],[28.788921,44.897291],[28.794617,44.893749],[28.79431,44.889803],[28.796291,44.887686],[28.79874,44.886914],[28.804081,44.881246],[28.809907,44.880396],[28.813083,44.881167],[28.816898,44.884002],[28.818596,44.886513],[28.822989,44.885629],[28.826858,44.887992],[28.824396,44.898036],[28.81474,44.902816],[28.804696,44.905018],[28.794738,44.912275],[28.791502,44.917358],[28.789683,44.921375],[28.781085,44.931426],[28.771296,44.938793],[28.766303,44.941422],[28.761388,44.942381],[28.758569,44.943924],[28.749145,44.942623],[28.734855,44.939264],[28.734133,44.941744],[28.730809,44.944031],[28.724858,44.945551],[28.720271,44.944281],[28.721006,44.942405],[28.718699,44.939776],[28.70778,44.945171],[28.700674,44.93986],[28.699861,44.93867],[28.689974,44.931247],[28.692715,44.928452],[28.691638,44.927263],[28.686486,44.926117],[28.682471,44.928361],[28.681969,44.931235],[28.678248,44.934095],[28.671816,44.934678],[28.666978,44.925746],[28.673769,44.923773],[28.672169,44.91871],[28.667899,44.915173],[28.661864,44.917585],[28.649724,44.906579],[28.633223,44.902648],[28.631173,44.900463],[28.632981,44.898496],[28.631052,44.895077],[28.627665,44.892849],[28.627261,44.8909],[28.623198,44.887791],[28.624463,44.886343],[28.628808,44.887164],[28.63482,44.886707],[28.638952,44.887664],[28.64419,44.886803],[28.646411,44.88539],[28.645481,44.882296],[28.652002,44.874091],[28.656875,44.872404],[28.656503,44.868219],[28.657809,44.866663],[28.662206,44.867955],[28.668704,44.869022],[28.671955,44.868985],[28.67035,44.865676],[28.665924,44.860479],[28.665108,44.856123],[28.661006,44.851285],[28.663339,44.851563],[28.67131,44.846618],[28.67565,44.845078],[28.678345,44.845499],[28.681795,44.842746],[28.681873,44.84127],[28.679013,44.837231],[28.68002,44.833422],[28.684662,44.829961],[28.686209,44.825152],[28.683587,44.820982],[28.686434,44.817512],[28.691611,44.814853],[28.695186,44.814748],[28.702193,44.817137],[28.702763,44.813137],[28.708922,44.812816],[28.713267,44.8143],[28.715589,44.81207],[28.732517,44.818375],[28.73906,44.817108],[28.744137,44.813197]]]}},
{"type":"Feature","id":"ROU:ADM2:RO-TL.sarichioi","properties":{"shapeName":"SARICHIOI","shapeISO":"","shapeGroup":"ROU","shapeType":"ADM2","adm1ISO":"RO-TL","parentISO":"RO-TL","parentID":"ROU:ADM1:RO-TL","src_shape_id":"2599482B95501245922169"},"geometry":{"type":"Polygon","coordinates":[[[28.982783,44.911556],[28.957343,44.935072],[28.946678,44.945162],[28.93262,44.958094],[28.914144,44.978296],[28.908839,44.983537],[28.902322,44.985691],[28.90013,44.989444],[28.898853,44.993497],[28.8972,44.995275],[28.886568,44.99652],[28.885923,44.99344],[28.856956,44.996084],[28.857568,44.998866],[28.846521,44.999384],[28.846591,45.004967],[28.849601,45.006609],[28.85306,45.006047],[28.85293,45.009722],[28.850871,45.011848],[28.847102,45.011829],[28.844884,45.014101],[28.844234,45.016689],[28.847709,45.016425],[28.84865,45.019976],[28.853744,45.020859],[28.854901,45.024084],[28.854378,45.028145],[28.855622,45.031442],[28.848079,45.031582],[28.819306,45.028324],[28.810826,45.027238],[28.811838,45.019618],[28.808898,45.017659],[28.81156,45.008878],[28.810007,45.006356],[28.807437,44.995599],[28.808129,44.993738],[28.806337,44.989718],[28.806252,44.982372],[28.806644,44.968347],[28.800521,44.968207],[28.789646,44.969403],[28.778418,44.971146],[28.762934,44.973194],[28.762805,44.976238],[28.759861,44.977096],[28.749482,44.9754],[28.745026,44.975116],[28.741945,44.974181],[28.742419,44.970573],[28.738349,44.971513],[28.736668,44.973288],[28.734217,44.97144],[28.731186,44.972082],[28.728175,44.969836],[28.724952,44.973164],[28.728968,44.975933],[28.730758,44.978546],[28.733701,44.980685],[28.730141,44.982066],[28.728928,44.980263],[28.719349,44.982889],[28.719231,44.976392],[28.720486,44.973888],[28.720116,44.967817],[28.721062,44.965393],[28.720323,44.959737],[28.720912,44.954476],[28.722824,44.952116],[28.724858,44.945551],[28.730809,44.944031],[28.734133,44.941744],[28.734855,44.939264],[28.749145,44.942623],[28.758569,44.943924],[28.761388,44.942381],[28.766303,44.941422],[28.771296,44.938793],[28.781085,44.931426],[28.789683,44.921375],[28.791502,44.917358],[28.794738,44.912275],[28.804696,44.905018],[28.81474,44.902816],[28.824396,44.898036],[28.826858,44.887992],[28.822989,44.885629],[28.818596,44.886513],[28.816898,44.884002],[28.813083,44.881167],[28.809907,44.880396],[28.804081,44.881246],[28.79874,44.886914],[28.796291,44.887686],[28.79431,44.889803],[28.794617,44.893749],[28.788921,44.897291],[28.78,44.89678],[28.772832,44.899081],[28.766066,44.889859],[28.768866,44.888675],[28.766836,44.885922],[28.762,44.886184],[28.760395,44.885264],[28.76006,44.880588],[28.76324,44.880501],[28.762183,44.875866],[28.764388,44.872831],[28.76741,44.87162],[28.768297,44.865629],[28.764058,44.864952],[28.763841,44.863497],[28.766708,44.860488],[28.767117,44.856303],[28.766316,44.853302],[28.767872,44.852579],[28.762634,44.847577],[28.760814,44.844237],[28.758821,44.842466],[28.756767,44.848101],[28.759133,44.851166],[28.76108,44.85547],[28.758591,44.857354],[28.750291,44.858797],[28.743465,44.857267],[28.739266,44.858124],[28.735675,44.855503],[28.730985,44.853214],[28.727639,44.852938],[28.728047,44.849718],[28.730833,44.844614],[28.737496,44.835731],[28.73799,44.82573],[28.740729,44.819472],[28.744137,44.813197],[28.745527,44.811497],[28.749268,44.800657],[28.784638,44.801276],[28.783562,44.810082],[28.780532,44.819653],[28.782907,44.819761],[28.78376,44.822046],[28.787616,44.823009],[28.832443,44.84776],[28.846309,44.855621],[28.847553,44.857415],[28.853531,44.858362],[28.86011,44.858457],[28.865613,44.859791],[28.866882,44.861958],[28.876389,44.864434],[28.877635,44.868506],[28.88769,44.867263],[28.888323,44.864325],[28.892222,44.863288],[28.893469,44.859811],[28.899891,44.856952],[28.898972,44.852536],[28.901009,44.849782],[28.904896,44.848213],[28.908381,44.847694],[28.909489,44.846212],[28.915235,44.845004],[28.915706,44.843326],[28.918988,44.841835],[28.923164,44.841332],[28.936026,44.840671],[28.966012,44.839449],[28.98396,44.839056],[29.016157,44.83752],[29.017363,44.837411],[29.006546,44.860879],[28.99929,44.876053],[28.982783,44.911556]]]}},
{"type":"Feature","id":"ROU:ADM2:RO-TL.baia","properties":{"shapeName":"BAIA","shapeISO":"","shapeGroup":"ROU","shapeType":"ADM2","adm1ISO":"RO-TL","parentISO":"RO-TL","parentID":"ROU:ADM1:RO-TL","src_shape_id":"2599482B30958520247862"},"geometry":{"type":"Polygon","coordinates":[[[28.590586,44.654186],[28.595758,44.658201],[28.605406,44.659765],[28.65313,44.66523],[28.682951,44.668818],[28.682487,44.66729],[28.677692,44.662608],[28.701544,44.657699],[28.691905,44.652924],[28.696094,44.650148],[28.708417,44.654539],[28.711358,44.654819],[28.721075,44.651322],[28.72395,44.649296],[28.726866,44.648734],[28.731263,44.651373],[28.733091,44.651632],[28.739023,44.647097],[28.741921,44.647075],[28.747734,44.651082],[28.749514,44.654287],[28.76302,44.654259],[28.77858,44.655012],[28.777794,44.658496],[28.774312,44.663817],[28.77514,44.666769],[28.776965,44.668747],[28.775996,44.673631],[28.774973,44.674992],[28.771031,44.675408],[28.769835,44.674087],[28.76529,44.673791],[28.764604,44.671997],[28.761599,44.670773],[28.754338,44.672304],[28.750035,44.674435],[28.749237,44.675723],[28.751182,44.682555],[28.746846,44.687845],[28.740809,44.691306],[28.734144,44.691626],[28.728973,44.688676],[28.727035,44.688201],[28.718658,44.688912],[28.712609,44.693549],[28.711396,44.695903],[28.713068,44.69958],[28.7121,44.702176],[28.717177,44.705267],[28.716582,44.706649],[28.711174,44.709025],[28.71109,44.713242],[28.714508,44.717619],[28.713452,44.722291],[28.711991,44.723696],[28.71071,44.73036],[28.711022,44.732148],[28.707929,44.73279],[28.708123,44.736753],[28.703494,44.742991],[28.697256,44.743312],[28.695051,44.745326],[28.696845,44.746962],[28.695441,44.752296],[28.694564,44.759182],[28.690762,44.763557],[28.690627,44.765452],[28.68814,44.767315],[28.689575,44.785655],[28.691611,44.814853],[28.686434,44.817512],[28.683587,44.820982],[28.686209,44.825152],[28.684662,44.829961],[28.68002,44.833422],[28.679013,44.837231],[28.681873,44.84127],[28.681795,44.842746],[28.678345,44.845499],[28.67565,44.845078],[28.67131,44.846618],[28.663339,44.851563],[28.661006,44.851285],[28.656235,44.84715],[28.655551,44.845155],[28.657445,44.842826],[28.656145,44.841017],[28.651094,44.838149],[28.645751,44.836829],[28.639248,44.836847],[28.635942,44.834866],[28.636495,44.833444],[28.632152,44.829751],[28.623044,44.823331],[28.618732,44.829953],[28.617377,44.833734],[28.613751,44.838614],[28.608375,44.841935],[28.601884,44.838176],[28.599735,44.838587],[28.606074,44.843506],[28.601574,44.846678],[28.59566,44.848942],[28.590094,44.84799],[28.588582,44.850592],[28.585112,44.850025],[28.575431,44.844106],[28.568313,44.841266],[28.566169,44.838294],[28.563973,44.837335],[28.563107,44.83129],[28.559435,44.830519],[28.554437,44.82815],[28.547048,44.828457],[28.539544,44.831075],[28.538244,44.829206],[28.529551,44.823284],[28.532603,44.82081],[28.531712,44.818436],[28.532218,44.815051],[28.529955,44.811409],[28.537616,44.806459],[28.541239,44.802296],[28.546671,44.800737],[28.550071,44.801848],[28.553106,44.801797],[28.558095,44.797094],[28.561938,44.794757],[28.56202,44.793098],[28.564528,44.792244],[28.57091,44.791699],[28.574919,44.793274],[28.576933,44.791755],[28.577215,44.789432],[28.582841,44.780887],[28.579761,44.778016],[28.573515,44.78121],[28.568791,44.784171],[28.569993,44.775831],[28.568574,44.761538],[28.569449,44.754396],[28.570562,44.752027],[28.573882,44.743226],[28.570488,44.740857],[28.57134,44.736988],[28.573049,44.735504],[28.573212,44.726649],[28.57481,44.724366],[28.579363,44.724297],[28.581316,44.720735],[28.586773,44.726286],[28.591129,44.722937],[28.6004,44.726811],[28.611242,44.7092],[28.613576,44.705077],[28.61026,44.704739],[28.60971,44.693151],[28.609041,44.689827],[28.609031,44.683425],[28.606627,44.682589],[28.602875,44.68425],[28.600098,44.679947],[28.590247,44.6781],[28.587536,44.676913],[28.588566,44.673173],[28.58634,44.666841],[28.584254,44.663153],[28.579592,44.659465],[28.581049,44.658091],[28.590586,44.654186]]]}},
{"type":"Feature","id":"ROU:ADM2:RO-TL.stejaru","properties":{"shapeName":"STEJARU","shapeISO":"","shapeGroup":"ROU","shapeType":"ADM2","adm1ISO":"RO-TL","parentISO":"RO-TL","parentID":"ROU:ADM1:RO-TL","src_shape_id":"2599482B28008731037476"},"geometry":{"type":"Polygon","coordinates":[[[28.456478,44.790838],[28.47039,44.797558],[28.475799,44.798495],[28.477096,44.796707],[28.482509,44.795406],[28.480838,44.789654],[28.477657,44.786337],[28.473101,44.787271],[28.46928,44.785369],[28.46427,44.784077],[28.474476,44.781395],[28.475104,44.782899],[28.484317,44.78176],[28.48773,44.783121],[28.489387,44.786962],[28.492696,44.788104],[28.488131,44.792752],[28.488285,44.794427],[28.49305,44.793704],[28.504895,44.787742],[28.508357,44.782803],[28.506565,44.782015],[28.501135,44.783881],[28.49535,44.784925],[28.493647,44.779483],[28.501918,44.778581],[28.500566,44.770924],[28.513916,44.775726],[28.515107,44.768404],[28.516731,44.766431],[28.518155,44.764043],[28.521186,44.763317],[28.53075,44.756182],[28.530769,44.751245],[28.532086,44.748454],[28.532612,44.74266],[28.538172,44.74263],[28.538801,44.740673],[28.542643,44.740435],[28.546396,44.735928],[28.549111,44.735465],[28.552924,44.733149],[28.554568,44.735761],[28.553633,44.7403],[28.570562,44.752027],[28.569449,44.754396],[28.568574,44.761538],[28.569993,44.775831],[28.568791,44.784171],[28.573515,44.78121],[28.579761,44.778016],[28.582841,44.780887],[28.577215,44.789432],[28.576933,44.791755],[28.574919,44.793274],[28.57091,44.791699],[28.564528,44.792244],[28.56202,44.793098],[28.561938,44.794757],[28.558095,44.797094],[28.553106,44.801797],[28.550071,44.801848],[28.546671,44.800737],[28.541239,44.802296],[28.537616,44.806459],[28.529955,44.811409],[28.528985,44.816021],[28.523491,44.819244],[28.523515,44.821946],[28.516458,44.823087],[28.513854,44.819647],[28.510457,44.818535],[28.500113,44.818552],[28.495997,44.821782],[28.494007,44.821617],[28.490539,44.824246],[28.490209,44.827785],[28.488166,44.830805],[28.483601,44.829599],[28.478873,44.829705],[28.478112,44.825701],[28.476635,44.823868],[28.466458,44.813795],[28.460083,44.815881],[28.454809,44.808201],[28.45911,44.806662],[28.456391,44.804461],[28.455691,44.800959],[28.450751,44.79343],[28.456478,44.790838]]]}},
{"type":"Feature","id":"ROU:ADM2:RO-TL.casimcea","properties":{"shapeName":"CASIMCEA","shapeISO":"","shapeGroup":"ROU","shapeType":"ADM2","adm1ISO":"RO-TL","parentISO":"RO-TL","parentID":"ROU:ADM1:RO-TL","src_shape_id":"2599482B44303856629516"},"geometry":{"type":"Polygon","coordinates":[[[28.314634,44.696071],[28.328803,44.693811],[28.349843,44.690705],[28.351505,44.69232],[28.365541,44.691604],[28.364926,44.684834],[28.369944,44.684745],[28.373306,44.686282],[28.378568,44.684233],[28.378064,44.680925],[28.385084,44.679978],[28.383133,44.675182],[28.377317,44.663729],[28.378621,44.663252],[28.378731,44.659063],[28.377532,44.655713],[28.379118,44.652626],[28.385969,44.65186],[28.386171,44.645111],[28.387777,44.644311],[28.386918,44.639517],[28.396367,44.638814],[28.404418,44.648979],[28.408311,44.648923],[28.407462,44.64661],[28.402912,44.645171],[28.401162,44.639913],[28.397217,44.637779],[28.395141,44.634723],[28.41217,44.629747],[28.409314,44.62458],[28.419795,44.621448],[28.419523,44.618603],[28.421268,44.615993],[28.434676,44.616657],[28.435718,44.625043],[28.446117,44.638946],[28.448803,44.643252],[28.433548,44.649508],[28.437514,44.654127],[28.427772,44.658037],[28.434801,44.673804],[28.428473,44.676688],[28.432883,44.683401],[28.444586,44.700355],[28.456423,44.711691],[28.46121,44.717924],[28.46131,44.727733],[28.465093,44.72976],[28.469154,44.745488],[28.471011,44.746095],[28.471479,44.748795],[28.473952,44.754694],[28.474833,44.759699],[28.478057,44.764234],[28.480189,44.768909],[28.481702,44.770501],[28.487249,44.772685],[28.492157,44.770393],[28.495557,44.770909],[28.504974,44.767486],[28.509729,44.766263],[28.516731,44.766431],[28.515107,44.768404],[28.513916,44.775726],[28.500566,44.770924],[28.501918,44.778581],[28.493647,44.779483],[28.49535,44.784925],[28.501135,44.783881],[28.506565,44.782015],[28.508357,44.782803],[28.504895,44.787742],[28.49305,44.793704],[28.488285,44.794427],[28.488131,44.792752],[28.492696,44.788104],[28.489387,44.786962],[28.48773,44.783121],[28.484317,44.78176],[28.475104,44.782899],[28.474476,44.781395],[28.46427,44.784077],[28.46928,44.785369],[28.473101,44.787271],[28.477657,44.786337],[28.480838,44.789654],[28.482509,44.795406],[28.477096,44.796707],[28.475799,44.798495],[28.47039,44.797558],[28.456478,44.790838],[28.446261,44.786009],[28.447276,44.78819],[28.443736,44.789264],[28.439927,44.788738],[28.436445,44.790872],[28.424485,44.799386],[28.422312,44.800489],[28.420669,44.793666],[28.401432,44.783581],[28.390623,44.796126],[28.393899,44.797986],[28.392823,44.799372],[28.388312,44.798339],[28.384801,44.80019],[28.378792,44.799779],[28.37484,44.800846],[28.354967,44.802215],[28.355418,44.805961],[28.339503,44.807195],[28.340095,44.810717],[28.337874,44.816013],[28.330618,44.816419],[28.32901,44.813683],[28.322814,44.814546],[28.321448,44.812483],[28.319027,44.817345],[28.323074,44.8177],[28.326612,44.816943],[28.329139,44.818889],[28.331979,44.833499],[28.327732,44.839521],[28.322569,44.844099],[28.320818,44.839566],[28.320893,44.837853],[28.316623,44.835676],[28.31815,44.833858],[28.317514,44.830894],[28.304317,44.831824],[28.289221,44.833376],[28.279419,44.828491],[28.252395,44.830959],[28.251169,44.825702],[28.234666,44.827169],[28.233675,44.82608],[28.230735,44.818678],[28.231228,44.817149],[28.228802,44.812363],[28.222755,44.793751],[28.222222,44.793003],[28.209918,44.783187],[28.208122,44.784676],[28.205889,44.782524],[28.203086,44.778042],[28.202649,44.775551],[28.200476,44.775414],[28.181635,44.785367],[28.181445,44.772816],[28.18153,44.761058],[28.186409,44.758411],[28.194464,44.754381],[28.215833,44.754142],[28.21614,44.761701],[28.221235,44.764126],[28.239929,44.764674],[28.240427,44.756125],[28.262711,44.755799],[28.2632,44.751137],[28.261992,44.747723],[28.258821,44.747963],[28.260542,44.735804],[28.26243,44.728328],[28.261821,44.726836],[28.274718,44.718369],[28.268763,44.712281],[28.271579,44.710432],[28.275308,44.713163],[28.279227,44.712028],[28.274333,44.704216],[28.267867,44.699218],[28.273873,44.697343],[28.291803,44.70869],[28.298108,44.706869],[28.312731,44.711487],[28.325474,44.70801],[28.32695,44.707321],[28.314634,44.696071]]]}},
{"type":"Feature","id":"ROU:ADM2:RO-TL.beidaud","properties":{"shapeName":"BEIDAUD","shapeISO":"","shapeGroup":"ROU","shapeType":"ADM2","adm1ISO":"RO-TL","parentISO":"RO-TL","parentID":"ROU:ADM1:RO-TL","src_shape_id":"2599482B84970171586181"},"geometry":{"type":"Polygon","coordinates":[[[28.581049,44.658091],[28.579592,44.659465],[28.584254,44.663153],[28.58634,44.666841],[28.588566,44.673173],[28.587536,44.676913],[28.590247,44.6781],[28.600098,44.679947],[28.602875,44.68425],[28.606627,44.682589],[28.609031,44.683425],[28.609041,44.689827],[28.60971,44.693151],[28.61026,44.704739],[28.613576,44.705077],[28.611242,44.7092],[28.6004,44.726811],[28.591129,44.722937],[28.586773,44.726286],[28.581316,44.720735],[28.579363,44.724297],[28.57481,44.724366],[28.573212,44.726649],[28.573049,44.735504],[28.57134,44.736988],[28.570488,44.740857],[28.573882,44.743226],[28.570562,44.752027],[28.553633,44.7403],[28.554568,44.735761],[28.552924,44.733149],[28.549111,44.735465],[28.546396,44.735928],[28.542643,44.740435],[28.538801,44.740673],[28.538172,44.74263],[28.532612,44.74266],[28.532086,44.748454],[28.530769,44.751245],[28.53075,44.756182],[28.521186,44.763317],[28.518155,44.764043],[28.516731,44.766431],[28.509729,44.766263],[28.504974,44.767486],[28.495557,44.770909],[28.492157,44.770393],[28.487249,44.772685],[28.481702,44.770501],[28.480189,44.768909],[28.478057,44.764234],[28.474833,44.759699],[28.473952,44.754694],[28.471479,44.748795],[28.471011,44.746095],[28.469154,44.745488],[28.465093,44.72976],[28.46131,44.727733],[28.46121,44.717924],[28.456423,44.711691],[28.444586,44.700355],[28.432883,44.683401],[28.428473,44.676688],[28.434801,44.673804],[28.448317,44.668669],[28.446353,44.664707],[28.463139,44.658551],[28.466088,44.656061],[28.470058,44.656284],[28.471264,44.653399],[28.466798,44.648963],[28.474104,44.647372],[28.501019,44.640175],[28.502677,44.639209],[28.520828,44.634185],[28.524306,44.636008],[28.528507,44.635921],[28.53046,44.64719],[28.532471,44.661119],[28.536055,44.662518],[28.548449,44.661567],[28.566257,44.659483],[28.581049,44.658091]]]}},
{"type":"Feature","id":"ROU:ADM2:RO-TL.slava-cercheza","properties":{"shapeName":"SLAVA CERCHEZA","shapeISO":"","shapeGroup":"ROU","shapeType":"ADM2","adm1ISO":"RO-TL","parentISO":"RO-TL","parentID":"ROU:ADM1:RO-TL","src_shape_id":"2599482B87886989581209"},"geometry":{"type":"Polygon","coordinates":[[[28.559435,44.830519],[28.563107,44.83129],[28.563973,44.837335],[28.566169,44.838294],[28.568313,44.841266],[28.575431,44.844106],[28.585112,44.850025],[28.588582,44.850592],[28.590094,44.84799],[28.59566,44.848942],[28.601574,44.846678],[28.606074,44.843506],[28.599735,44.838587],[28.601884,44.838176],[28.608375,44.841935],[28.613751,44.838614],[28.617377,44.833734],[28.618732,44.829953],[28.623044,44.823331],[28.632152,44.829751],[28.636495,44.833444],[28.635942,44.834866],[28.639248,44.836847],[28.645751,44.836829],[28.651094,44.838149],[28.656145,44.841017],[28.657445,44.842826],[28.655551,44.845155],[28.656235,44.84715],[28.661006,44.851285],[28.665108,44.856123],[28.665924,44.860479],[28.67035,44.865676],[28.671955,44.868985],[28.668704,44.869022],[28.662206,44.867955],[28.657809,44.866663],[28.656503,44.868219],[28.656875,44.872404],[28.652002,44.874091],[28.645481,44.882296],[28.646411,44.88539],[28.64419,44.886803],[28.638952,44.887664],[28.63482,44.886707],[28.628808,44.887164],[28.624463,44.886343],[28.623198,44.887791],[28.627261,44.8909],[28.627665,44.892849],[28.631052,44.895077],[28.632981,44.898496],[28.631173,44.900463],[28.633223,44.902648],[28.617909,44.907947],[28.614012,44.908899],[28.613575,44.910264],[28.616965,44.915597],[28.615385,44.916654],[28.607144,44.919171],[28.604776,44.92099],[28.612142,44.921287],[28.607885,44.925597],[28.605772,44.926249],[28.600127,44.930715],[28.600537,44.933093],[28.595858,44.934928],[28.592932,44.932269],[28.590342,44.9273],[28.588714,44.925494],[28.582592,44.927685],[28.579199,44.928325],[28.578233,44.9309],[28.574577,44.93251],[28.56789,44.931246],[28.560007,44.933056],[28.55755,44.932163],[28.555644,44.929851],[28.549723,44.928634],[28.544868,44.928712],[28.542831,44.931092],[28.539682,44.931799],[28.53575,44.931161],[28.53031,44.931314],[28.527526,44.930376],[28.527728,44.926367],[28.526175,44.925217],[28.52088,44.928723],[28.514431,44.931471],[28.510853,44.928051],[28.50554,44.925289],[28.504871,44.921386],[28.503026,44.919985],[28.499257,44.919966],[28.494911,44.923546],[28.491663,44.923903],[28.490844,44.920206],[28.491996,44.917634],[28.499555,44.914234],[28.500605,44.910174],[28.499396,44.908989],[28.500505,44.906852],[28.504334,44.905727],[28.504072,44.903002],[28.50885,44.899478],[28.509939,44.905451],[28.514572,44.905293],[28.515606,44.90738],[28.524663,44.909316],[28.528545,44.899584],[28.527734,44.899005],[28.51482,44.896837],[28.511038,44.895793],[28.493863,44.903856],[28.491098,44.904381],[28.486076,44.899168],[28.487023,44.896883],[28.491647,44.893286],[28.491974,44.890955],[28.490185,44.887789],[28.495941,44.885531],[28.497973,44.884164],[28.502224,44.885804],[28.508753,44.885647],[28.513148,44.883706],[28.515101,44.881163],[28.512403,44.878683],[28.513269,44.874243],[28.517241,44.876385],[28.517651,44.874457],[28.521276,44.875489],[28.526768,44.87485],[28.527562,44.876273],[28.532585,44.875409],[28.532723,44.873582],[28.535971,44.872927],[28.537568,44.875519],[28.54136,44.875016],[28.539236,44.865883],[28.537886,44.862062],[28.535704,44.860441],[28.533188,44.860737],[28.53144,44.865095],[28.533134,44.866706],[28.532666,44.869189],[28.529527,44.870252],[28.525179,44.864588],[28.52214,44.864278],[28.519797,44.865688],[28.51196,44.866547],[28.505786,44.864129],[28.504195,44.859347],[28.504228,44.856975],[28.51123,44.85123],[28.51394,44.847483],[28.52848,44.839484],[28.536089,44.833894],[28.543131,44.832948],[28.548119,44.830957],[28.552963,44.830369],[28.557575,44.83172],[28.559435,44.830519]]]}},
{"type":"Feature","id":"ROU:ADM2:RO-TL.mihai-bravu","properties":{"shapeName":"MIHAI BRAVU","shapeISO":"","shapeGroup":"ROU","shapeType":"ADM2","adm1ISO":"RO-TL","parentISO":"RO-TL","parentID":"ROU:ADM1:RO-TL","src_shape_id":"2599482B59610234858680"},"geometry":{"type":"Polygon","coordinates":[[[28.724858,44.945551],[28.722824,44.952116],[28.720912,44.954476],[28.720323,44.959737],[28.721062,44.965393],[28.720116,44.967817],[28.720486,44.973888],[28.719231,44.976392],[28.719349,44.982889],[28.718047,44.991125],[28.701724,44.991476],[28.696261,44.992772],[28.69201,44.991753],[28.68896,44.98841],[28.683759,44.988934],[28.680061,44.991293],[28.679036,44.992983],[28.680099,44.997123],[28.676965,44.999162],[28.673079,44.997039],[28.670528,44.994694],[28.667262,44.99301],[28.664359,44.990115],[28.662845,44.98721],[28.655254,44.986085],[28.652888,44.991393],[28.643255,44.989968],[28.638615,45.004672],[28.625096,44.999411],[28.621518,44.997639],[28.615637,44.994238],[28.612487,44.991845],[28.606836,44.989022],[28.602755,44.983035],[28.596476,44.979213],[28.595551,44.977427],[28.589757,44.971588],[28.588103,44.965785],[28.588066,44.960171],[28.590594,44.956058],[28.593221,44.954661],[28.600293,44.953936],[28.605633,44.959535],[28.610333,44.957105],[28.610416,44.95547],[28.60636,44.952304],[28.609773,44.951365],[28.61309,44.947494],[28.60944,44.947922],[28.605107,44.947042],[28.59934,44.947517],[28.602049,44.943253],[28.607164,44.942054],[28.608612,44.940412],[28.608644,44.937535],[28.61095,44.93296],[28.610747,44.931318],[28.61302,44.927859],[28.612142,44.921287],[28.604776,44.92099],[28.607144,44.919171],[28.615385,44.916654],[28.616965,44.915597],[28.613575,44.910264],[28.614012,44.908899],[28.617909,44.907947],[28.633223,44.902648],[28.649724,44.906579],[28.661864,44.917585],[28.667899,44.915173],[28.672169,44.91871],[28.673769,44.923773],[28.666978,44.925746],[28.671816,44.934678],[28.678248,44.934095],[28.681969,44.931235],[28.682471,44.928361],[28.686486,44.926117],[28.691638,44.927263],[28.692715,44.928452],[28.689974,44.931247],[28.699861,44.93867],[28.700674,44.93986],[28.70778,44.945171],[28.718699,44.939776],[28.721006,44.942405],[28.720271,44.944281],[28.724858,44.945551]]]}},
{"type":"Feature","id":"ROU:ADM2:RO-TL.vacareni","properties":{"shapeName":"VACARENI","shapeISO":"","shapeGroup":"ROU","shapeType":"ADM2","adm1ISO":"RO-TL","parentISO":"RO-TL","parentID":"ROU:ADM1:RO-TL","src_shape_id":"2599482B63018442913889"},"geometry":{"type":"Polygon","coordinates":[[[28.226865,45.370313],[28.210229,45.351068],[28.201565,45.354884],[28.199826,45.352869],[28.195783,45.354643],[28.180774,45.337863],[28.181447,45.334266],[28.179178,45.332049],[28.17678,45.327895],[28.175057,45.32732],[28.176473,45.321335],[28.176576,45.309734],[28.177095,45.299038],[28.182354,45.297749],[28.183227,45.289795],[28.186746,45.286223],[28.190085,45.286588],[28.197215,45.284935],[28.201002,45.279352],[28.205581,45.279913],[28.208227,45.276247],[28.212232,45.274308],[28.214606,45.271534],[28.213548,45.267578],[28.216297,45.263865],[28.220803,45.255642],[28.223578,45.253122],[28.225937,45.252179],[28.230171,45.253835],[28.241708,45.256294],[28.242995,45.259153],[28.245943,45.262594],[28.241889,45.26271],[28.241922,45.266307],[28.229475,45.266445],[28.229983,45.269862],[28.231515,45.269833],[28.231751,45.274123],[28.234628,45.276109],[28.235125,45.278482],[28.231197,45.277776],[28.22961,45.28209],[28.229476,45.285085],[28.232019,45.290588],[28.234752,45.293367],[28.236031,45.2992],[28.238916,45.301132],[28.239128,45.308616],[28.23866,45.31602],[28.242695,45.319288],[28.236286,45.319152],[28.249857,45.333988],[28.245124,45.336219],[28.251957,45.343868],[28.270992,45.363084],[28.280669,45.358325],[28.289183,45.366677],[28.292648,45.370003],[28.282602,45.374946],[28.278177,45.370797],[28.266918,45.376392],[28.250269,45.358789],[28.226865,45.370313]]]}},
{"type":"Feature","id":"ROU:ADM2:RO-TL.luncavita","properties":{"shapeName":"LUNCAVITA","shapeISO":"","shapeGroup":"ROU","shapeType":"ADM2","adm1ISO":"RO-TL","parentISO":"RO-TL","parentID":"ROU:ADM1:RO-TL","src_shape_id":"2599482B10547950725498"},"geometry":{"type":"Polygon","coordinates":[[[28.289183,45.366677],[28.280669,45.358325],[28.270992,45.363084],[28.251957,45.343868],[28.245124,45.336219],[28.249857,45.333988],[28.236286,45.319152],[28.242695,45.319288],[28.23866,45.31602],[28.239128,45.308616],[28.238916,45.301132],[28.236031,45.2992],[28.234752,45.293367],[28.232019,45.290588],[28.229476,45.285085],[28.22961,45.28209],[28.231197,45.277776],[28.235125,45.278482],[28.234628,45.276109],[28.231751,45.274123],[28.231515,45.269833],[28.229983,45.269862],[28.229475,45.266445],[28.241922,45.266307],[28.241889,45.26271],[28.245943,45.262594],[28.242995,45.259153],[28.241708,45.256294],[28.230171,45.253835],[28.231254,45.248864],[28.23042,45.245734],[28.231987,45.244563],[28.23037,45.242399],[28.231543,45.239585],[28.236561,45.239417],[28.240581,45.238425],[28.242895,45.234854],[28.246183,45.234295],[28.248482,45.231404],[28.253038,45.231758],[28.255526,45.225348],[28.258631,45.221221],[28.25902,45.215879],[28.260627,45.21294],[28.263614,45.209802],[28.264251,45.203233],[28.270554,45.20104],[28.274386,45.19493],[28.278018,45.198425],[28.28502,45.201939],[28.287506,45.199476],[28.290277,45.198809],[28.292569,45.204483],[28.299582,45.210519],[28.306451,45.207214],[28.311009,45.206213],[28.318069,45.205484],[28.321846,45.205681],[28.32156,45.20809],[28.324904,45.2219],[28.326879,45.221744],[28.331443,45.218212],[28.333735,45.217432],[28.336319,45.218241],[28.341076,45.216833],[28.344439,45.217177],[28.348228,45.220135],[28.349969,45.222357],[28.350304,45.226249],[28.353353,45.227759],[28.358063,45.22789],[28.362694,45.229624],[28.362167,45.235019],[28.360342,45.237951],[28.36078,45.241804],[28.359312,45.243442],[28.360016,45.245844],[28.35846,45.249758],[28.360158,45.252624],[28.362569,45.253965],[28.363963,45.258048],[28.368887,45.258855],[28.372322,45.26305],[28.372889,45.265647],[28.371432,45.266759],[28.370778,45.270833],[28.365656,45.270886],[28.36365,45.266481],[28.361106,45.265542],[28.360451,45.262855],[28.358079,45.261581],[28.355508,45.262456],[28.356098,45.26441],[28.358605,45.266383],[28.358558,45.26817],[28.362467,45.275256],[28.368616,45.275487],[28.370269,45.277181],[28.377219,45.279394],[28.378363,45.291573],[28.387071,45.296303],[28.386542,45.301821],[28.388885,45.303883],[28.390196,45.306805],[28.36841,45.314416],[28.349958,45.319915],[28.343911,45.323639],[28.339447,45.327554],[28.334044,45.333095],[28.330611,45.337732],[28.326489,45.341866],[28.319132,45.352093],[28.315056,45.360916],[28.313261,45.363326],[28.308745,45.36273],[28.303132,45.363264],[28.300717,45.360804],[28.289183,45.366677]]]}},
{"type":"Feature","id":"ROU:ADM2:RO-TL.ceamurlia-de-jos","properties":{"shapeName":"CEAMURLIA DE JOS","shapeISO":"","shapeGroup":"ROU","shapeType":"ADM2","adm1ISO":"RO-TL","parentISO":"RO-TL","parentID":"ROU:ADM1:RO-TL","src_shape_id":"2599482B14465216932535"},"geometry":{"type":"Polygon","coordinates":[[[28.691611,44.814853],[28.689575,44.785655],[28.68814,44.767315],[28.690627,44.765452],[28.690762,44.763557],[28.694564,44.759182],[28.695441,44.752296],[28.696845,44.746962],[28.695051,44.745326],[28.697256,44.743312],[28.703494,44.742991],[28.708123,44.736753],[28.707929,44.73279],[28.711022,44.732148],[28.71071,44.73036],[28.711991,44.723696],[28.713452,44.722291],[28.714508,44.717619],[28.71109,44.713242],[28.711174,44.709025],[28.716582,44.706649],[28.717177,44.705267],[28.7121,44.702176],[28.713068,44.69958],[28.711396,44.695903],[28.712609,44.693549],[28.718658,44.688912],[28.727035,44.688201],[28.728973,44.688676],[28.734144,44.691626],[28.740809,44.691306],[28.746846,44.687845],[28.751182,44.682555],[28.749237,44.675723],[28.750035,44.674435],[28.754338,44.672304],[28.761599,44.670773],[28.764604,44.671997],[28.76529,44.673791],[28.769835,44.674087],[28.771031,44.675408],[28.774973,44.674992],[28.775996,44.673631],[28.776965,44.668747],[28.77514,44.666769],[28.774312,44.663817],[28.777794,44.658496],[28.77858,44.655012],[28.778896,44.647728],[28.781245,44.647196],[28.784901,44.644536],[28.784498,44.641334],[28.787199,44.639495],[28.789439,44.635732],[28.792412,44.63453],[28.797903,44.634238],[28.801689,44.636263],[28.801615,44.638992],[28.803776,44.639049],[28.807029,44.634885],[28.807164,44.633361],[28.810507,44.632573],[28.824355,44.632341],[28.835632,44.642366],[28.850795,44.653469],[28.859332,44.659051],[28.854422,44.666429],[28.847225,44.675916],[28.825291,44.717801],[28.817396,44.733978],[28.815743,44.734953],[28.813976,44.748434],[28.811527,44.764115],[28.810865,44.77198],[28.809489,44.781837],[28.813381,44.782142],[28.808617,44.787811],[28.80598,44.807354],[28.783562,44.810082],[28.784638,44.801276],[28.749268,44.800657],[28.745527,44.811497],[28.744137,44.813197],[28.73906,44.817108],[28.732517,44.818375],[28.715589,44.81207],[28.713267,44.8143],[28.708922,44.812816],[28.702763,44.813137],[28.702193,44.817137],[28.695186,44.814748],[28.691611,44.814853]]]}},
{"type":"Feature","id":"ROU:ADM2:RO-TL.mihail-kogalniceanu","properties":{"shapeName":"MIHAIL KOGALNICEANU","shapeISO":"","shapeGroup":"ROU","shapeType":"ADM2","adm1ISO":"RO-TL","parentISO":"RO-TL","parentID":"ROU:ADM1:RO-TL","src_shape_id":"2599482B55110090687789"},"geometry":{"type":"Polygon","coordinates":[[[28.810228,45.054263],[28.807664,45.059279],[28.803245,45.058086],[28.801619,45.062117],[28.794239,45.060188],[28.785011,45.057186],[28.780946,45.069236],[28.778647,45.072906],[28.768357,45.070393],[28.766774,45.074104],[28.763971,45.07354],[28.761786,45.078863],[28.759926,45.079242],[28.756181,45.083205],[28.721943,45.076431],[28.708793,45.07498],[28.708351,45.076147],[28.695987,45.073356],[28.690331,45.080931],[28.680426,45.078746],[28.66203,45.072063],[28.643205,45.065147],[28.643674,45.061868],[28.648949,45.059328],[28.648076,45.053878],[28.643589,45.052354],[28.642615,45.044889],[28.646175,45.03593],[28.637047,45.036216],[28.638064,45.025014],[28.623823,45.025719],[28.623501,45.017988],[28.621518,44.997639],[28.625096,44.999411],[28.638615,45.004672],[28.643255,44.989968],[28.652888,44.991393],[28.655254,44.986085],[28.662845,44.98721],[28.664359,44.990115],[28.667262,44.99301],[28.670528,44.994694],[28.673079,44.997039],[28.676965,44.999162],[28.680099,44.997123],[28.679036,44.992983],[28.680061,44.991293],[28.683759,44.988934],[28.68896,44.98841],[28.69201,44.991753],[28.696261,44.992772],[28.701724,44.991476],[28.718047,44.991125],[28.719349,44.982889],[28.728928,44.980263],[28.730141,44.982066],[28.733701,44.980685],[28.730758,44.978546],[28.728968,44.975933],[28.724952,44.973164],[28.728175,44.969836],[28.731186,44.972082],[28.734217,44.97144],[28.736668,44.973288],[28.738349,44.971513],[28.742419,44.970573],[28.741945,44.974181],[28.745026,44.975116],[28.749482,44.9754],[28.759861,44.977096],[28.762805,44.976238],[28.762934,44.973194],[28.778418,44.971146],[28.789646,44.969403],[28.800521,44.968207],[28.806644,44.968347],[28.806252,44.982372],[28.806337,44.989718],[28.808129,44.993738],[28.807437,44.995599],[28.810007,45.006356],[28.81156,45.008878],[28.808898,45.017659],[28.811838,45.019618],[28.810826,45.027238],[28.819306,45.028324],[28.817763,45.039018],[28.815966,45.041715],[28.811895,45.0509],[28.808634,45.052999],[28.810228,45.054263]]]}},
{"type":"Feature","id":"ROU:ADM2:RO-TL.jurilovca","properties":{"shapeName":"JURILOVCA","shapeISO":"","shapeGroup":"ROU","shapeType":"ADM2","adm1ISO":"RO-TL","parentISO":"RO-TL","parentID":"ROU:ADM1:RO-TL","src_shape_id":"2599482B31107458884673"},"geometry":{"type":"Polygon","coordinates":[[[29.016157,44.83752],[28.98396,44.839056],[28.966012,44.839449],[28.936026,44.840671],[28.923164,44.841332],[28.918988,44.841835],[28.915706,44.843326],[28.915235,44.845004],[28.909489,44.846212],[28.908381,44.847694],[28.904896,44.848213],[28.901009,44.849782],[28.898972,44.852536],[28.899891,44.856952],[28.893469,44.859811],[28.892222,44.863288],[28.888323,44.864325],[28.88769,44.867263],[28.877635,44.868506],[28.876389,44.864434],[28.866882,44.861958],[28.865613,44.859791],[28.86011,44.858457],[28.853531,44.858362],[28.847553,44.857415],[28.846309,44.855621],[28.832443,44.84776],[28.787616,44.823009],[28.78376,44.822046],[28.782907,44.819761],[28.780532,44.819653],[28.783562,44.810082],[28.80598,44.807354],[28.808617,44.787811],[28.813381,44.782142],[28.809489,44.781837],[28.810865,44.77198],[28.811527,44.764115],[28.813976,44.748434],[28.815743,44.734953],[28.817396,44.733978],[28.825291,44.717801],[28.847225,44.675916],[28.854422,44.666429],[28.859332,44.659051],[28.86248,44.660595],[28.862851,44.662452],[28.869333,44.665385],[28.87079,44.666899],[28.877277,44.669906],[28.879314,44.669965],[28.883661,44.673302],[28.891626,44.677453],[28.893498,44.677626],[28.900789,44.680766],[28.914815,44.686281],[28.915678,44.690118],[28.913883,44.690702],[28.912657,44.694515],[28.913271,44.695607],[28.918303,44.697573],[28.919348,44.696449],[28.92953,44.697686],[28.930404,44.697143],[28.94583,44.695304],[28.952003,44.695413],[28.955738,44.694085],[28.958136,44.694258],[28.963089,44.692835],[28.970563,44.689269],[28.973448,44.686508],[28.977996,44.683276],[28.981305,44.682837],[28.985705,44.679114],[28.987892,44.678395],[28.993249,44.680384],[28.995083,44.679027],[28.999186,44.681897],[29.008645,44.690889],[29.02932,44.709286],[29.026665,44.727758],[29.022609,44.74976],[29.021767,44.791427],[29.016157,44.83752]]]}},
{"type":"Feature","id":"ROU:ADM2:RO-TL.peceneaga","properties":{"shapeName":"PECENEAGA","shapeISO":"","shapeGroup":"ROU","shapeType":"ADM2","adm1ISO":"RO-TL","parentISO":"RO-TL","parentID":"ROU:ADM1:RO-TL","src_shape_id":"2599482B15466890128615"},"geometry":{"type":"Polygon","coordinates":[[[28.150789,44.970554],[28.174967,44.964954],[28.176122,44.964168],[28.176089,44.960587],[28.173652,44.955873],[28.176492,44.955211],[28.175449,44.952965],[28.200911,44.946759],[28.207332,44.947836],[28.21413,44.951679],[28.208587,44.953429],[28.212375,44.955758],[28.224286,44.96011],[28.23227,44.962088],[28.230137,44.966111],[28.22816,44.968094],[28.225587,44.973477],[28.22678,44.976128],[28.216784,44.977734],[28.196723,44.977747],[28.197811,44.98154],[28.196251,44.982363],[28.197676,44.986739],[28.193473,44.986886],[28.189683,44.990224],[28.185912,44.992161],[28.186163,44.994877],[28.188393,44.997464],[28.204447,44.997032],[28.20783,44.999761],[28.209519,45.004088],[28.21095,45.020299],[28.209041,45.02095],[28.20656,45.024109],[28.199995,45.025438],[28.194931,45.028207],[28.185741,45.029047],[28.184077,45.036136],[28.180994,45.054724],[28.175466,45.067432],[28.163421,45.064902],[28.164801,45.061255],[28.141246,45.058405],[28.146299,45.050433],[28.14774,45.046632],[28.152374,45.038209],[28.152006,45.034857],[28.139213,45.031321],[28.135737,45.028685],[28.131611,45.024171],[28.129118,45.018101],[28.12849,45.013633],[28.132645,45.003449],[28.135402,44.994525],[28.139078,44.98895],[28.142364,44.979201],[28.14382,44.977898],[28.150004,44.977015],[28.151267,44.975231],[28.150789,44.970554]]]}},
{"type":"Feature","id":"ROU:ADM2:RO-TL.ostrov","properties":{"shapeName":"OSTROV","shapeISO":"","shapeGroup":"ROU","shapeType":"ADM2","adm1ISO":"RO-TL","parentISO":"RO-TL","parentID":"ROU:ADM1:RO-TL","src_shape_id":"2599482B49066232260095"},"geometry":{"type":"Polygon","coordinates":[[[28.137974,44.883805],[28.146735,44.880704],[28.161721,44.878048],[28.19128,44.873065],[28.198905,44.871633],[28.200231,44.883473],[28.201188,44.884104],[28.201857,44.888946],[28.201038,44.896455],[28.201782,44.898206],[28.201998,44.90519],[28.202852,44.90945],[28.206309,44.930386],[28.20774,44.939212],[28.210357,44.940286],[28.212675,44.946006],[28.215468,44.949004],[28.218403,44.954371],[28.222017,44.955302],[28.232779,44.954556],[28.23628,44.957792],[28.23528,44.959887],[28.23227,44.962088],[28.224286,44.96011],[28.212375,44.955758],[28.208587,44.953429],[28.21413,44.951679],[28.207332,44.947836],[28.200911,44.946759],[28.175449,44.952965],[28.176492,44.955211],[28.173652,44.955873],[28.176089,44.960587],[28.176122,44.964168],[28.174967,44.964954],[28.150789,44.970554],[28.147527,44.965277],[28.138124,44.956204],[28.133291,44.949309],[28.129632,44.941744],[28.124886,44.922034],[28.125127,44.915158],[28.127335,44.904105],[28.130145,44.899551],[28.13372,44.896178],[28.14199,44.893007],[28.142354,44.890027],[28.137974,44.883805]]]}},
{"type":"Feature","id":"ROU:ADM2:RO-TL.sulina","properties":{"shapeName":"SULINA","shapeISO":"","shapeGroup":"ROU","shapeType":"ADM2","adm1ISO":"RO-TL","parentISO":"RO-TL","parentID":"ROU:ADM1:RO-TL","src_shape_id":"2599482B90058353737957"},"geometry":{"type":"Polygon","coordinates":[[[29.509392,45.047226],[29.523922,45.04574],[29.523898,45.043325],[29.52829,45.039861],[29.533841,45.039868],[29.536181,45.041297],[29.540619,45.039758],[29.543757,45.039683],[29.544833,45.042635],[29.550698,45.042739],[29.562408,45.04419],[29.577981,45.044122],[29.58586,45.044484],[29.593955,45.045449],[29.599804,45.04921],[29.606354,45.052126],[29.612316,45.053108],[29.618173,45.056051],[29.619228,45.057557],[29.618805,45.06028],[29.624793,45.060103],[29.629875,45.064133],[29.631402,45.066657],[29.632329,45.070958],[29.63195,45.074258],[29.63724,45.077275],[29.653679,45.072974],[29.65484,45.082196],[29.655751,45.084899],[29.655413,45.089103],[29.658564,45.101973],[29.660326,45.107545],[29.662179,45.111077],[29.667242,45.123892],[29.668956,45.126051],[29.675734,45.137592],[29.685017,45.149409],[29.687001,45.152488],[29.692686,45.157323],[29.70014,45.162132],[29.706321,45.164299],[29.715299,45.165302],[29.714535,45.167353],[29.705287,45.167153],[29.70199,45.166038],[29.687747,45.163111],[29.686032,45.163304],[29.680704,45.16092],[29.672792,45.159937],[29.662229,45.15989],[29.653832,45.16126],[29.649379,45.16103],[29.645934,45.163502],[29.640835,45.169485],[29.636726,45.180872],[29.634122,45.191419],[29.632822,45.200032],[29.63169,45.205067],[29.629012,45.212213],[29.628539,45.216998],[29.629939,45.216923],[29.634489,45.221248],[29.63169,45.222602],[29.633901,45.224175],[29.634289,45.228515],[29.630997,45.23056],[29.630501,45.23278],[29.624997,45.23315],[29.62058,45.234976],[29.615395,45.235174],[29.605228,45.236208],[29.59457,45.237944],[29.590965,45.237263],[29.57881,45.233136],[29.577329,45.23184],[29.564008,45.231609],[29.541366,45.229556],[29.52043,45.227833],[29.515154,45.226876],[29.504153,45.226164],[29.499181,45.221212],[29.496084,45.219273],[29.488427,45.217318],[29.483759,45.215656],[29.486851,45.212673],[29.489903,45.207071],[29.489938,45.202498],[29.485471,45.190864],[29.475839,45.176472],[29.474557,45.17258],[29.466166,45.173056],[29.44718,45.173404],[29.444169,45.172252],[29.444676,45.170112],[29.44274,45.167211],[29.439455,45.165101],[29.435791,45.159817],[29.432816,45.15077],[29.42956,45.143228],[29.423462,45.137408],[29.422094,45.133377],[29.415165,45.13043],[29.412062,45.122139],[29.411801,45.117949],[29.400225,45.116834],[29.394111,45.117347],[29.397079,45.112268],[29.397279,45.109963],[29.396097,45.099417],[29.397242,45.094361],[29.402999,45.095743],[29.405523,45.094723],[29.411007,45.083414],[29.412804,45.082955],[29.415228,45.080002],[29.411693,45.078359],[29.431228,45.059725],[29.436707,45.060395],[29.441709,45.057185],[29.46392,45.054112],[29.464643,45.054308],[29.465694,45.06083],[29.466985,45.063272],[29.470691,45.067656],[29.473259,45.069414],[29.482017,45.070106],[29.489156,45.069429],[29.491095,45.06853],[29.498068,45.069167],[29.502951,45.067659],[29.505934,45.064505],[29.506176,45.062493],[29.504767,45.0593],[29.500104,45.055514],[29.49369,45.051831],[29.502059,45.048149],[29.509392,45.047226]]]}},
{"type":"Feature","id":"ROU:ADM2:RO-TL.c-a-rosetti","properties":{"shapeName":"C.A. ROSETTI","shapeISO":"","shapeGroup":"ROU","shapeType":"ADM2","adm1ISO":"RO-TL","parentISO":"RO-TL","parentID":"ROU:ADM1:RO-TL","src_shape_id":"2599482B3415534167735"},"geometry":{"type":"Polygon","coordinates":[[[29.410145,45.21353],[29.432199,45.221696],[29.439724,45.224168],[29.446648,45.2256],[29.462087,45.228011],[29.468112,45.228486],[29.471202,45.226642],[29.472398,45.224197],[29.477449,45.219989],[29.483759,45.215656],[29.488427,45.217318],[29.496084,45.219273],[29.499181,45.221212],[29.504153,45.226164],[29.515154,45.226876],[29.52043,45.227833],[29.541366,45.229556],[29.564008,45.231609],[29.577329,45.23184],[29.57881,45.233136],[29.590965,45.237263],[29.59457,45.237944],[29.605228,45.236208],[29.615395,45.235174],[29.62058,45.234976],[29.624997,45.23315],[29.630501,45.23278],[29.630997,45.23056],[29.634289,45.228515],[29.633901,45.224175],[29.63169,45.222602],[29.634489,45.221248],[29.637769,45.224366],[29.646925,45.218848],[29.6581,45.214304],[29.663355,45.214171],[29.662724,45.211854],[29.672578,45.208882],[29.67376,45.206113],[29.682035,45.205838],[29.680299,45.210204],[29.675992,45.214424],[29.67077,45.2206],[29.6671,45.23106],[29.662696,45.237531],[29.659765,45.247873],[29.659987,45.251703],[29.662624,45.258054],[29.664842,45.261002],[29.671385,45.26508],[29.675585,45.266846],[29.677787,45.269255],[29.676707,45.27902],[29.67139,45.291111],[29.669805,45.295886],[29.669968,45.304737],[29.669021,45.308424],[29.666839,45.312459],[29.662592,45.318255],[29.660829,45.322942],[29.655032,45.33441],[29.651288,45.338219],[29.651132,45.339768],[29.630101,45.354341],[29.624084,45.359324],[29.621383,45.362396],[29.604537,45.378593],[29.596895,45.383965],[29.593199,45.387628],[29.589662,45.39003],[29.573756,45.397025],[29.564114,45.402406],[29.544877,45.409772],[29.541272,45.410623],[29.540162,45.408939],[29.53397,45.406017],[29.53014,45.401843],[29.527804,45.396907],[29.526712,45.392793],[29.523316,45.389536],[29.521379,45.383859],[29.516032,45.379143],[29.51336,45.374778],[29.512507,45.369938],[29.503325,45.35777],[29.500136,45.351774],[29.497661,45.34588],[29.49302,45.343071],[29.487747,45.337396],[29.489106,45.335514],[29.48961,45.332375],[29.485468,45.328646],[29.481962,45.323994],[29.479842,45.318888],[29.471806,45.308643],[29.469096,45.305695],[29.466842,45.300423],[29.464653,45.298954],[29.46109,45.29254],[29.459596,45.291303],[29.45414,45.282407],[29.450069,45.277175],[29.448256,45.273464],[29.443828,45.268004],[29.442022,45.264206],[29.436474,45.256151],[29.43461,45.255365],[29.433173,45.250753],[29.430329,45.246839],[29.429344,45.244137],[29.425433,45.239041],[29.418371,45.226966],[29.416801,45.228675],[29.414192,45.229147],[29.410145,45.21353]]]}},
{"type":"Feature","id":"ROU:ADM2:RO-TL.nalbant","properties":{"shapeName":"NALBANT","shapeISO":"","shapeGroup":"ROU","shapeType":"ADM2","adm1ISO":"RO-TL","parentISO":"RO-TL","parentID":"ROU:ADM1:RO-TL","src_shape_id":"2599482B6965012888187"},"geometry":{"type":"Polygon","coordinates":[[[28.571333,45.107937],[28.570621,45.106548],[28.56538,45.103018],[28.568033,45.096506],[28.561764,45.095181],[28.563146,45.092088],[28.560942,45.090323],[28.558029,45.089669],[28.555958,45.091014],[28.555464,45.094347],[28.5533,45.09485],[28.548218,45.094178],[28.542371,45.092238],[28.542528,45.090003],[28.548134,45.089877],[28.548798,45.084899],[28.550907,45.083789],[28.551448,45.07779],[28.552918,45.075241],[28.556477,45.074571],[28.559622,45.070769],[28.565234,45.071092],[28.570734,45.070812],[28.580316,45.059272],[28.56413,45.058727],[28.565975,45.053253],[28.569974,45.043148],[28.568496,45.042879],[28.575739,45.024492],[28.573425,45.02379],[28.572164,45.018584],[28.573198,45.012109],[28.571871,45.008271],[28.564637,45.008804],[28.558658,45.007366],[28.551245,45.000645],[28.542648,44.993278],[28.536708,44.995212],[28.533018,44.995172],[28.524759,44.9962],[28.523892,44.994355],[28.500911,44.998033],[28.498156,44.999756],[28.492468,44.989704],[28.489022,44.984443],[28.477662,44.961123],[28.477303,44.959843],[28.488685,44.958478],[28.487698,44.953445],[28.490826,44.950306],[28.507042,44.945196],[28.504612,44.94096],[28.500419,44.941014],[28.501525,44.937692],[28.504077,44.936432],[28.502119,44.93283],[28.498445,44.933919],[28.496363,44.937193],[28.492492,44.930242],[28.491663,44.923903],[28.494911,44.923546],[28.499257,44.919966],[28.503026,44.919985],[28.504871,44.921386],[28.50554,44.925289],[28.510853,44.928051],[28.514431,44.931471],[28.52088,44.928723],[28.526175,44.925217],[28.527728,44.926367],[28.527526,44.930376],[28.53031,44.931314],[28.53575,44.931161],[28.539682,44.931799],[28.542831,44.931092],[28.544868,44.928712],[28.549723,44.928634],[28.555644,44.929851],[28.55755,44.932163],[28.560007,44.933056],[28.56789,44.931246],[28.574577,44.93251],[28.578233,44.9309],[28.579199,44.928325],[28.582592,44.927685],[28.588714,44.925494],[28.590342,44.9273],[28.592932,44.932269],[28.595858,44.934928],[28.600537,44.933093],[28.600127,44.930715],[28.605772,44.926249],[28.607885,44.925597],[28.612142,44.921287],[28.61302,44.927859],[28.610747,44.931318],[28.61095,44.93296],[28.608644,44.937535],[28.608612,44.940412],[28.607164,44.942054],[28.602049,44.943253],[28.59934,44.947517],[28.605107,44.947042],[28.60944,44.947922],[28.61309,44.947494],[28.609773,44.951365],[28.60636,44.952304],[28.610416,44.95547],[28.610333,44.957105],[28.605633,44.959535],[28.600293,44.953936],[28.593221,44.954661],[28.590594,44.956058],[28.588066,44.960171],[28.588103,44.965785],[28.589757,44.971588],[28.595551,44.977427],[28.596476,44.979213],[28.602755,44.983035],[28.606836,44.989022],[28.612487,44.991845],[28.615637,44.994238],[28.621518,44.997639],[28.623501,45.017988],[28.623823,45.025719],[28.638064,45.025014],[28.637047,45.036216],[28.646175,45.03593],[28.642615,45.044889],[28.643589,45.052354],[28.648076,45.053878],[28.648949,45.059328],[28.643674,45.061868],[28.643205,45.065147],[28.66203,45.072063],[28.662237,45.078396],[28.660035,45.078539],[28.653983,45.081035],[28.647807,45.085049],[28.643352,45.088618],[28.634092,45.093122],[28.617111,45.087463],[28.608451,45.084796],[28.602485,45.089059],[28.593478,45.084692],[28.592331,45.086378],[28.584125,45.089285],[28.583548,45.092335],[28.583564,45.100777],[28.58021,45.099754],[28.575688,45.09995],[28.573435,45.102469],[28.571333,45.107937]]]}}
]}