{"type":"FeatureCollection","bbox":[-41.423523,-7.857605,-37.221313,-2.78479], "features": [
{"type":"Feature","geometry":{"type":"MultiPolygon","coordinates":[[[[-38.969482,-7.426025],[-38.967896,-7.418396],[-38.967224,-7.413208],[-38.96582,-7.408813],[-38.962891,-7.404175],[-38.96228,-7.400208],[-38.962708,-7.395081],[-38.974121,-7.379211],[-38.980591,-7.355408],[-38.987,-7.33313],[-38.991211,-7.323792],[-38.997925,-7.312622],[-39.001282,-7.307495],[-39.007507,-7.30481],[-39.011414,-7.302429],[-39.017395,-7.302185],[-39.023682,-7.299377],[-39.02771,-7.299011],[-39.031189,-7.298096],[-39.035583,-7.295593],[-39.039185,-7.294128],[-39.049988,-7.291077],[-39.054016,-7.288696],[-39.065186,-7.281311],[-39.068604,-7.278381],[-39.071716,-7.273499],[-39.077393,-7.269409],[-39.081604,-7.267883],[-39.083618,-7.272278],[-39.083923,-7.276611],[-39.08551,-7.279907],[-39.089294,-7.281311],[-39.087891,-7.285583],[-39.08551,-7.289124],[-39.082397,-7.292419],[-39.082214,-7.297119],[-39.081482,-7.301697],[-39.083008,-7.305908],[-39.08551,-7.309387],[-39.0896,-7.312195],[-39.092712,-7.315613],[-39.099121,-7.321411],[-39.101013,-7.327515],[-39.101501,-7.331482],[-39.101379,-7.336609],[-39.101807,-7.341125],[-39.100098,-7.348389],[-39.098877,-7.351196],[-39.096985,-7.358276],[-39.094482,-7.362183],[-39.094299,-7.370422],[-39.093384,-7.374878],[-39.09491,-7.379089],[-39.089111,-7.383423],[-39.088318,-7.389587],[-39.086487,-7.393982],[-39.08429,-7.39801],[-39.085815,-7.401978],[-39.080627,-7.416382],[-39.078308,-7.420898],[-39.044312,-7.423706],[-38.980103,-7.426819],[-38.969482,-7.426025]]],[[[-39.085083,-7.266602],[-39.088318,-7.262329],[-39.091125,-7.260803],[-39.088928,-7.265076],[-39.085083,-7.266602]]]]},"properties":{"shapeName":"Abaiara","shapeISO":"56859067B4829762701290","shapeGroup":"BRA","shapeType":"ADM2","src_shape_id":"56859067B4829762701290","adm1ISO":"BR-CE"}},
{"type":"Feature","geometry":{"type":"Polygon","coordinates":[[[-38.619812,-4.164185],[-38.623718,-4.165222],[-38.627075,-4.163879],[-38.630676,-4.163208],[-38.637512,-4.161194],[-38.640381,-4.15918],[-38.647888,-4.159424],[-38.657715,-4.15802],[-38.661377,-4.159912],[-38.665588,-4.160828],[-38.671021,-4.161316],[-38.67511,-4.163513],[-38.677795,-4.166687],[-38.685181,-4.169495],[-38.687683,-4.168091],[-38.691895,-4.169617],[-38.696716,-4.171997],[-38.700378,-4.177917],[-38.703613,-4.18042],[-38.705811,-4.183899],[-38.708618,-4.18573],[-38.716675,-4.188293],[-38.713196,-4.218384],[-38.712402,-4.227783],[-38.711182,-4.235413],[-38.706909,-4.247803],[-38.712585,-4.254883],[-38.718323,-4.281128],[-38.716492,-4.290588],[-38.70929,-4.290222],[-38.700928,-4.285889],[-38.697815,-4.283508],[-38.684326,-4.278992],[-38.686401,-4.286987],[-38.682007,-4.286804],[-38.673889,-4.27478],[-38.666504,-4.265503],[-38.666016,-4.259705],[-38.664124,-4.255981],[-38.656982,-4.248413],[-38.652405,-4.246216],[-38.626221,-4.248413],[-38.612183,-4.226013],[-38.570496,-4.235413],[-38.596985,-4.203796],[-38.614807,-4.18158],[-38.618408,-4.171326],[-38.618713,-4.167297],[-38.619812,-4.164185]]]},"properties":{"shapeName":"Acarape","shapeISO":"56859067B60781909044544","shapeGroup":"BRA","shapeType":"ADM2","src_shape_id":"56859067B60781909044544","adm1ISO":"BR-CE"}},
{"type":"Feature","geometry":{"type":"Polygon","coordinates":[[[-39.942505,-2.866211],[-39.950928,-2.860291],[-39.957886,-2.856506],[-39.960815,-2.855408],[-39.96582,-2.851318],[-39.970886,-2.848389],[-39.97998,-2.844604],[-39.987488,-2.84198],[-39.990479,-2.841797],[-39.987915,-2.846313],[-39.992493,-2.84491],[-40.009583,-2.843201],[-40.022888,-2.8396],[-40.026184,-2.838928],[-40.026611,-2.841919],[-40.032227,-2.840027],[-40.038513,-2.841614],[-40.054626,-2.835022],[-40.059204,-2.834412],[-40.062378,-2.836975],[-40.07251,-2.836182],[-40.075928,-2.840088],[-40.078796,-2.83783],[-40.080811,-2.834595],[-40.085327,-2.831909],[-40.095886,-2.828308],[-40.10022,-2.827087],[-40.103394,-2.827209],[-40.11322,-2.826416],[-40.11731,-2.827026],[-40.1203,-2.824829],[-40.126221,-2.823792],[-40.135376,-2.826111],[-40.133606,-2.829285],[-40.136414,-2.830505],[-40.136597,-2.834412],[-40.139282,-2.838013],[-40.144897,-2.839722],[-40.14801,-2.838623],[-40.159912,-2.832581],[-40.163879,-2.828979],[-40.168518,-2.825928],[-40.173828,-2.821716],[-40.179993,-2.81781],[-40.182983,-2.815002],[-40.184875,-2.812195],[-40.188721,-2.812195],[-40.198303,-2.811523],[-40.201111,-2.810913],[-40.205078,-2.811707],[-40.212402,-2.811401],[-40.216492,-2.810913],[-40.228027,-2.810913],[-40.232422,-2.811523],[-40.236328,-2.814087],[-40.241577,-2.814209],[-40.256287,-2.811829],[-40.267883,-2.810181],[-40.274719,-2.809509],[-40.278198,-2.809692],[-40.283813,-2.809021],[-40.288208,-2.809082],[-40.297913,-2.807983],[-40.306885,-2.807983],[-40.327026,-2.806091],[-40.332581,-2.805908],[-40.3396,-2.806091],[-40.344177,-2.806702],[-40.35321,-2.808716],[-40.361206,-2.809998],[-40.370911,-2.812195],[-40.369202,-2.817322],[-40.362976,-2.855713],[-40.359985,-2.866089],[-40.355713,-2.865295],[-40.350281,-2.865112],[-40.347107,-2.864014],[-40.343506,-2.865601],[-40.339111,-2.865417],[-40.335022,-2.864014],[-40.332214,-2.864807],[-40.328186,-2.864075],[-40.325012,-2.861816],[-40.321777,-2.862],[-40.287415,-2.876099],[-40.283081,-2.877502],[-40.276489,-2.878296],[-40.271484,-2.877686],[-40.272095,-2.870911],[-40.233215,-2.871399],[-40.220398,-2.872803],[-40.21051,-2.869812],[-40.195923,-2.873108],[-40.181824,-2.869385],[-40.17218,-2.872986],[-40.16803,-2.873413],[-40.150818,-2.885315],[-40.148621,-2.888794],[-40.147217,-2.896179],[-40.149292,-2.900879],[-40.14978,-2.904907],[-40.153015,-2.911011],[-40.158813,-2.914917],[-40.160889,-2.917725],[-40.164001,-2.918213],[-40.163391,-2.922913],[-40.167114,-2.926514],[-40.169312,-2.93042],[-40.168884,-2.93512],[-40.169006,-2.940613],[-40.170776,-2.943481],[-40.171997,-2.946716],[-40.174805,-2.958801],[-40.173828,-2.961914],[-40.171692,-2.965576],[-40.170776,-2.968994],[-40.17041,-2.973083],[-40.170715,-2.976318],[-40.169983,-2.984192],[-40.168396,-2.989685],[-40.16449,-2.98938],[-40.157593,-2.991089],[-40.15509,-2.994019],[-40.155518,-2.998413],[-40.155396,-3.003479],[-40.154175,-3.007812],[-40.154297,-3.012024],[-40.158386,-3.016785],[-40.156006,-3.023621],[-40.15509,-3.027893],[-40.155701,-3.031311],[-40.153198,-3.034302],[-40.150513,-3.040405],[-40.146912,-3.041809],[-40.141296,-3.039307],[-40.125916,-3.035706],[-40.121094,-3.035828],[-40.11731,-3.042725],[-40.112305,-3.052979],[-40.110413,-3.055725],[-40.107727,-3.058105],[-40.090393,-3.071411],[-40.08783,-3.074219],[-40.083496,-3.083008],[-40.082703,-3.088196],[-40.083496,-3.10791],[-40.083923,-3.11438],[-40.073486,-3.122925],[-40.037109,-3.173828],[-40.00238,-3.220093],[-39.958618,-3.281616],[-39.933594,-3.316589],[-39.931702,-3.314209],[-39.928894,-3.312988],[-39.927612,-3.309326],[-39.927429,-3.305725],[-39.925476,-3.302612],[-39.922913,-3.294189],[-39.917175,-3.290894],[-39.909912,-3.283813],[-39.909302,-3.279907],[-39.90979,-3.276001],[-39.907776,-3.272827],[-39.911682,-3.271912],[-39.921997,-3.2677],[-39.926208,-3.264709],[-39.931396,-3.258728],[-39.93988,-3.248291],[-39.943481,-3.245178],[-39.94812,-3.242981],[-39.955688,-3.240784],[-39.964111,-3.23938],[-39.969116,-3.234802],[-39.973022,-3.232178],[-39.976379,-3.231079],[-39.976807,-3.226196],[-39.979797,-3.22229],[-39.98761,-3.217712],[-39.98999,-3.21521],[-39.992981,-3.210815],[-39.994995,-3.206726],[-39.996826,-3.198914],[-39.995911,-3.187622],[-39.994019,-3.184509],[-39.988708,-3.179626],[-39.983887,-3.169128],[-39.983093,-3.164978],[-39.984497,-3.161011],[-39.989014,-3.1604],[-39.992187,-3.138],[-39.99408,-3.133911],[-39.989624,-3.114929],[-39.990112,-3.110107],[-39.989319,-3.102417],[-39.989502,-3.095886],[-39.989014,-3.092712],[-39.986084,-3.088318],[-39.979614,-3.080322],[-39.972595,-3.073486],[-39.97229,-3.070129],[-39.9729,-3.06311],[-39.975403,-3.052124],[-39.977905,-3.045898],[-39.981506,-3.0354],[-39.981201,-3.029419],[-39.983582,-3.017578],[-39.979797,-3.009521],[-39.974976,-3.00238],[-39.973511,-2.997009],[-39.972107,-2.987976],[-39.971924,-2.978088],[-39.969788,-2.957886],[-39.968994,-2.948181],[-39.966797,-2.933105],[-39.964478,-2.924683],[-39.958008,-2.902283],[-39.957275,-2.897522],[-39.953613,-2.89563],[-39.952698,-2.891907],[-39.944214,-2.871216],[-39.942505,-2.866211]]]},"properties":{"shapeName":"Acaraú","shapeISO":"56859067B6920574376771","shapeGroup":"BRA","shapeType":"ADM2","src_shape_id":"56859067B6920574376771","adm1ISO":"BR-CE"}},
{"type":"Feature","geometry":{"type":"Polygon","coordinates":[[[-39.050903,-6.024597],[-39.052979,-6.018005],[-39.058105,-6.007996],[-39.059387,-6.003906],[-39.059875,-5.998718],[-39.07251,-5.997681],[-39.078125,-5.991394],[-39.086609,-5.99231],[-39.095886,-5.988708],[-39.102295,-5.983093],[-39.106384,-5.983582],[-39.112976,-5.988892],[-39.114624,-5.983826],[-39.113892,-5.980591],[-39.114319,-5.976624],[-39.119385,-5.979187],[-39.125427,-5.979797],[-39.130615,-5.983582],[-39.135376,-5.978882],[-39.138306,-5.971497],[-39.137512,-5.964905],[-39.143188,-5.965576],[-39.143311,-5.960815],[-39.146301,-5.957581],[-39.150085,-5.957581],[-39.152588,-5.958984],[-39.158203,-5.956726],[-39.162292,-5.956482],[-39.164185,-5.959778],[-39.167114,-5.962402],[-39.171021,-5.960327],[-39.175476,-5.963379],[-39.181091,-5.964111],[-39.18689,-5.96051],[-39.191711,-5.959412],[-39.196411,-5.957092],[-39.197876,-5.959595],[-39.19751,-5.963989],[-39.200378,-5.969482],[-39.202881,-5.977905],[-39.203979,-5.987488],[-39.209229,-5.990601],[-39.221008,-5.992126],[-39.225525,-5.988586],[-39.228516,-5.98761],[-39.231323,-5.98938],[-39.233276,-5.993896],[-39.235413,-6.000916],[-39.239075,-6.000488],[-39.23938,-5.995483],[-39.244507,-5.996704],[-39.248901,-5.996399],[-39.25293,-5.997803],[-39.257324,-5.998291],[-39.265808,-5.997192],[-39.272522,-5.999878],[-39.278015,-6.005127],[-39.281799,-6.004822],[-39.290283,-5.998596],[-39.294495,-5.997803],[-39.295776,-5.990906],[-39.302185,-5.991211],[-39.306702,-5.994202],[-39.309814,-6.000488],[-39.316406,-6.004578],[-39.320984,-6.005981],[-39.323975,-6.003296],[-39.334717,-6.001709],[-39.338013,-6.001892],[-39.342102,-6.003784],[-39.343811,-6.007507],[-39.34729,-6.004089],[-39.348816,-6.000916],[-39.348389,-5.994812],[-39.351807,-5.991394],[-39.355713,-5.98999],[-39.35968,-5.990417],[-39.36438,-5.992187],[-39.366821,-5.990112],[-39.366699,-5.986328],[-39.364685,-5.983215],[-39.364075,-5.979919],[-39.371887,-5.978577],[-39.377808,-5.976318],[-39.381775,-5.973511],[-39.386292,-5.973694],[-39.394226,-5.973328],[-39.399414,-5.974182],[-39.404785,-5.975891],[-39.412109,-5.976379],[-39.414185,-5.981201],[-39.414917,-5.984924],[-39.421997,-5.987122],[-39.432007,-5.984375],[-39.436584,-5.98468],[-39.440491,-5.98291],[-39.450012,-5.980225],[-39.45813,-5.98053],[-39.466309,-5.981201],[-39.469482,-5.983582],[-39.474609,-5.985291],[-39.478394,-5.987427],[-39.482117,-5.987427],[-39.487183,-5.983704],[-39.491089,-5.985229],[-39.495789,-5.983887],[-39.498413,-5.981384],[-39.502319,-5.98053],[-39.506409,-5.980896],[-39.509094,-5.983276],[-39.519226,-5.982788],[-39.522827,-5.981506],[-39.526611,-5.981201],[-39.530212,-5.977722],[-39.533081,-5.97821],[-39.536621,-5.980713],[-39.540588,-5.985596],[-39.543213,-5.989807],[-39.546204,-5.999023],[-39.547485,-6.007202],[-39.548828,-6.009888],[-39.551025,-6.012024],[-39.55542,-6.012207],[-39.559082,-6.011414],[-39.561218,-6.009216],[-39.562195,-6.00061],[-39.563293,-5.994629],[-39.564697,-5.990784],[-39.566528,-5.98761],[-39.567505,-5.982117],[-39.567505,-5.97522],[-39.56543,-5.966309],[-39.566223,-5.962097],[-39.570129,-5.961609],[-39.574829,-5.962524],[-39.582581,-5.970886],[-39.587097,-5.973511],[-39.592896,-5.973999],[-39.596924,-5.976685],[-39.599304,-5.980896],[-39.598694,-5.986206],[-39.601196,-5.989075],[-39.606201,-5.987],[-39.612122,-5.981201],[-39.620789,-5.97699],[-39.625305,-5.976501],[-39.638916,-5.971008],[-39.645386,-5.96582],[-39.648193,-5.96698],[-39.652283,-5.966309],[-39.654785,-5.973389],[-39.659912,-5.980408],[-39.661621,-5.988708],[-39.664001,-5.99231],[-39.66803,-5.992798],[-39.670227,-5.994812],[-39.672729,-6.008728],[-39.672913,-6.019592],[-39.674683,-6.022217],[-39.684509,-6.021179],[-39.686096,-6.015808],[-39.695312,-6.015381],[-39.701477,-6.007324],[-39.70459,-6.004822],[-39.710693,-6.008118],[-39.713623,-6.008606],[-39.719482,-6.006226],[-39.723328,-6.007202],[-39.724304,-6.01178],[-39.7276,-6.014526],[-39.73053,-6.019592],[-39.734924,-6.018494],[-39.741882,-6.017395],[-39.741211,-6.011902],[-39.745117,-6.009216],[-39.744995,-6.00531],[-39.739624,-6],[-39.734009,-5.993713],[-39.729797,-5.990295],[-39.723389,-5.980103],[-39.721802,-5.976379],[-39.731079,-5.981201],[-39.733704,-5.983826],[-39.746582,-5.997803],[-39.749329,-5.999878],[-39.752502,-6.004883],[-39.755005,-6.006592],[-39.759888,-6.006592],[-39.767578,-6.007507],[-39.771484,-6.011292],[-39.774719,-6.015686],[-39.778381,-6.017212],[-39.791016,-6.020996],[-39.794495,-6.020813],[-39.798584,-6.019592],[-39.801392,-6.016418],[-39.804626,-6.016479],[-39.807495,-6.015686],[-39.812805,-6.012085],[-39.815125,-6.017517],[-39.817078,-6.020813],[-39.823608,-6.021729],[-39.826416,-6.026184],[-39.825195,-6.031921],[-39.822388,-6.034424],[-39.823914,-6.036804],[-39.8255,-6.041687],[-39.833008,-6.049011],[-39.837585,-6.052979],[-39.84021,-6.054382],[-39.842285,-6.058777],[-39.85321,-6.063782],[-39.855713,-6.068726],[-39.856628,-6.072998],[-39.859802,-6.075012],[-39.86322,-6.075806],[-39.863708,-6.079407],[-39.867676,-6.081604],[-39.871826,-6.084717],[-39.876099,-6.085876],[-39.875305,-6.089905],[-39.882324,-6.093201],[-39.886597,-6.094604],[-39.888916,-6.098206],[-39.889282,-6.1026],[-39.89032,-6.106812],[-39.893005,-6.109985],[-39.892395,-6.113708],[-39.88739,-6.114624],[-39.877808,-6.119324],[-39.874512,-6.1203],[-39.867126,-6.11969],[-39.864807,-6.123779],[-39.860596,-6.122498],[-39.856506,-6.117493],[-39.852295,-6.114624],[-39.846985,-6.119202],[-39.839722,-6.131104],[-39.836609,-6.131287],[-39.832886,-6.133301],[-39.828308,-6.133484],[-39.826721,-6.130676],[-39.825928,-6.127686],[-39.82251,-6.125],[-39.81842,-6.124512],[-39.816223,-6.131104],[-39.814209,-6.133728],[-39.81012,-6.135681],[-39.802917,-6.138489],[-39.804993,-6.142883],[-39.801025,-6.146729],[-39.796692,-6.147705],[-39.796082,-6.154419],[-39.794006,-6.156982],[-39.795105,-6.166504],[-39.797424,-6.17041],[-39.796021,-6.173706],[-39.793091,-6.176086],[-39.793701,-6.179382],[-39.795715,-6.182678],[-39.799316,-6.189819],[-39.799011,-6.195312],[-39.794312,-6.195923],[-39.796021,-6.203613],[-39.796021,-6.20752],[-39.788208,-6.206604],[-39.781982,-6.206726],[-39.779297,-6.205078],[-39.77533,-6.206116],[-39.768799,-6.205688],[-39.767517,-6.209717],[-39.763794,-6.211121],[-39.763611,-6.216125],[-39.764099,-6.221191],[-39.762329,-6.226013],[-39.761475,-6.230225],[-39.760376,-6.238586],[-39.754211,-6.239685],[-39.752808,-6.234985],[-39.750122,-6.228699],[-39.747192,-6.228027],[-39.73291,-6.221375],[-39.734009,-6.215393],[-39.734009,-6.21228],[-39.732178,-6.209595],[-39.728699,-6.207886],[-39.721313,-6.206909],[-39.718079,-6.207703],[-39.716309,-6.211304],[-39.71521,-6.215088],[-39.715393,-6.218689],[-39.71759,-6.221802],[-39.718811,-6.226318],[-39.721008,-6.232483],[-39.723511,-6.235413],[-39.726379,-6.237305],[-39.729309,-6.240112],[-39.732788,-6.242615],[-39.734009,-6.245911],[-39.733215,-6.249695],[-39.734375,-6.254578],[-39.734009,-6.258301],[-39.729614,-6.263428],[-39.729675,-6.266785],[-39.726685,-6.270813],[-39.7229,-6.269226],[-39.721008,-6.271912],[-39.708923,-6.340393],[-39.706299,-6.337524],[-39.703125,-6.331604],[-39.700012,-6.328308],[-39.691711,-6.331177],[-39.688782,-6.329407],[-39.680115,-6.336914],[-39.673401,-6.332886],[-39.669678,-6.335693],[-39.665283,-6.336121],[-39.661621,-6.33551],[-39.657288,-6.336609],[-39.652588,-6.337219],[-39.64801,-6.333313],[-39.631775,-6.322876],[-39.628479,-6.322021],[-39.626099,-6.319702],[-39.622009,-6.320312],[-39.617798,-6.321716],[-39.616577,-6.325195],[-39.611328,-6.322205],[-39.605713,-6.322021],[-39.602112,-6.318726],[-39.598999,-6.317078],[-39.594299,-6.310486],[-39.590088,-6.309326],[-39.58783,-6.312195],[-39.585083,-6.314026],[-39.581604,-6.315186],[-39.578979,-6.313599],[-39.571777,-6.320129],[-39.570496,-6.322998],[-39.565979,-6.327087],[-39.562378,-6.328796],[-39.559326,-6.331604],[-39.556213,-6.329712],[-39.552429,-6.3255],[-39.548706,-6.322815],[-39.5448,-6.322021],[-39.541809,-6.320496],[-39.535278,-6.323914],[-39.531189,-6.324829],[-39.524109,-6.328308],[-39.526611,-6.333008],[-39.524292,-6.335876],[-39.522888,-6.338806],[-39.518005,-6.337219],[-39.515015,-6.334412],[-39.511108,-6.33252],[-39.507202,-6.331299],[-39.503296,-6.334412],[-39.499817,-6.332581],[-39.498108,-6.329529],[-39.495911,-6.331726],[-39.492615,-6.328308],[-39.489502,-6.326721],[-39.482727,-6.332703],[-39.477722,-6.335815],[-39.473511,-6.336426],[-39.468384,-6.331421],[-39.468506,-6.327087],[-39.467712,-6.323486],[-39.464905,-6.32489],[-39.460388,-6.325684],[-39.463379,-6.285095],[-39.463806,-6.280396],[-39.419495,-6.262024],[-39.416504,-6.260193],[-39.414612,-6.25769],[-39.4151,-6.254395],[-39.417175,-6.252075],[-39.416809,-6.245789],[-39.413879,-6.244019],[-39.410095,-6.238281],[-39.407227,-6.235229],[-39.389404,-6.221985],[-39.385681,-6.22052],[-39.380981,-6.220093],[-39.377808,-6.218079],[-39.36908,-6.217712],[-39.366516,-6.220825],[-39.361084,-6.222229],[-39.357605,-6.224487],[-39.34198,-6.210327],[-39.307678,-6.1745],[-39.259216,-6.128418],[-39.217102,-6.137695],[-39.187012,-6.144409],[-39.156799,-6.151001],[-39.140991,-6.153503],[-39.108093,-6.112183],[-39.090027,-6.092712],[-39.089478,-6.088501],[-39.091187,-6.085388],[-39.088928,-6.081482],[-39.083679,-6.077576],[-39.08252,-6.074707],[-39.082275,-6.068726],[-39.078003,-6.064819],[-39.075195,-6.060913],[-39.075195,-6.05658],[-39.074097,-6.052307],[-39.070923,-6.050415],[-39.06488,-6.045715],[-39.06073,-6.045105],[-39.056519,-6.046875],[-39.053711,-6.042908],[-39.052124,-6.038391],[-39.050903,-6.024597]]]},"properties":{"shapeName":"Acopiara","shapeISO":"56859067B11934644430422","shapeGroup":"BRA","shapeType":"ADM2","src_shape_id":"56859067B11934644430422","adm1ISO":"BR-CE"}},
{"type":"Feature","geometry":{"type":"Polygon","coordinates":[[[-40.370483,-6.803101],[-40.364014,-6.806824],[-40.351685,-6.808228],[-40.350708,-6.798706],[-40.348389,-6.796997],[-40.344116,-6.801819],[-40.330383,-6.804321],[-40.322083,-6.80249],[-40.31781,-6.799683],[-40.3172,-6.795898],[-40.315613,-6.791504],[-40.313904,-6.789001],[-40.311279,-6.786621],[-40.306824,-6.786987],[-40.304077,-6.795288],[-40.301575,-6.798401],[-40.300598,-6.806824],[-40.297913,-6.808105],[-40.292419,-6.807922],[-40.288879,-6.804382],[-40.28479,-6.79718],[-40.282288,-6.794678],[-40.27832,-6.794495],[-40.265503,-6.796692],[-40.263184,-6.794983],[-40.262512,-6.791504],[-40.258423,-6.786194],[-40.252625,-6.786682],[-40.246582,-6.781921],[-40.243103,-6.777588],[-40.23761,-6.776184],[-40.221924,-6.776489],[-40.212097,-6.776001],[-40.203125,-6.774292],[-40.197693,-6.770996],[-40.183228,-6.759399],[-40.179077,-6.760193],[-40.171082,-6.773315],[-40.169312,-6.777405],[-40.169006,-6.780396],[-40.169312,-6.788086],[-40.168091,-6.791321],[-40.163208,-6.789612],[-40.160522,-6.788025],[-40.149902,-6.784485],[-40.14679,-6.785583],[-40.143921,-6.788208],[-40.141479,-6.791504],[-40.139282,-6.801575],[-40.134277,-6.801025],[-40.130493,-6.804321],[-40.133911,-6.80658],[-40.132812,-6.810181],[-40.13562,-6.811218],[-40.142212,-6.814575],[-40.144592,-6.81781],[-40.140808,-6.818176],[-40.138977,-6.821594],[-40.135925,-6.819397],[-40.126221,-6.817688],[-40.119812,-6.819519],[-40.116394,-6.81842],[-40.113892,-6.816589],[-40.112305,-6.811584],[-40.107178,-6.805603],[-40.103394,-6.806396],[-40.101379,-6.804077],[-40.094421,-6.801819],[-40.09082,-6.797913],[-40.083923,-6.792725],[-40.080994,-6.792725],[-40.078613,-6.795715],[-40.074524,-6.793518],[-40.069519,-6.792114],[-40.066528,-6.788513],[-40.071289,-6.780029],[-40.069519,-6.776489],[-40.069519,-6.772095],[-40.06073,-6.766418],[-40.054382,-6.761108],[-40.049988,-6.756714],[-40.047485,-6.75531],[-40.043213,-6.75061],[-40.041626,-6.744995],[-40.038391,-6.742981],[-40.032776,-6.737976],[-40.032227,-6.733887],[-40.025513,-6.732178],[-40.02301,-6.729126],[-40.019287,-6.722778],[-40.013611,-6.718628],[-40.013611,-6.715515],[-40.010986,-6.711609],[-40.006775,-6.710388],[-40.002991,-6.707581],[-39.999695,-6.703613],[-39.996521,-6.703186],[-39.995911,-6.700378],[-39.997986,-6.69751],[-40.001099,-6.696289],[-40.003113,-6.69342],[-40.004822,-6.687622],[-40.007812,-6.684509],[-40.011902,-6.677795],[-40.015198,-6.673584],[-40.019897,-6.672913],[-40.024902,-6.67572],[-40.028687,-6.676086],[-40.030884,-6.672729],[-40.03949,-6.672729],[-40.041809,-6.677307],[-40.047485,-6.682312],[-40.051697,-6.679687],[-40.048828,-6.6745],[-40.05188,-6.675476],[-40.054626,-6.674377],[-40.05481,-6.670105],[-40.053711,-6.666992],[-40.05072,-6.661011],[-40.047913,-6.658875],[-40.045776,-6.655396],[-40.044006,-6.650085],[-40.037903,-6.642029],[-40.036621,-6.637329],[-40.039307,-6.628113],[-40.043396,-6.625977],[-40.046326,-6.62561],[-40.0495,-6.626221],[-40.055176,-6.625916],[-40.057312,-6.622803],[-40.05481,-6.611328],[-40.051575,-6.608582],[-40.047485,-6.606812],[-40.041199,-6.602295],[-40.036987,-6.600525],[-40.032288,-6.597717],[-40.030823,-6.59491],[-40.038696,-6.593323],[-40.039978,-6.590088],[-40.037292,-6.588196],[-40.030212,-6.584717],[-40.026123,-6.582092],[-40.027527,-6.57489],[-40.030212,-6.569397],[-40.03009,-6.562927],[-40.034424,-6.559082],[-40.035095,-6.556091],[-40.033691,-6.551086],[-40.031189,-6.547485],[-40.031006,-6.542419],[-40.033508,-6.5401],[-40.040283,-6.539307],[-40.041382,-6.531311],[-40.0448,-6.528198],[-40.048096,-6.524109],[-40.051208,-6.52179],[-40.051575,-6.518127],[-40.050293,-6.514099],[-40.054016,-6.511108],[-40.056824,-6.507324],[-40.058289,-6.500793],[-40.055481,-6.497925],[-40.054199,-6.495117],[-40.056213,-6.49292],[-40.05719,-6.489502],[-40.053894,-6.486206],[-40.055298,-6.481689],[-40.053711,-6.477478],[-40.050781,-6.473999],[-40.04718,-6.471313],[-40.0495,-6.467407],[-40.050293,-6.463928],[-40.048706,-6.459412],[-40.049622,-6.456482],[-40.047913,-6.453918],[-40.046997,-6.450806],[-40.041626,-6.442993],[-40.037476,-6.440613],[-40.033508,-6.441711],[-40.028381,-6.440918],[-40.029602,-6.43573],[-40.033386,-6.43158],[-40.036987,-6.430603],[-40.042419,-6.426025],[-40.046509,-6.423584],[-40.051025,-6.421692],[-40.056213,-6.420593],[-40.060486,-6.41803],[-40.06311,-6.414612],[-40.066528,-6.405884],[-40.068909,-6.404419],[-40.071899,-6.403625],[-40.075195,-6.400513],[-40.077209,-6.396301],[-40.079712,-6.388611],[-40.084412,-6.378479],[-40.082886,-6.370789],[-40.084229,-6.36731],[-40.094788,-6.360413],[-40.0979,-6.358826],[-40.103699,-6.354309],[-40.106689,-6.351501],[-40.110107,-6.349915],[-40.114685,-6.348511],[-40.119202,-6.348511],[-40.123718,-6.349609],[-40.127625,-6.351379],[-40.131592,-6.350586],[-40.136108,-6.350586],[-40.138611,-6.352295],[-40.14209,-6.352478],[-40.144897,-6.355591],[-40.14502,-6.359619],[-40.148315,-6.360901],[-40.153015,-6.359009],[-40.154724,-6.354614],[-40.158813,-6.354126],[-40.163025,-6.361389],[-40.16748,-6.360413],[-40.171326,-6.360718],[-40.180908,-6.364685],[-40.184021,-6.364319],[-40.187012,-6.365601],[-40.189209,-6.367981],[-40.197327,-6.372681],[-40.200378,-6.375488],[-40.202209,-6.37793],[-40.207703,-6.38092],[-40.21228,-6.380005],[-40.215515,-6.376587],[-40.219421,-6.377686],[-40.221008,-6.38092],[-40.224182,-6.384399],[-40.227783,-6.387512],[-40.23291,-6.388184],[-40.236389,-6.389404],[-40.238525,-6.392517],[-40.242126,-6.392395],[-40.244812,-6.388489],[-40.249023,-6.388],[-40.249878,-6.381409],[-40.25293,-6.378113],[-40.256104,-6.376526],[-40.259827,-6.377808],[-40.258118,-6.38208],[-40.261475,-6.385925],[-40.265808,-6.385681],[-40.269226,-6.386292],[-40.27301,-6.388123],[-40.276428,-6.386902],[-40.284485,-6.381104],[-40.289612,-6.387207],[-40.295898,-6.391907],[-40.299316,-6.393494],[-40.305908,-6.395386],[-40.307617,-6.39801],[-40.308411,-6.40271],[-40.312622,-6.399719],[-40.317017,-6.399292],[-40.32489,-6.402527],[-40.328491,-6.402527],[-40.333313,-6.405212],[-40.336304,-6.408325],[-40.338806,-6.413513],[-40.345825,-6.409912],[-40.348022,-6.413208],[-40.35199,-6.415894],[-40.354187,-6.419189],[-40.357727,-6.421509],[-40.35968,-6.424622],[-40.362915,-6.426575],[-40.365479,-6.429199],[-40.366821,-6.434021],[-40.36969,-6.43811],[-40.368286,-6.442993],[-40.368713,-6.447815],[-40.36969,-6.452026],[-40.372925,-6.454895],[-40.376709,-6.457214],[-40.378601,-6.459778],[-40.383301,-6.463013],[-40.387878,-6.465393],[-40.39032,-6.469116],[-40.390808,-6.473511],[-40.394287,-6.475708],[-40.398682,-6.477295],[-40.403015,-6.47821],[-40.416199,-6.48291],[-40.425903,-6.485901],[-40.439026,-6.488708],[-40.443176,-6.490723],[-40.445618,-6.493591],[-40.447815,-6.497314],[-40.448425,-6.501282],[-40.447693,-6.505188],[-40.448303,-6.509094],[-40.450989,-6.515076],[-40.453003,-6.518677],[-40.453308,-6.524292],[-40.45752,-6.527527],[-40.468018,-6.529419],[-40.478394,-6.528015],[-40.485779,-6.528809],[-40.491577,-6.531006],[-40.496826,-6.531006],[-40.499512,-6.532776],[-40.503113,-6.533813],[-40.511108,-6.535217],[-40.515808,-6.536987],[-40.525024,-6.537476],[-40.528992,-6.538818],[-40.539612,-6.54718],[-40.543518,-6.549011],[-40.547913,-6.548828],[-40.55249,-6.549927],[-40.555908,-6.549194],[-40.561523,-6.546875],[-40.564514,-6.546509],[-40.577209,-6.548279],[-40.57959,-6.550598],[-40.580811,-6.554382],[-40.583679,-6.556702],[-40.587097,-6.557922],[-40.589294,-6.562012],[-40.588013,-6.565613],[-40.588196,-6.573425],[-40.590698,-6.578125],[-40.596313,-6.58551],[-40.5979,-6.593811],[-40.600708,-6.596497],[-40.605713,-6.598816],[-40.607605,-6.601501],[-40.610229,-6.603699],[-40.611023,-6.607727],[-40.616516,-6.605408],[-40.626282,-6.604309],[-40.640198,-6.606201],[-40.644775,-6.606018],[-40.647217,-6.607605],[-40.648804,-6.610901],[-40.650879,-6.612915],[-40.654114,-6.613281],[-40.659729,-6.611328],[-40.663513,-6.611694],[-40.666687,-6.612793],[-40.671021,-6.61322],[-40.673401,-6.60498],[-40.67511,-6.601318],[-40.685913,-6.600098],[-40.716919,-6.599976],[-40.736328,-6.60022],[-40.733887,-6.606079],[-40.731995,-6.608582],[-40.721924,-6.617981],[-40.7229,-6.621399],[-40.731812,-6.655579],[-40.726013,-6.663208],[-40.717712,-6.671387],[-40.710083,-6.676086],[-40.7005,-6.677307],[-40.674988,-6.678101],[-40.664917,-6.679016],[-40.658875,-6.678406],[-40.650208,-6.678406],[-40.645203,-6.682983],[-40.639709,-6.690918],[-40.632385,-6.698914],[-40.619202,-6.708679],[-40.609985,-6.713684],[-40.602112,-6.716003],[-40.598511,-6.716003],[-40.592285,-6.717407],[-40.579285,-6.718201],[-40.560303,-6.720581],[-40.533691,-6.725891],[-40.517395,-6.730408],[-40.507629,-6.731506],[-40.492676,-6.731812],[-40.476929,-6.732788],[-40.473877,-6.734802],[-40.471924,-6.744812],[-40.468689,-6.748596],[-40.461792,-6.752075],[-40.459717,-6.754211],[-40.45813,-6.75769],[-40.456909,-6.763],[-40.454102,-6.778809],[-40.452026,-6.783691],[-40.4422,-6.791077],[-40.438904,-6.806702],[-40.43573,-6.810608],[-40.432312,-6.812805],[-40.427612,-6.813721],[-40.421021,-6.813599],[-40.416809,-6.8125],[-40.404114,-6.80249],[-40.39502,-6.798096],[-40.388794,-6.796997],[-40.381897,-6.798401],[-40.374512,-6.800415],[-40.370483,-6.803101]]]},"properties":{"shapeName":"Aiuaba","shapeISO":"56859067B38072225425515","shapeGroup":"BRA","shapeType":"ADM2","src_shape_id":"56859067B38072225425515","adm1ISO":"BR-CE"}},
{"type":"Feature","geometry":{"type":"Polygon","coordinates":[[[-40.49408,-3.632324],[-40.498413,-3.629822],[-40.503113,-3.624512],[-40.499084,-3.616821],[-40.498413,-3.611694],[-40.49823,-3.605713],[-40.491821,-3.601379],[-40.480896,-3.59552],[-40.479309,-3.591919],[-40.487183,-3.585388],[-40.490906,-3.58429],[-40.4953,-3.583984],[-40.497925,-3.577026],[-40.481812,-3.562378],[-40.477112,-3.557312],[-40.481628,-3.555725],[-40.48999,-3.553589],[-40.493713,-3.551208],[-40.500305,-3.550903],[-40.511108,-3.549011],[-40.520691,-3.54541],[-40.514893,-3.532227],[-40.520813,-3.512878],[-40.531006,-3.514587],[-40.540283,-3.522888],[-40.541382,-3.526001],[-40.546326,-3.528015],[-40.548828,-3.532288],[-40.5495,-3.536987],[-40.553223,-3.538086],[-40.557312,-3.539978],[-40.560608,-3.543213],[-40.564209,-3.545898],[-40.570312,-3.554382],[-40.571777,-3.557495],[-40.570312,-3.562378],[-40.57251,-3.564819],[-40.576599,-3.565796],[-40.580811,-3.563782],[-40.584778,-3.562988],[-40.588684,-3.563477],[-40.596191,-3.567078],[-40.598389,-3.569275],[-40.598083,-3.572388],[-40.589783,-3.574402],[-40.59082,-3.577209],[-40.594788,-3.580078],[-40.598694,-3.580688],[-40.604919,-3.582825],[-40.60321,-3.586304],[-40.607727,-3.59198],[-40.606812,-3.595886],[-40.604797,-3.600891],[-40.604004,-3.604492],[-40.606323,-3.606384],[-40.609375,-3.606018],[-40.613708,-3.60791],[-40.611023,-3.611389],[-40.60791,-3.614197],[-40.606079,-3.617676],[-40.60321,-3.619812],[-40.598206,-3.617493],[-40.594177,-3.617126],[-40.590576,-3.619812],[-40.592407,-3.624695],[-40.593201,-3.629517],[-40.5896,-3.631714],[-40.590393,-3.634705],[-40.588501,-3.638428],[-40.584717,-3.638489],[-40.579529,-3.637695],[-40.575623,-3.640808],[-40.577698,-3.643677],[-40.574219,-3.645081],[-40.559509,-3.650024],[-40.556091,-3.6521],[-40.552612,-3.652588],[-40.543396,-3.654907],[-40.5354,-3.652527],[-40.529724,-3.651611],[-40.526794,-3.651611],[-40.523193,-3.650513],[-40.514587,-3.648926],[-40.518616,-3.638916],[-40.513123,-3.642517],[-40.508606,-3.643494],[-40.503906,-3.6427],[-40.499878,-3.641113],[-40.495728,-3.637878],[-40.493591,-3.635193],[-40.49408,-3.632324]]]},"properties":{"shapeName":"Alcântaras","shapeISO":"56859067B37073586191016","shapeGroup":"BRA","shapeType":"ADM2","src_shape_id":"56859067B37073586191016","adm1ISO":"BR-CE"}},
{"type":"Feature","geometry":{"type":"Polygon","coordinates":[[[-39.680115,-7.01532],[-39.677979,-7.01178],[-39.673218,-7.009521],[-39.664795,-7.00769],[-39.658813,-7.006714],[-39.656311,-7.004089],[-39.65918,-7.002197],[-39.663208,-6.99408],[-39.65033,-6.991699],[-39.645691,-6.991211],[-39.639282,-6.984985],[-39.635803,-6.9823],[-39.636414,-6.978516],[-39.632202,-6.97168],[-39.633484,-6.968811],[-39.630615,-6.966797],[-39.625977,-6.9646],[-39.622009,-6.961487],[-39.624084,-6.95813],[-39.639404,-6.944214],[-39.648193,-6.950012],[-39.653076,-6.952698],[-39.657593,-6.953491],[-39.661011,-6.955688],[-39.66571,-6.957886],[-39.669495,-6.96051],[-39.679321,-6.9646],[-39.684021,-6.96582],[-39.687012,-6.968079],[-39.690613,-6.969788],[-39.692993,-6.968201],[-39.690613,-6.961487],[-39.697815,-6.960693],[-39.698608,-6.957886],[-39.701782,-6.956421],[-39.703125,-6.953796],[-39.707886,-6.953125],[-39.711182,-6.954285],[-39.717102,-6.960815],[-39.718689,-6.963806],[-39.721191,-6.96521],[-39.724609,-6.966187],[-39.728699,-6.968201],[-39.734497,-6.971802],[-39.743408,-6.979004],[-39.745911,-6.98053],[-39.75238,-6.986328],[-39.75531,-6.988403],[-39.757812,-6.99231],[-39.768494,-6.994019],[-39.772583,-6.999329],[-39.775085,-7.001282],[-39.778503,-7.002014],[-39.781311,-7.003784],[-39.794312,-7.009705],[-39.80011,-7.011292],[-39.775696,-7.016479],[-39.771179,-7.017212],[-39.747498,-7.023682],[-39.759094,-7.013306],[-39.737793,-7.007812],[-39.716492,-7.002197],[-39.690979,-7.015991],[-39.680115,-7.01532]]]},"properties":{"shapeName":"Altaneira","shapeISO":"56859067B38427988567016","shapeGroup":"BRA","shapeType":"ADM2","src_shape_id":"56859067B38427988567016","adm1ISO":"BR-CE"}},
{"type":"Feature","geometry":{"type":"Polygon","coordinates":[[[-37.880493,-5.434509],[-37.972778,-5.433594],[-38.010803,-5.433594],[-38.075684,-5.433716],[-38.115906,-5.433777],[-38.189575,-5.433899],[-38.158508,-5.357788],[-38.219299,-5.387817],[-38.231323,-5.393616],[-38.236816,-5.395081],[-38.240601,-5.395508],[-38.247498,-5.393494],[-38.255127,-5.393127],[-38.259277,-5.394287],[-38.260681,-5.4104],[-38.302429,-5.389099],[-38.314209,-5.383911],[-38.315002,-5.388489],[-38.321411,-5.39563],[-38.326721,-5.399109],[-38.339111,-5.403076],[-38.394409,-5.363708],[-38.395203,-5.369812],[-38.39978,-5.371582],[-38.404602,-5.370117],[-38.407593,-5.370483],[-38.413513,-5.374878],[-38.4151,-5.385376],[-38.417114,-5.388489],[-38.4245,-5.390808],[-38.424622,-5.393677],[-38.423401,-5.39679],[-38.424927,-5.400818],[-38.422913,-5.40448],[-38.427307,-5.411011],[-38.426392,-5.415283],[-38.432495,-5.421326],[-38.439819,-5.425903],[-38.438904,-5.433289],[-38.429199,-5.449219],[-38.431396,-5.453491],[-38.431885,-5.458191],[-38.430786,-5.4646],[-38.431091,-5.468689],[-38.432678,-5.472412],[-38.432922,-5.476501],[-38.437805,-5.480286],[-38.439392,-5.486328],[-38.443176,-5.489197],[-38.446716,-5.496826],[-38.451111,-5.498596],[-38.458008,-5.499695],[-38.45929,-5.509399],[-38.459412,-5.512695],[-38.456299,-5.518982],[-38.44989,-5.533081],[-38.437378,-5.545227],[-38.434692,-5.594177],[-38.432922,-5.62738],[-38.41748,-5.624512],[-38.266907,-5.603027],[-38.265808,-5.605713],[-38.267212,-5.608521],[-38.265991,-5.613098],[-38.265503,-5.617615],[-38.265503,-5.626221],[-38.259827,-5.634277],[-38.256409,-5.63562],[-38.250977,-5.642578],[-38.248901,-5.646179],[-38.245911,-5.644714],[-38.23938,-5.638306],[-38.236206,-5.637085],[-38.233704,-5.639709],[-38.231812,-5.642883],[-38.229492,-5.640991],[-38.226624,-5.640381],[-38.223694,-5.634583],[-38.220093,-5.636292],[-38.218811,-5.639282],[-38.214905,-5.638977],[-38.214111,-5.635315],[-38.212097,-5.631775],[-38.204712,-5.631775],[-38.200378,-5.633423],[-38.193176,-5.633301],[-38.191711,-5.636475],[-38.187927,-5.640076],[-38.179016,-5.642517],[-38.175598,-5.643127],[-38.170898,-5.644897],[-38.167603,-5.64679],[-38.17041,-5.65033],[-38.167419,-5.653381],[-38.15509,-5.65741],[-38.151306,-5.658386],[-38.148315,-5.660217],[-38.147888,-5.665222],[-38.148499,-5.669006],[-38.145203,-5.671814],[-38.138184,-5.67511],[-38.135376,-5.674377],[-38.128113,-5.674683],[-38.124878,-5.672424],[-38.11731,-5.671509],[-38.109619,-5.672485],[-38.091797,-5.672485],[-38.082275,-5.671204],[-38.079285,-5.666077],[-38.075806,-5.663086],[-38.067627,-5.658691],[-38.064209,-5.656311],[-38.053406,-5.646118],[-38.049194,-5.643982],[-38.046204,-5.643188],[-38.036499,-5.639221],[-38.03418,-5.637085],[-38.031921,-5.63269],[-38.023987,-5.613586],[-38.013977,-5.594421],[-38.010193,-5.591309],[-37.998779,-5.585876],[-37.999084,-5.581482],[-37.998596,-5.578003],[-37.999512,-5.575012],[-37.997803,-5.56781],[-37.995605,-5.565186],[-37.993103,-5.559204],[-37.98999,-5.555786],[-37.975708,-5.550781],[-37.971802,-5.548828],[-37.969299,-5.545898],[-37.964111,-5.543213],[-37.960083,-5.540222],[-37.950623,-5.536621],[-37.947998,-5.534607],[-37.945679,-5.531189],[-37.944519,-5.527222],[-37.941589,-5.523499],[-37.93811,-5.512878],[-37.934692,-5.50531],[-37.931702,-5.502625],[-37.925781,-5.50238],[-37.92041,-5.50531],[-37.91748,-5.50531],[-37.910217,-5.503601],[-37.901794,-5.500183],[-37.901611,-5.496399],[-37.900513,-5.491028],[-37.897583,-5.485107],[-37.892395,-5.481079],[-37.889526,-5.452209],[-37.888794,-5.44928],[-37.886475,-5.443787],[-37.880493,-5.434509]]]},"properties":{"shapeName":"Alto Santo","shapeISO":"56859067B2763154043889","shapeGroup":"BRA","shapeType":"ADM2","src_shape_id":"56859067B2763154043889","adm1ISO":"BR-CE"}},
{"type":"Feature","geometry":{"type":"Polygon","coordinates":[[[-39.933594,-3.316589],[-39.932495,-3.320312],[-39.935486,-3.322021],[-39.936218,-3.325378],[-39.937988,-3.328491],[-39.938599,-3.331787],[-39.940491,-3.336182],[-39.943481,-3.338379],[-39.948792,-3.343201],[-39.955017,-3.34552],[-39.956116,-3.348389],[-39.961792,-3.351807],[-39.965393,-3.35321],[-39.970215,-3.354187],[-39.973877,-3.355713],[-39.977417,-3.358887],[-39.97998,-3.361877],[-39.983582,-3.36438],[-39.987427,-3.365417],[-39.986877,-3.368713],[-39.987,-3.37738],[-39.98761,-3.380676],[-39.990417,-3.383179],[-39.991699,-3.387512],[-39.991211,-3.391907],[-39.993408,-3.396301],[-39.994629,-3.39978],[-39.99469,-3.404297],[-39.996582,-3.408386],[-40,-3.410889],[-40.004028,-3.417603],[-40.006226,-3.423584],[-40.009705,-3.424622],[-40.012329,-3.427429],[-40.016296,-3.42981],[-40.021301,-3.430725],[-40.024719,-3.433716],[-40.027283,-3.438416],[-39.994995,-3.437927],[-39.986084,-3.440613],[-39.982605,-3.440613],[-39.969177,-3.439087],[-39.964417,-3.437927],[-39.956909,-3.434692],[-39.95282,-3.433594],[-39.947998,-3.433105],[-39.937805,-3.434387],[-39.928589,-3.437317],[-39.924805,-3.437988],[-39.920898,-3.437805],[-39.917725,-3.438477],[-39.911499,-3.440613],[-39.904602,-3.442322],[-39.89978,-3.442688],[-39.890076,-3.44458],[-39.867676,-3.450012],[-39.855713,-3.452393],[-39.852905,-3.453308],[-39.848022,-3.453613],[-39.831177,-3.456787],[-39.809326,-3.460083],[-39.783813,-3.4646],[-39.776428,-3.459595],[-39.768982,-3.456726],[-39.765991,-3.453308],[-39.765015,-3.449402],[-39.768127,-3.447021],[-39.768188,-3.442078],[-39.766907,-3.438599],[-39.764099,-3.435913],[-39.761475,-3.434692],[-39.757996,-3.434021],[-39.754822,-3.427612],[-39.750977,-3.421509],[-39.750183,-3.417603],[-39.752625,-3.414124],[-39.75,-3.411011],[-39.746704,-3.410217],[-39.741211,-3.406921],[-39.739075,-3.404114],[-39.735718,-3.401123],[-39.734802,-3.397827],[-39.734985,-3.393799],[-39.739807,-3.390808],[-39.73999,-3.387024],[-39.73761,-3.384216],[-39.736328,-3.380798],[-39.733521,-3.376892],[-39.732178,-3.373413],[-39.734009,-3.370422],[-39.736877,-3.368286],[-39.735596,-3.363403],[-39.736389,-3.359985],[-39.737915,-3.356689],[-39.7323,-3.348206],[-39.728821,-3.347717],[-39.725586,-3.338196],[-39.723328,-3.336426],[-39.715576,-3.336182],[-39.712891,-3.333923],[-39.709595,-3.327209],[-39.707214,-3.325012],[-39.703491,-3.323608],[-39.717529,-3.278687],[-39.720703,-3.268799],[-39.728699,-3.24469],[-39.718079,-3.245178],[-39.702026,-3.245117],[-39.698608,-3.241577],[-39.699707,-3.236389],[-39.698608,-3.2323],[-39.696594,-3.230103],[-39.690491,-3.225891],[-39.68811,-3.223206],[-39.686523,-3.220276],[-39.686279,-3.216492],[-39.68811,-3.212402],[-39.688782,-3.209595],[-39.687317,-3.207092],[-39.684326,-3.205627],[-39.680115,-3.204529],[-39.679321,-3.196106],[-39.679199,-3.191223],[-39.679687,-3.185913],[-39.679016,-3.182007],[-39.673828,-3.176575],[-39.671997,-3.173218],[-39.671509,-3.169312],[-39.669678,-3.165405],[-39.666504,-3.164307],[-39.662415,-3.165222],[-39.65741,-3.16571],[-39.654297,-3.163696],[-39.651306,-3.160706],[-39.646423,-3.158875],[-39.639709,-3.15802],[-39.63678,-3.157227],[-39.633484,-3.155212],[-39.630615,-3.152222],[-39.626709,-3.149292],[-39.618896,-3.1474],[-39.611816,-3.14978],[-39.61261,-3.156799],[-39.609009,-3.153809],[-39.604675,-3.151611],[-39.566101,-3.131287],[-39.562988,-3.11969],[-39.560303,-3.110413],[-39.550781,-3.079224],[-39.553894,-3.078308],[-39.558411,-3.076111],[-39.565979,-3.076111],[-39.569275,-3.074524],[-39.573425,-3.071716],[-39.578613,-3.072876],[-39.583313,-3.07251],[-39.591309,-3.06958],[-39.594299,-3.067993],[-39.597107,-3.065308],[-39.600586,-3.060486],[-39.606201,-3.05188],[-39.609802,-3.04541],[-39.611084,-3.042419],[-39.613708,-3.038513],[-39.616211,-3.031311],[-39.619629,-3.026306],[-39.628601,-3.021912],[-39.637512,-3.018921],[-39.641113,-3.018982],[-39.643799,-3.02063],[-39.645996,-3.023376],[-39.648804,-3.024292],[-39.65271,-3.024292],[-39.656799,-3.023193],[-39.65979,-3.021606],[-39.665283,-3.016296],[-39.670288,-3.010315],[-39.676208,-3.001709],[-39.679687,-3.000793],[-39.687683,-2.996521],[-39.691101,-2.996704],[-39.696899,-3],[-39.701294,-3.001099],[-39.705078,-3.001099],[-39.713989,-2.998413],[-39.719788,-2.99823],[-39.717407,-3.001221],[-39.7146,-3.002197],[-39.708679,-3.003296],[-39.706787,-3.006592],[-39.707214,-3.010803],[-39.708313,-3.013794],[-39.73999,-3.035889],[-39.761719,-3.050903],[-39.784607,-3.066895],[-39.819885,-3.091309],[-39.866882,-3.125183],[-39.865112,-3.129089],[-39.865112,-3.133911],[-39.86438,-3.137695],[-39.864502,-3.141602],[-39.865295,-3.145081],[-39.865112,-3.15332],[-39.868408,-3.162292],[-39.867615,-3.165222],[-39.868225,-3.16803],[-39.870605,-3.171082],[-39.87262,-3.174805],[-39.873779,-3.178223],[-39.877014,-3.179504],[-39.879517,-3.184692],[-39.882812,-3.186584],[-39.88562,-3.189209],[-39.890808,-3.192505],[-39.896301,-3.196777],[-39.897827,-3.2005],[-39.901978,-3.208313],[-39.901123,-3.212891],[-39.89801,-3.215576],[-39.893799,-3.21698],[-39.890991,-3.221191],[-39.889709,-3.224609],[-39.89209,-3.227295],[-39.894714,-3.231506],[-39.894409,-3.234985],[-39.892212,-3.237488],[-39.892029,-3.240601],[-39.89679,-3.248413],[-39.898193,-3.253479],[-39.902588,-3.258484],[-39.90332,-3.263123],[-39.907776,-3.272827],[-39.90979,-3.276001],[-39.909302,-3.279907],[-39.909912,-3.283813],[-39.917175,-3.290894],[-39.922913,-3.294189],[-39.925476,-3.302612],[-39.927429,-3.305725],[-39.927612,-3.309326],[-39.928894,-3.312988],[-39.931702,-3.314209],[-39.933594,-3.316589]]]},"properties":{"shapeName":"Amontada","shapeISO":"56859067B90853545828337","shapeGroup":"BRA","shapeType":"ADM2","src_shape_id":"56859067B90853545828337","adm1ISO":"BR-CE"}},
{"type":"Feature","geometry":{"type":"Polygon","coordinates":[[[-40.144592,-6.81781],[-40.146912,-6.830505],[-40.086426,-6.847717],[-40.077087,-6.856689],[-40.068909,-6.853577],[-40.066101,-6.851013],[-40.058411,-6.847412],[-40.052124,-6.843384],[-40.056091,-6.836487],[-40.055115,-6.828613],[-40.052612,-6.82428],[-40.04248,-6.816589],[-40.028503,-6.814209],[-40.025513,-6.814087],[-40.021179,-6.812622],[-40.014099,-6.807312],[-40.008789,-6.80481],[-40.003418,-6.803589],[-40.000183,-6.804077],[-39.996277,-6.808899],[-39.993408,-6.810425],[-39.990723,-6.813904],[-39.985901,-6.814392],[-39.979309,-6.810181],[-39.975525,-6.80542],[-39.967896,-6.804016],[-39.959778,-6.798828],[-39.953613,-6.793213],[-39.951782,-6.791016],[-39.945984,-6.786926],[-39.93988,-6.783875],[-39.935425,-6.782104],[-39.930298,-6.779297],[-39.909424,-6.763489],[-39.905823,-6.761108],[-39.90271,-6.758118],[-39.897522,-6.754883],[-39.890991,-6.749084],[-39.88678,-6.744202],[-39.880615,-6.738892],[-39.878479,-6.734924],[-39.870483,-6.729675],[-39.864624,-6.724182],[-39.853821,-6.716309],[-39.845581,-6.713806],[-39.841125,-6.709595],[-39.838013,-6.708679],[-39.834595,-6.70459],[-39.832825,-6.69989],[-39.835083,-6.696594],[-39.834229,-6.692627],[-39.835876,-6.684875],[-39.837585,-6.680786],[-39.840515,-6.679016],[-39.8479,-6.678101],[-39.849609,-6.674683],[-39.852905,-6.674316],[-39.855408,-6.677429],[-39.863708,-6.679687],[-39.865479,-6.676514],[-39.868713,-6.678528],[-39.873291,-6.679626],[-39.876526,-6.67981],[-39.876709,-6.676208],[-39.873901,-6.673401],[-39.873108,-6.67041],[-39.877319,-6.671875],[-39.885925,-6.677612],[-39.894226,-6.682129],[-39.900085,-6.684509],[-39.903992,-6.687805],[-39.913025,-6.688782],[-39.91803,-6.693909],[-39.920776,-6.695801],[-39.929626,-6.69812],[-39.932678,-6.700684],[-39.936096,-6.706909],[-39.939026,-6.71051],[-39.942017,-6.711182],[-39.943909,-6.708191],[-39.947021,-6.707214],[-39.950317,-6.7052],[-39.958313,-6.701782],[-39.961914,-6.701782],[-39.963501,-6.695496],[-39.96698,-6.694824],[-39.969788,-6.693298],[-39.970703,-6.689514],[-39.972717,-6.68689],[-39.976685,-6.685913],[-39.981018,-6.686401],[-39.978088,-6.683228],[-39.976196,-6.67981],[-39.974609,-6.673828],[-39.975708,-6.670105],[-39.97998,-6.671692],[-39.984985,-6.671814],[-39.986023,-6.674805],[-39.986328,-6.679321],[-39.989624,-6.681396],[-39.994202,-6.683411],[-39.998413,-6.683594],[-40.002197,-6.684387],[-40.004822,-6.687622],[-40.003113,-6.69342],[-40.001099,-6.696289],[-39.997986,-6.69751],[-39.995911,-6.700378],[-39.996521,-6.703186],[-39.999695,-6.703613],[-40.002991,-6.707581],[-40.006775,-6.710388],[-40.010986,-6.711609],[-40.013611,-6.715515],[-40.013611,-6.718628],[-40.019287,-6.722778],[-40.02301,-6.729126],[-40.025513,-6.732178],[-40.032227,-6.733887],[-40.032776,-6.737976],[-40.038391,-6.742981],[-40.041626,-6.744995],[-40.043213,-6.75061],[-40.047485,-6.75531],[-40.049988,-6.756714],[-40.054382,-6.761108],[-40.06073,-6.766418],[-40.069519,-6.772095],[-40.069519,-6.776489],[-40.071289,-6.780029],[-40.066528,-6.788513],[-40.069519,-6.792114],[-40.074524,-6.793518],[-40.078613,-6.795715],[-40.080994,-6.792725],[-40.083923,-6.792725],[-40.09082,-6.797913],[-40.094421,-6.801819],[-40.101379,-6.804077],[-40.103394,-6.806396],[-40.107178,-6.805603],[-40.112305,-6.811584],[-40.113892,-6.816589],[-40.116394,-6.81842],[-40.119812,-6.819519],[-40.126221,-6.817688],[-40.135925,-6.819397],[-40.138977,-6.821594],[-40.140808,-6.818176],[-40.144592,-6.81781]]]},"properties":{"shapeName":"Antonina do Norte","shapeISO":"56859067B23036701332693","shapeGroup":"BRA","shapeType":"ADM2","src_shape_id":"56859067B23036701332693","adm1ISO":"BR-CE"}},
{"type":"Feature","geometry":{"type":"Polygon","coordinates":[[[-39.202515,-4.045898],[-39.198486,-4.037598],[-39.195312,-4.03418],[-39.192688,-4.030579],[-39.193481,-4.021912],[-39.192688,-4.013611],[-39.191895,-4.010498],[-39.187317,-4.006592],[-39.18573,-4.002014],[-39.187927,-3.997681],[-39.191589,-3.99231],[-39.18689,-3.984009],[-39.183899,-3.981201],[-39.183228,-3.977112],[-39.190613,-3.972595],[-39.19281,-3.970581],[-39.193787,-3.967896],[-39.192627,-3.960815],[-39.189575,-3.958801],[-39.186096,-3.955505],[-39.194092,-3.955383],[-39.214478,-3.945312],[-39.220215,-3.935486],[-39.231323,-3.918396],[-39.239319,-3.901917],[-39.240784,-3.899475],[-39.243103,-3.897705],[-39.247009,-3.89801],[-39.25061,-3.899719],[-39.269104,-3.915222],[-39.275513,-3.916809],[-39.278687,-3.916809],[-39.284485,-3.919922],[-39.288818,-3.920593],[-39.293091,-3.9198],[-39.297913,-3.924377],[-39.308716,-3.936401],[-39.318604,-3.912598],[-39.338501,-3.865295],[-39.341003,-3.859009],[-39.344482,-3.849182],[-39.348999,-3.837524],[-39.354187,-3.844421],[-39.406189,-3.831909],[-39.414795,-3.829102],[-39.430786,-3.854675],[-39.436096,-3.86322],[-39.452087,-3.912109],[-39.45813,-3.92981],[-39.465881,-3.943115],[-39.484009,-3.974609],[-39.485229,-3.996094],[-39.484497,-4.005188],[-39.476807,-4.003296],[-39.469727,-4.004822],[-39.463684,-4.002502],[-39.459106,-4.00238],[-39.455627,-4.000305],[-39.454712,-3.997192],[-39.451477,-3.990906],[-39.450623,-3.987915],[-39.451416,-3.98291],[-39.446716,-3.979004],[-39.445984,-3.976013],[-39.447388,-3.973083],[-39.447327,-3.970215],[-39.444519,-3.969299],[-39.41748,-3.996094],[-39.390991,-4.022888],[-39.373413,-4.040405],[-39.323914,-4.09021],[-39.314026,-4.087585],[-39.305786,-4.08429],[-39.302612,-4.083313],[-39.296204,-4.083679],[-39.285706,-4.084778],[-39.27063,-4.086121],[-39.268799,-4.083313],[-39.261902,-4.078613],[-39.25769,-4.076782],[-39.253296,-4.077026],[-39.247681,-4.076477],[-39.241882,-4.075012],[-39.237305,-4.076782],[-39.231812,-4.074829],[-39.227417,-4.072021],[-39.225098,-4.066895],[-39.218811,-4.061218],[-39.21698,-4.058411],[-39.215881,-4.053711],[-39.213806,-4.050415],[-39.210205,-4.048523],[-39.205017,-4.048828],[-39.202515,-4.045898]]]},"properties":{"shapeName":"Apuiarés","shapeISO":"56859067B73937581953991","shapeGroup":"BRA","shapeType":"ADM2","src_shape_id":"56859067B73937581953991","adm1ISO":"BR-CE"}},
{"type":"Feature","geometry":{"type":"Polygon","coordinates":[[[-38.401794,-3.825378],[-38.409485,-3.819092],[-38.412109,-3.821411],[-38.416382,-3.821106],[-38.419617,-3.825012],[-38.418213,-3.828796],[-38.421204,-3.835022],[-38.421021,-3.839783],[-38.421997,-3.844421],[-38.419312,-3.846008],[-38.416504,-3.848694],[-38.415588,-3.85321],[-38.413696,-3.857605],[-38.413086,-3.861877],[-38.413513,-3.86499],[-38.412781,-3.868286],[-38.413513,-3.875305],[-38.415527,-3.879211],[-38.424377,-3.884521],[-38.428589,-3.884888],[-38.432312,-3.887024],[-38.4328,-3.890808],[-38.434082,-3.894226],[-38.437012,-3.89679],[-38.440002,-3.900513],[-38.44342,-3.903015],[-38.443726,-3.905884],[-38.447388,-3.913879],[-38.44751,-3.918213],[-38.448608,-3.921509],[-38.452515,-3.920898],[-38.46051,-3.91571],[-38.463928,-3.914612],[-38.466309,-3.920715],[-38.468323,-3.924377],[-38.471008,-3.92749],[-38.474792,-3.928223],[-38.479004,-3.927979],[-38.4823,-3.925476],[-38.485901,-3.924622],[-38.488403,-3.926697],[-38.491882,-3.932617],[-38.494812,-3.934814],[-38.501099,-3.937378],[-38.506714,-3.9375],[-38.509094,-3.940491],[-38.509888,-3.944519],[-38.512024,-3.94928],[-38.513184,-3.95813],[-38.515015,-3.961487],[-38.515198,-3.96582],[-38.514099,-3.977112],[-38.514221,-3.980103],[-38.515991,-3.989319],[-38.516113,-3.996216],[-38.518005,-4.012695],[-38.519897,-4.018677],[-38.524109,-4.020996],[-38.526917,-4.023315],[-38.526184,-4.026123],[-38.526428,-4.02948],[-38.52832,-4.032776],[-38.532898,-4.038208],[-38.535828,-4.040283],[-38.53241,-4.043213],[-38.503723,-4.06012],[-38.500916,-4.060913],[-38.492126,-4.059692],[-38.475525,-4.061096],[-38.472412,-4.061584],[-38.465515,-4.065308],[-38.461609,-4.065613],[-38.453125,-4.068726],[-38.447327,-4.068604],[-38.44342,-4.070618],[-38.438416,-4.070679],[-38.425781,-4.06958],[-38.413513,-4.068787],[-38.390198,-4.070923],[-38.386292,-4.070312],[-38.379211,-4.073608],[-38.373779,-4.077698],[-38.3703,-4.065613],[-38.350525,-4.048096],[-38.344177,-4.045776],[-38.341919,-4.038208],[-38.338379,-4.034302],[-38.336304,-4.031006],[-38.332275,-4.029419],[-38.327698,-4.026794],[-38.326111,-4.030212],[-38.322815,-4.031006],[-38.320679,-4.027893],[-38.320923,-4.024597],[-38.320312,-4.019897],[-38.315796,-4.018616],[-38.313721,-4.014893],[-38.312683,-4.011108],[-38.30188,-4.015076],[-38.294922,-4.018616],[-38.291626,-4.021729],[-38.286499,-4.022705],[-38.283325,-4.022217],[-38.27948,-4.02301],[-38.276123,-4.025696],[-38.268616,-4.0271],[-38.265198,-4.026428],[-38.253784,-4.028381],[-38.247009,-4.028198],[-38.244324,-4.026917],[-38.240723,-4.026184],[-38.23761,-4.023499],[-38.233215,-4.02301],[-38.231323,-4.019897],[-38.22998,-4.015808],[-38.227112,-4.013123],[-38.227417,-4.009216],[-38.224609,-4.006409],[-38.22699,-4.002808],[-38.237793,-3.989197],[-38.24292,-3.983093],[-38.249084,-3.974915],[-38.256104,-3.966309],[-38.26001,-3.960693],[-38.268799,-3.950623],[-38.271118,-3.947205],[-38.274475,-3.943787],[-38.279175,-3.941406],[-38.288696,-3.942078],[-38.292786,-3.941101],[-38.30481,-3.934998],[-38.31488,-3.928589],[-38.320007,-3.924927],[-38.328979,-3.917603],[-38.334595,-3.912415],[-38.351929,-3.894409],[-38.360291,-3.884827],[-38.369507,-3.872498],[-38.376099,-3.862793],[-38.392395,-3.838196],[-38.393982,-3.835083],[-38.399109,-3.826904],[-38.401794,-3.825378]]]},"properties":{"shapeName":"Aquiraz","shapeISO":"56859067B18185438473519","shapeGroup":"BRA","shapeType":"ADM2","src_shape_id":"56859067B18185438473519","adm1ISO":"BR-CE"}},
{"type":"Feature","geometry":{"type":"Polygon","coordinates":[[[-37.540222,-4.645691],[-37.545898,-4.644104],[-37.552307,-4.643188],[-37.558594,-4.641602],[-37.566101,-4.638184],[-37.579712,-4.629883],[-37.586121,-4.628296],[-37.592407,-4.625],[-37.603088,-4.61731],[-37.625305,-4.598328],[-37.639526,-4.585815],[-37.652588,-4.572998],[-37.664429,-4.560425],[-37.670227,-4.554016],[-37.681824,-4.539795],[-37.685303,-4.535889],[-37.689514,-4.53241],[-37.693604,-4.530396],[-37.697998,-4.526428],[-37.712891,-4.515198],[-37.716492,-4.511597],[-37.720703,-4.506287],[-37.726196,-4.498779],[-37.732422,-4.488403],[-37.740417,-4.472412],[-37.74469,-4.463013],[-37.748718,-4.452393],[-37.751587,-4.443298],[-37.7547,-4.436584],[-37.759521,-4.430725],[-37.763123,-4.427612],[-37.767883,-4.426697],[-37.772827,-4.42981],[-37.7771,-4.434875],[-37.781494,-4.439087],[-37.784424,-4.443909],[-37.781128,-4.446228],[-37.781494,-4.452698],[-37.778809,-4.455627],[-37.775818,-4.457397],[-37.773193,-4.455627],[-37.770813,-4.452576],[-37.769592,-4.456726],[-37.771484,-4.463013],[-37.775085,-4.4646],[-37.77533,-4.468994],[-37.771606,-4.470886],[-37.77063,-4.473877],[-37.77179,-4.47821],[-37.77533,-4.479309],[-37.775696,-4.483887],[-37.777405,-4.48761],[-37.77948,-4.48999],[-37.782898,-4.49231],[-37.786377,-4.493713],[-37.786987,-4.49939],[-37.788696,-4.507202],[-37.795593,-4.508728],[-37.803711,-4.506226],[-37.810913,-4.506104],[-37.818176,-4.504089],[-37.825378,-4.504517],[-37.831909,-4.508728],[-37.833313,-4.513977],[-37.836121,-4.515808],[-37.848083,-4.522278],[-37.850708,-4.526611],[-37.851318,-4.530396],[-37.848389,-4.533691],[-37.850586,-4.536682],[-37.856018,-4.539429],[-37.864319,-4.542297],[-37.867676,-4.542908],[-37.903809,-4.538208],[-37.963318,-4.52948],[-37.964111,-4.532898],[-37.968506,-4.534119],[-37.972229,-4.535828],[-37.975281,-4.536499],[-37.977478,-4.539307],[-37.980408,-4.541626],[-37.982727,-4.544678],[-37.981812,-4.547913],[-37.983215,-4.551208],[-37.982727,-4.555786],[-37.984009,-4.559509],[-37.986328,-4.561218],[-37.989319,-4.56073],[-37.992493,-4.562988],[-37.992126,-4.566406],[-37.985413,-4.578186],[-37.986023,-4.5849],[-37.973389,-4.615479],[-37.97522,-4.626099],[-37.978882,-4.631775],[-37.992187,-4.644409],[-37.994324,-4.647705],[-37.994202,-4.652588],[-37.993225,-4.660706],[-37.985596,-4.662476],[-37.982178,-4.661804],[-37.968628,-4.659912],[-37.948914,-4.660706],[-37.945007,-4.660583],[-37.932312,-4.662781],[-37.926697,-4.663208],[-37.922302,-4.662781],[-37.916687,-4.663086],[-37.913818,-4.663879],[-37.908997,-4.663818],[-37.865479,-4.67688],[-37.844727,-4.683228],[-37.831604,-4.660095],[-37.829712,-4.6651],[-37.823303,-4.670105],[-37.81781,-4.672913],[-37.814209,-4.672607],[-37.808105,-4.67572],[-37.805908,-4.680481],[-37.802612,-4.694092],[-37.801208,-4.696777],[-37.789917,-4.701111],[-37.78418,-4.704224],[-37.780518,-4.708496],[-37.777405,-4.710999],[-37.774597,-4.711609],[-37.763794,-4.712097],[-37.757629,-4.713196],[-37.748901,-4.718628],[-37.745178,-4.719482],[-37.736511,-4.718811],[-37.733582,-4.717712],[-37.721191,-4.719116],[-37.712219,-4.718201],[-37.706909,-4.718384],[-37.703613,-4.717529],[-37.700317,-4.715515],[-37.696411,-4.7146],[-37.693115,-4.715515],[-37.685425,-4.714783],[-37.679077,-4.71759],[-37.674988,-4.717712],[-37.672119,-4.716797],[-37.665222,-4.716492],[-37.65802,-4.71521],[-37.654907,-4.715576],[-37.644897,-4.716003],[-37.616211,-4.718018],[-37.614319,-4.745483],[-37.611511,-4.768188],[-37.588684,-4.808289],[-37.59198,-4.815796],[-37.640198,-4.926392],[-37.591187,-4.915283],[-37.558411,-4.907898],[-37.539612,-4.903198],[-37.521912,-4.898926],[-37.466614,-4.885803],[-37.446289,-4.88092],[-37.356812,-4.85791],[-37.355713,-4.798096],[-37.355713,-4.794189],[-37.358215,-4.791626],[-37.361328,-4.789917],[-37.362305,-4.786987],[-37.365417,-4.784912],[-37.368896,-4.783875],[-37.373779,-4.783081],[-37.382812,-4.778198],[-37.396301,-4.775879],[-37.399475,-4.774902],[-37.401917,-4.772888],[-37.412292,-4.780518],[-37.416382,-4.782104],[-37.419617,-4.781494],[-37.421997,-4.778076],[-37.425903,-4.778503],[-37.43042,-4.779785],[-37.433411,-4.781311],[-37.437378,-4.781921],[-37.444824,-4.780823],[-37.451111,-4.783386],[-37.461304,-4.781189],[-37.465576,-4.781494],[-37.468994,-4.78302],[-37.504578,-4.790894],[-37.525391,-4.758484],[-37.52771,-4.755127],[-37.555725,-4.724121],[-37.540527,-4.660706],[-37.542908,-4.653015],[-37.540527,-4.650818],[-37.540222,-4.645691]]]},"properties":{"shapeName":"Aracati","shapeISO":"56859067B80165921841857","shapeGroup":"BRA","shapeType":"ADM2","src_shape_id":"56859067B80165921841857","adm1ISO":"BR-CE"}},
{"type":"Feature","geometry":{"type":"Polygon","coordinates":[[[-38.693481,-4.379883],[-38.705627,-4.382812],[-38.708801,-4.383911],[-38.712524,-4.383423],[-38.713623,-4.379395],[-38.716309,-4.376404],[-38.719604,-4.373718],[-38.721924,-4.370422],[-38.725281,-4.366821],[-38.730103,-4.365784],[-38.732483,-4.358215],[-38.737305,-4.356995],[-38.743713,-4.35321],[-38.745911,-4.350891],[-38.747009,-4.346924],[-38.749512,-4.343323],[-38.750793,-4.339722],[-38.749817,-4.336304],[-38.751404,-4.332703],[-38.755981,-4.326599],[-38.757629,-4.322876],[-38.758484,-4.318726],[-38.75769,-4.31189],[-38.760925,-4.310425],[-38.764893,-4.305908],[-38.768921,-4.30542],[-38.773682,-4.308594],[-38.77771,-4.309204],[-38.780884,-4.31189],[-38.78479,-4.316284],[-38.786804,-4.320129],[-38.790894,-4.32251],[-38.795105,-4.323425],[-38.798096,-4.32251],[-38.798706,-4.318115],[-38.802002,-4.315491],[-38.807129,-4.315125],[-38.811279,-4.316711],[-38.82251,-4.314209],[-38.832703,-4.338379],[-38.8396,-4.357117],[-38.841614,-4.361206],[-38.84198,-4.420227],[-38.840698,-4.452698],[-38.837402,-4.44928],[-38.833923,-4.446411],[-38.82959,-4.443726],[-38.82251,-4.443298],[-38.817688,-4.442505],[-38.820312,-4.44812],[-38.820312,-4.452209],[-38.822083,-4.456787],[-38.82251,-4.460388],[-38.825378,-4.463623],[-38.828491,-4.465881],[-38.832825,-4.472412],[-38.789001,-4.510498],[-38.786011,-4.513977],[-38.783081,-4.515686],[-38.775818,-4.518005],[-38.775024,-4.522827],[-38.773621,-4.526978],[-38.769714,-4.525818],[-38.765076,-4.525391],[-38.760376,-4.526306],[-38.75592,-4.526001],[-38.748901,-4.526611],[-38.757507,-4.580811],[-38.761597,-4.601807],[-38.765625,-4.623413],[-38.762512,-4.623596],[-38.759521,-4.624512],[-38.756287,-4.624695],[-38.751587,-4.623413],[-38.746826,-4.620911],[-38.742126,-4.61908],[-38.739075,-4.618408],[-38.729187,-4.618713],[-38.722229,-4.619995],[-38.718811,-4.619812],[-38.71521,-4.614319],[-38.711182,-4.612],[-38.707703,-4.611023],[-38.701721,-4.611694],[-38.697998,-4.626709],[-38.694519,-4.628723],[-38.69281,-4.631592],[-38.691895,-4.634583],[-38.691711,-4.638794],[-38.690002,-4.64209],[-38.686584,-4.645386],[-38.689209,-4.648926],[-38.687927,-4.652588],[-38.680908,-4.656311],[-38.677979,-4.656982],[-38.675781,-4.658813],[-38.674377,-4.663513],[-38.671509,-4.66571],[-38.668518,-4.664124],[-38.666626,-4.661987],[-38.663696,-4.661499],[-38.6604,-4.666382],[-38.657898,-4.67218],[-38.656799,-4.676819],[-38.654602,-4.681396],[-38.647827,-4.681519],[-38.642395,-4.683105],[-38.639404,-4.685303],[-38.636475,-4.686401],[-38.634583,-4.689209],[-38.638123,-4.690918],[-38.637817,-4.694214],[-38.636108,-4.69812],[-38.632019,-4.700012],[-38.624084,-4.697388],[-38.616882,-4.695312],[-38.61322,-4.69281],[-38.604614,-4.685608],[-38.601501,-4.683594],[-38.59729,-4.682617],[-38.592224,-4.678223],[-38.584778,-4.674011],[-38.582703,-4.671509],[-38.579407,-4.670105],[-38.575317,-4.669312],[-38.576599,-4.666504],[-38.583923,-4.66571],[-38.587219,-4.66571],[-38.593079,-4.668213],[-38.598877,-4.66449],[-38.606384,-4.661682],[-38.609497,-4.658325],[-38.611877,-4.653381],[-38.612122,-4.649109],[-38.611389,-4.64502],[-38.61261,-4.641907],[-38.614624,-4.639709],[-38.616089,-4.636902],[-38.618103,-4.630798],[-38.620178,-4.626587],[-38.622925,-4.623413],[-38.623901,-4.620605],[-38.623901,-4.617676],[-38.627991,-4.610718],[-38.629517,-4.606812],[-38.631409,-4.604309],[-38.643494,-4.572205],[-38.649109,-4.555603],[-38.642395,-4.552795],[-38.636475,-4.548706],[-38.634277,-4.54541],[-38.628113,-4.54071],[-38.624207,-4.538208],[-38.621826,-4.534912],[-38.621094,-4.53009],[-38.619385,-4.525513],[-38.619812,-4.52063],[-38.621277,-4.517212],[-38.621826,-4.514282],[-38.624023,-4.510681],[-38.622925,-4.50592],[-38.624329,-4.501709],[-38.629089,-4.493225],[-38.629578,-4.488708],[-38.633911,-4.486389],[-38.635803,-4.482727],[-38.635376,-4.475891],[-38.633118,-4.474182],[-38.632324,-4.470886],[-38.633118,-4.466492],[-38.635803,-4.463623],[-38.635986,-4.458801],[-38.635376,-4.453308],[-38.631104,-4.452209],[-38.626892,-4.44281],[-38.626526,-4.43811],[-38.622009,-4.437805],[-38.614929,-4.434875],[-38.613708,-4.43219],[-38.61438,-4.429199],[-38.604797,-4.424805],[-38.601501,-4.421326],[-38.596497,-4.422607],[-38.586914,-4.421204],[-38.582092,-4.416321],[-38.578613,-4.417603],[-38.574707,-4.41803],[-38.572327,-4.415527],[-38.568481,-4.414124],[-38.564026,-4.406921],[-38.560303,-4.406006],[-38.557007,-4.403992],[-38.552002,-4.398682],[-38.546692,-4.394287],[-38.541687,-4.389221],[-38.538513,-4.383118],[-38.535217,-4.380188],[-38.532593,-4.376587],[-38.533875,-4.368408],[-38.536987,-4.370605],[-38.541809,-4.371826],[-38.546082,-4.370605],[-38.548889,-4.373596],[-38.55249,-4.375],[-38.561218,-4.375305],[-38.565491,-4.376404],[-38.568726,-4.378113],[-38.570923,-4.38208],[-38.574524,-4.384888],[-38.579712,-4.384827],[-38.5849,-4.384094],[-38.589294,-4.384216],[-38.592407,-4.383301],[-38.595886,-4.383423],[-38.601624,-4.381226],[-38.605286,-4.379395],[-38.610413,-4.378906],[-38.612305,-4.382324],[-38.613098,-4.386108],[-38.617126,-4.391113],[-38.621399,-4.399414],[-38.622803,-4.40332],[-38.625,-4.40509],[-38.629822,-4.406311],[-38.634888,-4.406189],[-38.638611,-4.406982],[-38.642578,-4.411499],[-38.643494,-4.414612],[-38.645996,-4.416626],[-38.650024,-4.415283],[-38.65332,-4.41272],[-38.657288,-4.414124],[-38.664001,-4.414917],[-38.666992,-4.413513],[-38.669189,-4.411194],[-38.670776,-4.407288],[-38.673523,-4.403015],[-38.676819,-4.400085],[-38.678589,-4.393921],[-38.679993,-4.390991],[-38.693481,-4.379883]]]},"properties":{"shapeName":"Aracoiaba","shapeISO":"56859067B24661252724236","shapeGroup":"BRA","shapeType":"ADM2","src_shape_id":"56859067B24661252724236","adm1ISO":"BR-CE"}},
{"type":"Feature","geometry":{"type":"Polygon","coordinates":[[[-40.628723,-4.789612],[-40.633728,-4.781616],[-40.636597,-4.775513],[-40.635376,-4.772888],[-40.636414,-4.77002],[-40.636414,-4.766418],[-40.637207,-4.762085],[-40.639893,-4.75708],[-40.642212,-4.753906],[-40.641418,-4.75061],[-40.643677,-4.747986],[-40.64679,-4.747192],[-40.647278,-4.739929],[-40.645996,-4.736694],[-40.647888,-4.734192],[-40.647278,-4.731384],[-40.643005,-4.729675],[-40.643127,-4.726013],[-40.648376,-4.718079],[-40.651489,-4.71521],[-40.656128,-4.708618],[-40.658691,-4.706116],[-40.659424,-4.702515],[-40.65509,-4.692688],[-40.655884,-4.68811],[-40.659424,-4.686523],[-40.6698,-4.705078],[-40.708496,-4.711304],[-40.732483,-4.713196],[-40.735413,-4.7099],[-40.748596,-4.70929],[-40.753418,-4.710815],[-40.757629,-4.710022],[-40.76062,-4.707092],[-40.764587,-4.706909],[-40.772217,-4.708313],[-40.775208,-4.709412],[-40.779419,-4.708496],[-40.785828,-4.711487],[-40.78949,-4.711609],[-40.792725,-4.709717],[-40.798096,-4.708313],[-40.808289,-4.706299],[-40.812683,-4.708801],[-40.818909,-4.711304],[-40.820679,-4.713501],[-40.823792,-4.7146],[-40.826782,-4.716797],[-40.830688,-4.717102],[-40.837708,-4.71698],[-40.844788,-4.718018],[-40.851196,-4.715027],[-40.854309,-4.715088],[-40.856812,-4.71283],[-40.859985,-4.712585],[-40.864075,-4.714905],[-40.868225,-4.715027],[-40.871521,-4.712402],[-40.871277,-4.72229],[-40.870789,-4.72522],[-40.867981,-4.7276],[-40.867493,-4.731812],[-40.871826,-4.739014],[-40.873596,-4.74292],[-40.877808,-4.747803],[-40.880798,-4.74939],[-40.883118,-4.753113],[-40.882324,-4.759094],[-40.8797,-4.768311],[-40.882812,-4.777527],[-40.882324,-4.78418],[-40.854797,-4.783813],[-40.851318,-4.783508],[-40.842407,-4.785217],[-40.839783,-4.788818],[-40.838806,-4.791809],[-40.836121,-4.794983],[-40.833679,-4.800415],[-40.830505,-4.804321],[-40.827209,-4.80719],[-40.825317,-4.809814],[-40.820801,-4.811279],[-40.812012,-4.816284],[-40.807312,-4.81781],[-40.803284,-4.817627],[-40.800415,-4.816284],[-40.796875,-4.81543],[-40.793884,-4.816589],[-40.788818,-4.821716],[-40.784729,-4.823425],[-40.782104,-4.825806],[-40.780212,-4.833923],[-40.776184,-4.83551],[-40.768494,-4.839783],[-40.765198,-4.842407],[-40.764709,-4.846924],[-40.762878,-4.850586],[-40.763611,-4.854309],[-40.762817,-4.857178],[-40.761719,-4.864685],[-40.72998,-4.846313],[-40.722412,-4.843994],[-40.720825,-4.847717],[-40.718018,-4.85022],[-40.716919,-4.853577],[-40.707397,-4.856323],[-40.703186,-4.858826],[-40.69989,-4.861511],[-40.696716,-4.862],[-40.693298,-4.860413],[-40.686584,-4.858826],[-40.684509,-4.856689],[-40.674011,-4.851685],[-40.67041,-4.848816],[-40.666321,-4.84491],[-40.663208,-4.838318],[-40.661926,-4.834595],[-40.657715,-4.829529],[-40.655823,-4.822388],[-40.648621,-4.81189],[-40.648193,-4.808716],[-40.643311,-4.803528],[-40.638794,-4.799622],[-40.636902,-4.79541],[-40.631104,-4.792175],[-40.628723,-4.789612]]]},"properties":{"shapeName":"Ararendá","shapeISO":"56859067B76169954985476","shapeGroup":"BRA","shapeType":"ADM2","src_shape_id":"56859067B76169954985476","adm1ISO":"BR-CE"}},
{"type":"Feature","geometry":{"type":"Polygon","coordinates":[[[-39.897278,-7.096924],[-39.91748,-7.094299],[-39.964478,-7.132019],[-39.980896,-7.145081],[-39.985291,-7.146484],[-39.988708,-7.146301],[-39.994385,-7.147827],[-39.999878,-7.151123],[-40.011108,-7.150208],[-40.039001,-7.148193],[-40.071899,-7.145691],[-40.095215,-7.129089],[-40.118713,-7.119385],[-40.136108,-7.112305],[-40.154114,-7.071411],[-40.165222,-7.047729],[-40.168091,-7.055481],[-40.169312,-7.059998],[-40.171509,-7.06311],[-40.174377,-7.065125],[-40.176575,-7.069214],[-40.174805,-7.077209],[-40.176819,-7.07959],[-40.183716,-7.085205],[-40.186523,-7.084412],[-40.189209,-7.086609],[-40.193481,-7.088928],[-40.202209,-7.092529],[-40.206909,-7.095093],[-40.211182,-7.098328],[-40.2146,-7.0979],[-40.217102,-7.101013],[-40.219788,-7.10321],[-40.223083,-7.104126],[-40.228088,-7.109009],[-40.231995,-7.110779],[-40.236084,-7.111328],[-40.23999,-7.113586],[-40.240906,-7.12262],[-40.241699,-7.126526],[-40.249023,-7.134094],[-40.25592,-7.139099],[-40.261475,-7.145508],[-40.262512,-7.148193],[-40.261475,-7.154724],[-40.261902,-7.162598],[-40.264099,-7.169189],[-40.268127,-7.173889],[-40.268494,-7.178711],[-40.266602,-7.185425],[-40.264282,-7.188599],[-40.262329,-7.194824],[-40.258728,-7.198608],[-40.253906,-7.199707],[-40.251282,-7.202881],[-40.250916,-7.212097],[-40.250916,-7.218506],[-40.249084,-7.222778],[-40.249084,-7.226379],[-40.252991,-7.232605],[-40.266785,-7.248413],[-40.261475,-7.264282],[-40.242981,-7.317078],[-40.2323,-7.329712],[-40.229309,-7.333496],[-40.220703,-7.341187],[-40.213928,-7.345886],[-40.195679,-7.358093],[-40.187622,-7.361206],[-40.180481,-7.362976],[-40.161804,-7.369507],[-40.157104,-7.371399],[-40.137512,-7.379395],[-40.127686,-7.381897],[-40.109985,-7.382507],[-40.087402,-7.383118],[-40.076477,-7.382812],[-40.045105,-7.380676],[-40.014526,-7.376526],[-40.006104,-7.375],[-40.00061,-7.37439],[-39.99469,-7.371399],[-39.975891,-7.363403],[-39.961304,-7.356995],[-39.952881,-7.353882],[-39.944214,-7.349182],[-39.938416,-7.347229],[-39.931519,-7.343384],[-39.926208,-7.341003],[-39.915405,-7.338013],[-39.9104,-7.337219],[-39.90448,-7.338318],[-39.897583,-7.3396],[-39.889893,-7.339294],[-39.889404,-7.320312],[-39.889099,-7.213501],[-39.889099,-7.17749],[-39.888977,-7.142395],[-39.888489,-7.139404],[-39.889587,-7.135193],[-39.889587,-7.128113],[-39.894104,-7.122681],[-39.893616,-7.117493],[-39.895508,-7.11322],[-39.897095,-7.106689],[-39.89801,-7.101196],[-39.897278,-7.096924]]]},"properties":{"shapeName":"Araripe","shapeISO":"56859067B60365327714715","shapeGroup":"BRA","shapeType":"ADM2","src_shape_id":"56859067B60365327714715","adm1ISO":"BR-CE"}},
{"type":"Feature","geometry":{"type":"Polygon","coordinates":[[[-38.970398,-4.368225],[-38.973877,-4.362793],[-38.976929,-4.36322],[-38.980591,-4.36261],[-38.985229,-4.36261],[-38.991089,-4.367615],[-38.997681,-4.367004],[-39.001526,-4.367493],[-39.0047,-4.370117],[-39.009094,-4.372498],[-39.012817,-4.373413],[-39.016113,-4.372375],[-39.018188,-4.369812],[-39.020691,-4.368103],[-39.024292,-4.367004],[-39.026306,-4.360229],[-39.033875,-4.360107],[-39.038879,-4.359192],[-39.047607,-4.354004],[-39.050598,-4.353577],[-39.050293,-4.357788],[-39.054016,-4.35968],[-39.057617,-4.362915],[-39.062317,-4.357788],[-39.066895,-4.356384],[-39.064209,-4.362488],[-39.072205,-4.366394],[-39.069519,-4.36731],[-39.062378,-4.373901],[-39.058899,-4.375305],[-39.061401,-4.37738],[-39.064209,-4.378723],[-39.064087,-4.381897],[-39.066223,-4.390076],[-39.062195,-4.391724],[-39.062988,-4.397095],[-39.065979,-4.396423],[-39.068481,-4.398193],[-39.077698,-4.394104],[-39.082825,-4.391296],[-39.085876,-4.394287],[-39.087891,-4.391785],[-39.089294,-4.387817],[-39.089294,-4.383484],[-39.094788,-4.382385],[-39.094299,-4.38678],[-39.095581,-4.391479],[-39.099182,-4.393799],[-39.097412,-4.396912],[-39.094482,-4.397583],[-39.095093,-4.401611],[-39.09198,-4.406311],[-39.09082,-4.411011],[-39.08783,-4.413086],[-39.085083,-4.411194],[-39.078918,-4.405701],[-39.077698,-4.417725],[-39.074585,-4.416809],[-39.074585,-4.420898],[-39.073303,-4.424194],[-39.07019,-4.426208],[-39.061523,-4.430908],[-39.057007,-4.434021],[-39.053101,-4.438416],[-39.052429,-4.44281],[-39.053223,-4.447998],[-39.051025,-4.452026],[-39.046875,-4.451904],[-39.040405,-4.454285],[-39.036316,-4.45752],[-39.028625,-4.461182],[-39.029724,-4.463928],[-39.033081,-4.466309],[-39.034912,-4.470886],[-39.033875,-4.474121],[-39.034424,-4.477112],[-39.03302,-4.480713],[-39.030518,-4.483276],[-39.02771,-4.48999],[-39.027283,-4.499023],[-39.023682,-4.504578],[-39.021484,-4.506409],[-39.021484,-4.509521],[-39.019714,-4.512329],[-39.015381,-4.514099],[-39.013489,-4.511292],[-39.016113,-4.505493],[-39.015198,-4.502686],[-39.009705,-4.495911],[-39.007324,-4.489929],[-39.006592,-4.485291],[-39.004822,-4.482483],[-38.998779,-4.480286],[-38.998291,-4.474915],[-38.997314,-4.472229],[-38.997498,-4.468323],[-38.993713,-4.457214],[-38.993225,-4.453125],[-38.991882,-4.450317],[-38.989014,-4.448486],[-38.984924,-4.448608],[-38.978088,-4.444214],[-38.975281,-4.441223],[-38.974915,-4.433899],[-38.980896,-4.393982],[-38.982422,-4.38031],[-38.970398,-4.368225]]]},"properties":{"shapeName":"Aratuba","shapeISO":"56859067B93489736245944","shapeGroup":"BRA","shapeType":"ADM2","src_shape_id":"56859067B93489736245944","adm1ISO":"BR-CE"}},
{"type":"Feature","geometry":{"type":"Polygon","coordinates":[[[-39.888916,-6.098206],[-39.894897,-6.09552],[-39.897888,-6.093506],[-39.901978,-6.092224],[-39.906677,-6.085205],[-39.908508,-6.080688],[-39.914612,-6.081299],[-39.918396,-6.08313],[-39.925903,-6.092285],[-39.92981,-6.094116],[-39.93219,-6.096191],[-39.934814,-6.097412],[-39.94342,-6.10321],[-39.948303,-6.102905],[-39.952515,-6.100708],[-39.955811,-6.100403],[-39.963013,-6.100525],[-39.965393,-6.102295],[-39.968506,-6.102905],[-39.974304,-6.100281],[-39.982117,-6.10199],[-39.986328,-6.101807],[-39.991394,-6.101013],[-39.999817,-6.104309],[-40.005127,-6.104309],[-40.008301,-6.102905],[-40.012024,-6.103088],[-40.015808,-6.101501],[-40.017822,-6.096313],[-40.021912,-6.096924],[-40.029419,-6.099487],[-40.034485,-6.100586],[-40.039795,-6.104309],[-40.042908,-6.104797],[-40.047302,-6.098816],[-40.051514,-6.100098],[-40.055115,-6.101929],[-40.058411,-6.105713],[-40.066711,-6.110291],[-40.069885,-6.110779],[-40.07312,-6.108582],[-40.078308,-6.110413],[-40.084229,-6.113892],[-40.086792,-6.110779],[-40.09021,-6.111206],[-40.09491,-6.113525],[-40.099609,-6.115112],[-40.103394,-6.115112],[-40.107117,-6.116028],[-40.110718,-6.11438],[-40.112976,-6.112122],[-40.117798,-6.110901],[-40.125183,-6.11322],[-40.126709,-6.10968],[-40.1297,-6.109192],[-40.134277,-6.110596],[-40.137817,-6.11322],[-40.140625,-6.114075],[-40.143494,-6.112793],[-40.146606,-6.112427],[-40.150208,-6.113708],[-40.151917,-6.116516],[-40.154907,-6.118713],[-40.158813,-6.120117],[-40.160522,-6.123779],[-40.162598,-6.125793],[-40.163513,-6.128906],[-40.16571,-6.131775],[-40.171997,-6.13501],[-40.180908,-6.140808],[-40.185608,-6.141724],[-40.190491,-6.141785],[-40.19989,-6.144104],[-40.204224,-6.138123],[-40.205811,-6.134705],[-40.212708,-6.136292],[-40.217529,-6.140991],[-40.221191,-6.140381],[-40.221191,-6.136292],[-40.224426,-6.134277],[-40.226318,-6.131714],[-40.234924,-6.133484],[-40.240723,-6.140381],[-40.24469,-6.144409],[-40.249695,-6.147095],[-40.255615,-6.148987],[-40.256897,-6.151611],[-40.257202,-6.155518],[-40.259521,-6.157898],[-40.259827,-6.161804],[-40.260803,-6.165527],[-40.263977,-6.168213],[-40.267395,-6.169312],[-40.270325,-6.173523],[-40.273376,-6.178711],[-40.276917,-6.182312],[-40.280212,-6.187012],[-40.283386,-6.189392],[-40.286377,-6.190918],[-40.289124,-6.195312],[-40.290222,-6.200195],[-40.290283,-6.203796],[-40.301208,-6.206787],[-40.405396,-6.312805],[-40.328491,-6.402527],[-40.32489,-6.402527],[-40.317017,-6.399292],[-40.312622,-6.399719],[-40.308411,-6.40271],[-40.307617,-6.39801],[-40.305908,-6.395386],[-40.299316,-6.393494],[-40.295898,-6.391907],[-40.289612,-6.387207],[-40.284485,-6.381104],[-40.276428,-6.386902],[-40.27301,-6.388123],[-40.269226,-6.386292],[-40.265808,-6.385681],[-40.261475,-6.385925],[-40.258118,-6.38208],[-40.259827,-6.377808],[-40.256104,-6.376526],[-40.25293,-6.378113],[-40.249878,-6.381409],[-40.249023,-6.388],[-40.244812,-6.388489],[-40.242126,-6.392395],[-40.238525,-6.392517],[-40.236389,-6.389404],[-40.23291,-6.388184],[-40.227783,-6.387512],[-40.224182,-6.384399],[-40.221008,-6.38092],[-40.219421,-6.377686],[-40.215515,-6.376587],[-40.21228,-6.380005],[-40.207703,-6.38092],[-40.202209,-6.37793],[-40.200378,-6.375488],[-40.197327,-6.372681],[-40.189209,-6.367981],[-40.187012,-6.365601],[-40.184021,-6.364319],[-40.180908,-6.364685],[-40.171326,-6.360718],[-40.16748,-6.360413],[-40.163025,-6.361389],[-40.158813,-6.354126],[-40.154724,-6.354614],[-40.153015,-6.359009],[-40.148315,-6.360901],[-40.14502,-6.359619],[-40.144897,-6.355591],[-40.14209,-6.352478],[-40.138611,-6.352295],[-40.136108,-6.350586],[-40.131592,-6.350586],[-40.127625,-6.351379],[-40.123718,-6.349609],[-40.119202,-6.348511],[-40.114685,-6.348511],[-40.110107,-6.349915],[-40.106689,-6.351501],[-40.103699,-6.354309],[-40.0979,-6.358826],[-40.094788,-6.360413],[-40.084229,-6.36731],[-40.082825,-6.364075],[-40.08252,-6.360291],[-40.079407,-6.358276],[-40.076904,-6.355713],[-40.070679,-6.353821],[-40.072327,-6.349182],[-40.076111,-6.349609],[-40.079285,-6.347717],[-40.077393,-6.344177],[-40.07428,-6.344604],[-40.071777,-6.342712],[-40.066528,-6.335327],[-40.065186,-6.331604],[-40.06311,-6.329529],[-40.062012,-6.323792],[-40.063416,-6.320923],[-40.062012,-6.31311],[-40.059998,-6.308899],[-40.060181,-6.304626],[-40.05719,-6.301392],[-40.056213,-6.298523],[-40.053528,-6.299377],[-40.051392,-6.301514],[-40.048279,-6.30188],[-40.045898,-6.299377],[-40.048401,-6.297913],[-40.050476,-6.294983],[-40.05011,-6.29071],[-40.048218,-6.286804],[-40.050476,-6.28241],[-40.047913,-6.27948],[-40.041626,-6.281616],[-40.038818,-6.279602],[-40.035095,-6.28009],[-40.030518,-6.279785],[-40.025696,-6.277222],[-40.024902,-6.272095],[-40.021729,-6.267517],[-40.021423,-6.264526],[-40.023987,-6.259094],[-40.025208,-6.254517],[-40.024719,-6.250977],[-40.019226,-6.23938],[-40.021423,-6.232605],[-40.019104,-6.227783],[-40.015198,-6.2229],[-39.99939,-6.216125],[-39.993286,-6.218994],[-39.988098,-6.220703],[-39.984009,-6.219604],[-39.97821,-6.21582],[-39.973083,-6.213501],[-39.969299,-6.208313],[-39.966003,-6.205505],[-39.94751,-6.196411],[-39.944519,-6.19751],[-39.941223,-6.194397],[-39.934387,-6.195679],[-39.927429,-6.195984],[-39.916626,-6.189514],[-39.918701,-6.185425],[-39.918701,-6.18219],[-39.916504,-6.179199],[-39.906677,-6.167725],[-39.903809,-6.165405],[-39.89801,-6.162109],[-39.89563,-6.159912],[-39.894287,-6.154907],[-39.899597,-6.148376],[-39.901123,-6.143799],[-39.899414,-6.139709],[-39.895508,-6.135986],[-39.892822,-6.130798],[-39.896912,-6.12323],[-39.89679,-6.120178],[-39.892395,-6.113708],[-39.893005,-6.109985],[-39.89032,-6.106812],[-39.889282,-6.1026],[-39.888916,-6.098206]]]},"properties":{"shapeName":"Arneiroz","shapeISO":"56859067B67924871405928","shapeGroup":"BRA","shapeType":"ADM2","src_shape_id":"56859067B67924871405928","adm1ISO":"BR-CE"}},
{"type":"Feature","geometry":{"type":"Polygon","coordinates":[[[-39.639404,-6.944214],[-39.634827,-6.935913],[-39.63031,-6.934021],[-39.62561,-6.935913],[-39.622192,-6.935425],[-39.61792,-6.931213],[-39.609985,-6.919189],[-39.607483,-6.917419],[-39.606506,-6.904175],[-39.615112,-6.899475],[-39.61969,-6.89801],[-39.623779,-6.898804],[-39.630981,-6.896301],[-39.634094,-6.893921],[-39.642212,-6.894226],[-39.646179,-6.893188],[-39.65033,-6.893982],[-39.655701,-6.895813],[-39.657898,-6.898682],[-39.660828,-6.903625],[-39.661804,-6.906799],[-39.664795,-6.906494],[-39.666321,-6.901611],[-39.665527,-6.896912],[-39.664429,-6.893677],[-39.665527,-6.890686],[-39.661499,-6.880798],[-39.667175,-6.871521],[-39.667114,-6.863892],[-39.664795,-6.862122],[-39.661804,-6.861084],[-39.655518,-6.862305],[-39.651611,-6.859375],[-39.64801,-6.858276],[-39.642578,-6.854614],[-39.638306,-6.848389],[-39.637512,-6.845215],[-39.638611,-6.842529],[-39.636902,-6.8396],[-39.639404,-6.837219],[-39.643799,-6.828979],[-39.653015,-6.825684],[-39.653687,-6.820679],[-39.65741,-6.820007],[-39.660217,-6.822693],[-39.663696,-6.824707],[-39.668823,-6.825684],[-39.678406,-6.825989],[-39.68219,-6.828613],[-39.685791,-6.8302],[-39.690125,-6.830383],[-39.691711,-6.827087],[-39.692627,-6.819885],[-39.695801,-6.81073],[-39.696411,-6.806824],[-39.69928,-6.804016],[-39.700378,-6.80072],[-39.696106,-6.796509],[-39.698486,-6.794983],[-39.703613,-6.792786],[-39.706909,-6.788818],[-39.708923,-6.785522],[-39.717712,-6.785828],[-39.721985,-6.785583],[-39.723694,-6.788818],[-39.726013,-6.79071],[-39.732178,-6.794617],[-39.735107,-6.79541],[-39.738708,-6.798096],[-39.741394,-6.801086],[-39.741211,-6.80481],[-39.746704,-6.805115],[-39.79071,-6.802307],[-39.810913,-6.794922],[-39.853699,-6.779419],[-39.877686,-6.767883],[-39.909424,-6.763489],[-39.930298,-6.779297],[-39.935425,-6.782104],[-39.93988,-6.783875],[-39.945984,-6.786926],[-39.951782,-6.791016],[-39.953613,-6.793213],[-39.959778,-6.798828],[-39.967896,-6.804016],[-39.975525,-6.80542],[-39.979309,-6.810181],[-39.985901,-6.814392],[-39.990723,-6.813904],[-39.993408,-6.810425],[-39.996277,-6.808899],[-40.000183,-6.804077],[-40.003418,-6.803589],[-40.008789,-6.80481],[-40.014099,-6.807312],[-40.021179,-6.812622],[-40.025513,-6.814087],[-40.028503,-6.814209],[-40.04248,-6.816589],[-40.052612,-6.82428],[-40.055115,-6.828613],[-40.056091,-6.836487],[-40.052124,-6.843384],[-40.058411,-6.847412],[-40.066101,-6.851013],[-40.068909,-6.853577],[-40.077087,-6.856689],[-40.08252,-6.859802],[-40.091003,-6.860107],[-40.098999,-6.866882],[-40.10321,-6.872009],[-40.109192,-6.874817],[-40.117004,-6.88092],[-40.122009,-6.884521],[-40.124512,-6.88678],[-40.079712,-6.915405],[-40.076111,-6.912903],[-40.073792,-6.914612],[-40.06958,-6.914185],[-40.066284,-6.915894],[-40.064087,-6.917786],[-40.059509,-6.919678],[-40.061523,-6.924011],[-40.060425,-6.933289],[-40.063721,-6.9375],[-40.06311,-6.946106],[-40.062378,-6.949097],[-40.06488,-6.953186],[-40.066711,-6.958008],[-40.0672,-6.964111],[-40.068787,-6.967712],[-40.070923,-6.96991],[-40.072815,-6.976501],[-40.075195,-6.981201],[-40.079224,-6.981812],[-40.082092,-6.98291],[-40.073181,-7.005127],[-40.057678,-7.00592],[-39.999084,-7.008423],[-39.966797,-7.002808],[-39.949402,-7.010803],[-39.947998,-7.02533],[-39.941528,-7.075928],[-39.937317,-7.073608],[-39.932983,-7.074585],[-39.924927,-7.074707],[-39.915527,-7.07251],[-39.906311,-7.068909],[-39.903198,-7.068481],[-39.900208,-7.0672],[-39.897827,-7.063416],[-39.894714,-7.06012],[-39.893799,-7.056396],[-39.890625,-7.054626],[-39.88092,-7.060913],[-39.872986,-7.067078],[-39.862915,-7.052307],[-39.859497,-7.050903],[-39.855408,-7.051208],[-39.851929,-7.049927],[-39.849487,-7.048279],[-39.838989,-7.044983],[-39.830017,-7.044189],[-39.825623,-7.04248],[-39.822021,-7.040222],[-39.813416,-7.038513],[-39.804626,-7.036011],[-39.800598,-7.034302],[-39.797729,-7.033691],[-39.794312,-7.031189],[-39.789612,-7.029907],[-39.784912,-7.032715],[-39.788513,-7.033508],[-39.790405,-7.037292],[-39.790588,-7.040283],[-39.789612,-7.044189],[-39.786194,-7.047729],[-39.78418,-7.050598],[-39.784912,-7.057007],[-39.783203,-7.059875],[-39.779602,-7.059387],[-39.772095,-7.06073],[-39.77002,-7.055298],[-39.764526,-7.04718],[-39.767578,-7.04303],[-39.767212,-7.038513],[-39.764587,-7.033997],[-39.759094,-7.03479],[-39.754578,-7.028198],[-39.747498,-7.023682],[-39.771179,-7.017212],[-39.775696,-7.016479],[-39.80011,-7.011292],[-39.794312,-7.009705],[-39.781311,-7.003784],[-39.778503,-7.002014],[-39.775085,-7.001282],[-39.772583,-6.999329],[-39.768494,-6.994019],[-39.757812,-6.99231],[-39.75531,-6.988403],[-39.75238,-6.986328],[-39.745911,-6.98053],[-39.743408,-6.979004],[-39.734497,-6.971802],[-39.728699,-6.968201],[-39.724609,-6.966187],[-39.721191,-6.96521],[-39.718689,-6.963806],[-39.717102,-6.960815],[-39.711182,-6.954285],[-39.707886,-6.953125],[-39.703125,-6.953796],[-39.701782,-6.956421],[-39.698608,-6.957886],[-39.697815,-6.960693],[-39.690613,-6.961487],[-39.692993,-6.968201],[-39.690613,-6.969788],[-39.687012,-6.968079],[-39.684021,-6.96582],[-39.679321,-6.9646],[-39.669495,-6.96051],[-39.66571,-6.957886],[-39.661011,-6.955688],[-39.657593,-6.953491],[-39.653076,-6.952698],[-39.648193,-6.950012],[-39.639404,-6.944214]]]},"properties":{"shapeName":"Assaré","shapeISO":"56859067B95707829386079","shapeGroup":"BRA","shapeType":"ADM2","src_shape_id":"56859067B95707829386079","adm1ISO":"BR-CE"}},
{"type":"Feature","geometry":{"type":"Polygon","coordinates":[[[-38.856018,-6.859009],[-38.861877,-6.856384],[-38.866394,-6.860413],[-38.871704,-6.85968],[-38.876221,-6.857788],[-38.883179,-6.856689],[-38.890015,-6.857117],[-38.906494,-6.859009],[-38.919128,-6.860901],[-38.931091,-6.860901],[-38.937927,-6.86261],[-38.941711,-6.865417],[-38.944519,-6.866394],[-38.949524,-6.867126],[-38.953186,-6.866577],[-38.956421,-6.864075],[-38.964905,-6.862],[-38.973511,-6.863098],[-38.976013,-6.861511],[-38.97998,-6.862],[-38.98053,-6.864929],[-38.979004,-6.867676],[-38.988708,-6.868408],[-38.996521,-6.871826],[-38.999695,-6.873779],[-39.006592,-6.873779],[-39.011902,-6.876892],[-39.014893,-6.87793],[-39.015198,-6.881226],[-39.020813,-6.89032],[-39.021729,-6.895508],[-39.036194,-6.897705],[-39.043823,-6.901001],[-39.042786,-6.906189],[-39.044983,-6.908386],[-39.047913,-6.908203],[-39.06073,-6.911499],[-39.064392,-6.916321],[-39.069275,-6.918213],[-39.067627,-6.921509],[-39.074219,-6.926208],[-39.072998,-6.929504],[-39.079102,-6.931213],[-39.083496,-6.930481],[-39.086487,-6.931213],[-39.09021,-6.935791],[-39.08728,-6.937317],[-39.089478,-6.941589],[-39.093018,-6.944092],[-39.0979,-6.950623],[-39.100525,-6.953491],[-39.101685,-6.960388],[-39.105896,-6.962891],[-39.110413,-6.962708],[-39.115784,-6.96582],[-39.122375,-6.973022],[-39.129211,-6.980103],[-39.139282,-6.981079],[-39.143005,-6.982788],[-39.148987,-6.983276],[-39.149902,-6.987488],[-39.153687,-6.990479],[-39.155396,-6.994385],[-39.161499,-6.99939],[-39.162415,-7.005981],[-39.155579,-7.013306],[-39.157288,-7.033508],[-39.143616,-7.060425],[-39.140808,-7.06543],[-39.138794,-7.070129],[-39.136719,-7.073303],[-39.135498,-7.076294],[-39.132629,-7.078491],[-39.127014,-7.078796],[-39.114319,-7.082703],[-39.111511,-7.085388],[-39.110413,-7.088318],[-39.113525,-7.091614],[-39.115417,-7.097412],[-39.115906,-7.101013],[-39.118103,-7.103882],[-39.119202,-7.107727],[-39.122009,-7.112915],[-39.125916,-7.122681],[-39.130615,-7.128113],[-39.133118,-7.130005],[-39.136414,-7.130798],[-39.135376,-7.135803],[-39.132812,-7.138611],[-39.133179,-7.141724],[-39.129883,-7.143311],[-39.125793,-7.143127],[-39.122009,-7.143616],[-39.118713,-7.145996],[-39.11438,-7.15509],[-39.111694,-7.157227],[-39.108276,-7.156128],[-39.104126,-7.156921],[-39.101685,-7.155396],[-39.09668,-7.154602],[-39.094177,-7.158386],[-39.090881,-7.161499],[-39.0896,-7.157227],[-39.080505,-7.156494],[-39.077881,-7.154602],[-39.078308,-7.150513],[-39.076111,-7.148621],[-39.072327,-7.143188],[-39.069702,-7.146729],[-39.065613,-7.145691],[-39.06073,-7.14032],[-39.052612,-7.138],[-39.045898,-7.142029],[-39.041687,-7.143188],[-39.041016,-7.146423],[-39.039429,-7.148804],[-39.033081,-7.149292],[-39.030518,-7.151611],[-39.026428,-7.15033],[-38.961304,-7.085205],[-38.957886,-7.081726],[-38.908997,-7.082703],[-38.898376,-7.062805],[-38.887329,-7.041687],[-38.883911,-7.034912],[-38.870483,-7.007507],[-38.856079,-6.977478],[-38.854004,-6.97998],[-38.849487,-6.980896],[-38.84259,-6.981506],[-38.837891,-6.982422],[-38.831482,-6.982788],[-38.828613,-6.983887],[-38.826294,-6.987976],[-38.817322,-6.989197],[-38.81012,-6.990479],[-38.806396,-6.98938],[-38.802612,-6.990295],[-38.798096,-6.992798],[-38.7901,-6.995178],[-38.781006,-7.000488],[-38.773315,-7.000793],[-38.768799,-6.994019],[-38.764893,-6.993591],[-38.760986,-6.98999],[-38.754822,-6.989624],[-38.751526,-6.988098],[-38.748901,-6.980713],[-38.746521,-6.979187],[-38.743408,-6.975586],[-38.74292,-6.97168],[-38.745911,-6.970398],[-38.747375,-6.967529],[-38.747925,-6.9646],[-38.746399,-6.961487],[-38.749329,-6.958801],[-38.756775,-6.958313],[-38.759705,-6.956421],[-38.763977,-6.952393],[-38.765381,-6.948608],[-38.764526,-6.945312],[-38.760925,-6.943115],[-38.755615,-6.938416],[-38.759277,-6.93042],[-38.762329,-6.926514],[-38.758789,-6.925293],[-38.759583,-6.914978],[-38.765686,-6.90979],[-38.768188,-6.90741],[-38.775024,-6.905701],[-38.77771,-6.907227],[-38.784424,-6.90509],[-38.783203,-6.896729],[-38.785522,-6.894897],[-38.785095,-6.891296],[-38.783691,-6.888306],[-38.778198,-6.886414],[-38.775696,-6.884583],[-38.773621,-6.876587],[-38.774292,-6.868286],[-38.778381,-6.867187],[-38.784912,-6.863708],[-38.794312,-6.863281],[-38.809692,-6.864624],[-38.81311,-6.864624],[-38.816711,-6.862427],[-38.819214,-6.857117],[-38.822693,-6.856812],[-38.829407,-6.857422],[-38.834412,-6.857422],[-38.8396,-6.858398],[-38.843994,-6.859924],[-38.847412,-6.860229],[-38.856018,-6.859009]]]},"properties":{"shapeName":"Aurora","shapeISO":"56859067B28878883208689","shapeGroup":"BRA","shapeType":"ADM2","src_shape_id":"56859067B28878883208689","adm1ISO":"BR-CE"}},
{"type":"Feature","geometry":{"type":"Polygon","coordinates":[[[-38.673096,-6.707581],[-38.676208,-6.702515],[-38.679199,-6.701782],[-38.684998,-6.703613],[-38.689392,-6.702209],[-38.697327,-6.698975],[-38.703003,-6.697998],[-38.712097,-6.69342],[-38.716309,-6.691895],[-38.723511,-6.68811],[-38.731201,-6.683411],[-38.738708,-6.677979],[-38.744385,-6.67749],[-38.747803,-6.676697],[-38.752502,-6.6745],[-38.758911,-6.676086],[-38.76532,-6.672791],[-38.772217,-6.669678],[-38.779175,-6.667603],[-38.785095,-6.664795],[-38.791077,-6.66449],[-38.794312,-6.663513],[-38.799011,-6.661011],[-38.801575,-6.658875],[-38.80658,-6.658997],[-38.810913,-6.659607],[-38.814575,-6.658691],[-38.817993,-6.659424],[-38.821411,-6.658997],[-38.829712,-6.65918],[-38.835327,-6.665222],[-38.838623,-6.664612],[-38.84198,-6.667114],[-38.854919,-6.6745],[-38.856812,-6.681396],[-38.857605,-6.686096],[-38.859192,-6.688599],[-38.859009,-6.691895],[-38.856323,-6.694397],[-38.853027,-6.694824],[-38.853882,-6.699829],[-38.853821,-6.703308],[-38.850708,-6.706421],[-38.846313,-6.709229],[-38.843506,-6.708313],[-38.838318,-6.70929],[-38.835327,-6.710327],[-38.823608,-6.716309],[-38.806885,-6.721924],[-38.803894,-6.723816],[-38.80011,-6.724487],[-38.796204,-6.724121],[-38.793091,-6.721497],[-38.788513,-6.718811],[-38.782715,-6.721008],[-38.779114,-6.721313],[-38.776611,-6.718506],[-38.773682,-6.718628],[-38.772522,-6.727295],[-38.769226,-6.731201],[-38.766113,-6.732178],[-38.760681,-6.736877],[-38.758789,-6.743408],[-38.753113,-6.748718],[-38.75061,-6.75293],[-38.747314,-6.755615],[-38.743591,-6.75531],[-38.734924,-6.756714],[-38.731323,-6.759521],[-38.72522,-6.762329],[-38.722717,-6.765198],[-38.719788,-6.767395],[-38.69812,-6.763428],[-38.695007,-6.766907],[-38.686707,-6.767029],[-38.683289,-6.762878],[-38.682983,-6.758423],[-38.680908,-6.755005],[-38.677917,-6.755798],[-38.674927,-6.758301],[-38.669189,-6.759094],[-38.663391,-6.759216],[-38.653076,-6.758423],[-38.651306,-6.755005],[-38.650513,-6.751709],[-38.652405,-6.74762],[-38.655396,-6.745789],[-38.657227,-6.740112],[-38.657593,-6.737122],[-38.656799,-6.729675],[-38.659607,-6.726013],[-38.663818,-6.724487],[-38.666016,-6.720215],[-38.666382,-6.71698],[-38.669495,-6.713501],[-38.673096,-6.707581]]]},"properties":{"shapeName":"Baixio","shapeISO":"56859067B56515520379315","shapeGroup":"BRA","shapeType":"ADM2","src_shape_id":"56859067B56515520379315","adm1ISO":"BR-CE"}},
{"type":"Feature","geometry":{"type":"Polygon","coordinates":[[[-38.618896,-5.117676],[-38.628723,-5.118896],[-38.636414,-5.121399],[-38.641418,-5.120605],[-38.651184,-5.122009],[-38.65448,-5.1203],[-38.6651,-5.116882],[-38.66803,-5.11438],[-38.670288,-5.111511],[-38.67749,-5.108887],[-38.688416,-5.101013],[-38.697205,-5.09491],[-38.699829,-5.093506],[-38.706482,-5.093689],[-38.713806,-5.091614],[-38.718018,-5.091797],[-38.721191,-5.093018],[-38.724976,-5.093384],[-38.73291,-5.09259],[-38.740295,-5.093201],[-38.743408,-5.094299],[-38.747009,-5.092712],[-38.754517,-5.086914],[-38.761414,-5.079285],[-38.769104,-5.076721],[-38.773682,-5.075989],[-38.781311,-5.076111],[-38.786804,-5.07782],[-38.792175,-5.078003],[-38.796387,-5.076294],[-38.811829,-5.0672],[-38.900879,-5.164978],[-38.903809,-5.166199],[-38.90802,-5.165588],[-38.912415,-5.163208],[-38.920776,-5.162781],[-38.923279,-5.1604],[-38.936096,-5.153992],[-38.942017,-5.15509],[-38.945984,-5.153809],[-38.950623,-5.154114],[-38.954529,-5.15332],[-38.961975,-5.148621],[-38.966003,-5.146912],[-38.971802,-5.142212],[-38.978516,-5.143921],[-38.981384,-5.146729],[-38.986328,-5.148987],[-38.988098,-5.153015],[-38.991821,-5.154907],[-38.993713,-5.158325],[-38.996094,-5.160217],[-38.99823,-5.162903],[-39.001526,-5.163879],[-39.00531,-5.161682],[-39.008606,-5.1604],[-39.012207,-5.162781],[-39.014709,-5.166687],[-39.018311,-5.166992],[-39.02063,-5.163818],[-39.02533,-5.163513],[-39.030579,-5.164185],[-39.034607,-5.162476],[-39.043518,-5.157776],[-39.052307,-5.156006],[-39.053406,-5.152588],[-39.055603,-5.150513],[-39.06012,-5.150208],[-39.069519,-5.154419],[-39.072388,-5.153992],[-39.07489,-5.1521],[-39.081909,-5.151611],[-39.087708,-5.168884],[-39.088684,-5.172913],[-39.058594,-5.219727],[-39.056213,-5.222412],[-39.05011,-5.225708],[-39.046875,-5.226379],[-39.036987,-5.222229],[-39.031311,-5.221497],[-39.028809,-5.2229],[-39.031494,-5.225708],[-39.033081,-5.235291],[-39.034302,-5.238586],[-39.036987,-5.242004],[-39.040405,-5.24823],[-39.041016,-5.251404],[-39.039185,-5.254089],[-39.036804,-5.260376],[-39.034912,-5.263489],[-39.033386,-5.267212],[-39.035278,-5.2724],[-39.042419,-5.278625],[-39.044983,-5.286011],[-39.049805,-5.290527],[-39.052002,-5.296326],[-39.054626,-5.30072],[-39.075012,-5.368591],[-39.082275,-5.393188],[-39.084412,-5.402588],[-39.073425,-5.406311],[-39.069702,-5.407898],[-39.064209,-5.411377],[-39.059021,-5.4151],[-39.057678,-5.418579],[-39.055725,-5.428711],[-39.05658,-5.434021],[-39.057129,-5.440613],[-39.058411,-5.449097],[-39.06073,-5.46051],[-39.061707,-5.463806],[-39.068726,-5.473511],[-39.070007,-5.477478],[-39.06958,-5.480896],[-39.070312,-5.487],[-39.068481,-5.493408],[-39.06311,-5.49762],[-39.061829,-5.500793],[-39.060608,-5.511108],[-39.056885,-5.509888],[-39.053101,-5.51001],[-39.049805,-5.510986],[-39.046021,-5.510498],[-39.041687,-5.504395],[-39.037292,-5.501099],[-39.033081,-5.495605],[-39.031006,-5.492004],[-39.026978,-5.489807],[-39.025208,-5.492004],[-39.0224,-5.493591],[-39.020691,-5.500183],[-39.017029,-5.503296],[-39.013306,-5.505676],[-39.007996,-5.510803],[-39.004517,-5.506104],[-39.001099,-5.509277],[-38.996277,-5.509583],[-38.993591,-5.512085],[-38.99231,-5.514709],[-38.988892,-5.513306],[-38.985291,-5.515503],[-38.981812,-5.514282],[-38.97821,-5.517883],[-38.978027,-5.520996],[-38.974915,-5.520386],[-38.971497,-5.518005],[-38.966919,-5.515808],[-38.962524,-5.513],[-38.959412,-5.512878],[-38.955017,-5.506714],[-38.950989,-5.504578],[-38.948975,-5.5],[-38.945984,-5.491821],[-38.943481,-5.488586],[-38.939026,-5.486084],[-38.935913,-5.485413],[-38.933105,-5.486511],[-38.929504,-5.486023],[-38.928223,-5.481995],[-38.927612,-5.476501],[-38.926392,-5.47168],[-38.92511,-5.458923],[-38.923889,-5.455078],[-38.921387,-5.456726],[-38.91748,-5.457397],[-38.910278,-5.454285],[-38.907898,-5.451599],[-38.908386,-5.44812],[-38.910522,-5.438416],[-38.913208,-5.435913],[-38.91748,-5.433228],[-38.921875,-5.434082],[-38.921509,-5.428589],[-38.921997,-5.424316],[-38.920227,-5.421387],[-38.922485,-5.411682],[-38.925415,-5.410522],[-38.924805,-5.406494],[-38.922607,-5.403809],[-38.921204,-5.400024],[-38.922119,-5.394775],[-38.923096,-5.391907],[-38.922913,-5.387878],[-38.924377,-5.379395],[-38.923828,-5.374207],[-38.924011,-5.370178],[-38.923279,-5.363525],[-38.924011,-5.356018],[-38.923706,-5.352112],[-38.924011,-5.348511],[-38.923523,-5.34552],[-38.923828,-5.341797],[-38.923401,-5.33728],[-38.921814,-5.328796],[-38.918823,-5.326721],[-38.917725,-5.322876],[-38.914978,-5.320312],[-38.908508,-5.3172],[-38.90033,-5.311401],[-38.895508,-5.309509],[-38.887512,-5.309875],[-38.883728,-5.309692],[-38.879089,-5.308411],[-38.87561,-5.30658],[-38.869202,-5.302307],[-38.864319,-5.296997],[-38.860901,-5.294678],[-38.857788,-5.291016],[-38.850281,-5.289001],[-38.84729,-5.286926],[-38.844788,-5.283386],[-38.843079,-5.279724],[-38.841003,-5.27301],[-38.839417,-5.269714],[-38.836487,-5.266602],[-38.8302,-5.256409],[-38.828186,-5.254028],[-38.828003,-5.250916],[-38.826599,-5.247925],[-38.821289,-5.241028],[-38.820129,-5.23761],[-38.817383,-5.234009],[-38.815186,-5.229309],[-38.812195,-5.225708],[-38.809998,-5.22229],[-38.807007,-5.220825],[-38.802795,-5.219788],[-38.798828,-5.217896],[-38.795776,-5.215393],[-38.788513,-5.214417],[-38.78418,-5.213196],[-38.778198,-5.206909],[-38.774292,-5.203613],[-38.763977,-5.200012],[-38.757507,-5.201477],[-38.753723,-5.200195],[-38.749329,-5.200195],[-38.740601,-5.199585],[-38.736328,-5.198486],[-38.728088,-5.199707],[-38.723816,-5.198792],[-38.719421,-5.19928],[-38.713928,-5.202026],[-38.710205,-5.201904],[-38.691711,-5.227295],[-38.677185,-5.227295],[-38.611328,-5.148499],[-38.610291,-5.144409],[-38.615112,-5.138428],[-38.616699,-5.132324],[-38.614807,-5.124695],[-38.616699,-5.122009],[-38.618896,-5.117676]]]},"properties":{"shapeName":"Banabuiú","shapeISO":"56859067B2884991819750","shapeGroup":"BRA","shapeType":"ADM2","src_shape_id":"56859067B2884991819750","adm1ISO":"BR-CE"}},
{"type":"Feature","geometry":{"type":"Polygon","coordinates":[[[-39.258911,-7.263184],[-39.265015,-7.259521],[-39.272583,-7.258728],[-39.275696,-7.259521],[-39.278015,-7.261292],[-39.281921,-7.262695],[-39.286194,-7.263611],[-39.293091,-7.263428],[-39.302124,-7.26178],[-39.316406,-7.260681],[-39.321106,-7.262512],[-39.32959,-7.262512],[-39.342712,-7.265198],[-39.347778,-7.265503],[-39.358398,-7.271118],[-39.361694,-7.274719],[-39.360718,-7.279297],[-39.362488,-7.285889],[-39.367798,-7.291992],[-39.369507,-7.294617],[-39.373291,-7.2948],[-39.375488,-7.305115],[-39.388977,-7.306213],[-39.396179,-7.307495],[-39.401001,-7.307129],[-39.446289,-7.335876],[-39.445984,-7.381409],[-39.445679,-7.456177],[-39.446228,-7.572327],[-39.434814,-7.573792],[-39.424194,-7.585815],[-39.422913,-7.592224],[-39.4198,-7.603882],[-39.416382,-7.60498],[-39.409607,-7.604797],[-39.399292,-7.606384],[-39.392395,-7.608215],[-39.385986,-7.608093],[-39.382996,-7.609192],[-39.380798,-7.611023],[-39.376099,-7.611694],[-39.372192,-7.614502],[-39.371887,-7.593506],[-39.371887,-7.491211],[-39.371826,-7.458008],[-39.334106,-7.467529],[-39.254028,-7.48761],[-39.254395,-7.447693],[-39.240112,-7.430115],[-39.226807,-7.413513],[-39.226013,-7.407227],[-39.223999,-7.402283],[-39.2229,-7.397278],[-39.226318,-7.390198],[-39.229919,-7.383911],[-39.231323,-7.380615],[-39.22998,-7.377319],[-39.229126,-7.371887],[-39.231995,-7.36731],[-39.240906,-7.362793],[-39.23761,-7.354675],[-39.235413,-7.351318],[-39.233276,-7.346924],[-39.229492,-7.337524],[-39.225281,-7.329224],[-39.222229,-7.327026],[-39.218811,-7.325317],[-39.21283,-7.320679],[-39.207397,-7.31311],[-39.208801,-7.309998],[-39.207275,-7.305481],[-39.206726,-7.30188],[-39.213989,-7.295776],[-39.234314,-7.280518],[-39.236694,-7.276794],[-39.247803,-7.269104],[-39.254395,-7.265198],[-39.258911,-7.263184]]]},"properties":{"shapeName":"Barbalha","shapeISO":"56859067B21171422710441","shapeGroup":"BRA","shapeType":"ADM2","src_shape_id":"56859067B21171422710441","adm1ISO":"BR-CE"}},
{"type":"Feature","geometry":{"type":"Polygon","coordinates":[[[-38.686401,-4.286987],[-38.691589,-4.302795],[-38.699524,-4.329224],[-38.697327,-4.353882],[-38.693481,-4.379883],[-38.679993,-4.390991],[-38.678589,-4.393921],[-38.676819,-4.400085],[-38.673523,-4.403015],[-38.670776,-4.407288],[-38.669189,-4.411194],[-38.666992,-4.413513],[-38.664001,-4.414917],[-38.657288,-4.414124],[-38.65332,-4.41272],[-38.650024,-4.415283],[-38.645996,-4.416626],[-38.643494,-4.414612],[-38.642578,-4.411499],[-38.638611,-4.406982],[-38.634888,-4.406189],[-38.629822,-4.406311],[-38.625,-4.40509],[-38.622803,-4.40332],[-38.621399,-4.399414],[-38.617126,-4.391113],[-38.613098,-4.386108],[-38.612305,-4.382324],[-38.610413,-4.378906],[-38.605286,-4.379395],[-38.601624,-4.381226],[-38.595886,-4.383423],[-38.592407,-4.383301],[-38.589294,-4.384216],[-38.5849,-4.384094],[-38.579712,-4.384827],[-38.574524,-4.384888],[-38.570923,-4.38208],[-38.568726,-4.378113],[-38.565491,-4.376404],[-38.561218,-4.375305],[-38.55249,-4.375],[-38.548889,-4.373596],[-38.546082,-4.370605],[-38.541809,-4.371826],[-38.536987,-4.370605],[-38.533875,-4.368408],[-38.548401,-4.32251],[-38.553894,-4.283325],[-38.548401,-4.272705],[-38.55249,-4.266602],[-38.560181,-4.258484],[-38.5672,-4.25],[-38.570496,-4.235413],[-38.612183,-4.226013],[-38.626221,-4.248413],[-38.652405,-4.246216],[-38.656982,-4.248413],[-38.664124,-4.255981],[-38.666016,-4.259705],[-38.666504,-4.265503],[-38.673889,-4.27478],[-38.682007,-4.286804],[-38.686401,-4.286987]]]},"properties":{"shapeName":"Barreira","shapeISO":"56859067B94020950784274","shapeGroup":"BRA","shapeType":"ADM2","src_shape_id":"56859067B94020950784274","adm1ISO":"BR-CE"}},
{"type":"Feature","geometry":{"type":"Polygon","coordinates":[[[-38.908997,-7.082703],[-38.92511,-7.114197],[-38.947205,-7.143127],[-38.934509,-7.180115],[-38.921387,-7.221008],[-38.91449,-7.242981],[-38.908203,-7.241028],[-38.902893,-7.238708],[-38.900208,-7.241821],[-38.884399,-7.238708],[-38.8797,-7.236328],[-38.876587,-7.237488],[-38.873779,-7.239319],[-38.871582,-7.24231],[-38.869019,-7.244202],[-38.864197,-7.240601],[-38.860901,-7.240723],[-38.858093,-7.233093],[-38.852112,-7.239075],[-38.846375,-7.238892],[-38.842712,-7.239502],[-38.839417,-7.23938],[-38.836609,-7.23822],[-38.833923,-7.236084],[-38.830383,-7.235229],[-38.828003,-7.233398],[-38.826111,-7.230713],[-38.81958,-7.226318],[-38.81488,-7.22522],[-38.811523,-7.22699],[-38.80719,-7.227112],[-38.802307,-7.229187],[-38.799622,-7.231812],[-38.798279,-7.229004],[-38.799011,-7.225891],[-38.798584,-7.222412],[-38.796509,-7.219299],[-38.79248,-7.220398],[-38.789795,-7.219299],[-38.785828,-7.219421],[-38.783813,-7.225281],[-38.780823,-7.229614],[-38.77771,-7.231628],[-38.774902,-7.234924],[-38.770386,-7.236389],[-38.761902,-7.234985],[-38.757812,-7.237793],[-38.747498,-7.236877],[-38.738281,-7.23761],[-38.672485,-7.231995],[-38.666077,-7.22821],[-38.661377,-7.226501],[-38.65741,-7.223083],[-38.651794,-7.223389],[-38.646179,-7.219177],[-38.642212,-7.221375],[-38.634521,-7.221985],[-38.626099,-7.221008],[-38.622375,-7.21991],[-38.61908,-7.221008],[-38.61969,-7.2146],[-38.620483,-7.210999],[-38.622986,-7.207581],[-38.622925,-7.203613],[-38.619812,-7.197083],[-38.622009,-7.193298],[-38.625793,-7.191223],[-38.630005,-7.191528],[-38.635376,-7.193604],[-38.639282,-7.188904],[-38.64209,-7.18689],[-38.643616,-7.184021],[-38.648682,-7.184204],[-38.654785,-7.183228],[-38.659302,-7.183228],[-38.664795,-7.185608],[-38.673218,-7.185486],[-38.675415,-7.189209],[-38.682678,-7.1875],[-38.687622,-7.190002],[-38.686279,-7.183105],[-38.683777,-7.179504],[-38.682983,-7.175903],[-38.679382,-7.174988],[-38.677185,-7.171326],[-38.677124,-7.167114],[-38.683594,-7.164612],[-38.684814,-7.160828],[-38.682312,-7.159302],[-38.677124,-7.158203],[-38.67511,-7.15448],[-38.674927,-7.143799],[-38.677429,-7.131897],[-38.672791,-7.124878],[-38.669678,-7.122009],[-38.668213,-7.116089],[-38.662781,-7.111084],[-38.658508,-7.102417],[-38.656921,-7.091492],[-38.660889,-7.084412],[-38.66748,-7.080627],[-38.669983,-7.076599],[-38.671814,-7.070312],[-38.676392,-7.067627],[-38.67511,-7.061584],[-38.670593,-7.054993],[-38.669189,-7.051086],[-38.6698,-7.047729],[-38.673706,-7.046204],[-38.680298,-7.044006],[-38.690613,-7.039185],[-38.692688,-7.034912],[-38.691223,-7.030579],[-38.694885,-7.026917],[-38.702209,-7.024109],[-38.705811,-7.0224],[-38.712402,-7.018311],[-38.716187,-7.017212],[-38.730591,-7.011902],[-38.733276,-7.010376],[-38.736511,-7.006775],[-38.740723,-7.003784],[-38.747375,-7.001892],[-38.751404,-6.997009],[-38.758118,-6.998413],[-38.762085,-6.996216],[-38.764893,-6.993591],[-38.768799,-6.994019],[-38.773315,-7.000793],[-38.781006,-7.000488],[-38.7901,-6.995178],[-38.798096,-6.992798],[-38.802612,-6.990295],[-38.806396,-6.98938],[-38.81012,-6.990479],[-38.817322,-6.989197],[-38.826294,-6.987976],[-38.828613,-6.983887],[-38.831482,-6.982788],[-38.837891,-6.982422],[-38.84259,-6.981506],[-38.849487,-6.980896],[-38.854004,-6.97998],[-38.856079,-6.977478],[-38.870483,-7.007507],[-38.883911,-7.034912],[-38.887329,-7.041687],[-38.898376,-7.062805],[-38.908997,-7.082703]]]},"properties":{"shapeName":"Barro","shapeISO":"56859067B69548867722169","shapeGroup":"BRA","shapeType":"ADM2","src_shape_id":"56859067B69548867722169","adm1ISO":"BR-CE"}},
{"type":"Feature","geometry":{"type":"Polygon","coordinates":[[[-41.270813,-2.971191],[-41.247803,-2.971985],[-41.193481,-2.998413],[-41.190918,-3.010315],[-41.187317,-3.021484],[-41.185913,-3.024902],[-41.186096,-3.029419],[-41.187988,-3.038818],[-41.188416,-3.042908],[-41.184387,-3.044128],[-41.181213,-3.042419],[-41.180176,-3.047485],[-41.171875,-3.051086],[-41.167603,-3.054504],[-41.163513,-3.059998],[-41.157715,-3.071594],[-41.159302,-3.073975],[-41.168579,-3.07959],[-41.171326,-3.083679],[-41.168823,-3.090393],[-41.170288,-3.09729],[-41.167908,-3.102783],[-41.167725,-3.106812],[-41.161987,-3.113403],[-41.158203,-3.12262],[-41.154419,-3.122681],[-41.151123,-3.125122],[-41.134094,-3.11438],[-41.103027,-3.092224],[-41.104919,-3.088196],[-41.107178,-3.085388],[-41.108215,-3.082397],[-41.11261,-3.077698],[-41.117187,-3.070923],[-41.118591,-3.0672],[-41.118713,-3.064026],[-41.116577,-3.061218],[-41.109985,-3.055786],[-41.107178,-3.05481],[-41.10321,-3.0495],[-41.101196,-3.046082],[-41.099487,-3.041809],[-41.098816,-3.037598],[-41.100403,-3.033813],[-41.099487,-3.029297],[-41.086426,-3.02301],[-41.083801,-3.02063],[-41.082214,-3.018188],[-41.083191,-3.014282],[-41.080811,-3.01178],[-41.077576,-3.01001],[-41.077087,-3.004211],[-41.07489,-3.00061],[-41.072205,-2.998413],[-41.071411,-2.995422],[-41.075012,-2.996277],[-41.076111,-2.992615],[-41.075806,-2.989319],[-41.076477,-2.98468],[-41.074829,-2.979309],[-41.074097,-2.97522],[-41.071228,-2.971924],[-41.07019,-2.967285],[-41.065002,-2.961487],[-41.066528,-2.958191],[-41.071411,-2.950623],[-41.074524,-2.947021],[-41.075012,-2.943115],[-41.070312,-2.942627],[-41.067017,-2.941284],[-41.065613,-2.937195],[-41.066406,-2.933228],[-41.06781,-2.930481],[-41.070496,-2.928528],[-41.074829,-2.929382],[-41.077698,-2.92688],[-41.078491,-2.922729],[-41.080017,-2.919312],[-41.082703,-2.917419],[-41.0849,-2.913025],[-41.086121,-2.908508],[-41.088318,-2.906311],[-41.098511,-2.90332],[-41.104126,-2.898621],[-41.109009,-2.897278],[-41.111389,-2.894775],[-41.112976,-2.891785],[-41.113708,-2.888306],[-41.116577,-2.885498],[-41.118286,-2.888123],[-41.124207,-2.891907],[-41.128906,-2.892578],[-41.133179,-2.891907],[-41.138,-2.89209],[-41.143616,-2.891602],[-41.14801,-2.891785],[-41.154297,-2.890808],[-41.159485,-2.889526],[-41.16272,-2.889404],[-41.165588,-2.888489],[-41.168823,-2.888306],[-41.177429,-2.886475],[-41.181213,-2.88678],[-41.184021,-2.888977],[-41.1875,-2.890808],[-41.191895,-2.89032],[-41.200195,-2.888184],[-41.204285,-2.890076],[-41.208679,-2.890381],[-41.224915,-2.887878],[-41.232788,-2.889221],[-41.238098,-2.888977],[-41.251709,-2.886597],[-41.259521,-2.883728],[-41.263,-2.884094],[-41.270325,-2.88678],[-41.276428,-2.891785],[-41.283997,-2.899292],[-41.287109,-2.901917],[-41.293823,-2.906189],[-41.300476,-2.909424],[-41.322815,-2.921326],[-41.320923,-2.936218],[-41.320801,-2.940186],[-41.321594,-2.943909],[-41.321777,-2.951721],[-41.320129,-2.957092],[-41.315491,-2.961609],[-41.301514,-2.967407],[-41.297302,-2.968018],[-41.291504,-2.968201],[-41.279907,-2.967712],[-41.274902,-2.969299],[-41.270813,-2.971191]]]},"properties":{"shapeName":"Barroquinha","shapeISO":"56859067B84967197177731","shapeGroup":"BRA","shapeType":"ADM2","src_shape_id":"56859067B84967197177731","adm1ISO":"BR-CE"}},
{"type":"Feature","geometry":{"type":"Polygon","coordinates":[[[-38.768921,-4.30542],[-38.79541,-4.293701],[-38.794312,-4.289917],[-38.790405,-4.288025],[-38.784912,-4.28241],[-38.781494,-4.280212],[-38.781189,-4.275513],[-38.784119,-4.272217],[-38.786926,-4.27063],[-38.794678,-4.272217],[-38.798706,-4.273376],[-38.801208,-4.271484],[-38.802185,-4.268677],[-38.804199,-4.265808],[-38.802612,-4.258789],[-38.807678,-4.251282],[-38.812012,-4.249512],[-38.819397,-4.250427],[-38.823792,-4.249695],[-38.829102,-4.25061],[-38.833923,-4.247009],[-38.836914,-4.247375],[-38.841187,-4.244995],[-38.841919,-4.240723],[-38.840088,-4.236328],[-38.840698,-4.2323],[-38.844421,-4.231689],[-38.848694,-4.22998],[-38.850891,-4.227295],[-38.854187,-4.226196],[-38.856018,-4.229797],[-38.859802,-4.232178],[-38.85968,-4.239319],[-38.861084,-4.241821],[-38.863892,-4.244202],[-38.869812,-4.243225],[-38.87323,-4.245728],[-38.871826,-4.250977],[-38.873901,-4.258606],[-38.876587,-4.262512],[-38.891296,-4.260681],[-38.889893,-4.264893],[-38.887878,-4.268311],[-38.887817,-4.271484],[-38.890503,-4.275818],[-38.894897,-4.274719],[-38.905579,-4.267029],[-38.908508,-4.263794],[-38.916809,-4.264404],[-38.918701,-4.267029],[-38.918884,-4.269897],[-38.922913,-4.276184],[-38.918091,-4.275513],[-38.914978,-4.280396],[-38.916199,-4.291992],[-38.933411,-4.32312],[-38.935303,-4.325317],[-38.938599,-4.325012],[-38.942078,-4.323608],[-38.946411,-4.32489],[-38.947327,-4.329407],[-38.947021,-4.333801],[-38.948914,-4.339478],[-38.952515,-4.34198],[-38.95459,-4.348694],[-38.957397,-4.353577],[-38.957703,-4.35791],[-38.952576,-4.356384],[-38.952209,-4.351501],[-38.947815,-4.350586],[-38.94458,-4.350708],[-38.941223,-4.35199],[-38.937988,-4.354492],[-38.933411,-4.35321],[-38.924011,-4.354492],[-38.921021,-4.356384],[-38.943481,-4.386719],[-38.922791,-4.4104],[-38.910889,-4.410828],[-38.909424,-4.41449],[-38.907227,-4.416626],[-38.900208,-4.419312],[-38.893311,-4.424805],[-38.890015,-4.427917],[-38.886414,-4.430603],[-38.883606,-4.431702],[-38.879578,-4.432007],[-38.876587,-4.431396],[-38.873901,-4.429626],[-38.870728,-4.429626],[-38.866211,-4.431396],[-38.86261,-4.434326],[-38.859314,-4.438416],[-38.852905,-4.445129],[-38.843079,-4.470276],[-38.83429,-4.493408],[-38.823792,-4.521301],[-38.802612,-4.581177],[-38.765625,-4.623413],[-38.761597,-4.601807],[-38.757507,-4.580811],[-38.748901,-4.526611],[-38.75592,-4.526001],[-38.760376,-4.526306],[-38.765076,-4.525391],[-38.769714,-4.525818],[-38.773621,-4.526978],[-38.775024,-4.522827],[-38.775818,-4.518005],[-38.783081,-4.515686],[-38.786011,-4.513977],[-38.789001,-4.510498],[-38.832825,-4.472412],[-38.828491,-4.465881],[-38.825378,-4.463623],[-38.82251,-4.460388],[-38.822083,-4.456787],[-38.820312,-4.452209],[-38.820312,-4.44812],[-38.817688,-4.442505],[-38.82251,-4.443298],[-38.82959,-4.443726],[-38.833923,-4.446411],[-38.837402,-4.44928],[-38.840698,-4.452698],[-38.84198,-4.420227],[-38.841614,-4.361206],[-38.8396,-4.357117],[-38.832703,-4.338379],[-38.82251,-4.314209],[-38.811279,-4.316711],[-38.807129,-4.315125],[-38.802002,-4.315491],[-38.798706,-4.318115],[-38.798096,-4.32251],[-38.795105,-4.323425],[-38.790894,-4.32251],[-38.786804,-4.320129],[-38.78479,-4.316284],[-38.780884,-4.31189],[-38.77771,-4.309204],[-38.773682,-4.308594],[-38.768921,-4.30542]]]},"properties":{"shapeName":"Baturité","shapeISO":"56859067B81939752180598","shapeGroup":"BRA","shapeType":"ADM2","src_shape_id":"56859067B81939752180598","adm1ISO":"BR-CE"}},
{"type":"Feature","geometry":{"type":"Polygon","coordinates":[[[-37.963318,-4.52948],[-37.963196,-4.525513],[-37.966492,-4.521484],[-37.968689,-4.517395],[-37.968079,-4.513611],[-37.96698,-4.510803],[-37.962891,-4.506714],[-37.964111,-4.501526],[-37.961975,-4.496582],[-37.959412,-4.493408],[-37.960022,-4.489807],[-37.956787,-4.48761],[-37.954407,-4.483521],[-37.953979,-4.477905],[-37.954895,-4.472717],[-37.956299,-4.469604],[-37.961121,-4.471008],[-37.963318,-4.467529],[-37.966309,-4.465027],[-37.965515,-4.456482],[-37.970215,-4.450012],[-37.974182,-4.439697],[-37.976318,-4.432312],[-37.971191,-4.426208],[-37.96759,-4.423706],[-37.957275,-4.420898],[-37.953491,-4.418823],[-37.950378,-4.415527],[-37.947998,-4.411987],[-37.949402,-4.408325],[-37.950012,-4.403687],[-37.943298,-4.399109],[-37.940186,-4.399414],[-37.931091,-4.3974],[-37.923889,-4.400391],[-37.92041,-4.399414],[-37.913513,-4.399597],[-37.909607,-4.401611],[-37.906799,-4.404419],[-37.908386,-4.407227],[-37.907715,-4.410583],[-37.904724,-4.412903],[-37.90033,-4.411926],[-37.8974,-4.407776],[-37.893005,-4.411682],[-37.891479,-4.408081],[-37.883789,-4.40741],[-37.883911,-4.411194],[-37.879211,-4.411316],[-37.876587,-4.408691],[-37.874084,-4.411011],[-37.870911,-4.408386],[-37.874329,-4.40509],[-37.870789,-4.402222],[-37.867798,-4.403503],[-37.864014,-4.401978],[-37.858276,-4.401306],[-37.855591,-4.402893],[-37.849304,-4.401611],[-37.844604,-4.401611],[-37.845886,-4.404297],[-37.846191,-4.407288],[-37.84198,-4.407288],[-37.839478,-4.404297],[-37.835999,-4.401611],[-37.832275,-4.402527],[-37.824585,-4.406311],[-37.821777,-4.401306],[-37.817627,-4.401489],[-37.819824,-4.396912],[-37.825317,-4.394714],[-37.830688,-4.387329],[-37.833496,-4.387817],[-37.836914,-4.387512],[-37.839783,-4.385681],[-37.843689,-4.384094],[-37.846008,-4.381714],[-37.850586,-4.381226],[-37.854187,-4.379517],[-37.856384,-4.37738],[-37.862976,-4.372192],[-37.874512,-4.364502],[-37.888489,-4.353516],[-37.899414,-4.344727],[-37.906616,-4.339783],[-37.916199,-4.330322],[-37.924194,-4.323425],[-37.934082,-4.313477],[-37.944275,-4.304687],[-37.960083,-4.291809],[-37.969727,-4.281921],[-37.976929,-4.274109],[-37.986511,-4.263],[-37.989685,-4.260681],[-37.994812,-4.258423],[-37.99939,-4.255127],[-38.003784,-4.253906],[-38.010193,-4.250305],[-38.019409,-4.240723],[-38.02301,-4.236511],[-38.026489,-4.233398],[-38.033081,-4.225403],[-38.038086,-4.223022],[-38.042786,-4.21991],[-38.048889,-4.213928],[-38.054199,-4.207886],[-38.061096,-4.199585],[-38.064026,-4.197083],[-38.066895,-4.195496],[-38.070801,-4.191895],[-38.079712,-4.181213],[-38.09021,-4.171387],[-38.105896,-4.156311],[-38.110229,-4.15332],[-38.116882,-4.14679],[-38.129395,-4.13031],[-38.134399,-4.122925],[-38.140015,-4.113892],[-38.145386,-4.103516],[-38.148682,-4.101807],[-38.151611,-4.105591],[-38.156982,-4.110779],[-38.160828,-4.116211],[-38.161987,-4.126282],[-38.161987,-4.133118],[-38.161377,-4.136597],[-38.161682,-4.140808],[-38.162903,-4.144409],[-38.161804,-4.148926],[-38.1651,-4.152405],[-38.169617,-4.158691],[-38.171814,-4.162476],[-38.1698,-4.173523],[-38.172913,-4.174377],[-38.174683,-4.178894],[-38.177002,-4.182495],[-38.178528,-4.186584],[-38.180908,-4.19043],[-38.181885,-4.194824],[-38.18512,-4.195679],[-38.188477,-4.19751],[-38.191711,-4.195312],[-38.194519,-4.196411],[-38.198425,-4.194885],[-38.201477,-4.196228],[-38.204224,-4.19519],[-38.211304,-4.197021],[-38.213196,-4.200317],[-38.218323,-4.201111],[-38.222595,-4.202515],[-38.227112,-4.206909],[-38.227295,-4.218201],[-38.227112,-4.223389],[-38.227112,-4.23822],[-38.226807,-4.259216],[-38.226624,-4.293213],[-38.226196,-4.314026],[-38.227112,-4.317078],[-38.229919,-4.321228],[-38.22998,-4.327026],[-38.228882,-4.334595],[-38.228394,-4.34021],[-38.229126,-4.344177],[-38.227295,-4.350281],[-38.222595,-4.35022],[-38.221313,-4.354126],[-38.221008,-4.359802],[-38.228516,-4.357605],[-38.233093,-4.352112],[-38.237305,-4.350708],[-38.244629,-4.354004],[-38.248413,-4.356201],[-38.250427,-4.358582],[-38.250916,-4.362],[-38.250305,-4.365601],[-38.25592,-4.36969],[-38.255615,-4.374878],[-38.26178,-4.380981],[-38.262329,-4.385925],[-38.261719,-4.390381],[-38.263916,-4.395081],[-38.269897,-4.396179],[-38.269897,-4.405701],[-38.278992,-4.407104],[-38.281616,-4.416016],[-38.290894,-4.416382],[-38.293213,-4.418213],[-38.294312,-4.421692],[-38.290222,-4.429321],[-38.293091,-4.433289],[-38.29303,-4.437378],[-38.297607,-4.439697],[-38.303894,-4.441589],[-38.306702,-4.444519],[-38.310486,-4.441711],[-38.316223,-4.439209],[-38.31842,-4.437012],[-38.319702,-4.433594],[-38.322815,-4.433777],[-38.328186,-4.43573],[-38.327393,-4.442627],[-38.330322,-4.446777],[-38.327881,-4.450989],[-38.331116,-4.452209],[-38.33429,-4.452087],[-38.336426,-4.453979],[-38.338318,-4.456787],[-38.338501,-4.459778],[-38.337097,-4.462708],[-38.334412,-4.466003],[-38.337097,-4.468506],[-38.339905,-4.470093],[-38.342224,-4.477417],[-38.341187,-4.481018],[-38.33783,-4.484619],[-38.337402,-4.488708],[-38.340027,-4.491516],[-38.345276,-4.491211],[-38.349976,-4.490479],[-38.353882,-4.492676],[-38.357117,-4.500427],[-38.361084,-4.501404],[-38.360901,-4.5047],[-38.356079,-4.507202],[-38.350098,-4.511414],[-38.347412,-4.512878],[-38.340881,-4.515198],[-38.323486,-4.519226],[-38.320801,-4.520813],[-38.313477,-4.526917],[-38.306824,-4.530884],[-38.303284,-4.537109],[-38.287415,-4.546509],[-38.276306,-4.551575],[-38.261292,-4.559692],[-38.254028,-4.563904],[-38.243713,-4.569275],[-38.233826,-4.575012],[-38.231323,-4.579407],[-38.229309,-4.581726],[-38.218994,-4.587524],[-38.21521,-4.590088],[-38.21051,-4.592712],[-38.207214,-4.596191],[-38.194824,-4.608215],[-38.187012,-4.616211],[-38.184387,-4.619507],[-38.179993,-4.622192],[-38.17572,-4.620911],[-38.156677,-4.618408],[-38.153381,-4.615784],[-38.147278,-4.614624],[-38.13678,-4.618408],[-38.131226,-4.61731],[-38.128418,-4.618591],[-38.124512,-4.619202],[-38.119019,-4.617493],[-38.111206,-4.617676],[-38.107178,-4.616211],[-38.107605,-4.612122],[-38.109924,-4.60791],[-38.101379,-4.596924],[-38.089417,-4.591187],[-38.084412,-4.58783],[-38.081299,-4.588928],[-38.075623,-4.592896],[-38.068298,-4.594177],[-38.065125,-4.592407],[-38.059509,-4.593689],[-38.054321,-4.593384],[-38.049805,-4.590576],[-38.046204,-4.589722],[-38.039001,-4.591125],[-38.035828,-4.594604],[-38.031677,-4.596008],[-38.028381,-4.598328],[-38.023804,-4.598511],[-38.016724,-4.593689],[-38.010193,-4.593323],[-38.006409,-4.595886],[-38.002808,-4.597412],[-37.996399,-4.592407],[-37.992493,-4.59198],[-37.989502,-4.589111],[-37.986023,-4.5849],[-37.985413,-4.578186],[-37.992126,-4.566406],[-37.992493,-4.562988],[-37.989319,-4.56073],[-37.986328,-4.561218],[-37.984009,-4.559509],[-37.982727,-4.555786],[-37.983215,-4.551208],[-37.981812,-4.547913],[-37.982727,-4.544678],[-37.980408,-4.541626],[-37.977478,-4.539307],[-37.975281,-4.536499],[-37.972229,-4.535828],[-37.968506,-4.534119],[-37.964111,-4.532898],[-37.963318,-4.52948]]]},"properties":{"shapeName":"Beberibe","shapeISO":"56859067B34230482126015","shapeGroup":"BRA","shapeType":"ADM2","src_shape_id":"56859067B34230482126015","adm1ISO":"BR-CE"}},
{"type":"Feature","geometry":{"type":"Polygon","coordinates":[[[-40.170776,-2.943481],[-40.174805,-2.9422],[-40.203918,-2.944702],[-40.222107,-2.949402],[-40.236816,-2.952087],[-40.246277,-2.948486],[-40.259705,-2.942993],[-40.262878,-2.940613],[-40.268127,-2.940125],[-40.291809,-2.9422],[-40.31189,-2.943787],[-40.317017,-2.943787],[-40.320984,-2.944519],[-40.322388,-2.947388],[-40.322021,-2.956482],[-40.332275,-2.964111],[-40.337891,-2.964783],[-40.355286,-2.966309],[-40.361694,-2.966492],[-40.373291,-2.964294],[-40.379822,-2.960083],[-40.38269,-2.954407],[-40.383179,-2.948975],[-40.38739,-2.948608],[-40.391724,-2.948975],[-40.39563,-2.947815],[-40.399597,-2.947998],[-40.408813,-2.951294],[-40.409912,-2.960022],[-40.409912,-2.964417],[-40.449585,-2.961609],[-40.466675,-2.959595],[-40.512817,-2.954285],[-40.50592,-2.992615],[-40.494812,-3.062012],[-40.490723,-3.064209],[-40.485779,-3.065002],[-40.479614,-3.070923],[-40.47821,-3.075012],[-40.4729,-3.080505],[-40.469177,-3.081909],[-40.463684,-3.085083],[-40.458984,-3.089478],[-40.455383,-3.093506],[-40.451904,-3.09668],[-40.448425,-3.099182],[-40.441406,-3.101685],[-40.437378,-3.101807],[-40.434692,-3.102722],[-40.428284,-3.110901],[-40.425598,-3.11499],[-40.418884,-3.123413],[-40.416687,-3.125427],[-40.413696,-3.126587],[-40.409607,-3.126709],[-40.404175,-3.125916],[-40.400696,-3.127197],[-40.397827,-3.129028],[-40.393799,-3.1297],[-40.39032,-3.131287],[-40.386719,-3.132202],[-40.381897,-3.134827],[-40.375916,-3.141113],[-40.374817,-3.143982],[-40.370117,-3.14801],[-40.364685,-3.155579],[-40.363892,-3.159729],[-40.361511,-3.164612],[-40.360413,-3.169495],[-40.361877,-3.171997],[-40.362915,-3.17572],[-40.363281,-3.184082],[-40.362427,-3.187683],[-40.360718,-3.190613],[-40.357788,-3.198425],[-40.356323,-3.200989],[-40.352722,-3.202515],[-40.343628,-3.203308],[-40.338623,-3.202881],[-40.335022,-3.201599],[-40.328491,-3.198425],[-40.325684,-3.196106],[-40.321411,-3.19342],[-40.31781,-3.19342],[-40.310608,-3.194092],[-40.308105,-3.195496],[-40.302795,-3.201294],[-40.298889,-3.203613],[-40.267212,-3.150879],[-40.260376,-3.153687],[-40.257629,-3.157227],[-40.256409,-3.160278],[-40.253601,-3.163086],[-40.249878,-3.164185],[-40.246399,-3.164429],[-40.241821,-3.16571],[-40.23761,-3.167725],[-40.234009,-3.166687],[-40.2323,-3.164001],[-40.226501,-3.159607],[-40.222412,-3.159912],[-40.218811,-3.15802],[-40.215393,-3.155212],[-40.210388,-3.153809],[-40.207092,-3.15033],[-40.200378,-3.146606],[-40.199524,-3.143494],[-40.196106,-3.140808],[-40.191528,-3.138611],[-40.188599,-3.135925],[-40.185608,-3.131714],[-40.178894,-3.128723],[-40.17688,-3.126587],[-40.173523,-3.12439],[-40.169128,-3.120605],[-40.164917,-3.119385],[-40.157104,-3.115112],[-40.151428,-3.109192],[-40.147888,-3.106812],[-40.14801,-3.103699],[-40.148987,-3.099609],[-40.152283,-3.089783],[-40.14978,-3.085999],[-40.147888,-3.081726],[-40.144409,-3.078491],[-40.140015,-3.07782],[-40.139587,-3.073914],[-40.120911,-3.087708],[-40.103394,-3.101013],[-40.083923,-3.11438],[-40.083496,-3.10791],[-40.082703,-3.088196],[-40.083496,-3.083008],[-40.08783,-3.074219],[-40.090393,-3.071411],[-40.107727,-3.058105],[-40.110413,-3.055725],[-40.112305,-3.052979],[-40.11731,-3.042725],[-40.121094,-3.035828],[-40.125916,-3.035706],[-40.141296,-3.039307],[-40.146912,-3.041809],[-40.150513,-3.040405],[-40.153198,-3.034302],[-40.155701,-3.031311],[-40.15509,-3.027893],[-40.156006,-3.023621],[-40.158386,-3.016785],[-40.154297,-3.012024],[-40.154175,-3.007812],[-40.155396,-3.003479],[-40.155518,-2.998413],[-40.15509,-2.994019],[-40.157593,-2.991089],[-40.16449,-2.98938],[-40.168396,-2.989685],[-40.169983,-2.984192],[-40.170715,-2.976318],[-40.17041,-2.973083],[-40.170776,-2.968994],[-40.171692,-2.965576],[-40.173828,-2.961914],[-40.174805,-2.958801],[-40.171997,-2.946716],[-40.170776,-2.943481]]]},"properties":{"shapeName":"Bela Cruz","shapeISO":"56859067B81960756923809","shapeGroup":"BRA","shapeType":"ADM2","src_shape_id":"56859067B81960756923809","adm1ISO":"BR-CE"}},
{"type":"Feature","geometry":{"type":"Polygon","coordinates":[[[-39.726624,-4.749084],[-39.731812,-4.744812],[-39.73291,-4.741699],[-39.735901,-4.738892],[-39.737305,-4.736389],[-39.736816,-4.733582],[-39.735107,-4.731323],[-39.728821,-4.725098],[-39.72699,-4.722778],[-39.726013,-4.71991],[-39.73291,-4.714905],[-39.731079,-4.706421],[-39.72821,-4.700623],[-39.729309,-4.696411],[-39.736084,-4.708008],[-39.742493,-4.719482],[-39.806702,-4.707825],[-39.791199,-4.753479],[-39.794189,-4.752991],[-39.796997,-4.750183],[-39.796692,-4.746582],[-39.800293,-4.743408],[-39.81189,-4.739502],[-39.816711,-4.733276],[-39.819397,-4.731384],[-39.822693,-4.731201],[-39.826111,-4.731812],[-39.829102,-4.733093],[-39.832581,-4.733582],[-39.835999,-4.735596],[-39.839722,-4.734985],[-39.841919,-4.738098],[-39.845703,-4.737793],[-39.848816,-4.736694],[-39.851379,-4.738708],[-39.856812,-4.737183],[-39.860779,-4.738281],[-39.861511,-4.741821],[-39.863098,-4.745117],[-39.865112,-4.753601],[-39.873596,-4.761597],[-39.873413,-4.768677],[-39.871521,-4.7724],[-39.874512,-4.773987],[-39.879089,-4.778809],[-39.879089,-4.782593],[-39.88031,-4.786194],[-39.882507,-4.788696],[-39.885986,-4.789612],[-39.891479,-4.789307],[-39.896179,-4.788391],[-39.903198,-4.788086],[-39.907593,-4.789795],[-39.912598,-4.788818],[-39.915894,-4.78772],[-39.915588,-4.784729],[-39.917419,-4.781982],[-39.927917,-4.774902],[-39.930908,-4.772827],[-39.933594,-4.773682],[-39.937195,-4.770691],[-39.93573,-4.778992],[-39.937988,-4.781677],[-39.937683,-4.785828],[-39.935303,-4.789795],[-39.92981,-4.795227],[-39.92981,-4.799377],[-39.9375,-4.804382],[-39.941101,-4.807922],[-39.94281,-4.811523],[-39.945618,-4.813293],[-39.94812,-4.816528],[-39.947205,-4.821411],[-39.949097,-4.825378],[-39.946594,-4.833313],[-39.945618,-4.838013],[-39.943604,-4.84021],[-39.940491,-4.841309],[-39.934814,-4.849426],[-39.932129,-4.855286],[-39.926392,-4.860291],[-39.925293,-4.863403],[-39.916504,-4.871094],[-39.910828,-4.874084],[-39.905029,-4.878418],[-39.9021,-4.882202],[-39.8974,-4.884888],[-39.893982,-4.887512],[-39.894897,-4.893311],[-39.901794,-4.900391],[-39.901611,-4.904114],[-39.906006,-4.903625],[-39.911194,-4.904724],[-39.916504,-4.906311],[-39.921509,-4.911499],[-39.92511,-4.91272],[-39.929016,-4.913208],[-39.9328,-4.920593],[-39.935608,-4.923523],[-39.939819,-4.921875],[-39.942017,-4.926086],[-39.945679,-4.928223],[-39.949707,-4.927307],[-39.9505,-4.924011],[-39.953613,-4.924011],[-39.956604,-4.925903],[-39.958679,-4.929077],[-39.962219,-4.931824],[-39.963196,-4.93988],[-39.967896,-4.940308],[-39.968323,-4.945312],[-39.966675,-4.960693],[-39.96051,-5.00531],[-39.958313,-5.021606],[-39.958679,-5.026611],[-39.964905,-5.028625],[-39.969604,-5.02832],[-39.971375,-5.032776],[-39.97229,-5.036499],[-39.971191,-5.042419],[-39.974426,-5.050903],[-39.97699,-5.052917],[-39.981812,-5.059875],[-39.98761,-5.07251],[-39.992981,-5.074402],[-39.997009,-5.083313],[-40.036194,-5.103577],[-40.158691,-5.164307],[-40.151611,-5.164307],[-40.14679,-5.165527],[-40.141724,-5.165405],[-40.139282,-5.163696],[-40.13562,-5.15741],[-40.126709,-5.158325],[-40.121582,-5.1604],[-40.115479,-5.160278],[-40.113892,-5.164124],[-40.107422,-5.164612],[-40.103394,-5.163086],[-40.100891,-5.161194],[-40.096802,-5.159912],[-40.093384,-5.163513],[-40.089722,-5.168091],[-40.086182,-5.170898],[-40.081909,-5.170593],[-40.078308,-5.164612],[-40.072083,-5.161316],[-40.072388,-5.164185],[-40.071899,-5.169006],[-40.067993,-5.173828],[-40.066589,-5.180298],[-40.0625,-5.182617],[-40.060425,-5.186218],[-40.057495,-5.185791],[-40.054016,-5.180603],[-40.045288,-5.179077],[-40.040588,-5.177979],[-40.036377,-5.179626],[-40.032593,-5.181824],[-40.030396,-5.187683],[-40.02771,-5.189209],[-40.022217,-5.188721],[-40.025391,-5.193176],[-40.029297,-5.196228],[-40.031677,-5.198975],[-40.030212,-5.201599],[-40.026184,-5.203979],[-40.023621,-5.206299],[-40.027893,-5.211609],[-40.031616,-5.219299],[-40.034912,-5.221497],[-40.03949,-5.231689],[-40.043213,-5.237427],[-40.046692,-5.239319],[-40.044312,-5.249512],[-40.042908,-5.256897],[-40.042786,-5.261108],[-40.046326,-5.266602],[-40.048279,-5.272827],[-40.048706,-5.278625],[-40.053223,-5.281189],[-40.056213,-5.285217],[-40.054993,-5.291504],[-40.051025,-5.29248],[-40.041687,-5.291321],[-40.035522,-5.295898],[-40.031494,-5.295776],[-40.02832,-5.296387],[-40.025391,-5.303223],[-40.030212,-5.311218],[-40.026611,-5.312805],[-40.018494,-5.318115],[-40.018494,-5.321228],[-40.02301,-5.325012],[-40.021301,-5.328186],[-40.018127,-5.331177],[-40.018311,-5.34021],[-40.015625,-5.342896],[-40.012817,-5.342285],[-40.009583,-5.340393],[-40.006775,-5.3396],[-40.003723,-5.340576],[-40.001709,-5.346008],[-39.993408,-5.348511],[-39.989624,-5.349182],[-39.983093,-5.34668],[-39.978821,-5.346375],[-39.97052,-5.34491],[-39.966125,-5.343506],[-39.960022,-5.339905],[-39.956787,-5.340698],[-39.957397,-5.343994],[-39.956726,-5.347595],[-39.950378,-5.345093],[-39.943481,-5.343994],[-39.939819,-5.347717],[-39.945312,-5.35498],[-39.946289,-5.359009],[-39.942993,-5.361206],[-39.938599,-5.362],[-39.935425,-5.363525],[-39.933105,-5.367493],[-39.931519,-5.371277],[-39.93219,-5.377319],[-39.925293,-5.38269],[-39.923401,-5.386475],[-39.921021,-5.389587],[-39.913391,-5.386108],[-39.910828,-5.387512],[-39.90802,-5.391113],[-39.900696,-5.394226],[-39.89801,-5.396179],[-39.894592,-5.396301],[-39.890991,-5.390991],[-39.887085,-5.389282],[-39.884827,-5.385986],[-39.88269,-5.38031],[-39.879822,-5.377014],[-39.875,-5.374329],[-39.871094,-5.372925],[-39.868225,-5.372803],[-39.86261,-5.370911],[-39.851685,-5.371887],[-39.843384,-5.369507],[-39.83429,-5.372375],[-39.831787,-5.37439],[-39.827515,-5.375977],[-39.824707,-5.380981],[-39.817505,-5.384705],[-39.815613,-5.390076],[-39.812195,-5.389404],[-39.810425,-5.38678],[-39.80719,-5.384827],[-39.804504,-5.387512],[-39.803528,-5.393494],[-39.799316,-5.39801],[-39.795776,-5.393616],[-39.787903,-5.386108],[-39.78241,-5.3797],[-39.77063,-5.376892],[-39.76709,-5.372498],[-39.762817,-5.370117],[-39.758484,-5.368408],[-39.754089,-5.367615],[-39.749207,-5.36908],[-39.744812,-5.372681],[-39.741516,-5.371277],[-39.731506,-5.369324],[-39.728516,-5.370728],[-39.727905,-5.375427],[-39.725708,-5.379395],[-39.722229,-5.378784],[-39.719788,-5.376221],[-39.71521,-5.375427],[-39.706909,-5.370728],[-39.706177,-5.367126],[-39.70459,-5.36261],[-39.697388,-5.36261],[-39.688904,-5.358826],[-39.685181,-5.359802],[-39.682922,-5.362305],[-39.678711,-5.36261],[-39.674011,-5.361389],[-39.664429,-5.363708],[-39.658081,-5.351318],[-39.656921,-5.346008],[-39.657715,-5.34259],[-39.65741,-5.338684],[-39.649414,-5.340027],[-39.646423,-5.337524],[-39.643799,-5.333496],[-39.64032,-5.332703],[-39.632385,-5.336609],[-39.630493,-5.333313],[-39.629883,-5.328491],[-39.631226,-5.325012],[-39.626587,-5.324402],[-39.62323,-5.324524],[-39.621216,-5.321411],[-39.622925,-5.314026],[-39.626526,-5.308105],[-39.626709,-5.303589],[-39.623901,-5.255188],[-39.61438,-5.240112],[-39.588928,-5.200623],[-39.568909,-5.1698],[-39.536194,-5.118713],[-39.542297,-5.114807],[-39.547424,-5.112122],[-39.551208,-5.110718],[-39.561279,-5.10791],[-39.565613,-5.102783],[-39.56958,-5.101318],[-39.575012,-5.098511],[-39.580811,-5.096008],[-39.588013,-5.096985],[-39.593018,-5.098083],[-39.596619,-5.096985],[-39.604309,-5.089783],[-39.613892,-5.08429],[-39.616394,-5.081482],[-39.618225,-5.076782],[-39.621094,-5.074829],[-39.623901,-5.070984],[-39.628601,-5.065918],[-39.633911,-5.05719],[-39.633118,-5.052979],[-39.628418,-5.042175],[-39.626587,-5.03949],[-39.621277,-5.034424],[-39.617676,-5.031982],[-39.611694,-5.030212],[-39.607178,-5.025085],[-39.605896,-5.021912],[-39.606201,-5.017822],[-39.607178,-5.014404],[-39.603577,-5.009216],[-39.600708,-5.002502],[-39.598083,-4.999512],[-39.597412,-4.995178],[-39.598877,-4.99231],[-39.601685,-4.990784],[-39.605286,-4.994507],[-39.60968,-4.992493],[-39.611694,-4.990112],[-39.611084,-4.984314],[-39.612183,-4.981628],[-39.614624,-4.978699],[-39.614075,-4.974487],[-39.610107,-4.972717],[-39.607605,-4.970825],[-39.603882,-4.963989],[-39.604614,-4.959106],[-39.609009,-4.953125],[-39.609802,-4.94928],[-39.607422,-4.947327],[-39.606506,-4.943481],[-39.607788,-4.938721],[-39.610291,-4.931396],[-39.612305,-4.927612],[-39.61731,-4.921326],[-39.617981,-4.918213],[-39.618591,-4.908081],[-39.6203,-4.905212],[-39.627014,-4.901917],[-39.629211,-4.896912],[-39.63031,-4.892212],[-39.636414,-4.888611],[-39.638916,-4.884521],[-39.642212,-4.881409],[-39.644226,-4.878113],[-39.645203,-4.874023],[-39.647827,-4.872192],[-39.649719,-4.869812],[-39.650696,-4.866211],[-39.6521,-4.863525],[-39.65033,-4.859497],[-39.650513,-4.854492],[-39.646484,-4.850891],[-39.644409,-4.848206],[-39.643494,-4.84491],[-39.645813,-4.842712],[-39.653992,-4.83783],[-39.656616,-4.835205],[-39.659912,-4.822998],[-39.656982,-4.820312],[-39.662109,-4.805725],[-39.662415,-4.802795],[-39.66571,-4.799927],[-39.669312,-4.799927],[-39.672791,-4.798523],[-39.6745,-4.792297],[-39.677429,-4.789612],[-39.681702,-4.788879],[-39.686279,-4.789429],[-39.689209,-4.791809],[-39.692993,-4.791382],[-39.696777,-4.788879],[-39.700012,-4.784485],[-39.703796,-4.78241],[-39.709106,-4.781311],[-39.717896,-4.778198],[-39.722412,-4.777588],[-39.727112,-4.779297],[-39.730225,-4.779602],[-39.734802,-4.774109],[-39.738098,-4.771301],[-39.735901,-4.769409],[-39.729675,-4.766907],[-39.726013,-4.763306],[-39.726929,-4.760376],[-39.730408,-4.755615],[-39.728088,-4.752502],[-39.726624,-4.749084]]]},"properties":{"shapeName":"Boa Viagem","shapeISO":"56859067B12725266051245","shapeGroup":"BRA","shapeType":"ADM2","src_shape_id":"56859067B12725266051245","adm1ISO":"BR-CE"}},
{"type":"Feature","geometry":{"type":"Polygon","coordinates":[[[-39.078308,-7.420898],[-39.076111,-7.430298],[-39.076904,-7.437378],[-39.078613,-7.446228],[-39.080811,-7.450378],[-39.080078,-7.454712],[-39.080994,-7.457581],[-39.084778,-7.458313],[-39.089783,-7.461975],[-39.095093,-7.463684],[-39.104675,-7.462524],[-39.111389,-7.46051],[-39.11731,-7.461426],[-39.121216,-7.460388],[-39.126709,-7.456787],[-39.132019,-7.4552],[-39.136597,-7.45459],[-39.139709,-7.454895],[-39.145996,-7.454407],[-39.121399,-7.469788],[-39.098389,-7.483398],[-39.088379,-7.485596],[-39.059875,-7.508606],[-39.046204,-7.519775],[-39.029907,-7.532898],[-39.031799,-7.610413],[-39.030701,-7.615723],[-39.031189,-7.620728],[-39.030701,-7.62561],[-39.026184,-7.633728],[-39.021729,-7.631897],[-39.016907,-7.631104],[-39.013123,-7.628723],[-39.013123,-7.625305],[-39.009521,-7.624084],[-39.0047,-7.623596],[-38.996216,-7.620117],[-38.992981,-7.619995],[-38.989929,-7.617493],[-38.986877,-7.616211],[-38.983521,-7.613708],[-38.979492,-7.612],[-38.976501,-7.611511],[-38.973816,-7.609192],[-38.96759,-7.606812],[-38.96283,-7.606995],[-38.960388,-7.609802],[-38.957825,-7.611389],[-38.953796,-7.610107],[-38.949219,-7.61261],[-38.941406,-7.612305],[-38.939209,-7.609985],[-38.934692,-7.609375],[-38.929993,-7.611389],[-38.926392,-7.612305],[-38.921997,-7.609497],[-38.913818,-7.60791],[-38.911804,-7.610596],[-38.908386,-7.611694],[-38.905396,-7.614624],[-38.901611,-7.615601],[-38.898315,-7.613708],[-38.895813,-7.611389],[-38.892212,-7.611206],[-38.892395,-7.635376],[-38.894409,-7.725525],[-38.894775,-7.740112],[-38.8927,-7.749878],[-38.886292,-7.748108],[-38.88092,-7.745178],[-38.880981,-7.739807],[-38.879395,-7.732483],[-38.880981,-7.726807],[-38.879822,-7.723328],[-38.873718,-7.718079],[-38.873108,-7.714783],[-38.867676,-7.711304],[-38.86438,-7.713623],[-38.860901,-7.7146],[-38.857605,-7.714722],[-38.854492,-7.716003],[-38.850586,-7.716492],[-38.846008,-7.720398],[-38.838196,-7.71991],[-38.828125,-7.719604],[-38.824585,-7.715881],[-38.821899,-7.714783],[-38.817383,-7.705811],[-38.817505,-7.701294],[-38.815002,-7.697388],[-38.81543,-7.691284],[-38.815308,-7.687683],[-38.818481,-7.685303],[-38.819519,-7.68219],[-38.824219,-7.677612],[-38.821106,-7.672302],[-38.817322,-7.664124],[-38.811218,-7.668518],[-38.806519,-7.66748],[-38.80249,-7.668091],[-38.799622,-7.669128],[-38.793701,-7.668213],[-38.789795,-7.670593],[-38.784485,-7.667725],[-38.780701,-7.661682],[-38.776428,-7.662598],[-38.77301,-7.661011],[-38.77002,-7.658508],[-38.763916,-7.656311],[-38.759399,-7.656494],[-38.755127,-7.65918],[-38.747803,-7.6604],[-38.744202,-7.660095],[-38.742493,-7.655579],[-38.742615,-7.652283],[-38.741821,-7.648376],[-38.738525,-7.643127],[-38.735779,-7.64032],[-38.736389,-7.63562],[-38.733398,-7.633911],[-38.724487,-7.62793],[-38.720581,-7.62561],[-38.775879,-7.604187],[-38.814697,-7.550476],[-38.828186,-7.531921],[-38.854309,-7.495789],[-38.881897,-7.457703],[-38.927185,-7.434509],[-38.940125,-7.428284],[-38.969482,-7.426025],[-38.980103,-7.426819],[-39.044312,-7.423706],[-39.078308,-7.420898]]]},"properties":{"shapeName":"Brejo Santo","shapeISO":"56859067B35872262147230","shapeGroup":"BRA","shapeType":"ADM2","src_shape_id":"56859067B35872262147230","adm1ISO":"BR-CE"}},
{"type":"Feature","geometry":{"type":"Polygon","coordinates":[[[-41.103027,-3.092224],[-41,-3.034912],[-40.991821,-3.03009],[-40.956604,-3.023987],[-40.928589,-3.019226],[-40.888611,-3.012329],[-40.880127,-3.010803],[-40.843079,-3.033508],[-40.838806,-3.036194],[-40.808716,-3.030579],[-40.753784,-3.020203],[-40.691711,-3.008484],[-40.664124,-3.010193],[-40.563416,-3.016907],[-40.563477,-3.020386],[-40.561401,-3.023376],[-40.557922,-3.02533],[-40.552612,-3.027222],[-40.546692,-3.028687],[-40.541321,-3.031311],[-40.536987,-3.03241],[-40.528687,-3.035828],[-40.525818,-3.038818],[-40.524292,-3.041809],[-40.52063,-3.044312],[-40.519104,-3.046875],[-40.516724,-3.048584],[-40.514404,-3.051392],[-40.505981,-3.055908],[-40.497986,-3.060791],[-40.494812,-3.062012],[-40.50592,-2.992615],[-40.512817,-2.954285],[-40.517517,-2.953796],[-40.521912,-2.950317],[-40.526123,-2.948181],[-40.529175,-2.944702],[-40.529907,-2.941895],[-40.526306,-2.934998],[-40.525085,-2.930176],[-40.52533,-2.925476],[-40.527405,-2.921509],[-40.533203,-2.91803],[-40.533508,-2.914612],[-40.53241,-2.910095],[-40.532593,-2.901611],[-40.530396,-2.89801],[-40.52948,-2.893494],[-40.52832,-2.890503],[-40.531311,-2.888123],[-40.538025,-2.884583],[-40.54303,-2.884583],[-40.555481,-2.88269],[-40.559998,-2.882812],[-40.563416,-2.880127],[-40.565491,-2.877197],[-40.571106,-2.870728],[-40.573181,-2.867187],[-40.573608,-2.863708],[-40.573486,-2.858826],[-40.575195,-2.854919],[-40.577393,-2.852417],[-40.580811,-2.850891],[-40.58252,-2.847717],[-40.586304,-2.847778],[-40.589417,-2.846191],[-40.592896,-2.846008],[-40.600525,-2.848389],[-40.604614,-2.846313],[-40.608521,-2.842102],[-40.612122,-2.841309],[-40.618408,-2.844604],[-40.625122,-2.846008],[-40.628113,-2.846008],[-40.637329,-2.847595],[-40.640808,-2.848877],[-40.644226,-2.849182],[-40.649902,-2.848999],[-40.65509,-2.848328],[-40.66571,-2.844604],[-40.670227,-2.843628],[-40.675293,-2.84491],[-40.684814,-2.846313],[-40.690796,-2.851196],[-40.69043,-2.846985],[-40.699524,-2.846985],[-40.702209,-2.848389],[-40.705688,-2.849304],[-40.709595,-2.849487],[-40.718506,-2.848999],[-40.729492,-2.850891],[-40.73291,-2.851013],[-40.740601,-2.850403],[-40.747009,-2.849426],[-40.751709,-2.849426],[-40.756714,-2.848816],[-40.760986,-2.849121],[-40.769897,-2.851196],[-40.774109,-2.853088],[-40.778198,-2.85553],[-40.781494,-2.858276],[-40.784119,-2.861328],[-40.79071,-2.866516],[-40.802124,-2.872803],[-40.810791,-2.875488],[-40.815308,-2.876526],[-40.829895,-2.878418],[-40.834717,-2.878784],[-40.838196,-2.880188],[-40.845093,-2.884827],[-40.847229,-2.881409],[-40.848206,-2.878723],[-40.850586,-2.875488],[-40.852905,-2.873413],[-40.854126,-2.869385],[-40.85968,-2.860291],[-40.863281,-2.857178],[-40.865784,-2.861511],[-40.870911,-2.861694],[-40.875488,-2.860413],[-40.88269,-2.860718],[-40.888611,-2.862305],[-40.898499,-2.861877],[-40.90271,-2.860107],[-40.905884,-2.859802],[-40.906616,-2.864197],[-40.908325,-2.868713],[-40.912109,-2.871826],[-40.915222,-2.873108],[-40.919312,-2.874023],[-40.925781,-2.87439],[-40.937683,-2.874084],[-40.9505,-2.871704],[-40.955811,-2.872498],[-40.958923,-2.876892],[-40.96283,-2.88031],[-40.966187,-2.881714],[-40.9729,-2.883179],[-40.980591,-2.884399],[-40.987122,-2.884094],[-40.992004,-2.884216],[-40.995422,-2.88501],[-40.999878,-2.887024],[-41.001709,-2.889282],[-41.006104,-2.890625],[-41.015991,-2.892212],[-41.022095,-2.891785],[-41.025085,-2.890991],[-41.029419,-2.891785],[-41.034607,-2.891479],[-41.038208,-2.8927],[-41.046082,-2.894104],[-41.054199,-2.893921],[-41.068176,-2.89502],[-41.077881,-2.894592],[-41.083496,-2.894592],[-41.087708,-2.893982],[-41.091797,-2.8927],[-41.09491,-2.891113],[-41.098206,-2.890625],[-41.101013,-2.891785],[-41.108215,-2.890808],[-41.106628,-2.894592],[-41.104126,-2.898621],[-41.098511,-2.90332],[-41.088318,-2.906311],[-41.086121,-2.908508],[-41.0849,-2.913025],[-41.082703,-2.917419],[-41.080017,-2.919312],[-41.078491,-2.922729],[-41.077698,-2.92688],[-41.074829,-2.929382],[-41.070496,-2.928528],[-41.06781,-2.930481],[-41.066406,-2.933228],[-41.065613,-2.937195],[-41.067017,-2.941284],[-41.070312,-2.942627],[-41.075012,-2.943115],[-41.074524,-2.947021],[-41.071411,-2.950623],[-41.066528,-2.958191],[-41.065002,-2.961487],[-41.07019,-2.967285],[-41.071228,-2.971924],[-41.074097,-2.97522],[-41.074829,-2.979309],[-41.076477,-2.98468],[-41.075806,-2.989319],[-41.076111,-2.992615],[-41.075012,-2.996277],[-41.071411,-2.995422],[-41.072205,-2.998413],[-41.07489,-3.00061],[-41.077087,-3.004211],[-41.077576,-3.01001],[-41.080811,-3.01178],[-41.083191,-3.014282],[-41.082214,-3.018188],[-41.083801,-3.02063],[-41.086426,-3.02301],[-41.099487,-3.029297],[-41.100403,-3.033813],[-41.098816,-3.037598],[-41.099487,-3.041809],[-41.101196,-3.046082],[-41.10321,-3.0495],[-41.107178,-3.05481],[-41.109985,-3.055786],[-41.116577,-3.061218],[-41.118713,-3.064026],[-41.118591,-3.0672],[-41.117187,-3.070923],[-41.11261,-3.077698],[-41.108215,-3.082397],[-41.107178,-3.085388],[-41.104919,-3.088196],[-41.103027,-3.092224]]]},"properties":{"shapeName":"Camocim","shapeISO":"56859067B40104820379814","shapeGroup":"BRA","shapeType":"ADM2","src_shape_id":"56859067B40104820379814","adm1ISO":"BR-CE"}},
{"type":"Feature","geometry":{"type":"Polygon","coordinates":[[[-40.458191,-7.077087],[-40.451782,-7.078796],[-40.445801,-7.079285],[-40.441101,-7.080811],[-40.44281,-7.083801],[-40.445618,-7.085876],[-40.446899,-7.088806],[-40.370422,-7.115479],[-40.35498,-7.120789],[-40.333801,-7.127808],[-40.328796,-7.128723],[-40.324524,-7.128479],[-40.321228,-7.127197],[-40.323425,-7.119202],[-40.323608,-7.115295],[-40.321228,-7.111694],[-40.320801,-7.106995],[-40.324707,-7.101013],[-40.32489,-7.097412],[-40.322876,-7.093323],[-40.322021,-7.089111],[-40.322815,-7.082825],[-40.315613,-7.077209],[-40.310425,-7.076111],[-40.306396,-7.077209],[-40.301392,-7.077698],[-40.296814,-7.077209],[-40.290405,-7.074707],[-40.288025,-7.072083],[-40.279175,-7.069397],[-40.270813,-7.068481],[-40.265381,-7.068604],[-40.257812,-7.067627],[-40.254578,-7.068604],[-40.251404,-7.0672],[-40.248901,-7.064026],[-40.250793,-7.060486],[-40.249329,-7.057007],[-40.242798,-7.051697],[-40.239075,-7.047424],[-40.235413,-7.044678],[-40.232605,-7.043213],[-40.229187,-7.039612],[-40.224304,-7.039185],[-40.220581,-7.036926],[-40.213379,-7.03009],[-40.205627,-7.028015],[-40.203003,-7.026611],[-40.196228,-7.026184],[-40.192078,-7.02478],[-40.184326,-7.02063],[-40.180908,-7.017883],[-40.176392,-7.018677],[-40.171692,-7.017212],[-40.167786,-7.015015],[-40.164429,-7.014526],[-40.156494,-7.015076],[-40.150879,-7.011719],[-40.14801,-7.008728],[-40.143799,-7.007507],[-40.136597,-7.002686],[-40.133301,-7.001221],[-40.13031,-7.002502],[-40.125305,-7.010681],[-40.121521,-7.014587],[-40.122498,-7.018127],[-40.120728,-7.020386],[-40.112976,-7.016602],[-40.109619,-7.016296],[-40.105713,-7.012878],[-40.100891,-7.010193],[-40.097412,-7.009705],[-40.099121,-7.006409],[-40.098511,-7.001709],[-40.096985,-6.998108],[-40.097778,-6.994324],[-40.096313,-6.989319],[-40.092285,-6.984009],[-40.088684,-6.985107],[-40.085205,-6.98468],[-40.082092,-6.98291],[-40.079224,-6.981812],[-40.075195,-6.981201],[-40.072815,-6.976501],[-40.070923,-6.96991],[-40.068787,-6.967712],[-40.0672,-6.964111],[-40.066711,-6.958008],[-40.06488,-6.953186],[-40.062378,-6.949097],[-40.06311,-6.946106],[-40.063721,-6.9375],[-40.060425,-6.933289],[-40.061523,-6.924011],[-40.059509,-6.919678],[-40.064087,-6.917786],[-40.066284,-6.915894],[-40.06958,-6.914185],[-40.073792,-6.914612],[-40.076111,-6.912903],[-40.079712,-6.915405],[-40.124512,-6.88678],[-40.122009,-6.884521],[-40.117004,-6.88092],[-40.109192,-6.874817],[-40.10321,-6.872009],[-40.098999,-6.866882],[-40.091003,-6.860107],[-40.08252,-6.859802],[-40.077087,-6.856689],[-40.086426,-6.847717],[-40.146912,-6.830505],[-40.144592,-6.81781],[-40.142212,-6.814575],[-40.13562,-6.811218],[-40.132812,-6.810181],[-40.133911,-6.80658],[-40.130493,-6.804321],[-40.134277,-6.801025],[-40.139282,-6.801575],[-40.141479,-6.791504],[-40.143921,-6.788208],[-40.14679,-6.785583],[-40.149902,-6.784485],[-40.160522,-6.788025],[-40.163208,-6.789612],[-40.168091,-6.791321],[-40.169312,-6.788086],[-40.169006,-6.780396],[-40.169312,-6.777405],[-40.171082,-6.773315],[-40.179077,-6.760193],[-40.183228,-6.759399],[-40.197693,-6.770996],[-40.203125,-6.774292],[-40.212097,-6.776001],[-40.221924,-6.776489],[-40.23761,-6.776184],[-40.243103,-6.777588],[-40.246582,-6.781921],[-40.252625,-6.786682],[-40.258423,-6.786194],[-40.262512,-6.791504],[-40.263184,-6.794983],[-40.265503,-6.796692],[-40.27832,-6.794495],[-40.282288,-6.794678],[-40.28479,-6.79718],[-40.288879,-6.804382],[-40.292419,-6.807922],[-40.297913,-6.808105],[-40.300598,-6.806824],[-40.301575,-6.798401],[-40.304077,-6.795288],[-40.306824,-6.786987],[-40.311279,-6.786621],[-40.313904,-6.789001],[-40.315613,-6.791504],[-40.3172,-6.795898],[-40.31781,-6.799683],[-40.322083,-6.80249],[-40.330383,-6.804321],[-40.344116,-6.801819],[-40.348389,-6.796997],[-40.350708,-6.798706],[-40.351685,-6.808228],[-40.364014,-6.806824],[-40.370483,-6.803101],[-40.370605,-6.807983],[-40.378723,-6.815491],[-40.383728,-6.822693],[-40.386475,-6.829285],[-40.396912,-6.835388],[-40.402222,-6.839905],[-40.404114,-6.843079],[-40.40741,-6.851196],[-40.410706,-6.855591],[-40.41571,-6.859375],[-40.42041,-6.860596],[-40.428528,-6.864197],[-40.430176,-6.867798],[-40.429993,-6.87561],[-40.429199,-6.886108],[-40.432922,-6.8927],[-40.433777,-6.895813],[-40.433899,-6.9021],[-40.432678,-6.908508],[-40.427429,-6.916809],[-40.427002,-6.922485],[-40.424805,-6.935913],[-40.429077,-6.948486],[-40.428894,-6.958679],[-40.427307,-6.966309],[-40.430298,-6.975708],[-40.429016,-6.995117],[-40.423706,-6.997375],[-40.41571,-6.997681],[-40.411011,-6.999084],[-40.406921,-7.004578],[-40.425293,-7.015686],[-40.428223,-7.01709],[-40.434021,-7.015198],[-40.43811,-7.01709],[-40.434875,-7.022827],[-40.42981,-7.027893],[-40.426697,-7.030396],[-40.427612,-7.033875],[-40.435608,-7.0401],[-40.443298,-7.048096],[-40.444275,-7.055908],[-40.448608,-7.0625],[-40.453308,-7.071228],[-40.458191,-7.077087]]]},"properties":{"shapeName":"Campos Sales","shapeISO":"56859067B21784925382268","shapeGroup":"BRA","shapeType":"ADM2","src_shape_id":"56859067B21784925382268","adm1ISO":"BR-CE"}},
{"type":"Feature","geometry":{"type":"Polygon","coordinates":[[[-39.094299,-4.38678],[-39.160828,-4.38678],[-39.166077,-4.383606],[-39.168213,-4.380493],[-39.171021,-4.372681],[-39.171997,-4.367004],[-39.173523,-4.363403],[-39.175903,-4.353821],[-39.17981,-4.348511],[-39.181519,-4.345398],[-39.182495,-4.342102],[-39.182495,-4.338379],[-39.184509,-4.33551],[-39.187805,-4.332397],[-39.192383,-4.3078],[-39.200928,-4.30542],[-39.206604,-4.306213],[-39.20752,-4.303406],[-39.208679,-4.295715],[-39.208191,-4.290588],[-39.21051,-4.287598],[-39.213684,-4.285889],[-39.220825,-4.285095],[-39.224487,-4.286316],[-39.227112,-4.28418],[-39.230896,-4.283081],[-39.240295,-4.283386],[-39.243896,-4.279785],[-39.279602,-4.245911],[-39.309204,-4.218018],[-39.33313,-4.195312],[-39.335876,-4.194214],[-39.343811,-4.199585],[-39.394287,-4.230713],[-39.435486,-4.255981],[-39.454102,-4.267578],[-39.491577,-4.290588],[-39.494385,-4.286682],[-39.497009,-4.284302],[-39.49823,-4.278687],[-39.498291,-4.273926],[-39.50531,-4.267517],[-39.506409,-4.261719],[-39.506226,-4.258301],[-39.506897,-4.253784],[-39.505798,-4.249512],[-39.50592,-4.246582],[-39.507202,-4.241699],[-39.511108,-4.240417],[-39.518005,-4.237305],[-39.525818,-4.238586],[-39.531311,-4.23822],[-39.537109,-4.229614],[-39.540894,-4.228699],[-39.549622,-4.224487],[-39.554993,-4.220886],[-39.565979,-4.223206],[-39.568481,-4.220886],[-39.569519,-4.21759],[-39.567993,-4.214294],[-39.566223,-4.211975],[-39.562988,-4.202515],[-39.564026,-4.198792],[-39.56311,-4.195312],[-39.558411,-4.189026],[-39.558899,-4.180481],[-39.556702,-4.176208],[-39.553894,-4.174316],[-39.550598,-4.172913],[-39.548828,-4.170227],[-39.548218,-4.167297],[-39.544189,-4.165527],[-39.541687,-4.163391],[-39.540222,-4.159119],[-39.543701,-4.158325],[-39.551575,-4.151489],[-39.550903,-4.148621],[-39.547485,-4.143005],[-39.547119,-4.110107],[-39.533203,-4.084595],[-39.536621,-4.085327],[-39.539795,-4.086792],[-39.54303,-4.09021],[-39.544678,-4.093811],[-39.547302,-4.097412],[-39.550415,-4.098389],[-39.553528,-4.100586],[-39.556702,-4.101196],[-39.563416,-4.097229],[-39.569275,-4.09491],[-39.572388,-4.092712],[-39.576477,-4.091919],[-39.580811,-4.093689],[-39.592102,-4.095398],[-39.597595,-4.094421],[-39.600708,-4.091309],[-39.603882,-4.086121],[-39.607422,-4.083008],[-39.611694,-4.081604],[-39.615295,-4.081421],[-39.62323,-4.079895],[-39.626221,-4.076477],[-39.628479,-4.07312],[-39.629578,-4.069824],[-39.633484,-4.070496],[-39.635498,-4.073486],[-39.638916,-4.071106],[-39.642822,-4.072021],[-39.651184,-4.070984],[-39.657593,-4.071289],[-39.660706,-4.06958],[-39.665527,-4.068481],[-39.66748,-4.073608],[-39.666321,-4.079712],[-39.670715,-4.080627],[-39.67511,-4.079407],[-39.678894,-4.076416],[-39.682129,-4.077209],[-39.682922,-4.080627],[-39.68988,-4.082581],[-39.692505,-4.08551],[-39.703308,-4.09082],[-39.703308,-4.094421],[-39.704895,-4.100281],[-39.705627,-4.104614],[-39.708923,-4.100708],[-39.712402,-4.099976],[-39.717407,-4.096619],[-39.720276,-4.098511],[-39.722412,-4.103699],[-39.730713,-4.105103],[-39.734375,-4.108521],[-39.739075,-4.109497],[-39.742493,-4.114197],[-39.744324,-4.118286],[-39.74762,-4.121887],[-39.749084,-4.126221],[-39.749512,-4.130127],[-39.75531,-4.133911],[-39.755615,-4.142212],[-39.75708,-4.151306],[-39.75769,-4.156921],[-39.762329,-4.158081],[-39.766296,-4.158081],[-39.769592,-4.159912],[-39.77179,-4.162598],[-39.773499,-4.166809],[-39.773804,-4.174011],[-39.773193,-4.17688],[-39.775513,-4.17981],[-39.780212,-4.183289],[-39.78302,-4.184814],[-39.788208,-4.189087],[-39.789612,-4.193298],[-39.785095,-4.197083],[-39.782898,-4.19989],[-39.781494,-4.207275],[-39.778687,-4.213501],[-39.776306,-4.217102],[-39.77301,-4.22522],[-39.770813,-4.237427],[-39.765686,-4.247681],[-39.762207,-4.25],[-39.756104,-4.251404],[-39.749817,-4.254211],[-39.748108,-4.257324],[-39.741028,-4.262085],[-39.738403,-4.264282],[-39.736389,-4.268799],[-39.73291,-4.27179],[-39.731079,-4.274719],[-39.732605,-4.278076],[-39.73761,-4.28241],[-39.736206,-4.286377],[-39.733826,-4.288086],[-39.738525,-4.293213],[-39.737305,-4.29718],[-39.734802,-4.300781],[-39.732605,-4.305603],[-39.726318,-4.308411],[-39.726318,-4.312805],[-39.727417,-4.317078],[-39.731506,-4.318909],[-39.73291,-4.322327],[-39.7323,-4.326477],[-39.733826,-4.332886],[-39.7276,-4.339905],[-39.725403,-4.343811],[-39.716187,-4.345703],[-39.709412,-4.348999],[-39.711609,-4.352417],[-39.713806,-4.354492],[-39.712219,-4.360413],[-39.71051,-4.36322],[-39.710327,-4.366394],[-39.711792,-4.374512],[-39.709778,-4.377075],[-39.711609,-4.379822],[-39.717712,-4.382629],[-39.721313,-4.382385],[-39.724609,-4.380127],[-39.727112,-4.38678],[-39.728088,-4.393127],[-39.732605,-4.397888],[-39.736511,-4.400024],[-39.739624,-4.400818],[-39.747375,-4.397888],[-39.752319,-4.399475],[-39.753113,-4.403809],[-39.752014,-4.406616],[-39.748596,-4.409302],[-39.745911,-4.41272],[-39.7453,-4.415588],[-39.74231,-4.417786],[-39.738892,-4.423279],[-39.740112,-4.427612],[-39.736023,-4.432983],[-39.735718,-4.437927],[-39.731201,-4.44281],[-39.729797,-4.447021],[-39.731384,-4.450684],[-39.733582,-4.452576],[-39.73291,-4.455627],[-39.73291,-4.4599],[-39.733704,-4.463989],[-39.726196,-4.469299],[-39.726807,-4.473511],[-39.724426,-4.477112],[-39.721375,-4.478699],[-39.720825,-4.481689],[-39.723511,-4.484497],[-39.727112,-4.485291],[-39.732483,-4.488403],[-39.73468,-4.492004],[-39.737305,-4.493225],[-39.740295,-4.493103],[-39.745117,-4.491028],[-39.747803,-4.496826],[-39.754883,-4.501526],[-39.756409,-4.5047],[-39.755188,-4.507812],[-39.756226,-4.512512],[-39.761475,-4.518799],[-39.765076,-4.520996],[-39.767822,-4.525085],[-39.765076,-4.529602],[-39.764526,-4.533386],[-39.755493,-4.536499],[-39.75061,-4.538879],[-39.74762,-4.541199],[-39.745911,-4.544128],[-39.740601,-4.543396],[-39.731689,-4.540588],[-39.728394,-4.540527],[-39.724609,-4.541992],[-39.720276,-4.541199],[-39.716614,-4.541504],[-39.712097,-4.542786],[-39.704407,-4.544006],[-39.709229,-4.532776],[-39.677429,-4.530884],[-39.67511,-4.513916],[-39.661011,-4.516113],[-39.658997,-4.512817],[-39.652405,-4.512024],[-39.643921,-4.507324],[-39.643921,-4.502625],[-39.640808,-4.502197],[-39.638916,-4.49939],[-39.635986,-4.498108],[-39.634094,-4.501099],[-39.631287,-4.503479],[-39.627319,-4.505005],[-39.621704,-4.504517],[-39.616394,-4.502991],[-39.608215,-4.502625],[-39.601196,-4.497498],[-39.579712,-4.479492],[-39.576721,-4.476318],[-39.572205,-4.470581],[-39.562378,-4.471191],[-39.560425,-4.474792],[-39.552002,-4.480713],[-39.548828,-4.484192],[-39.54541,-4.486084],[-39.54071,-4.487305],[-39.537598,-4.484924],[-39.536621,-4.481384],[-39.537415,-4.477417],[-39.541321,-4.475098],[-39.543518,-4.473083],[-39.542725,-4.468811],[-39.539795,-4.466309],[-39.532715,-4.46991],[-39.529907,-4.488403],[-39.528687,-4.492126],[-39.526306,-4.494202],[-39.525085,-4.498413],[-39.521912,-4.498413],[-39.519714,-4.494629],[-39.518005,-4.489685],[-39.515198,-4.48761],[-39.514282,-4.483826],[-39.511597,-4.481995],[-39.511719,-4.473694],[-39.510986,-4.470398],[-39.507996,-4.468323],[-39.504211,-4.469604],[-39.502991,-4.474182],[-39.499329,-4.47821],[-39.493225,-4.48291],[-39.495178,-4.486511],[-39.49231,-4.48938],[-39.491821,-4.493286],[-39.48822,-4.494812],[-39.485596,-4.498596],[-39.483521,-4.507996],[-39.483704,-4.512512],[-39.482178,-4.518311],[-39.481628,-4.528015],[-39.477722,-4.529419],[-39.472412,-4.533081],[-39.468811,-4.534607],[-39.466125,-4.541382],[-39.466309,-4.544495],[-39.464783,-4.549194],[-39.465698,-4.553528],[-39.463928,-4.557983],[-39.464111,-4.565002],[-39.461121,-4.568176],[-39.45813,-4.567627],[-39.456299,-4.56311],[-39.451782,-4.562317],[-39.44812,-4.5672],[-39.44812,-4.570312],[-39.446899,-4.573181],[-39.444092,-4.575317],[-39.445679,-4.579407],[-39.445923,-4.58252],[-39.449097,-4.590881],[-39.452393,-4.593994],[-39.452576,-4.598999],[-39.450684,-4.602905],[-39.448425,-4.605713],[-39.44519,-4.608582],[-39.442078,-4.609009],[-39.440186,-4.611206],[-39.43512,-4.619507],[-39.434998,-4.623108],[-39.433289,-4.627014],[-39.4328,-4.632996],[-39.429321,-4.638],[-39.425415,-4.641113],[-39.421326,-4.645691],[-39.420715,-4.650391],[-39.423279,-4.656799],[-39.420715,-4.659424],[-39.422913,-4.666321],[-39.425476,-4.669006],[-39.426208,-4.678101],[-39.417725,-4.687195],[-39.411316,-4.686279],[-39.404907,-4.686401],[-39.400024,-4.68689],[-39.396423,-4.689209],[-39.394104,-4.69281],[-39.391785,-4.695129],[-39.387878,-4.697327],[-39.3797,-4.69458],[-39.378113,-4.69812],[-39.38092,-4.700623],[-39.381897,-4.703308],[-39.382019,-4.710815],[-39.380981,-4.713623],[-39.374023,-4.712891],[-39.371826,-4.716797],[-39.369202,-4.720886],[-39.367676,-4.725586],[-39.365112,-4.728088],[-39.365112,-4.731079],[-39.366028,-4.734985],[-39.364685,-4.737976],[-39.360291,-4.737305],[-39.356079,-4.735229],[-39.352112,-4.732605],[-39.345093,-4.72998],[-39.34198,-4.72699],[-39.3349,-4.722107],[-39.332214,-4.719116],[-39.328491,-4.716675],[-39.323914,-4.715393],[-39.314819,-4.709595],[-39.311523,-4.710327],[-39.308228,-4.709229],[-39.303894,-4.705688],[-39.302185,-4.701782],[-39.301392,-4.698303],[-39.298401,-4.695129],[-39.295776,-4.689575],[-39.293396,-4.673706],[-39.290588,-4.661987],[-39.287109,-4.660095],[-39.28479,-4.657227],[-39.28302,-4.65332],[-39.279785,-4.650513],[-39.271301,-4.648315],[-39.267395,-4.649292],[-39.255615,-4.648193],[-39.251709,-4.647095],[-39.245911,-4.643311],[-39.242798,-4.644104],[-39.238586,-4.644226],[-39.235901,-4.646912],[-39.234375,-4.649719],[-39.23053,-4.6521],[-39.226379,-4.653076],[-39.222778,-4.65271],[-39.219727,-4.65332],[-39.211487,-4.651794],[-39.206116,-4.652588],[-39.203308,-4.65033],[-39.201904,-4.646606],[-39.198914,-4.645203],[-39.197021,-4.647583],[-39.193604,-4.649902],[-39.190186,-4.650513],[-39.18158,-4.650513],[-39.17981,-4.654175],[-39.176208,-4.65332],[-39.171082,-4.648315],[-39.1698,-4.644287],[-39.161804,-4.639709],[-39.158691,-4.635193],[-39.153992,-4.633606],[-39.145508,-4.631592],[-39.142029,-4.632385],[-39.138611,-4.63031],[-39.135498,-4.63031],[-39.132385,-4.628784],[-39.126282,-4.627197],[-39.065918,-4.560303],[-39.068604,-4.553589],[-39.070679,-4.550903],[-39.070801,-4.54718],[-39.0755,-4.547791],[-39.075928,-4.544312],[-39.077576,-4.541809],[-39.077515,-4.538879],[-39.081604,-4.539124],[-39.084717,-4.536987],[-39.082397,-4.531189],[-39.085022,-4.524719],[-39.085876,-4.520386],[-39.084412,-4.516602],[-39.083679,-4.512817],[-39.082397,-4.51001],[-39.083191,-4.502686],[-39.086121,-4.50061],[-39.087708,-4.497009],[-39.08783,-4.494019],[-39.085388,-4.491394],[-39.079529,-4.486084],[-39.083801,-4.479797],[-39.0849,-4.473022],[-39.028625,-4.461182],[-39.036316,-4.45752],[-39.040405,-4.454285],[-39.046875,-4.451904],[-39.051025,-4.452026],[-39.053223,-4.447998],[-39.052429,-4.44281],[-39.053101,-4.438416],[-39.057007,-4.434021],[-39.061523,-4.430908],[-39.07019,-4.426208],[-39.073303,-4.424194],[-39.074585,-4.420898],[-39.074585,-4.416809],[-39.077698,-4.417725],[-39.078918,-4.405701],[-39.085083,-4.411194],[-39.08783,-4.413086],[-39.09082,-4.411011],[-39.09198,-4.406311],[-39.095093,-4.401611],[-39.094482,-4.397583],[-39.097412,-4.396912],[-39.099182,-4.393799],[-39.095581,-4.391479],[-39.094299,-4.38678]]]},"properties":{"shapeName":"Canindé","shapeISO":"56859067B68432351022715","shapeGroup":"BRA","shapeType":"ADM2","src_shape_id":"56859067B68432351022715","adm1ISO":"BR-CE"}},
{"type":"Feature","geometry":{"type":"Polygon","coordinates":[[[-38.998779,-4.480286],[-38.997986,-4.483398],[-38.995911,-4.486206],[-38.990112,-4.49292],[-38.980591,-4.496277],[-38.975708,-4.495117],[-38.96991,-4.491516],[-38.964783,-4.491211],[-38.960388,-4.490112],[-38.955078,-4.491028],[-38.949585,-4.487793],[-38.943726,-4.490479],[-38.936523,-4.496704],[-38.936523,-4.500122],[-38.937317,-4.504578],[-38.934387,-4.513306],[-38.932129,-4.518311],[-38.929321,-4.51532],[-38.925781,-4.514587],[-38.923523,-4.512512],[-38.919128,-4.512512],[-38.916687,-4.518005],[-38.914612,-4.521179],[-38.909912,-4.524902],[-38.900696,-4.528076],[-38.893799,-4.528503],[-38.88678,-4.527893],[-38.882996,-4.526123],[-38.88031,-4.524109],[-38.872498,-4.5271],[-38.869202,-4.537109],[-38.868408,-4.547485],[-38.865906,-4.55011],[-38.860718,-4.550476],[-38.855591,-4.552002],[-38.8526,-4.551086],[-38.848877,-4.550781],[-38.845581,-4.549622],[-38.842102,-4.549377],[-38.838989,-4.549988],[-38.837402,-4.552612],[-38.837097,-4.555481],[-38.840393,-4.56189],[-38.837708,-4.569702],[-38.839111,-4.578613],[-38.838989,-4.58252],[-38.835693,-4.581726],[-38.832397,-4.5802],[-38.829712,-4.577698],[-38.825684,-4.576599],[-38.821289,-4.576294],[-38.81543,-4.581116],[-38.811401,-4.581177],[-38.807678,-4.579895],[-38.802612,-4.581177],[-38.823792,-4.521301],[-38.83429,-4.493408],[-38.843079,-4.470276],[-38.852905,-4.445129],[-38.859314,-4.438416],[-38.86261,-4.434326],[-38.866211,-4.431396],[-38.870728,-4.429626],[-38.873901,-4.429626],[-38.876587,-4.431396],[-38.879578,-4.432007],[-38.883606,-4.431702],[-38.886414,-4.430603],[-38.890015,-4.427917],[-38.893311,-4.424805],[-38.900208,-4.419312],[-38.907227,-4.416626],[-38.909424,-4.41449],[-38.910889,-4.410828],[-38.922791,-4.4104],[-38.943481,-4.386719],[-38.921021,-4.356384],[-38.924011,-4.354492],[-38.933411,-4.35321],[-38.937988,-4.354492],[-38.941223,-4.35199],[-38.94458,-4.350708],[-38.947815,-4.350586],[-38.952209,-4.351501],[-38.952576,-4.356384],[-38.957703,-4.35791],[-38.963196,-4.360901],[-38.970398,-4.368225],[-38.982422,-4.38031],[-38.980896,-4.393982],[-38.974915,-4.433899],[-38.975281,-4.441223],[-38.978088,-4.444214],[-38.984924,-4.448608],[-38.989014,-4.448486],[-38.991882,-4.450317],[-38.993225,-4.453125],[-38.993713,-4.457214],[-38.997498,-4.468323],[-38.997314,-4.472229],[-38.998291,-4.474915],[-38.998779,-4.480286]]]},"properties":{"shapeName":"Capistrano","shapeISO":"56859067B99249813136539","shapeGroup":"BRA","shapeType":"ADM2","src_shape_id":"56859067B99249813136539","adm1ISO":"BR-CE"}},
{"type":"Feature","geometry":{"type":"Polygon","coordinates":[[[-39.205017,-4.048828],[-39.202026,-4.052612],[-39.198608,-4.055908],[-39.194885,-4.057983],[-39.189087,-4.058777],[-39.186401,-4.062012],[-39.184814,-4.065918],[-39.181213,-4.06781],[-39.18042,-4.071411],[-39.177429,-4.079224],[-39.17511,-4.083618],[-39.17572,-4.087524],[-39.173706,-4.09082],[-39.171326,-4.092712],[-39.166809,-4.091614],[-39.164001,-4.095398],[-39.160095,-4.097229],[-39.156006,-4.09729],[-39.155579,-4.100708],[-39.158813,-4.110901],[-39.158997,-4.116211],[-39.160889,-4.121094],[-39.160583,-4.126709],[-39.206909,-4.132812],[-39.208496,-4.137878],[-39.209106,-4.142212],[-39.208313,-4.146606],[-39.206116,-4.149292],[-39.205078,-4.152405],[-39.201477,-4.158997],[-39.203003,-4.161804],[-39.202698,-4.166809],[-39.203003,-4.171326],[-39.204712,-4.174805],[-39.257507,-4.177185],[-39.30011,-4.177979],[-39.308716,-4.177124],[-39.309204,-4.172913],[-39.312378,-4.171204],[-39.315613,-4.172791],[-39.317688,-4.176392],[-39.31781,-4.181519],[-39.321289,-4.183777],[-39.324402,-4.184387],[-39.332214,-4.183105],[-39.335205,-4.184509],[-39.336609,-4.18811],[-39.338623,-4.191406],[-39.335876,-4.194214],[-39.33313,-4.195312],[-39.309204,-4.218018],[-39.279602,-4.245911],[-39.243896,-4.279785],[-39.240295,-4.283386],[-39.230896,-4.283081],[-39.227112,-4.28418],[-39.224487,-4.286316],[-39.220825,-4.285095],[-39.213684,-4.285889],[-39.21051,-4.287598],[-39.208191,-4.290588],[-39.208679,-4.295715],[-39.20752,-4.303406],[-39.206604,-4.306213],[-39.200928,-4.30542],[-39.192383,-4.3078],[-39.187805,-4.332397],[-39.184509,-4.33551],[-39.182495,-4.338379],[-39.182495,-4.342102],[-39.181519,-4.345398],[-39.17981,-4.348511],[-39.175903,-4.353821],[-39.173523,-4.363403],[-39.171997,-4.367004],[-39.171021,-4.372681],[-39.168213,-4.380493],[-39.166077,-4.383606],[-39.160828,-4.38678],[-39.094299,-4.38678],[-39.094788,-4.382385],[-39.089294,-4.383484],[-39.089294,-4.387817],[-39.087891,-4.391785],[-39.085876,-4.394287],[-39.082825,-4.391296],[-39.077698,-4.394104],[-39.068481,-4.398193],[-39.065979,-4.396423],[-39.062988,-4.397095],[-39.062195,-4.391724],[-39.066223,-4.390076],[-39.064087,-4.381897],[-39.064209,-4.378723],[-39.061401,-4.37738],[-39.058899,-4.375305],[-39.062378,-4.373901],[-39.069519,-4.36731],[-39.072205,-4.366394],[-39.064209,-4.362488],[-39.066895,-4.356384],[-39.062317,-4.357788],[-39.057617,-4.362915],[-39.054016,-4.35968],[-39.050293,-4.357788],[-39.050598,-4.353577],[-39.053284,-4.352417],[-39.047302,-4.350525],[-39.04248,-4.350586],[-39.038879,-4.349487],[-39.036804,-4.345093],[-39.033691,-4.33551],[-39.031311,-4.333313],[-39.025085,-4.330994],[-39.026794,-4.327026],[-39.027588,-4.318909],[-39.031311,-4.32019],[-39.038086,-4.319275],[-39.037415,-4.315979],[-39.0354,-4.31189],[-39.036682,-4.308289],[-39.040894,-4.307678],[-39.046082,-4.309326],[-39.045593,-4.30542],[-39.045715,-4.300903],[-39.041809,-4.298523],[-39.039429,-4.29541],[-39.036682,-4.292908],[-39.039307,-4.288208],[-39.033691,-4.288208],[-39.026489,-4.289307],[-39.022583,-4.288208],[-39.025818,-4.286194],[-39.029297,-4.280701],[-39.031982,-4.278809],[-39.029907,-4.275085],[-39.025391,-4.273804],[-39.023193,-4.276123],[-39.019409,-4.276306],[-39.018677,-4.272705],[-39.014526,-4.269775],[-39.014709,-4.265015],[-39.012085,-4.266907],[-39.012329,-4.272278],[-39.011475,-4.275696],[-39.008911,-4.279419],[-39.004211,-4.273315],[-39.007019,-4.272827],[-39.003296,-4.264587],[-39.003113,-4.260986],[-38.994385,-4.258911],[-39.002808,-4.253906],[-39.007385,-4.25293],[-39.004211,-4.251099],[-38.997009,-4.250916],[-38.994507,-4.249512],[-38.996399,-4.247375],[-38.998291,-4.243103],[-38.998901,-4.239624],[-39.000977,-4.236023],[-39.004211,-4.233276],[-39.010986,-4.235718],[-39.011597,-4.231201],[-39.014099,-4.229492],[-39.017578,-4.230408],[-39.02301,-4.230225],[-39.026001,-4.226929],[-39.020508,-4.223328],[-39.014893,-4.225403],[-39.009827,-4.226196],[-39.005493,-4.226379],[-39.005493,-4.222778],[-39.00708,-4.218811],[-39.006104,-4.211792],[-39.003296,-4.210327],[-39.000305,-4.207581],[-38.9953,-4.206299],[-38.992126,-4.206116],[-38.982788,-4.20459],[-38.980713,-4.201111],[-38.979187,-4.194092],[-38.976318,-4.19519],[-38.974792,-4.190308],[-38.974304,-4.186829],[-38.971802,-4.190125],[-38.96698,-4.186829],[-38.964111,-4.187195],[-38.96283,-4.19043],[-38.9599,-4.188599],[-38.961609,-4.184082],[-38.952209,-4.183411],[-38.949402,-4.181213],[-38.955811,-4.178528],[-38.956909,-4.172791],[-38.960083,-4.171875],[-38.961914,-4.167908],[-38.959595,-4.158997],[-38.957886,-4.156311],[-38.958313,-4.152222],[-38.959412,-4.14801],[-38.958618,-4.144104],[-38.955383,-4.140503],[-38.954895,-4.137329],[-38.952087,-4.13678],[-38.946716,-4.137512],[-38.943787,-4.136597],[-38.940308,-4.139709],[-38.936523,-4.137817],[-38.9328,-4.138611],[-38.930176,-4.140076],[-38.929626,-4.13562],[-38.932312,-4.133606],[-38.93573,-4.133789],[-38.936218,-4.13031],[-38.939514,-4.13208],[-38.944397,-4.132507],[-38.948181,-4.129028],[-38.943604,-4.128113],[-38.940613,-4.125793],[-38.943115,-4.120117],[-38.943481,-4.115601],[-38.939819,-4.11261],[-38.938782,-4.108826],[-38.9422,-4.106323],[-38.943604,-4.101624],[-38.945801,-4.098022],[-38.947876,-4.102295],[-38.951294,-4.102112],[-38.95282,-4.099304],[-38.957092,-4.098206],[-38.955811,-4.095276],[-38.953125,-4.09259],[-38.954407,-4.088623],[-38.956116,-4.0802],[-38.959412,-4.079407],[-38.960205,-4.074829],[-38.956909,-4.073303],[-38.984009,-4.044312],[-39.003479,-3.991699],[-39.026123,-4.058289],[-39.028381,-4.06311],[-39.063782,-4.066406],[-39.114929,-4.059204],[-39.202515,-4.045898],[-39.205017,-4.048828]]]},"properties":{"shapeName":"Caridade","shapeISO":"56859067B82904278337495","shapeGroup":"BRA","shapeType":"ADM2","src_shape_id":"56859067B82904278337495","adm1ISO":"BR-CE"}},
{"type":"Feature","geometry":{"type":"Polygon","coordinates":[[[-40.360718,-4.030212],[-40.361511,-4.025513],[-40.367004,-4.019714],[-40.371704,-4.014099],[-40.370483,-4.010376],[-40.368591,-4.006775],[-40.370605,-4.000916],[-40.370422,-3.997498],[-40.371826,-3.994812],[-40.376587,-3.993286],[-40.38208,-3.985779],[-40.38501,-3.980286],[-40.387512,-3.976685],[-40.390808,-3.974609],[-40.392212,-3.971008],[-40.394104,-3.968018],[-40.393921,-3.960693],[-40.394226,-3.956909],[-40.397888,-3.955811],[-40.399475,-3.953308],[-40.396301,-3.94281],[-40.398926,-3.940918],[-40.400024,-3.936401],[-40.40332,-3.934998],[-40.405212,-3.932678],[-40.406921,-3.928894],[-40.406616,-3.919983],[-40.40448,-3.91272],[-40.40448,-3.90918],[-40.405884,-3.8974],[-40.409119,-3.868286],[-40.411377,-3.846008],[-40.41571,-3.806519],[-40.421326,-3.810608],[-40.421326,-3.815002],[-40.423584,-3.818787],[-40.427185,-3.819397],[-40.431213,-3.820801],[-40.43219,-3.824524],[-40.434082,-3.827393],[-40.440002,-3.827393],[-40.441101,-3.831116],[-40.44458,-3.833984],[-40.448425,-3.833923],[-40.452515,-3.836182],[-40.45752,-3.835022],[-40.489502,-3.84198],[-40.494812,-3.844116],[-40.496277,-3.848511],[-40.499878,-3.851318],[-40.504883,-3.851196],[-40.509216,-3.85199],[-40.514099,-3.85199],[-40.533325,-3.8526],[-40.570129,-3.860596],[-40.574219,-3.861389],[-40.581299,-3.860229],[-40.586975,-3.855713],[-40.588501,-3.851929],[-40.59491,-3.847412],[-40.598877,-3.846313],[-40.602112,-3.843994],[-40.606628,-3.843079],[-40.614014,-3.842102],[-40.616028,-3.838684],[-40.618103,-3.833801],[-40.622009,-3.826111],[-40.626526,-3.828003],[-40.642822,-3.838684],[-40.646118,-3.839417],[-40.647583,-3.835022],[-40.654907,-3.831726],[-40.660278,-3.832886],[-40.668213,-3.836609],[-40.678711,-3.841919],[-40.669922,-3.847595],[-40.684509,-3.858276],[-40.684082,-3.864075],[-40.694519,-3.86792],[-40.69751,-3.870728],[-40.703613,-3.875],[-40.705383,-3.877197],[-40.708008,-3.878723],[-40.710999,-3.878723],[-40.711121,-3.881592],[-40.71283,-3.885681],[-40.712402,-3.890076],[-40.7099,-3.894287],[-40.708496,-3.89801],[-40.710083,-3.908508],[-40.711975,-3.913208],[-40.712708,-3.91803],[-40.709717,-3.920898],[-40.703125,-3.925598],[-40.699402,-3.926575],[-40.695312,-3.926514],[-40.692688,-3.928528],[-40.688416,-3.92981],[-40.683228,-3.930176],[-40.678894,-3.929382],[-40.677307,-3.931885],[-40.67041,-3.936523],[-40.664612,-3.939392],[-40.660217,-3.941528],[-40.656311,-3.942688],[-40.653992,-3.947388],[-40.654114,-3.953613],[-40.654602,-3.956482],[-40.658875,-3.964111],[-40.658203,-3.967285],[-40.658325,-3.970703],[-40.667297,-3.977783],[-40.666809,-3.981079],[-40.667419,-3.984924],[-40.664612,-3.988281],[-40.661316,-3.988586],[-40.651611,-3.994507],[-40.645996,-3.996582],[-40.642578,-3.996826],[-40.636108,-3.998596],[-40.640076,-4.001526],[-40.642212,-4.005005],[-40.641479,-4.008118],[-40.639893,-4.010681],[-40.639221,-4.013977],[-40.605713,-4.030396],[-40.56781,-4.046875],[-40.512695,-4.046204],[-40.497375,-4.061279],[-40.47229,-4.085815],[-40.432129,-4.091125],[-40.38501,-4.091614],[-40.373413,-4.091797],[-40.360718,-4.030212]]]},"properties":{"shapeName":"Cariré","shapeISO":"56859067B46733430176329","shapeGroup":"BRA","shapeType":"ADM2","src_shape_id":"56859067B46733430176329","adm1ISO":"BR-CE"}},
{"type":"Feature","geometry":{"type":"Polygon","coordinates":[[[-39.105896,-6.962891],[-39.116882,-6.942627],[-39.166504,-6.935791],[-39.197021,-6.932312],[-39.222412,-6.929687],[-39.235901,-6.929504],[-39.238708,-6.931396],[-39.246094,-6.934875],[-39.24939,-6.935425],[-39.253296,-6.935181],[-39.256775,-6.935608],[-39.260498,-6.931824],[-39.263,-6.933228],[-39.262085,-6.936401],[-39.266113,-6.936707],[-39.27301,-6.934875],[-39.276794,-6.936279],[-39.284119,-6.9375],[-39.296997,-6.938721],[-39.320984,-6.933289],[-39.323608,-6.967224],[-39.326599,-6.984497],[-39.330078,-6.981812],[-39.331482,-6.978699],[-39.330078,-6.974976],[-39.329712,-6.96759],[-39.331482,-6.9646],[-39.336914,-6.960876],[-39.336609,-6.957275],[-39.339783,-6.948792],[-39.342102,-6.945007],[-39.346008,-6.944275],[-39.346802,-6.941406],[-39.345398,-6.937683],[-39.340088,-6.930725],[-39.338501,-6.928101],[-39.337891,-6.924927],[-39.339478,-6.91571],[-39.338501,-6.911804],[-39.336426,-6.908081],[-39.338379,-6.906006],[-39.342529,-6.906311],[-39.348206,-6.909729],[-39.352112,-6.911194],[-39.357117,-6.91449],[-39.362305,-6.916016],[-39.366699,-6.916687],[-39.3703,-6.915588],[-39.374512,-6.915894],[-39.378723,-6.918396],[-39.382507,-6.921509],[-39.385986,-6.922424],[-39.394897,-6.922302],[-39.422607,-6.962097],[-39.435608,-6.963379],[-39.452209,-7.009827],[-39.454712,-7.056519],[-39.455383,-7.062378],[-39.455017,-7.066711],[-39.452087,-7.067078],[-39.446289,-7.064392],[-39.442078,-7.063599],[-39.432678,-7.06311],[-39.428284,-7.063477],[-39.424377,-7.062317],[-39.421509,-7.06012],[-39.419128,-7.06189],[-39.415894,-7.060913],[-39.41272,-7.062988],[-39.405518,-7.060608],[-39.401123,-7.060913],[-39.39679,-7.060303],[-39.396301,-7.064209],[-39.393311,-7.061279],[-39.388611,-7.060303],[-39.38501,-7.060181],[-39.381897,-7.058411],[-39.378418,-7.057678],[-39.373779,-7.0578],[-39.369202,-7.058899],[-39.367493,-7.061707],[-39.366211,-7.058411],[-39.361694,-7.057983],[-39.361328,-7.060913],[-39.363708,-7.065125],[-39.357788,-7.066528],[-39.359009,-7.069397],[-39.359619,-7.073608],[-39.356812,-7.077209],[-39.350708,-7.082092],[-39.347717,-7.09021],[-39.344299,-7.093079],[-39.343079,-7.096375],[-39.339905,-7.098083],[-39.336975,-7.101013],[-39.340088,-7.10968],[-39.329712,-7.109009],[-39.293701,-7.110291],[-39.288879,-7.106812],[-39.286011,-7.10553],[-39.283325,-7.099609],[-39.283203,-7.09668],[-39.281494,-7.093201],[-39.278015,-7.093079],[-39.268616,-7.093994],[-39.264893,-7.095886],[-39.260315,-7.098877],[-39.254089,-7.102112],[-39.249329,-7.106384],[-39.248291,-7.109985],[-39.244507,-7.117798],[-39.236511,-7.123291],[-39.237305,-7.126221],[-39.24231,-7.13031],[-39.240906,-7.133301],[-39.237427,-7.133728],[-39.233582,-7.132202],[-39.227722,-7.12793],[-39.223511,-7.129211],[-39.220276,-7.129028],[-39.216919,-7.127319],[-39.208801,-7.126709],[-39.209229,-7.131592],[-39.208008,-7.135498],[-39.205688,-7.138306],[-39.202393,-7.139709],[-39.19751,-7.139709],[-39.194702,-7.142517],[-39.19281,-7.145508],[-39.19342,-7.149719],[-39.18988,-7.150391],[-39.181824,-7.147705],[-39.178406,-7.146179],[-39.174805,-7.143616],[-39.169128,-7.138916],[-39.166687,-7.135498],[-39.164612,-7.133606],[-39.161804,-7.132507],[-39.157898,-7.132996],[-39.14978,-7.130981],[-39.146729,-7.133606],[-39.144592,-7.131592],[-39.140015,-7.131714],[-39.136414,-7.130798],[-39.133118,-7.130005],[-39.130615,-7.128113],[-39.125916,-7.122681],[-39.122009,-7.112915],[-39.119202,-7.107727],[-39.118103,-7.103882],[-39.115906,-7.101013],[-39.115417,-7.097412],[-39.113525,-7.091614],[-39.110413,-7.088318],[-39.111511,-7.085388],[-39.114319,-7.082703],[-39.127014,-7.078796],[-39.132629,-7.078491],[-39.135498,-7.076294],[-39.136719,-7.073303],[-39.138794,-7.070129],[-39.140808,-7.06543],[-39.143616,-7.060425],[-39.157288,-7.033508],[-39.155579,-7.013306],[-39.162415,-7.005981],[-39.161499,-6.99939],[-39.155396,-6.994385],[-39.153687,-6.990479],[-39.149902,-6.987488],[-39.148987,-6.983276],[-39.143005,-6.982788],[-39.139282,-6.981079],[-39.129211,-6.980103],[-39.122375,-6.973022],[-39.115784,-6.96582],[-39.110413,-6.962708],[-39.105896,-6.962891]]]},"properties":{"shapeName":"Caririaçu","shapeISO":"56859067B58793941772217","shapeGroup":"BRA","shapeType":"ADM2","src_shape_id":"56859067B58793941772217","adm1ISO":"BR-CE"}},
{"type":"Feature","geometry":{"type":"Polygon","coordinates":[[[-39.281982,-6.525391],[-39.285828,-6.52478],[-39.290222,-6.52533],[-39.297913,-6.526917],[-39.301514,-6.528503],[-39.305481,-6.529297],[-39.318787,-6.53009],[-39.325378,-6.532715],[-39.333618,-6.534302],[-39.341309,-6.534485],[-39.344116,-6.528381],[-39.344788,-6.523682],[-39.348511,-6.519409],[-39.352112,-6.516296],[-39.355286,-6.512817],[-39.35791,-6.507812],[-39.354492,-6.5047],[-39.353027,-6.501282],[-39.35321,-6.497375],[-39.354614,-6.494629],[-39.352722,-6.492126],[-39.354614,-6.488281],[-39.352112,-6.486511],[-39.348816,-6.485596],[-39.349426,-6.481812],[-39.351196,-6.477905],[-39.350708,-6.473511],[-39.351379,-6.468994],[-39.354919,-6.465881],[-39.359009,-6.466675],[-39.363586,-6.469421],[-39.375,-6.474792],[-39.375977,-6.471924],[-39.384277,-6.470581],[-39.386108,-6.4646],[-39.391479,-6.465515],[-39.397278,-6.465576],[-39.39978,-6.46228],[-39.408508,-6.464111],[-39.413025,-6.463928],[-39.42041,-6.46283],[-39.429199,-6.468506],[-39.430908,-6.473816],[-39.430908,-6.47821],[-39.431885,-6.481812],[-39.434998,-6.484619],[-39.439026,-6.486328],[-39.441589,-6.488586],[-39.442383,-6.492493],[-39.447083,-6.493408],[-39.452087,-6.493591],[-39.455994,-6.4953],[-39.457886,-6.499207],[-39.46051,-6.508118],[-39.46283,-6.51001],[-39.46698,-6.510986],[-39.475403,-6.511719],[-39.479126,-6.510986],[-39.487183,-6.510193],[-39.491394,-6.51178],[-39.493286,-6.513977],[-39.495911,-6.518311],[-39.50531,-6.521912],[-39.508911,-6.52301],[-39.51178,-6.525208],[-39.517212,-6.535522],[-39.516724,-6.538818],[-39.517578,-6.541687],[-39.523987,-6.54541],[-39.527283,-6.548279],[-39.532593,-6.551697],[-39.537109,-6.558411],[-39.545776,-6.562683],[-39.55249,-6.565186],[-39.559875,-6.567322],[-39.56781,-6.571289],[-39.57489,-6.573914],[-39.581116,-6.576721],[-39.58429,-6.577209],[-39.585083,-6.573792],[-39.590515,-6.574707],[-39.593384,-6.576599],[-39.596191,-6.577209],[-39.598694,-6.579224],[-39.599609,-6.582275],[-39.602783,-6.585876],[-39.611328,-6.589783],[-39.614807,-6.591919],[-39.622803,-6.595215],[-39.6297,-6.601379],[-39.637817,-6.605713],[-39.647827,-6.610718],[-39.654602,-6.613586],[-39.664795,-6.616516],[-39.6698,-6.618408],[-39.673584,-6.620789],[-39.679016,-6.622803],[-39.685791,-6.61969],[-39.692383,-6.618591],[-39.699707,-6.619629],[-39.711304,-6.622314],[-39.714722,-6.622009],[-39.721313,-6.624023],[-39.730713,-6.628296],[-39.737915,-6.631897],[-39.735291,-6.634399],[-39.734985,-6.637695],[-39.730225,-6.640076],[-39.724121,-6.638123],[-39.720398,-6.639221],[-39.716309,-6.636597],[-39.712524,-6.63562],[-39.708313,-6.636719],[-39.701111,-6.644592],[-39.693176,-6.64032],[-39.685181,-6.637512],[-39.682312,-6.640503],[-39.679077,-6.640991],[-39.673706,-6.640625],[-39.669312,-6.639587],[-39.665894,-6.637329],[-39.663879,-6.640808],[-39.663513,-6.644226],[-39.661377,-6.6474],[-39.658691,-6.64978],[-39.656677,-6.653198],[-39.656982,-6.65741],[-39.65509,-6.664307],[-39.656677,-6.668884],[-39.654602,-6.673279],[-39.651794,-6.673889],[-39.649414,-6.676392],[-39.649109,-6.680908],[-39.647217,-6.685486],[-39.648804,-6.689819],[-39.647522,-6.694397],[-39.647095,-6.698181],[-39.646729,-6.7099],[-39.643921,-6.717529],[-39.639709,-6.720581],[-39.640015,-6.724976],[-39.643127,-6.728516],[-39.642822,-6.731812],[-39.644104,-6.736206],[-39.641785,-6.738708],[-39.633423,-6.738281],[-39.630615,-6.735779],[-39.626526,-6.734375],[-39.623596,-6.739502],[-39.617798,-6.742493],[-39.609924,-6.737122],[-39.605713,-6.737305],[-39.608215,-6.742126],[-39.610779,-6.745422],[-39.60968,-6.748718],[-39.602905,-6.749329],[-39.599976,-6.748901],[-39.598022,-6.750977],[-39.599915,-6.754883],[-39.599609,-6.759521],[-39.60199,-6.76239],[-39.604309,-6.768921],[-39.607727,-6.77179],[-39.611877,-6.779297],[-39.615112,-6.788025],[-39.568909,-6.779114],[-39.555481,-6.775513],[-39.550598,-6.776428],[-39.546875,-6.770325],[-39.544312,-6.768311],[-39.513794,-6.776306],[-39.51062,-6.776306],[-39.506592,-6.769897],[-39.506409,-6.766724],[-39.503113,-6.757629],[-39.499878,-6.754211],[-39.496094,-6.751709],[-39.492493,-6.751709],[-39.487122,-6.75293],[-39.481995,-6.757629],[-39.479187,-6.75592],[-39.476807,-6.758789],[-39.469604,-6.77002],[-39.46698,-6.772888],[-39.46521,-6.776184],[-39.462097,-6.778015],[-39.459229,-6.7771],[-39.450806,-6.779114],[-39.448425,-6.786682],[-39.445679,-6.788879],[-39.440979,-6.789978],[-39.435181,-6.788696],[-39.431396,-6.786621],[-39.425415,-6.785278],[-39.4198,-6.782898],[-39.417908,-6.779419],[-39.417603,-6.776428],[-39.416382,-6.77301],[-39.410828,-6.768921],[-39.405396,-6.766113],[-39.401917,-6.758911],[-39.398315,-6.75531],[-39.393005,-6.760925],[-39.386108,-6.765808],[-39.383118,-6.768982],[-39.367126,-6.762878],[-39.364197,-6.764099],[-39.361389,-6.76709],[-39.360291,-6.770325],[-39.35199,-6.770081],[-39.347412,-6.768982],[-39.340088,-6.765808],[-39.334595,-6.767578],[-39.331909,-6.770081],[-39.328796,-6.770508],[-39.320984,-6.765076],[-39.31311,-6.757996],[-39.301086,-6.754028],[-39.298828,-6.747192],[-39.297485,-6.744324],[-39.298828,-6.741211],[-39.302185,-6.739807],[-39.305908,-6.739807],[-39.31189,-6.739197],[-39.318787,-6.737],[-39.32489,-6.736694],[-39.328308,-6.734497],[-39.329529,-6.731201],[-39.3349,-6.727905],[-39.336304,-6.724792],[-39.331604,-6.71991],[-39.322021,-6.705994],[-39.318726,-6.702698],[-39.31842,-6.696777],[-39.318909,-6.692688],[-39.316528,-6.691101],[-39.315613,-6.684509],[-39.311829,-6.686279],[-39.307983,-6.685425],[-39.30542,-6.683411],[-39.297302,-6.679382],[-39.292297,-6.675903],[-39.290405,-6.673584],[-39.291077,-6.669495],[-39.290894,-6.665588],[-39.289429,-6.661011],[-39.289612,-6.65741],[-39.288391,-6.65448],[-39.284485,-6.650513],[-39.281799,-6.648682],[-39.280884,-6.644775],[-39.281006,-6.641113],[-39.28302,-6.633118],[-39.280212,-6.629517],[-39.282593,-6.62561],[-39.285583,-6.623413],[-39.290894,-6.61792],[-39.293518,-6.61322],[-39.295776,-6.60791],[-39.299316,-6.607483],[-39.30481,-6.609985],[-39.308228,-6.609497],[-39.310608,-6.605713],[-39.311829,-6.598389],[-39.3125,-6.587402],[-39.31189,-6.583923],[-39.308716,-6.583923],[-39.307129,-6.579407],[-39.304504,-6.577209],[-39.30011,-6.575012],[-39.294922,-6.566528],[-39.297607,-6.561218],[-39.295715,-6.557678],[-39.294006,-6.55011],[-39.290527,-6.546875],[-39.287598,-6.537109],[-39.288086,-6.533997],[-39.286682,-6.531494],[-39.281982,-6.525391]]]},"properties":{"shapeName":"Cariús","shapeISO":"56859067B65825011266304","shapeGroup":"BRA","shapeType":"ADM2","src_shape_id":"56859067B65825011266304","adm1ISO":"BR-CE"}},
{"type":"Feature","geometry":{"type":"Polygon","coordinates":[[[-41.098877,-4.180908],[-41.091492,-4.186707],[-41.087585,-4.188782],[-41.083496,-4.189209],[-41.080383,-4.190979],[-41.078186,-4.193115],[-41.073975,-4.200378],[-41.070618,-4.200806],[-41.067505,-4.200195],[-41.016907,-4.19989],[-41.013916,-4.198425],[-41.007019,-4.191284],[-41.003906,-4.19281],[-41.001404,-4.194824],[-40.997681,-4.199585],[-40.996094,-4.203613],[-40.99231,-4.208313],[-40.985291,-4.210815],[-40.983276,-4.213806],[-40.983887,-4.216797],[-40.976624,-4.226501],[-40.975403,-4.230225],[-40.939819,-4.196228],[-40.909912,-4.16748],[-40.899109,-4.157776],[-40.896729,-4.15033],[-40.892212,-4.145691],[-40.888489,-4.143677],[-40.886902,-4.14032],[-40.886719,-4.137024],[-40.88739,-4.134216],[-40.889526,-4.132019],[-40.889893,-4.121399],[-40.889587,-4.117126],[-40.890808,-4.111328],[-40.908386,-4.091614],[-40.936829,-4.061707],[-40.942078,-4.057495],[-40.949829,-4.057312],[-40.953613,-4.056824],[-40.965393,-4.057312],[-40.968811,-4.056519],[-40.971985,-4.05719],[-40.975586,-4.055176],[-40.979187,-4.054687],[-40.982422,-4.056702],[-40.985596,-4.05658],[-40.997986,-4.059204],[-41.00061,-4.060608],[-41.015808,-4.061829],[-41.022827,-4.062988],[-41.031128,-4.065308],[-41.035522,-4.065796],[-41.039917,-4.065125],[-41.042786,-4.0625],[-41.049316,-4.057983],[-41.053101,-4.057007],[-41.056396,-4.055481],[-41.058899,-4.052429],[-41.062927,-4.050293],[-41.069092,-4.050598],[-41.073975,-4.053101],[-41.080322,-4.057983],[-41.084412,-4.060425],[-41.093689,-4.06189],[-41.09668,-4.064819],[-41.099182,-4.068909],[-41.102478,-4.071777],[-41.106201,-4.078613],[-41.106689,-4.082214],[-41.110413,-4.08551],[-41.113892,-4.087708],[-41.119507,-4.09491],[-41.121521,-4.099915],[-41.123779,-4.103516],[-41.125427,-4.1073],[-41.130493,-4.114014],[-41.131714,-4.117187],[-41.134216,-4.118896],[-41.137695,-4.120117],[-41.141785,-4.124084],[-41.134277,-4.131592],[-41.128113,-4.139282],[-41.125305,-4.144897],[-41.126221,-4.149597],[-41.12561,-4.153625],[-41.120911,-4.160522],[-41.11792,-4.165405],[-41.111206,-4.166809],[-41.105713,-4.169617],[-41.096985,-4.170715],[-41.093811,-4.169922],[-41.090881,-4.170288],[-41.098877,-4.180908]]]},"properties":{"shapeName":"Carnaubal","shapeISO":"56859067B53334562324316","shapeGroup":"BRA","shapeType":"ADM2","src_shape_id":"56859067B53334562324316","adm1ISO":"BR-CE"}},
{"type":"Feature","geometry":{"type":"Polygon","coordinates":[[[-38.23761,-4.023499],[-38.235779,-4.033875],[-38.235901,-4.039124],[-38.240295,-4.042297],[-38.243896,-4.041687],[-38.253296,-4.044006],[-38.256226,-4.044312],[-38.256592,-4.047607],[-38.258301,-4.054199],[-38.259888,-4.0578],[-38.260315,-4.06189],[-38.262085,-4.070007],[-38.263916,-4.07312],[-38.267578,-4.071777],[-38.276611,-4.067078],[-38.279297,-4.065186],[-38.286987,-4.064819],[-38.291077,-4.0625],[-38.294006,-4.06311],[-38.287598,-4.088989],[-38.285278,-4.097595],[-38.284424,-4.102722],[-38.291382,-4.096497],[-38.294922,-4.095398],[-38.299622,-4.095215],[-38.303894,-4.094116],[-38.311829,-4.093201],[-38.318298,-4.092102],[-38.327393,-4.091003],[-38.336609,-4.089478],[-38.345886,-4.088379],[-38.349426,-4.087097],[-38.35321,-4.080811],[-38.353516,-4.077515],[-38.356079,-4.073914],[-38.359009,-4.071228],[-38.3703,-4.065613],[-38.373779,-4.077698],[-38.376404,-4.106812],[-38.377075,-4.110901],[-38.381897,-4.145081],[-38.392822,-4.223083],[-38.383911,-4.219299],[-38.380005,-4.219177],[-38.384277,-4.233826],[-38.360901,-4.267517],[-38.364624,-4.266785],[-38.36792,-4.267029],[-38.389709,-4.263489],[-38.385681,-4.333679],[-38.383728,-4.338318],[-38.380127,-4.34552],[-38.38031,-4.349609],[-38.383301,-4.349792],[-38.387085,-4.351196],[-38.393799,-4.352112],[-38.397827,-4.351685],[-38.400818,-4.357178],[-38.404907,-4.358887],[-38.411011,-4.359924],[-38.416077,-4.359314],[-38.420227,-4.357117],[-38.423889,-4.356323],[-38.428223,-4.356628],[-38.43219,-4.359314],[-38.441589,-4.36731],[-38.446716,-4.371399],[-38.436829,-4.383911],[-38.430481,-4.391113],[-38.424988,-4.397705],[-38.40741,-4.417908],[-38.399902,-4.426819],[-38.370422,-4.460999],[-38.366577,-4.46521],[-38.362305,-4.469299],[-38.359009,-4.478516],[-38.361389,-4.49231],[-38.360779,-4.497803],[-38.361084,-4.501404],[-38.357117,-4.500427],[-38.353882,-4.492676],[-38.349976,-4.490479],[-38.345276,-4.491211],[-38.340027,-4.491516],[-38.337402,-4.488708],[-38.33783,-4.484619],[-38.341187,-4.481018],[-38.342224,-4.477417],[-38.339905,-4.470093],[-38.337097,-4.468506],[-38.334412,-4.466003],[-38.337097,-4.462708],[-38.338501,-4.459778],[-38.338318,-4.456787],[-38.336426,-4.453979],[-38.33429,-4.452087],[-38.331116,-4.452209],[-38.327881,-4.450989],[-38.330322,-4.446777],[-38.327393,-4.442627],[-38.328186,-4.43573],[-38.322815,-4.433777],[-38.319702,-4.433594],[-38.31842,-4.437012],[-38.316223,-4.439209],[-38.310486,-4.441711],[-38.306702,-4.444519],[-38.303894,-4.441589],[-38.297607,-4.439697],[-38.29303,-4.437378],[-38.293091,-4.433289],[-38.290222,-4.429321],[-38.294312,-4.421692],[-38.293213,-4.418213],[-38.290894,-4.416382],[-38.281616,-4.416016],[-38.278992,-4.407104],[-38.269897,-4.405701],[-38.269897,-4.396179],[-38.263916,-4.395081],[-38.261719,-4.390381],[-38.262329,-4.385925],[-38.26178,-4.380981],[-38.255615,-4.374878],[-38.25592,-4.36969],[-38.250305,-4.365601],[-38.250916,-4.362],[-38.250427,-4.358582],[-38.248413,-4.356201],[-38.244629,-4.354004],[-38.237305,-4.350708],[-38.233093,-4.352112],[-38.228516,-4.357605],[-38.221008,-4.359802],[-38.221313,-4.354126],[-38.222595,-4.35022],[-38.227295,-4.350281],[-38.229126,-4.344177],[-38.228394,-4.34021],[-38.228882,-4.334595],[-38.22998,-4.327026],[-38.229919,-4.321228],[-38.227112,-4.317078],[-38.226196,-4.314026],[-38.226624,-4.293213],[-38.226807,-4.259216],[-38.227112,-4.23822],[-38.227112,-4.223389],[-38.227295,-4.218201],[-38.227112,-4.206909],[-38.222595,-4.202515],[-38.218323,-4.201111],[-38.213196,-4.200317],[-38.211304,-4.197021],[-38.204224,-4.19519],[-38.201477,-4.196228],[-38.198425,-4.194885],[-38.194519,-4.196411],[-38.191711,-4.195312],[-38.188477,-4.19751],[-38.18512,-4.195679],[-38.181885,-4.194824],[-38.180908,-4.19043],[-38.178528,-4.186584],[-38.177002,-4.182495],[-38.174683,-4.178894],[-38.172913,-4.174377],[-38.1698,-4.173523],[-38.171814,-4.162476],[-38.169617,-4.158691],[-38.1651,-4.152405],[-38.161804,-4.148926],[-38.162903,-4.144409],[-38.161682,-4.140808],[-38.161377,-4.136597],[-38.161987,-4.133118],[-38.161987,-4.126282],[-38.160828,-4.116211],[-38.156982,-4.110779],[-38.151611,-4.105591],[-38.148682,-4.101807],[-38.148926,-4.098206],[-38.151306,-4.09491],[-38.158691,-4.087708],[-38.167603,-4.075195],[-38.171875,-4.068481],[-38.175293,-4.063782],[-38.180603,-4.057678],[-38.182617,-4.053101],[-38.184814,-4.050415],[-38.190613,-4.042297],[-38.194275,-4.039612],[-38.198425,-4.037781],[-38.203918,-4.03302],[-38.207825,-4.028625],[-38.210876,-4.023804],[-38.216797,-4.016113],[-38.219116,-4.012695],[-38.224609,-4.006409],[-38.227417,-4.009216],[-38.227112,-4.013123],[-38.22998,-4.015808],[-38.231323,-4.019897],[-38.233215,-4.02301],[-38.23761,-4.023499]]]},"properties":{"shapeName":"Cascavel","shapeISO":"56859067B6895009837112","shapeGroup":"BRA","shapeType":"ADM2","src_shape_id":"56859067B6895009837112","adm1ISO":"BR-CE"}},
{"type":"Feature","geometry":{"type":"Polygon","coordinates":[[[-39.892395,-6.113708],[-39.89679,-6.120178],[-39.896912,-6.12323],[-39.892822,-6.130798],[-39.895508,-6.135986],[-39.899414,-6.139709],[-39.901123,-6.143799],[-39.899597,-6.148376],[-39.894287,-6.154907],[-39.89563,-6.159912],[-39.89801,-6.162109],[-39.903809,-6.165405],[-39.906677,-6.167725],[-39.916504,-6.179199],[-39.918701,-6.18219],[-39.918701,-6.185425],[-39.916626,-6.189514],[-39.927429,-6.195984],[-39.934387,-6.195679],[-39.941223,-6.194397],[-39.944519,-6.19751],[-39.94751,-6.196411],[-39.966003,-6.205505],[-39.969299,-6.208313],[-39.973083,-6.213501],[-39.97821,-6.21582],[-39.984009,-6.219604],[-39.988098,-6.220703],[-39.993286,-6.218994],[-39.99939,-6.216125],[-40.015198,-6.2229],[-40.019104,-6.227783],[-40.021423,-6.232605],[-40.019226,-6.23938],[-40.024719,-6.250977],[-40.025208,-6.254517],[-40.023987,-6.259094],[-40.021423,-6.264526],[-40.021729,-6.267517],[-40.024902,-6.272095],[-40.025696,-6.277222],[-40.030518,-6.279785],[-40.035095,-6.28009],[-40.038818,-6.279602],[-40.041626,-6.281616],[-40.047913,-6.27948],[-40.050476,-6.28241],[-40.048218,-6.286804],[-40.05011,-6.29071],[-40.050476,-6.294983],[-40.048401,-6.297913],[-40.045898,-6.299377],[-40.048279,-6.30188],[-40.051392,-6.301514],[-40.053528,-6.299377],[-40.056213,-6.298523],[-40.05719,-6.301392],[-40.060181,-6.304626],[-40.059998,-6.308899],[-40.062012,-6.31311],[-40.063416,-6.320923],[-40.062012,-6.323792],[-40.06311,-6.329529],[-40.065186,-6.331604],[-40.066528,-6.335327],[-40.071777,-6.342712],[-40.07428,-6.344604],[-40.077393,-6.344177],[-40.079285,-6.347717],[-40.076111,-6.349609],[-40.072327,-6.349182],[-40.070679,-6.353821],[-40.076904,-6.355713],[-40.079407,-6.358276],[-40.08252,-6.360291],[-40.082825,-6.364075],[-40.084229,-6.36731],[-40.076721,-6.368408],[-40.073303,-6.367798],[-40.070679,-6.364624],[-40.066711,-6.362183],[-40.063293,-6.362976],[-40.061829,-6.366516],[-40.057312,-6.364075],[-40.051575,-6.359314],[-40.048584,-6.356323],[-40.047607,-6.349915],[-40.039612,-6.344482],[-40.041077,-6.34021],[-40.039124,-6.337219],[-40.030212,-6.331482],[-40.025208,-6.329224],[-40.021912,-6.331604],[-40.018616,-6.332275],[-40.015808,-6.333618],[-40.014099,-6.330811],[-40.010803,-6.332825],[-40.002014,-6.333679],[-39.999329,-6.331482],[-39.992676,-6.327209],[-39.98938,-6.327393],[-39.982727,-6.331421],[-39.979492,-6.331909],[-39.974426,-6.338501],[-39.97168,-6.336792],[-39.967224,-6.336304],[-39.963013,-6.33429],[-39.956726,-6.331909],[-39.950623,-6.332275],[-39.94751,-6.330994],[-39.939697,-6.335999],[-39.935486,-6.33783],[-39.932495,-6.338501],[-39.930176,-6.341125],[-39.925293,-6.340698],[-39.922119,-6.348877],[-39.924011,-6.351807],[-39.92041,-6.353027],[-39.919128,-6.356201],[-39.9151,-6.356323],[-39.908508,-6.360291],[-39.901184,-6.362488],[-39.896179,-6.362488],[-39.893921,-6.366882],[-39.890686,-6.365112],[-39.887695,-6.36261],[-39.878113,-6.36261],[-39.873291,-6.359497],[-39.86438,-6.356506],[-39.859009,-6.357422],[-39.85321,-6.3573],[-39.849609,-6.354492],[-39.847595,-6.35199],[-39.845215,-6.347412],[-39.84491,-6.343079],[-39.847412,-6.34021],[-39.842712,-6.331482],[-39.84021,-6.328308],[-39.838684,-6.324402],[-39.835022,-6.321289],[-39.83429,-6.317627],[-39.832581,-6.315186],[-39.830811,-6.308289],[-39.832214,-6.300415],[-39.836609,-6.297485],[-39.83551,-6.29303],[-39.831482,-6.291321],[-39.828613,-6.288513],[-39.824524,-6.289185],[-39.820984,-6.286804],[-39.822021,-6.281494],[-39.819397,-6.276489],[-39.819519,-6.272827],[-39.817383,-6.268188],[-39.816406,-6.263611],[-39.808899,-6.264587],[-39.806213,-6.260376],[-39.808594,-6.256409],[-39.807617,-6.251404],[-39.806519,-6.248718],[-39.806213,-6.245483],[-39.801208,-6.244507],[-39.796021,-6.240784],[-39.795227,-6.236206],[-39.792297,-6.229797],[-39.790405,-6.227478],[-39.786499,-6.220581],[-39.786499,-6.21698],[-39.7854,-6.213623],[-39.787903,-6.210693],[-39.788208,-6.206604],[-39.796021,-6.20752],[-39.796021,-6.203613],[-39.794312,-6.195923],[-39.799011,-6.195312],[-39.799316,-6.189819],[-39.795715,-6.182678],[-39.793701,-6.179382],[-39.793091,-6.176086],[-39.796021,-6.173706],[-39.797424,-6.17041],[-39.795105,-6.166504],[-39.794006,-6.156982],[-39.796082,-6.154419],[-39.796692,-6.147705],[-39.801025,-6.146729],[-39.804993,-6.142883],[-39.802917,-6.138489],[-39.81012,-6.135681],[-39.814209,-6.133728],[-39.816223,-6.131104],[-39.81842,-6.124512],[-39.82251,-6.125],[-39.825928,-6.127686],[-39.826721,-6.130676],[-39.828308,-6.133484],[-39.832886,-6.133301],[-39.836609,-6.131287],[-39.839722,-6.131104],[-39.846985,-6.119202],[-39.852295,-6.114624],[-39.856506,-6.117493],[-39.860596,-6.122498],[-39.864807,-6.123779],[-39.867126,-6.11969],[-39.874512,-6.1203],[-39.877808,-6.119324],[-39.88739,-6.114624],[-39.892395,-6.113708]]]},"properties":{"shapeName":"Catarina","shapeISO":"56859067B12131034549764","shapeGroup":"BRA","shapeType":"ADM2","src_shape_id":"56859067B12131034549764","adm1ISO":"BR-CE"}},
{"type":"Feature","geometry":{"type":"Polygon","coordinates":[[[-40.06012,-4.716309],[-40.067627,-4.706482],[-40.065918,-4.702209],[-40.061584,-4.700317],[-40.068298,-4.700012],[-40.077209,-4.698303],[-40.081726,-4.695923],[-40.080811,-4.690613],[-40.083618,-4.684875],[-40.079895,-4.682617],[-40.080627,-4.677612],[-40.083923,-4.675598],[-40.089111,-4.668701],[-40.09082,-4.66571],[-40.095215,-4.663391],[-40.099182,-4.663513],[-40.102112,-4.661987],[-40.102417,-4.65741],[-40.104309,-4.653687],[-40.103394,-4.650818],[-40.102478,-4.643311],[-40.105103,-4.640198],[-40.10498,-4.63678],[-40.106384,-4.633423],[-40.106506,-4.626282],[-40.111511,-4.620911],[-40.113708,-4.614197],[-40.113892,-4.611328],[-40.119995,-4.609924],[-40.119507,-4.606812],[-40.117798,-4.603882],[-40.117004,-4.600708],[-40.114197,-4.596802],[-40.111023,-4.593811],[-40.107422,-4.591797],[-40.103882,-4.590576],[-40.099792,-4.590027],[-40.092224,-4.587891],[-40.08783,-4.587219],[-40.083313,-4.588623],[-40.079712,-4.588684],[-40.075684,-4.587585],[-40.072876,-4.584412],[-40.070984,-4.581116],[-40.064819,-4.575012],[-40.061523,-4.572693],[-40.059387,-4.568909],[-40.056213,-4.568481],[-40.053223,-4.57019],[-40.048889,-4.571594],[-40.040222,-4.577087],[-40.037109,-4.577209],[-40.038696,-4.57251],[-40.037781,-4.568787],[-40.031677,-4.565918],[-40.026001,-4.554016],[-40.024597,-4.545288],[-40.022827,-4.541382],[-40.020691,-4.538696],[-40.018799,-4.534912],[-40.016602,-4.53241],[-40.014709,-4.529114],[-40.009216,-4.523621],[-40.007019,-4.519287],[-40.005676,-4.512512],[-40.004089,-4.507629],[-40.001892,-4.504211],[-40.003601,-4.496216],[-40.002075,-4.48822],[-40.009216,-4.480896],[-40.016907,-4.469604],[-40.022888,-4.461914],[-40.033325,-4.458679],[-40.036926,-4.456421],[-40.042114,-4.452209],[-40.05011,-4.457275],[-40.052917,-4.454895],[-40.05658,-4.4552],[-40.059204,-4.457825],[-40.060486,-4.460999],[-40.062622,-4.463013],[-40.063782,-4.46698],[-40.066711,-4.470093],[-40.07428,-4.475281],[-40.078613,-4.476318],[-40.084412,-4.481079],[-40.090515,-4.484497],[-40.097412,-4.485596],[-40.100891,-4.492187],[-40.101013,-4.497009],[-40.098511,-4.506592],[-40.103882,-4.508606],[-40.111694,-4.510681],[-40.117004,-4.5047],[-40.121094,-4.503479],[-40.123596,-4.505188],[-40.126404,-4.505981],[-40.133118,-4.508911],[-40.137085,-4.509094],[-40.145813,-4.505676],[-40.150513,-4.50531],[-40.153809,-4.504089],[-40.157715,-4.503906],[-40.164612,-4.505676],[-40.168091,-4.507996],[-40.171509,-4.506287],[-40.180298,-4.507324],[-40.183289,-4.506897],[-40.184387,-4.503113],[-40.189209,-4.496582],[-40.193481,-4.494324],[-40.194275,-4.491211],[-40.195007,-4.481506],[-40.197815,-4.477905],[-40.201477,-4.47052],[-40.205688,-4.467529],[-40.253601,-4.473816],[-40.250183,-4.476501],[-40.247009,-4.477478],[-40.244812,-4.484924],[-40.24823,-4.488525],[-40.25238,-4.490112],[-40.255188,-4.48761],[-40.257507,-4.49469],[-40.259827,-4.497925],[-40.265015,-4.503113],[-40.267029,-4.505798],[-40.267212,-4.509583],[-40.264587,-4.513306],[-40.261108,-4.516296],[-40.25769,-4.518311],[-40.253906,-4.521912],[-40.247314,-4.519714],[-40.2453,-4.52179],[-40.241028,-4.529297],[-40.242493,-4.53241],[-40.241882,-4.536011],[-40.241821,-4.540405],[-40.240417,-4.545898],[-40.240479,-4.549377],[-40.243408,-4.551025],[-40.241028,-4.552612],[-40.241211,-4.556702],[-40.238708,-4.558777],[-40.233521,-4.559021],[-40.23291,-4.562927],[-40.23468,-4.565918],[-40.239624,-4.570618],[-40.242126,-4.57428],[-40.24231,-4.577698],[-40.239075,-4.579895],[-40.239624,-4.585022],[-40.240784,-4.588013],[-40.239929,-4.591125],[-40.236511,-4.592407],[-40.239075,-4.59552],[-40.24231,-4.598511],[-40.247375,-4.604492],[-40.250305,-4.603516],[-40.252808,-4.605713],[-40.257019,-4.606323],[-40.261108,-4.607605],[-40.264893,-4.60791],[-40.268005,-4.609985],[-40.272827,-4.609192],[-40.276917,-4.6073],[-40.281128,-4.608276],[-40.283508,-4.606201],[-40.287598,-4.604797],[-40.294312,-4.600525],[-40.297424,-4.605896],[-40.302002,-4.606079],[-40.303528,-4.609924],[-40.309326,-4.612915],[-40.310791,-4.616699],[-40.315613,-4.618713],[-40.31842,-4.62323],[-40.31781,-4.625977],[-40.31781,-4.629883],[-40.316711,-4.635681],[-40.320312,-4.637512],[-40.32782,-4.638123],[-40.331299,-4.640991],[-40.331299,-4.645813],[-40.333191,-4.651123],[-40.336121,-4.653992],[-40.341309,-4.655579],[-40.338013,-4.661804],[-40.336914,-4.66571],[-40.331726,-4.666199],[-40.326782,-4.671997],[-40.324829,-4.67511],[-40.321411,-4.679077],[-40.321716,-4.683289],[-40.320679,-4.688477],[-40.313599,-4.690491],[-40.308716,-4.692322],[-40.31488,-4.704712],[-40.314514,-4.708496],[-40.310791,-4.710693],[-40.306702,-4.715515],[-40.304321,-4.71698],[-40.303711,-4.721008],[-40.306396,-4.724426],[-40.309387,-4.724426],[-40.312683,-4.727112],[-40.310425,-4.73053],[-40.306213,-4.7323],[-40.299805,-4.737793],[-40.296875,-4.738403],[-40.294495,-4.740295],[-40.291809,-4.743408],[-40.289917,-4.746826],[-40.285095,-4.748901],[-40.280029,-4.752197],[-40.281677,-4.755127],[-40.279602,-4.759094],[-40.275818,-4.761414],[-40.273193,-4.764893],[-40.273376,-4.768921],[-40.267517,-4.774109],[-40.260498,-4.776428],[-40.255188,-4.776001],[-40.247375,-4.776611],[-40.243591,-4.777527],[-40.239685,-4.779175],[-40.231628,-4.780579],[-40.228394,-4.783508],[-40.227417,-4.786316],[-40.21759,-4.790283],[-40.20929,-4.792114],[-40.203186,-4.789612],[-40.198608,-4.789978],[-40.196411,-4.787415],[-40.192017,-4.78949],[-40.184082,-4.7854],[-40.180176,-4.787109],[-40.173889,-4.79071],[-40.168518,-4.796875],[-40.165283,-4.795715],[-40.162598,-4.797302],[-40.159424,-4.800903],[-40.157898,-4.805481],[-40.156189,-4.808105],[-40.153381,-4.809998],[-40.150085,-4.807983],[-40.146118,-4.807129],[-40.141296,-4.808716],[-40.138123,-4.81073],[-40.134277,-4.805908],[-40.119812,-4.747986],[-40.06012,-4.716309]]]},"properties":{"shapeName":"Catunda","shapeISO":"56859067B3960254179000","shapeGroup":"BRA","shapeType":"ADM2","src_shape_id":"56859067B3960254179000","adm1ISO":"BR-CE"}},
{"type":"Feature","geometry":{"type":"Polygon","coordinates":[[[-38.588013,-3.696411],[-38.591125,-3.69519],[-38.603882,-3.691711],[-38.60791,-3.690979],[-38.612183,-3.688904],[-38.617798,-3.689697],[-38.627075,-3.68811],[-38.633728,-3.686096],[-38.640991,-3.686829],[-38.648987,-3.683899],[-38.656311,-3.679626],[-38.665894,-3.673218],[-38.676697,-3.66449],[-38.680908,-3.659912],[-38.689575,-3.651184],[-38.691528,-3.648193],[-38.696106,-3.643188],[-38.701599,-3.638428],[-38.708923,-3.633911],[-38.715698,-3.631409],[-38.719482,-3.629211],[-38.724609,-3.62561],[-38.735229,-3.622375],[-38.747009,-3.617493],[-38.752319,-3.613892],[-38.762512,-3.605713],[-38.770691,-3.596802],[-38.773193,-3.593506],[-38.777893,-3.586304],[-38.78009,-3.583496],[-38.786987,-3.576294],[-38.798279,-3.56189],[-38.803284,-3.554199],[-38.805786,-3.549683],[-38.816711,-3.557312],[-38.831909,-3.570679],[-38.841187,-3.592407],[-38.854797,-3.623779],[-38.860596,-3.636902],[-38.881592,-3.685425],[-38.908875,-3.671387],[-38.917908,-3.668579],[-38.920105,-3.676025],[-38.920898,-3.682617],[-38.926025,-3.682617],[-38.932495,-3.680725],[-38.938904,-3.683289],[-38.960205,-3.713501],[-38.960693,-3.718079],[-38.958679,-3.721008],[-38.955994,-3.71991],[-38.953491,-3.721375],[-38.952026,-3.725708],[-38.954712,-3.730225],[-38.956726,-3.739014],[-38.955811,-3.741821],[-38.956482,-3.744629],[-38.955627,-3.747498],[-38.955811,-3.750427],[-38.956909,-3.753601],[-38.957581,-3.758301],[-38.955994,-3.760803],[-38.956421,-3.764709],[-38.957581,-3.768311],[-38.964722,-3.772888],[-38.973206,-3.775513],[-38.976318,-3.776917],[-38.978821,-3.779419],[-38.981018,-3.783813],[-38.982483,-3.789185],[-38.98291,-3.795715],[-38.982788,-3.807007],[-38.983215,-3.814697],[-38.984924,-3.819885],[-38.988098,-3.824707],[-38.991882,-3.827515],[-38.995422,-3.830811],[-38.998291,-3.83429],[-38.998413,-3.8396],[-38.999023,-3.842712],[-38.997803,-3.848877],[-38.9953,-3.85199],[-38.985413,-3.860779],[-38.985596,-3.864014],[-38.987122,-3.867187],[-38.987427,-3.8703],[-38.984192,-3.876587],[-38.981628,-3.879089],[-38.98053,-3.88269],[-38.978699,-3.88562],[-38.97821,-3.889709],[-38.979675,-3.893188],[-38.978088,-3.895813],[-38.973511,-3.897217],[-38.968506,-3.897827],[-38.961426,-3.907288],[-38.958923,-3.914612],[-38.961487,-3.918884],[-38.96228,-3.922424],[-38.9599,-3.924316],[-38.957703,-3.927185],[-38.954529,-3.930298],[-38.954529,-3.933289],[-38.947693,-3.93689],[-38.946777,-3.941589],[-38.944397,-3.944519],[-38.941223,-3.945312],[-38.917786,-3.953308],[-38.871582,-3.968689],[-38.848328,-3.994812],[-38.811584,-3.961914],[-38.792297,-3.96698],[-38.78772,-3.966614],[-38.785095,-3.964294],[-38.779419,-3.953613],[-38.776123,-3.951294],[-38.770081,-3.944397],[-38.765015,-3.941406],[-38.761292,-3.936584],[-38.755188,-3.927612],[-38.751587,-3.928406],[-38.743896,-3.934387],[-38.736816,-3.92981],[-38.735413,-3.92572],[-38.735291,-3.91803],[-38.732483,-3.912598],[-38.732117,-3.909119],[-38.729614,-3.905884],[-38.72522,-3.901978],[-38.719299,-3.888184],[-38.715698,-3.881287],[-38.712402,-3.878418],[-38.705688,-3.874695],[-38.702209,-3.874695],[-38.695496,-3.866577],[-38.691223,-3.860413],[-38.687012,-3.856995],[-38.680725,-3.843994],[-38.675415,-3.834778],[-38.668091,-3.82782],[-38.6604,-3.827026],[-38.656921,-3.828003],[-38.65033,-3.827393],[-38.645325,-3.825684],[-38.641602,-3.822815],[-38.642212,-3.817322],[-38.643921,-3.812622],[-38.645996,-3.809387],[-38.640015,-3.804687],[-38.638123,-3.802002],[-38.635315,-3.798889],[-38.635376,-3.794922],[-38.634277,-3.791504],[-38.630798,-3.783813],[-38.626709,-3.782776],[-38.622375,-3.780396],[-38.620789,-3.776306],[-38.616821,-3.768494],[-38.611511,-3.756775],[-38.609009,-3.753784],[-38.601013,-3.747986],[-38.599609,-3.744385],[-38.601807,-3.737488],[-38.602295,-3.733582],[-38.606689,-3.726807],[-38.609192,-3.724609],[-38.61731,-3.720398],[-38.620117,-3.716187],[-38.61908,-3.711182],[-38.621704,-3.707275],[-38.621216,-3.703125],[-38.610413,-3.703125],[-38.606689,-3.702393],[-38.599976,-3.703491],[-38.596497,-3.703186],[-38.593384,-3.701904],[-38.589905,-3.699524],[-38.588013,-3.696411]]]},"properties":{"shapeName":"Caucaia","shapeISO":"56859067B320436842071","shapeGroup":"BRA","shapeType":"ADM2","src_shape_id":"56859067B320436842071","adm1ISO":"BR-CE"}},
{"type":"Feature","geometry":{"type":"Polygon","coordinates":[[[-39.297607,-6.561218],[-39.241516,-6.582703],[-39.23761,-6.584412],[-39.236511,-6.588501],[-39.2323,-6.586609],[-39.22821,-6.586609],[-39.224426,-6.589417],[-39.220703,-6.589783],[-39.222107,-6.593201],[-39.220398,-6.595581],[-39.216309,-6.595886],[-39.212891,-6.601501],[-39.210327,-6.606995],[-39.203003,-6.609192],[-39.195129,-6.609802],[-39.191895,-6.612488],[-39.179321,-6.613586],[-39.180908,-6.617798],[-39.17511,-6.620422],[-39.173523,-6.623901],[-39.178101,-6.633118],[-39.182983,-6.641113],[-39.176697,-6.642517],[-39.174316,-6.64563],[-39.17511,-6.649475],[-39.174927,-6.653381],[-39.175476,-6.656189],[-39.173096,-6.659607],[-39.171692,-6.664185],[-39.174011,-6.670105],[-39.172729,-6.672791],[-39.168091,-6.673401],[-39.161011,-6.673828],[-39.148926,-6.672485],[-39.143677,-6.672485],[-39.142578,-6.676208],[-39.139221,-6.678528],[-39.133911,-6.684509],[-39.134277,-6.687622],[-39.131409,-6.689209],[-39.129822,-6.69281],[-39.13092,-6.697327],[-39.128906,-6.707092],[-39.129211,-6.71051],[-39.1203,-6.712708],[-39.116577,-6.710693],[-39.113708,-6.7099],[-39.110413,-6.712097],[-39.108276,-6.715088],[-39.103821,-6.713928],[-39.088013,-6.710876],[-39.084412,-6.708313],[-39.082275,-6.705627],[-39.072998,-6.706116],[-39.069519,-6.705383],[-39.066223,-6.703308],[-39.063782,-6.700378],[-39.052429,-6.696289],[-39.048706,-6.696106],[-39.046509,-6.693481],[-39.048523,-6.689819],[-39.049683,-6.686279],[-39.052002,-6.682983],[-39.057007,-6.681213],[-39.059082,-6.676208],[-39.061707,-6.671509],[-39.062378,-6.667297],[-39.061096,-6.663513],[-39.052124,-6.6604],[-39.049927,-6.669006],[-39.046204,-6.674622],[-39.042175,-6.672913],[-39.039185,-6.672607],[-39.036011,-6.671509],[-39.033386,-6.669312],[-39.024597,-6.666687],[-39.020386,-6.664124],[-39.016907,-6.661194],[-39.01178,-6.660889],[-39.008911,-6.659302],[-39.005188,-6.658386],[-39.001099,-6.658081],[-38.99762,-6.658997],[-38.987793,-6.660889],[-38.984375,-6.662598],[-38.979309,-6.662781],[-38.968323,-6.658691],[-38.962402,-6.652893],[-38.961914,-6.648926],[-38.96051,-6.645691],[-38.957214,-6.644409],[-38.953613,-6.644897],[-38.950317,-6.6427],[-38.948914,-6.638489],[-38.947998,-6.631226],[-38.943909,-6.629578],[-38.940186,-6.629578],[-38.937622,-6.625305],[-38.936523,-6.622192],[-38.932678,-6.616577],[-38.92981,-6.615417],[-38.926208,-6.612976],[-38.924316,-6.610229],[-38.923584,-6.607178],[-38.922302,-6.596802],[-38.920898,-6.591125],[-38.921387,-6.58551],[-38.9198,-6.578613],[-38.921509,-6.568176],[-38.92218,-6.56488],[-38.924316,-6.560791],[-38.924377,-6.556091],[-38.922424,-6.553284],[-38.918884,-6.55072],[-38.958008,-6.526978],[-38.987122,-6.503906],[-39.043518,-6.459106],[-39.060791,-6.445496],[-39.063416,-6.446899],[-39.076416,-6.450012],[-39.081116,-6.451904],[-39.090698,-6.452026],[-39.093323,-6.453796],[-39.09259,-6.457886],[-39.095398,-6.4599],[-39.099304,-6.461182],[-39.102478,-6.458191],[-39.106628,-6.464478],[-39.10968,-6.465088],[-39.11438,-6.463928],[-39.117798,-6.464417],[-39.121521,-6.466125],[-39.124695,-6.465515],[-39.127197,-6.463989],[-39.130615,-6.463318],[-39.134094,-6.461487],[-39.139893,-6.455627],[-39.144104,-6.453003],[-39.143127,-6.450195],[-39.143188,-6.446411],[-39.144897,-6.441589],[-39.156006,-6.445923],[-39.16571,-6.44751],[-39.170105,-6.44928],[-39.174622,-6.449097],[-39.184021,-6.45282],[-39.185913,-6.455627],[-39.188416,-6.457886],[-39.191711,-6.459778],[-39.196594,-6.461121],[-39.205505,-6.464111],[-39.205505,-6.469604],[-39.206177,-6.475891],[-39.20813,-6.481812],[-39.209717,-6.485229],[-39.213013,-6.488281],[-39.217102,-6.48999],[-39.221008,-6.490601],[-39.225708,-6.490723],[-39.230713,-6.492798],[-39.226929,-6.503723],[-39.227295,-6.507019],[-39.225708,-6.513794],[-39.225708,-6.51709],[-39.228821,-6.519409],[-39.232178,-6.519897],[-39.237122,-6.523682],[-39.24292,-6.522888],[-39.247192,-6.52301],[-39.251282,-6.525818],[-39.255676,-6.522827],[-39.26001,-6.52301],[-39.265198,-6.523926],[-39.27478,-6.527405],[-39.278503,-6.527588],[-39.281982,-6.525391],[-39.286682,-6.531494],[-39.288086,-6.533997],[-39.287598,-6.537109],[-39.290527,-6.546875],[-39.294006,-6.55011],[-39.295715,-6.557678],[-39.297607,-6.561218]]]},"properties":{"shapeName":"Cedro","shapeISO":"56859067B68108454386597","shapeGroup":"BRA","shapeType":"ADM2","src_shape_id":"56859067B68108454386597","adm1ISO":"BR-CE"}},
{"type":"Feature","geometry":{"type":"Polygon","coordinates":[[[-41.260803,-3.054016],[-41.258911,-3.059875],[-41.259705,-3.064209],[-41.259399,-3.068115],[-41.256409,-3.072083],[-41.257507,-3.0755],[-41.255493,-3.078186],[-41.255676,-3.086609],[-41.260681,-3.090393],[-41.264893,-3.091675],[-41.270996,-3.099609],[-41.28418,-3.102478],[-41.283508,-3.106995],[-41.286011,-3.113525],[-41.289795,-3.116882],[-41.292908,-3.11792],[-41.294006,-3.121399],[-41.297302,-3.123413],[-41.298218,-3.126221],[-41.300476,-3.129028],[-41.304199,-3.130798],[-41.306885,-3.133301],[-41.310913,-3.136108],[-41.313599,-3.140381],[-41.31781,-3.144104],[-41.318909,-3.148804],[-41.322327,-3.153687],[-41.323608,-3.156982],[-41.326721,-3.160217],[-41.325378,-3.1698],[-41.325684,-3.1745],[-41.322693,-3.178284],[-41.237427,-3.179504],[-41.217224,-3.166992],[-41.166199,-3.13562],[-41.151123,-3.125122],[-41.154419,-3.122681],[-41.158203,-3.12262],[-41.161987,-3.113403],[-41.167725,-3.106812],[-41.167908,-3.102783],[-41.170288,-3.09729],[-41.168823,-3.090393],[-41.171326,-3.083679],[-41.168579,-3.07959],[-41.159302,-3.073975],[-41.157715,-3.071594],[-41.163513,-3.059998],[-41.167603,-3.054504],[-41.171875,-3.051086],[-41.180176,-3.047485],[-41.181213,-3.042419],[-41.184387,-3.044128],[-41.188416,-3.042908],[-41.187988,-3.038818],[-41.186096,-3.029419],[-41.185913,-3.024902],[-41.187317,-3.021484],[-41.190918,-3.010315],[-41.193481,-2.998413],[-41.247803,-2.971985],[-41.270813,-2.971191],[-41.270508,-2.978088],[-41.269897,-2.981384],[-41.267822,-2.986694],[-41.265198,-2.991577],[-41.259521,-3.000427],[-41.257812,-3.002686],[-41.256775,-3.015381],[-41.254822,-3.021301],[-41.252686,-3.023804],[-41.248413,-3.026306],[-41.249878,-3.030212],[-41.254028,-3.030823],[-41.253784,-3.037781],[-41.255798,-3.041809],[-41.256714,-3.0448],[-41.259216,-3.046814],[-41.260925,-3.049316],[-41.260803,-3.054016]]]},"properties":{"shapeName":"Chaval","shapeISO":"56859067B9006418446479","shapeGroup":"BRA","shapeType":"ADM2","src_shape_id":"56859067B9006418446479","adm1ISO":"BR-CE"}},
{"type":"Feature","geometry":{"type":"Polygon","coordinates":[[[-39.367676,-4.725586],[-39.371887,-4.729675],[-39.370117,-4.739502],[-39.368713,-4.742493],[-39.363708,-4.744385],[-39.359192,-4.750122],[-39.355225,-4.751587],[-39.345825,-4.747009],[-39.341003,-4.743896],[-39.33728,-4.740784],[-39.329712,-4.735291],[-39.327881,-4.731812],[-39.324219,-4.729492],[-39.319275,-4.723999],[-39.315002,-4.723511],[-39.316406,-4.726685],[-39.312988,-4.72821],[-39.309875,-4.727905],[-39.307312,-4.725098],[-39.303894,-4.723389],[-39.30011,-4.722778],[-39.297119,-4.725708],[-39.296204,-4.729492],[-39.293579,-4.732178],[-39.291626,-4.736694],[-39.297485,-4.737793],[-39.2995,-4.74231],[-39.302795,-4.745178],[-39.304016,-4.749817],[-39.310303,-4.753784],[-39.31311,-4.754578],[-39.315979,-4.753296],[-39.319092,-4.754822],[-39.321899,-4.757812],[-39.329712,-4.763611],[-39.342712,-4.771301],[-39.34198,-4.774109],[-39.345703,-4.776001],[-39.34552,-4.779297],[-39.346802,-4.782776],[-39.347107,-4.786804],[-39.346191,-4.7901],[-39.342896,-4.791016],[-39.340088,-4.792786],[-39.34021,-4.796692],[-39.343079,-4.800598],[-39.341614,-4.805725],[-39.342102,-4.811096],[-39.341919,-4.814209],[-39.333618,-4.828613],[-39.332092,-4.831726],[-39.332703,-4.834778],[-39.327698,-4.8349],[-39.323792,-4.83551],[-39.319885,-4.838501],[-39.31543,-4.838928],[-39.309998,-4.838928],[-39.304382,-4.844727],[-39.306091,-4.847412],[-39.303284,-4.85022],[-39.301208,-4.853821],[-39.296692,-4.855713],[-39.297913,-4.859802],[-39.30011,-4.863708],[-39.298401,-4.868896],[-39.301697,-4.874817],[-39.301086,-4.877686],[-39.298828,-4.880188],[-39.293213,-4.879211],[-39.288818,-4.879578],[-39.285583,-4.882019],[-39.283508,-4.886108],[-39.284485,-4.889587],[-39.284485,-4.893677],[-39.280579,-4.895813],[-39.276917,-4.898621],[-39.273499,-4.902283],[-39.273804,-4.906311],[-39.271606,-4.908875],[-39.267883,-4.909912],[-39.261108,-4.9151],[-39.259216,-4.91803],[-39.256104,-4.917908],[-39.253113,-4.919312],[-39.251282,-4.921814],[-39.248291,-4.930908],[-39.245483,-4.933716],[-39.242187,-4.940308],[-39.237793,-4.942993],[-39.233826,-4.944397],[-39.231323,-4.947388],[-39.223999,-4.951111],[-39.224487,-4.954285],[-39.226196,-4.957275],[-39.224915,-4.962097],[-39.217407,-4.957092],[-39.206116,-4.958801],[-39.203186,-4.960815],[-39.200012,-4.965515],[-39.192505,-4.961182],[-39.189087,-4.960205],[-39.186829,-4.958313],[-39.184692,-4.9552],[-39.183716,-4.947998],[-39.184082,-4.942078],[-39.179199,-4.941101],[-39.176514,-4.938721],[-39.174377,-4.934692],[-39.173218,-4.930908],[-39.166199,-4.925476],[-39.166199,-4.922607],[-39.16803,-4.916321],[-39.163208,-4.911682],[-39.162598,-4.907593],[-39.159912,-4.905579],[-39.156921,-4.905396],[-39.152527,-4.903809],[-39.151123,-4.900879],[-39.147705,-4.896912],[-39.143616,-4.890198],[-39.142029,-4.884216],[-39.140198,-4.881287],[-39.135681,-4.879395],[-39.133911,-4.876221],[-39.133118,-4.873413],[-39.127075,-4.870117],[-39.127502,-4.867004],[-39.12323,-4.864624],[-39.120483,-4.861511],[-39.123413,-4.853394],[-39.122009,-4.849609],[-39.122986,-4.846191],[-39.122192,-4.842712],[-39.120178,-4.840027],[-39.113098,-4.838318],[-39.110901,-4.841797],[-39.105713,-4.84552],[-39.101624,-4.836426],[-39.09729,-4.833984],[-39.093079,-4.833008],[-39.085205,-4.83551],[-39.080688,-4.840515],[-39.077515,-4.836792],[-39.077087,-4.831421],[-39.078186,-4.825378],[-39.071594,-4.820496],[-39.070312,-4.815979],[-39.067078,-4.812378],[-39.06842,-4.808594],[-39.065979,-4.804687],[-39.067505,-4.802124],[-39.065796,-4.799011],[-39.062927,-4.798096],[-39.059692,-4.796021],[-39.055481,-4.788208],[-39.048706,-4.785706],[-39.045898,-4.782715],[-39.04071,-4.781677],[-39.044922,-4.774109],[-39.047607,-4.771301],[-39.051819,-4.771301],[-39.05481,-4.77002],[-39.05719,-4.766907],[-39.059998,-4.766418],[-39.062927,-4.767517],[-39.066284,-4.766113],[-39.069397,-4.765991],[-39.071716,-4.770813],[-39.075195,-4.771118],[-39.078979,-4.768188],[-39.086426,-4.763611],[-39.088928,-4.765381],[-39.091675,-4.763],[-39.096497,-4.762695],[-39.103027,-4.761597],[-39.097229,-4.753418],[-39.085815,-4.739929],[-39.081726,-4.736389],[-39.075989,-4.732483],[-39.071716,-4.726379],[-39.064514,-4.725403],[-39.059814,-4.723877],[-39.057007,-4.722107],[-39.055725,-4.719116],[-39.053589,-4.716797],[-39.049927,-4.716614],[-39.046875,-4.715393],[-39.043091,-4.716125],[-39.041382,-4.712524],[-39.041992,-4.707581],[-39.041016,-4.703979],[-39.043213,-4.695496],[-39.04071,-4.688599],[-39.039917,-4.684998],[-39.037476,-4.680298],[-39.03772,-4.675598],[-39.035889,-4.673279],[-39.035217,-4.669983],[-39.032898,-4.667419],[-39.023376,-4.665283],[-39.014221,-4.665222],[-39.011108,-4.666504],[-39.00708,-4.666321],[-39.002991,-4.667603],[-39.001526,-4.671021],[-38.998779,-4.67218],[-38.995789,-4.66803],[-38.991882,-4.666504],[-38.988708,-4.666626],[-38.985107,-4.665405],[-38.981689,-4.667175],[-38.977478,-4.667114],[-38.976929,-4.661621],[-38.978577,-4.657776],[-38.986023,-4.653381],[-38.991699,-4.652527],[-38.992981,-4.648621],[-38.994812,-4.646423],[-38.998108,-4.647217],[-39.001587,-4.649902],[-39.006775,-4.650085],[-39.010925,-4.645386],[-39.014709,-4.642212],[-39.020813,-4.641785],[-39.025024,-4.640076],[-39.026917,-4.643188],[-39.031189,-4.643494],[-39.035278,-4.641418],[-39.039978,-4.639587],[-39.047607,-4.640076],[-39.050598,-4.641907],[-39.054993,-4.64801],[-39.061218,-4.651978],[-39.065613,-4.653381],[-39.072083,-4.649109],[-39.077576,-4.639893],[-39.081909,-4.638794],[-39.085205,-4.639404],[-39.088623,-4.639221],[-39.095703,-4.6427],[-39.100708,-4.636597],[-39.103394,-4.638794],[-39.106995,-4.640808],[-39.111816,-4.641724],[-39.11731,-4.636475],[-39.119019,-4.632629],[-39.118713,-4.628784],[-39.119507,-4.625916],[-39.126282,-4.627197],[-39.132385,-4.628784],[-39.135498,-4.63031],[-39.138611,-4.63031],[-39.142029,-4.632385],[-39.145508,-4.631592],[-39.153992,-4.633606],[-39.158691,-4.635193],[-39.161804,-4.639709],[-39.1698,-4.644287],[-39.171082,-4.648315],[-39.176208,-4.65332],[-39.17981,-4.654175],[-39.18158,-4.650513],[-39.190186,-4.650513],[-39.193604,-4.649902],[-39.197021,-4.647583],[-39.198914,-4.645203],[-39.201904,-4.646606],[-39.203308,-4.65033],[-39.206116,-4.652588],[-39.211487,-4.651794],[-39.219727,-4.65332],[-39.222778,-4.65271],[-39.226379,-4.653076],[-39.23053,-4.6521],[-39.234375,-4.649719],[-39.235901,-4.646912],[-39.238586,-4.644226],[-39.242798,-4.644104],[-39.245911,-4.643311],[-39.251709,-4.647095],[-39.255615,-4.648193],[-39.267395,-4.649292],[-39.271301,-4.648315],[-39.279785,-4.650513],[-39.28302,-4.65332],[-39.28479,-4.657227],[-39.287109,-4.660095],[-39.290588,-4.661987],[-39.293396,-4.673706],[-39.295776,-4.689575],[-39.298401,-4.695129],[-39.301392,-4.698303],[-39.302185,-4.701782],[-39.303894,-4.705688],[-39.308228,-4.709229],[-39.311523,-4.710327],[-39.314819,-4.709595],[-39.323914,-4.715393],[-39.328491,-4.716675],[-39.332214,-4.719116],[-39.3349,-4.722107],[-39.34198,-4.72699],[-39.345093,-4.72998],[-39.352112,-4.732605],[-39.356079,-4.735229],[-39.360291,-4.737305],[-39.364685,-4.737976],[-39.366028,-4.734985],[-39.365112,-4.731079],[-39.365112,-4.728088],[-39.367676,-4.725586]],[[-39.078186,-4.825378],[-39.082275,-4.826477],[-39.08429,-4.823914],[-39.080994,-4.823486],[-39.078186,-4.825378]]]},"properties":{"shapeName":"Choró","shapeISO":"56859067B45544382813179","shapeGroup":"BRA","shapeType":"ADM2","src_shape_id":"56859067B45544382813179","adm1ISO":"BR-CE"}},
{"type":"Feature","geometry":{"type":"Polygon","coordinates":[[[-38.533875,-4.368408],[-38.53009,-4.371582],[-38.520508,-4.376282],[-38.506226,-4.378906],[-38.503418,-4.380493],[-38.496582,-4.386414],[-38.49231,-4.388977],[-38.482605,-4.388489],[-38.474609,-4.390076],[-38.470825,-4.391724],[-38.468689,-4.395386],[-38.462097,-4.395813],[-38.445801,-4.40741],[-38.442627,-4.408508],[-38.439514,-4.406799],[-38.438782,-4.403381],[-38.436829,-4.383911],[-38.446716,-4.371399],[-38.441589,-4.36731],[-38.43219,-4.359314],[-38.428223,-4.356628],[-38.423889,-4.356323],[-38.420227,-4.357117],[-38.416077,-4.359314],[-38.411011,-4.359924],[-38.404907,-4.358887],[-38.400818,-4.357178],[-38.397827,-4.351685],[-38.393799,-4.352112],[-38.387085,-4.351196],[-38.383301,-4.349792],[-38.38031,-4.349609],[-38.380127,-4.34552],[-38.383728,-4.338318],[-38.385681,-4.333679],[-38.389709,-4.263489],[-38.36792,-4.267029],[-38.364624,-4.266785],[-38.360901,-4.267517],[-38.384277,-4.233826],[-38.380005,-4.219177],[-38.383911,-4.219299],[-38.392822,-4.223083],[-38.403381,-4.226013],[-38.418396,-4.229309],[-38.422302,-4.229004],[-38.433289,-4.231323],[-38.439392,-4.230591],[-38.444214,-4.23053],[-38.447327,-4.23938],[-38.451111,-4.240479],[-38.454407,-4.243286],[-38.464478,-4.245422],[-38.468384,-4.244019],[-38.477905,-4.239319],[-38.491211,-4.233093],[-38.496399,-4.231079],[-38.499512,-4.231812],[-38.503418,-4.231506],[-38.513489,-4.229614],[-38.52179,-4.226379],[-38.525208,-4.225891],[-38.527405,-4.229187],[-38.530518,-4.232117],[-38.533997,-4.2323],[-38.538879,-4.231323],[-38.544189,-4.2323],[-38.548279,-4.234497],[-38.555603,-4.235107],[-38.565979,-4.232422],[-38.570496,-4.235413],[-38.5672,-4.25],[-38.560181,-4.258484],[-38.55249,-4.266602],[-38.548401,-4.272705],[-38.553894,-4.283325],[-38.548401,-4.32251],[-38.533875,-4.368408]]]},"properties":{"shapeName":"Chorozinho","shapeISO":"56859067B36373941444701","shapeGroup":"BRA","shapeType":"ADM2","src_shape_id":"56859067B36373941444701","adm1ISO":"BR-CE"}},
{"type":"Feature","geometry":{"type":"Polygon","coordinates":[[[-40.553223,-3.538086],[-40.558899,-3.530396],[-40.594604,-3.531128],[-40.601013,-3.531006],[-40.645386,-3.530884],[-40.648376,-3.528809],[-40.654907,-3.526428],[-40.658508,-3.526489],[-40.667114,-3.528381],[-40.670105,-3.529907],[-40.670898,-3.520386],[-40.672302,-3.511902],[-40.676208,-3.512329],[-40.683716,-3.511108],[-40.687927,-3.510986],[-40.692322,-3.511414],[-40.696228,-3.513489],[-40.699097,-3.513977],[-40.705505,-3.519897],[-40.761902,-3.505005],[-40.806396,-3.518799],[-40.823792,-3.52478],[-40.832214,-3.527527],[-40.857117,-3.536011],[-40.892395,-3.559082],[-40.903992,-3.575317],[-40.899109,-3.595581],[-40.894897,-3.632385],[-40.889709,-3.664917],[-40.887207,-3.661499],[-40.880981,-3.658081],[-40.87561,-3.656799],[-40.872681,-3.652283],[-40.871399,-3.6474],[-40.86792,-3.641785],[-40.865112,-3.640198],[-40.86261,-3.642517],[-40.861694,-3.646606],[-40.854919,-3.647278],[-40.850891,-3.646912],[-40.847412,-3.645813],[-40.844482,-3.642822],[-40.841125,-3.641785],[-40.832092,-3.633911],[-40.827026,-3.633911],[-40.819702,-3.635925],[-40.766113,-3.648376],[-40.756714,-3.660278],[-40.734314,-3.689209],[-40.738708,-3.694519],[-40.742004,-3.697693],[-40.744385,-3.701111],[-40.748291,-3.702698],[-40.752197,-3.703308],[-40.755127,-3.706604],[-40.757996,-3.707397],[-40.760315,-3.709412],[-40.766785,-3.71759],[-40.768188,-3.722412],[-40.770813,-3.727295],[-40.779114,-3.733582],[-40.782715,-3.74231],[-40.782593,-3.746094],[-40.779907,-3.752075],[-40.778992,-3.758301],[-40.784119,-3.763794],[-40.784485,-3.766724],[-40.785706,-3.77002],[-40.782898,-3.772827],[-40.782104,-3.776123],[-40.781921,-3.780212],[-40.780029,-3.785278],[-40.780884,-3.789612],[-40.780029,-3.793518],[-40.776428,-3.79541],[-40.776306,-3.801575],[-40.778015,-3.80542],[-40.77771,-3.809387],[-40.779724,-3.812012],[-40.78241,-3.81781],[-40.783691,-3.821899],[-40.786926,-3.820801],[-40.791504,-3.823425],[-40.791016,-3.826599],[-40.792786,-3.830322],[-40.789978,-3.836609],[-40.787292,-3.839783],[-40.766113,-3.863098],[-40.762329,-3.859009],[-40.759705,-3.857483],[-40.757385,-3.855103],[-40.755676,-3.851929],[-40.754211,-3.847595],[-40.751587,-3.843506],[-40.747009,-3.841309],[-40.743896,-3.833313],[-40.742187,-3.830627],[-40.73999,-3.828613],[-40.724182,-3.821228],[-40.720886,-3.821289],[-40.717529,-3.819885],[-40.713928,-3.815613],[-40.712585,-3.811279],[-40.714905,-3.807922],[-40.712402,-3.80542],[-40.688782,-3.80072],[-40.655701,-3.79718],[-40.633606,-3.725403],[-40.618591,-3.676208],[-40.610413,-3.649902],[-40.567383,-3.652527],[-40.556091,-3.6521],[-40.559509,-3.650024],[-40.574219,-3.645081],[-40.577698,-3.643677],[-40.575623,-3.640808],[-40.579529,-3.637695],[-40.584717,-3.638489],[-40.588501,-3.638428],[-40.590393,-3.634705],[-40.5896,-3.631714],[-40.593201,-3.629517],[-40.592407,-3.624695],[-40.590576,-3.619812],[-40.594177,-3.617126],[-40.598206,-3.617493],[-40.60321,-3.619812],[-40.606079,-3.617676],[-40.60791,-3.614197],[-40.611023,-3.611389],[-40.613708,-3.60791],[-40.609375,-3.606018],[-40.606323,-3.606384],[-40.604004,-3.604492],[-40.604797,-3.600891],[-40.606812,-3.595886],[-40.607727,-3.59198],[-40.60321,-3.586304],[-40.604919,-3.582825],[-40.598694,-3.580688],[-40.594788,-3.580078],[-40.59082,-3.577209],[-40.589783,-3.574402],[-40.598083,-3.572388],[-40.598389,-3.569275],[-40.596191,-3.567078],[-40.588684,-3.563477],[-40.584778,-3.562988],[-40.580811,-3.563782],[-40.576599,-3.565796],[-40.57251,-3.564819],[-40.570312,-3.562378],[-40.571777,-3.557495],[-40.570312,-3.554382],[-40.564209,-3.545898],[-40.560608,-3.543213],[-40.557312,-3.539978],[-40.553223,-3.538086]]]},"properties":{"shapeName":"Coreaú","shapeISO":"56859067B53706765399654","shapeGroup":"BRA","shapeType":"ADM2","src_shape_id":"56859067B53706765399654","adm1ISO":"BR-CE"}},
{"type":"Feature","geometry":{"type":"Polygon","coordinates":[[[-40.937927,-5.438782],[-40.932007,-5.443298],[-40.92511,-5.446594],[-40.922607,-5.448181],[-40.921204,-5.450806],[-40.916199,-5.463806],[-40.915894,-5.467224],[-40.919006,-5.473877],[-40.924988,-5.479797],[-40.928528,-5.482483],[-40.929626,-5.488892],[-40.929077,-5.493103],[-40.925293,-5.491211],[-40.919006,-5.48468],[-40.913086,-5.480408],[-40.908875,-5.47821],[-40.90509,-5.477478],[-40.901428,-5.477478],[-40.898926,-5.479614],[-40.894104,-5.481384],[-40.888611,-5.487122],[-40.884583,-5.486389],[-40.882019,-5.489075],[-40.87793,-5.491394],[-40.873718,-5.492126],[-40.869629,-5.492126],[-40.863403,-5.492798],[-40.860596,-5.491089],[-40.85791,-5.488586],[-40.855896,-5.485596],[-40.852478,-5.481812],[-40.847412,-5.479675],[-40.843079,-5.481384],[-40.834717,-5.480225],[-40.82959,-5.481384],[-40.82428,-5.480713],[-40.819702,-5.481079],[-40.813904,-5.47821],[-40.810486,-5.481689],[-40.812012,-5.486328],[-40.81012,-5.490417],[-40.802917,-5.491394],[-40.798096,-5.495178],[-40.794922,-5.496216],[-40.791077,-5.495605],[-40.785706,-5.492615],[-40.781006,-5.492981],[-40.773376,-5.492615],[-40.774414,-5.48938],[-40.773499,-5.486206],[-40.77179,-5.483704],[-40.768799,-5.483521],[-40.76532,-5.482178],[-40.760986,-5.475708],[-40.759521,-5.478088],[-40.755005,-5.479675],[-40.750122,-5.479187],[-40.747375,-5.480713],[-40.744812,-5.483521],[-40.740479,-5.484497],[-40.737,-5.483276],[-40.732727,-5.477783],[-40.730896,-5.473877],[-40.730103,-5.470215],[-40.728394,-5.466614],[-40.726379,-5.464478],[-40.723511,-5.463379],[-40.720215,-5.463928],[-40.713623,-5.46698],[-40.710205,-5.467712],[-40.704102,-5.467224],[-40.701111,-5.467712],[-40.697876,-5.469727],[-40.693909,-5.469421],[-40.690308,-5.47168],[-40.686218,-5.471313],[-40.683411,-5.46991],[-40.682129,-5.467285],[-40.683105,-5.461121],[-40.68512,-5.454895],[-40.684875,-5.451416],[-40.681213,-5.449829],[-40.677795,-5.450012],[-40.673584,-5.448792],[-40.668823,-5.448486],[-40.664917,-5.449097],[-40.661316,-5.448425],[-40.659119,-5.445923],[-40.656921,-5.442322],[-40.653198,-5.440491],[-40.650085,-5.439819],[-40.650024,-5.436096],[-40.647705,-5.431702],[-40.646729,-5.428284],[-40.642517,-5.426697],[-40.603821,-5.426575],[-40.554077,-5.42749],[-40.554993,-5.422607],[-40.554504,-5.419312],[-40.550293,-5.412598],[-40.549194,-5.409302],[-40.55072,-5.401611],[-40.548096,-5.398315],[-40.545105,-5.396301],[-40.539429,-5.390076],[-40.524292,-5.389709],[-40.500977,-5.330078],[-40.479309,-5.274292],[-40.414185,-5.22821],[-40.391479,-5.16571],[-40.374207,-5.118103],[-40.373291,-5.11499],[-40.375916,-5.112],[-40.376892,-5.109009],[-40.373779,-5.105713],[-40.37561,-5.102112],[-40.383606,-5.097412],[-40.388489,-5.096313],[-40.394592,-5.093811],[-40.39978,-5.092712],[-40.402222,-5.089783],[-40.402893,-5.085388],[-40.406677,-5.082092],[-40.411011,-5.080078],[-40.416992,-5.076111],[-40.420105,-5.07312],[-40.421509,-5.070312],[-40.423706,-5.0625],[-40.427002,-5.058777],[-40.430115,-5.056213],[-40.430603,-5.052917],[-40.432617,-5.048279],[-40.437012,-5.046204],[-40.439209,-5.04303],[-40.44043,-5.039612],[-40.444397,-5.034607],[-40.448425,-5.034424],[-40.4505,-5.041321],[-40.454102,-5.044922],[-40.457214,-5.045593],[-40.464111,-5.044312],[-40.471375,-5.041016],[-40.474609,-5.039917],[-40.483276,-5.038208],[-40.492615,-5.037476],[-40.496399,-5.035828],[-40.5,-5.032288],[-40.505981,-5.024109],[-40.510376,-5.023682],[-40.514526,-5.021423],[-40.5177,-5.021423],[-40.52179,-5.02063],[-40.526611,-5.017883],[-40.531677,-5.015808],[-40.535095,-5.014893],[-40.538025,-5.013123],[-40.541504,-5.013184],[-40.549194,-5.015991],[-40.555908,-5.014221],[-40.564209,-5.018005],[-40.596497,-4.957275],[-40.635498,-4.924683],[-40.651489,-4.986206],[-40.715393,-4.946289],[-40.78009,-4.964783],[-40.8255,-4.977722],[-40.86499,-4.986389],[-40.918579,-4.997803],[-41.032288,-5.022278],[-41.051086,-5.024597],[-41.121704,-5.026428],[-41.123779,-5.029175],[-41.125,-5.03241],[-41.129578,-5.039978],[-41.131897,-5.048279],[-41.125183,-5.047913],[-41.115906,-5.049622],[-41.111816,-5.050903],[-41.106628,-5.053711],[-41.101318,-5.052979],[-41.09668,-5.053284],[-41.096008,-5.061096],[-41.089722,-5.063416],[-41.088013,-5.065918],[-41.086975,-5.068909],[-41.08728,-5.073303],[-41.083618,-5.076111],[-41.0802,-5.079529],[-41.081909,-5.087585],[-41.080505,-5.090698],[-41.073914,-5.092407],[-41.068481,-5.096313],[-41.058594,-5.098511],[-41.051697,-5.102783],[-41.043213,-5.093811],[-41.039001,-5.09082],[-41.033386,-5.091797],[-41.029724,-5.102295],[-41.025879,-5.109802],[-41.022705,-5.108704],[-41.020203,-5.106201],[-41.01532,-5.105225],[-41.013123,-5.108521],[-41.01178,-5.123596],[-41.009094,-5.126709],[-41.005127,-5.129028],[-41,-5.13031],[-40.994995,-5.136597],[-40.989685,-5.138123],[-40.986511,-5.141296],[-40.984375,-5.151306],[-40.981812,-5.153503],[-40.975891,-5.149902],[-40.968384,-5.149292],[-40.963196,-5.150513],[-40.957886,-5.155029],[-40.948792,-5.166992],[-40.937683,-5.166504],[-40.934387,-5.167297],[-40.928894,-5.171692],[-40.925598,-5.17688],[-40.925293,-5.182007],[-40.927124,-5.186401],[-40.930298,-5.192688],[-40.932007,-5.19989],[-40.929993,-5.205383],[-40.925476,-5.212402],[-40.924683,-5.215393],[-40.924988,-5.21991],[-40.922302,-5.22522],[-40.923218,-5.229126],[-40.926575,-5.231995],[-40.934082,-5.236877],[-40.940918,-5.238098],[-40.940491,-5.241882],[-40.935913,-5.243286],[-40.932983,-5.245178],[-40.92981,-5.248779],[-40.921997,-5.255615],[-40.918823,-5.262085],[-40.911377,-5.267212],[-40.911926,-5.270691],[-40.92041,-5.271484],[-40.924316,-5.275513],[-40.921875,-5.284302],[-40.923096,-5.288208],[-40.926392,-5.291077],[-40.92688,-5.296997],[-40.923401,-5.301086],[-40.912903,-5.308411],[-40.912109,-5.314209],[-40.918396,-5.338196],[-40.923584,-5.341797],[-40.930786,-5.34552],[-40.934021,-5.350403],[-40.936096,-5.362793],[-40.936096,-5.365906],[-40.934326,-5.36908],[-40.929016,-5.375793],[-40.922119,-5.383179],[-40.916992,-5.389404],[-40.914917,-5.393127],[-40.912903,-5.39801],[-40.911499,-5.407288],[-40.915283,-5.414185],[-40.917725,-5.416321],[-40.921326,-5.417419],[-40.927307,-5.417725],[-40.930481,-5.41748],[-40.934998,-5.416321],[-40.939087,-5.416809],[-40.94281,-5.420593],[-40.943787,-5.423584],[-40.941711,-5.430908],[-40.937927,-5.438782]]]},"properties":{"shapeName":"Crateús","shapeISO":"56859067B68836278329537","shapeGroup":"BRA","shapeType":"ADM2","src_shape_id":"56859067B68836278329537","adm1ISO":"BR-CE"}},
{"type":"Feature","geometry":{"type":"Polygon","coordinates":[[[-39.347778,-7.265503],[-39.347595,-7.261108],[-39.35022,-7.255005],[-39.354309,-7.238098],[-39.355286,-7.232422],[-39.357178,-7.226379],[-39.364014,-7.211487],[-39.366516,-7.16748],[-39.365479,-7.161804],[-39.362,-7.159729],[-39.354309,-7.153687],[-39.350708,-7.146912],[-39.348511,-7.144592],[-39.345581,-7.142578],[-39.343384,-7.139709],[-39.343811,-7.133606],[-39.339783,-7.123108],[-39.339111,-7.118713],[-39.340027,-7.113708],[-39.340088,-7.10968],[-39.336975,-7.101013],[-39.339905,-7.098083],[-39.343079,-7.096375],[-39.344299,-7.093079],[-39.347717,-7.09021],[-39.350708,-7.082092],[-39.356812,-7.077209],[-39.359619,-7.073608],[-39.359009,-7.069397],[-39.357788,-7.066528],[-39.363708,-7.065125],[-39.361328,-7.060913],[-39.361694,-7.057983],[-39.366211,-7.058411],[-39.367493,-7.061707],[-39.369202,-7.058899],[-39.373779,-7.0578],[-39.378418,-7.057678],[-39.381897,-7.058411],[-39.38501,-7.060181],[-39.388611,-7.060303],[-39.393311,-7.061279],[-39.396301,-7.064209],[-39.39679,-7.060303],[-39.401123,-7.060913],[-39.405518,-7.060608],[-39.41272,-7.062988],[-39.415894,-7.060913],[-39.419128,-7.06189],[-39.421509,-7.06012],[-39.424377,-7.062317],[-39.428284,-7.063477],[-39.432678,-7.06311],[-39.442078,-7.063599],[-39.446289,-7.064392],[-39.452087,-7.067078],[-39.455017,-7.066711],[-39.455383,-7.062378],[-39.454712,-7.056519],[-39.452209,-7.009827],[-39.492676,-7.01178],[-39.501709,-7.011292],[-39.50293,-7.007202],[-39.506592,-7.005798],[-39.51062,-7.006104],[-39.516113,-7.002197],[-39.519897,-7.002197],[-39.525879,-7.003113],[-39.536926,-7.006409],[-39.540894,-7.008484],[-39.546509,-7.009827],[-39.553894,-7.010986],[-39.557922,-7.012695],[-39.561401,-7.015808],[-39.564514,-7.0177],[-39.567627,-7.016785],[-39.571411,-7.018005],[-39.575928,-7.017517],[-39.578918,-7.020325],[-39.580811,-7.023376],[-39.578979,-7.031128],[-39.578491,-7.035583],[-39.57959,-7.039917],[-39.580017,-7.044312],[-39.582275,-7.047913],[-39.578308,-7.052917],[-39.580505,-7.055115],[-39.577881,-7.06781],[-39.578186,-7.07428],[-39.582214,-7.075623],[-39.585388,-7.074097],[-39.588989,-7.074829],[-39.591675,-7.077209],[-39.594604,-7.080688],[-39.599121,-7.080688],[-39.599487,-7.112],[-39.599609,-7.128906],[-39.599609,-7.169495],[-39.601501,-7.209717],[-39.599792,-7.228394],[-39.599976,-7.343018],[-39.599976,-7.397827],[-39.599487,-7.428284],[-39.593079,-7.432312],[-39.587891,-7.432312],[-39.583313,-7.429993],[-39.575928,-7.427795],[-39.572205,-7.429382],[-39.57019,-7.433594],[-39.564697,-7.453613],[-39.5625,-7.460388],[-39.557312,-7.472412],[-39.552795,-7.480591],[-39.547119,-7.483521],[-39.543396,-7.484619],[-39.536377,-7.482483],[-39.530579,-7.478821],[-39.521606,-7.472595],[-39.512085,-7.467102],[-39.50769,-7.465393],[-39.50238,-7.464111],[-39.49231,-7.471191],[-39.488525,-7.472412],[-39.475525,-7.472595],[-39.472107,-7.470886],[-39.467712,-7.469604],[-39.460693,-7.471191],[-39.458191,-7.474792],[-39.456726,-7.480408],[-39.455688,-7.501709],[-39.457275,-7.506104],[-39.469604,-7.520508],[-39.476624,-7.526978],[-39.481812,-7.529602],[-39.484924,-7.533508],[-39.484985,-7.538391],[-39.483704,-7.541809],[-39.481201,-7.545288],[-39.476501,-7.553284],[-39.475403,-7.563293],[-39.474304,-7.568909],[-39.472412,-7.574524],[-39.46582,-7.574585],[-39.460083,-7.575989],[-39.450806,-7.572876],[-39.446228,-7.572327],[-39.445679,-7.456177],[-39.445984,-7.381409],[-39.446289,-7.335876],[-39.401001,-7.307129],[-39.396179,-7.307495],[-39.388977,-7.306213],[-39.375488,-7.305115],[-39.373291,-7.2948],[-39.369507,-7.294617],[-39.367798,-7.291992],[-39.362488,-7.285889],[-39.360718,-7.279297],[-39.361694,-7.274719],[-39.358398,-7.271118],[-39.347778,-7.265503]]]},"properties":{"shapeName":"Crato","shapeISO":"56859067B48874819584057","shapeGroup":"BRA","shapeType":"ADM2","src_shape_id":"56859067B48874819584057","adm1ISO":"BR-CE"}},
{"type":"Feature","geometry":{"type":"Polygon","coordinates":[[[-41.17749,-4.468689],[-41.162292,-4.466187],[-41.15918,-4.466187],[-41.153625,-4.468384],[-41.15033,-4.469177],[-41.145996,-4.469299],[-41.142578,-4.470581],[-41.138916,-4.473206],[-41.13562,-4.476379],[-41.132996,-4.47821],[-41.124512,-4.482727],[-41.121826,-4.481506],[-41.119812,-4.478882],[-41.115601,-4.478088],[-41.1073,-4.478882],[-41.103516,-4.478516],[-41.099426,-4.47699],[-41.088989,-4.475708],[-41.083496,-4.474792],[-41.075012,-4.473999],[-41.065186,-4.473877],[-41.060486,-4.473206],[-41.054993,-4.47052],[-41.048279,-4.466614],[-41.039124,-4.462585],[-41.0354,-4.461914],[-41.031311,-4.460327],[-41.026978,-4.456299],[-41.004822,-4.457581],[-40.919006,-4.468689],[-40.908508,-4.46991],[-40.900696,-4.470215],[-40.896423,-4.469788],[-40.888611,-4.471619],[-40.882629,-4.468689],[-40.874084,-4.465576],[-40.869324,-4.465881],[-40.865723,-4.465027],[-40.862,-4.466003],[-40.85321,-4.46521],[-40.843201,-4.462524],[-40.837708,-4.46051],[-40.831909,-4.459106],[-40.826111,-4.45813],[-40.82019,-4.4505],[-40.814209,-4.446228],[-40.811096,-4.441223],[-40.809692,-4.433594],[-40.8078,-4.43042],[-40.803528,-4.425415],[-40.80011,-4.422607],[-40.793579,-4.423706],[-40.789612,-4.422485],[-40.786499,-4.419495],[-40.784729,-4.416016],[-40.784485,-4.411987],[-40.78009,-4.408875],[-40.782104,-4.406616],[-40.785706,-4.405212],[-40.783386,-4.400208],[-40.783508,-4.396423],[-40.782104,-4.388489],[-40.778687,-4.386414],[-40.775513,-4.383301],[-40.770203,-4.380188],[-40.771179,-4.373596],[-40.772705,-4.369385],[-40.770691,-4.365112],[-40.762878,-4.359924],[-40.761902,-4.356079],[-40.764282,-4.35321],[-40.768494,-4.35321],[-40.772217,-4.353882],[-40.776001,-4.359924],[-40.778076,-4.362122],[-40.785095,-4.360413],[-40.798828,-4.362305],[-40.801819,-4.35791],[-40.803223,-4.353821],[-40.803711,-4.348877],[-40.802917,-4.345886],[-40.841614,-4.32428],[-40.847107,-4.321411],[-40.845276,-4.318481],[-40.839111,-4.313599],[-40.840515,-4.31073],[-40.843811,-4.306824],[-40.847229,-4.304687],[-40.849487,-4.30188],[-40.851318,-4.298584],[-40.854492,-4.296814],[-40.858276,-4.299011],[-40.86322,-4.300415],[-40.869507,-4.304199],[-40.867676,-4.306396],[-40.863403,-4.308105],[-40.860413,-4.312012],[-40.860596,-4.315613],[-40.865601,-4.31842],[-40.868713,-4.31958],[-40.869629,-4.322815],[-40.87262,-4.321594],[-40.876709,-4.321594],[-40.875916,-4.316223],[-40.879517,-4.313477],[-40.882385,-4.316284],[-40.89032,-4.313721],[-40.927307,-4.28949],[-40.9823,-4.278076],[-41.007385,-4.27301],[-41.143005,-4.370117],[-41.148987,-4.367798],[-41.150879,-4.370605],[-41.152283,-4.374512],[-41.158691,-4.379578],[-41.160889,-4.388611],[-41.158997,-4.39209],[-41.158508,-4.402893],[-41.159424,-4.407104],[-41.159607,-4.410583],[-41.161194,-4.414978],[-41.163818,-4.419006],[-41.1651,-4.422607],[-41.171204,-4.431702],[-41.175476,-4.439697],[-41.177185,-4.442322],[-41.175476,-4.450623],[-41.178406,-4.459412],[-41.177612,-4.463989],[-41.17749,-4.468689]]]},"properties":{"shapeName":"Croatá","shapeISO":"56859067B24507433610360","shapeGroup":"BRA","shapeType":"ADM2","src_shape_id":"56859067B24507433610360","adm1ISO":"BR-CE"}},
{"type":"Feature","geometry":{"type":"Polygon","coordinates":[[[-40.370911,-2.812195],[-40.385681,-2.813477],[-40.390686,-2.813721],[-40.411194,-2.812988],[-40.42041,-2.812012],[-40.424011,-2.811096],[-40.428223,-2.811218],[-40.434692,-2.810303],[-40.449097,-2.805786],[-40.454529,-2.804382],[-40.458801,-2.811401],[-40.457214,-2.819214],[-40.453979,-2.819519],[-40.450989,-2.822388],[-40.451904,-2.826294],[-40.451477,-2.829285],[-40.455505,-2.83252],[-40.451477,-2.841797],[-40.448303,-2.846985],[-40.449402,-2.85199],[-40.450012,-2.861389],[-40.450989,-2.86438],[-40.453308,-2.86731],[-40.454102,-2.870483],[-40.451294,-2.878418],[-40.451294,-2.881897],[-40.452209,-2.885681],[-40.452087,-2.889221],[-40.449402,-2.891479],[-40.444092,-2.892212],[-40.441284,-2.893311],[-40.436096,-2.897278],[-40.432678,-2.900391],[-40.431885,-2.90448],[-40.42981,-2.912292],[-40.42981,-2.917419],[-40.4328,-2.927185],[-40.434509,-2.930298],[-40.434875,-2.933289],[-40.43219,-2.941528],[-40.425598,-2.946228],[-40.420227,-2.947876],[-40.417908,-2.951477],[-40.408813,-2.951294],[-40.399597,-2.947998],[-40.39563,-2.947815],[-40.391724,-2.948975],[-40.38739,-2.948608],[-40.383179,-2.948975],[-40.38269,-2.954407],[-40.379822,-2.960083],[-40.373291,-2.964294],[-40.361694,-2.966492],[-40.355286,-2.966309],[-40.337891,-2.964783],[-40.332275,-2.964111],[-40.322021,-2.956482],[-40.322388,-2.947388],[-40.320984,-2.944519],[-40.317017,-2.943787],[-40.31189,-2.943787],[-40.291809,-2.9422],[-40.268127,-2.940125],[-40.262878,-2.940613],[-40.259705,-2.942993],[-40.246277,-2.948486],[-40.236816,-2.952087],[-40.222107,-2.949402],[-40.203918,-2.944702],[-40.174805,-2.9422],[-40.170776,-2.943481],[-40.169006,-2.940613],[-40.168884,-2.93512],[-40.169312,-2.93042],[-40.167114,-2.926514],[-40.163391,-2.922913],[-40.164001,-2.918213],[-40.160889,-2.917725],[-40.158813,-2.914917],[-40.153015,-2.911011],[-40.14978,-2.904907],[-40.149292,-2.900879],[-40.147217,-2.896179],[-40.148621,-2.888794],[-40.150818,-2.885315],[-40.16803,-2.873413],[-40.17218,-2.872986],[-40.181824,-2.869385],[-40.195923,-2.873108],[-40.21051,-2.869812],[-40.220398,-2.872803],[-40.233215,-2.871399],[-40.272095,-2.870911],[-40.271484,-2.877686],[-40.276489,-2.878296],[-40.283081,-2.877502],[-40.287415,-2.876099],[-40.321777,-2.862],[-40.325012,-2.861816],[-40.328186,-2.864075],[-40.332214,-2.864807],[-40.335022,-2.864014],[-40.339111,-2.865417],[-40.343506,-2.865601],[-40.347107,-2.864014],[-40.350281,-2.865112],[-40.355713,-2.865295],[-40.359985,-2.866089],[-40.362976,-2.855713],[-40.369202,-2.817322],[-40.370911,-2.812195]]]},"properties":{"shapeName":"Cruz","shapeISO":"56859067B90634068804727","shapeGroup":"BRA","shapeType":"ADM2","src_shape_id":"56859067B90634068804727","adm1ISO":"BR-CE"}},
{"type":"Feature","geometry":{"type":"Polygon","coordinates":[[[-39.171021,-5.960327],[-39.171021,-5.955811],[-39.172424,-5.950806],[-39.176697,-5.94519],[-39.175781,-5.93042],[-39.178589,-5.922913],[-39.179504,-5.919006],[-39.17688,-5.9151],[-39.176514,-5.910278],[-39.172485,-5.904602],[-39.17218,-5.898315],[-39.173279,-5.887695],[-39.172791,-5.878296],[-39.168884,-5.872009],[-39.169189,-5.868408],[-39.170776,-5.865417],[-39.173584,-5.863281],[-39.181824,-5.860291],[-39.17511,-5.837097],[-39.163879,-5.797913],[-39.167419,-5.798584],[-39.17218,-5.798828],[-39.176819,-5.799683],[-39.17981,-5.7995],[-39.183411,-5.79541],[-39.186279,-5.791016],[-39.1922,-5.789612],[-39.19751,-5.789978],[-39.203125,-5.78949],[-39.206604,-5.787781],[-39.210022,-5.787415],[-39.209778,-5.782288],[-39.214478,-5.780579],[-39.21698,-5.776611],[-39.221008,-5.774902],[-39.220825,-5.77063],[-39.222229,-5.767029],[-39.2276,-5.764893],[-39.233276,-5.768982],[-39.23761,-5.768982],[-39.239502,-5.765991],[-39.244507,-5.767517],[-39.246582,-5.763794],[-39.249512,-5.764709],[-39.251587,-5.761292],[-39.2547,-5.757629],[-39.258423,-5.758301],[-39.265076,-5.763489],[-39.2677,-5.764709],[-39.270813,-5.763184],[-39.272888,-5.761292],[-39.276428,-5.76239],[-39.279419,-5.761597],[-39.28009,-5.758728],[-39.281982,-5.756409],[-39.286621,-5.758911],[-39.28949,-5.76178],[-39.292419,-5.763306],[-39.29541,-5.765808],[-39.299988,-5.766113],[-39.301697,-5.769592],[-39.302185,-5.773926],[-39.308899,-5.774109],[-39.310303,-5.777893],[-39.313416,-5.779419],[-39.316895,-5.782593],[-39.322693,-5.783386],[-39.326477,-5.782593],[-39.328491,-5.786987],[-39.327881,-5.791687],[-39.331177,-5.795898],[-39.334229,-5.800781],[-39.338928,-5.806702],[-39.341492,-5.808899],[-39.344116,-5.816101],[-39.341492,-5.81958],[-39.343201,-5.825378],[-39.343506,-5.829285],[-39.344482,-5.832092],[-39.338501,-5.833008],[-39.333618,-5.834778],[-39.325317,-5.833313],[-39.321411,-5.832275],[-39.323425,-5.838928],[-39.32489,-5.845093],[-39.329529,-5.847595],[-39.332886,-5.847595],[-39.335876,-5.849915],[-39.341919,-5.851624],[-39.344604,-5.855408],[-39.348877,-5.859924],[-39.353821,-5.86322],[-39.350098,-5.866089],[-39.350281,-5.874207],[-39.350708,-5.879089],[-39.355103,-5.880676],[-39.357422,-5.883911],[-39.357605,-5.888977],[-39.357117,-5.893677],[-39.35791,-5.896912],[-39.362793,-5.89978],[-39.367187,-5.901123],[-39.368408,-5.904419],[-39.370911,-5.906128],[-39.373718,-5.906982],[-39.37561,-5.910095],[-39.373413,-5.912109],[-39.369812,-5.913879],[-39.365112,-5.914612],[-39.36261,-5.918518],[-39.359619,-5.921204],[-39.358276,-5.929199],[-39.361694,-5.932678],[-39.363892,-5.936218],[-39.36438,-5.939697],[-39.366211,-5.946716],[-39.363708,-5.949219],[-39.362488,-5.952026],[-39.353027,-5.952026],[-39.353394,-5.955322],[-39.355408,-5.958496],[-39.354797,-5.963379],[-39.357483,-5.96698],[-39.35791,-5.970215],[-39.361389,-5.973022],[-39.363098,-5.976501],[-39.364075,-5.979919],[-39.364685,-5.983215],[-39.366699,-5.986328],[-39.366821,-5.990112],[-39.36438,-5.992187],[-39.35968,-5.990417],[-39.355713,-5.98999],[-39.351807,-5.991394],[-39.348389,-5.994812],[-39.348816,-6.000916],[-39.34729,-6.004089],[-39.343811,-6.007507],[-39.342102,-6.003784],[-39.338013,-6.001892],[-39.334717,-6.001709],[-39.323975,-6.003296],[-39.320984,-6.005981],[-39.316406,-6.004578],[-39.309814,-6.000488],[-39.306702,-5.994202],[-39.302185,-5.991211],[-39.295776,-5.990906],[-39.294495,-5.997803],[-39.290283,-5.998596],[-39.281799,-6.004822],[-39.278015,-6.005127],[-39.272522,-5.999878],[-39.265808,-5.997192],[-39.257324,-5.998291],[-39.25293,-5.997803],[-39.248901,-5.996399],[-39.244507,-5.996704],[-39.23938,-5.995483],[-39.239075,-6.000488],[-39.235413,-6.000916],[-39.233276,-5.993896],[-39.231323,-5.98938],[-39.228516,-5.98761],[-39.225525,-5.988586],[-39.221008,-5.992126],[-39.209229,-5.990601],[-39.203979,-5.987488],[-39.202881,-5.977905],[-39.200378,-5.969482],[-39.19751,-5.963989],[-39.197876,-5.959595],[-39.196411,-5.957092],[-39.191711,-5.959412],[-39.18689,-5.96051],[-39.181091,-5.964111],[-39.175476,-5.963379],[-39.171021,-5.960327]]]},"properties":{"shapeName":"Deputado Irapuan Pinheiro","shapeISO":"56859067B95379226813402","shapeGroup":"BRA","shapeType":"ADM2","src_shape_id":"56859067B95379226813402","adm1ISO":"BR-CE"}},
{"type":"Feature","geometry":{"type":"Polygon","coordinates":[[[-38.159119,-5.9245],[-38.231995,-5.917175],[-38.259094,-5.92041],[-38.2724,-5.896423],[-38.275085,-5.891785],[-38.319397,-5.906616],[-38.321594,-5.908386],[-38.324829,-5.909912],[-38.328125,-5.91272],[-38.332581,-5.918396],[-38.33551,-5.919617],[-38.339111,-5.918884],[-38.370117,-5.916077],[-38.376709,-5.910217],[-38.382324,-5.915283],[-38.385193,-5.915222],[-38.392212,-5.914185],[-38.395813,-5.916626],[-38.399109,-5.916687],[-38.402893,-5.91571],[-38.405823,-5.912292],[-38.407593,-5.908081],[-38.408203,-5.904907],[-38.407715,-5.901489],[-38.412292,-5.899109],[-38.408691,-5.919189],[-38.405212,-5.9422],[-38.400513,-5.973999],[-38.398376,-5.994812],[-38.402527,-5.998596],[-38.403809,-6.001709],[-38.408325,-6.00293],[-38.411011,-6.005188],[-38.413818,-6.005981],[-38.415222,-6.008728],[-38.421387,-6.010803],[-38.42041,-6.016113],[-38.410583,-6.042297],[-38.40448,-6.057129],[-38.401917,-6.053589],[-38.39502,-6.05542],[-38.391296,-6.054077],[-38.386719,-6.054077],[-38.382385,-6.052612],[-38.383789,-6.059082],[-38.385376,-6.062378],[-38.384888,-6.06543],[-38.379028,-6.066284],[-38.3797,-6.072815],[-38.377502,-6.078308],[-38.374512,-6.080322],[-38.371887,-6.083801],[-38.366699,-6.087891],[-38.363098,-6.087585],[-38.361023,-6.085693],[-38.355225,-6.085876],[-38.354309,-6.083008],[-38.350403,-6.083191],[-38.34729,-6.080688],[-38.347229,-6.068298],[-38.341187,-6.07251],[-38.3396,-6.077576],[-38.336609,-6.080383],[-38.331604,-6.078308],[-38.327087,-6.078491],[-38.319275,-6.077209],[-38.315796,-6.081909],[-38.305298,-6.086792],[-38.300415,-6.080994],[-38.296204,-6.078125],[-38.292786,-6.076782],[-38.289795,-6.07251],[-38.2854,-6.070801],[-38.280823,-6.071411],[-38.276184,-6.069275],[-38.274719,-6.065186],[-38.271179,-6.063293],[-38.267517,-6.057129],[-38.264221,-6.054077],[-38.260193,-6.054199],[-38.260498,-6.050476],[-38.255615,-6.046814],[-38.252502,-6.043091],[-38.252808,-6.038513],[-38.251709,-6.033813],[-38.25238,-6.026978],[-38.25238,-6.021729],[-38.25061,-6.014099],[-38.25238,-6.010681],[-38.24939,-6.00531],[-38.244812,-6.00061],[-38.22998,-5.986877],[-38.221375,-5.979309],[-38.214478,-5.974304],[-38.211792,-5.971313],[-38.208496,-5.966492],[-38.205994,-5.964294],[-38.202026,-5.962097],[-38.198486,-5.961426],[-38.192383,-5.959595],[-38.189575,-5.957275],[-38.183594,-5.950195],[-38.180786,-5.950806],[-38.17749,-5.953491],[-38.174622,-5.953003],[-38.171082,-5.949707],[-38.163513,-5.944702],[-38.163208,-5.939514],[-38.165405,-5.932129],[-38.163879,-5.927612],[-38.159119,-5.9245]]]},"properties":{"shapeName":"Ereré","shapeISO":"56859067B52861098652317","shapeGroup":"BRA","shapeType":"ADM2","src_shape_id":"56859067B52861098652317","adm1ISO":"BR-CE"}},
{"type":"Feature","geometry":{"type":"Polygon","coordinates":[[[-38.409485,-3.819092],[-38.415588,-3.815796],[-38.436279,-3.804993],[-38.441528,-3.80249],[-38.44519,-3.805115],[-38.4422,-3.812622],[-38.443176,-3.816711],[-38.445312,-3.820496],[-38.445679,-3.825684],[-38.447876,-3.832703],[-38.44989,-3.837891],[-38.452393,-3.840027],[-38.456482,-3.841125],[-38.460022,-3.843018],[-38.464294,-3.842712],[-38.467102,-3.845215],[-38.46759,-3.848694],[-38.475891,-3.856812],[-38.477783,-3.860779],[-38.480408,-3.862976],[-38.484619,-3.864075],[-38.487915,-3.866577],[-38.48938,-3.870789],[-38.491577,-3.874817],[-38.492798,-3.879822],[-38.494202,-3.883606],[-38.496704,-3.886414],[-38.500488,-3.887878],[-38.502319,-3.892212],[-38.505127,-3.905212],[-38.506897,-3.916382],[-38.508423,-3.933716],[-38.506714,-3.9375],[-38.501099,-3.937378],[-38.494812,-3.934814],[-38.491882,-3.932617],[-38.488403,-3.926697],[-38.485901,-3.924622],[-38.4823,-3.925476],[-38.479004,-3.927979],[-38.474792,-3.928223],[-38.471008,-3.92749],[-38.468323,-3.924377],[-38.466309,-3.920715],[-38.463928,-3.914612],[-38.46051,-3.91571],[-38.452515,-3.920898],[-38.448608,-3.921509],[-38.44751,-3.918213],[-38.447388,-3.913879],[-38.443726,-3.905884],[-38.44342,-3.903015],[-38.440002,-3.900513],[-38.437012,-3.89679],[-38.434082,-3.894226],[-38.4328,-3.890808],[-38.432312,-3.887024],[-38.428589,-3.884888],[-38.424377,-3.884521],[-38.415527,-3.879211],[-38.413513,-3.875305],[-38.412781,-3.868286],[-38.413513,-3.86499],[-38.413086,-3.861877],[-38.413696,-3.857605],[-38.415588,-3.85321],[-38.416504,-3.848694],[-38.419312,-3.846008],[-38.421997,-3.844421],[-38.421021,-3.839783],[-38.421204,-3.835022],[-38.418213,-3.828796],[-38.419617,-3.825012],[-38.416382,-3.821106],[-38.412109,-3.821411],[-38.409485,-3.819092]]]},"properties":{"shapeName":"Eusébio","shapeISO":"56859067B48016322735430","shapeGroup":"BRA","shapeType":"ADM2","src_shape_id":"56859067B48016322735430","adm1ISO":"BR-CE"}},
{"type":"Feature","geometry":{"type":"Polygon","coordinates":[[[-39.680115,-7.01532],[-39.677124,-7.019775],[-39.675293,-7.023315],[-39.670898,-7.023193],[-39.664185,-7.021118],[-39.658508,-7.02063],[-39.65509,-7.019409],[-39.651611,-7.020508],[-39.648621,-7.020325],[-39.645081,-7.019287],[-39.644104,-7.01532],[-39.640808,-7.014587],[-39.637024,-7.014526],[-39.633606,-7.015991],[-39.629211,-7.01532],[-39.632385,-7.022583],[-39.610291,-7.031494],[-39.580017,-7.044312],[-39.57959,-7.039917],[-39.578491,-7.035583],[-39.578979,-7.031128],[-39.580811,-7.023376],[-39.578918,-7.020325],[-39.575928,-7.017517],[-39.571411,-7.018005],[-39.567627,-7.016785],[-39.564514,-7.0177],[-39.561401,-7.015808],[-39.557922,-7.012695],[-39.553894,-7.010986],[-39.546509,-7.009827],[-39.540894,-7.008484],[-39.536926,-7.006409],[-39.525879,-7.003113],[-39.519897,-7.002197],[-39.516113,-7.002197],[-39.51062,-7.006104],[-39.506592,-7.005798],[-39.50293,-7.007202],[-39.501709,-7.011292],[-39.492676,-7.01178],[-39.452209,-7.009827],[-39.435608,-6.963379],[-39.422607,-6.962097],[-39.394897,-6.922302],[-39.418701,-6.895081],[-39.483215,-6.897888],[-39.480713,-6.895508],[-39.479309,-6.8927],[-39.478088,-6.888184],[-39.478088,-6.884888],[-39.482483,-6.881775],[-39.485413,-6.876221],[-39.480225,-6.871704],[-39.47821,-6.868896],[-39.474609,-6.867798],[-39.473389,-6.864014],[-39.475708,-6.861328],[-39.476318,-6.857117],[-39.47821,-6.85498],[-39.478088,-6.851685],[-39.479492,-6.846191],[-39.482727,-6.841187],[-39.485718,-6.838928],[-39.494324,-6.846619],[-39.502319,-6.842712],[-39.500488,-6.839783],[-39.500793,-6.836304],[-39.504822,-6.832397],[-39.506287,-6.828308],[-39.50708,-6.818909],[-39.512512,-6.81311],[-39.515686,-6.810425],[-39.514221,-6.807312],[-39.513794,-6.804321],[-39.510986,-6.798706],[-39.509399,-6.792725],[-39.509705,-6.78772],[-39.511719,-6.784729],[-39.51178,-6.780579],[-39.51062,-6.776306],[-39.513794,-6.776306],[-39.544312,-6.768311],[-39.546875,-6.770325],[-39.550598,-6.776428],[-39.555481,-6.775513],[-39.568909,-6.779114],[-39.615112,-6.788025],[-39.618713,-6.791382],[-39.620911,-6.795105],[-39.624817,-6.795715],[-39.632507,-6.790222],[-39.63501,-6.79303],[-39.638428,-6.795593],[-39.641602,-6.796021],[-39.645386,-6.798889],[-39.648682,-6.800781],[-39.652405,-6.800598],[-39.656494,-6.797485],[-39.657227,-6.791626],[-39.661621,-6.792908],[-39.653687,-6.820679],[-39.653015,-6.825684],[-39.643799,-6.828979],[-39.639404,-6.837219],[-39.636902,-6.8396],[-39.638611,-6.842529],[-39.637512,-6.845215],[-39.638306,-6.848389],[-39.642578,-6.854614],[-39.64801,-6.858276],[-39.651611,-6.859375],[-39.655518,-6.862305],[-39.661804,-6.861084],[-39.664795,-6.862122],[-39.667114,-6.863892],[-39.667175,-6.871521],[-39.661499,-6.880798],[-39.665527,-6.890686],[-39.664429,-6.893677],[-39.665527,-6.896912],[-39.666321,-6.901611],[-39.664795,-6.906494],[-39.661804,-6.906799],[-39.660828,-6.903625],[-39.657898,-6.898682],[-39.655701,-6.895813],[-39.65033,-6.893982],[-39.646179,-6.893188],[-39.642212,-6.894226],[-39.634094,-6.893921],[-39.630981,-6.896301],[-39.623779,-6.898804],[-39.61969,-6.89801],[-39.615112,-6.899475],[-39.606506,-6.904175],[-39.607483,-6.917419],[-39.609985,-6.919189],[-39.61792,-6.931213],[-39.622192,-6.935425],[-39.62561,-6.935913],[-39.63031,-6.934021],[-39.634827,-6.935913],[-39.639404,-6.944214],[-39.624084,-6.95813],[-39.622009,-6.961487],[-39.625977,-6.9646],[-39.630615,-6.966797],[-39.633484,-6.968811],[-39.632202,-6.97168],[-39.636414,-6.978516],[-39.635803,-6.9823],[-39.639282,-6.984985],[-39.645691,-6.991211],[-39.65033,-6.991699],[-39.663208,-6.99408],[-39.65918,-7.002197],[-39.656311,-7.004089],[-39.658813,-7.006714],[-39.664795,-7.00769],[-39.673218,-7.009521],[-39.677979,-7.01178],[-39.680115,-7.01532]]]},"properties":{"shapeName":"Farias Brito","shapeISO":"56859067B39946839588909","shapeGroup":"BRA","shapeType":"ADM2","src_shape_id":"56859067B39946839588909","adm1ISO":"BR-CE"}},
{"type":"Feature","geometry":{"type":"Polygon","coordinates":[[[-40.188721,-3.957703],[-40.187378,-3.954224],[-40.184204,-3.952393],[-40.178223,-3.94989],[-40.174683,-3.946411],[-40.17218,-3.943176],[-40.170776,-3.939575],[-40.167297,-3.934509],[-40.166809,-3.929687],[-40.161621,-3.927979],[-40.158813,-3.923096],[-40.156006,-3.920715],[-40.153809,-3.917908],[-40.152588,-3.914795],[-40.149475,-3.912292],[-40.150024,-3.903381],[-40.148315,-3.900208],[-40.146179,-3.89801],[-40.142517,-3.898682],[-40.138977,-3.896912],[-40.137024,-3.892578],[-40.13501,-3.88562],[-40.139221,-3.879395],[-40.139709,-3.875916],[-40.136902,-3.868896],[-40.136108,-3.862793],[-40.136475,-3.859314],[-40.134888,-3.856506],[-40.130188,-3.855713],[-40.127625,-3.849182],[-40.126526,-3.845093],[-40.126587,-3.837891],[-40.125122,-3.827209],[-40.124329,-3.824219],[-40.12262,-3.821228],[-40.121582,-3.813904],[-40.120422,-3.808289],[-40.118896,-3.804321],[-40.115906,-3.791016],[-40.11499,-3.785583],[-40.115417,-3.776978],[-40.108521,-3.763123],[-40.116821,-3.759583],[-40.117493,-3.753784],[-40.119385,-3.746277],[-40.120728,-3.736084],[-40.11969,-3.731628],[-40.120605,-3.727905],[-40.120178,-3.724426],[-40.120605,-3.713684],[-40.122803,-3.711426],[-40.122192,-3.708191],[-40.126526,-3.707214],[-40.126099,-3.700806],[-40.18811,-3.695801],[-40.235718,-3.69751],[-40.257385,-3.71521],[-40.264099,-3.718689],[-40.26709,-3.721008],[-40.274902,-3.725708],[-40.27771,-3.728027],[-40.281311,-3.72998],[-40.284607,-3.730408],[-40.306213,-3.749878],[-40.304626,-3.754578],[-40.301514,-3.756714],[-40.303894,-3.76001],[-40.307312,-3.762207],[-40.310913,-3.763611],[-40.311096,-3.771912],[-40.307007,-3.781006],[-40.307495,-3.786682],[-40.328003,-3.788391],[-40.340393,-3.783325],[-40.359619,-3.836914],[-40.364075,-3.844788],[-40.365479,-3.852783],[-40.366394,-3.856323],[-40.369629,-3.860291],[-40.366394,-3.868408],[-40.362305,-3.869019],[-40.358887,-3.870483],[-40.356812,-3.872498],[-40.35321,-3.873413],[-40.341003,-3.870117],[-40.336304,-3.864014],[-40.331482,-3.862305],[-40.326599,-3.861511],[-40.32251,-3.861877],[-40.319824,-3.863708],[-40.314514,-3.887817],[-40.30481,-3.933228],[-40.278381,-3.939026],[-40.199219,-3.956482],[-40.193909,-3.957581],[-40.188721,-3.957703]]]},"properties":{"shapeName":"Forquilha","shapeISO":"56859067B46311901336077","shapeGroup":"BRA","shapeType":"ADM2","src_shape_id":"56859067B46311901336077","adm1ISO":"BR-CE"}},
{"type":"Feature","geometry":{"type":"Polygon","coordinates":[[[-38.401794,-3.825378],[-38.401794,-3.821777],[-38.406311,-3.815613],[-38.408691,-3.811584],[-38.420898,-3.794006],[-38.433228,-3.772278],[-38.435425,-3.770325],[-38.43689,-3.767212],[-38.442627,-3.757507],[-38.446106,-3.750305],[-38.45752,-3.728027],[-38.460876,-3.720215],[-38.463318,-3.713013],[-38.463806,-3.709229],[-38.46759,-3.70813],[-38.470703,-3.706177],[-38.473694,-3.705383],[-38.474609,-3.710815],[-38.477112,-3.716309],[-38.4776,-3.719788],[-38.481812,-3.721985],[-38.48761,-3.722412],[-38.494202,-3.724915],[-38.499023,-3.724426],[-38.503784,-3.72168],[-38.507629,-3.721008],[-38.516602,-3.717102],[-38.523926,-3.717896],[-38.526917,-3.719421],[-38.534729,-3.71759],[-38.539917,-3.715576],[-38.541992,-3.712219],[-38.546021,-3.711609],[-38.549316,-3.7099],[-38.554504,-3.706482],[-38.558716,-3.7052],[-38.56958,-3.700989],[-38.57489,-3.69812],[-38.576782,-3.695129],[-38.580383,-3.693787],[-38.58551,-3.693115],[-38.588013,-3.696411],[-38.589905,-3.699524],[-38.593384,-3.701904],[-38.596497,-3.703186],[-38.599976,-3.703491],[-38.606689,-3.702393],[-38.610413,-3.703125],[-38.621216,-3.703125],[-38.621704,-3.707275],[-38.61908,-3.711182],[-38.620117,-3.716187],[-38.61731,-3.720398],[-38.609192,-3.724609],[-38.606689,-3.726807],[-38.602295,-3.733582],[-38.601807,-3.737488],[-38.599609,-3.744385],[-38.601013,-3.747986],[-38.609009,-3.753784],[-38.611511,-3.756775],[-38.616821,-3.768494],[-38.620789,-3.776306],[-38.622375,-3.780396],[-38.626709,-3.782776],[-38.630798,-3.783813],[-38.634277,-3.791504],[-38.635376,-3.794922],[-38.635315,-3.798889],[-38.638123,-3.802002],[-38.636902,-3.80481],[-38.633911,-3.805481],[-38.629883,-3.807617],[-38.627014,-3.810913],[-38.624207,-3.81311],[-38.621521,-3.8172],[-38.618408,-3.820496],[-38.613708,-3.823975],[-38.603088,-3.830017],[-38.596619,-3.833313],[-38.593689,-3.834412],[-38.588379,-3.838013],[-38.570984,-3.842529],[-38.567078,-3.843384],[-38.557129,-3.846924],[-38.541382,-3.853394],[-38.542419,-3.859619],[-38.53949,-3.85968],[-38.523804,-3.863586],[-38.519287,-3.864929],[-38.520996,-3.86731],[-38.525391,-3.86969],[-38.52771,-3.872803],[-38.530029,-3.879578],[-38.526123,-3.883728],[-38.517029,-3.891724],[-38.513916,-3.893616],[-38.512695,-3.890686],[-38.509521,-3.888794],[-38.505005,-3.889221],[-38.500488,-3.887878],[-38.496704,-3.886414],[-38.494202,-3.883606],[-38.492798,-3.879822],[-38.491577,-3.874817],[-38.48938,-3.870789],[-38.487915,-3.866577],[-38.484619,-3.864075],[-38.480408,-3.862976],[-38.477783,-3.860779],[-38.475891,-3.856812],[-38.46759,-3.848694],[-38.467102,-3.845215],[-38.464294,-3.842712],[-38.460022,-3.843018],[-38.456482,-3.841125],[-38.452393,-3.840027],[-38.44989,-3.837891],[-38.447876,-3.832703],[-38.445679,-3.825684],[-38.445312,-3.820496],[-38.443176,-3.816711],[-38.4422,-3.812622],[-38.44519,-3.805115],[-38.441528,-3.80249],[-38.436279,-3.804993],[-38.415588,-3.815796],[-38.409485,-3.819092],[-38.401794,-3.825378]]]},"properties":{"shapeName":"Fortaleza","shapeISO":"56859067B83599165614359","shapeGroup":"BRA","shapeType":"ADM2","src_shape_id":"56859067B83599165614359","adm1ISO":"BR-CE"}},
{"type":"Feature","geometry":{"type":"MultiPolygon","coordinates":[[[[-37.767883,-4.426697],[-37.768311,-4.422607],[-37.766785,-4.418518],[-37.767029,-4.415405],[-37.768188,-4.411621],[-37.768311,-4.407593],[-37.769592,-4.402588],[-37.779785,-4.401611],[-37.785095,-4.400391],[-37.79303,-4.396423],[-37.796692,-4.39563],[-37.80011,-4.398804],[-37.805786,-4.398926],[-37.810913,-4.39801],[-37.819397,-4.393616],[-37.826599,-4.389099],[-37.830688,-4.387329],[-37.825317,-4.394714],[-37.819824,-4.396912],[-37.817627,-4.401489],[-37.821777,-4.401306],[-37.824585,-4.406311],[-37.832275,-4.402527],[-37.835999,-4.401611],[-37.839478,-4.404297],[-37.84198,-4.407288],[-37.846191,-4.407288],[-37.845886,-4.404297],[-37.844604,-4.401611],[-37.849304,-4.401611],[-37.855591,-4.402893],[-37.858276,-4.401306],[-37.864014,-4.401978],[-37.867798,-4.403503],[-37.870789,-4.402222],[-37.874329,-4.40509],[-37.870911,-4.408386],[-37.874084,-4.411011],[-37.876587,-4.408691],[-37.879211,-4.411316],[-37.883911,-4.411194],[-37.883789,-4.40741],[-37.891479,-4.408081],[-37.893005,-4.411682],[-37.8974,-4.407776],[-37.90033,-4.411926],[-37.904724,-4.412903],[-37.907715,-4.410583],[-37.908386,-4.407227],[-37.906799,-4.404419],[-37.909607,-4.401611],[-37.913513,-4.399597],[-37.92041,-4.399414],[-37.923889,-4.400391],[-37.931091,-4.3974],[-37.940186,-4.399414],[-37.943298,-4.399109],[-37.950012,-4.403687],[-37.949402,-4.408325],[-37.947998,-4.411987],[-37.950378,-4.415527],[-37.953491,-4.418823],[-37.957275,-4.420898],[-37.96759,-4.423706],[-37.971191,-4.426208],[-37.976318,-4.432312],[-37.974182,-4.439697],[-37.970215,-4.450012],[-37.965515,-4.456482],[-37.966309,-4.465027],[-37.963318,-4.467529],[-37.961121,-4.471008],[-37.956299,-4.469604],[-37.954895,-4.472717],[-37.953979,-4.477905],[-37.954407,-4.483521],[-37.956787,-4.48761],[-37.960022,-4.489807],[-37.959412,-4.493408],[-37.961975,-4.496582],[-37.964111,-4.501526],[-37.962891,-4.506714],[-37.96698,-4.510803],[-37.968079,-4.513611],[-37.968689,-4.517395],[-37.966492,-4.521484],[-37.963196,-4.525513],[-37.963318,-4.52948],[-37.903809,-4.538208],[-37.867676,-4.542908],[-37.864319,-4.542297],[-37.856018,-4.539429],[-37.850586,-4.536682],[-37.848389,-4.533691],[-37.851318,-4.530396],[-37.850708,-4.526611],[-37.848083,-4.522278],[-37.836121,-4.515808],[-37.833313,-4.513977],[-37.831909,-4.508728],[-37.825378,-4.504517],[-37.818176,-4.504089],[-37.810913,-4.506104],[-37.803711,-4.506226],[-37.795593,-4.508728],[-37.788696,-4.507202],[-37.786987,-4.49939],[-37.786377,-4.493713],[-37.782898,-4.49231],[-37.77948,-4.48999],[-37.777405,-4.48761],[-37.775696,-4.483887],[-37.77533,-4.479309],[-37.77179,-4.47821],[-37.77063,-4.473877],[-37.771606,-4.470886],[-37.77533,-4.468994],[-37.775085,-4.4646],[-37.771484,-4.463013],[-37.769592,-4.456726],[-37.770813,-4.452576],[-37.773193,-4.455627],[-37.775818,-4.457397],[-37.778809,-4.455627],[-37.781494,-4.452698],[-37.781128,-4.446228],[-37.784424,-4.443909],[-37.781494,-4.439087],[-37.7771,-4.434875],[-37.772827,-4.42981],[-37.767883,-4.426697]]],[[[-37.830688,-4.387329],[-37.834106,-4.383911],[-37.838318,-4.38092],[-37.842896,-4.379211],[-37.846008,-4.381714],[-37.843689,-4.384094],[-37.839783,-4.385681],[-37.836914,-4.387512],[-37.833496,-4.387817],[-37.830688,-4.387329]]]]},"properties":{"shapeName":"Fortim","shapeISO":"56859067B63488334725218","shapeGroup":"BRA","shapeType":"ADM2","src_shape_id":"56859067B63488334725218","adm1ISO":"BR-CE"}},
{"type":"Feature","geometry":{"type":"Polygon","coordinates":[[[-40.889709,-3.664917],[-40.878479,-3.708679],[-40.874207,-3.722412],[-40.880127,-3.738892],[-40.893311,-3.775208],[-40.894226,-3.780518],[-40.884277,-3.783508],[-40.88031,-3.783508],[-40.875305,-3.784119],[-40.871094,-3.783508],[-40.860596,-3.785583],[-40.854614,-3.7854],[-40.851318,-3.786194],[-40.847595,-3.788025],[-40.843811,-3.788696],[-40.820312,-3.787781],[-40.780029,-3.785278],[-40.781921,-3.780212],[-40.782104,-3.776123],[-40.782898,-3.772827],[-40.785706,-3.77002],[-40.784485,-3.766724],[-40.784119,-3.763794],[-40.778992,-3.758301],[-40.779907,-3.752075],[-40.782593,-3.746094],[-40.782715,-3.74231],[-40.779114,-3.733582],[-40.770813,-3.727295],[-40.768188,-3.722412],[-40.766785,-3.71759],[-40.760315,-3.709412],[-40.757996,-3.707397],[-40.755127,-3.706604],[-40.752197,-3.703308],[-40.748291,-3.702698],[-40.744385,-3.701111],[-40.742004,-3.697693],[-40.738708,-3.694519],[-40.734314,-3.689209],[-40.756714,-3.660278],[-40.766113,-3.648376],[-40.819702,-3.635925],[-40.827026,-3.633911],[-40.832092,-3.633911],[-40.841125,-3.641785],[-40.844482,-3.642822],[-40.847412,-3.645813],[-40.850891,-3.646912],[-40.854919,-3.647278],[-40.861694,-3.646606],[-40.86261,-3.642517],[-40.865112,-3.640198],[-40.86792,-3.641785],[-40.871399,-3.6474],[-40.872681,-3.652283],[-40.87561,-3.656799],[-40.880981,-3.658081],[-40.887207,-3.661499],[-40.889709,-3.664917]]]},"properties":{"shapeName":"Frecheirinha","shapeISO":"56859067B32169287325922","shapeGroup":"BRA","shapeType":"ADM2","src_shape_id":"56859067B32169287325922","adm1ISO":"BR-CE"}},
{"type":"Feature","geometry":{"type":"Polygon","coordinates":[[[-39.484497,-4.005188],[-39.487305,-4.004395],[-39.489502,-4.001099],[-39.49408,-3.997925],[-39.498413,-3.998413],[-39.502808,-4.001282],[-39.514099,-4.032776],[-39.533203,-4.084595],[-39.547119,-4.110107],[-39.547485,-4.143005],[-39.550903,-4.148621],[-39.551575,-4.151489],[-39.543701,-4.158325],[-39.540222,-4.159119],[-39.531982,-4.153992],[-39.530518,-4.151611],[-39.53009,-4.146912],[-39.531799,-4.139221],[-39.52948,-4.136902],[-39.526184,-4.137085],[-39.523376,-4.135925],[-39.522095,-4.132385],[-39.521729,-4.128479],[-39.525513,-4.122681],[-39.52301,-4.119629],[-39.52002,-4.118713],[-39.513123,-4.11908],[-39.508728,-4.118408],[-39.505615,-4.116211],[-39.497498,-4.112793],[-39.493408,-4.111694],[-39.483887,-4.121582],[-39.450012,-4.128601],[-39.450989,-4.12439],[-39.450317,-4.120117],[-39.451599,-4.111084],[-39.44751,-4.108887],[-39.446594,-4.104492],[-39.441711,-4.103821],[-39.437317,-4.101501],[-39.406921,-4.096375],[-39.405579,-4.099121],[-39.399475,-4.104187],[-39.395691,-4.103394],[-39.391113,-4.105103],[-39.386108,-4.104187],[-39.382812,-4.104614],[-39.377625,-4.109375],[-39.374084,-4.110413],[-39.370911,-4.109802],[-39.368591,-4.106812],[-39.365112,-4.10498],[-39.36261,-4.102478],[-39.358704,-4.102295],[-39.35791,-4.098877],[-39.369385,-4.088989],[-39.323914,-4.09021],[-39.373413,-4.040405],[-39.390991,-4.022888],[-39.41748,-3.996094],[-39.444519,-3.969299],[-39.447327,-3.970215],[-39.447388,-3.973083],[-39.445984,-3.976013],[-39.446716,-3.979004],[-39.451416,-3.98291],[-39.450623,-3.987915],[-39.451477,-3.990906],[-39.454712,-3.997192],[-39.455627,-4.000305],[-39.459106,-4.00238],[-39.463684,-4.002502],[-39.469727,-4.004822],[-39.476807,-4.003296],[-39.484497,-4.005188]]]},"properties":{"shapeName":"General Sampaio","shapeISO":"56859067B86907470602863","shapeGroup":"BRA","shapeType":"ADM2","src_shape_id":"56859067B86907470602863","adm1ISO":"BR-CE"}},
{"type":"Feature","geometry":{"type":"Polygon","coordinates":[[[-40.729187,-3.967712],[-40.737183,-3.962219],[-40.746094,-3.960388],[-40.750183,-3.956909],[-40.756409,-3.952881],[-40.760193,-3.951111],[-40.763489,-3.952393],[-40.767822,-3.953186],[-40.77179,-3.952576],[-40.775513,-3.953613],[-40.783325,-3.952881],[-40.791321,-3.953979],[-40.794312,-3.953613],[-40.798279,-3.955078],[-40.802917,-3.955322],[-40.809021,-3.952576],[-40.812195,-3.95282],[-40.820923,-3.954895],[-40.824219,-3.957397],[-40.830688,-3.958618],[-40.835999,-3.958313],[-40.837585,-3.985901],[-40.834412,-3.987183],[-40.833618,-3.993896],[-40.833313,-4.00061],[-40.833496,-4.004089],[-40.8349,-4.01239],[-40.83728,-4.014526],[-40.838318,-4.018494],[-40.836304,-4.022095],[-40.835388,-4.025696],[-40.835083,-4.036987],[-40.834229,-4.046814],[-40.835022,-4.051697],[-40.83728,-4.054199],[-40.843323,-4.063293],[-40.845215,-4.070007],[-40.845703,-4.073608],[-40.845093,-4.077026],[-40.843506,-4.080322],[-40.844299,-4.085083],[-40.84552,-4.089478],[-40.844788,-4.095825],[-40.847107,-4.102417],[-40.839111,-4.103882],[-40.831604,-4.1073],[-40.822876,-4.109802],[-40.819885,-4.111206],[-40.815308,-4.114319],[-40.810913,-4.117981],[-40.805115,-4.122375],[-40.802185,-4.125427],[-40.802185,-4.129211],[-40.797485,-4.131287],[-40.787598,-4.130005],[-40.783691,-4.13092],[-40.779602,-4.130005],[-40.775818,-4.128601],[-40.77179,-4.12793],[-40.767883,-4.128601],[-40.764221,-4.130493],[-40.757629,-4.128601],[-40.750977,-4.126282],[-40.747986,-4.12439],[-40.744385,-4.123108],[-40.739502,-4.12262],[-40.735291,-4.124695],[-40.735718,-4.13031],[-40.737305,-4.133484],[-40.738098,-4.137024],[-40.734985,-4.135986],[-40.729187,-4.131226],[-40.726501,-4.129883],[-40.718201,-4.128113],[-40.713623,-4.128113],[-40.690796,-4.076904],[-40.682495,-4.057495],[-40.713623,-4.058411],[-40.725525,-3.998901],[-40.729919,-3.976501],[-40.729187,-3.967712]]]},"properties":{"shapeName":"Graça","shapeISO":"56859067B95005657066987","shapeGroup":"BRA","shapeType":"ADM2","src_shape_id":"56859067B95005657066987","adm1ISO":"BR-CE"}},
{"type":"Feature","geometry":{"type":"Polygon","coordinates":[[[-41.304077,-3.492004],[-41.30011,-3.491394],[-41.28772,-3.479187],[-41.284302,-3.48053],[-41.28009,-3.480408],[-41.276611,-3.481812],[-41.273682,-3.481079],[-41.271179,-3.478577],[-41.267822,-3.479126],[-41.261108,-3.479309],[-41.258789,-3.471619],[-41.255676,-3.468628],[-41.252319,-3.466309],[-41.251526,-3.460876],[-41.245422,-3.457703],[-41.241699,-3.456421],[-41.238708,-3.458313],[-41.235413,-3.456421],[-41.234314,-3.448792],[-41.231323,-3.448608],[-41.228394,-3.445984],[-41.228027,-3.442993],[-41.223816,-3.441406],[-41.221619,-3.43811],[-41.226196,-3.436279],[-41.234009,-3.434875],[-41.232605,-3.431702],[-41.230591,-3.428894],[-41.227295,-3.426697],[-41.222717,-3.425598],[-41.219421,-3.421997],[-41.216797,-3.423706],[-41.213806,-3.422791],[-41.2099,-3.4245],[-41.207275,-3.422119],[-41.205688,-3.418884],[-41.203979,-3.409729],[-41.201111,-3.406677],[-41.194824,-3.398193],[-41.177307,-3.379089],[-41.173096,-3.3255],[-41.170105,-3.287903],[-41.159302,-3.326416],[-41.14801,-3.362976],[-41.141479,-3.359924],[-41.135925,-3.360718],[-41.130676,-3.359985],[-41.127197,-3.359009],[-41.124084,-3.359619],[-41.120483,-3.361816],[-41.115723,-3.361694],[-41.113098,-3.363525],[-41.106506,-3.366089],[-41.103027,-3.366882],[-41.0979,-3.369995],[-41.08783,-3.372009],[-41.057312,-3.387878],[-41.048889,-3.391479],[-41.051697,-3.401978],[-41.026611,-3.408691],[-41.023621,-3.409607],[-41.003479,-3.422913],[-40.982178,-3.440796],[-40.96051,-3.458679],[-40.92981,-3.484375],[-40.886292,-3.519409],[-40.885376,-3.516602],[-40.880493,-3.512878],[-40.875977,-3.512207],[-40.872009,-3.510986],[-40.869385,-3.508911],[-40.871277,-3.506409],[-40.876099,-3.501526],[-40.879395,-3.499084],[-40.88269,-3.495422],[-40.882629,-3.487488],[-40.878113,-3.485413],[-40.875488,-3.481995],[-40.869019,-3.480103],[-40.867004,-3.477417],[-40.872803,-3.472717],[-40.872803,-3.468811],[-40.868896,-3.464417],[-40.869629,-3.460876],[-40.866211,-3.455811],[-40.864624,-3.449097],[-40.862183,-3.444092],[-40.861023,-3.43988],[-40.854004,-3.436401],[-40.851807,-3.433594],[-40.8479,-3.431091],[-40.846375,-3.428406],[-40.848389,-3.424316],[-40.851196,-3.42041],[-40.850098,-3.417725],[-40.846008,-3.408508],[-40.843201,-3.395691],[-40.841309,-3.391113],[-40.836304,-3.381897],[-40.83429,-3.379211],[-40.830078,-3.375793],[-40.828308,-3.372009],[-40.829102,-3.367798],[-40.83313,-3.361694],[-40.836182,-3.361816],[-40.83783,-3.358887],[-40.877625,-3.3703],[-40.879028,-3.363586],[-40.87262,-3.357178],[-40.870911,-3.354187],[-40.868225,-3.351685],[-40.864502,-3.349976],[-40.86261,-3.346497],[-40.859619,-3.34552],[-40.856079,-3.342529],[-40.854492,-3.338623],[-40.852295,-3.335815],[-40.851929,-3.332581],[-40.849609,-3.330078],[-40.849487,-3.323425],[-40.849915,-3.319702],[-40.852295,-3.315613],[-40.852295,-3.311584],[-40.850708,-3.309082],[-40.846802,-3.30719],[-40.842712,-3.307983],[-40.838318,-3.307617],[-40.834412,-3.30481],[-40.8302,-3.299316],[-40.827026,-3.298523],[-40.821411,-3.296387],[-40.818604,-3.292603],[-40.81781,-3.287109],[-40.815918,-3.284302],[-40.815491,-3.278809],[-40.812927,-3.275208],[-40.8125,-3.271606],[-40.816711,-3.270813],[-40.823792,-3.273682],[-40.827026,-3.272888],[-40.830322,-3.269592],[-40.838013,-3.266479],[-40.838989,-3.262512],[-40.835815,-3.260498],[-40.828796,-3.257996],[-40.821411,-3.258728],[-40.822876,-3.255493],[-40.825195,-3.252197],[-40.828003,-3.250488],[-40.830078,-3.247803],[-40.835388,-3.243591],[-40.839111,-3.241394],[-40.837097,-3.238098],[-40.830627,-3.238708],[-40.827698,-3.237],[-40.826721,-3.233704],[-40.828308,-3.229797],[-40.832581,-3.230225],[-40.836487,-3.229492],[-40.838196,-3.226501],[-40.837891,-3.222595],[-40.836487,-3.217712],[-40.832214,-3.21283],[-40.833496,-3.209229],[-40.794312,-3.218018],[-40.727905,-3.233887],[-40.712585,-3.216187],[-40.71051,-3.211426],[-40.722778,-3.162903],[-40.730713,-3.131104],[-40.745911,-3.070679],[-40.750977,-3.050781],[-40.687195,-3.081421],[-40.648376,-3.100098],[-40.599182,-3.123718],[-40.57428,-3.137329],[-40.571106,-3.134277],[-40.566223,-3.132385],[-40.517212,-3.11261],[-40.508118,-3.110901],[-40.494812,-3.062012],[-40.497986,-3.060791],[-40.505981,-3.055908],[-40.514404,-3.051392],[-40.516724,-3.048584],[-40.519104,-3.046875],[-40.52063,-3.044312],[-40.524292,-3.041809],[-40.525818,-3.038818],[-40.528687,-3.035828],[-40.536987,-3.03241],[-40.541321,-3.031311],[-40.546692,-3.028687],[-40.552612,-3.027222],[-40.557922,-3.02533],[-40.561401,-3.023376],[-40.563477,-3.020386],[-40.563416,-3.016907],[-40.664124,-3.010193],[-40.691711,-3.008484],[-40.753784,-3.020203],[-40.808716,-3.030579],[-40.838806,-3.036194],[-40.843079,-3.033508],[-40.880127,-3.010803],[-40.888611,-3.012329],[-40.928589,-3.019226],[-40.956604,-3.023987],[-40.991821,-3.03009],[-41,-3.034912],[-41.103027,-3.092224],[-41.134094,-3.11438],[-41.151123,-3.125122],[-41.166199,-3.13562],[-41.217224,-3.166992],[-41.237427,-3.179504],[-41.322693,-3.178284],[-41.360596,-3.244385],[-41.38678,-3.288696],[-41.390198,-3.294617],[-41.395203,-3.305298],[-41.395386,-3.310608],[-41.40033,-3.319397],[-41.39801,-3.324707],[-41.397888,-3.327576],[-41.400513,-3.330688],[-41.408508,-3.336182],[-41.412292,-3.340698],[-41.414124,-3.349121],[-41.415222,-3.3526],[-41.417603,-3.3573],[-41.423279,-3.36438],[-41.423523,-3.367981],[-41.420105,-3.370483],[-41.414185,-3.368408],[-41.403809,-3.362305],[-41.400208,-3.365784],[-41.400696,-3.370117],[-41.398682,-3.375488],[-41.398926,-3.38031],[-41.398682,-3.386414],[-41.393677,-3.384827],[-41.390808,-3.386475],[-41.388184,-3.388794],[-41.386719,-3.392212],[-41.386292,-3.395996],[-41.386475,-3.401978],[-41.387329,-3.406189],[-41.386719,-3.408997],[-41.384277,-3.407104],[-41.382202,-3.404297],[-41.378418,-3.401489],[-41.374023,-3.398987],[-41.366821,-3.397095],[-41.363281,-3.397522],[-41.362122,-3.393921],[-41.35968,-3.391296],[-41.354126,-3.388794],[-41.351196,-3.388],[-41.347412,-3.386108],[-41.344788,-3.387512],[-41.323975,-3.385925],[-41.324707,-3.426392],[-41.326904,-3.446289],[-41.31958,-3.483826],[-41.304077,-3.492004]]]},"properties":{"shapeName":"Granja","shapeISO":"56859067B39466543976812","shapeGroup":"BRA","shapeType":"ADM2","src_shape_id":"56859067B39466543976812","adm1ISO":"BR-CE"}},
{"type":"Feature","geometry":{"type":"Polygon","coordinates":[[[-39.166504,-6.935791],[-39.166504,-6.905884],[-39.185791,-6.863708],[-39.189575,-6.863708],[-39.195496,-6.866516],[-39.19928,-6.871399],[-39.207397,-6.876892],[-39.211487,-6.877075],[-39.216125,-6.876404],[-39.220886,-6.877625],[-39.229309,-6.881104],[-39.23761,-6.881714],[-39.266113,-6.881714],[-39.322388,-6.900391],[-39.329285,-6.902588],[-39.338379,-6.906006],[-39.336426,-6.908081],[-39.338501,-6.911804],[-39.339478,-6.91571],[-39.337891,-6.924927],[-39.338501,-6.928101],[-39.340088,-6.930725],[-39.345398,-6.937683],[-39.346802,-6.941406],[-39.346008,-6.944275],[-39.342102,-6.945007],[-39.339783,-6.948792],[-39.336609,-6.957275],[-39.336914,-6.960876],[-39.331482,-6.9646],[-39.329712,-6.96759],[-39.330078,-6.974976],[-39.331482,-6.978699],[-39.330078,-6.981812],[-39.326599,-6.984497],[-39.323608,-6.967224],[-39.320984,-6.933289],[-39.296997,-6.938721],[-39.284119,-6.9375],[-39.276794,-6.936279],[-39.27301,-6.934875],[-39.266113,-6.936707],[-39.262085,-6.936401],[-39.263,-6.933228],[-39.260498,-6.931824],[-39.256775,-6.935608],[-39.253296,-6.935181],[-39.24939,-6.935425],[-39.246094,-6.934875],[-39.238708,-6.931396],[-39.235901,-6.929504],[-39.222412,-6.929687],[-39.197021,-6.932312],[-39.166504,-6.935791]]]},"properties":{"shapeName":"Granjeiro","shapeISO":"56859067B11059555749091","shapeGroup":"BRA","shapeType":"ADM2","src_shape_id":"56859067B11059555749091","adm1ISO":"BR-CE"}},
{"type":"Feature","geometry":{"type":"Polygon","coordinates":[[[-40.360718,-4.030212],[-40.348511,-4.000488],[-40.346985,-3.996094],[-40.336609,-3.969299],[-40.30481,-3.933228],[-40.314514,-3.887817],[-40.319824,-3.863708],[-40.32251,-3.861877],[-40.326599,-3.861511],[-40.331482,-3.862305],[-40.336304,-3.864014],[-40.341003,-3.870117],[-40.35321,-3.873413],[-40.356812,-3.872498],[-40.358887,-3.870483],[-40.362305,-3.869019],[-40.366394,-3.868408],[-40.369629,-3.860291],[-40.372375,-3.858887],[-40.376099,-3.852295],[-40.378601,-3.846191],[-40.3797,-3.841492],[-40.379211,-3.836792],[-40.381409,-3.831909],[-40.382812,-3.827576],[-40.384583,-3.82428],[-40.385193,-3.820129],[-40.386292,-3.816711],[-40.387329,-3.81012],[-40.387512,-3.805725],[-40.389404,-3.801514],[-40.400879,-3.80249],[-40.41571,-3.806519],[-40.411377,-3.846008],[-40.409119,-3.868286],[-40.405884,-3.8974],[-40.40448,-3.90918],[-40.40448,-3.91272],[-40.406616,-3.919983],[-40.406921,-3.928894],[-40.405212,-3.932678],[-40.40332,-3.934998],[-40.400024,-3.936401],[-40.398926,-3.940918],[-40.396301,-3.94281],[-40.399475,-3.953308],[-40.397888,-3.955811],[-40.394226,-3.956909],[-40.393921,-3.960693],[-40.394104,-3.968018],[-40.392212,-3.971008],[-40.390808,-3.974609],[-40.387512,-3.976685],[-40.38501,-3.980286],[-40.38208,-3.985779],[-40.376587,-3.993286],[-40.371826,-3.994812],[-40.370422,-3.997498],[-40.370605,-4.000916],[-40.368591,-4.006775],[-40.370483,-4.010376],[-40.371704,-4.014099],[-40.367004,-4.019714],[-40.361511,-4.025513],[-40.360718,-4.030212]]]},"properties":{"shapeName":"Groaíras","shapeISO":"56859067B67706386881403","shapeGroup":"BRA","shapeType":"ADM2","src_shape_id":"56859067B67706386881403","adm1ISO":"BR-CE"}},
{"type":"Feature","geometry":{"type":"Polygon","coordinates":[[[-38.619812,-4.164185],[-38.618286,-4.161011],[-38.616211,-4.159119],[-38.612976,-4.151794],[-38.60968,-4.15033],[-38.607605,-4.147583],[-38.600708,-4.144714],[-38.595215,-4.143616],[-38.592407,-4.141724],[-38.58783,-4.137512],[-38.583923,-4.135193],[-38.579895,-4.134888],[-38.573792,-4.133423],[-38.570801,-4.131775],[-38.569275,-4.126526],[-38.565979,-4.122986],[-38.567017,-4.119385],[-38.569397,-4.116089],[-38.57251,-4.112793],[-38.576721,-4.105713],[-38.585022,-4.106384],[-38.590088,-4.105591],[-38.593811,-4.106384],[-38.597595,-4.105896],[-38.601196,-4.104614],[-38.604919,-4.102417],[-38.60791,-4.10199],[-38.612305,-4.103699],[-38.612122,-4.10022],[-38.604492,-4.058777],[-38.574707,-4.054077],[-38.586182,-4.038513],[-38.593689,-4.029419],[-38.599915,-4.022583],[-38.60553,-4.014221],[-38.607117,-4.011108],[-38.609375,-4.014282],[-38.613281,-4.015198],[-38.617798,-4.015503],[-38.621887,-4.014893],[-38.625,-4.015503],[-38.627502,-4.022827],[-38.634583,-4.023499],[-38.650818,-4.007812],[-38.654175,-4.01239],[-38.667175,-4.017212],[-38.668579,-4.021484],[-38.670715,-4.025208],[-38.673828,-4.02832],[-38.674377,-4.032715],[-38.672119,-4.037598],[-38.676208,-4.041199],[-38.67981,-4.043579],[-38.686401,-4.048584],[-38.690613,-4.049988],[-38.694702,-4.050293],[-38.698608,-4.05188],[-38.701904,-4.05542],[-38.708679,-4.061218],[-38.719604,-4.06781],[-38.722717,-4.068909],[-38.723511,-4.072083],[-38.72699,-4.073303],[-38.73468,-4.071411],[-38.744812,-4.072021],[-38.745911,-4.074829],[-38.7453,-4.077881],[-38.749329,-4.091187],[-38.749023,-4.095886],[-38.755005,-4.128296],[-38.769104,-4.128296],[-38.773804,-4.131714],[-38.776611,-4.130005],[-38.780212,-4.13031],[-38.78418,-4.134094],[-38.789612,-4.135193],[-38.79071,-4.139526],[-38.79071,-4.142822],[-38.775513,-4.162476],[-38.756714,-4.157227],[-38.749084,-4.158875],[-38.719177,-4.168213],[-38.71521,-4.173096],[-38.716675,-4.188293],[-38.708618,-4.18573],[-38.705811,-4.183899],[-38.703613,-4.18042],[-38.700378,-4.177917],[-38.696716,-4.171997],[-38.691895,-4.169617],[-38.687683,-4.168091],[-38.685181,-4.169495],[-38.677795,-4.166687],[-38.67511,-4.163513],[-38.671021,-4.161316],[-38.665588,-4.160828],[-38.661377,-4.159912],[-38.657715,-4.15802],[-38.647888,-4.159424],[-38.640381,-4.15918],[-38.637512,-4.161194],[-38.630676,-4.163208],[-38.627075,-4.163879],[-38.623718,-4.165222],[-38.619812,-4.164185]]]},"properties":{"shapeName":"Guaiúba","shapeISO":"56859067B40987970950601","shapeGroup":"BRA","shapeType":"ADM2","src_shape_id":"56859067B40987970950601","adm1ISO":"BR-CE"}},
{"type":"Feature","geometry":{"type":"Polygon","coordinates":[[[-41.11969,-4.325623],[-41.120178,-4.330505],[-41.126404,-4.335693],[-41.133423,-4.34082],[-41.13562,-4.343384],[-41.136475,-4.348511],[-41.141479,-4.353699],[-41.14209,-4.359009],[-41.145203,-4.362],[-41.148987,-4.367798],[-41.143005,-4.370117],[-41.007385,-4.27301],[-40.9823,-4.278076],[-40.927307,-4.28949],[-40.89032,-4.313721],[-40.882385,-4.316284],[-40.879517,-4.313477],[-40.875916,-4.316223],[-40.876709,-4.321594],[-40.87262,-4.321594],[-40.869629,-4.322815],[-40.868713,-4.31958],[-40.865601,-4.31842],[-40.860596,-4.315613],[-40.860413,-4.312012],[-40.863403,-4.308105],[-40.867676,-4.306396],[-40.869507,-4.304199],[-40.86322,-4.300415],[-40.858276,-4.299011],[-40.854492,-4.296814],[-40.851318,-4.298584],[-40.849487,-4.30188],[-40.847229,-4.304687],[-40.843811,-4.306824],[-40.840515,-4.31073],[-40.839111,-4.313599],[-40.845276,-4.318481],[-40.847107,-4.321411],[-40.841614,-4.32428],[-40.802917,-4.345886],[-40.801208,-4.343506],[-40.799988,-4.338928],[-40.798401,-4.330994],[-40.797119,-4.328308],[-40.793823,-4.326904],[-40.788208,-4.319397],[-40.787476,-4.316589],[-40.787476,-4.311707],[-40.789795,-4.308411],[-40.790527,-4.296082],[-40.792297,-4.288513],[-40.799683,-4.27948],[-40.80188,-4.275696],[-40.801208,-4.270996],[-40.802979,-4.266907],[-40.801208,-4.263916],[-40.794312,-4.25708],[-40.790283,-4.254089],[-40.788513,-4.248901],[-40.782288,-4.239075],[-40.777222,-4.234924],[-40.769775,-4.232422],[-40.759705,-4.230591],[-40.756714,-4.229004],[-40.744202,-4.224976],[-40.736511,-4.220215],[-40.735413,-4.216003],[-40.735291,-4.211609],[-40.732788,-4.207397],[-40.726501,-4.203613],[-40.726196,-4.197876],[-40.724182,-4.195496],[-40.723389,-4.191284],[-40.719482,-4.189819],[-40.717529,-4.1875],[-40.720276,-4.184814],[-40.719299,-4.182007],[-40.716003,-4.180908],[-40.712097,-4.176208],[-40.711426,-4.172424],[-40.711792,-4.167419],[-40.710876,-4.162781],[-40.713196,-4.159912],[-40.711426,-4.156982],[-40.714111,-4.152893],[-40.714111,-4.14801],[-40.715881,-4.138977],[-40.713623,-4.128113],[-40.718201,-4.128113],[-40.726501,-4.129883],[-40.729187,-4.131226],[-40.734985,-4.135986],[-40.738098,-4.137024],[-40.737305,-4.133484],[-40.735718,-4.13031],[-40.735291,-4.124695],[-40.739502,-4.12262],[-40.744385,-4.123108],[-40.747986,-4.12439],[-40.750977,-4.126282],[-40.757629,-4.128601],[-40.764221,-4.130493],[-40.767883,-4.128601],[-40.77179,-4.12793],[-40.775818,-4.128601],[-40.779602,-4.130005],[-40.783691,-4.13092],[-40.787598,-4.130005],[-40.797485,-4.131287],[-40.802185,-4.129211],[-40.802185,-4.125427],[-40.805115,-4.122375],[-40.810913,-4.117981],[-40.82312,-4.117126],[-40.833679,-4.1203],[-40.840698,-4.12738],[-40.843628,-4.128723],[-40.851196,-4.141907],[-40.854187,-4.146118],[-40.854004,-4.149902],[-40.851929,-4.153381],[-40.860901,-4.154175],[-40.864319,-4.153687],[-40.868591,-4.157104],[-40.875,-4.156311],[-40.880005,-4.156616],[-40.882996,-4.154175],[-40.885986,-4.15271],[-40.892212,-4.154297],[-40.895325,-4.156982],[-40.899109,-4.157776],[-40.909912,-4.16748],[-40.939819,-4.196228],[-40.975403,-4.230225],[-40.976624,-4.226501],[-40.983887,-4.216797],[-40.983276,-4.213806],[-40.985291,-4.210815],[-40.99231,-4.208313],[-40.996094,-4.203613],[-40.997681,-4.199585],[-41.001404,-4.194824],[-41.003906,-4.19281],[-41.007019,-4.191284],[-41.013916,-4.198425],[-41.016907,-4.19989],[-41.067505,-4.200195],[-41.070618,-4.200806],[-41.073975,-4.200378],[-41.078186,-4.193115],[-41.080383,-4.190979],[-41.083496,-4.189209],[-41.087585,-4.188782],[-41.091492,-4.186707],[-41.098877,-4.180908],[-41.135925,-4.233521],[-41.119507,-4.307312],[-41.119385,-4.312988],[-41.118103,-4.317688],[-41.11969,-4.325623]]]},"properties":{"shapeName":"Guaraciaba do Norte","shapeISO":"56859067B84728913810343","shapeGroup":"BRA","shapeType":"ADM2","src_shape_id":"56859067B84728913810343","adm1ISO":"BR-CE"}},
{"type":"Feature","geometry":{"type":"Polygon","coordinates":[[[-38.890503,-4.275818],[-38.891296,-4.270813],[-38.895325,-4.264587],[-38.8974,-4.262695],[-38.898804,-4.259277],[-38.897827,-4.256226],[-38.899475,-4.253601],[-38.905029,-4.247925],[-38.911926,-4.247375],[-38.915283,-4.248108],[-38.918579,-4.247925],[-38.922607,-4.245605],[-38.924805,-4.242615],[-38.927795,-4.240112],[-38.929382,-4.236816],[-38.936707,-4.236084],[-38.940125,-4.234619],[-38.938782,-4.228027],[-38.936707,-4.224976],[-38.9375,-4.221313],[-38.935791,-4.216919],[-38.934998,-4.213013],[-38.941711,-4.206421],[-38.946777,-4.205811],[-38.948792,-4.202698],[-38.948975,-4.199097],[-38.947998,-4.195129],[-38.945312,-4.194092],[-38.94458,-4.188293],[-38.944885,-4.184509],[-38.945984,-4.181213],[-38.949402,-4.181213],[-38.952209,-4.183411],[-38.961609,-4.184082],[-38.9599,-4.188599],[-38.96283,-4.19043],[-38.964111,-4.187195],[-38.96698,-4.186829],[-38.971802,-4.190125],[-38.974304,-4.186829],[-38.974792,-4.190308],[-38.976318,-4.19519],[-38.979187,-4.194092],[-38.980713,-4.201111],[-38.982788,-4.20459],[-38.992126,-4.206116],[-38.9953,-4.206299],[-39.000305,-4.207581],[-39.003296,-4.210327],[-39.006104,-4.211792],[-39.00708,-4.218811],[-39.005493,-4.222778],[-39.005493,-4.226379],[-39.009827,-4.226196],[-39.014893,-4.225403],[-39.020508,-4.223328],[-39.026001,-4.226929],[-39.02301,-4.230225],[-39.017578,-4.230408],[-39.014099,-4.229492],[-39.011597,-4.231201],[-39.010986,-4.235718],[-39.004211,-4.233276],[-39.000977,-4.236023],[-38.998901,-4.239624],[-38.998291,-4.243103],[-38.996399,-4.247375],[-38.994507,-4.249512],[-38.997009,-4.250916],[-39.004211,-4.251099],[-39.007385,-4.25293],[-39.002808,-4.253906],[-38.994385,-4.258911],[-39.003113,-4.260986],[-38.985291,-4.265808],[-38.941223,-4.303284],[-38.933411,-4.32312],[-38.916199,-4.291992],[-38.914978,-4.280396],[-38.918091,-4.275513],[-38.922913,-4.276184],[-38.918884,-4.269897],[-38.918701,-4.267029],[-38.916809,-4.264404],[-38.908508,-4.263794],[-38.905579,-4.267029],[-38.894897,-4.274719],[-38.890503,-4.275818]]]},"properties":{"shapeName":"Guaramiranga","shapeISO":"56859067B5933904646135","shapeGroup":"BRA","shapeType":"ADM2","src_shape_id":"56859067B5933904646135","adm1ISO":"BR-CE"}},
{"type":"Feature","geometry":{"type":"Polygon","coordinates":[[[-40.253601,-4.473816],[-40.254089,-4.469604],[-40.256226,-4.465576],[-40.258911,-4.463013],[-40.258789,-4.460083],[-40.255676,-4.455811],[-40.25708,-4.449097],[-40.25708,-4.443481],[-40.260193,-4.43988],[-40.267578,-4.438599],[-40.276489,-4.430298],[-40.283203,-4.417175],[-40.286804,-4.411621],[-40.294617,-4.404419],[-40.299011,-4.397095],[-40.304077,-4.390381],[-40.30542,-4.387207],[-40.303528,-4.383789],[-40.304993,-4.378479],[-40.306824,-4.373901],[-40.312683,-4.366882],[-40.312805,-4.363892],[-40.31189,-4.358276],[-40.316589,-4.356384],[-40.320618,-4.3526],[-40.319275,-4.348511],[-40.32019,-4.345581],[-40.325317,-4.342285],[-40.323608,-4.335693],[-40.32312,-4.324524],[-40.321411,-4.321899],[-40.322388,-4.314209],[-40.321594,-4.310791],[-40.32019,-4.308289],[-40.317017,-4.306213],[-40.315125,-4.303284],[-40.313293,-4.296387],[-40.31311,-4.291504],[-40.315918,-4.28418],[-40.315308,-4.281006],[-40.312012,-4.279297],[-40.309021,-4.276917],[-40.308777,-4.272583],[-40.305481,-4.271118],[-40.303284,-4.269226],[-40.328796,-4.26709],[-40.450806,-4.260315],[-40.463013,-4.268311],[-40.467102,-4.271912],[-40.468811,-4.274475],[-40.472717,-4.283691],[-40.475281,-4.288208],[-40.478821,-4.292725],[-40.481201,-4.29541],[-40.485596,-4.298401],[-40.489502,-4.301819],[-40.492493,-4.3078],[-40.494629,-4.320618],[-40.499512,-4.325012],[-40.507507,-4.327087],[-40.513428,-4.326294],[-40.517517,-4.329529],[-40.519775,-4.33551],[-40.521729,-4.339294],[-40.52179,-4.3526],[-40.523804,-4.356384],[-40.52948,-4.361206],[-40.532288,-4.362793],[-40.54071,-4.368408],[-40.544128,-4.369995],[-40.545288,-4.372681],[-40.547607,-4.375427],[-40.549805,-4.379028],[-40.551392,-4.383484],[-40.554077,-4.38739],[-40.552612,-4.3927],[-40.553711,-4.39801],[-40.558716,-4.399475],[-40.561218,-4.402588],[-40.56073,-4.406128],[-40.561401,-4.409302],[-40.56311,-4.411621],[-40.565125,-4.418213],[-40.561096,-4.429504],[-40.558899,-4.432007],[-40.555908,-4.432312],[-40.554321,-4.434998],[-40.554382,-4.439209],[-40.556702,-4.442627],[-40.562927,-4.449585],[-40.564026,-4.452881],[-40.565796,-4.456116],[-40.572388,-4.460815],[-40.575989,-4.464111],[-40.579529,-4.469482],[-40.583313,-4.471191],[-40.584778,-4.475525],[-40.584106,-4.480225],[-40.579529,-4.487305],[-40.584229,-4.491882],[-40.584229,-4.499817],[-40.582214,-4.504395],[-40.58429,-4.506897],[-40.588989,-4.509094],[-40.590088,-4.514709],[-40.593994,-4.523315],[-40.596375,-4.526917],[-40.598694,-4.529419],[-40.598083,-4.532227],[-40.595276,-4.53479],[-40.593384,-4.539001],[-40.591309,-4.545715],[-40.590576,-4.549377],[-40.588318,-4.554199],[-40.587402,-4.558777],[-40.51709,-4.51239],[-40.509399,-4.507507],[-40.505981,-4.508911],[-40.460876,-4.52832],[-40.458008,-4.529114],[-40.393982,-4.54541],[-40.388123,-4.546997],[-40.38092,-4.549377],[-40.377686,-4.552612],[-40.373718,-4.553711],[-40.369812,-4.556885],[-40.36438,-4.56311],[-40.360779,-4.569214],[-40.359924,-4.572388],[-40.357117,-4.573608],[-40.348816,-4.579895],[-40.345886,-4.580688],[-40.34259,-4.579712],[-40.331787,-4.581482],[-40.328003,-4.581421],[-40.325806,-4.578796],[-40.321106,-4.577209],[-40.316406,-4.579712],[-40.313477,-4.582703],[-40.310303,-4.583191],[-40.301514,-4.579224],[-40.298401,-4.586426],[-40.294983,-4.58728],[-40.293396,-4.589722],[-40.294983,-4.59668],[-40.294312,-4.600525],[-40.287598,-4.604797],[-40.283508,-4.606201],[-40.281128,-4.608276],[-40.276917,-4.6073],[-40.272827,-4.609192],[-40.268005,-4.609985],[-40.264893,-4.60791],[-40.261108,-4.607605],[-40.257019,-4.606323],[-40.252808,-4.605713],[-40.250305,-4.603516],[-40.247375,-4.604492],[-40.24231,-4.598511],[-40.239075,-4.59552],[-40.236511,-4.592407],[-40.239929,-4.591125],[-40.240784,-4.588013],[-40.239624,-4.585022],[-40.239075,-4.579895],[-40.24231,-4.577698],[-40.242126,-4.57428],[-40.239624,-4.570618],[-40.23468,-4.565918],[-40.23291,-4.562927],[-40.233521,-4.559021],[-40.238708,-4.558777],[-40.241211,-4.556702],[-40.241028,-4.552612],[-40.243408,-4.551025],[-40.240479,-4.549377],[-40.240417,-4.545898],[-40.241821,-4.540405],[-40.241882,-4.536011],[-40.242493,-4.53241],[-40.241028,-4.529297],[-40.2453,-4.52179],[-40.247314,-4.519714],[-40.253906,-4.521912],[-40.25769,-4.518311],[-40.261108,-4.516296],[-40.264587,-4.513306],[-40.267212,-4.509583],[-40.267029,-4.505798],[-40.265015,-4.503113],[-40.259827,-4.497925],[-40.257507,-4.49469],[-40.255188,-4.48761],[-40.25238,-4.490112],[-40.24823,-4.488525],[-40.244812,-4.484924],[-40.247009,-4.477478],[-40.250183,-4.476501],[-40.253601,-4.473816]]]},"properties":{"shapeName":"Hidrolândia","shapeISO":"56859067B78038881550930","shapeGroup":"BRA","shapeType":"ADM2","src_shape_id":"56859067B78038881550930","adm1ISO":"BR-CE"}},
{"type":"Feature","geometry":{"type":"Polygon","coordinates":[[[-38.535828,-4.040283],[-38.536804,-4.045227],[-38.538513,-4.05011],[-38.535828,-4.053223],[-38.533813,-4.059509],[-38.533813,-4.064087],[-38.533081,-4.067383],[-38.536926,-4.072998],[-38.535889,-4.076111],[-38.536804,-4.080078],[-38.543884,-4.086426],[-38.5495,-4.092102],[-38.552917,-4.100281],[-38.553894,-4.104614],[-38.557617,-4.114929],[-38.557312,-4.11792],[-38.558594,-4.120483],[-38.561584,-4.122192],[-38.565979,-4.122986],[-38.569275,-4.126526],[-38.55542,-4.128418],[-38.542114,-4.1297],[-38.535889,-4.130493],[-38.532593,-4.131409],[-38.528809,-4.131714],[-38.525513,-4.13269],[-38.522217,-4.13501],[-38.512878,-4.138916],[-38.504883,-4.141418],[-38.50061,-4.142395],[-38.497803,-4.144592],[-38.494812,-4.144409],[-38.480225,-4.138184],[-38.462219,-4.139404],[-38.416321,-4.1427],[-38.381897,-4.145081],[-38.377075,-4.110901],[-38.376404,-4.106812],[-38.373779,-4.077698],[-38.379211,-4.073608],[-38.386292,-4.070312],[-38.390198,-4.070923],[-38.413513,-4.068787],[-38.425781,-4.06958],[-38.438416,-4.070679],[-38.44342,-4.070618],[-38.447327,-4.068604],[-38.453125,-4.068726],[-38.461609,-4.065613],[-38.465515,-4.065308],[-38.472412,-4.061584],[-38.475525,-4.061096],[-38.492126,-4.059692],[-38.500916,-4.060913],[-38.503723,-4.06012],[-38.53241,-4.043213],[-38.535828,-4.040283]]]},"properties":{"shapeName":"Horizonte","shapeISO":"56859067B1428570185316","shapeGroup":"BRA","shapeType":"ADM2","src_shape_id":"56859067B1428570185316","adm1ISO":"BR-CE"}},
{"type":"Feature","geometry":{"type":"Polygon","coordinates":[[[-38.765625,-4.623413],[-38.768982,-4.630615],[-38.77301,-4.630981],[-38.777588,-4.628784],[-38.782104,-4.631104],[-38.783203,-4.635986],[-38.783386,-4.640503],[-38.787292,-4.640381],[-38.789612,-4.64502],[-38.792175,-4.647522],[-38.797119,-4.648987],[-38.801575,-4.649109],[-38.803223,-4.65271],[-38.804993,-4.658875],[-38.811523,-4.664429],[-38.81488,-4.671997],[-38.824585,-4.671082],[-38.827698,-4.669495],[-38.831299,-4.668823],[-38.8349,-4.670227],[-38.843201,-4.671509],[-38.846802,-4.671082],[-38.853088,-4.667419],[-38.856995,-4.666809],[-38.859985,-4.668701],[-38.870605,-4.678528],[-38.874878,-4.680298],[-38.802307,-4.741211],[-38.813721,-4.758484],[-38.859802,-4.829285],[-38.860413,-4.832886],[-38.859985,-4.835815],[-38.860779,-4.839478],[-38.863892,-4.842102],[-38.871826,-4.846375],[-38.87323,-4.849304],[-38.875427,-4.851624],[-38.87793,-4.848694],[-38.881226,-4.846985],[-38.885986,-4.842407],[-38.889404,-4.841309],[-38.896606,-4.840393],[-38.899597,-4.835388],[-38.903687,-4.834412],[-38.908691,-4.831299],[-38.912598,-4.829712],[-38.922119,-4.828308],[-38.922424,-4.83313],[-38.921875,-4.835999],[-38.918823,-4.84259],[-38.918701,-4.846619],[-38.919312,-4.849609],[-38.918091,-4.852783],[-38.914307,-4.8573],[-38.913086,-4.860718],[-38.90741,-4.867676],[-38.90448,-4.875916],[-38.899292,-4.881409],[-38.897217,-4.886414],[-38.895203,-4.889709],[-38.892578,-4.892578],[-38.890686,-4.895691],[-38.89032,-4.898621],[-38.890625,-4.90332],[-38.890015,-4.907227],[-38.890076,-4.916077],[-38.887817,-4.92041],[-38.886414,-4.925293],[-38.883606,-4.929382],[-38.884521,-4.933411],[-38.807495,-4.921509],[-38.763611,-4.913696],[-38.711975,-4.904297],[-38.701111,-4.902405],[-38.679687,-4.916504],[-38.6474,-4.935913],[-38.643982,-4.932312],[-38.638611,-4.927429],[-38.637817,-4.924316],[-38.639221,-4.921021],[-38.639221,-4.917786],[-38.641113,-4.914185],[-38.644897,-4.909607],[-38.649109,-4.902405],[-38.645996,-4.89563],[-38.652405,-4.889709],[-38.656311,-4.887878],[-38.659912,-4.879395],[-38.665283,-4.874329],[-38.666321,-4.870605],[-38.664185,-4.866394],[-38.659729,-4.863586],[-38.658203,-4.859619],[-38.655579,-4.856812],[-38.65271,-4.85498],[-38.648499,-4.850586],[-38.641296,-4.850708],[-38.633911,-4.84729],[-38.628296,-4.842712],[-38.620911,-4.838928],[-38.614197,-4.838318],[-38.611511,-4.83429],[-38.609924,-4.830627],[-38.607178,-4.828613],[-38.605286,-4.825928],[-38.601501,-4.822693],[-38.600525,-4.818726],[-38.596924,-4.816711],[-38.59668,-4.812378],[-38.588684,-4.811279],[-38.585815,-4.808105],[-38.581604,-4.802124],[-38.579407,-4.797607],[-38.577393,-4.787598],[-38.578125,-4.783691],[-38.576111,-4.780884],[-38.575195,-4.778198],[-38.577515,-4.775391],[-38.578796,-4.771179],[-38.575623,-4.768005],[-38.57251,-4.765625],[-38.569702,-4.764587],[-38.562988,-4.760681],[-38.557983,-4.758423],[-38.552429,-4.756409],[-38.546875,-4.755676],[-38.54248,-4.756287],[-38.538513,-4.755798],[-38.535522,-4.753601],[-38.533386,-4.750916],[-38.531006,-4.749023],[-38.52832,-4.745728],[-38.525818,-4.739624],[-38.522705,-4.737427],[-38.52002,-4.734009],[-38.520386,-4.729309],[-38.52533,-4.725403],[-38.526184,-4.722717],[-38.528198,-4.719177],[-38.532104,-4.708984],[-38.532898,-4.705017],[-38.532776,-4.700989],[-38.531311,-4.697998],[-38.528687,-4.690979],[-38.527588,-4.685425],[-38.528687,-4.679321],[-38.537415,-4.67981],[-38.543091,-4.676514],[-38.546326,-4.675415],[-38.550415,-4.672791],[-38.557129,-4.672424],[-38.562012,-4.671814],[-38.568481,-4.672913],[-38.572083,-4.671387],[-38.575317,-4.669312],[-38.579407,-4.670105],[-38.582703,-4.671509],[-38.584778,-4.674011],[-38.592224,-4.678223],[-38.59729,-4.682617],[-38.601501,-4.683594],[-38.604614,-4.685608],[-38.61322,-4.69281],[-38.616882,-4.695312],[-38.624084,-4.697388],[-38.632019,-4.700012],[-38.636108,-4.69812],[-38.637817,-4.694214],[-38.638123,-4.690918],[-38.634583,-4.689209],[-38.636475,-4.686401],[-38.639404,-4.685303],[-38.642395,-4.683105],[-38.647827,-4.681519],[-38.654602,-4.681396],[-38.656799,-4.676819],[-38.657898,-4.67218],[-38.6604,-4.666382],[-38.663696,-4.661499],[-38.666626,-4.661987],[-38.668518,-4.664124],[-38.671509,-4.66571],[-38.674377,-4.663513],[-38.675781,-4.658813],[-38.677979,-4.656982],[-38.680908,-4.656311],[-38.687927,-4.652588],[-38.689209,-4.648926],[-38.686584,-4.645386],[-38.690002,-4.64209],[-38.691711,-4.638794],[-38.691895,-4.634583],[-38.69281,-4.631592],[-38.694519,-4.628723],[-38.697998,-4.626709],[-38.701721,-4.611694],[-38.707703,-4.611023],[-38.711182,-4.612],[-38.71521,-4.614319],[-38.718811,-4.619812],[-38.722229,-4.619995],[-38.729187,-4.618713],[-38.739075,-4.618408],[-38.742126,-4.61908],[-38.746826,-4.620911],[-38.751587,-4.623413],[-38.756287,-4.624695],[-38.759521,-4.624512],[-38.762512,-4.623596],[-38.765625,-4.623413]]]},"properties":{"shapeName":"Ibaretama","shapeISO":"56859067B69823963674642","shapeGroup":"BRA","shapeType":"ADM2","src_shape_id":"56859067B69823963674642","adm1ISO":"BR-CE"}},
{"type":"Feature","geometry":{"type":"Polygon","coordinates":[[[-41.18219,-4.017883],[-41.181213,-4.013977],[-41.175781,-4.010681],[-41.168213,-4.004211],[-41.166321,-4.001221],[-41.163696,-3.999329],[-41.155212,-3.998413],[-41.152405,-3.995911],[-41.149292,-3.994507],[-41.141724,-3.994385],[-41.138611,-3.991516],[-41.132812,-3.989502],[-41.127319,-3.988708],[-41.124695,-3.987427],[-41.118225,-3.987183],[-41.113403,-3.99231],[-41.112122,-3.995728],[-41.105896,-4.001709],[-41.098694,-4.004517],[-41.095703,-4.006104],[-41.091492,-4.005493],[-41.087585,-4.003418],[-41.081604,-3.999023],[-41.078186,-3.99823],[-41.074707,-3.996216],[-41.071716,-3.996582],[-41.066711,-3.995911],[-41.062195,-3.994324],[-41.057007,-3.994995],[-41.050598,-3.992676],[-41.047607,-3.992187],[-41.044678,-3.992981],[-41.042175,-3.994995],[-41.033997,-3.995117],[-41.02771,-3.991211],[-41.020203,-3.990723],[-41.016602,-3.989502],[-41.013184,-3.989685],[-41.01001,-3.989075],[-41.007202,-3.987305],[-41.003479,-3.987976],[-40.999512,-3.987122],[-40.98938,-3.98822],[-40.984497,-3.987488],[-40.980103,-3.986328],[-40.970398,-3.984924],[-40.963989,-3.982483],[-40.9552,-3.985413],[-40.941711,-3.987122],[-40.93689,-3.986877],[-40.932983,-3.987488],[-40.928406,-3.986511],[-40.924683,-3.986511],[-40.921875,-3.98822],[-40.918091,-3.989075],[-40.908386,-3.989624],[-40.903503,-3.990784],[-40.898499,-3.992981],[-40.895386,-3.99231],[-40.887329,-3.992126],[-40.883179,-3.991211],[-40.875305,-3.991211],[-40.871277,-3.985596],[-40.868713,-3.982605],[-40.86499,-3.980713],[-40.86261,-3.978699],[-40.854492,-3.975403],[-40.849792,-3.976013],[-40.845215,-3.978027],[-40.837585,-3.985901],[-40.835999,-3.958313],[-40.830688,-3.958618],[-40.824219,-3.957397],[-40.820923,-3.954895],[-40.823792,-3.953308],[-40.823975,-3.949829],[-40.826111,-3.947205],[-40.827881,-3.9422],[-40.828186,-3.93811],[-40.832886,-3.930908],[-40.833801,-3.924377],[-40.830994,-3.921692],[-40.828125,-3.92041],[-40.820679,-3.919006],[-40.815979,-3.920227],[-40.811096,-3.918579],[-40.805786,-3.917419],[-40.798889,-3.917603],[-40.795593,-3.915283],[-40.795715,-3.911621],[-40.791809,-3.905823],[-40.790527,-3.901489],[-40.784119,-3.894409],[-40.782715,-3.888977],[-40.779175,-3.887024],[-40.777405,-3.884399],[-40.804077,-3.888611],[-40.810486,-3.889709],[-40.83551,-3.894409],[-40.846008,-3.894714],[-40.850891,-3.895325],[-40.854492,-3.894287],[-40.85321,-3.891296],[-40.854675,-3.885193],[-40.858093,-3.888123],[-40.858582,-3.88501],[-40.856689,-3.878601],[-40.859375,-3.877319],[-40.863586,-3.879089],[-40.867493,-3.877991],[-40.871216,-3.87561],[-40.876099,-3.874329],[-40.875916,-3.871399],[-40.873291,-3.867798],[-40.875793,-3.865784],[-40.878784,-3.865112],[-40.882812,-3.866028],[-40.887085,-3.868225],[-40.890381,-3.868408],[-40.893188,-3.870789],[-40.893921,-3.874695],[-40.896179,-3.877686],[-40.895996,-3.882385],[-40.894287,-3.888184],[-40.908875,-3.888794],[-40.919006,-3.889709],[-40.924316,-3.89563],[-40.925903,-3.898682],[-40.930115,-3.902893],[-40.932312,-3.906677],[-40.94043,-3.905029],[-40.94281,-3.906616],[-40.946777,-3.904602],[-40.956787,-3.900513],[-40.958984,-3.898376],[-40.962097,-3.896912],[-40.963989,-3.894287],[-40.967102,-3.893188],[-40.970703,-3.893494],[-40.973389,-3.89209],[-40.97699,-3.892822],[-41.06781,-3.919922],[-41.108215,-3.931885],[-41.114502,-3.930481],[-41.119385,-3.927612],[-41.122192,-3.928223],[-41.124695,-3.930298],[-41.12561,-3.934082],[-41.130493,-3.940186],[-41.133606,-3.942017],[-41.143494,-3.942505],[-41.146606,-3.94458],[-41.151917,-3.947021],[-41.159912,-3.943909],[-41.163513,-3.943726],[-41.168091,-3.945496],[-41.17749,-3.95282],[-41.182617,-3.954895],[-41.189392,-3.959717],[-41.195312,-3.961914],[-41.19989,-3.964294],[-41.204224,-3.968079],[-41.211792,-3.972412],[-41.216919,-3.972778],[-41.221924,-3.969421],[-41.2276,-3.967896],[-41.231689,-3.966675],[-41.238403,-3.973328],[-41.239075,-3.976379],[-41.240784,-3.979492],[-41.243896,-3.979492],[-41.244385,-3.983521],[-41.245483,-3.987122],[-41.248596,-3.98938],[-41.247375,-3.993225],[-41.247009,-4.000305],[-41.245178,-4.006714],[-41.242615,-4.009888],[-41.239197,-4.015625],[-41.24408,-4.020813],[-41.25,-4.026489],[-41.253601,-4.026978],[-41.255493,-4.029602],[-41.256104,-4.033691],[-41.2547,-4.037109],[-41.250977,-4.037781],[-41.240295,-4.030823],[-41.230896,-4.028809],[-41.226685,-4.027222],[-41.222412,-4.027588],[-41.213989,-4.024109],[-41.209778,-4.025513],[-41.205994,-4.024292],[-41.198608,-4.018311],[-41.195801,-4.020203],[-41.191711,-4.019409],[-41.188599,-4.017578],[-41.185486,-4.017212],[-41.18219,-4.017883]]]},"properties":{"shapeName":"Ibiapina","shapeISO":"56859067B1418579052728","shapeGroup":"BRA","shapeType":"ADM2","src_shape_id":"56859067B1418579052728","adm1ISO":"BR-CE"}},
{"type":"Feature","geometry":{"type":"Polygon","coordinates":[[[-38.625183,-5.065796],[-38.540283,-5.079529],[-38.487427,-5.086914],[-38.488281,-5.083618],[-38.490906,-5.079895],[-38.491699,-5.076111],[-38.493713,-5.072388],[-38.496277,-5.070312],[-38.497314,-5.067078],[-38.495605,-5.064697],[-38.495789,-5.061401],[-38.498291,-5.056091],[-38.496094,-5.053711],[-38.4953,-5.049377],[-38.492004,-5.046021],[-38.489502,-5.041321],[-38.484192,-5.035583],[-38.485291,-5.031982],[-38.483887,-5.02771],[-38.47998,-5.02063],[-38.479797,-5.012695],[-38.480591,-5.008728],[-38.484314,-5.006409],[-38.487305,-5.009399],[-38.490906,-5.009521],[-38.494324,-5.00531],[-38.495911,-5.002014],[-38.496582,-4.996704],[-38.499084,-4.993713],[-38.503906,-4.986694],[-38.50531,-4.983704],[-38.498901,-4.973206],[-38.502686,-4.968201],[-38.498291,-4.963013],[-38.507629,-4.961609],[-38.50769,-4.958008],[-38.4776,-4.947205],[-38.456482,-4.940613],[-38.44281,-4.936523],[-38.431702,-4.932983],[-38.424194,-4.930908],[-38.418396,-4.935303],[-38.416504,-4.941711],[-38.414612,-4.945312],[-38.411194,-4.947205],[-38.405579,-4.948181],[-38.405518,-4.94519],[-38.408813,-4.940613],[-38.412598,-4.9328],[-38.413879,-4.928284],[-38.417114,-4.921509],[-38.417908,-4.917297],[-38.421082,-4.90802],[-38.421509,-4.90332],[-38.423279,-4.899414],[-38.439819,-4.87561],[-38.442627,-4.876526],[-38.445496,-4.878296],[-38.450684,-4.878906],[-38.454407,-4.875916],[-38.462219,-4.874817],[-38.463379,-4.878479],[-38.463623,-4.881775],[-38.466797,-4.882507],[-38.469788,-4.880981],[-38.473022,-4.880798],[-38.475891,-4.882202],[-38.479614,-4.88031],[-38.484619,-4.88092],[-38.492004,-4.880798],[-38.497009,-4.884521],[-38.503479,-4.885681],[-38.507385,-4.888184],[-38.512512,-4.889221],[-38.517395,-4.889404],[-38.520813,-4.88678],[-38.528687,-4.883301],[-38.533081,-4.884094],[-38.541626,-4.884216],[-38.55072,-4.882019],[-38.554687,-4.880615],[-38.558899,-4.878296],[-38.592896,-4.87439],[-38.595581,-4.875916],[-38.602417,-4.881714],[-38.606506,-4.884583],[-38.614014,-4.890808],[-38.616089,-4.893311],[-38.61969,-4.895691],[-38.627625,-4.900024],[-38.631287,-4.903198],[-38.631714,-4.910583],[-38.629211,-4.912598],[-38.625488,-4.914124],[-38.627808,-4.92218],[-38.634277,-4.928894],[-38.639404,-4.9328],[-38.6474,-4.935913],[-38.648499,-4.939392],[-38.647095,-4.943176],[-38.645203,-4.951599],[-38.646179,-4.9552],[-38.645325,-4.958313],[-38.642212,-4.961975],[-38.645691,-4.965576],[-38.646606,-4.968994],[-38.646912,-4.976929],[-38.647888,-4.980225],[-38.651611,-4.981812],[-38.6604,-4.991211],[-38.660828,-4.996216],[-38.665222,-4.99823],[-38.669983,-4.998596],[-38.673279,-5.00061],[-38.677002,-5.004517],[-38.677185,-5.01001],[-38.678528,-5.013],[-38.677795,-5.017029],[-38.676392,-5.021301],[-38.676697,-5.028198],[-38.679993,-5.037292],[-38.683105,-5.049683],[-38.68512,-5.053589],[-38.677979,-5.056824],[-38.668701,-5.050293],[-38.666809,-5.047302],[-38.658325,-5.045898],[-38.652893,-5.049011],[-38.643494,-5.052612],[-38.63678,-5.052429],[-38.633911,-5.053406],[-38.631226,-5.055603],[-38.629211,-5.058228],[-38.626404,-5.060303],[-38.625183,-5.065796]]]},"properties":{"shapeName":"Ibicuitinga","shapeISO":"56859067B26407679214114","shapeGroup":"BRA","shapeType":"ADM2","src_shape_id":"56859067B26407679214114","adm1ISO":"BR-CE"}},
{"type":"Feature","geometry":{"type":"Polygon","coordinates":[[[-37.356812,-4.85791],[-37.258728,-4.832886],[-37.253296,-4.831299],[-37.259216,-4.818726],[-37.262085,-4.811279],[-37.266296,-4.798218],[-37.271301,-4.785706],[-37.276123,-4.769104],[-37.278809,-4.759094],[-37.281921,-4.750793],[-37.286804,-4.742126],[-37.293396,-4.7323],[-37.295898,-4.729309],[-37.302612,-4.723328],[-37.310791,-4.715515],[-37.315308,-4.71051],[-37.325195,-4.700928],[-37.329102,-4.697693],[-37.336609,-4.693176],[-37.34082,-4.691589],[-37.345886,-4.69043],[-37.349609,-4.691589],[-37.356018,-4.689514],[-37.372375,-4.682129],[-37.389526,-4.678528],[-37.407227,-4.67511],[-37.410706,-4.674011],[-37.422119,-4.668823],[-37.43042,-4.664612],[-37.44043,-4.661682],[-37.445496,-4.659607],[-37.458923,-4.653198],[-37.462708,-4.6521],[-37.471008,-4.650818],[-37.475525,-4.648376],[-37.478699,-4.646118],[-37.487488,-4.63739],[-37.492126,-4.630981],[-37.495117,-4.628418],[-37.499878,-4.626892],[-37.50769,-4.628723],[-37.514404,-4.634827],[-37.517822,-4.63739],[-37.52002,-4.640076],[-37.523804,-4.642029],[-37.526917,-4.642578],[-37.530396,-4.642395],[-37.536316,-4.643188],[-37.540222,-4.645691],[-37.540527,-4.650818],[-37.542908,-4.653015],[-37.540527,-4.660706],[-37.555725,-4.724121],[-37.52771,-4.755127],[-37.525391,-4.758484],[-37.504578,-4.790894],[-37.468994,-4.78302],[-37.465576,-4.781494],[-37.461304,-4.781189],[-37.451111,-4.783386],[-37.444824,-4.780823],[-37.437378,-4.781921],[-37.433411,-4.781311],[-37.43042,-4.779785],[-37.425903,-4.778503],[-37.421997,-4.778076],[-37.419617,-4.781494],[-37.416382,-4.782104],[-37.412292,-4.780518],[-37.401917,-4.772888],[-37.399475,-4.774902],[-37.396301,-4.775879],[-37.382812,-4.778198],[-37.373779,-4.783081],[-37.368896,-4.783875],[-37.365417,-4.784912],[-37.362305,-4.786987],[-37.361328,-4.789917],[-37.358215,-4.791626],[-37.355713,-4.794189],[-37.355713,-4.798096],[-37.356812,-4.85791]]]},"properties":{"shapeName":"Icapuí","shapeISO":"56859067B97038738171378","shapeGroup":"BRA","shapeType":"ADM2","src_shape_id":"56859067B97038738171378","adm1ISO":"BR-CE"}},
{"type":"Feature","geometry":{"type":"Polygon","coordinates":[[[-38.921509,-6.568176],[-38.919006,-6.566711],[-38.916382,-6.57019],[-38.91449,-6.574829],[-38.910583,-6.576111],[-38.904297,-6.577576],[-38.901123,-6.578918],[-38.897888,-6.578613],[-38.890198,-6.580322],[-38.885681,-6.580994],[-38.880798,-6.580505],[-38.877075,-6.583313],[-38.873291,-6.583313],[-38.863892,-6.586914],[-38.860779,-6.588623],[-38.853882,-6.596497],[-38.846008,-6.598022],[-38.841125,-6.598083],[-38.836182,-6.598877],[-38.833313,-6.594727],[-38.830383,-6.593994],[-38.821899,-6.596924],[-38.812378,-6.597595],[-38.802307,-6.599121],[-38.796387,-6.598999],[-38.790894,-6.600586],[-38.783875,-6.605591],[-38.781921,-6.607788],[-38.774109,-6.612122],[-38.770691,-6.60791],[-38.765625,-6.606323],[-38.761414,-6.606201],[-38.759277,-6.602722],[-38.756714,-6.600403],[-38.755798,-6.596497],[-38.750916,-6.591797],[-38.7453,-6.589905],[-38.737305,-6.588501],[-38.734192,-6.587585],[-38.732788,-6.584412],[-38.736206,-6.581726],[-38.734497,-6.578308],[-38.735718,-6.574402],[-38.735229,-6.570312],[-38.719299,-6.563782],[-38.700378,-6.557007],[-38.694885,-6.56073],[-38.69043,-6.562012],[-38.682922,-6.56311],[-38.679199,-6.562988],[-38.67749,-6.56073],[-38.672302,-6.555481],[-38.665222,-6.551025],[-38.662109,-6.547791],[-38.658508,-6.546204],[-38.656128,-6.548096],[-38.653076,-6.547607],[-38.649414,-6.54541],[-38.64679,-6.542297],[-38.641418,-6.540894],[-38.640381,-6.538208],[-38.637207,-6.538391],[-38.63501,-6.534912],[-38.631897,-6.534119],[-38.62561,-6.531189],[-38.622009,-6.530884],[-38.616882,-6.532776],[-38.612915,-6.531311],[-38.615723,-6.528503],[-38.615479,-6.523315],[-38.613098,-6.520081],[-38.61261,-6.513916],[-38.608215,-6.51001],[-38.606506,-6.507324],[-38.601807,-6.505676],[-38.598511,-6.503784],[-38.59491,-6.500427],[-38.582275,-6.485413],[-38.575806,-6.477905],[-38.570312,-6.470215],[-38.569397,-6.463989],[-38.570496,-6.458191],[-38.569824,-6.454895],[-38.566284,-6.451904],[-38.557129,-6.447815],[-38.555786,-6.445007],[-38.55542,-6.4375],[-38.554199,-6.432678],[-38.551575,-6.430176],[-38.546997,-6.427002],[-38.542603,-6.422791],[-38.537292,-6.42041],[-38.533875,-6.417603],[-38.530029,-6.412109],[-38.523926,-6.407104],[-38.518799,-6.409119],[-38.518311,-6.406189],[-38.52478,-6.401184],[-38.525391,-6.395386],[-38.530212,-6.393127],[-38.532776,-6.395996],[-38.537109,-6.399109],[-38.544128,-6.402222],[-38.548584,-6.398804],[-38.551514,-6.398193],[-38.55481,-6.400085],[-38.564819,-6.399902],[-38.569092,-6.402893],[-38.57251,-6.403809],[-38.577698,-6.402893],[-38.581482,-6.400696],[-38.582275,-6.396729],[-38.588196,-6.394897],[-38.591187,-6.396423],[-38.594116,-6.39679],[-38.60199,-6.390686],[-38.599792,-6.387512],[-38.59491,-6.386597],[-38.592896,-6.380005],[-38.588196,-6.375977],[-38.57959,-6.374329],[-38.576111,-6.375427],[-38.572693,-6.373413],[-38.575928,-6.367798],[-38.576904,-6.364929],[-38.575012,-6.362183],[-38.568298,-6.361694],[-38.565918,-6.356812],[-38.561523,-6.35498],[-38.563721,-6.352112],[-38.567993,-6.35022],[-38.577087,-6.347412],[-38.578918,-6.341492],[-38.579712,-6.335083],[-38.581482,-6.330994],[-38.580688,-6.325378],[-38.582092,-6.319275],[-38.575989,-6.309509],[-38.571411,-6.305908],[-38.566528,-6.302979],[-38.569885,-6.299988],[-38.570618,-6.292175],[-38.572205,-6.284119],[-38.576477,-6.28241],[-38.579102,-6.279602],[-38.575684,-6.278015],[-38.57251,-6.274109],[-38.569702,-6.271484],[-38.564209,-6.268311],[-38.559814,-6.26709],[-38.554626,-6.26239],[-38.553223,-6.259399],[-38.55011,-6.257324],[-38.548523,-6.25061],[-38.544983,-6.245483],[-38.538391,-6.246887],[-38.535706,-6.245422],[-38.528381,-6.238098],[-38.524719,-6.232788],[-38.523376,-6.22821],[-38.520996,-6.223816],[-38.524719,-6.224426],[-38.536499,-6.229309],[-38.541077,-6.229797],[-38.548279,-6.232788],[-38.552612,-6.233398],[-38.556396,-6.230713],[-38.561279,-6.229309],[-38.565796,-6.222778],[-38.567993,-6.220886],[-38.569885,-6.21759],[-38.572205,-6.207275],[-38.576599,-6.206787],[-38.580811,-6.205627],[-38.584229,-6.202698],[-38.587585,-6.200928],[-38.590881,-6.197815],[-38.592896,-6.194519],[-38.594788,-6.190125],[-38.599609,-6.186584],[-38.599915,-6.176392],[-38.603699,-6.174927],[-38.607605,-6.174377],[-38.610229,-6.173218],[-38.612427,-6.171021],[-38.616211,-6.17041],[-38.621704,-6.171814],[-38.632019,-6.174988],[-38.632812,-6.178101],[-38.635498,-6.179382],[-38.639526,-6.17981],[-38.644226,-6.181396],[-38.64679,-6.184998],[-38.654297,-6.185913],[-38.655884,-6.188416],[-38.656494,-6.191284],[-38.659912,-6.191223],[-38.662415,-6.195007],[-38.666687,-6.195801],[-38.669312,-6.199707],[-38.671509,-6.201477],[-38.6745,-6.202209],[-38.677979,-6.204712],[-38.680115,-6.2099],[-38.684692,-6.211914],[-38.691223,-6.20752],[-38.695801,-6.206604],[-38.703613,-6.206482],[-38.708191,-6.205811],[-38.71228,-6.204712],[-38.7146,-6.202576],[-38.718811,-6.200623],[-38.722412,-6.199707],[-38.725708,-6.200317],[-38.727112,-6.196777],[-38.726318,-6.193604],[-38.728394,-6.189087],[-38.731689,-6.184692],[-38.73291,-6.17981],[-38.735291,-6.174011],[-38.735718,-6.163879],[-38.734802,-6.161011],[-38.734924,-6.156189],[-38.733276,-6.151306],[-38.728577,-6.149292],[-38.724121,-6.14563],[-38.722412,-6.140503],[-38.722107,-6.135986],[-38.721008,-6.128113],[-38.719482,-6.124512],[-38.715088,-6.123108],[-38.71228,-6.119324],[-38.710083,-6.112915],[-38.708801,-6.107605],[-38.711426,-6.10968],[-38.713501,-6.11322],[-38.717224,-6.115479],[-38.721985,-6.120117],[-38.724976,-6.121216],[-38.728027,-6.121521],[-38.732483,-6.122925],[-38.735413,-6.118408],[-38.743408,-6.116211],[-38.745911,-6.111877],[-38.752197,-6.112915],[-38.75531,-6.111816],[-38.760925,-6.117187],[-38.765015,-6.123291],[-38.768677,-6.123291],[-38.77179,-6.121094],[-38.783508,-6.114929],[-38.785583,-6.118591],[-38.788696,-6.120422],[-38.792114,-6.121277],[-38.795288,-6.121216],[-38.797913,-6.122681],[-38.801514,-6.123291],[-38.803711,-6.128479],[-38.811584,-6.163086],[-38.825989,-6.21521],[-38.826782,-6.219116],[-38.827026,-6.223877],[-38.829712,-6.231628],[-38.829224,-6.234497],[-38.830627,-6.237976],[-38.828308,-6.240479],[-38.830811,-6.248108],[-38.830322,-6.251526],[-38.828979,-6.255798],[-38.82782,-6.264709],[-38.825378,-6.267395],[-38.822205,-6.268188],[-38.821106,-6.272705],[-38.823486,-6.276001],[-38.826599,-6.277588],[-38.830078,-6.281311],[-38.831604,-6.284912],[-38.834412,-6.288513],[-38.836304,-6.292114],[-38.878296,-6.327393],[-38.916382,-6.309814],[-38.917725,-6.313599],[-38.919983,-6.31781],[-38.922302,-6.323425],[-38.924622,-6.326111],[-38.926208,-6.328979],[-38.924988,-6.331787],[-38.92981,-6.335999],[-38.933228,-6.336182],[-38.935913,-6.339111],[-38.93988,-6.336914],[-38.944885,-6.338379],[-38.948914,-6.338379],[-38.952087,-6.337708],[-38.956177,-6.33551],[-38.960022,-6.335327],[-38.966675,-6.337891],[-38.969727,-6.339478],[-38.974487,-6.34082],[-38.980713,-6.348389],[-38.98291,-6.351685],[-38.983521,-6.354614],[-38.982483,-6.357605],[-38.982422,-6.362122],[-38.981201,-6.371216],[-38.981201,-6.374817],[-38.982788,-6.378479],[-38.98761,-6.377625],[-38.993103,-6.37738],[-38.997009,-6.378113],[-39.000427,-6.376709],[-39.004822,-6.377075],[-39.009827,-6.376099],[-39.014587,-6.374695],[-39.022888,-6.37738],[-39.026978,-6.377991],[-39.030579,-6.376709],[-39.035095,-6.377014],[-39.039185,-6.376709],[-39.041809,-6.379211],[-39.046997,-6.383179],[-39.054687,-6.386719],[-39.058289,-6.386719],[-39.060608,-6.384583],[-39.063599,-6.379883],[-39.0672,-6.375916],[-39.071228,-6.37323],[-39.07428,-6.370483],[-39.076477,-6.366516],[-39.080811,-6.364929],[-39.084717,-6.368896],[-39.087708,-6.37262],[-39.089111,-6.37561],[-39.09198,-6.37738],[-39.094604,-6.38031],[-39.102112,-6.382324],[-39.106812,-6.386292],[-39.108093,-6.388916],[-39.110596,-6.390503],[-39.114502,-6.390686],[-39.120605,-6.39563],[-39.123413,-6.401123],[-39.126282,-6.403809],[-39.1297,-6.408875],[-39.138123,-6.412903],[-39.136292,-6.416992],[-39.130798,-6.419922],[-39.130188,-6.423218],[-39.131409,-6.426697],[-39.135193,-6.429321],[-39.140198,-6.437317],[-39.142395,-6.439819],[-39.144897,-6.441589],[-39.143188,-6.446411],[-39.143127,-6.450195],[-39.144104,-6.453003],[-39.139893,-6.455627],[-39.134094,-6.461487],[-39.130615,-6.463318],[-39.127197,-6.463989],[-39.124695,-6.465515],[-39.121521,-6.466125],[-39.117798,-6.464417],[-39.11438,-6.463928],[-39.10968,-6.465088],[-39.106628,-6.464478],[-39.102478,-6.458191],[-39.099304,-6.461182],[-39.095398,-6.4599],[-39.09259,-6.457886],[-39.093323,-6.453796],[-39.090698,-6.452026],[-39.081116,-6.451904],[-39.076416,-6.450012],[-39.063416,-6.446899],[-39.060791,-6.445496],[-39.043518,-6.459106],[-38.987122,-6.503906],[-38.958008,-6.526978],[-38.918884,-6.55072],[-38.922424,-6.553284],[-38.924377,-6.556091],[-38.924316,-6.560791],[-38.92218,-6.56488],[-38.921509,-6.568176]]]},"properties":{"shapeName":"Icó","shapeISO":"56859067B37935390607257","shapeGroup":"BRA","shapeType":"ADM2","src_shape_id":"56859067B37935390607257","adm1ISO":"BR-CE"}},
{"type":"Feature","geometry":{"type":"Polygon","coordinates":[[[-39.460388,-6.325684],[-39.458618,-6.328613],[-39.460693,-6.33551],[-39.463196,-6.340576],[-39.463318,-6.344788],[-39.464294,-6.347778],[-39.463989,-6.353882],[-39.466187,-6.356812],[-39.469177,-6.359497],[-39.470703,-6.361877],[-39.473022,-6.374512],[-39.468689,-6.37561],[-39.464111,-6.378906],[-39.461426,-6.382812],[-39.45282,-6.389709],[-39.450623,-6.393616],[-39.447083,-6.394775],[-39.443726,-6.394592],[-39.437012,-6.396606],[-39.432922,-6.3974],[-39.430603,-6.394409],[-39.426086,-6.392578],[-39.416199,-6.390625],[-39.414795,-6.394226],[-39.414612,-6.398987],[-39.413208,-6.406311],[-39.409912,-6.408813],[-39.407776,-6.416199],[-39.40741,-6.42981],[-39.407288,-6.441711],[-39.403809,-6.450195],[-39.39978,-6.46228],[-39.397278,-6.465576],[-39.391479,-6.465515],[-39.386108,-6.4646],[-39.384277,-6.470581],[-39.375977,-6.471924],[-39.375,-6.474792],[-39.363586,-6.469421],[-39.359009,-6.466675],[-39.354919,-6.465881],[-39.351379,-6.468994],[-39.350708,-6.473511],[-39.351196,-6.477905],[-39.349426,-6.481812],[-39.348816,-6.485596],[-39.352112,-6.486511],[-39.354614,-6.488281],[-39.352722,-6.492126],[-39.354614,-6.494629],[-39.35321,-6.497375],[-39.353027,-6.501282],[-39.354492,-6.5047],[-39.35791,-6.507812],[-39.355286,-6.512817],[-39.352112,-6.516296],[-39.348511,-6.519409],[-39.344788,-6.523682],[-39.344116,-6.528381],[-39.341309,-6.534485],[-39.333618,-6.534302],[-39.325378,-6.532715],[-39.318787,-6.53009],[-39.305481,-6.529297],[-39.301514,-6.528503],[-39.297913,-6.526917],[-39.290222,-6.52533],[-39.285828,-6.52478],[-39.281982,-6.525391],[-39.278503,-6.527588],[-39.27478,-6.527405],[-39.265198,-6.523926],[-39.26001,-6.52301],[-39.255676,-6.522827],[-39.251282,-6.525818],[-39.247192,-6.52301],[-39.24292,-6.522888],[-39.237122,-6.523682],[-39.232178,-6.519897],[-39.228821,-6.519409],[-39.225708,-6.51709],[-39.225708,-6.513794],[-39.227295,-6.507019],[-39.226929,-6.503723],[-39.230713,-6.492798],[-39.225708,-6.490723],[-39.221008,-6.490601],[-39.217102,-6.48999],[-39.213013,-6.488281],[-39.209717,-6.485229],[-39.20813,-6.481812],[-39.206177,-6.475891],[-39.205505,-6.469604],[-39.205505,-6.464111],[-39.196594,-6.461121],[-39.191711,-6.459778],[-39.188416,-6.457886],[-39.185913,-6.455627],[-39.184021,-6.45282],[-39.174622,-6.449097],[-39.170105,-6.44928],[-39.16571,-6.44751],[-39.156006,-6.445923],[-39.144897,-6.441589],[-39.142395,-6.439819],[-39.140198,-6.437317],[-39.135193,-6.429321],[-39.131409,-6.426697],[-39.130188,-6.423218],[-39.130798,-6.419922],[-39.136292,-6.416992],[-39.138123,-6.412903],[-39.1297,-6.408875],[-39.1297,-6.39032],[-39.125,-6.386475],[-39.119812,-6.384583],[-39.116577,-6.377625],[-39.109375,-6.363892],[-39.103821,-6.358093],[-39.10199,-6.354675],[-39.101013,-6.346313],[-39.10022,-6.343201],[-39.097595,-6.340515],[-39.093994,-6.334778],[-39.082397,-6.333191],[-39.080505,-6.329224],[-39.079285,-6.325012],[-39.07312,-6.314697],[-39.070923,-6.310486],[-39.062378,-6.305481],[-39.059814,-6.303589],[-39.055603,-6.297913],[-39.052795,-6.296082],[-39.056213,-6.258789],[-39.061707,-6.250122],[-39.063782,-6.240417],[-39.065308,-6.23761],[-39.068481,-6.235779],[-39.071411,-6.235107],[-39.078308,-6.235779],[-39.090881,-6.239014],[-39.098022,-6.24292],[-39.100708,-6.2453],[-39.102783,-6.248108],[-39.110779,-6.256775],[-39.114807,-6.261597],[-39.116577,-6.265503],[-39.123901,-6.274719],[-39.127625,-6.28009],[-39.130676,-6.282593],[-39.132202,-6.285889],[-39.134583,-6.289001],[-39.138977,-6.29248],[-39.146729,-6.297791],[-39.15741,-6.30249],[-39.163086,-6.304687],[-39.168213,-6.303711],[-39.178101,-6.299805],[-39.182922,-6.298401],[-39.191589,-6.297485],[-39.195984,-6.296021],[-39.205322,-6.291321],[-39.208801,-6.290283],[-39.216309,-6.289978],[-39.217529,-6.270508],[-39.221802,-6.270508],[-39.229309,-6.271912],[-39.234924,-6.274475],[-39.23999,-6.275513],[-39.244629,-6.27533],[-39.248108,-6.273315],[-39.25531,-6.271606],[-39.26709,-6.274719],[-39.274109,-6.277893],[-39.278687,-6.279175],[-39.286011,-6.278625],[-39.288696,-6.276978],[-39.304382,-6.270203],[-39.288208,-6.248901],[-39.283508,-6.247498],[-39.27832,-6.245178],[-39.271729,-6.240112],[-39.271118,-6.236389],[-39.266113,-6.230103],[-39.26532,-6.227295],[-39.265381,-6.223999],[-39.272583,-6.216492],[-39.280579,-6.210388],[-39.276794,-6.203125],[-39.278687,-6.200684],[-39.279114,-6.197388],[-39.276123,-6.192017],[-39.277222,-6.188293],[-39.275879,-6.185608],[-39.272888,-6.181519],[-39.273621,-6.177979],[-39.275818,-6.172791],[-39.280396,-6.170776],[-39.283691,-6.171387],[-39.288208,-6.173828],[-39.292725,-6.173706],[-39.295715,-6.17511],[-39.302612,-6.175781],[-39.307678,-6.1745],[-39.34198,-6.210327],[-39.357605,-6.224487],[-39.361084,-6.222229],[-39.366516,-6.220825],[-39.36908,-6.217712],[-39.377808,-6.218079],[-39.380981,-6.220093],[-39.385681,-6.22052],[-39.389404,-6.221985],[-39.407227,-6.235229],[-39.410095,-6.238281],[-39.413879,-6.244019],[-39.416809,-6.245789],[-39.417175,-6.252075],[-39.4151,-6.254395],[-39.414612,-6.25769],[-39.416504,-6.260193],[-39.419495,-6.262024],[-39.463806,-6.280396],[-39.463379,-6.285095],[-39.460388,-6.325684]]]},"properties":{"shapeName":"Iguatu","shapeISO":"56859067B45961762145701","shapeGroup":"BRA","shapeType":"ADM2","src_shape_id":"56859067B45961762145701","adm1ISO":"BR-CE"}},
{"type":"Feature","geometry":{"type":"Polygon","coordinates":[[[-40.158691,-5.164307],[-40.167175,-5.166809],[-40.171997,-5.173096],[-40.179504,-5.17218],[-40.18219,-5.169312],[-40.184814,-5.17511],[-40.190796,-5.175415],[-40.190125,-5.17041],[-40.187317,-5.167603],[-40.191711,-5.166077],[-40.198181,-5.165222],[-40.199829,-5.161987],[-40.203796,-5.159119],[-40.208008,-5.15741],[-40.219421,-5.151794],[-40.228088,-5.152283],[-40.231995,-5.155823],[-40.236694,-5.160889],[-40.239807,-5.165222],[-40.241028,-5.169983],[-40.244812,-5.170227],[-40.24939,-5.168884],[-40.253479,-5.169922],[-40.257507,-5.169922],[-40.257812,-5.166504],[-40.261414,-5.164795],[-40.267822,-5.162598],[-40.271301,-5.163086],[-40.276428,-5.166504],[-40.279419,-5.165222],[-40.289429,-5.166199],[-40.292908,-5.166199],[-40.299316,-5.169006],[-40.302979,-5.168213],[-40.306091,-5.166077],[-40.309387,-5.158875],[-40.312317,-5.155701],[-40.331787,-5.168823],[-40.381897,-5.205017],[-40.40741,-5.223511],[-40.414185,-5.22821],[-40.479309,-5.274292],[-40.500977,-5.330078],[-40.524292,-5.389709],[-40.539429,-5.390076],[-40.545105,-5.396301],[-40.548096,-5.398315],[-40.55072,-5.401611],[-40.549194,-5.409302],[-40.550293,-5.412598],[-40.554504,-5.419312],[-40.554993,-5.422607],[-40.554077,-5.42749],[-40.552124,-5.430481],[-40.553406,-5.433105],[-40.559692,-5.435486],[-40.563599,-5.435608],[-40.567505,-5.437317],[-40.569275,-5.440002],[-40.569702,-5.443787],[-40.573975,-5.449402],[-40.574829,-5.453979],[-40.577515,-5.457886],[-40.577209,-5.462219],[-40.578613,-5.464783],[-40.582092,-5.466492],[-40.597107,-5.491211],[-40.613892,-5.520691],[-40.616821,-5.526306],[-40.619324,-5.530212],[-40.618408,-5.534729],[-40.619995,-5.537781],[-40.618103,-5.540894],[-40.617187,-5.543823],[-40.614319,-5.547913],[-40.613708,-5.552917],[-40.610413,-5.55658],[-40.608582,-5.559998],[-40.611389,-5.563477],[-40.611023,-5.566528],[-40.611694,-5.570496],[-40.61969,-5.572205],[-40.621399,-5.5755],[-40.623779,-5.578125],[-40.625,-5.581909],[-40.625,-5.58551],[-40.623779,-5.589294],[-40.620483,-5.596924],[-40.6203,-5.599976],[-40.622009,-5.602905],[-40.627319,-5.605713],[-40.629028,-5.610901],[-40.632812,-5.611511],[-40.636292,-5.613586],[-40.637512,-5.622925],[-40.634399,-5.623901],[-40.632629,-5.627197],[-40.629395,-5.628418],[-40.629822,-5.631592],[-40.629517,-5.635376],[-40.631897,-5.640076],[-40.634399,-5.643616],[-40.637512,-5.646912],[-40.641602,-5.647095],[-40.645996,-5.656128],[-40.645508,-5.661194],[-40.647095,-5.664795],[-40.652588,-5.66803],[-40.653992,-5.671204],[-40.652283,-5.674805],[-40.6474,-5.677612],[-40.642883,-5.68158],[-40.639404,-5.681885],[-40.632202,-5.680786],[-40.624512,-5.684021],[-40.618408,-5.683594],[-40.618103,-5.687195],[-40.619629,-5.691589],[-40.621887,-5.694214],[-40.625916,-5.695129],[-40.629517,-5.696777],[-40.633301,-5.699402],[-40.632324,-5.703003],[-40.626526,-5.706787],[-40.625122,-5.70929],[-40.622009,-5.711792],[-40.622925,-5.716309],[-40.616577,-5.724976],[-40.616211,-5.729675],[-40.612915,-5.726501],[-40.609497,-5.725281],[-40.605103,-5.726013],[-40.602295,-5.728027],[-40.600098,-5.733093],[-40.599609,-5.737122],[-40.596313,-5.737305],[-40.593079,-5.73822],[-40.590393,-5.737],[-40.586609,-5.736328],[-40.583313,-5.739197],[-40.579895,-5.738098],[-40.573486,-5.739014],[-40.570801,-5.741089],[-40.567688,-5.740417],[-40.565125,-5.737],[-40.561279,-5.736023],[-40.558777,-5.734314],[-40.556213,-5.73053],[-40.549988,-5.727295],[-40.546387,-5.726685],[-40.543213,-5.724426],[-40.538879,-5.722778],[-40.541077,-5.726807],[-40.543579,-5.733704],[-40.545593,-5.737427],[-40.549805,-5.73822],[-40.555298,-5.738281],[-40.558411,-5.742493],[-40.56543,-5.74823],[-40.568909,-5.753601],[-40.570129,-5.757812],[-40.569275,-5.769409],[-40.57019,-5.773499],[-40.567993,-5.776489],[-40.5672,-5.780212],[-40.564819,-5.783325],[-40.563599,-5.787476],[-40.565918,-5.792114],[-40.566895,-5.795227],[-40.566223,-5.798401],[-40.567322,-5.802429],[-40.56842,-5.809204],[-40.567505,-5.814026],[-40.565796,-5.818726],[-40.565796,-5.822083],[-40.567627,-5.825195],[-40.568604,-5.828125],[-40.567078,-5.831909],[-40.564819,-5.834412],[-40.564209,-5.838318],[-40.557983,-5.841003],[-40.553589,-5.840515],[-40.551025,-5.837402],[-40.549988,-5.833679],[-40.542175,-5.827515],[-40.538025,-5.825317],[-40.53241,-5.818909],[-40.521912,-5.815613],[-40.518127,-5.811584],[-40.514709,-5.813782],[-40.512512,-5.817078],[-40.514587,-5.819397],[-40.516602,-5.823486],[-40.512085,-5.823608],[-40.511108,-5.826416],[-40.507385,-5.825317],[-40.505005,-5.826782],[-40.50061,-5.827026],[-40.494324,-5.829407],[-40.491821,-5.832703],[-40.487,-5.834717],[-40.476013,-5.830994],[-40.474182,-5.826782],[-40.471375,-5.825684],[-40.468079,-5.826721],[-40.463684,-5.827209],[-40.456604,-5.828918],[-40.453003,-5.829102],[-40.448181,-5.827209],[-40.439392,-5.82312],[-40.42688,-5.818115],[-40.424683,-5.815125],[-40.421082,-5.81189],[-40.416077,-5.811707],[-40.411926,-5.810913],[-40.410889,-5.806213],[-40.408386,-5.803711],[-40.406799,-5.801208],[-40.407104,-5.797913],[-40.402283,-5.793579],[-40.399597,-5.790527],[-40.39801,-5.786987],[-40.396912,-5.78241],[-40.393127,-5.780579],[-40.390686,-5.778503],[-40.386719,-5.776978],[-40.386108,-5.772278],[-40.381409,-5.765503],[-40.380493,-5.760986],[-40.378723,-5.758423],[-40.373291,-5.754211],[-40.372192,-5.748901],[-40.369202,-5.746826],[-40.365784,-5.747192],[-40.36261,-5.744019],[-40.353821,-5.743408],[-40.349304,-5.744202],[-40.343689,-5.747498],[-40.338989,-5.748413],[-40.335815,-5.747314],[-40.329529,-5.746216],[-40.322693,-5.742493],[-40.31958,-5.74231],[-40.316528,-5.743286],[-40.310913,-5.746887],[-40.307617,-5.748596],[-40.304626,-5.748901],[-40.301392,-5.748413],[-40.297729,-5.749207],[-40.294189,-5.751709],[-40.291992,-5.754211],[-40.288818,-5.756409],[-40.28479,-5.755981],[-40.283386,-5.752625],[-40.280579,-5.75061],[-40.276428,-5.74939],[-40.272705,-5.74469],[-40.265503,-5.740112],[-40.259521,-5.734924],[-40.258301,-5.731628],[-40.256226,-5.729675],[-40.252197,-5.728394],[-40.24469,-5.720886],[-40.240723,-5.71759],[-40.241577,-5.714111],[-40.241577,-5.7099],[-40.22821,-5.71051],[-40.225708,-5.706482],[-40.224304,-5.702026],[-40.222412,-5.69989],[-40.219177,-5.698303],[-40.214783,-5.697815],[-40.214722,-5.694702],[-40.211426,-5.692688],[-40.214905,-5.683411],[-40.214111,-5.678284],[-40.219116,-5.671326],[-40.220886,-5.666626],[-40.22821,-5.662415],[-40.229919,-5.659485],[-40.229309,-5.655823],[-40.22699,-5.653076],[-40.226318,-5.649597],[-40.228882,-5.645691],[-40.228699,-5.642578],[-40.233398,-5.636108],[-40.235596,-5.631226],[-40.232483,-5.627502],[-40.230286,-5.620911],[-40.232788,-5.618408],[-40.234619,-5.615479],[-40.232178,-5.61261],[-40.22699,-5.610413],[-40.221191,-5.603882],[-40.224487,-5.601624],[-40.228882,-5.60022],[-40.229004,-5.596619],[-40.227295,-5.592407],[-40.223389,-5.59082],[-40.221375,-5.588013],[-40.218994,-5.586182],[-40.215027,-5.58551],[-40.207703,-5.581482],[-40.202515,-5.579285],[-40.19281,-5.573608],[-40.188782,-5.573608],[-40.185486,-5.570618],[-40.187378,-5.565796],[-40.187195,-5.562012],[-40.18219,-5.560486],[-40.174683,-5.56073],[-40.171875,-5.559082],[-40.171387,-5.551697],[-40.169128,-5.548523],[-40.16803,-5.544312],[-40.162476,-5.545227],[-40.158875,-5.544678],[-40.155396,-5.542725],[-40.149719,-5.541809],[-40.146484,-5.540588],[-40.143311,-5.544495],[-40.140991,-5.548096],[-40.137512,-5.548828],[-40.133789,-5.547791],[-40.130615,-5.549622],[-40.128296,-5.55188],[-40.124023,-5.552917],[-40.118713,-5.547729],[-40.115723,-5.544189],[-40.115601,-5.541199],[-40.112305,-5.537415],[-40.110779,-5.533325],[-40.111084,-5.529907],[-40.110229,-5.526611],[-40.110779,-5.52301],[-40.112488,-5.516113],[-40.111084,-5.512512],[-40.108093,-5.510681],[-40.109497,-5.501587],[-40.108887,-5.49762],[-40.109985,-5.493713],[-40.111877,-5.490295],[-40.110107,-5.485718],[-40.109009,-5.480408],[-40.108582,-5.475281],[-40.106995,-5.472229],[-40.106201,-5.469177],[-40.109802,-5.463379],[-40.109009,-5.460388],[-40.106018,-5.45813],[-40.106384,-5.454529],[-40.10022,-5.450928],[-40.099792,-5.445618],[-40.096313,-5.44281],[-40.092285,-5.441711],[-40.089783,-5.439575],[-40.0896,-5.435425],[-40.08429,-5.429504],[-40.081909,-5.425781],[-40.081787,-5.422913],[-40.077698,-5.421875],[-40.075195,-5.418884],[-40.073303,-5.415222],[-40.072693,-5.411804],[-40.070007,-5.409302],[-40.068481,-5.405579],[-40.067627,-5.401917],[-40.059692,-5.396912],[-40.061096,-5.393188],[-40.061096,-5.389709],[-40.059082,-5.386108],[-40.058899,-5.381775],[-40.056519,-5.376221],[-40.056824,-5.371887],[-40.052979,-5.36731],[-40.053894,-5.363892],[-40.056519,-5.362427],[-40.059692,-5.361816],[-40.05719,-5.359619],[-40.051025,-5.356323],[-40.045288,-5.35553],[-40.042603,-5.353577],[-40.039612,-5.353027],[-40.035278,-5.350403],[-40.029419,-5.347412],[-40.023621,-5.334412],[-40.023621,-5.330811],[-40.021301,-5.328186],[-40.02301,-5.325012],[-40.018494,-5.321228],[-40.018494,-5.318115],[-40.026611,-5.312805],[-40.030212,-5.311218],[-40.025391,-5.303223],[-40.02832,-5.296387],[-40.031494,-5.295776],[-40.035522,-5.295898],[-40.041687,-5.291321],[-40.051025,-5.29248],[-40.054993,-5.291504],[-40.056213,-5.285217],[-40.053223,-5.281189],[-40.048706,-5.278625],[-40.048279,-5.272827],[-40.046326,-5.266602],[-40.042786,-5.261108],[-40.042908,-5.256897],[-40.044312,-5.249512],[-40.046692,-5.239319],[-40.043213,-5.237427],[-40.03949,-5.231689],[-40.034912,-5.221497],[-40.031616,-5.219299],[-40.027893,-5.211609],[-40.023621,-5.206299],[-40.026184,-5.203979],[-40.030212,-5.201599],[-40.031677,-5.198975],[-40.029297,-5.196228],[-40.025391,-5.193176],[-40.022217,-5.188721],[-40.02771,-5.189209],[-40.030396,-5.187683],[-40.032593,-5.181824],[-40.036377,-5.179626],[-40.040588,-5.177979],[-40.045288,-5.179077],[-40.054016,-5.180603],[-40.057495,-5.185791],[-40.060425,-5.186218],[-40.0625,-5.182617],[-40.066589,-5.180298],[-40.067993,-5.173828],[-40.071899,-5.169006],[-40.072388,-5.164185],[-40.072083,-5.161316],[-40.078308,-5.164612],[-40.081909,-5.170593],[-40.086182,-5.170898],[-40.089722,-5.168091],[-40.093384,-5.163513],[-40.096802,-5.159912],[-40.100891,-5.161194],[-40.103394,-5.163086],[-40.107422,-5.164612],[-40.113892,-5.164124],[-40.115479,-5.160278],[-40.121582,-5.1604],[-40.126709,-5.158325],[-40.13562,-5.15741],[-40.139282,-5.163696],[-40.141724,-5.165405],[-40.14679,-5.165527],[-40.151611,-5.164307],[-40.158691,-5.164307]]]},"properties":{"shapeName":"Independência","shapeISO":"56859067B45229739408985","shapeGroup":"BRA","shapeType":"ADM2","src_shape_id":"56859067B45229739408985","adm1ISO":"BR-CE"}},
{"type":"Feature","geometry":{"type":"Polygon","coordinates":[[[-40.882324,-4.78418],[-40.879211,-4.787415],[-40.881897,-4.793213],[-40.881287,-4.799805],[-40.885193,-4.798279],[-40.878784,-4.814026],[-40.878113,-4.817688],[-40.878601,-4.82312],[-40.880005,-4.829895],[-40.876404,-4.832214],[-40.87738,-4.835693],[-40.8797,-4.838623],[-40.881226,-4.842529],[-40.878601,-4.847107],[-40.879211,-4.850281],[-40.87561,-4.853394],[-40.880676,-4.859802],[-40.872192,-4.863098],[-40.879395,-4.868286],[-40.882385,-4.867615],[-40.885498,-4.865906],[-40.89563,-4.868896],[-40.899109,-4.872009],[-40.907776,-4.874084],[-40.910583,-4.87561],[-40.916809,-4.881104],[-40.921021,-4.883789],[-40.926208,-4.885376],[-40.934509,-4.883606],[-40.938904,-4.883118],[-40.942993,-4.883789],[-40.946289,-4.886475],[-40.950195,-4.887207],[-40.953003,-4.89032],[-40.956482,-4.892822],[-40.959778,-4.8927],[-40.962708,-4.894592],[-40.966309,-4.89801],[-40.970398,-4.901184],[-40.973877,-4.902283],[-40.978577,-4.908203],[-40.982788,-4.90979],[-40.986511,-4.911987],[-40.988708,-4.914429],[-40.991821,-4.915527],[-40.997009,-4.921509],[-41.000183,-4.927307],[-41.003479,-4.928406],[-41.004883,-4.93219],[-41.007324,-4.935486],[-41.008301,-4.939026],[-41.011414,-4.942383],[-41.018188,-4.948425],[-41.021912,-4.953613],[-41.025085,-4.9552],[-41.027893,-4.959229],[-41.031311,-4.961426],[-41.035217,-4.967102],[-41.036194,-4.971497],[-41.037903,-4.974915],[-41.039978,-4.981506],[-41.041016,-4.986328],[-41.043518,-4.989807],[-41.043579,-4.994202],[-41.044312,-5.00061],[-41.04541,-5.003784],[-41.047119,-5.006104],[-41.050476,-5.013123],[-41.052002,-5.017212],[-41.052612,-5.020691],[-41.051086,-5.024597],[-41.032288,-5.022278],[-40.918579,-4.997803],[-40.86499,-4.986389],[-40.8255,-4.977722],[-40.78009,-4.964783],[-40.715393,-4.946289],[-40.651489,-4.986206],[-40.635498,-4.924683],[-40.596802,-4.920898],[-40.54071,-4.914307],[-40.599304,-4.835815],[-40.616516,-4.812012],[-40.61792,-4.806702],[-40.622498,-4.804993],[-40.626892,-4.80011],[-40.628113,-4.7948],[-40.628723,-4.789612],[-40.631104,-4.792175],[-40.636902,-4.79541],[-40.638794,-4.799622],[-40.643311,-4.803528],[-40.648193,-4.808716],[-40.648621,-4.81189],[-40.655823,-4.822388],[-40.657715,-4.829529],[-40.661926,-4.834595],[-40.663208,-4.838318],[-40.666321,-4.84491],[-40.67041,-4.848816],[-40.674011,-4.851685],[-40.684509,-4.856689],[-40.686584,-4.858826],[-40.693298,-4.860413],[-40.696716,-4.862],[-40.69989,-4.861511],[-40.703186,-4.858826],[-40.707397,-4.856323],[-40.716919,-4.853577],[-40.718018,-4.85022],[-40.720825,-4.847717],[-40.722412,-4.843994],[-40.72998,-4.846313],[-40.761719,-4.864685],[-40.762817,-4.857178],[-40.763611,-4.854309],[-40.762878,-4.850586],[-40.764709,-4.846924],[-40.765198,-4.842407],[-40.768494,-4.839783],[-40.776184,-4.83551],[-40.780212,-4.833923],[-40.782104,-4.825806],[-40.784729,-4.823425],[-40.788818,-4.821716],[-40.793884,-4.816589],[-40.796875,-4.81543],[-40.800415,-4.816284],[-40.803284,-4.817627],[-40.807312,-4.81781],[-40.812012,-4.816284],[-40.820801,-4.811279],[-40.825317,-4.809814],[-40.827209,-4.80719],[-40.830505,-4.804321],[-40.833679,-4.800415],[-40.836121,-4.794983],[-40.838806,-4.791809],[-40.839783,-4.788818],[-40.842407,-4.785217],[-40.851318,-4.783508],[-40.854797,-4.783813],[-40.882324,-4.78418]]]},"properties":{"shapeName":"Ipaporanga","shapeISO":"56859067B52253098502550","shapeGroup":"BRA","shapeType":"ADM2","src_shape_id":"56859067B52253098502550","adm1ISO":"BR-CE"}},
{"type":"Feature","geometry":{"type":"Polygon","coordinates":[[[-38.765686,-6.90979],[-38.758484,-6.905823],[-38.756287,-6.903503],[-38.751282,-6.901794],[-38.747925,-6.901978],[-38.742981,-6.899475],[-38.738525,-6.899109],[-38.729919,-6.89563],[-38.732422,-6.889709],[-38.729126,-6.887329],[-38.724792,-6.888611],[-38.721313,-6.88739],[-38.713684,-6.885681],[-38.713928,-6.882507],[-38.715881,-6.879211],[-38.714111,-6.876709],[-38.708313,-6.874512],[-38.703308,-6.876587],[-38.700378,-6.876587],[-38.694824,-6.874512],[-38.690613,-6.871399],[-38.687317,-6.866516],[-38.683594,-6.864502],[-38.679016,-6.86438],[-38.67511,-6.860901],[-38.677002,-6.855103],[-38.675903,-6.851379],[-38.671875,-6.848022],[-38.669495,-6.844788],[-38.670227,-6.841309],[-38.67218,-6.836792],[-38.669006,-6.830994],[-38.668091,-6.828308],[-38.661377,-6.821899],[-38.658386,-6.818298],[-38.6521,-6.812012],[-38.648987,-6.810486],[-38.646484,-6.807983],[-38.643311,-6.80719],[-38.640015,-6.804993],[-38.635986,-6.803528],[-38.63562,-6.800476],[-38.637207,-6.798096],[-38.638428,-6.792725],[-38.634399,-6.791077],[-38.627625,-6.79071],[-38.618103,-6.793823],[-38.616516,-6.79071],[-38.613708,-6.783386],[-38.619995,-6.780518],[-38.623413,-6.780396],[-38.629395,-6.777283],[-38.634583,-6.769897],[-38.638916,-6.768616],[-38.640991,-6.764221],[-38.647278,-6.763184],[-38.650513,-6.76178],[-38.653076,-6.758423],[-38.663391,-6.759216],[-38.669189,-6.759094],[-38.674927,-6.758301],[-38.677917,-6.755798],[-38.680908,-6.755005],[-38.682983,-6.758423],[-38.683289,-6.762878],[-38.686707,-6.767029],[-38.695007,-6.766907],[-38.69812,-6.763428],[-38.719788,-6.767395],[-38.722717,-6.765198],[-38.72522,-6.762329],[-38.731323,-6.759521],[-38.734924,-6.756714],[-38.743591,-6.75531],[-38.747314,-6.755615],[-38.75061,-6.75293],[-38.753113,-6.748718],[-38.758789,-6.743408],[-38.760681,-6.736877],[-38.766113,-6.732178],[-38.769226,-6.731201],[-38.772522,-6.727295],[-38.773682,-6.718628],[-38.776611,-6.718506],[-38.779114,-6.721313],[-38.782715,-6.721008],[-38.788513,-6.718811],[-38.793091,-6.721497],[-38.796204,-6.724121],[-38.80011,-6.724487],[-38.803894,-6.723816],[-38.806885,-6.721924],[-38.823608,-6.716309],[-38.835327,-6.710327],[-38.838318,-6.70929],[-38.843506,-6.708313],[-38.846313,-6.709229],[-38.848022,-6.717407],[-38.846924,-6.72168],[-38.843201,-6.724426],[-38.838318,-6.726929],[-38.830322,-6.734192],[-38.827698,-6.73761],[-38.828796,-6.74469],[-38.795593,-6.768799],[-38.822327,-6.778198],[-38.821411,-6.782288],[-38.820129,-6.791321],[-38.8172,-6.799377],[-38.817322,-6.804199],[-38.818115,-6.808228],[-38.815308,-6.810913],[-38.813599,-6.82019],[-38.815308,-6.825806],[-38.811096,-6.834106],[-38.809509,-6.838928],[-38.810486,-6.846008],[-38.813782,-6.847107],[-38.823486,-6.848694],[-38.833618,-6.848206],[-38.856018,-6.859009],[-38.847412,-6.860229],[-38.843994,-6.859924],[-38.8396,-6.858398],[-38.834412,-6.857422],[-38.829407,-6.857422],[-38.822693,-6.856812],[-38.819214,-6.857117],[-38.816711,-6.862427],[-38.81311,-6.864624],[-38.809692,-6.864624],[-38.794312,-6.863281],[-38.784912,-6.863708],[-38.778381,-6.867187],[-38.774292,-6.868286],[-38.773621,-6.876587],[-38.775696,-6.884583],[-38.778198,-6.886414],[-38.783691,-6.888306],[-38.785095,-6.891296],[-38.785522,-6.894897],[-38.783203,-6.896729],[-38.784424,-6.90509],[-38.77771,-6.907227],[-38.775024,-6.905701],[-38.768188,-6.90741],[-38.765686,-6.90979]]]},"properties":{"shapeName":"Ipaumirim","shapeISO":"56859067B32176029427758","shapeGroup":"BRA","shapeType":"ADM2","src_shape_id":"56859067B32176029427758","adm1ISO":"BR-CE"}},
{"type":"Feature","geometry":{"type":"Polygon","coordinates":[[[-40.793579,-4.423706],[-40.782898,-4.430908],[-40.747192,-4.454712],[-40.733826,-4.46582],[-40.724915,-4.472412],[-40.716797,-4.477295],[-40.705811,-4.4823],[-40.703308,-4.479919],[-40.703491,-4.475281],[-40.698975,-4.468201],[-40.69751,-4.46283],[-40.697083,-4.455811],[-40.695496,-4.451599],[-40.690002,-4.44519],[-40.684875,-4.440491],[-40.68042,-4.433716],[-40.680298,-4.428711],[-40.677917,-4.430725],[-40.676392,-4.434814],[-40.677429,-4.441895],[-40.669983,-4.446411],[-40.666199,-4.453979],[-40.664185,-4.456482],[-40.663208,-4.459717],[-40.657227,-4.465576],[-40.656128,-4.470215],[-40.653687,-4.4729],[-40.651917,-4.476013],[-40.651489,-4.479187],[-40.6474,-4.485413],[-40.646118,-4.489319],[-40.645813,-4.499207],[-40.642212,-4.51001],[-40.637817,-4.51532],[-40.635376,-4.523376],[-40.634216,-4.526001],[-40.630005,-4.52771],[-40.624023,-4.532593],[-40.62262,-4.537292],[-40.619995,-4.540283],[-40.618713,-4.54541],[-40.613586,-4.551697],[-40.610596,-4.552795],[-40.608215,-4.55481],[-40.605103,-4.555176],[-40.600281,-4.55719],[-40.595886,-4.558105],[-40.592712,-4.560913],[-40.587402,-4.558777],[-40.588318,-4.554199],[-40.590576,-4.549377],[-40.591309,-4.545715],[-40.593384,-4.539001],[-40.595276,-4.53479],[-40.598083,-4.532227],[-40.598694,-4.529419],[-40.596375,-4.526917],[-40.593994,-4.523315],[-40.590088,-4.514709],[-40.588989,-4.509094],[-40.58429,-4.506897],[-40.582214,-4.504395],[-40.584229,-4.499817],[-40.584229,-4.491882],[-40.579529,-4.487305],[-40.584106,-4.480225],[-40.584778,-4.475525],[-40.583313,-4.471191],[-40.579529,-4.469482],[-40.575989,-4.464111],[-40.572388,-4.460815],[-40.565796,-4.456116],[-40.564026,-4.452881],[-40.562927,-4.449585],[-40.556702,-4.442627],[-40.554382,-4.439209],[-40.554321,-4.434998],[-40.555908,-4.432312],[-40.558899,-4.432007],[-40.561096,-4.429504],[-40.565125,-4.418213],[-40.56311,-4.411621],[-40.561401,-4.409302],[-40.56073,-4.406128],[-40.561218,-4.402588],[-40.558716,-4.399475],[-40.553711,-4.39801],[-40.552612,-4.3927],[-40.554077,-4.38739],[-40.551392,-4.383484],[-40.549805,-4.379028],[-40.547607,-4.375427],[-40.545288,-4.372681],[-40.544128,-4.369995],[-40.54071,-4.368408],[-40.532288,-4.362793],[-40.52948,-4.361206],[-40.523804,-4.356384],[-40.52179,-4.3526],[-40.521729,-4.339294],[-40.519775,-4.33551],[-40.517517,-4.329529],[-40.513428,-4.326294],[-40.507507,-4.327087],[-40.499512,-4.325012],[-40.494629,-4.320618],[-40.492493,-4.3078],[-40.489502,-4.301819],[-40.485596,-4.298401],[-40.481201,-4.29541],[-40.478821,-4.292725],[-40.517517,-4.302307],[-40.53949,-4.307983],[-40.547729,-4.310913],[-40.554687,-4.314087],[-40.558594,-4.314392],[-40.56311,-4.313721],[-40.567627,-4.314392],[-40.571411,-4.312317],[-40.578125,-4.3078],[-40.581909,-4.307312],[-40.584717,-4.308411],[-40.593628,-4.309509],[-40.597717,-4.309326],[-40.600525,-4.307678],[-40.608582,-4.304993],[-40.612976,-4.30542],[-40.619507,-4.308411],[-40.621094,-4.305908],[-40.623596,-4.304077],[-40.631409,-4.302979],[-40.641296,-4.299622],[-40.647888,-4.294922],[-40.664978,-4.308289],[-40.668884,-4.302612],[-40.672607,-4.298828],[-40.676697,-4.298523],[-40.680908,-4.296814],[-40.682678,-4.292297],[-40.686829,-4.291626],[-40.689819,-4.290222],[-40.699097,-4.288391],[-40.702881,-4.284119],[-40.701782,-4.280518],[-40.699402,-4.276917],[-40.697083,-4.271179],[-40.695801,-4.266418],[-40.695984,-4.261292],[-40.696716,-4.25769],[-40.696106,-4.253479],[-40.696411,-4.248108],[-40.698303,-4.245728],[-40.701111,-4.244019],[-40.697388,-4.240112],[-40.695007,-4.230591],[-40.696777,-4.227905],[-40.692688,-4.222717],[-40.689087,-4.220581],[-40.687622,-4.216675],[-40.684814,-4.213623],[-40.688782,-4.209229],[-40.697021,-4.208923],[-40.699707,-4.207581],[-40.708008,-4.206299],[-40.713013,-4.20459],[-40.719788,-4.205505],[-40.726501,-4.203613],[-40.732788,-4.207397],[-40.735291,-4.211609],[-40.735413,-4.216003],[-40.736511,-4.220215],[-40.744202,-4.224976],[-40.756714,-4.229004],[-40.759705,-4.230591],[-40.769775,-4.232422],[-40.777222,-4.234924],[-40.782288,-4.239075],[-40.788513,-4.248901],[-40.790283,-4.254089],[-40.794312,-4.25708],[-40.801208,-4.263916],[-40.802979,-4.266907],[-40.801208,-4.270996],[-40.80188,-4.275696],[-40.799683,-4.27948],[-40.792297,-4.288513],[-40.790527,-4.296082],[-40.789795,-4.308411],[-40.787476,-4.311707],[-40.787476,-4.316589],[-40.788208,-4.319397],[-40.793823,-4.326904],[-40.797119,-4.328308],[-40.798401,-4.330994],[-40.799988,-4.338928],[-40.801208,-4.343506],[-40.802917,-4.345886],[-40.803711,-4.348877],[-40.803223,-4.353821],[-40.801819,-4.35791],[-40.798828,-4.362305],[-40.785095,-4.360413],[-40.778076,-4.362122],[-40.776001,-4.359924],[-40.772217,-4.353882],[-40.768494,-4.35321],[-40.764282,-4.35321],[-40.761902,-4.356079],[-40.762878,-4.359924],[-40.770691,-4.365112],[-40.772705,-4.369385],[-40.771179,-4.373596],[-40.770203,-4.380188],[-40.775513,-4.383301],[-40.778687,-4.386414],[-40.782104,-4.388489],[-40.783508,-4.396423],[-40.783386,-4.400208],[-40.785706,-4.405212],[-40.782104,-4.406616],[-40.78009,-4.408875],[-40.784485,-4.411987],[-40.784729,-4.416016],[-40.786499,-4.419495],[-40.789612,-4.422485],[-40.793579,-4.423706]]]},"properties":{"shapeName":"Ipu","shapeISO":"56859067B13578671451293","shapeGroup":"BRA","shapeType":"ADM2","src_shape_id":"56859067B13578671451293","adm1ISO":"BR-CE"}},
{"type":"Feature","geometry":{"type":"Polygon","coordinates":[[[-41.236816,-4.573792],[-41.232788,-4.572998],[-41.229614,-4.57312],[-41.226196,-4.575623],[-41.222412,-4.574402],[-41.217896,-4.576111],[-41.216797,-4.582581],[-41.211914,-4.584717],[-41.205078,-4.58551],[-41.200684,-4.584778],[-41.197205,-4.582275],[-41.189209,-4.578308],[-41.184875,-4.578491],[-41.18573,-4.581299],[-41.185913,-4.588623],[-41.183411,-4.59259],[-41.176392,-4.59082],[-41.166199,-4.591309],[-41.162781,-4.59198],[-41.154175,-4.595703],[-41.149597,-4.597412],[-41.146912,-4.599426],[-41.140503,-4.599609],[-41.132019,-4.598999],[-41.126709,-4.600403],[-41.116211,-4.601624],[-41.111877,-4.601501],[-41.105225,-4.6026],[-41.099792,-4.602722],[-41.093506,-4.607483],[-41.091492,-4.610291],[-41.087524,-4.612793],[-41.078491,-4.615112],[-41.073425,-4.615906],[-41.069519,-4.615295],[-41.065186,-4.617126],[-41.059082,-4.621399],[-41.055725,-4.625305],[-41.051208,-4.628906],[-41.041809,-4.633301],[-41.033813,-4.636108],[-41.029297,-4.639893],[-41.025085,-4.642029],[-41.017395,-4.643616],[-41.012878,-4.645813],[-41.006409,-4.651306],[-40.997986,-4.655029],[-40.991211,-4.659912],[-40.986694,-4.661011],[-40.983521,-4.667786],[-40.97699,-4.684204],[-40.973816,-4.689209],[-40.970825,-4.691406],[-40.96698,-4.691711],[-40.963928,-4.690125],[-40.961426,-4.694275],[-40.959778,-4.699707],[-40.955811,-4.714722],[-40.888,-4.716492],[-40.886902,-4.713806],[-40.880615,-4.709106],[-40.876099,-4.703796],[-40.873596,-4.699524],[-40.874512,-4.695496],[-40.874329,-4.691589],[-40.872986,-4.688293],[-40.871094,-4.685913],[-40.867615,-4.683105],[-40.862915,-4.680725],[-40.860229,-4.678406],[-40.856689,-4.672791],[-40.853699,-4.672302],[-40.850403,-4.673279],[-40.853882,-4.676575],[-40.854187,-4.679626],[-40.853394,-4.68573],[-40.859802,-4.687988],[-40.862183,-4.690002],[-40.866211,-4.697021],[-40.867615,-4.700989],[-40.867126,-4.705994],[-40.870117,-4.709229],[-40.871521,-4.712402],[-40.868225,-4.715027],[-40.864075,-4.714905],[-40.859985,-4.712585],[-40.856812,-4.71283],[-40.854309,-4.715088],[-40.851196,-4.715027],[-40.844788,-4.718018],[-40.837708,-4.71698],[-40.830688,-4.717102],[-40.826782,-4.716797],[-40.823792,-4.7146],[-40.820679,-4.713501],[-40.818909,-4.711304],[-40.812683,-4.708801],[-40.808289,-4.706299],[-40.798096,-4.708313],[-40.792725,-4.709717],[-40.78949,-4.711609],[-40.785828,-4.711487],[-40.779419,-4.708496],[-40.775208,-4.709412],[-40.772217,-4.708313],[-40.764587,-4.706909],[-40.76062,-4.707092],[-40.757629,-4.710022],[-40.753418,-4.710815],[-40.748596,-4.70929],[-40.735413,-4.7099],[-40.732483,-4.713196],[-40.708496,-4.711304],[-40.6698,-4.705078],[-40.659424,-4.686523],[-40.624512,-4.624023],[-40.620728,-4.624817],[-40.614502,-4.622375],[-40.608093,-4.620911],[-40.604492,-4.619507],[-40.600403,-4.615601],[-40.597107,-4.611877],[-40.595581,-4.60791],[-40.592712,-4.60498],[-40.591797,-4.602112],[-40.5896,-4.599609],[-40.587708,-4.595215],[-40.58728,-4.58783],[-40.58551,-4.584778],[-40.583984,-4.578613],[-40.586304,-4.574829],[-40.587219,-4.571106],[-40.586487,-4.566223],[-40.587402,-4.558777],[-40.592712,-4.560913],[-40.595886,-4.558105],[-40.600281,-4.55719],[-40.605103,-4.555176],[-40.608215,-4.55481],[-40.610596,-4.552795],[-40.613586,-4.551697],[-40.618713,-4.54541],[-40.619995,-4.540283],[-40.62262,-4.537292],[-40.624023,-4.532593],[-40.630005,-4.52771],[-40.634216,-4.526001],[-40.635376,-4.523376],[-40.637817,-4.51532],[-40.642212,-4.51001],[-40.645813,-4.499207],[-40.646118,-4.489319],[-40.6474,-4.485413],[-40.651489,-4.479187],[-40.651917,-4.476013],[-40.653687,-4.4729],[-40.656128,-4.470215],[-40.657227,-4.465576],[-40.663208,-4.459717],[-40.664185,-4.456482],[-40.666199,-4.453979],[-40.669983,-4.446411],[-40.677429,-4.441895],[-40.676392,-4.434814],[-40.677917,-4.430725],[-40.680298,-4.428711],[-40.68042,-4.433716],[-40.684875,-4.440491],[-40.690002,-4.44519],[-40.695496,-4.451599],[-40.697083,-4.455811],[-40.69751,-4.46283],[-40.698975,-4.468201],[-40.703491,-4.475281],[-40.703308,-4.479919],[-40.705811,-4.4823],[-40.716797,-4.477295],[-40.724915,-4.472412],[-40.733826,-4.46582],[-40.747192,-4.454712],[-40.782898,-4.430908],[-40.793579,-4.423706],[-40.80011,-4.422607],[-40.803528,-4.425415],[-40.8078,-4.43042],[-40.809692,-4.433594],[-40.811096,-4.441223],[-40.814209,-4.446228],[-40.82019,-4.4505],[-40.826111,-4.45813],[-40.831909,-4.459106],[-40.837708,-4.46051],[-40.843201,-4.462524],[-40.85321,-4.46521],[-40.862,-4.466003],[-40.865723,-4.465027],[-40.869324,-4.465881],[-40.874084,-4.465576],[-40.882629,-4.468689],[-40.888611,-4.471619],[-40.896423,-4.469788],[-40.900696,-4.470215],[-40.908508,-4.46991],[-40.919006,-4.468689],[-41.004822,-4.457581],[-41.026978,-4.456299],[-41.031311,-4.460327],[-41.0354,-4.461914],[-41.039124,-4.462585],[-41.048279,-4.466614],[-41.054993,-4.47052],[-41.060486,-4.473206],[-41.065186,-4.473877],[-41.075012,-4.473999],[-41.083496,-4.474792],[-41.088989,-4.475708],[-41.099426,-4.47699],[-41.103516,-4.478516],[-41.1073,-4.478882],[-41.115601,-4.478088],[-41.119812,-4.478882],[-41.121826,-4.481506],[-41.124512,-4.482727],[-41.132996,-4.47821],[-41.13562,-4.476379],[-41.138916,-4.473206],[-41.142578,-4.470581],[-41.145996,-4.469299],[-41.15033,-4.469177],[-41.153625,-4.468384],[-41.15918,-4.466187],[-41.162292,-4.466187],[-41.17749,-4.468689],[-41.180908,-4.476501],[-41.184692,-4.482178],[-41.187927,-4.486084],[-41.189209,-4.489807],[-41.188293,-4.499512],[-41.189087,-4.50769],[-41.190796,-4.515503],[-41.193176,-4.519409],[-41.195984,-4.521606],[-41.197876,-4.524109],[-41.203003,-4.527588],[-41.206177,-4.536987],[-41.207886,-4.547791],[-41.212219,-4.550415],[-41.214478,-4.554199],[-41.216187,-4.559509],[-41.22168,-4.567505],[-41.226379,-4.568909],[-41.231689,-4.569092],[-41.236511,-4.569885],[-41.241577,-4.569214],[-41.240295,-4.57312],[-41.236816,-4.573792]]]},"properties":{"shapeName":"Ipueiras","shapeISO":"56859067B3436475805377","shapeGroup":"BRA","shapeType":"ADM2","src_shape_id":"56859067B3436475805377","adm1ISO":"BR-CE"}},
{"type":"Feature","geometry":{"type":"Polygon","coordinates":[[[-38.432922,-5.62738],[-38.435913,-5.633118],[-38.440186,-5.636597],[-38.441711,-5.639282],[-38.442322,-5.642212],[-38.438599,-5.646606],[-38.441101,-5.649475],[-38.441895,-5.655884],[-38.449585,-5.664795],[-38.450012,-5.669128],[-38.449402,-5.673523],[-38.455322,-5.674927],[-38.458679,-5.678711],[-38.457825,-5.684692],[-38.458008,-5.687683],[-38.455627,-5.693787],[-38.455017,-5.696716],[-38.455627,-5.700623],[-38.45282,-5.702393],[-38.451904,-5.708679],[-38.452209,-5.711609],[-38.455078,-5.710083],[-38.459595,-5.711304],[-38.458984,-5.718506],[-38.461426,-5.726196],[-38.463806,-5.727722],[-38.464111,-5.732117],[-38.469299,-5.734802],[-38.477112,-5.741211],[-38.481689,-5.743225],[-38.486694,-5.743713],[-38.488892,-5.749084],[-38.484009,-5.746826],[-38.480896,-5.747314],[-38.485107,-5.757019],[-38.490112,-5.763611],[-38.48761,-5.767395],[-38.489502,-5.770203],[-38.481323,-5.768982],[-38.481201,-5.776428],[-38.478088,-5.776306],[-38.477112,-5.779785],[-38.472778,-5.778503],[-38.467896,-5.778809],[-38.462891,-5.781799],[-38.463196,-5.787476],[-38.46228,-5.792297],[-38.462585,-5.795227],[-38.467529,-5.803223],[-38.464905,-5.806213],[-38.463318,-5.810303],[-38.464905,-5.821411],[-38.467529,-5.826782],[-38.472229,-5.845398],[-38.473877,-5.849121],[-38.475708,-5.857788],[-38.478027,-5.86438],[-38.478577,-5.868713],[-38.483215,-5.884277],[-38.481079,-5.887329],[-38.47821,-5.888794],[-38.475281,-5.888306],[-38.477478,-5.885193],[-38.474792,-5.878479],[-38.471497,-5.87561],[-38.460327,-5.870911],[-38.455994,-5.872009],[-38.449402,-5.879089],[-38.446411,-5.878906],[-38.442078,-5.877686],[-38.439209,-5.882812],[-38.436707,-5.885315],[-38.433777,-5.885498],[-38.422485,-5.879517],[-38.418396,-5.880493],[-38.416992,-5.886597],[-38.419006,-5.899902],[-38.414978,-5.901306],[-38.412292,-5.899109],[-38.407715,-5.901489],[-38.408203,-5.904907],[-38.407593,-5.908081],[-38.405823,-5.912292],[-38.402893,-5.91571],[-38.399109,-5.916687],[-38.395813,-5.916626],[-38.392212,-5.914185],[-38.385193,-5.915222],[-38.382324,-5.915283],[-38.376709,-5.910217],[-38.370117,-5.916077],[-38.339111,-5.918884],[-38.33551,-5.919617],[-38.332581,-5.918396],[-38.328125,-5.91272],[-38.324829,-5.909912],[-38.321594,-5.908386],[-38.319397,-5.906616],[-38.275085,-5.891785],[-38.2724,-5.896423],[-38.259094,-5.92041],[-38.231995,-5.917175],[-38.159119,-5.9245],[-38.164612,-5.914612],[-38.159729,-5.908691],[-38.158875,-5.905579],[-38.155884,-5.903687],[-38.152588,-5.90271],[-38.150208,-5.900024],[-38.148987,-5.89563],[-38.147095,-5.891296],[-38.147827,-5.887512],[-38.150513,-5.881104],[-38.151306,-5.876526],[-38.147888,-5.873718],[-38.146301,-5.86969],[-38.148193,-5.866699],[-38.148193,-5.86261],[-38.151184,-5.860718],[-38.15509,-5.85968],[-38.159424,-5.859619],[-38.165527,-5.854614],[-38.169189,-5.852783],[-38.173096,-5.851685],[-38.177124,-5.849609],[-38.182007,-5.8479],[-38.184509,-5.846008],[-38.18573,-5.843323],[-38.194092,-5.844727],[-38.198792,-5.846008],[-38.201294,-5.843201],[-38.204712,-5.843079],[-38.208191,-5.842102],[-38.211792,-5.841797],[-38.213928,-5.839783],[-38.217102,-5.838318],[-38.225708,-5.833496],[-38.223816,-5.830811],[-38.226624,-5.823303],[-38.226379,-5.817017],[-38.228088,-5.814575],[-38.231018,-5.813599],[-38.236389,-5.808289],[-38.237,-5.80542],[-38.235596,-5.80249],[-38.238892,-5.799805],[-38.244324,-5.797913],[-38.241821,-5.791382],[-38.24408,-5.789001],[-38.2453,-5.784607],[-38.245728,-5.780884],[-38.247925,-5.775208],[-38.249084,-5.768677],[-38.250427,-5.765381],[-38.24939,-5.762085],[-38.249512,-5.757812],[-38.25061,-5.754211],[-38.250977,-5.750916],[-38.253784,-5.747925],[-38.255493,-5.74408],[-38.255493,-5.740417],[-38.2547,-5.736206],[-38.251282,-5.734009],[-38.248901,-5.730713],[-38.250916,-5.726196],[-38.254517,-5.719482],[-38.259705,-5.712891],[-38.260986,-5.709717],[-38.263306,-5.701294],[-38.265808,-5.69751],[-38.265808,-5.693298],[-38.265076,-5.689087],[-38.266907,-5.68573],[-38.266479,-5.678894],[-38.262085,-5.67041],[-38.26178,-5.66748],[-38.259888,-5.661682],[-38.254578,-5.656799],[-38.249878,-5.653503],[-38.24762,-5.650391],[-38.248901,-5.646179],[-38.250977,-5.642578],[-38.256409,-5.63562],[-38.259827,-5.634277],[-38.265503,-5.626221],[-38.265503,-5.617615],[-38.265991,-5.613098],[-38.267212,-5.608521],[-38.265808,-5.605713],[-38.266907,-5.603027],[-38.41748,-5.624512],[-38.432922,-5.62738]]]},"properties":{"shapeName":"Iracema","shapeISO":"56859067B18871619183331","shapeGroup":"BRA","shapeType":"ADM2","src_shape_id":"56859067B18871619183331","adm1ISO":"BR-CE"}},
{"type":"Feature","geometry":{"type":"Polygon","coordinates":[[[-39.666321,-4.079712],[-39.670227,-4.075989],[-39.671387,-4.072815],[-39.671326,-4.069519],[-39.674011,-4.066406],[-39.674805,-4.060791],[-39.67511,-4.055481],[-39.678223,-4.05188],[-39.680725,-4.044922],[-39.683105,-4.042603],[-39.683594,-4.035889],[-39.684814,-4.033203],[-39.687195,-4.030396],[-39.688477,-4.027588],[-39.692993,-4.022095],[-39.698425,-4.021118],[-39.707214,-4.018188],[-39.708496,-4.013977],[-39.70752,-4.01001],[-39.701599,-4.007996],[-39.700012,-4.005493],[-39.700806,-4.001709],[-39.703796,-4.000183],[-39.703613,-3.995117],[-39.705811,-3.985596],[-39.706909,-3.98291],[-39.707397,-3.977417],[-39.710388,-3.976013],[-39.712097,-3.972412],[-39.717285,-3.973328],[-39.719299,-3.970215],[-39.716492,-3.968323],[-39.714722,-3.959717],[-39.714478,-3.956604],[-39.711609,-3.953308],[-39.710083,-3.950012],[-39.70459,-3.94812],[-39.705322,-3.94458],[-39.709106,-3.937622],[-39.710327,-3.927185],[-39.715515,-3.917297],[-39.712708,-3.914185],[-39.711792,-3.90918],[-39.709595,-3.904785],[-39.711914,-3.901917],[-39.716125,-3.898987],[-39.714478,-3.894409],[-39.71759,-3.890076],[-39.71759,-3.886475],[-39.711914,-3.885193],[-39.713623,-3.880798],[-39.717224,-3.87793],[-39.719788,-3.873596],[-39.718811,-3.870605],[-39.714478,-3.871887],[-39.712097,-3.86969],[-39.711487,-3.864807],[-39.706787,-3.855225],[-39.703796,-3.850891],[-39.698425,-3.849182],[-39.691284,-3.843628],[-39.691284,-3.838318],[-39.688599,-3.835815],[-39.684998,-3.838013],[-39.680176,-3.836304],[-39.678528,-3.832886],[-39.674377,-3.833191],[-39.668396,-3.83429],[-39.665894,-3.832886],[-39.661499,-3.82782],[-39.661316,-3.824707],[-39.656921,-3.823608],[-39.649902,-3.824829],[-39.647888,-3.821716],[-39.645081,-3.821106],[-39.640686,-3.821594],[-39.643494,-3.811707],[-39.644409,-3.807617],[-39.646179,-3.803589],[-39.648682,-3.800293],[-39.651611,-3.793396],[-39.651978,-3.789612],[-39.651611,-3.785583],[-39.654114,-3.773499],[-39.656677,-3.770813],[-39.658875,-3.764282],[-39.666077,-3.763916],[-39.67041,-3.761475],[-39.674377,-3.76001],[-39.676697,-3.758179],[-39.68158,-3.752686],[-39.684998,-3.746704],[-39.685608,-3.743713],[-39.685791,-3.735596],[-39.686707,-3.731628],[-39.68689,-3.72699],[-39.689575,-3.718201],[-39.689575,-3.708801],[-39.693298,-3.705994],[-39.695984,-3.698914],[-39.703613,-3.692688],[-39.707275,-3.688904],[-39.707825,-3.685181],[-39.707397,-3.67981],[-39.706421,-3.676819],[-39.704407,-3.673279],[-39.70282,-3.664612],[-39.701599,-3.6604],[-39.699524,-3.656006],[-39.698181,-3.651428],[-39.696899,-3.639404],[-39.697693,-3.63208],[-39.701782,-3.619202],[-39.705383,-3.619995],[-39.707703,-3.623596],[-39.708679,-3.626587],[-39.707825,-3.629883],[-39.70813,-3.636108],[-39.710083,-3.638611],[-39.708801,-3.645325],[-39.710205,-3.649597],[-39.71228,-3.653503],[-39.780212,-3.64032],[-39.778687,-3.634399],[-39.784912,-3.630798],[-39.785522,-3.62793],[-39.787476,-3.625427],[-39.790527,-3.624023],[-39.794678,-3.623108],[-39.798828,-3.620483],[-39.803223,-3.616211],[-39.804687,-3.613281],[-39.807495,-3.611694],[-39.809326,-3.609192],[-39.811279,-3.60498],[-39.817322,-3.604309],[-39.831726,-3.603699],[-39.892029,-3.656006],[-39.89563,-3.658508],[-39.898804,-3.662476],[-39.898193,-3.666809],[-39.899475,-3.671814],[-39.899414,-3.676392],[-39.900085,-3.679993],[-39.90332,-3.682312],[-39.903809,-3.685181],[-39.906982,-3.690491],[-39.907104,-3.694885],[-39.906128,-3.700195],[-39.907227,-3.704712],[-39.911011,-3.715698],[-39.912109,-3.719604],[-39.935913,-3.717102],[-39.96582,-3.715576],[-39.991699,-3.714111],[-39.999817,-3.71283],[-40.014709,-3.713013],[-40.015076,-3.716675],[-40.016907,-3.720581],[-40.013489,-3.727722],[-40.011902,-3.735596],[-40.01239,-3.738708],[-40.014221,-3.741577],[-40.012512,-3.745789],[-40.013123,-3.750183],[-40.011108,-3.760498],[-40.008423,-3.762695],[-39.976318,-3.776611],[-39.971008,-3.793701],[-39.951111,-3.859497],[-39.924805,-3.946106],[-40.006897,-3.899109],[-40.002625,-3.907898],[-40.002808,-3.911377],[-39.999512,-3.917725],[-39.998413,-3.920593],[-39.999207,-3.929077],[-39.993225,-3.93689],[-39.98938,-3.938904],[-39.979614,-3.942322],[-39.973877,-3.946106],[-39.969788,-3.950989],[-39.962402,-3.9552],[-39.958984,-3.9599],[-39.953308,-3.963501],[-39.948914,-3.968994],[-39.946594,-3.973328],[-39.943604,-3.975586],[-39.941711,-3.98291],[-39.941406,-3.985901],[-39.938904,-3.98938],[-39.93512,-3.989014],[-39.930786,-3.98761],[-39.927795,-3.989685],[-39.924683,-3.988708],[-39.922485,-3.992126],[-39.922607,-3.996521],[-39.918213,-3.997986],[-39.91571,-4.000122],[-39.914307,-4.002991],[-39.911011,-4.005005],[-39.914001,-4.006409],[-39.916016,-4.009521],[-39.914307,-4.014709],[-39.914917,-4.018921],[-39.920288,-4.020813],[-39.921692,-4.025513],[-39.926025,-4.033508],[-39.924194,-4.037292],[-39.91571,-4.034729],[-39.912781,-4.038086],[-39.905701,-4.04071],[-39.90271,-4.039001],[-39.898499,-4.042725],[-39.893677,-4.042725],[-39.890381,-4.039612],[-39.887085,-4.03949],[-39.881287,-4.042175],[-39.874512,-4.042114],[-39.869324,-4.044983],[-39.872681,-4.04718],[-39.872009,-4.051697],[-39.874695,-4.053284],[-39.875,-4.057312],[-39.877197,-4.061829],[-39.875122,-4.064697],[-39.871582,-4.066101],[-39.866394,-4.06958],[-39.864319,-4.072083],[-39.861511,-4.073792],[-39.858887,-4.076904],[-39.855896,-4.077698],[-39.85321,-4.079529],[-39.851807,-4.083923],[-39.849426,-4.087524],[-39.85022,-4.090515],[-39.855591,-4.095825],[-39.857483,-4.098816],[-39.857727,-4.102112],[-39.85553,-4.104919],[-39.849915,-4.10553],[-39.846985,-4.108093],[-39.843506,-4.109985],[-39.840027,-4.113098],[-39.834778,-4.113098],[-39.8302,-4.113892],[-39.818481,-4.117798],[-39.810486,-4.116882],[-39.810913,-4.120911],[-39.808899,-4.123779],[-39.807495,-4.127075],[-39.808411,-4.130981],[-39.808228,-4.134827],[-39.807312,-4.137695],[-39.805298,-4.14032],[-39.80011,-4.148315],[-39.798828,-4.151794],[-39.797119,-4.154175],[-39.794312,-4.156311],[-39.794678,-4.159912],[-39.790405,-4.164612],[-39.785889,-4.172485],[-39.780029,-4.174316],[-39.773804,-4.174011],[-39.773499,-4.166809],[-39.77179,-4.162598],[-39.769592,-4.159912],[-39.766296,-4.158081],[-39.762329,-4.158081],[-39.75769,-4.156921],[-39.75708,-4.151306],[-39.755615,-4.142212],[-39.75531,-4.133911],[-39.749512,-4.130127],[-39.749084,-4.126221],[-39.74762,-4.121887],[-39.744324,-4.118286],[-39.742493,-4.114197],[-39.739075,-4.109497],[-39.734375,-4.108521],[-39.730713,-4.105103],[-39.722412,-4.103699],[-39.720276,-4.098511],[-39.717407,-4.096619],[-39.712402,-4.099976],[-39.708923,-4.100708],[-39.705627,-4.104614],[-39.704895,-4.100281],[-39.703308,-4.094421],[-39.703308,-4.09082],[-39.692505,-4.08551],[-39.68988,-4.082581],[-39.682922,-4.080627],[-39.682129,-4.077209],[-39.678894,-4.076416],[-39.67511,-4.079407],[-39.670715,-4.080627],[-39.666321,-4.079712]]]},"properties":{"shapeName":"Irauçuba","shapeISO":"56859067B61875924622713","shapeGroup":"BRA","shapeType":"ADM2","src_shape_id":"56859067B61875924622713","adm1ISO":"BR-CE"}},
{"type":"Feature","geometry":{"type":"Polygon","coordinates":[[[-37.948914,-4.660706],[-37.955505,-4.729492],[-37.934509,-4.76239],[-37.856384,-4.763306],[-37.830383,-4.762512],[-37.827026,-4.755676],[-37.825928,-4.751892],[-37.826477,-4.747803],[-37.825378,-4.74292],[-37.806885,-4.735779],[-37.789612,-4.731384],[-37.792908,-4.739197],[-37.793213,-4.744507],[-37.792175,-4.748291],[-37.789001,-4.755615],[-37.781494,-4.755005],[-37.711914,-4.739502],[-37.624878,-4.71991],[-37.616211,-4.718018],[-37.644897,-4.716003],[-37.654907,-4.715576],[-37.65802,-4.71521],[-37.665222,-4.716492],[-37.672119,-4.716797],[-37.674988,-4.717712],[-37.679077,-4.71759],[-37.685425,-4.714783],[-37.693115,-4.715515],[-37.696411,-4.7146],[-37.700317,-4.715515],[-37.703613,-4.717529],[-37.706909,-4.718384],[-37.712219,-4.718201],[-37.721191,-4.719116],[-37.733582,-4.717712],[-37.736511,-4.718811],[-37.745178,-4.719482],[-37.748901,-4.718628],[-37.757629,-4.713196],[-37.763794,-4.712097],[-37.774597,-4.711609],[-37.777405,-4.710999],[-37.780518,-4.708496],[-37.78418,-4.704224],[-37.789917,-4.701111],[-37.801208,-4.696777],[-37.802612,-4.694092],[-37.805908,-4.680481],[-37.808105,-4.67572],[-37.814209,-4.672607],[-37.81781,-4.672913],[-37.823303,-4.670105],[-37.829712,-4.6651],[-37.831604,-4.660095],[-37.844727,-4.683228],[-37.865479,-4.67688],[-37.908997,-4.663818],[-37.913818,-4.663879],[-37.916687,-4.663086],[-37.922302,-4.662781],[-37.926697,-4.663208],[-37.932312,-4.662781],[-37.945007,-4.660583],[-37.948914,-4.660706]]]},"properties":{"shapeName":"Itaiçaba","shapeISO":"56859067B36389495737376","shapeGroup":"BRA","shapeType":"ADM2","src_shape_id":"56859067B36389495737376","adm1ISO":"BR-CE"}},
{"type":"Feature","geometry":{"type":"Polygon","coordinates":[[[-38.506714,-3.9375],[-38.508423,-3.933716],[-38.506897,-3.916382],[-38.505127,-3.905212],[-38.502319,-3.892212],[-38.500488,-3.887878],[-38.505005,-3.889221],[-38.509521,-3.888794],[-38.512695,-3.890686],[-38.513916,-3.893616],[-38.517029,-3.891724],[-38.526123,-3.883728],[-38.530029,-3.879578],[-38.52771,-3.872803],[-38.525391,-3.86969],[-38.520996,-3.86731],[-38.519287,-3.864929],[-38.523804,-3.863586],[-38.53949,-3.85968],[-38.542419,-3.859619],[-38.544983,-3.871887],[-38.546082,-3.881226],[-38.547424,-3.886108],[-38.551575,-3.887817],[-38.549377,-3.893616],[-38.550476,-3.897827],[-38.554016,-3.90271],[-38.555603,-3.905579],[-38.56311,-3.945679],[-38.565918,-3.961426],[-38.573608,-3.995911],[-38.573975,-4.004578],[-38.574585,-4.05011],[-38.574707,-4.054077],[-38.604492,-4.058777],[-38.612122,-4.10022],[-38.612305,-4.103699],[-38.60791,-4.10199],[-38.604919,-4.102417],[-38.601196,-4.104614],[-38.597595,-4.105896],[-38.593811,-4.106384],[-38.590088,-4.105591],[-38.585022,-4.106384],[-38.576721,-4.105713],[-38.57251,-4.112793],[-38.569397,-4.116089],[-38.567017,-4.119385],[-38.565979,-4.122986],[-38.561584,-4.122192],[-38.558594,-4.120483],[-38.557312,-4.11792],[-38.557617,-4.114929],[-38.553894,-4.104614],[-38.552917,-4.100281],[-38.5495,-4.092102],[-38.543884,-4.086426],[-38.536804,-4.080078],[-38.535889,-4.076111],[-38.536926,-4.072998],[-38.533081,-4.067383],[-38.533813,-4.064087],[-38.533813,-4.059509],[-38.535828,-4.053223],[-38.538513,-4.05011],[-38.536804,-4.045227],[-38.535828,-4.040283],[-38.532898,-4.038208],[-38.52832,-4.032776],[-38.526428,-4.02948],[-38.526184,-4.026123],[-38.526917,-4.023315],[-38.524109,-4.020996],[-38.519897,-4.018677],[-38.518005,-4.012695],[-38.516113,-3.996216],[-38.515991,-3.989319],[-38.514221,-3.980103],[-38.514099,-3.977112],[-38.515198,-3.96582],[-38.515015,-3.961487],[-38.513184,-3.95813],[-38.512024,-3.94928],[-38.509888,-3.944519],[-38.509094,-3.940491],[-38.506714,-3.9375]]]},"properties":{"shapeName":"Itaitinga","shapeISO":"56859067B58335348194299","shapeGroup":"BRA","shapeType":"ADM2","src_shape_id":"56859067B58335348194299","adm1ISO":"BR-CE"}},
{"type":"Feature","geometry":{"type":"Polygon","coordinates":[[[-39.414795,-3.829102],[-39.416687,-3.825012],[-39.420715,-3.825195],[-39.424377,-3.824097],[-39.425415,-3.821289],[-39.429626,-3.800598],[-39.429687,-3.796509],[-39.432495,-3.793579],[-39.435181,-3.791809],[-39.43573,-3.788513],[-39.431519,-3.78418],[-39.430908,-3.780212],[-39.434021,-3.775879],[-39.435303,-3.772705],[-39.432617,-3.767029],[-39.433716,-3.762878],[-39.436096,-3.759216],[-39.43811,-3.752197],[-39.440613,-3.74823],[-39.443298,-3.745911],[-39.455078,-3.74762],[-39.456909,-3.743408],[-39.462585,-3.739502],[-39.464111,-3.737],[-39.472412,-3.726807],[-39.475708,-3.727722],[-39.478699,-3.727783],[-39.481506,-3.725525],[-39.483276,-3.723022],[-39.490601,-3.723206],[-39.494324,-3.722412],[-39.496826,-3.719177],[-39.497009,-3.712097],[-39.498901,-3.709412],[-39.502625,-3.707886],[-39.506226,-3.705322],[-39.505127,-3.701294],[-39.506226,-3.696777],[-39.510193,-3.695312],[-39.513123,-3.692322],[-39.514587,-3.669312],[-39.515625,-3.657776],[-39.5224,-3.655701],[-39.525513,-3.658691],[-39.532715,-3.657593],[-39.537292,-3.658081],[-39.543579,-3.654724],[-39.548584,-3.653198],[-39.554016,-3.65271],[-39.557312,-3.650513],[-39.557007,-3.643799],[-39.557312,-3.640625],[-39.559509,-3.637207],[-39.566528,-3.63031],[-39.575195,-3.627808],[-39.579102,-3.627319],[-39.581909,-3.628113],[-39.589722,-3.626282],[-39.596008,-3.626282],[-39.600586,-3.626404],[-39.602905,-3.629028],[-39.606018,-3.630981],[-39.609619,-3.632385],[-39.613098,-3.630615],[-39.614929,-3.62793],[-39.618591,-3.627197],[-39.617004,-3.631409],[-39.614685,-3.633911],[-39.612915,-3.641113],[-39.631714,-3.637695],[-39.640198,-3.636719],[-39.641785,-3.640503],[-39.645508,-3.642578],[-39.648804,-3.643311],[-39.649109,-3.646606],[-39.652283,-3.649109],[-39.656616,-3.649414],[-39.662415,-3.645691],[-39.665894,-3.644409],[-39.672302,-3.645813],[-39.677002,-3.645813],[-39.680298,-3.646423],[-39.681824,-3.642883],[-39.684814,-3.639221],[-39.687622,-3.633484],[-39.689514,-3.630798],[-39.692688,-3.624695],[-39.6922,-3.61731],[-39.693604,-3.613098],[-39.69751,-3.613708],[-39.699585,-3.615601],[-39.701782,-3.619202],[-39.697693,-3.63208],[-39.696899,-3.639404],[-39.698181,-3.651428],[-39.699524,-3.656006],[-39.701599,-3.6604],[-39.70282,-3.664612],[-39.704407,-3.673279],[-39.706421,-3.676819],[-39.707397,-3.67981],[-39.707825,-3.685181],[-39.707275,-3.688904],[-39.703613,-3.692688],[-39.695984,-3.698914],[-39.693298,-3.705994],[-39.689575,-3.708801],[-39.689575,-3.718201],[-39.68689,-3.72699],[-39.686707,-3.731628],[-39.685791,-3.735596],[-39.685608,-3.743713],[-39.684998,-3.746704],[-39.68158,-3.752686],[-39.676697,-3.758179],[-39.674377,-3.76001],[-39.67041,-3.761475],[-39.666077,-3.763916],[-39.658875,-3.764282],[-39.656677,-3.770813],[-39.654114,-3.773499],[-39.651611,-3.785583],[-39.651978,-3.789612],[-39.651611,-3.793396],[-39.648682,-3.800293],[-39.646179,-3.803589],[-39.644409,-3.807617],[-39.643494,-3.811707],[-39.640686,-3.821594],[-39.637207,-3.825378],[-39.63501,-3.829712],[-39.629395,-3.826111],[-39.624207,-3.829285],[-39.621399,-3.825012],[-39.61438,-3.821594],[-39.610596,-3.820801],[-39.606384,-3.823425],[-39.603088,-3.82251],[-39.599792,-3.82251],[-39.595886,-3.825806],[-39.59259,-3.826111],[-39.58783,-3.824707],[-39.586487,-3.822083],[-39.583191,-3.822327],[-39.579712,-3.820679],[-39.579407,-3.817383],[-39.578308,-3.813904],[-39.544312,-3.771484],[-39.539185,-3.761902],[-39.514709,-3.745605],[-39.502075,-3.753601],[-39.497192,-3.755798],[-39.493286,-3.758911],[-39.48999,-3.760315],[-39.49231,-3.818604],[-39.489197,-3.816895],[-39.48761,-3.813721],[-39.483521,-3.814392],[-39.480591,-3.815613],[-39.478882,-3.817993],[-39.479187,-3.82251],[-39.4776,-3.830322],[-39.474915,-3.857483],[-39.470398,-3.857483],[-39.466919,-3.858276],[-39.463501,-3.857788],[-39.459595,-3.858276],[-39.456116,-3.861084],[-39.449585,-3.858704],[-39.446106,-3.856689],[-39.441895,-3.855103],[-39.434082,-3.853027],[-39.430786,-3.854675],[-39.414795,-3.829102]]]},"properties":{"shapeName":"Itapajé","shapeISO":"56859067B91483000258384","shapeGroup":"BRA","shapeType":"ADM2","src_shape_id":"56859067B91483000258384","adm1ISO":"BR-CE"}},
{"type":"Feature","geometry":{"type":"MultiPolygon","coordinates":[[[[-39.455811,-3.208618],[-39.460876,-3.21051],[-39.458313,-3.211914],[-39.455811,-3.208618]]],[[[-39.484619,-3.204529],[-39.48761,-3.206177],[-39.486389,-3.209412],[-39.481689,-3.208313],[-39.484619,-3.204529]]],[[[-39.783813,-3.4646],[-39.786011,-3.467102],[-39.786499,-3.470825],[-39.7854,-3.475708],[-39.785217,-3.481018],[-39.786621,-3.484497],[-39.786377,-3.48761],[-39.785217,-3.491516],[-39.782104,-3.493896],[-39.779785,-3.498413],[-39.777405,-3.505798],[-39.772095,-3.515686],[-39.768921,-3.522827],[-39.767883,-3.526489],[-39.767212,-3.531128],[-39.764893,-3.53418],[-39.762695,-3.538391],[-39.761475,-3.542175],[-39.761292,-3.549988],[-39.758118,-3.555786],[-39.75531,-3.558228],[-39.752991,-3.561829],[-39.75293,-3.5672],[-39.755188,-3.570923],[-39.756104,-3.57428],[-39.758484,-3.576416],[-39.755981,-3.583801],[-39.763611,-3.590393],[-39.772217,-3.591125],[-39.769775,-3.594299],[-39.766113,-3.596924],[-39.75708,-3.602112],[-39.754211,-3.604492],[-39.751709,-3.607727],[-39.746826,-3.612122],[-39.744995,-3.615295],[-39.742493,-3.618103],[-39.736511,-3.625793],[-39.73291,-3.631226],[-39.725525,-3.637878],[-39.723206,-3.640991],[-39.718689,-3.645203],[-39.716125,-3.646912],[-39.713928,-3.64978],[-39.71228,-3.653503],[-39.710205,-3.649597],[-39.708801,-3.645325],[-39.710083,-3.638611],[-39.70813,-3.636108],[-39.707825,-3.629883],[-39.708679,-3.626587],[-39.707703,-3.623596],[-39.705383,-3.619995],[-39.701782,-3.619202],[-39.699585,-3.615601],[-39.69751,-3.613708],[-39.693604,-3.613098],[-39.6922,-3.61731],[-39.692688,-3.624695],[-39.689514,-3.630798],[-39.687622,-3.633484],[-39.684814,-3.639221],[-39.681824,-3.642883],[-39.680298,-3.646423],[-39.677002,-3.645813],[-39.672302,-3.645813],[-39.665894,-3.644409],[-39.662415,-3.645691],[-39.656616,-3.649414],[-39.652283,-3.649109],[-39.649109,-3.646606],[-39.648804,-3.643311],[-39.645508,-3.642578],[-39.641785,-3.640503],[-39.640198,-3.636719],[-39.631714,-3.637695],[-39.612915,-3.641113],[-39.614685,-3.633911],[-39.617004,-3.631409],[-39.618591,-3.627197],[-39.614929,-3.62793],[-39.613098,-3.630615],[-39.609619,-3.632385],[-39.606018,-3.630981],[-39.602905,-3.629028],[-39.600586,-3.626404],[-39.596008,-3.626282],[-39.569824,-3.601501],[-39.562012,-3.594299],[-39.547485,-3.580383],[-39.545288,-3.57489],[-39.513184,-3.574585],[-39.50293,-3.575317],[-39.499329,-3.578125],[-39.493286,-3.581604],[-39.490112,-3.582092],[-39.487122,-3.580505],[-39.482605,-3.5802],[-39.478088,-3.582214],[-39.470398,-3.582581],[-39.455505,-3.585327],[-39.451599,-3.583008],[-39.447693,-3.582092],[-39.439209,-3.578613],[-39.436218,-3.575928],[-39.432617,-3.570129],[-39.432312,-3.565918],[-39.426514,-3.5625],[-39.416809,-3.554199],[-39.413513,-3.552185],[-39.405884,-3.551697],[-39.402588,-3.550476],[-39.401978,-3.546814],[-39.405212,-3.537476],[-39.407288,-3.534607],[-39.40979,-3.532776],[-39.410706,-3.529724],[-39.412781,-3.526794],[-39.412476,-3.523193],[-39.413513,-3.52002],[-39.41571,-3.516113],[-39.416321,-3.511292],[-39.417908,-3.507507],[-39.417419,-3.504517],[-39.418701,-3.501709],[-39.423584,-3.500122],[-39.426208,-3.495789],[-39.429993,-3.494202],[-39.431885,-3.490417],[-39.432129,-3.486877],[-39.434692,-3.483582],[-39.433411,-3.479919],[-39.427429,-3.476196],[-39.427429,-3.470825],[-39.433411,-3.460022],[-39.434326,-3.456299],[-39.436096,-3.453796],[-39.438721,-3.451782],[-39.439209,-3.448608],[-39.443298,-3.447021],[-39.446289,-3.446594],[-39.450012,-3.443909],[-39.451477,-3.435303],[-39.455017,-3.430603],[-39.456421,-3.427185],[-39.458313,-3.419128],[-39.460388,-3.415894],[-39.463318,-3.413513],[-39.463379,-3.410217],[-39.465515,-3.407715],[-39.466614,-3.402405],[-39.470215,-3.401611],[-39.472595,-3.399292],[-39.479614,-3.395691],[-39.481506,-3.391113],[-39.484375,-3.386108],[-39.486206,-3.380981],[-39.491028,-3.374329],[-39.491699,-3.371216],[-39.494812,-3.368713],[-39.49292,-3.361511],[-39.493591,-3.357788],[-39.495728,-3.35498],[-39.498718,-3.353699],[-39.502319,-3.353394],[-39.503479,-3.350403],[-39.503113,-3.346985],[-39.504395,-3.342712],[-39.503418,-3.338501],[-39.503296,-3.335083],[-39.501709,-3.330811],[-39.501892,-3.326111],[-39.502808,-3.322327],[-39.509827,-3.317627],[-39.511597,-3.314087],[-39.51001,-3.307129],[-39.51001,-3.303284],[-39.506775,-3.300476],[-39.504822,-3.296082],[-39.505981,-3.291809],[-39.509094,-3.291199],[-39.512024,-3.28949],[-39.513489,-3.285583],[-39.516296,-3.280029],[-39.518005,-3.277588],[-39.521118,-3.27478],[-39.521179,-3.271301],[-39.517029,-3.263916],[-39.514221,-3.254517],[-39.509277,-3.247498],[-39.506409,-3.24469],[-39.504578,-3.241211],[-39.504395,-3.23761],[-39.507507,-3.231384],[-39.50769,-3.227783],[-39.506287,-3.225098],[-39.506409,-3.220093],[-39.510193,-3.21759],[-39.510498,-3.213806],[-39.508789,-3.209412],[-39.509094,-3.202576],[-39.505615,-3.203308],[-39.503784,-3.200317],[-39.49939,-3.199707],[-39.495117,-3.2005],[-39.491394,-3.202698],[-39.489197,-3.200378],[-39.484985,-3.200623],[-39.484619,-3.204529],[-39.481384,-3.202087],[-39.47998,-3.19928],[-39.476013,-3.197693],[-39.471619,-3.199829],[-39.465698,-3.204102],[-39.460327,-3.205322],[-39.455811,-3.208618],[-39.452576,-3.210815],[-39.448975,-3.208313],[-39.448608,-3.204529],[-39.445312,-3.204285],[-39.440613,-3.206726],[-39.437683,-3.206482],[-39.434082,-3.207092],[-39.430298,-3.206421],[-39.427429,-3.202881],[-39.422729,-3.200806],[-39.41803,-3.200928],[-39.413696,-3.203613],[-39.410217,-3.206482],[-39.406189,-3.199524],[-39.408813,-3.19281],[-39.408203,-3.189209],[-39.405823,-3.185486],[-39.40271,-3.189575],[-39.398987,-3.185913],[-39.39502,-3.185913],[-39.392029,-3.184387],[-39.387817,-3.184387],[-39.384705,-3.185913],[-39.380798,-3.186096],[-39.378906,-3.183716],[-39.382507,-3.183105],[-39.388184,-3.179077],[-39.391785,-3.178406],[-39.396912,-3.176697],[-39.399597,-3.174805],[-39.407593,-3.166687],[-39.411804,-3.161194],[-39.419312,-3.156006],[-39.42218,-3.154602],[-39.426208,-3.154724],[-39.432007,-3.151489],[-39.435486,-3.149109],[-39.442993,-3.146606],[-39.447205,-3.146484],[-39.451111,-3.14563],[-39.4552,-3.14563],[-39.462891,-3.143494],[-39.471924,-3.138],[-39.474976,-3.13501],[-39.481018,-3.126587],[-39.483276,-3.12439],[-39.486206,-3.119812],[-39.493408,-3.116821],[-39.503113,-3.111328],[-39.508789,-3.109192],[-39.515198,-3.104919],[-39.521606,-3.102478],[-39.527405,-3.098083],[-39.533081,-3.091187],[-39.537292,-3.088684],[-39.545105,-3.082275],[-39.550781,-3.079224],[-39.560303,-3.110413],[-39.562988,-3.11969],[-39.566101,-3.131287],[-39.604675,-3.151611],[-39.609009,-3.153809],[-39.61261,-3.156799],[-39.611816,-3.14978],[-39.618896,-3.1474],[-39.626709,-3.149292],[-39.630615,-3.152222],[-39.633484,-3.155212],[-39.63678,-3.157227],[-39.639709,-3.15802],[-39.646423,-3.158875],[-39.651306,-3.160706],[-39.654297,-3.163696],[-39.65741,-3.16571],[-39.662415,-3.165222],[-39.666504,-3.164307],[-39.669678,-3.165405],[-39.671509,-3.169312],[-39.671997,-3.173218],[-39.673828,-3.176575],[-39.679016,-3.182007],[-39.679687,-3.185913],[-39.679199,-3.191223],[-39.679321,-3.196106],[-39.680115,-3.204529],[-39.684326,-3.205627],[-39.687317,-3.207092],[-39.688782,-3.209595],[-39.68811,-3.212402],[-39.686279,-3.216492],[-39.686523,-3.220276],[-39.68811,-3.223206],[-39.690491,-3.225891],[-39.696594,-3.230103],[-39.698608,-3.2323],[-39.699707,-3.236389],[-39.698608,-3.241577],[-39.702026,-3.245117],[-39.718079,-3.245178],[-39.728699,-3.24469],[-39.720703,-3.268799],[-39.717529,-3.278687],[-39.703491,-3.323608],[-39.707214,-3.325012],[-39.709595,-3.327209],[-39.712891,-3.333923],[-39.715576,-3.336182],[-39.723328,-3.336426],[-39.725586,-3.338196],[-39.728821,-3.347717],[-39.7323,-3.348206],[-39.737915,-3.356689],[-39.736389,-3.359985],[-39.735596,-3.363403],[-39.736877,-3.368286],[-39.734009,-3.370422],[-39.732178,-3.373413],[-39.733521,-3.376892],[-39.736328,-3.380798],[-39.73761,-3.384216],[-39.73999,-3.387024],[-39.739807,-3.390808],[-39.734985,-3.393799],[-39.734802,-3.397827],[-39.735718,-3.401123],[-39.739075,-3.404114],[-39.741211,-3.406921],[-39.746704,-3.410217],[-39.75,-3.411011],[-39.752625,-3.414124],[-39.750183,-3.417603],[-39.750977,-3.421509],[-39.754822,-3.427612],[-39.757996,-3.434021],[-39.761475,-3.434692],[-39.764099,-3.435913],[-39.766907,-3.438599],[-39.768188,-3.442078],[-39.768127,-3.447021],[-39.765015,-3.449402],[-39.765991,-3.453308],[-39.768982,-3.456726],[-39.776428,-3.459595],[-39.783813,-3.4646]]]]},"properties":{"shapeName":"Itapipoca","shapeISO":"56859067B2993519795590","shapeGroup":"BRA","shapeType":"ADM2","src_shape_id":"56859067B2993519795590","adm1ISO":"BR-CE"}},
{"type":"Feature","geometry":{"type":"Polygon","coordinates":[[[-39.028625,-4.461182],[-39.0849,-4.473022],[-39.083801,-4.479797],[-39.079529,-4.486084],[-39.085388,-4.491394],[-39.08783,-4.494019],[-39.087708,-4.497009],[-39.086121,-4.50061],[-39.083191,-4.502686],[-39.082397,-4.51001],[-39.083679,-4.512817],[-39.084412,-4.516602],[-39.085876,-4.520386],[-39.085022,-4.524719],[-39.082397,-4.531189],[-39.084717,-4.536987],[-39.081604,-4.539124],[-39.077515,-4.538879],[-39.077576,-4.541809],[-39.075928,-4.544312],[-39.0755,-4.547791],[-39.070801,-4.54718],[-39.070679,-4.550903],[-39.068604,-4.553589],[-39.065918,-4.560303],[-39.126282,-4.627197],[-39.119507,-4.625916],[-39.118713,-4.628784],[-39.119019,-4.632629],[-39.11731,-4.636475],[-39.111816,-4.641724],[-39.106995,-4.640808],[-39.103394,-4.638794],[-39.100708,-4.636597],[-39.095703,-4.6427],[-39.088623,-4.639221],[-39.085205,-4.639404],[-39.081909,-4.638794],[-39.077576,-4.639893],[-39.072083,-4.649109],[-39.065613,-4.653381],[-39.061218,-4.651978],[-39.054993,-4.64801],[-39.050598,-4.641907],[-39.047607,-4.640076],[-39.039978,-4.639587],[-39.035278,-4.641418],[-39.031189,-4.643494],[-39.026917,-4.643188],[-39.025024,-4.640076],[-39.020813,-4.641785],[-39.014709,-4.642212],[-39.010925,-4.645386],[-39.006775,-4.650085],[-39.001587,-4.649902],[-38.998108,-4.647217],[-38.994812,-4.646423],[-38.992981,-4.648621],[-38.991699,-4.652527],[-38.986023,-4.653381],[-38.978577,-4.657776],[-38.976929,-4.661621],[-38.977478,-4.667114],[-38.974487,-4.669312],[-38.971497,-4.669006],[-38.967712,-4.666809],[-38.963989,-4.665283],[-38.952881,-4.6651],[-38.950684,-4.671814],[-38.951111,-4.679626],[-38.949585,-4.684082],[-38.951599,-4.686584],[-38.960999,-4.695801],[-38.963623,-4.699402],[-38.964478,-4.702087],[-38.9646,-4.7052],[-38.960205,-4.711304],[-38.956787,-4.713928],[-38.95282,-4.715393],[-38.950684,-4.718384],[-38.949524,-4.721619],[-38.946899,-4.724609],[-38.946106,-4.727783],[-38.946228,-4.731628],[-38.944092,-4.736694],[-38.943115,-4.740784],[-38.938477,-4.739624],[-38.930176,-4.740417],[-38.923096,-4.738586],[-38.921814,-4.735718],[-38.91748,-4.731201],[-38.911621,-4.728699],[-38.908081,-4.724304],[-38.901611,-4.718628],[-38.904297,-4.713379],[-38.900513,-4.712585],[-38.891785,-4.713989],[-38.886414,-4.709595],[-38.883423,-4.708801],[-38.881775,-4.704712],[-38.88092,-4.693726],[-38.876892,-4.687927],[-38.876587,-4.683105],[-38.874878,-4.680298],[-38.870605,-4.678528],[-38.859985,-4.668701],[-38.856995,-4.666809],[-38.853088,-4.667419],[-38.846802,-4.671082],[-38.843201,-4.671509],[-38.8349,-4.670227],[-38.831299,-4.668823],[-38.827698,-4.669495],[-38.824585,-4.671082],[-38.81488,-4.671997],[-38.811523,-4.664429],[-38.804993,-4.658875],[-38.803223,-4.65271],[-38.801575,-4.649109],[-38.797119,-4.648987],[-38.792175,-4.647522],[-38.789612,-4.64502],[-38.787292,-4.640381],[-38.783386,-4.640503],[-38.783203,-4.635986],[-38.782104,-4.631104],[-38.777588,-4.628784],[-38.77301,-4.630981],[-38.768982,-4.630615],[-38.765625,-4.623413],[-38.802612,-4.581177],[-38.807678,-4.579895],[-38.811401,-4.581177],[-38.81543,-4.581116],[-38.821289,-4.576294],[-38.825684,-4.576599],[-38.829712,-4.577698],[-38.832397,-4.5802],[-38.835693,-4.581726],[-38.838989,-4.58252],[-38.839111,-4.578613],[-38.837708,-4.569702],[-38.840393,-4.56189],[-38.837097,-4.555481],[-38.837402,-4.552612],[-38.838989,-4.549988],[-38.842102,-4.549377],[-38.845581,-4.549622],[-38.848877,-4.550781],[-38.8526,-4.551086],[-38.855591,-4.552002],[-38.860718,-4.550476],[-38.865906,-4.55011],[-38.868408,-4.547485],[-38.869202,-4.537109],[-38.872498,-4.5271],[-38.88031,-4.524109],[-38.882996,-4.526123],[-38.88678,-4.527893],[-38.893799,-4.528503],[-38.900696,-4.528076],[-38.909912,-4.524902],[-38.914612,-4.521179],[-38.916687,-4.518005],[-38.919128,-4.512512],[-38.923523,-4.512512],[-38.925781,-4.514587],[-38.929321,-4.51532],[-38.932129,-4.518311],[-38.934387,-4.513306],[-38.937317,-4.504578],[-38.936523,-4.500122],[-38.936523,-4.496704],[-38.943726,-4.490479],[-38.949585,-4.487793],[-38.955078,-4.491028],[-38.960388,-4.490112],[-38.964783,-4.491211],[-38.96991,-4.491516],[-38.975708,-4.495117],[-38.980591,-4.496277],[-38.990112,-4.49292],[-38.995911,-4.486206],[-38.997986,-4.483398],[-38.998779,-4.480286],[-39.004822,-4.482483],[-39.006592,-4.485291],[-39.007324,-4.489929],[-39.009705,-4.495911],[-39.015198,-4.502686],[-39.016113,-4.505493],[-39.013489,-4.511292],[-39.015381,-4.514099],[-39.019714,-4.512329],[-39.021484,-4.509521],[-39.021484,-4.506409],[-39.023682,-4.504578],[-39.027283,-4.499023],[-39.02771,-4.48999],[-39.030518,-4.483276],[-39.03302,-4.480713],[-39.034424,-4.477112],[-39.033875,-4.474121],[-39.034912,-4.470886],[-39.033081,-4.466309],[-39.029724,-4.463928],[-39.028625,-4.461182]]]},"properties":{"shapeName":"Itapiúna","shapeISO":"56859067B46365761499950","shapeGroup":"BRA","shapeType":"ADM2","src_shape_id":"56859067B46365761499950","adm1ISO":"BR-CE"}},
{"type":"Feature","geometry":{"type":"MultiPolygon","coordinates":[[[[-39.908508,-2.874023],[-39.91449,-2.870178],[-39.92041,-2.868408],[-39.9245,-2.8703],[-39.919922,-2.872498],[-39.915894,-2.873779],[-39.912598,-2.874207],[-39.908508,-2.874023]]],[[[-39.907776,-3.272827],[-39.90332,-3.263123],[-39.902588,-3.258484],[-39.898193,-3.253479],[-39.89679,-3.248413],[-39.892029,-3.240601],[-39.892212,-3.237488],[-39.894409,-3.234985],[-39.894714,-3.231506],[-39.89209,-3.227295],[-39.889709,-3.224609],[-39.890991,-3.221191],[-39.893799,-3.21698],[-39.89801,-3.215576],[-39.901123,-3.212891],[-39.901978,-3.208313],[-39.897827,-3.2005],[-39.896301,-3.196777],[-39.890808,-3.192505],[-39.88562,-3.189209],[-39.882812,-3.186584],[-39.879517,-3.184692],[-39.877014,-3.179504],[-39.873779,-3.178223],[-39.87262,-3.174805],[-39.870605,-3.171082],[-39.868225,-3.16803],[-39.867615,-3.165222],[-39.868408,-3.162292],[-39.865112,-3.15332],[-39.865295,-3.145081],[-39.864502,-3.141602],[-39.86438,-3.137695],[-39.865112,-3.133911],[-39.865112,-3.129089],[-39.866882,-3.125183],[-39.819885,-3.091309],[-39.784607,-3.066895],[-39.761719,-3.050903],[-39.73999,-3.035889],[-39.708313,-3.013794],[-39.707214,-3.010803],[-39.706787,-3.006592],[-39.708679,-3.003296],[-39.7146,-3.002197],[-39.717407,-3.001221],[-39.719788,-2.99823],[-39.722595,-2.995178],[-39.732483,-2.990479],[-39.743713,-2.980591],[-39.749512,-2.977295],[-39.756226,-2.970581],[-39.761108,-2.967102],[-39.768799,-2.960876],[-39.776184,-2.955994],[-39.787109,-2.950928],[-39.790588,-2.950989],[-39.793884,-2.951904],[-39.798523,-2.945801],[-39.804199,-2.942993],[-39.809509,-2.93988],[-39.814392,-2.935913],[-39.818604,-2.934692],[-39.829529,-2.926575],[-39.835327,-2.920898],[-39.841675,-2.9151],[-39.853394,-2.905823],[-39.861877,-2.899902],[-39.865112,-2.89801],[-39.868286,-2.896912],[-39.872498,-2.896179],[-39.876587,-2.893311],[-39.880981,-2.892517],[-39.88562,-2.889587],[-39.886719,-2.885986],[-39.888611,-2.883789],[-39.896301,-2.878784],[-39.900513,-2.878113],[-39.899414,-2.882996],[-39.909912,-2.879578],[-39.914001,-2.878723],[-39.919312,-2.876709],[-39.926514,-2.873413],[-39.933899,-2.870789],[-39.936218,-2.868896],[-39.942505,-2.866211],[-39.944214,-2.871216],[-39.952698,-2.891907],[-39.953613,-2.89563],[-39.957275,-2.897522],[-39.958008,-2.902283],[-39.964478,-2.924683],[-39.966797,-2.933105],[-39.968994,-2.948181],[-39.969788,-2.957886],[-39.971924,-2.978088],[-39.972107,-2.987976],[-39.973511,-2.997009],[-39.974976,-3.00238],[-39.979797,-3.009521],[-39.983582,-3.017578],[-39.981201,-3.029419],[-39.981506,-3.0354],[-39.977905,-3.045898],[-39.975403,-3.052124],[-39.9729,-3.06311],[-39.97229,-3.070129],[-39.972595,-3.073486],[-39.979614,-3.080322],[-39.986084,-3.088318],[-39.989014,-3.092712],[-39.989502,-3.095886],[-39.989319,-3.102417],[-39.990112,-3.110107],[-39.989624,-3.114929],[-39.99408,-3.133911],[-39.992187,-3.138],[-39.989014,-3.1604],[-39.984497,-3.161011],[-39.983093,-3.164978],[-39.983887,-3.169128],[-39.988708,-3.179626],[-39.994019,-3.184509],[-39.995911,-3.187622],[-39.996826,-3.198914],[-39.994995,-3.206726],[-39.992981,-3.210815],[-39.98999,-3.21521],[-39.98761,-3.217712],[-39.979797,-3.22229],[-39.976807,-3.226196],[-39.976379,-3.231079],[-39.973022,-3.232178],[-39.969116,-3.234802],[-39.964111,-3.23938],[-39.955688,-3.240784],[-39.94812,-3.242981],[-39.943481,-3.245178],[-39.93988,-3.248291],[-39.931396,-3.258728],[-39.926208,-3.264709],[-39.921997,-3.2677],[-39.911682,-3.271912],[-39.907776,-3.272827]]]]},"properties":{"shapeName":"Itarema","shapeISO":"56859067B50082405211585","shapeGroup":"BRA","shapeType":"ADM2","src_shape_id":"56859067B50082405211585","adm1ISO":"BR-CE"}},
{"type":"Feature","geometry":{"type":"Polygon","coordinates":[[[-39.726624,-4.749084],[-39.71051,-4.747375],[-39.692078,-4.744812],[-39.66571,-4.731812],[-39.649475,-4.731689],[-39.628784,-4.731384],[-39.575623,-4.748779],[-39.51001,-4.724609],[-39.466797,-4.724609],[-39.389709,-4.724792],[-39.371826,-4.716797],[-39.374023,-4.712891],[-39.380981,-4.713623],[-39.382019,-4.710815],[-39.381897,-4.703308],[-39.38092,-4.700623],[-39.378113,-4.69812],[-39.3797,-4.69458],[-39.387878,-4.697327],[-39.391785,-4.695129],[-39.394104,-4.69281],[-39.396423,-4.689209],[-39.400024,-4.68689],[-39.404907,-4.686401],[-39.411316,-4.686279],[-39.417725,-4.687195],[-39.426208,-4.678101],[-39.425476,-4.669006],[-39.422913,-4.666321],[-39.420715,-4.659424],[-39.423279,-4.656799],[-39.420715,-4.650391],[-39.421326,-4.645691],[-39.425415,-4.641113],[-39.429321,-4.638],[-39.4328,-4.632996],[-39.433289,-4.627014],[-39.434998,-4.623108],[-39.43512,-4.619507],[-39.440186,-4.611206],[-39.442078,-4.609009],[-39.44519,-4.608582],[-39.448425,-4.605713],[-39.450684,-4.602905],[-39.452576,-4.598999],[-39.452393,-4.593994],[-39.449097,-4.590881],[-39.445923,-4.58252],[-39.445679,-4.579407],[-39.444092,-4.575317],[-39.446899,-4.573181],[-39.44812,-4.570312],[-39.44812,-4.5672],[-39.451782,-4.562317],[-39.456299,-4.56311],[-39.45813,-4.567627],[-39.461121,-4.568176],[-39.464111,-4.565002],[-39.463928,-4.557983],[-39.465698,-4.553528],[-39.464783,-4.549194],[-39.466309,-4.544495],[-39.466125,-4.541382],[-39.468811,-4.534607],[-39.472412,-4.533081],[-39.477722,-4.529419],[-39.481628,-4.528015],[-39.482178,-4.518311],[-39.483704,-4.512512],[-39.483521,-4.507996],[-39.485596,-4.498596],[-39.48822,-4.494812],[-39.491821,-4.493286],[-39.49231,-4.48938],[-39.495178,-4.486511],[-39.493225,-4.48291],[-39.499329,-4.47821],[-39.502991,-4.474182],[-39.504211,-4.469604],[-39.507996,-4.468323],[-39.510986,-4.470398],[-39.511719,-4.473694],[-39.511597,-4.481995],[-39.514282,-4.483826],[-39.515198,-4.48761],[-39.518005,-4.489685],[-39.519714,-4.494629],[-39.521912,-4.498413],[-39.525085,-4.498413],[-39.526306,-4.494202],[-39.528687,-4.492126],[-39.529907,-4.488403],[-39.532715,-4.46991],[-39.539795,-4.466309],[-39.542725,-4.468811],[-39.543518,-4.473083],[-39.541321,-4.475098],[-39.537415,-4.477417],[-39.536621,-4.481384],[-39.537598,-4.484924],[-39.54071,-4.487305],[-39.54541,-4.486084],[-39.548828,-4.484192],[-39.552002,-4.480713],[-39.560425,-4.474792],[-39.562378,-4.471191],[-39.572205,-4.470581],[-39.576721,-4.476318],[-39.579712,-4.479492],[-39.601196,-4.497498],[-39.608215,-4.502625],[-39.616394,-4.502991],[-39.621704,-4.504517],[-39.627319,-4.505005],[-39.631287,-4.503479],[-39.634094,-4.501099],[-39.635986,-4.498108],[-39.638916,-4.49939],[-39.640808,-4.502197],[-39.643921,-4.502625],[-39.643921,-4.507324],[-39.652405,-4.512024],[-39.658997,-4.512817],[-39.661011,-4.516113],[-39.67511,-4.513916],[-39.677429,-4.530884],[-39.709229,-4.532776],[-39.704407,-4.544006],[-39.700806,-4.546204],[-39.69812,-4.552917],[-39.694397,-4.555603],[-39.693787,-4.560913],[-39.691711,-4.563904],[-39.687683,-4.565918],[-39.685791,-4.572876],[-39.687317,-4.576111],[-39.701111,-4.58429],[-39.703125,-4.586487],[-39.713928,-4.594177],[-39.716309,-4.596497],[-39.723328,-4.599487],[-39.730896,-4.599976],[-39.736511,-4.604309],[-39.739075,-4.60968],[-39.742493,-4.611084],[-39.75,-4.616699],[-39.754211,-4.618713],[-39.757202,-4.622314],[-39.76001,-4.624878],[-39.766907,-4.628296],[-39.769409,-4.63092],[-39.769592,-4.634827],[-39.770691,-4.638611],[-39.77002,-4.643799],[-39.76709,-4.645996],[-39.761902,-4.64679],[-39.757996,-4.646179],[-39.751587,-4.646912],[-39.74823,-4.648621],[-39.743713,-4.645996],[-39.73761,-4.65271],[-39.733398,-4.65271],[-39.728821,-4.653809],[-39.720886,-4.653809],[-39.717529,-4.656311],[-39.720215,-4.65979],[-39.722778,-4.662109],[-39.726624,-4.664612],[-39.729187,-4.668091],[-39.726318,-4.671326],[-39.722107,-4.672424],[-39.719177,-4.674988],[-39.716614,-4.678406],[-39.713684,-4.680725],[-39.723022,-4.68689],[-39.72821,-4.68811],[-39.727905,-4.692322],[-39.729309,-4.696411],[-39.72821,-4.700623],[-39.731079,-4.706421],[-39.73291,-4.714905],[-39.726013,-4.71991],[-39.72699,-4.722778],[-39.728821,-4.725098],[-39.735107,-4.731323],[-39.736816,-4.733582],[-39.737305,-4.736389],[-39.735901,-4.738892],[-39.73291,-4.741699],[-39.731812,-4.744812],[-39.726624,-4.749084]]]},"properties":{"shapeName":"Itatira","shapeISO":"56859067B49742639550907","shapeGroup":"BRA","shapeType":"ADM2","src_shape_id":"56859067B49742639550907","adm1ISO":"BR-CE"}},
{"type":"Feature","geometry":{"type":"Polygon","coordinates":[[[-38.910278,-5.454285],[-38.908325,-5.457275],[-38.908508,-5.463196],[-38.906494,-5.467896],[-38.904297,-5.46991],[-38.903625,-5.475891],[-38.906494,-5.539612],[-38.907776,-5.565308],[-38.908997,-5.595703],[-38.880798,-5.655701],[-38.87793,-5.660583],[-38.827881,-5.747009],[-38.802979,-5.786194],[-38.79071,-5.786621],[-38.781616,-5.784302],[-38.777527,-5.784485],[-38.77301,-5.784119],[-38.766296,-5.786682],[-38.763306,-5.785706],[-38.762695,-5.781677],[-38.764221,-5.773926],[-38.762512,-5.771484],[-38.753723,-5.76709],[-38.75,-5.766785],[-38.747009,-5.767517],[-38.743408,-5.765198],[-38.738708,-5.764221],[-38.735413,-5.764526],[-38.731995,-5.764099],[-38.725708,-5.761597],[-38.719604,-5.760193],[-38.706909,-5.759583],[-38.702393,-5.761414],[-38.697876,-5.761292],[-38.695007,-5.759399],[-38.693481,-5.754578],[-38.680115,-5.747192],[-38.675476,-5.743896],[-38.674622,-5.738892],[-38.674316,-5.734009],[-38.671997,-5.724609],[-38.666016,-5.712891],[-38.665527,-5.709595],[-38.666199,-5.706116],[-38.664978,-5.69812],[-38.663025,-5.694702],[-38.660095,-5.6922],[-38.65509,-5.687012],[-38.653625,-5.683411],[-38.652893,-5.679687],[-38.647217,-5.671875],[-38.644897,-5.669922],[-38.642517,-5.666321],[-38.636719,-5.662415],[-38.629089,-5.660828],[-38.625977,-5.658875],[-38.622009,-5.657227],[-38.617615,-5.649414],[-38.614929,-5.640015],[-38.614319,-5.636719],[-38.615723,-5.628601],[-38.613098,-5.62323],[-38.611389,-5.618103],[-38.611206,-5.613708],[-38.609375,-5.608887],[-38.608276,-5.604675],[-38.606201,-5.601318],[-38.602783,-5.598389],[-38.598999,-5.591003],[-38.598694,-5.586426],[-38.595581,-5.583496],[-38.593628,-5.580688],[-38.590393,-5.578003],[-38.583618,-5.570618],[-38.578979,-5.56842],[-38.570801,-5.567078],[-38.567993,-5.566284],[-38.560181,-5.565491],[-38.561096,-5.559998],[-38.562683,-5.555481],[-38.565186,-5.540283],[-38.567383,-5.5354],[-38.568115,-5.530701],[-38.567993,-5.523987],[-38.568298,-5.519775],[-38.565918,-5.512085],[-38.562805,-5.508179],[-38.560181,-5.506592],[-38.556396,-5.505493],[-38.554077,-5.503113],[-38.550598,-5.500916],[-38.544922,-5.496582],[-38.534607,-5.494202],[-38.531616,-5.492615],[-38.529175,-5.490295],[-38.552002,-5.469299],[-38.52948,-5.447083],[-38.518005,-5.441711],[-38.542419,-5.421997],[-38.566711,-5.39801],[-38.598694,-5.366699],[-38.626099,-5.343506],[-38.71521,-5.268311],[-38.691711,-5.227295],[-38.710205,-5.201904],[-38.713928,-5.202026],[-38.719421,-5.19928],[-38.723816,-5.198792],[-38.728088,-5.199707],[-38.736328,-5.198486],[-38.740601,-5.199585],[-38.749329,-5.200195],[-38.753723,-5.200195],[-38.757507,-5.201477],[-38.763977,-5.200012],[-38.774292,-5.203613],[-38.778198,-5.206909],[-38.78418,-5.213196],[-38.788513,-5.214417],[-38.795776,-5.215393],[-38.798828,-5.217896],[-38.802795,-5.219788],[-38.807007,-5.220825],[-38.809998,-5.22229],[-38.812195,-5.225708],[-38.815186,-5.229309],[-38.817383,-5.234009],[-38.820129,-5.23761],[-38.821289,-5.241028],[-38.826599,-5.247925],[-38.828003,-5.250916],[-38.828186,-5.254028],[-38.8302,-5.256409],[-38.836487,-5.266602],[-38.839417,-5.269714],[-38.841003,-5.27301],[-38.843079,-5.279724],[-38.844788,-5.283386],[-38.84729,-5.286926],[-38.850281,-5.289001],[-38.857788,-5.291016],[-38.860901,-5.294678],[-38.864319,-5.296997],[-38.869202,-5.302307],[-38.87561,-5.30658],[-38.879089,-5.308411],[-38.883728,-5.309692],[-38.887512,-5.309875],[-38.895508,-5.309509],[-38.90033,-5.311401],[-38.908508,-5.3172],[-38.914978,-5.320312],[-38.917725,-5.322876],[-38.918823,-5.326721],[-38.921814,-5.328796],[-38.923401,-5.33728],[-38.923828,-5.341797],[-38.923523,-5.34552],[-38.924011,-5.348511],[-38.923706,-5.352112],[-38.924011,-5.356018],[-38.923279,-5.363525],[-38.924011,-5.370178],[-38.923828,-5.374207],[-38.924377,-5.379395],[-38.922913,-5.387878],[-38.923096,-5.391907],[-38.922119,-5.394775],[-38.921204,-5.400024],[-38.922607,-5.403809],[-38.924805,-5.406494],[-38.925415,-5.410522],[-38.922485,-5.411682],[-38.920227,-5.421387],[-38.921997,-5.424316],[-38.921509,-5.428589],[-38.921875,-5.434082],[-38.91748,-5.433228],[-38.913208,-5.435913],[-38.910522,-5.438416],[-38.908386,-5.44812],[-38.907898,-5.451599],[-38.910278,-5.454285]]]},"properties":{"shapeName":"Jaguaretama","shapeISO":"56859067B17127174876684","shapeGroup":"BRA","shapeType":"ADM2","src_shape_id":"56859067B17127174876684","adm1ISO":"BR-CE"}},
{"type":"Feature","geometry":{"type":"Polygon","coordinates":[[[-38.413513,-5.374878],[-38.442993,-5.396179],[-38.505493,-5.437012],[-38.518005,-5.441711],[-38.52948,-5.447083],[-38.552002,-5.469299],[-38.529175,-5.490295],[-38.531616,-5.492615],[-38.534607,-5.494202],[-38.544922,-5.496582],[-38.550598,-5.500916],[-38.554077,-5.503113],[-38.556396,-5.505493],[-38.560181,-5.506592],[-38.562805,-5.508179],[-38.565918,-5.512085],[-38.568298,-5.519775],[-38.567993,-5.523987],[-38.568115,-5.530701],[-38.567383,-5.5354],[-38.565186,-5.540283],[-38.562683,-5.555481],[-38.561096,-5.559998],[-38.560181,-5.565491],[-38.567993,-5.566284],[-38.570801,-5.567078],[-38.578979,-5.56842],[-38.583618,-5.570618],[-38.590393,-5.578003],[-38.593628,-5.580688],[-38.595581,-5.583496],[-38.598694,-5.586426],[-38.598999,-5.591003],[-38.602783,-5.598389],[-38.606201,-5.601318],[-38.608276,-5.604675],[-38.609375,-5.608887],[-38.611206,-5.613708],[-38.611389,-5.618103],[-38.613098,-5.62323],[-38.615723,-5.628601],[-38.614319,-5.636719],[-38.614929,-5.640015],[-38.617615,-5.649414],[-38.622009,-5.657227],[-38.625977,-5.658875],[-38.629089,-5.660828],[-38.636719,-5.662415],[-38.642517,-5.666321],[-38.644897,-5.669922],[-38.647217,-5.671875],[-38.652893,-5.679687],[-38.653625,-5.683411],[-38.65509,-5.687012],[-38.660095,-5.6922],[-38.663025,-5.694702],[-38.664978,-5.69812],[-38.666199,-5.706116],[-38.665527,-5.709595],[-38.666016,-5.712891],[-38.671997,-5.724609],[-38.674316,-5.734009],[-38.674622,-5.738892],[-38.675476,-5.743896],[-38.592712,-5.7453],[-38.559326,-5.746704],[-38.552979,-5.750916],[-38.549683,-5.754211],[-38.546326,-5.75531],[-38.54071,-5.752197],[-38.538086,-5.750183],[-38.534912,-5.750793],[-38.534119,-5.754578],[-38.532104,-5.757324],[-38.524902,-5.759521],[-38.522705,-5.761475],[-38.521423,-5.764709],[-38.5177,-5.767578],[-38.515503,-5.771301],[-38.509583,-5.775513],[-38.506775,-5.778076],[-38.503723,-5.778625],[-38.497314,-5.782288],[-38.490601,-5.783325],[-38.487122,-5.781311],[-38.477112,-5.779785],[-38.478088,-5.776306],[-38.481201,-5.776428],[-38.481323,-5.768982],[-38.489502,-5.770203],[-38.48761,-5.767395],[-38.490112,-5.763611],[-38.485107,-5.757019],[-38.480896,-5.747314],[-38.484009,-5.746826],[-38.488892,-5.749084],[-38.486694,-5.743713],[-38.481689,-5.743225],[-38.477112,-5.741211],[-38.469299,-5.734802],[-38.464111,-5.732117],[-38.463806,-5.727722],[-38.461426,-5.726196],[-38.458984,-5.718506],[-38.459595,-5.711304],[-38.455078,-5.710083],[-38.452209,-5.711609],[-38.451904,-5.708679],[-38.45282,-5.702393],[-38.455627,-5.700623],[-38.455017,-5.696716],[-38.455627,-5.693787],[-38.458008,-5.687683],[-38.457825,-5.684692],[-38.458679,-5.678711],[-38.455322,-5.674927],[-38.449402,-5.673523],[-38.450012,-5.669128],[-38.449585,-5.664795],[-38.441895,-5.655884],[-38.441101,-5.649475],[-38.438599,-5.646606],[-38.442322,-5.642212],[-38.441711,-5.639282],[-38.440186,-5.636597],[-38.435913,-5.633118],[-38.432922,-5.62738],[-38.434692,-5.594177],[-38.437378,-5.545227],[-38.44989,-5.533081],[-38.456299,-5.518982],[-38.459412,-5.512695],[-38.45929,-5.509399],[-38.458008,-5.499695],[-38.451111,-5.498596],[-38.446716,-5.496826],[-38.443176,-5.489197],[-38.439392,-5.486328],[-38.437805,-5.480286],[-38.432922,-5.476501],[-38.432678,-5.472412],[-38.431091,-5.468689],[-38.430786,-5.4646],[-38.431885,-5.458191],[-38.431396,-5.453491],[-38.429199,-5.449219],[-38.438904,-5.433289],[-38.439819,-5.425903],[-38.432495,-5.421326],[-38.426392,-5.415283],[-38.427307,-5.411011],[-38.422913,-5.40448],[-38.424927,-5.400818],[-38.423401,-5.39679],[-38.424622,-5.393677],[-38.4245,-5.390808],[-38.417114,-5.388489],[-38.4151,-5.385376],[-38.413513,-5.374878]]]},"properties":{"shapeName":"Jaguaribara","shapeISO":"56859067B84152218297204","shapeGroup":"BRA","shapeType":"ADM2","src_shape_id":"56859067B84152218297204","adm1ISO":"BR-CE"}},
{"type":"Feature","geometry":{"type":"Polygon","coordinates":[[[-38.599915,-6.176392],[-38.598389,-6.171509],[-38.594177,-6.1698],[-38.588623,-6.165222],[-38.585876,-6.159607],[-38.584717,-6.155212],[-38.580383,-6.147522],[-38.578125,-6.140015],[-38.583801,-6.142883],[-38.584412,-6.140015],[-38.581116,-6.137512],[-38.578796,-6.134583],[-38.575378,-6.128601],[-38.570923,-6.122314],[-38.568481,-6.117493],[-38.565613,-6.116211],[-38.565613,-6.119385],[-38.564209,-6.123779],[-38.561707,-6.121094],[-38.559387,-6.116211],[-38.559387,-6.111389],[-38.557678,-6.104187],[-38.559326,-6.100098],[-38.56012,-6.095276],[-38.559998,-6.09021],[-38.557007,-6.09021],[-38.558411,-6.086975],[-38.556702,-6.081482],[-38.553101,-6.078491],[-38.548889,-6.077576],[-38.54541,-6.07428],[-38.54303,-6.066101],[-38.540405,-6.055725],[-38.541626,-6.051819],[-38.53772,-6.045898],[-38.539795,-6.041199],[-38.537476,-6.038513],[-38.535095,-6.030518],[-38.533508,-6.027527],[-38.534119,-6.024475],[-38.533875,-6.019592],[-38.530518,-6.006287],[-38.527283,-6.002808],[-38.527222,-6.009521],[-38.525513,-6.012512],[-38.529724,-6.017029],[-38.529907,-6.020813],[-38.527527,-6.023193],[-38.528381,-6.0271],[-38.530579,-6.029175],[-38.530823,-6.032227],[-38.533325,-6.036377],[-38.533325,-6.039307],[-38.529419,-6.036377],[-38.522705,-6.029175],[-38.519897,-6.0271],[-38.510803,-6.012329],[-38.508484,-6.007385],[-38.508179,-6.004211],[-38.502991,-5.997009],[-38.501709,-5.993713],[-38.496887,-5.988098],[-38.494324,-5.983826],[-38.493896,-5.979797],[-38.489014,-5.969299],[-38.483826,-5.961121],[-38.478516,-5.954224],[-38.4729,-5.949097],[-38.469482,-5.947083],[-38.464905,-5.945312],[-38.463623,-5.939697],[-38.460205,-5.939514],[-38.456116,-5.940002],[-38.453125,-5.938477],[-38.451477,-5.935913],[-38.456421,-5.936279],[-38.456909,-5.932007],[-38.454102,-5.929687],[-38.453613,-5.926697],[-38.456909,-5.927979],[-38.45752,-5.924194],[-38.461792,-5.929626],[-38.466675,-5.934387],[-38.472412,-5.937622],[-38.474915,-5.93988],[-38.475891,-5.944275],[-38.480591,-5.948608],[-38.484375,-5.952698],[-38.487976,-5.954529],[-38.490479,-5.957275],[-38.491211,-5.96051],[-38.496094,-5.967102],[-38.501587,-5.975708],[-38.506409,-5.984009],[-38.51001,-5.986328],[-38.515015,-5.98761],[-38.516479,-5.98291],[-38.511475,-5.975586],[-38.510498,-5.971008],[-38.503601,-5.963928],[-38.503601,-5.960876],[-38.505127,-5.957703],[-38.502014,-5.956421],[-38.499207,-5.954102],[-38.498596,-5.950012],[-38.495789,-5.9422],[-38.493225,-5.9375],[-38.491394,-5.926697],[-38.491699,-5.919189],[-38.491394,-5.915588],[-38.49469,-5.919922],[-38.495911,-5.923218],[-38.498901,-5.926025],[-38.498901,-5.919312],[-38.498291,-5.916321],[-38.498779,-5.911926],[-38.502991,-5.916016],[-38.50531,-5.913818],[-38.50592,-5.905884],[-38.504883,-5.89801],[-38.504822,-5.894287],[-38.508118,-5.893799],[-38.511292,-5.89032],[-38.511108,-5.887085],[-38.512512,-5.879883],[-38.507507,-5.873718],[-38.502319,-5.870483],[-38.497192,-5.864624],[-38.494507,-5.866089],[-38.493225,-5.869812],[-38.491699,-5.872375],[-38.489319,-5.869812],[-38.487122,-5.863281],[-38.485596,-5.855713],[-38.482727,-5.849304],[-38.481995,-5.840027],[-38.48291,-5.835876],[-38.485413,-5.833679],[-38.485413,-5.830627],[-38.482483,-5.826416],[-38.479004,-5.822327],[-38.478027,-5.81842],[-38.479919,-5.812195],[-38.484375,-5.813599],[-38.484924,-5.809998],[-38.48761,-5.808777],[-38.488098,-5.805298],[-38.484985,-5.804504],[-38.481079,-5.800781],[-38.479919,-5.795776],[-38.484497,-5.796326],[-38.484924,-5.791809],[-38.48291,-5.788513],[-38.47821,-5.783386],[-38.477112,-5.779785],[-38.487122,-5.781311],[-38.490601,-5.783325],[-38.497314,-5.782288],[-38.503723,-5.778625],[-38.506775,-5.778076],[-38.509583,-5.775513],[-38.515503,-5.771301],[-38.5177,-5.767578],[-38.521423,-5.764709],[-38.522705,-5.761475],[-38.524902,-5.759521],[-38.532104,-5.757324],[-38.534119,-5.754578],[-38.534912,-5.750793],[-38.538086,-5.750183],[-38.54071,-5.752197],[-38.546326,-5.75531],[-38.549683,-5.754211],[-38.552979,-5.750916],[-38.559326,-5.746704],[-38.592712,-5.7453],[-38.675476,-5.743896],[-38.680115,-5.747192],[-38.693481,-5.754578],[-38.695007,-5.759399],[-38.697876,-5.761292],[-38.702393,-5.761414],[-38.706909,-5.759583],[-38.719604,-5.760193],[-38.725708,-5.761597],[-38.731995,-5.764099],[-38.735413,-5.764526],[-38.738708,-5.764221],[-38.743408,-5.765198],[-38.747009,-5.767517],[-38.75,-5.766785],[-38.753723,-5.76709],[-38.762512,-5.771484],[-38.764221,-5.773926],[-38.762695,-5.781677],[-38.763306,-5.785706],[-38.766296,-5.786682],[-38.77301,-5.784119],[-38.777527,-5.784485],[-38.781616,-5.784302],[-38.79071,-5.786621],[-38.802979,-5.786194],[-38.805298,-5.789185],[-38.806396,-5.792725],[-38.808899,-5.79541],[-38.813293,-5.796875],[-38.821411,-5.802612],[-38.828003,-5.804993],[-38.831421,-5.808777],[-38.836792,-5.812988],[-38.838196,-5.816223],[-38.836914,-5.819397],[-38.839722,-5.823608],[-38.841125,-5.828491],[-38.840698,-5.832703],[-38.843811,-5.835999],[-38.847412,-5.837524],[-38.852783,-5.838196],[-38.855713,-5.841797],[-38.856995,-5.846008],[-38.860596,-5.848816],[-38.862427,-5.851685],[-38.862305,-5.854614],[-38.866028,-5.855713],[-38.869019,-5.858826],[-38.873901,-5.857422],[-38.88092,-5.860596],[-38.879578,-5.863708],[-38.87738,-5.866089],[-38.876709,-5.869324],[-38.880493,-5.870911],[-38.879822,-5.873779],[-38.88208,-5.878296],[-38.882324,-5.88208],[-38.884521,-5.885498],[-38.914795,-5.940918],[-38.9198,-5.950317],[-38.922607,-5.951477],[-38.926208,-5.951721],[-38.933105,-5.948181],[-38.933899,-5.952087],[-38.936829,-5.957397],[-38.934692,-5.961792],[-38.934509,-5.964905],[-38.93811,-5.966309],[-38.943909,-5.96759],[-38.947998,-5.970581],[-38.945801,-5.974121],[-38.946411,-5.981628],[-38.946228,-5.985718],[-38.953003,-5.988525],[-38.953613,-5.993713],[-38.952209,-5.998413],[-38.95282,-6.001221],[-38.949585,-6.003113],[-38.947693,-6.005493],[-38.950684,-6.01239],[-38.952698,-6.015503],[-38.955383,-6.016785],[-38.959595,-6.015625],[-38.961609,-6.018616],[-38.962402,-6.022217],[-38.962585,-6.026978],[-38.963806,-6.031677],[-38.964417,-6.036011],[-38.964111,-6.039429],[-38.961182,-6.041687],[-38.96051,-6.045898],[-38.960876,-6.049011],[-38.962097,-6.052429],[-38.966125,-6.053406],[-38.967712,-6.065613],[-38.968811,-6.071228],[-38.970215,-6.075623],[-38.973083,-6.078613],[-38.973389,-6.084229],[-38.972595,-6.088684],[-38.975708,-6.101318],[-38.973389,-6.103027],[-38.970215,-6.09491],[-38.967224,-6.091492],[-38.964111,-6.092102],[-38.960388,-6.091003],[-38.957092,-6.085999],[-38.953613,-6.084106],[-38.949707,-6.080688],[-38.944214,-6.081421],[-38.941589,-6.079895],[-38.937195,-6.079407],[-38.927429,-6.081177],[-38.924927,-6.082886],[-38.921692,-6.082214],[-38.919312,-6.084412],[-38.911682,-6.087097],[-38.907288,-6.087097],[-38.907104,-6.09259],[-38.90741,-6.096802],[-38.90741,-6.106018],[-38.906677,-6.115295],[-38.905884,-6.120728],[-38.905701,-6.126404],[-38.903503,-6.137329],[-38.901428,-6.141113],[-38.897888,-6.142578],[-38.894287,-6.143005],[-38.890198,-6.144897],[-38.883484,-6.14563],[-38.877625,-6.147522],[-38.872498,-6.140686],[-38.867981,-6.140076],[-38.860229,-6.134827],[-38.855896,-6.135315],[-38.85321,-6.137329],[-38.849609,-6.135803],[-38.85022,-6.13269],[-38.847412,-6.131592],[-38.843384,-6.13501],[-38.839722,-6.130981],[-38.835815,-6.130615],[-38.833618,-6.127014],[-38.829712,-6.127014],[-38.827698,-6.124512],[-38.820679,-6.12561],[-38.820312,-6.134888],[-38.817322,-6.135986],[-38.813782,-6.135498],[-38.809509,-6.133179],[-38.80658,-6.129395],[-38.803711,-6.128479],[-38.801514,-6.123291],[-38.797913,-6.122681],[-38.795288,-6.121216],[-38.792114,-6.121277],[-38.788696,-6.120422],[-38.785583,-6.118591],[-38.783508,-6.114929],[-38.77179,-6.121094],[-38.768677,-6.123291],[-38.765015,-6.123291],[-38.760925,-6.117187],[-38.75531,-6.111816],[-38.752197,-6.112915],[-38.745911,-6.111877],[-38.743408,-6.116211],[-38.735413,-6.118408],[-38.732483,-6.122925],[-38.728027,-6.121521],[-38.724976,-6.121216],[-38.721985,-6.120117],[-38.717224,-6.115479],[-38.713501,-6.11322],[-38.711426,-6.10968],[-38.708801,-6.107605],[-38.710083,-6.112915],[-38.71228,-6.119324],[-38.715088,-6.123108],[-38.719482,-6.124512],[-38.721008,-6.128113],[-38.722107,-6.135986],[-38.722412,-6.140503],[-38.724121,-6.14563],[-38.728577,-6.149292],[-38.733276,-6.151306],[-38.734924,-6.156189],[-38.734802,-6.161011],[-38.735718,-6.163879],[-38.735291,-6.174011],[-38.73291,-6.17981],[-38.731689,-6.184692],[-38.728394,-6.189087],[-38.726318,-6.193604],[-38.727112,-6.196777],[-38.725708,-6.200317],[-38.722412,-6.199707],[-38.718811,-6.200623],[-38.7146,-6.202576],[-38.71228,-6.204712],[-38.708191,-6.205811],[-38.703613,-6.206482],[-38.695801,-6.206604],[-38.691223,-6.20752],[-38.684692,-6.211914],[-38.680115,-6.2099],[-38.677979,-6.204712],[-38.6745,-6.202209],[-38.671509,-6.201477],[-38.669312,-6.199707],[-38.666687,-6.195801],[-38.662415,-6.195007],[-38.659912,-6.191223],[-38.656494,-6.191284],[-38.655884,-6.188416],[-38.654297,-6.185913],[-38.64679,-6.184998],[-38.644226,-6.181396],[-38.639526,-6.17981],[-38.635498,-6.179382],[-38.632812,-6.178101],[-38.632019,-6.174988],[-38.621704,-6.171814],[-38.616211,-6.17041],[-38.612427,-6.171021],[-38.610229,-6.173218],[-38.607605,-6.174377],[-38.603699,-6.174927],[-38.599915,-6.176392]]]},"properties":{"shapeName":"Jaguaribe","shapeISO":"56859067B94931257092232","shapeGroup":"BRA","shapeType":"ADM2","src_shape_id":"56859067B94931257092232","adm1ISO":"BR-CE"}},
{"type":"Feature","geometry":{"type":"Polygon","coordinates":[[[-37.616211,-4.718018],[-37.624878,-4.71991],[-37.711914,-4.739502],[-37.781494,-4.755005],[-37.789001,-4.755615],[-37.792175,-4.748291],[-37.793213,-4.744507],[-37.792908,-4.739197],[-37.789612,-4.731384],[-37.806885,-4.735779],[-37.825378,-4.74292],[-37.826477,-4.747803],[-37.825928,-4.751892],[-37.827026,-4.755676],[-37.830383,-4.762512],[-37.856384,-4.763306],[-37.934509,-4.76239],[-37.900391,-4.820801],[-37.893188,-4.838806],[-37.888977,-4.847412],[-37.88562,-4.850098],[-37.883484,-4.853699],[-37.885803,-4.880798],[-37.886597,-4.904297],[-37.874695,-4.919495],[-37.872009,-4.924011],[-37.87439,-4.939392],[-37.820923,-4.984985],[-37.677795,-5.053528],[-37.660217,-4.997681],[-37.640198,-4.926392],[-37.59198,-4.815796],[-37.588684,-4.808289],[-37.611511,-4.768188],[-37.614319,-4.745483],[-37.616211,-4.718018]]]},"properties":{"shapeName":"Jaguaruana","shapeISO":"56859067B92650873269192","shapeGroup":"BRA","shapeType":"ADM2","src_shape_id":"56859067B92650873269192","adm1ISO":"BR-CE"}},
{"type":"Feature","geometry":{"type":"Polygon","coordinates":[[[-39.372192,-7.614502],[-39.369629,-7.618591],[-39.368103,-7.623779],[-39.359314,-7.626709],[-39.355103,-7.630005],[-39.350098,-7.631226],[-39.342102,-7.636108],[-39.338379,-7.644592],[-39.333191,-7.647522],[-39.324524,-7.651428],[-39.321411,-7.654175],[-39.314819,-7.654602],[-39.311401,-7.655212],[-39.309326,-7.658203],[-39.308594,-7.661194],[-39.306213,-7.665527],[-39.301208,-7.663696],[-39.296814,-7.663025],[-39.289124,-7.664795],[-39.284302,-7.664185],[-39.271484,-7.659912],[-39.266418,-7.664795],[-39.264709,-7.670105],[-39.25238,-7.678101],[-39.250305,-7.682129],[-39.25,-7.687988],[-39.247375,-7.690613],[-39.25,-7.692688],[-39.249329,-7.69751],[-39.252502,-7.704895],[-39.243713,-7.705078],[-39.23999,-7.701721],[-39.237976,-7.698486],[-39.229675,-7.695679],[-39.223328,-7.696594],[-39.22052,-7.695007],[-39.214905,-7.693115],[-39.208313,-7.689392],[-39.204529,-7.692078],[-39.200806,-7.695496],[-39.190613,-7.698486],[-39.187683,-7.702209],[-39.183411,-7.705505],[-39.180603,-7.709412],[-39.177612,-7.709595],[-39.174377,-7.712708],[-39.171021,-7.71521],[-39.166809,-7.715088],[-39.162903,-7.716797],[-39.158386,-7.717102],[-39.151489,-7.71698],[-39.146118,-7.718079],[-39.140015,-7.711914],[-39.134277,-7.708313],[-39.131775,-7.705994],[-39.1297,-7.702698],[-39.129517,-7.698181],[-39.126892,-7.69519],[-39.123413,-7.693176],[-39.121521,-7.689209],[-39.118713,-7.686829],[-39.117981,-7.683777],[-39.116699,-7.676819],[-39.106384,-7.615784],[-39.071289,-7.625],[-39.097412,-7.610107],[-39.119202,-7.596008],[-39.133179,-7.587097],[-39.170776,-7.562805],[-39.171997,-7.559998],[-39.185913,-7.525513],[-39.194885,-7.503601],[-39.19989,-7.502197],[-39.254028,-7.48761],[-39.334106,-7.467529],[-39.371826,-7.458008],[-39.371887,-7.491211],[-39.371887,-7.593506],[-39.372192,-7.614502]]]},"properties":{"shapeName":"Jardim","shapeISO":"56859067B26521088745212","shapeGroup":"BRA","shapeType":"ADM2","src_shape_id":"56859067B26521088745212","adm1ISO":"BR-CE"}},
{"type":"Feature","geometry":{"type":"Polygon","coordinates":[[[-39.026184,-7.633728],[-39.036499,-7.637329],[-39.038513,-7.639526],[-39.041809,-7.641602],[-39.046509,-7.641113],[-39.048889,-7.636597],[-39.051575,-7.633179],[-39.055298,-7.630127],[-39.059204,-7.627808],[-39.062683,-7.625],[-39.065613,-7.621277],[-39.068909,-7.621887],[-39.071289,-7.625],[-39.106384,-7.615784],[-39.116699,-7.676819],[-39.117981,-7.683777],[-39.068604,-7.731995],[-39.059509,-7.750488],[-39.02179,-7.770691],[-39.007996,-7.778198],[-38.974792,-7.776001],[-38.970886,-7.776917],[-38.969727,-7.780212],[-38.967712,-7.783325],[-38.965393,-7.789978],[-38.965027,-7.793091],[-38.963623,-7.795898],[-38.962585,-7.799805],[-38.960876,-7.803406],[-38.95752,-7.807312],[-38.956909,-7.810425],[-38.958923,-7.817627],[-38.966675,-7.823181],[-38.968994,-7.826416],[-38.970093,-7.831116],[-38.969788,-7.834412],[-38.967102,-7.83551],[-38.965088,-7.838013],[-38.966614,-7.841614],[-38.965881,-7.845581],[-38.96228,-7.844421],[-38.959412,-7.841125],[-38.959717,-7.837708],[-38.965027,-7.832703],[-38.964905,-7.829712],[-38.958008,-7.825623],[-38.953613,-7.820312],[-38.952087,-7.809692],[-38.947815,-7.807129],[-38.944702,-7.803894],[-38.93988,-7.795105],[-38.940186,-7.79071],[-38.945129,-7.785583],[-38.946289,-7.781982],[-38.944702,-7.776794],[-38.940979,-7.771423],[-38.941895,-7.763184],[-38.938416,-7.758484],[-38.934509,-7.758789],[-38.927612,-7.753784],[-38.923401,-7.753601],[-38.920227,-7.754578],[-38.916077,-7.75769],[-38.915283,-7.753723],[-38.918213,-7.747192],[-38.916199,-7.744812],[-38.911377,-7.745178],[-38.906982,-7.746582],[-38.901001,-7.744995],[-38.897095,-7.748596],[-38.8927,-7.749878],[-38.894775,-7.740112],[-38.894409,-7.725525],[-38.892395,-7.635376],[-38.892212,-7.611206],[-38.895813,-7.611389],[-38.898315,-7.613708],[-38.901611,-7.615601],[-38.905396,-7.614624],[-38.908386,-7.611694],[-38.911804,-7.610596],[-38.913818,-7.60791],[-38.921997,-7.609497],[-38.926392,-7.612305],[-38.929993,-7.611389],[-38.934692,-7.609375],[-38.939209,-7.609985],[-38.941406,-7.612305],[-38.949219,-7.61261],[-38.953796,-7.610107],[-38.957825,-7.611389],[-38.960388,-7.609802],[-38.96283,-7.606995],[-38.96759,-7.606812],[-38.973816,-7.609192],[-38.976501,-7.611511],[-38.979492,-7.612],[-38.983521,-7.613708],[-38.986877,-7.616211],[-38.989929,-7.617493],[-38.992981,-7.619995],[-38.996216,-7.620117],[-39.0047,-7.623596],[-39.009521,-7.624084],[-39.013123,-7.625305],[-39.013123,-7.628723],[-39.016907,-7.631104],[-39.021729,-7.631897],[-39.026184,-7.633728]]]},"properties":{"shapeName":"Jati","shapeISO":"56859067B99561003236729","shapeGroup":"BRA","shapeType":"ADM2","src_shape_id":"56859067B99561003236729","adm1ISO":"BR-CE"}},
{"type":"Feature","geometry":{"type":"Polygon","coordinates":[[[-40.408813,-2.951294],[-40.417908,-2.951477],[-40.420227,-2.947876],[-40.425598,-2.946228],[-40.43219,-2.941528],[-40.434875,-2.933289],[-40.434509,-2.930298],[-40.4328,-2.927185],[-40.42981,-2.917419],[-40.42981,-2.912292],[-40.431885,-2.90448],[-40.432678,-2.900391],[-40.436096,-2.897278],[-40.441284,-2.893311],[-40.444092,-2.892212],[-40.449402,-2.891479],[-40.452087,-2.889221],[-40.452209,-2.885681],[-40.451294,-2.881897],[-40.451294,-2.878418],[-40.454102,-2.870483],[-40.453308,-2.86731],[-40.450989,-2.86438],[-40.450012,-2.861389],[-40.449402,-2.85199],[-40.448303,-2.846985],[-40.451477,-2.841797],[-40.455505,-2.83252],[-40.451477,-2.829285],[-40.451904,-2.826294],[-40.450989,-2.822388],[-40.453979,-2.819519],[-40.457214,-2.819214],[-40.458801,-2.811401],[-40.454529,-2.804382],[-40.462891,-2.800293],[-40.470581,-2.797485],[-40.482422,-2.791992],[-40.491699,-2.787109],[-40.496826,-2.78479],[-40.500916,-2.78479],[-40.504517,-2.786499],[-40.508118,-2.787109],[-40.51239,-2.788696],[-40.52002,-2.792419],[-40.519226,-2.79718],[-40.520813,-2.800781],[-40.530884,-2.814209],[-40.537109,-2.819397],[-40.541016,-2.821411],[-40.548279,-2.82428],[-40.560791,-2.827698],[-40.563782,-2.827698],[-40.5672,-2.830811],[-40.573792,-2.835022],[-40.580505,-2.837891],[-40.588684,-2.839783],[-40.59259,-2.839294],[-40.596008,-2.839905],[-40.5979,-2.844116],[-40.592896,-2.846008],[-40.589417,-2.846191],[-40.586304,-2.847778],[-40.58252,-2.847717],[-40.580811,-2.850891],[-40.577393,-2.852417],[-40.575195,-2.854919],[-40.573486,-2.858826],[-40.573608,-2.863708],[-40.573181,-2.867187],[-40.571106,-2.870728],[-40.565491,-2.877197],[-40.563416,-2.880127],[-40.559998,-2.882812],[-40.555481,-2.88269],[-40.54303,-2.884583],[-40.538025,-2.884583],[-40.531311,-2.888123],[-40.52832,-2.890503],[-40.52948,-2.893494],[-40.530396,-2.89801],[-40.532593,-2.901611],[-40.53241,-2.910095],[-40.533508,-2.914612],[-40.533203,-2.91803],[-40.527405,-2.921509],[-40.52533,-2.925476],[-40.525085,-2.930176],[-40.526306,-2.934998],[-40.529907,-2.941895],[-40.529175,-2.944702],[-40.526123,-2.948181],[-40.521912,-2.950317],[-40.517517,-2.953796],[-40.512817,-2.954285],[-40.466675,-2.959595],[-40.449585,-2.961609],[-40.409912,-2.964417],[-40.409912,-2.960022],[-40.408813,-2.951294]]]},"properties":{"shapeName":"Jijoca de Jericoacoara","shapeISO":"56859067B74295289149447","shapeGroup":"BRA","shapeType":"ADM2","src_shape_id":"56859067B74295289149447","adm1ISO":"BR-CE"}},
{"type":"Feature","geometry":{"type":"Polygon","coordinates":[[[-39.258911,-7.263184],[-39.256592,-7.26062],[-39.2547,-7.25592],[-39.253723,-7.252075],[-39.251709,-7.24823],[-39.248413,-7.245422],[-39.244812,-7.245728],[-39.235413,-7.247314],[-39.237305,-7.233521],[-39.233582,-7.225403],[-39.217224,-7.221802],[-39.21582,-7.217896],[-39.214111,-7.207275],[-39.213318,-7.200317],[-39.212219,-7.196411],[-39.207703,-7.189392],[-39.200012,-7.18573],[-39.197998,-7.183411],[-39.19751,-7.179321],[-39.200623,-7.175476],[-39.202209,-7.169922],[-39.204102,-7.165588],[-39.202209,-7.162109],[-39.198486,-7.15741],[-39.195801,-7.155518],[-39.193909,-7.152588],[-39.19342,-7.149719],[-39.19281,-7.145508],[-39.194702,-7.142517],[-39.19751,-7.139709],[-39.202393,-7.139709],[-39.205688,-7.138306],[-39.208008,-7.135498],[-39.209229,-7.131592],[-39.208801,-7.126709],[-39.216919,-7.127319],[-39.220276,-7.129028],[-39.223511,-7.129211],[-39.227722,-7.12793],[-39.233582,-7.132202],[-39.237427,-7.133728],[-39.240906,-7.133301],[-39.24231,-7.13031],[-39.237305,-7.126221],[-39.236511,-7.123291],[-39.244507,-7.117798],[-39.248291,-7.109985],[-39.249329,-7.106384],[-39.254089,-7.102112],[-39.260315,-7.098877],[-39.264893,-7.095886],[-39.268616,-7.093994],[-39.278015,-7.093079],[-39.281494,-7.093201],[-39.283203,-7.09668],[-39.283325,-7.099609],[-39.286011,-7.10553],[-39.288879,-7.106812],[-39.293701,-7.110291],[-39.329712,-7.109009],[-39.340088,-7.10968],[-39.340027,-7.113708],[-39.339111,-7.118713],[-39.339783,-7.123108],[-39.343811,-7.133606],[-39.343384,-7.139709],[-39.345581,-7.142578],[-39.348511,-7.144592],[-39.350708,-7.146912],[-39.354309,-7.153687],[-39.362,-7.159729],[-39.365479,-7.161804],[-39.366516,-7.16748],[-39.364014,-7.211487],[-39.357178,-7.226379],[-39.355286,-7.232422],[-39.354309,-7.238098],[-39.35022,-7.255005],[-39.347595,-7.261108],[-39.347778,-7.265503],[-39.342712,-7.265198],[-39.32959,-7.262512],[-39.321106,-7.262512],[-39.316406,-7.260681],[-39.302124,-7.26178],[-39.293091,-7.263428],[-39.286194,-7.263611],[-39.281921,-7.262695],[-39.278015,-7.261292],[-39.275696,-7.259521],[-39.272583,-7.258728],[-39.265015,-7.259521],[-39.258911,-7.263184]]]},"properties":{"shapeName":"Juazeiro do Norte","shapeISO":"56859067B35969232140200","shapeGroup":"BRA","shapeType":"ADM2","src_shape_id":"56859067B35969232140200","adm1ISO":"BR-CE"}},
{"type":"Feature","geometry":{"type":"Polygon","coordinates":[[[-39.708923,-6.340393],[-39.714478,-6.347412],[-39.715881,-6.352722],[-39.714111,-6.35791],[-39.718811,-6.359314],[-39.72229,-6.362915],[-39.723694,-6.365601],[-39.726685,-6.367187],[-39.727295,-6.370728],[-39.731995,-6.370911],[-39.735413,-6.373413],[-39.739197,-6.374512],[-39.740295,-6.377319],[-39.740723,-6.381409],[-39.743225,-6.38562],[-39.747009,-6.386475],[-39.751282,-6.389709],[-39.753418,-6.393005],[-39.758728,-6.399597],[-39.763184,-6.400208],[-39.766296,-6.401794],[-39.7724,-6.406799],[-39.774292,-6.40918],[-39.776184,-6.412903],[-39.773804,-6.418213],[-39.774902,-6.421692],[-39.773804,-6.425781],[-39.775391,-6.428528],[-39.773682,-6.432312],[-39.768494,-6.439026],[-39.765503,-6.442078],[-39.766602,-6.446716],[-39.769775,-6.451111],[-39.771484,-6.458923],[-39.770691,-6.461975],[-39.768127,-6.468079],[-39.765808,-6.470215],[-39.762817,-6.470703],[-39.755615,-6.475403],[-39.748291,-6.477905],[-39.745483,-6.480713],[-39.742493,-6.482422],[-39.739319,-6.482788],[-39.738098,-6.485596],[-39.735718,-6.488098],[-39.728577,-6.491577],[-39.725708,-6.494812],[-39.729126,-6.498413],[-39.732117,-6.5],[-39.743896,-6.505493],[-39.747681,-6.508728],[-39.750183,-6.513794],[-39.750305,-6.518982],[-39.748901,-6.522278],[-39.745911,-6.522827],[-39.744812,-6.525879],[-39.741211,-6.529724],[-39.738586,-6.534302],[-39.735718,-6.536987],[-39.728882,-6.538391],[-39.728821,-6.542603],[-39.732178,-6.5448],[-39.73761,-6.55011],[-39.739319,-6.558716],[-39.74231,-6.5625],[-39.747498,-6.563721],[-39.75,-6.56543],[-39.75061,-6.569275],[-39.75293,-6.576294],[-39.751587,-6.580505],[-39.756226,-6.58313],[-39.76001,-6.581909],[-39.764709,-6.583496],[-39.770508,-6.586914],[-39.767395,-6.589905],[-39.764099,-6.590698],[-39.76239,-6.593506],[-39.763489,-6.59668],[-39.765808,-6.600403],[-39.773376,-6.607483],[-39.771301,-6.610779],[-39.772705,-6.615295],[-39.776001,-6.619202],[-39.7724,-6.623718],[-39.768311,-6.621277],[-39.761292,-6.617981],[-39.754517,-6.61261],[-39.749512,-6.609924],[-39.742493,-6.604919],[-39.739014,-6.602905],[-39.734497,-6.601318],[-39.728394,-6.611877],[-39.725403,-6.614075],[-39.736084,-6.613525],[-39.734619,-6.617981],[-39.735229,-6.623596],[-39.737793,-6.627991],[-39.737915,-6.631897],[-39.730713,-6.628296],[-39.721313,-6.624023],[-39.714722,-6.622009],[-39.711304,-6.622314],[-39.699707,-6.619629],[-39.692383,-6.618591],[-39.685791,-6.61969],[-39.679016,-6.622803],[-39.673584,-6.620789],[-39.6698,-6.618408],[-39.664795,-6.616516],[-39.654602,-6.613586],[-39.647827,-6.610718],[-39.637817,-6.605713],[-39.6297,-6.601379],[-39.622803,-6.595215],[-39.614807,-6.591919],[-39.611328,-6.589783],[-39.602783,-6.585876],[-39.599609,-6.582275],[-39.598694,-6.579224],[-39.596191,-6.577209],[-39.593384,-6.576599],[-39.590515,-6.574707],[-39.585083,-6.573792],[-39.58429,-6.577209],[-39.581116,-6.576721],[-39.57489,-6.573914],[-39.56781,-6.571289],[-39.559875,-6.567322],[-39.55249,-6.565186],[-39.545776,-6.562683],[-39.537109,-6.558411],[-39.532593,-6.551697],[-39.527283,-6.548279],[-39.523987,-6.54541],[-39.517578,-6.541687],[-39.516724,-6.538818],[-39.517212,-6.535522],[-39.51178,-6.525208],[-39.508911,-6.52301],[-39.50531,-6.521912],[-39.495911,-6.518311],[-39.493286,-6.513977],[-39.491394,-6.51178],[-39.487183,-6.510193],[-39.479126,-6.510986],[-39.475403,-6.511719],[-39.46698,-6.510986],[-39.46283,-6.51001],[-39.46051,-6.508118],[-39.457886,-6.499207],[-39.455994,-6.4953],[-39.452087,-6.493591],[-39.447083,-6.493408],[-39.442383,-6.492493],[-39.441589,-6.488586],[-39.439026,-6.486328],[-39.434998,-6.484619],[-39.431885,-6.481812],[-39.430908,-6.47821],[-39.430908,-6.473816],[-39.429199,-6.468506],[-39.42041,-6.46283],[-39.413025,-6.463928],[-39.408508,-6.464111],[-39.39978,-6.46228],[-39.403809,-6.450195],[-39.407288,-6.441711],[-39.40741,-6.42981],[-39.407776,-6.416199],[-39.409912,-6.408813],[-39.413208,-6.406311],[-39.414612,-6.398987],[-39.414795,-6.394226],[-39.416199,-6.390625],[-39.426086,-6.392578],[-39.430603,-6.394409],[-39.432922,-6.3974],[-39.437012,-6.396606],[-39.443726,-6.394592],[-39.447083,-6.394775],[-39.450623,-6.393616],[-39.45282,-6.389709],[-39.461426,-6.382812],[-39.464111,-6.378906],[-39.468689,-6.37561],[-39.473022,-6.374512],[-39.470703,-6.361877],[-39.469177,-6.359497],[-39.466187,-6.356812],[-39.463989,-6.353882],[-39.464294,-6.347778],[-39.463318,-6.344788],[-39.463196,-6.340576],[-39.460693,-6.33551],[-39.458618,-6.328613],[-39.460388,-6.325684],[-39.464905,-6.32489],[-39.467712,-6.323486],[-39.468506,-6.327087],[-39.468384,-6.331421],[-39.473511,-6.336426],[-39.477722,-6.335815],[-39.482727,-6.332703],[-39.489502,-6.326721],[-39.492615,-6.328308],[-39.495911,-6.331726],[-39.498108,-6.329529],[-39.499817,-6.332581],[-39.503296,-6.334412],[-39.507202,-6.331299],[-39.511108,-6.33252],[-39.515015,-6.334412],[-39.518005,-6.337219],[-39.522888,-6.338806],[-39.524292,-6.335876],[-39.526611,-6.333008],[-39.524109,-6.328308],[-39.531189,-6.324829],[-39.535278,-6.323914],[-39.541809,-6.320496],[-39.5448,-6.322021],[-39.548706,-6.322815],[-39.552429,-6.3255],[-39.556213,-6.329712],[-39.559326,-6.331604],[-39.562378,-6.328796],[-39.565979,-6.327087],[-39.570496,-6.322998],[-39.571777,-6.320129],[-39.578979,-6.313599],[-39.581604,-6.315186],[-39.585083,-6.314026],[-39.58783,-6.312195],[-39.590088,-6.309326],[-39.594299,-6.310486],[-39.598999,-6.317078],[-39.602112,-6.318726],[-39.605713,-6.322021],[-39.611328,-6.322205],[-39.616577,-6.325195],[-39.617798,-6.321716],[-39.622009,-6.320312],[-39.626099,-6.319702],[-39.628479,-6.322021],[-39.631775,-6.322876],[-39.64801,-6.333313],[-39.652588,-6.337219],[-39.657288,-6.336609],[-39.661621,-6.33551],[-39.665283,-6.336121],[-39.669678,-6.335693],[-39.673401,-6.332886],[-39.680115,-6.336914],[-39.688782,-6.329407],[-39.691711,-6.331177],[-39.700012,-6.328308],[-39.703125,-6.331604],[-39.706299,-6.337524],[-39.708923,-6.340393]]]},"properties":{"shapeName":"Jucás","shapeISO":"56859067B508683552133","shapeGroup":"BRA","shapeType":"ADM2","src_shape_id":"56859067B508683552133","adm1ISO":"BR-CE"}},
{"type":"Feature","geometry":{"type":"Polygon","coordinates":[[[-38.856018,-6.859009],[-38.833618,-6.848206],[-38.823486,-6.848694],[-38.813782,-6.847107],[-38.810486,-6.846008],[-38.809509,-6.838928],[-38.811096,-6.834106],[-38.815308,-6.825806],[-38.813599,-6.82019],[-38.815308,-6.810913],[-38.818115,-6.808228],[-38.817322,-6.804199],[-38.8172,-6.799377],[-38.820129,-6.791321],[-38.821411,-6.782288],[-38.822327,-6.778198],[-38.795593,-6.768799],[-38.828796,-6.74469],[-38.827698,-6.73761],[-38.830322,-6.734192],[-38.838318,-6.726929],[-38.843201,-6.724426],[-38.846924,-6.72168],[-38.848022,-6.717407],[-38.846313,-6.709229],[-38.850708,-6.706421],[-38.853821,-6.703308],[-38.853882,-6.699829],[-38.853027,-6.694824],[-38.856323,-6.694397],[-38.859009,-6.691895],[-38.859192,-6.688599],[-38.857605,-6.686096],[-38.856812,-6.681396],[-38.854919,-6.6745],[-38.84198,-6.667114],[-38.847595,-6.656189],[-38.850708,-6.647095],[-38.873413,-6.611816],[-38.87323,-6.607422],[-38.871826,-6.601807],[-38.871826,-6.596985],[-38.869324,-6.591492],[-38.87561,-6.586426],[-38.877075,-6.583313],[-38.880798,-6.580505],[-38.885681,-6.580994],[-38.890198,-6.580322],[-38.897888,-6.578613],[-38.901123,-6.578918],[-38.904297,-6.577576],[-38.910583,-6.576111],[-38.91449,-6.574829],[-38.916382,-6.57019],[-38.919006,-6.566711],[-38.921509,-6.568176],[-38.9198,-6.578613],[-38.921387,-6.58551],[-38.920898,-6.591125],[-38.922302,-6.596802],[-38.923584,-6.607178],[-38.924316,-6.610229],[-38.926208,-6.612976],[-38.92981,-6.615417],[-38.932678,-6.616577],[-38.936523,-6.622192],[-38.937622,-6.625305],[-38.940186,-6.629578],[-38.943909,-6.629578],[-38.947998,-6.631226],[-38.948914,-6.638489],[-38.950317,-6.6427],[-38.953613,-6.644897],[-38.957214,-6.644409],[-38.96051,-6.645691],[-38.961914,-6.648926],[-38.962402,-6.652893],[-38.968323,-6.658691],[-38.979309,-6.662781],[-38.984375,-6.662598],[-38.987793,-6.660889],[-38.99762,-6.658997],[-39.001099,-6.658081],[-39.005188,-6.658386],[-39.008911,-6.659302],[-39.01178,-6.660889],[-39.016907,-6.661194],[-39.020386,-6.664124],[-39.024597,-6.666687],[-39.033386,-6.669312],[-39.036011,-6.671509],[-39.039185,-6.672607],[-39.042175,-6.672913],[-39.046204,-6.674622],[-39.049927,-6.669006],[-39.052124,-6.6604],[-39.061096,-6.663513],[-39.062378,-6.667297],[-39.061707,-6.671509],[-39.059082,-6.676208],[-39.057007,-6.681213],[-39.052002,-6.682983],[-39.049683,-6.686279],[-39.048523,-6.689819],[-39.046509,-6.693481],[-39.048706,-6.696106],[-39.052429,-6.696289],[-39.063782,-6.700378],[-39.066223,-6.703308],[-39.069519,-6.705383],[-39.072998,-6.706116],[-39.082275,-6.705627],[-39.084412,-6.708313],[-39.088013,-6.710876],[-39.103821,-6.713928],[-39.108276,-6.715088],[-39.10968,-6.71759],[-39.124329,-6.721313],[-39.128906,-6.724121],[-39.133179,-6.728821],[-39.133301,-6.733093],[-39.134827,-6.737183],[-39.1427,-6.753113],[-39.162109,-6.790283],[-39.18158,-6.827209],[-39.184509,-6.853577],[-39.185791,-6.863708],[-39.166504,-6.905884],[-39.166504,-6.935791],[-39.116882,-6.942627],[-39.105896,-6.962891],[-39.101685,-6.960388],[-39.100525,-6.953491],[-39.0979,-6.950623],[-39.093018,-6.944092],[-39.089478,-6.941589],[-39.08728,-6.937317],[-39.09021,-6.935791],[-39.086487,-6.931213],[-39.083496,-6.930481],[-39.079102,-6.931213],[-39.072998,-6.929504],[-39.074219,-6.926208],[-39.067627,-6.921509],[-39.069275,-6.918213],[-39.064392,-6.916321],[-39.06073,-6.911499],[-39.047913,-6.908203],[-39.044983,-6.908386],[-39.042786,-6.906189],[-39.043823,-6.901001],[-39.036194,-6.897705],[-39.021729,-6.895508],[-39.020813,-6.89032],[-39.015198,-6.881226],[-39.014893,-6.87793],[-39.011902,-6.876892],[-39.006592,-6.873779],[-38.999695,-6.873779],[-38.996521,-6.871826],[-38.988708,-6.868408],[-38.979004,-6.867676],[-38.98053,-6.864929],[-38.97998,-6.862],[-38.976013,-6.861511],[-38.973511,-6.863098],[-38.964905,-6.862],[-38.956421,-6.864075],[-38.953186,-6.866577],[-38.949524,-6.867126],[-38.944519,-6.866394],[-38.941711,-6.865417],[-38.937927,-6.86261],[-38.931091,-6.860901],[-38.919128,-6.860901],[-38.906494,-6.859009],[-38.890015,-6.857117],[-38.883179,-6.856689],[-38.876221,-6.857788],[-38.871704,-6.85968],[-38.866394,-6.860413],[-38.861877,-6.856384],[-38.856018,-6.859009]]]},"properties":{"shapeName":"Lavras da Mangabeira","shapeISO":"56859067B7831807077473","shapeGroup":"BRA","shapeType":"ADM2","src_shape_id":"56859067B7831807077473","adm1ISO":"BR-CE"}},
{"type":"Feature","geometry":{"type":"Polygon","coordinates":[[[-38.059692,-5.07959],[-38.071106,-5.076782],[-38.0755,-5.075195],[-38.079285,-5.070801],[-38.100098,-5.053406],[-38.120911,-5.031311],[-38.141907,-5.032288],[-38.154907,-5.010803],[-38.150818,-5.008606],[-38.169617,-4.991211],[-38.188904,-4.975403],[-38.191895,-4.975281],[-38.195801,-4.976196],[-38.200317,-4.974609],[-38.211609,-4.974182],[-38.213684,-5.010376],[-38.214111,-5.045715],[-38.231201,-5.106201],[-38.239929,-5.136902],[-38.243286,-5.159485],[-38.243286,-5.163696],[-38.247803,-5.169006],[-38.246582,-5.172607],[-38.247803,-5.180786],[-38.2453,-5.184204],[-38.239929,-5.1875],[-38.238098,-5.190613],[-38.237183,-5.195984],[-38.237976,-5.210876],[-38.233276,-5.21698],[-38.224304,-5.198608],[-38.224182,-5.193604],[-38.226624,-5.189392],[-38.229187,-5.186096],[-38.234009,-5.182678],[-38.238098,-5.168701],[-38.231995,-5.162292],[-38.208191,-5.193604],[-38.151184,-5.208923],[-38.141724,-5.211426],[-38.133484,-5.213013],[-38.130127,-5.21051],[-38.126526,-5.209106],[-38.12323,-5.208496],[-38.119202,-5.208923],[-38.116821,-5.206726],[-38.114929,-5.202576],[-38.108826,-5.196716],[-38.104187,-5.195679],[-38.098511,-5.193909],[-38.095093,-5.191528],[-38.091003,-5.190979],[-38.087585,-5.191528],[-38.085083,-5.18988],[-38.081604,-5.189087],[-38.077576,-5.1875],[-38.073914,-5.185181],[-38.071228,-5.181824],[-38.06781,-5.183289],[-38.063904,-5.187195],[-38.056824,-5.192322],[-38.054321,-5.195312],[-38.05188,-5.199707],[-38.045227,-5.205688],[-38.037781,-5.21051],[-38.035095,-5.212708],[-38.033875,-5.216003],[-38.031006,-5.21759],[-38.026428,-5.217712],[-38.023193,-5.21991],[-38.0177,-5.225098],[-38.014526,-5.227478],[-38.006287,-5.235413],[-38.004028,-5.238281],[-38.001526,-5.239929],[-37.998291,-5.241089],[-37.99469,-5.244507],[-37.990601,-5.245911],[-37.982727,-5.247192],[-37.976501,-5.252808],[-37.967529,-5.254395],[-37.963989,-5.259216],[-37.962708,-5.262512],[-37.953125,-5.273376],[-37.948303,-5.276001],[-37.940002,-5.283203],[-37.93219,-5.291199],[-37.930603,-5.295776],[-37.915894,-5.297119],[-37.786621,-5.297119],[-37.783081,-5.2948],[-37.782288,-5.291382],[-37.783203,-5.285522],[-37.789001,-5.278381],[-37.789795,-5.27478],[-37.791809,-5.268799],[-37.791504,-5.260193],[-37.790405,-5.254883],[-37.786316,-5.246399],[-37.784912,-5.241211],[-37.823792,-5.227112],[-37.832886,-5.222717],[-37.872803,-5.202698],[-37.926208,-5.172119],[-37.92688,-5.166992],[-37.934204,-5.158813],[-37.935913,-5.1521],[-37.940796,-5.145386],[-37.946594,-5.142029],[-37.950317,-5.139404],[-37.953918,-5.13208],[-37.956726,-5.124023],[-37.956787,-5.119812],[-37.958618,-5.115723],[-37.963013,-5.109802],[-37.966309,-5.1073],[-37.969299,-5.103577],[-37.972412,-5.100708],[-37.9953,-5.085388],[-38.003296,-5.080994],[-38.044678,-5.080017],[-38.046509,-5.08313],[-38.046326,-5.086609],[-38.055481,-5.083191],[-38.059692,-5.07959]]]},"properties":{"shapeName":"Limoeiro do Norte","shapeISO":"56859067B58683288686996","shapeGroup":"BRA","shapeType":"ADM2","src_shape_id":"56859067B58683288686996","adm1ISO":"BR-CE"}},
{"type":"Feature","geometry":{"type":"Polygon","coordinates":[[[-39.628418,-5.042175],[-39.568909,-5.047302],[-39.522705,-5.05072],[-39.502197,-5.05188],[-39.497009,-5.039001],[-39.493713,-5.03009],[-39.486389,-5.022827],[-39.472595,-5.008606],[-39.47821,-4.995178],[-39.480225,-4.980713],[-39.479187,-4.976685],[-39.473511,-4.974976],[-39.471008,-4.973389],[-39.465881,-4.963501],[-39.461487,-4.960876],[-39.447998,-4.955322],[-39.439819,-4.953186],[-39.434814,-4.952698],[-39.431885,-4.953613],[-39.429077,-4.950623],[-39.425598,-4.949524],[-39.421875,-4.949829],[-39.421326,-4.946716],[-39.421875,-4.943176],[-39.418579,-4.941711],[-39.414795,-4.940979],[-39.411682,-4.939209],[-39.409607,-4.936096],[-39.406311,-4.934387],[-39.403381,-4.93158],[-39.399902,-4.930603],[-39.395813,-4.928406],[-39.392212,-4.930115],[-39.387207,-4.936523],[-39.388916,-4.940979],[-39.388306,-4.94458],[-39.385376,-4.946716],[-39.384827,-4.950623],[-39.385803,-4.95459],[-39.383179,-4.956787],[-39.380005,-4.957825],[-39.377991,-4.960999],[-39.375183,-4.968018],[-39.375488,-4.971497],[-39.37262,-4.973328],[-39.366089,-4.974609],[-39.364075,-4.9776],[-39.361389,-4.979797],[-39.355591,-4.981812],[-39.353394,-4.979126],[-39.350891,-4.974976],[-39.352112,-4.969604],[-39.354797,-4.966492],[-39.349792,-4.959778],[-39.351929,-4.956116],[-39.355103,-4.953125],[-39.355591,-4.948608],[-39.358826,-4.943787],[-39.358398,-4.939819],[-39.360291,-4.937012],[-39.36322,-4.935608],[-39.365479,-4.932983],[-39.364014,-4.928528],[-39.363281,-4.9245],[-39.360291,-4.921326],[-39.359314,-4.916626],[-39.360107,-4.912109],[-39.357178,-4.909424],[-39.354309,-4.908325],[-39.353394,-4.904602],[-39.351013,-4.897827],[-39.347412,-4.895386],[-39.347412,-4.892212],[-39.349182,-4.889893],[-39.350098,-4.886475],[-39.353027,-4.882324],[-39.353516,-4.873901],[-39.355408,-4.866577],[-39.354919,-4.862976],[-39.356689,-4.859009],[-39.361023,-4.857422],[-39.359497,-4.854492],[-39.36261,-4.852417],[-39.36438,-4.848206],[-39.364685,-4.843018],[-39.365417,-4.839783],[-39.361511,-4.839111],[-39.358276,-4.836426],[-39.356201,-4.833008],[-39.353577,-4.830078],[-39.353394,-4.826477],[-39.350708,-4.823608],[-39.348694,-4.819397],[-39.348511,-4.815613],[-39.346191,-4.813782],[-39.346802,-4.807983],[-39.347717,-4.804199],[-39.3479,-4.80072],[-39.345398,-4.796387],[-39.343018,-4.794128],[-39.340088,-4.792786],[-39.342896,-4.791016],[-39.346191,-4.7901],[-39.347107,-4.786804],[-39.346802,-4.782776],[-39.34552,-4.779297],[-39.345703,-4.776001],[-39.34198,-4.774109],[-39.342712,-4.771301],[-39.329712,-4.763611],[-39.321899,-4.757812],[-39.319092,-4.754822],[-39.315979,-4.753296],[-39.31311,-4.754578],[-39.310303,-4.753784],[-39.304016,-4.749817],[-39.302795,-4.745178],[-39.2995,-4.74231],[-39.297485,-4.737793],[-39.291626,-4.736694],[-39.293579,-4.732178],[-39.296204,-4.729492],[-39.297119,-4.725708],[-39.30011,-4.722778],[-39.303894,-4.723389],[-39.307312,-4.725098],[-39.309875,-4.727905],[-39.312988,-4.72821],[-39.316406,-4.726685],[-39.315002,-4.723511],[-39.319275,-4.723999],[-39.324219,-4.729492],[-39.327881,-4.731812],[-39.329712,-4.735291],[-39.33728,-4.740784],[-39.341003,-4.743896],[-39.345825,-4.747009],[-39.355225,-4.751587],[-39.359192,-4.750122],[-39.363708,-4.744385],[-39.368713,-4.742493],[-39.370117,-4.739502],[-39.371887,-4.729675],[-39.367676,-4.725586],[-39.369202,-4.720886],[-39.371826,-4.716797],[-39.389709,-4.724792],[-39.466797,-4.724609],[-39.51001,-4.724609],[-39.575623,-4.748779],[-39.628784,-4.731384],[-39.649475,-4.731689],[-39.66571,-4.731812],[-39.692078,-4.744812],[-39.71051,-4.747375],[-39.726624,-4.749084],[-39.728088,-4.752502],[-39.730408,-4.755615],[-39.726929,-4.760376],[-39.726013,-4.763306],[-39.729675,-4.766907],[-39.735901,-4.769409],[-39.738098,-4.771301],[-39.734802,-4.774109],[-39.730225,-4.779602],[-39.727112,-4.779297],[-39.722412,-4.777588],[-39.717896,-4.778198],[-39.709106,-4.781311],[-39.703796,-4.78241],[-39.700012,-4.784485],[-39.696777,-4.788879],[-39.692993,-4.791382],[-39.689209,-4.791809],[-39.686279,-4.789429],[-39.681702,-4.788879],[-39.677429,-4.789612],[-39.6745,-4.792297],[-39.672791,-4.798523],[-39.669312,-4.799927],[-39.66571,-4.799927],[-39.662415,-4.802795],[-39.662109,-4.805725],[-39.656982,-4.820312],[-39.659912,-4.822998],[-39.656616,-4.835205],[-39.653992,-4.83783],[-39.645813,-4.842712],[-39.643494,-4.84491],[-39.644409,-4.848206],[-39.646484,-4.850891],[-39.650513,-4.854492],[-39.65033,-4.859497],[-39.6521,-4.863525],[-39.650696,-4.866211],[-39.649719,-4.869812],[-39.647827,-4.872192],[-39.645203,-4.874023],[-39.644226,-4.878113],[-39.642212,-4.881409],[-39.638916,-4.884521],[-39.636414,-4.888611],[-39.63031,-4.892212],[-39.629211,-4.896912],[-39.627014,-4.901917],[-39.6203,-4.905212],[-39.618591,-4.908081],[-39.617981,-4.918213],[-39.61731,-4.921326],[-39.612305,-4.927612],[-39.610291,-4.931396],[-39.607788,-4.938721],[-39.606506,-4.943481],[-39.607422,-4.947327],[-39.609802,-4.94928],[-39.609009,-4.953125],[-39.604614,-4.959106],[-39.603882,-4.963989],[-39.607605,-4.970825],[-39.610107,-4.972717],[-39.614075,-4.974487],[-39.614624,-4.978699],[-39.612183,-4.981628],[-39.611084,-4.984314],[-39.611694,-4.990112],[-39.60968,-4.992493],[-39.605286,-4.994507],[-39.601685,-4.990784],[-39.598877,-4.99231],[-39.597412,-4.995178],[-39.598083,-4.999512],[-39.600708,-5.002502],[-39.603577,-5.009216],[-39.607178,-5.014404],[-39.606201,-5.017822],[-39.605896,-5.021912],[-39.607178,-5.025085],[-39.611694,-5.030212],[-39.617676,-5.031982],[-39.621277,-5.034424],[-39.626587,-5.03949],[-39.628418,-5.042175]]]},"properties":{"shapeName":"Madalena","shapeISO":"56859067B9185631320714","shapeGroup":"BRA","shapeType":"ADM2","src_shape_id":"56859067B9185631320714","adm1ISO":"BR-CE"}},
{"type":"Feature","geometry":{"type":"Polygon","coordinates":[[[-38.687012,-3.856995],[-38.683716,-3.856812],[-38.680481,-3.858521],[-38.670715,-3.861389],[-38.665283,-3.862122],[-38.661499,-3.860901],[-38.65741,-3.861023],[-38.659912,-3.864685],[-38.657104,-3.868286],[-38.65271,-3.872192],[-38.646912,-3.876221],[-38.649109,-3.878906],[-38.648376,-3.889404],[-38.648621,-3.893616],[-38.650513,-3.896912],[-38.653809,-3.90033],[-38.6521,-3.903625],[-38.657593,-3.917419],[-38.660522,-3.918213],[-38.662781,-3.92041],[-38.661987,-3.924927],[-38.660278,-3.929077],[-38.65741,-3.932617],[-38.654785,-3.934998],[-38.654297,-3.938721],[-38.654907,-3.943176],[-38.658203,-3.952698],[-38.652588,-3.958679],[-38.640076,-3.968384],[-38.633789,-3.957825],[-38.630981,-3.956299],[-38.629395,-3.952209],[-38.620483,-3.944397],[-38.617126,-3.937012],[-38.616211,-3.92981],[-38.612488,-3.922302],[-38.612122,-3.918213],[-38.612793,-3.914429],[-38.616516,-3.903198],[-38.618225,-3.899719],[-38.622009,-3.898682],[-38.624695,-3.891113],[-38.621704,-3.89032],[-38.618408,-3.888611],[-38.611816,-3.884277],[-38.607788,-3.882629],[-38.603699,-3.881897],[-38.598022,-3.882202],[-38.589294,-3.881409],[-38.586487,-3.88031],[-38.582581,-3.877686],[-38.576782,-3.872925],[-38.574829,-3.870483],[-38.573792,-3.867615],[-38.571411,-3.865417],[-38.567993,-3.864197],[-38.564514,-3.850708],[-38.56189,-3.852112],[-38.551514,-3.856628],[-38.542419,-3.859619],[-38.541382,-3.853394],[-38.557129,-3.846924],[-38.567078,-3.843384],[-38.570984,-3.842529],[-38.588379,-3.838013],[-38.593689,-3.834412],[-38.596619,-3.833313],[-38.603088,-3.830017],[-38.613708,-3.823975],[-38.618408,-3.820496],[-38.621521,-3.8172],[-38.624207,-3.81311],[-38.627014,-3.810913],[-38.629883,-3.807617],[-38.633911,-3.805481],[-38.636902,-3.80481],[-38.638123,-3.802002],[-38.640015,-3.804687],[-38.645996,-3.809387],[-38.643921,-3.812622],[-38.642212,-3.817322],[-38.641602,-3.822815],[-38.645325,-3.825684],[-38.65033,-3.827393],[-38.656921,-3.828003],[-38.6604,-3.827026],[-38.668091,-3.82782],[-38.675415,-3.834778],[-38.680725,-3.843994],[-38.687012,-3.856995]]]},"properties":{"shapeName":"Maracanaú","shapeISO":"56859067B10151614231833","shapeGroup":"BRA","shapeType":"ADM2","src_shape_id":"56859067B10151614231833","adm1ISO":"BR-CE"}},
{"type":"Feature","geometry":{"type":"Polygon","coordinates":[[[-38.943604,-4.101624],[-38.936707,-4.103394],[-38.931091,-4.10321],[-38.927307,-4.104797],[-38.926025,-4.108093],[-38.925903,-4.111511],[-38.923828,-4.114502],[-38.920715,-4.116821],[-38.918213,-4.119507],[-38.9151,-4.119812],[-38.911987,-4.11792],[-38.909485,-4.114197],[-38.907593,-4.108215],[-38.90802,-4.105225],[-38.89032,-4.105225],[-38.886902,-4.10321],[-38.885376,-4.106628],[-38.881714,-4.107178],[-38.882629,-4.111816],[-38.8797,-4.113708],[-38.87323,-4.111389],[-38.86731,-4.117126],[-38.864319,-4.119202],[-38.86261,-4.113403],[-38.856384,-4.10968],[-38.858521,-4.105896],[-38.854004,-4.106323],[-38.849792,-4.105225],[-38.845825,-4.105713],[-38.841919,-4.104309],[-38.84021,-4.099915],[-38.841187,-4.095825],[-38.840515,-4.087891],[-38.837708,-4.080811],[-38.837708,-4.07782],[-38.836121,-4.074402],[-38.816589,-4.083923],[-38.813904,-4.081116],[-38.810913,-4.080811],[-38.797729,-4.086975],[-38.782593,-4.093811],[-38.778198,-4.09491],[-38.775208,-4.096375],[-38.770691,-4.095703],[-38.768005,-4.086914],[-38.766296,-4.084106],[-38.762878,-4.080688],[-38.760681,-4.073792],[-38.757385,-4.076111],[-38.756409,-4.080383],[-38.754211,-4.083984],[-38.751099,-4.086487],[-38.749329,-4.091187],[-38.7453,-4.077881],[-38.745911,-4.074829],[-38.744812,-4.072021],[-38.73468,-4.071411],[-38.72699,-4.073303],[-38.723511,-4.072083],[-38.722717,-4.068909],[-38.719604,-4.06781],[-38.708679,-4.061218],[-38.701904,-4.05542],[-38.698608,-4.05188],[-38.694702,-4.050293],[-38.690613,-4.049988],[-38.686401,-4.048584],[-38.67981,-4.043579],[-38.676208,-4.041199],[-38.672119,-4.037598],[-38.674377,-4.032715],[-38.673828,-4.02832],[-38.670715,-4.025208],[-38.668579,-4.021484],[-38.667175,-4.017212],[-38.666809,-4.012695],[-38.669189,-4.009094],[-38.669617,-4.004395],[-38.667603,-4.001282],[-38.660706,-3.992126],[-38.656799,-3.985779],[-38.651001,-3.981384],[-38.648315,-3.978027],[-38.643799,-3.975098],[-38.640076,-3.968384],[-38.652588,-3.958679],[-38.658203,-3.952698],[-38.654907,-3.943176],[-38.654297,-3.938721],[-38.654785,-3.934998],[-38.65741,-3.932617],[-38.660278,-3.929077],[-38.661987,-3.924927],[-38.662781,-3.92041],[-38.660522,-3.918213],[-38.657593,-3.917419],[-38.6521,-3.903625],[-38.653809,-3.90033],[-38.650513,-3.896912],[-38.648621,-3.893616],[-38.648376,-3.889404],[-38.649109,-3.878906],[-38.646912,-3.876221],[-38.65271,-3.872192],[-38.657104,-3.868286],[-38.659912,-3.864685],[-38.65741,-3.861023],[-38.661499,-3.860901],[-38.665283,-3.862122],[-38.670715,-3.861389],[-38.680481,-3.858521],[-38.683716,-3.856812],[-38.687012,-3.856995],[-38.691223,-3.860413],[-38.695496,-3.866577],[-38.702209,-3.874695],[-38.705688,-3.874695],[-38.712402,-3.878418],[-38.715698,-3.881287],[-38.719299,-3.888184],[-38.72522,-3.901978],[-38.729614,-3.905884],[-38.732117,-3.909119],[-38.732483,-3.912598],[-38.735291,-3.91803],[-38.735413,-3.92572],[-38.736816,-3.92981],[-38.743896,-3.934387],[-38.751587,-3.928406],[-38.755188,-3.927612],[-38.761292,-3.936584],[-38.765015,-3.941406],[-38.770081,-3.944397],[-38.776123,-3.951294],[-38.779419,-3.953613],[-38.785095,-3.964294],[-38.78772,-3.966614],[-38.792297,-3.96698],[-38.811584,-3.961914],[-38.848328,-3.994812],[-38.871582,-3.968689],[-38.917786,-3.953308],[-38.941223,-3.945312],[-38.944397,-3.944519],[-38.988403,-3.979919],[-39.003479,-3.991699],[-38.984009,-4.044312],[-38.956909,-4.073303],[-38.960205,-4.074829],[-38.959412,-4.079407],[-38.956116,-4.0802],[-38.954407,-4.088623],[-38.953125,-4.09259],[-38.955811,-4.095276],[-38.957092,-4.098206],[-38.95282,-4.099304],[-38.951294,-4.102112],[-38.947876,-4.102295],[-38.945801,-4.098022],[-38.943604,-4.101624]]]},"properties":{"shapeName":"Maranguape","shapeISO":"56859067B57944913032389","shapeGroup":"BRA","shapeType":"ADM2","src_shape_id":"56859067B57944913032389","adm1ISO":"BR-CE"}},
{"type":"Feature","geometry":{"type":"Polygon","coordinates":[[[-40.083923,-3.11438],[-40.103394,-3.101013],[-40.120911,-3.087708],[-40.139587,-3.073914],[-40.140015,-3.07782],[-40.144409,-3.078491],[-40.147888,-3.081726],[-40.14978,-3.085999],[-40.152283,-3.089783],[-40.148987,-3.099609],[-40.14801,-3.103699],[-40.147888,-3.106812],[-40.151428,-3.109192],[-40.157104,-3.115112],[-40.164917,-3.119385],[-40.169128,-3.120605],[-40.173523,-3.12439],[-40.17688,-3.126587],[-40.178894,-3.128723],[-40.185608,-3.131714],[-40.188599,-3.135925],[-40.191528,-3.138611],[-40.196106,-3.140808],[-40.199524,-3.143494],[-40.200378,-3.146606],[-40.207092,-3.15033],[-40.210388,-3.153809],[-40.215393,-3.155212],[-40.218811,-3.15802],[-40.222412,-3.159912],[-40.226501,-3.159607],[-40.2323,-3.164001],[-40.234009,-3.166687],[-40.23761,-3.167725],[-40.241821,-3.16571],[-40.246399,-3.164429],[-40.249878,-3.164185],[-40.253601,-3.163086],[-40.256409,-3.160278],[-40.257629,-3.157227],[-40.260376,-3.153687],[-40.267212,-3.150879],[-40.298889,-3.203613],[-40.302795,-3.201294],[-40.308105,-3.195496],[-40.310608,-3.194092],[-40.31781,-3.19342],[-40.321411,-3.19342],[-40.325684,-3.196106],[-40.328491,-3.198425],[-40.335022,-3.201599],[-40.338623,-3.202881],[-40.343628,-3.203308],[-40.352722,-3.202515],[-40.356323,-3.200989],[-40.357788,-3.198425],[-40.360718,-3.190613],[-40.362427,-3.187683],[-40.363281,-3.184082],[-40.362915,-3.17572],[-40.361877,-3.171997],[-40.360413,-3.169495],[-40.361511,-3.164612],[-40.363892,-3.159729],[-40.364685,-3.155579],[-40.370117,-3.14801],[-40.374817,-3.143982],[-40.375916,-3.141113],[-40.381897,-3.134827],[-40.386719,-3.132202],[-40.39032,-3.131287],[-40.393799,-3.1297],[-40.397827,-3.129028],[-40.400696,-3.127197],[-40.404175,-3.125916],[-40.409607,-3.126709],[-40.413696,-3.126587],[-40.416687,-3.125427],[-40.418884,-3.123413],[-40.425598,-3.11499],[-40.428284,-3.110901],[-40.434692,-3.102722],[-40.437378,-3.101807],[-40.441406,-3.101685],[-40.448425,-3.099182],[-40.451904,-3.09668],[-40.455383,-3.093506],[-40.458984,-3.089478],[-40.463684,-3.085083],[-40.469177,-3.081909],[-40.4729,-3.080505],[-40.47821,-3.075012],[-40.479614,-3.070923],[-40.485779,-3.065002],[-40.490723,-3.064209],[-40.494812,-3.062012],[-40.508118,-3.110901],[-40.500916,-3.117676],[-40.497681,-3.119324],[-40.489807,-3.120911],[-40.484009,-3.121094],[-40.480713,-3.124084],[-40.477112,-3.126404],[-40.47522,-3.128906],[-40.471619,-3.131409],[-40.468018,-3.13208],[-40.462585,-3.136597],[-40.462219,-3.140198],[-40.455811,-3.146729],[-40.453308,-3.152527],[-40.452881,-3.157776],[-40.453308,-3.161682],[-40.451477,-3.167908],[-40.452026,-3.171814],[-40.450378,-3.176392],[-40.44989,-3.180481],[-40.446594,-3.182129],[-40.444397,-3.184204],[-40.443787,-3.190613],[-40.441711,-3.193726],[-40.438293,-3.195496],[-40.435791,-3.197693],[-40.433777,-3.201416],[-40.432495,-3.206787],[-40.43219,-3.21228],[-40.43042,-3.216309],[-40.428406,-3.219177],[-40.425598,-3.217102],[-40.422729,-3.219299],[-40.422729,-3.223083],[-40.420227,-3.22821],[-40.419006,-3.233398],[-40.417114,-3.237488],[-40.413391,-3.238525],[-40.410522,-3.237],[-40.406982,-3.236877],[-40.402405,-3.243591],[-40.40033,-3.247986],[-40.40033,-3.251709],[-40.397583,-3.25531],[-40.393677,-3.257629],[-40.388428,-3.265808],[-40.387512,-3.270203],[-40.38501,-3.2724],[-40.381714,-3.272217],[-40.376709,-3.273315],[-40.37262,-3.272827],[-40.36731,-3.273621],[-40.36261,-3.273315],[-40.358887,-3.274719],[-40.356995,-3.277588],[-40.357483,-3.281677],[-40.35498,-3.283813],[-40.351685,-3.285217],[-40.349182,-3.288025],[-40.345093,-3.289429],[-40.340576,-3.288879],[-40.338501,-3.28418],[-40.334106,-3.282898],[-40.329407,-3.284424],[-40.322815,-3.288208],[-40.319885,-3.286011],[-40.315979,-3.288513],[-40.313416,-3.291809],[-40.306396,-3.297424],[-40.303528,-3.300598],[-40.299377,-3.302185],[-40.294495,-3.30011],[-40.290222,-3.299927],[-40.287415,-3.300903],[-40.284912,-3.303284],[-40.276123,-3.30542],[-40.278809,-3.263794],[-40.265808,-3.270691],[-40.237488,-3.286011],[-40.187805,-3.249207],[-40.142883,-3.216003],[-40.13562,-3.21051],[-40.119202,-3.198792],[-40.114319,-3.198486],[-40.108398,-3.199219],[-40.104614,-3.198181],[-40.094604,-3.197205],[-40.090881,-3.197205],[-40.087708,-3.198914],[-40.00238,-3.220093],[-40.037109,-3.173828],[-40.073486,-3.122925],[-40.083923,-3.11438]]]},"properties":{"shapeName":"Marco","shapeISO":"56859067B41689548949789","shapeGroup":"BRA","shapeType":"ADM2","src_shape_id":"56859067B41689548949789","adm1ISO":"BR-CE"}},
{"type":"Feature","geometry":{"type":"Polygon","coordinates":[[[-40.727905,-3.233887],[-40.692383,-3.242493],[-40.669006,-3.24762],[-40.610413,-3.245789],[-40.539429,-3.243591],[-40.533386,-3.23938],[-40.537781,-3.23761],[-40.536377,-3.23291],[-40.534912,-3.230408],[-40.536682,-3.227722],[-40.537109,-3.223877],[-40.53949,-3.219177],[-40.542297,-3.20929],[-40.544312,-3.204712],[-40.544983,-3.199402],[-40.547424,-3.192627],[-40.54718,-3.188721],[-40.554993,-3.181396],[-40.556824,-3.175476],[-40.56189,-3.172729],[-40.565613,-3.17218],[-40.569092,-3.170227],[-40.57489,-3.165527],[-40.571289,-3.154602],[-40.571594,-3.150024],[-40.572693,-3.147217],[-40.573181,-3.141785],[-40.57428,-3.137329],[-40.599182,-3.123718],[-40.648376,-3.100098],[-40.687195,-3.081421],[-40.750977,-3.050781],[-40.745911,-3.070679],[-40.730713,-3.131104],[-40.722778,-3.162903],[-40.71051,-3.211426],[-40.712585,-3.216187],[-40.727905,-3.233887]]]},"properties":{"shapeName":"Martinópole","shapeISO":"56859067B4010642262930","shapeGroup":"BRA","shapeType":"ADM2","src_shape_id":"56859067B4010642262930","adm1ISO":"BR-CE"}},
{"type":"Feature","geometry":{"type":"MultiPolygon","coordinates":[[[[-40.520813,-3.512878],[-40.516907,-3.512024],[-40.512817,-3.512024],[-40.509216,-3.512878],[-40.508118,-3.509094],[-40.503601,-3.508789],[-40.499878,-3.510315],[-40.496521,-3.508179],[-40.493591,-3.505188],[-40.488586,-3.503723],[-40.482605,-3.497681],[-40.47821,-3.495178],[-40.476685,-3.502625],[-40.474426,-3.50531],[-40.468323,-3.50769],[-40.467896,-3.511475],[-40.466492,-3.516296],[-40.463013,-3.519775],[-40.458679,-3.52002],[-40.452209,-3.519409],[-40.440979,-3.52063],[-40.434204,-3.522095],[-40.430908,-3.524475],[-40.412598,-3.538696],[-40.415405,-3.566284],[-40.404785,-3.575684],[-40.38031,-3.596497],[-40.381287,-3.60022],[-40.380798,-3.603882],[-40.37793,-3.607422],[-40.376587,-3.610718],[-40.373596,-3.613708],[-40.370422,-3.615479],[-40.36731,-3.616211],[-40.364014,-3.616028],[-40.361389,-3.614502],[-40.35791,-3.613708],[-40.353882,-3.614685],[-40.349609,-3.614929],[-40.346924,-3.616211],[-40.343628,-3.616821],[-40.340515,-3.618225],[-40.337402,-3.621216],[-40.333313,-3.622009],[-40.330688,-3.6203],[-40.326111,-3.6203],[-40.322021,-3.619019],[-40.311523,-3.621521],[-40.299011,-3.621704],[-40.299622,-3.61731],[-40.297729,-3.613586],[-40.294617,-3.611511],[-40.29248,-3.609314],[-40.292175,-3.60498],[-40.29541,-3.603027],[-40.297424,-3.600098],[-40.299011,-3.596008],[-40.297485,-3.591797],[-40.288208,-3.58728],[-40.284912,-3.585022],[-40.280029,-3.582703],[-40.280396,-3.577209],[-40.279297,-3.57251],[-40.27533,-3.570679],[-40.272278,-3.57251],[-40.269409,-3.572998],[-40.269104,-3.569885],[-40.265076,-3.567627],[-40.261108,-3.563293],[-40.255798,-3.558411],[-40.253479,-3.550293],[-40.254211,-3.546387],[-40.254517,-3.541321],[-40.254028,-3.53772],[-40.252075,-3.534607],[-40.25293,-3.531006],[-40.252197,-3.525696],[-40.254089,-3.521729],[-40.256897,-3.517395],[-40.256775,-3.512085],[-40.25293,-3.503601],[-40.25769,-3.498901],[-40.254517,-3.497192],[-40.252625,-3.494019],[-40.251709,-3.489685],[-40.258179,-3.49408],[-40.26001,-3.491211],[-40.260498,-3.486511],[-40.263916,-3.484009],[-40.266602,-3.484924],[-40.270081,-3.48291],[-40.285217,-3.453918],[-40.304993,-3.414185],[-40.3078,-3.409729],[-40.335083,-3.404419],[-40.336792,-3.400391],[-40.342529,-3.361084],[-40.347107,-3.365784],[-40.354187,-3.370728],[-40.358398,-3.371582],[-40.364807,-3.373718],[-40.376587,-3.379822],[-40.386902,-3.380676],[-40.391602,-3.381897],[-40.398499,-3.380188],[-40.401184,-3.376221],[-40.400513,-3.372314],[-40.40448,-3.372803],[-40.412109,-3.376221],[-40.415283,-3.374512],[-40.417603,-3.369629],[-40.423706,-3.370178],[-40.428711,-3.372498],[-40.4328,-3.375488],[-40.44519,-3.380005],[-40.449585,-3.382202],[-40.454529,-3.383911],[-40.457214,-3.385315],[-40.461182,-3.382019],[-40.471619,-3.38501],[-40.476196,-3.387207],[-40.484009,-3.388794],[-40.489014,-3.390198],[-40.492004,-3.390381],[-40.5,-3.392395],[-40.509705,-3.393799],[-40.512512,-3.393005],[-40.515625,-3.393005],[-40.531006,-3.438416],[-40.538391,-3.44812],[-40.548584,-3.468079],[-40.557312,-3.483398],[-40.532776,-3.503113],[-40.540283,-3.522888],[-40.531006,-3.514587],[-40.520813,-3.512878]]],[[[-40.342102,-3.350708],[-40.344421,-3.353088],[-40.34259,-3.3573],[-40.342102,-3.350708]]]]},"properties":{"shapeName":"Massapê","shapeISO":"56859067B42354629826909","shapeGroup":"BRA","shapeType":"ADM2","src_shape_id":"56859067B42354629826909","adm1ISO":"BR-CE"}},
{"type":"Feature","geometry":{"type":"Polygon","coordinates":[[[-38.783813,-7.225281],[-38.791992,-7.241577],[-38.806396,-7.265503],[-38.825684,-7.297302],[-38.829712,-7.304077],[-38.860291,-7.354492],[-38.867493,-7.388428],[-38.881104,-7.451294],[-38.881897,-7.457703],[-38.854309,-7.495789],[-38.828186,-7.531921],[-38.814697,-7.550476],[-38.775879,-7.604187],[-38.720581,-7.62561],[-38.71698,-7.625916],[-38.714905,-7.622192],[-38.715027,-7.615479],[-38.715576,-7.612],[-38.718018,-7.609497],[-38.713379,-7.608582],[-38.712708,-7.60321],[-38.713013,-7.598511],[-38.710388,-7.596375],[-38.710205,-7.586182],[-38.703125,-7.580811],[-38.695984,-7.582275],[-38.688782,-7.582214],[-38.685913,-7.581177],[-38.682312,-7.578125],[-38.677185,-7.570496],[-38.674377,-7.569275],[-38.661194,-7.568298],[-38.656189,-7.565186],[-38.658997,-7.561523],[-38.65741,-7.558777],[-38.654419,-7.555908],[-38.653076,-7.551514],[-38.656311,-7.54718],[-38.655823,-7.544312],[-38.65271,-7.540222],[-38.651306,-7.531006],[-38.654297,-7.522217],[-38.648804,-7.519714],[-38.646118,-7.516113],[-38.64801,-7.512207],[-38.647705,-7.508911],[-38.644897,-7.506104],[-38.646118,-7.502502],[-38.6427,-7.497375],[-38.638184,-7.492126],[-38.634094,-7.491028],[-38.631409,-7.488098],[-38.630676,-7.483887],[-38.633911,-7.479797],[-38.635803,-7.474609],[-38.640808,-7.469727],[-38.641602,-7.464905],[-38.646179,-7.463013],[-38.644897,-7.460022],[-38.641724,-7.458191],[-38.638,-7.457886],[-38.627319,-7.46051],[-38.622009,-7.460693],[-38.615112,-7.457214],[-38.609619,-7.457275],[-38.604187,-7.457825],[-38.602783,-7.453491],[-38.605713,-7.44458],[-38.596802,-7.439026],[-38.592712,-7.433289],[-38.584717,-7.433899],[-38.585999,-7.427795],[-38.583313,-7.419922],[-38.58429,-7.416687],[-38.586609,-7.414795],[-38.589722,-7.414612],[-38.595825,-7.4151],[-38.595276,-7.411499],[-38.589478,-7.400696],[-38.585083,-7.399475],[-38.580994,-7.391602],[-38.578125,-7.38501],[-38.578796,-7.38031],[-38.576782,-7.376892],[-38.574402,-7.375122],[-38.570923,-7.370911],[-38.567688,-7.365479],[-38.563782,-7.360413],[-38.561096,-7.358276],[-38.557983,-7.352783],[-38.557129,-7.347107],[-38.553589,-7.344482],[-38.551819,-7.339417],[-38.548706,-7.33551],[-38.548523,-7.332092],[-38.549011,-7.325928],[-38.551208,-7.320923],[-38.549988,-7.31488],[-38.546021,-7.312683],[-38.538818,-7.303223],[-38.538208,-7.299377],[-38.535522,-7.29718],[-38.534607,-7.293823],[-38.53479,-7.290222],[-38.538208,-7.283508],[-38.542114,-7.279602],[-38.542786,-7.274109],[-38.542603,-7.267212],[-38.548218,-7.266113],[-38.552002,-7.263489],[-38.553711,-7.26001],[-38.55481,-7.255493],[-38.554504,-7.252319],[-38.552185,-7.246704],[-38.55188,-7.243408],[-38.554687,-7.240479],[-38.557678,-7.239502],[-38.563293,-7.241882],[-38.57782,-7.245911],[-38.583008,-7.248413],[-38.587708,-7.248596],[-38.593811,-7.247009],[-38.597595,-7.244202],[-38.598816,-7.237793],[-38.601013,-7.234619],[-38.60553,-7.236694],[-38.609192,-7.233582],[-38.61499,-7.230286],[-38.616394,-7.22522],[-38.61908,-7.221008],[-38.622375,-7.21991],[-38.626099,-7.221008],[-38.634521,-7.221985],[-38.642212,-7.221375],[-38.646179,-7.219177],[-38.651794,-7.223389],[-38.65741,-7.223083],[-38.661377,-7.226501],[-38.666077,-7.22821],[-38.672485,-7.231995],[-38.738281,-7.23761],[-38.747498,-7.236877],[-38.757812,-7.237793],[-38.761902,-7.234985],[-38.770386,-7.236389],[-38.774902,-7.234924],[-38.77771,-7.231628],[-38.780823,-7.229614],[-38.783813,-7.225281]]]},"properties":{"shapeName":"Mauriti","shapeISO":"56859067B91433627627453","shapeGroup":"BRA","shapeType":"ADM2","src_shape_id":"56859067B91433627627453","adm1ISO":"BR-CE"}},
{"type":"Feature","geometry":{"type":"Polygon","coordinates":[[[-40.49408,-3.632324],[-40.488586,-3.633911],[-40.479187,-3.635376],[-40.47522,-3.636719],[-40.471191,-3.638794],[-40.468506,-3.636414],[-40.464905,-3.640198],[-40.454895,-3.641296],[-40.452087,-3.640503],[-40.448303,-3.637512],[-40.44342,-3.637695],[-40.440125,-3.638428],[-40.435425,-3.638306],[-40.428589,-3.640198],[-40.424805,-3.643005],[-40.417175,-3.643616],[-40.412476,-3.643311],[-40.408325,-3.644897],[-40.401428,-3.641907],[-40.399902,-3.637817],[-40.396912,-3.637207],[-40.394897,-3.631226],[-40.398926,-3.62793],[-40.385986,-3.622925],[-40.36731,-3.616211],[-40.370422,-3.615479],[-40.373596,-3.613708],[-40.376587,-3.610718],[-40.37793,-3.607422],[-40.380798,-3.603882],[-40.381287,-3.60022],[-40.38031,-3.596497],[-40.404785,-3.575684],[-40.415405,-3.566284],[-40.412598,-3.538696],[-40.430908,-3.524475],[-40.434204,-3.522095],[-40.440979,-3.52063],[-40.452209,-3.519409],[-40.458679,-3.52002],[-40.463013,-3.519775],[-40.466492,-3.516296],[-40.467896,-3.511475],[-40.468323,-3.50769],[-40.474426,-3.50531],[-40.476685,-3.502625],[-40.47821,-3.495178],[-40.482605,-3.497681],[-40.488586,-3.503723],[-40.493591,-3.505188],[-40.496521,-3.508179],[-40.499878,-3.510315],[-40.503601,-3.508789],[-40.508118,-3.509094],[-40.509216,-3.512878],[-40.512817,-3.512024],[-40.516907,-3.512024],[-40.520813,-3.512878],[-40.514893,-3.532227],[-40.520691,-3.54541],[-40.511108,-3.549011],[-40.500305,-3.550903],[-40.493713,-3.551208],[-40.48999,-3.553589],[-40.481628,-3.555725],[-40.477112,-3.557312],[-40.481812,-3.562378],[-40.497925,-3.577026],[-40.4953,-3.583984],[-40.490906,-3.58429],[-40.487183,-3.585388],[-40.479309,-3.591919],[-40.480896,-3.59552],[-40.491821,-3.601379],[-40.49823,-3.605713],[-40.498413,-3.611694],[-40.499084,-3.616821],[-40.503113,-3.624512],[-40.498413,-3.629822],[-40.49408,-3.632324]]]},"properties":{"shapeName":"Meruoca","shapeISO":"56859067B26232232451601","shapeGroup":"BRA","shapeType":"ADM2","src_shape_id":"56859067B26232232451601","adm1ISO":"BR-CE"}},
{"type":"Feature","geometry":{"type":"Polygon","coordinates":[[[-38.969482,-7.426025],[-38.940125,-7.428284],[-38.927185,-7.434509],[-38.881897,-7.457703],[-38.881104,-7.451294],[-38.867493,-7.388428],[-38.860291,-7.354492],[-38.829712,-7.304077],[-38.825684,-7.297302],[-38.806396,-7.265503],[-38.791992,-7.241577],[-38.783813,-7.225281],[-38.785828,-7.219421],[-38.789795,-7.219299],[-38.79248,-7.220398],[-38.796509,-7.219299],[-38.798584,-7.222412],[-38.799011,-7.225891],[-38.798279,-7.229004],[-38.799622,-7.231812],[-38.802307,-7.229187],[-38.80719,-7.227112],[-38.811523,-7.22699],[-38.81488,-7.22522],[-38.81958,-7.226318],[-38.826111,-7.230713],[-38.828003,-7.233398],[-38.830383,-7.235229],[-38.833923,-7.236084],[-38.836609,-7.23822],[-38.839417,-7.23938],[-38.842712,-7.239502],[-38.846375,-7.238892],[-38.852112,-7.239075],[-38.858093,-7.233093],[-38.860901,-7.240723],[-38.864197,-7.240601],[-38.869019,-7.244202],[-38.871582,-7.24231],[-38.873779,-7.239319],[-38.876587,-7.237488],[-38.8797,-7.236328],[-38.884399,-7.238708],[-38.900208,-7.241821],[-38.902893,-7.238708],[-38.908203,-7.241028],[-38.91449,-7.242981],[-38.921387,-7.221008],[-38.934509,-7.180115],[-38.947205,-7.143127],[-38.92511,-7.114197],[-38.908997,-7.082703],[-38.957886,-7.081726],[-38.961304,-7.085205],[-39.026428,-7.15033],[-39.02533,-7.194397],[-39.073975,-7.226624],[-39.083008,-7.231995],[-39.085999,-7.234375],[-39.08429,-7.237976],[-39.088501,-7.243408],[-39.088318,-7.25061],[-39.091797,-7.25293],[-39.092285,-7.256409],[-39.091125,-7.260803],[-39.088318,-7.262329],[-39.085083,-7.266602],[-39.081604,-7.267883],[-39.077393,-7.269409],[-39.071716,-7.273499],[-39.068604,-7.278381],[-39.065186,-7.281311],[-39.054016,-7.288696],[-39.049988,-7.291077],[-39.039185,-7.294128],[-39.035583,-7.295593],[-39.031189,-7.298096],[-39.02771,-7.299011],[-39.023682,-7.299377],[-39.017395,-7.302185],[-39.011414,-7.302429],[-39.007507,-7.30481],[-39.001282,-7.307495],[-38.997925,-7.312622],[-38.991211,-7.323792],[-38.987,-7.33313],[-38.980591,-7.355408],[-38.974121,-7.379211],[-38.962708,-7.395081],[-38.96228,-7.400208],[-38.962891,-7.404175],[-38.96582,-7.408813],[-38.967224,-7.413208],[-38.967896,-7.418396],[-38.969482,-7.426025]]]},"properties":{"shapeName":"Milagres","shapeISO":"56859067B57580230718616","shapeGroup":"BRA","shapeType":"ADM2","src_shape_id":"56859067B57580230718616","adm1ISO":"BR-CE"}},
{"type":"Feature","geometry":{"type":"Polygon","coordinates":[[[-39.060608,-5.511108],[-39.063477,-5.514099],[-39.072388,-5.528381],[-39.076111,-5.532104],[-39.084778,-5.529602],[-39.088013,-5.529114],[-39.088013,-5.509888],[-39.091309,-5.506775],[-39.094177,-5.507507],[-39.097595,-5.512024],[-39.101624,-5.510803],[-39.111084,-5.510315],[-39.115112,-5.507812],[-39.119019,-5.507324],[-39.125305,-5.507996],[-39.132812,-5.511902],[-39.137695,-5.509399],[-39.140808,-5.507324],[-39.144592,-5.507202],[-39.147827,-5.510681],[-39.150513,-5.51532],[-39.156982,-5.515808],[-39.1651,-5.519897],[-39.167725,-5.523804],[-39.170715,-5.523804],[-39.173523,-5.524902],[-39.178406,-5.52478],[-39.181824,-5.522522],[-39.18573,-5.522095],[-39.188904,-5.52301],[-39.191101,-5.525085],[-39.193298,-5.529785],[-39.2005,-5.536194],[-39.202881,-5.541504],[-39.206177,-5.544006],[-39.210083,-5.5448],[-39.215576,-5.543884],[-39.219788,-5.540894],[-39.224182,-5.544006],[-39.224487,-5.547607],[-39.223206,-5.558105],[-39.220581,-5.563599],[-39.221191,-5.567078],[-39.224304,-5.57019],[-39.227112,-5.571899],[-39.230103,-5.574829],[-39.232605,-5.578918],[-39.240112,-5.581909],[-39.2453,-5.584412],[-39.246094,-5.588928],[-39.247314,-5.592529],[-39.249878,-5.597107],[-39.255981,-5.610779],[-39.259705,-5.616394],[-39.261108,-5.619812],[-39.263794,-5.623291],[-39.265503,-5.62793],[-39.268005,-5.631897],[-39.269409,-5.635681],[-39.268188,-5.640015],[-39.269897,-5.644592],[-39.272827,-5.648621],[-39.275513,-5.651489],[-39.276611,-5.654785],[-39.276489,-5.661621],[-39.279297,-5.6651],[-39.278809,-5.669495],[-39.276428,-5.672119],[-39.269714,-5.672607],[-39.266602,-5.674988],[-39.263916,-5.676025],[-39.260803,-5.674927],[-39.258911,-5.677185],[-39.259521,-5.680176],[-39.261292,-5.684021],[-39.26709,-5.691284],[-39.267822,-5.695679],[-39.267822,-5.700317],[-39.269714,-5.703979],[-39.271729,-5.7099],[-39.268127,-5.712219],[-39.266296,-5.71521],[-39.261292,-5.71582],[-39.26239,-5.723022],[-39.263916,-5.727112],[-39.264404,-5.730591],[-39.264221,-5.736816],[-39.267212,-5.742798],[-39.266907,-5.750427],[-39.267212,-5.754395],[-39.270996,-5.756592],[-39.272888,-5.761292],[-39.270813,-5.763184],[-39.2677,-5.764709],[-39.265076,-5.763489],[-39.258423,-5.758301],[-39.2547,-5.757629],[-39.251587,-5.761292],[-39.249512,-5.764709],[-39.246582,-5.763794],[-39.244507,-5.767517],[-39.239502,-5.765991],[-39.23761,-5.768982],[-39.233276,-5.768982],[-39.2276,-5.764893],[-39.222229,-5.767029],[-39.220825,-5.77063],[-39.221008,-5.774902],[-39.21698,-5.776611],[-39.214478,-5.780579],[-39.209778,-5.782288],[-39.210022,-5.787415],[-39.206604,-5.787781],[-39.203125,-5.78949],[-39.19751,-5.789978],[-39.1922,-5.789612],[-39.186279,-5.791016],[-39.183411,-5.79541],[-39.17981,-5.7995],[-39.176819,-5.799683],[-39.17218,-5.798828],[-39.167419,-5.798584],[-39.163879,-5.797913],[-39.128113,-5.717712],[-39.110779,-5.67749],[-39.103516,-5.661011],[-39.076477,-5.600708],[-39.026978,-5.489807],[-39.031006,-5.492004],[-39.033081,-5.495605],[-39.037292,-5.501099],[-39.041687,-5.504395],[-39.046021,-5.510498],[-39.049805,-5.510986],[-39.053101,-5.51001],[-39.056885,-5.509888],[-39.060608,-5.511108]]]},"properties":{"shapeName":"Milhã","shapeISO":"56859067B33545091671034","shapeGroup":"BRA","shapeType":"ADM2","src_shape_id":"56859067B33545091671034","adm1ISO":"BR-CE"}},
{"type":"Feature","geometry":{"type":"Polygon","coordinates":[[[-40.027283,-3.438416],[-40.027222,-3.442505],[-40.026123,-3.445801],[-40.026611,-3.449585],[-40.028809,-3.453003],[-40.036011,-3.458923],[-40.038208,-3.465698],[-40.038818,-3.46991],[-40.041321,-3.474792],[-40.038696,-3.481018],[-40.038025,-3.489502],[-40.037109,-3.492981],[-40.037903,-3.496277],[-40.039917,-3.5],[-40.04071,-3.503723],[-40.039917,-3.507629],[-40.040283,-3.51532],[-40.04303,-3.518311],[-40.045105,-3.521484],[-40.045776,-3.524902],[-40.045105,-3.529175],[-40.047791,-3.531677],[-40.048584,-3.534607],[-40.046997,-3.537781],[-40.046326,-3.548401],[-40.046326,-3.552185],[-40.045593,-3.556213],[-40.044006,-3.560181],[-40.04303,-3.565186],[-40.044495,-3.56958],[-40.053406,-3.583618],[-40.056396,-3.585022],[-40.059509,-3.58551],[-40.061707,-3.588196],[-40.057312,-3.589417],[-40.052429,-3.588806],[-40.048889,-3.585083],[-40.045227,-3.581909],[-40.041626,-3.580627],[-40.037476,-3.580811],[-40.03302,-3.582214],[-40.028625,-3.581909],[-40.020813,-3.582214],[-40.017029,-3.580627],[-40.009094,-3.578186],[-39.998596,-3.580017],[-39.989319,-3.577209],[-39.984802,-3.576416],[-39.979492,-3.572388],[-39.975708,-3.572083],[-39.977295,-3.575989],[-39.977295,-3.580017],[-39.976318,-3.582825],[-39.976807,-3.586426],[-39.978699,-3.589111],[-39.980286,-3.596375],[-39.98291,-3.599121],[-39.984314,-3.601685],[-39.986084,-3.608215],[-39.986511,-3.612],[-39.992004,-3.617126],[-39.993103,-3.619812],[-39.993896,-3.626892],[-39.997192,-3.629883],[-40.000427,-3.633606],[-40.004089,-3.640808],[-40.006592,-3.643494],[-40.008911,-3.647095],[-40.007019,-3.65448],[-40.01001,-3.660828],[-40.012207,-3.663818],[-40.013611,-3.667603],[-40.015686,-3.676575],[-40.015198,-3.683899],[-40.016479,-3.68811],[-40.018921,-3.691101],[-40.02002,-3.694702],[-40.018799,-3.697327],[-40.018616,-3.700684],[-40.01709,-3.703979],[-40.014709,-3.713013],[-39.999817,-3.71283],[-39.991699,-3.714111],[-39.96582,-3.715576],[-39.935913,-3.717102],[-39.912109,-3.719604],[-39.911011,-3.715698],[-39.907227,-3.704712],[-39.906128,-3.700195],[-39.907104,-3.694885],[-39.906982,-3.690491],[-39.903809,-3.685181],[-39.90332,-3.682312],[-39.900085,-3.679993],[-39.899414,-3.676392],[-39.899475,-3.671814],[-39.898193,-3.666809],[-39.898804,-3.662476],[-39.89563,-3.658508],[-39.892029,-3.656006],[-39.831726,-3.603699],[-39.817322,-3.604309],[-39.811279,-3.60498],[-39.809326,-3.609192],[-39.807495,-3.611694],[-39.804687,-3.613281],[-39.803223,-3.616211],[-39.798828,-3.620483],[-39.794678,-3.623108],[-39.790527,-3.624023],[-39.787476,-3.625427],[-39.785522,-3.62793],[-39.784912,-3.630798],[-39.778687,-3.634399],[-39.780212,-3.64032],[-39.71228,-3.653503],[-39.713928,-3.64978],[-39.716125,-3.646912],[-39.718689,-3.645203],[-39.723206,-3.640991],[-39.725525,-3.637878],[-39.73291,-3.631226],[-39.736511,-3.625793],[-39.742493,-3.618103],[-39.744995,-3.615295],[-39.746826,-3.612122],[-39.751709,-3.607727],[-39.754211,-3.604492],[-39.75708,-3.602112],[-39.766113,-3.596924],[-39.769775,-3.594299],[-39.772217,-3.591125],[-39.763611,-3.590393],[-39.755981,-3.583801],[-39.758484,-3.576416],[-39.756104,-3.57428],[-39.755188,-3.570923],[-39.75293,-3.5672],[-39.752991,-3.561829],[-39.75531,-3.558228],[-39.758118,-3.555786],[-39.761292,-3.549988],[-39.761475,-3.542175],[-39.762695,-3.538391],[-39.764893,-3.53418],[-39.767212,-3.531128],[-39.767883,-3.526489],[-39.768921,-3.522827],[-39.772095,-3.515686],[-39.777405,-3.505798],[-39.779785,-3.498413],[-39.782104,-3.493896],[-39.785217,-3.491516],[-39.786377,-3.48761],[-39.786621,-3.484497],[-39.785217,-3.481018],[-39.7854,-3.475708],[-39.786499,-3.470825],[-39.786011,-3.467102],[-39.783813,-3.4646],[-39.809326,-3.460083],[-39.831177,-3.456787],[-39.848022,-3.453613],[-39.852905,-3.453308],[-39.855713,-3.452393],[-39.867676,-3.450012],[-39.890076,-3.44458],[-39.89978,-3.442688],[-39.904602,-3.442322],[-39.911499,-3.440613],[-39.917725,-3.438477],[-39.920898,-3.437805],[-39.924805,-3.437988],[-39.928589,-3.437317],[-39.937805,-3.434387],[-39.947998,-3.433105],[-39.95282,-3.433594],[-39.956909,-3.434692],[-39.964417,-3.437927],[-39.969177,-3.439087],[-39.982605,-3.440613],[-39.986084,-3.440613],[-39.994995,-3.437927],[-40.027283,-3.438416]]]},"properties":{"shapeName":"Miraíma","shapeISO":"56859067B49924761215714","shapeGroup":"BRA","shapeType":"ADM2","src_shape_id":"56859067B49924761215714","adm1ISO":"BR-CE"}},
{"type":"Feature","geometry":{"type":"Polygon","coordinates":[[[-39.081604,-7.267883],[-39.085083,-7.266602],[-39.088928,-7.265076],[-39.091125,-7.260803],[-39.092285,-7.256409],[-39.091797,-7.25293],[-39.088318,-7.25061],[-39.088501,-7.243408],[-39.08429,-7.237976],[-39.085999,-7.234375],[-39.083008,-7.231995],[-39.073975,-7.226624],[-39.02533,-7.194397],[-39.026428,-7.15033],[-39.030518,-7.151611],[-39.033081,-7.149292],[-39.039429,-7.148804],[-39.041016,-7.146423],[-39.041687,-7.143188],[-39.045898,-7.142029],[-39.052612,-7.138],[-39.06073,-7.14032],[-39.065613,-7.145691],[-39.069702,-7.146729],[-39.072327,-7.143188],[-39.076111,-7.148621],[-39.078308,-7.150513],[-39.077881,-7.154602],[-39.080505,-7.156494],[-39.0896,-7.157227],[-39.090881,-7.161499],[-39.094177,-7.158386],[-39.09668,-7.154602],[-39.101685,-7.155396],[-39.104126,-7.156921],[-39.108276,-7.156128],[-39.111694,-7.157227],[-39.11438,-7.15509],[-39.118713,-7.145996],[-39.122009,-7.143616],[-39.125793,-7.143127],[-39.129883,-7.143311],[-39.133179,-7.141724],[-39.132812,-7.138611],[-39.135376,-7.135803],[-39.136414,-7.130798],[-39.140015,-7.131714],[-39.144592,-7.131592],[-39.146729,-7.133606],[-39.14978,-7.130981],[-39.157898,-7.132996],[-39.161804,-7.132507],[-39.164612,-7.133606],[-39.166687,-7.135498],[-39.169128,-7.138916],[-39.174805,-7.143616],[-39.178406,-7.146179],[-39.181824,-7.147705],[-39.18988,-7.150391],[-39.19342,-7.149719],[-39.193909,-7.152588],[-39.195801,-7.155518],[-39.198486,-7.15741],[-39.202209,-7.162109],[-39.204102,-7.165588],[-39.202209,-7.169922],[-39.200623,-7.175476],[-39.19751,-7.179321],[-39.197998,-7.183411],[-39.200012,-7.18573],[-39.207703,-7.189392],[-39.212219,-7.196411],[-39.213318,-7.200317],[-39.214111,-7.207275],[-39.21582,-7.217896],[-39.217224,-7.221802],[-39.233582,-7.225403],[-39.237305,-7.233521],[-39.235413,-7.247314],[-39.244812,-7.245728],[-39.248413,-7.245422],[-39.251709,-7.24823],[-39.253723,-7.252075],[-39.2547,-7.25592],[-39.256592,-7.26062],[-39.258911,-7.263184],[-39.254395,-7.265198],[-39.247803,-7.269104],[-39.236694,-7.276794],[-39.234314,-7.280518],[-39.213989,-7.295776],[-39.206726,-7.30188],[-39.207275,-7.305481],[-39.208801,-7.309998],[-39.207397,-7.31311],[-39.21283,-7.320679],[-39.218811,-7.325317],[-39.222229,-7.327026],[-39.225281,-7.329224],[-39.229492,-7.337524],[-39.233276,-7.346924],[-39.235413,-7.351318],[-39.23761,-7.354675],[-39.240906,-7.362793],[-39.231995,-7.36731],[-39.229126,-7.371887],[-39.22998,-7.377319],[-39.231323,-7.380615],[-39.229919,-7.383911],[-39.226318,-7.390198],[-39.2229,-7.397278],[-39.223999,-7.402283],[-39.226013,-7.407227],[-39.226807,-7.413513],[-39.240112,-7.430115],[-39.254395,-7.447693],[-39.254028,-7.48761],[-39.19989,-7.502197],[-39.194885,-7.503601],[-39.187195,-7.473877],[-39.161804,-7.456482],[-39.153503,-7.450928],[-39.145996,-7.454407],[-39.139709,-7.454895],[-39.136597,-7.45459],[-39.132019,-7.4552],[-39.126709,-7.456787],[-39.121216,-7.460388],[-39.11731,-7.461426],[-39.111389,-7.46051],[-39.104675,-7.462524],[-39.095093,-7.463684],[-39.089783,-7.461975],[-39.084778,-7.458313],[-39.080994,-7.457581],[-39.080078,-7.454712],[-39.080811,-7.450378],[-39.078613,-7.446228],[-39.076904,-7.437378],[-39.076111,-7.430298],[-39.078308,-7.420898],[-39.080627,-7.416382],[-39.085815,-7.401978],[-39.08429,-7.39801],[-39.086487,-7.393982],[-39.088318,-7.389587],[-39.089111,-7.383423],[-39.09491,-7.379089],[-39.093384,-7.374878],[-39.094299,-7.370422],[-39.094482,-7.362183],[-39.096985,-7.358276],[-39.098877,-7.351196],[-39.100098,-7.348389],[-39.101807,-7.341125],[-39.101379,-7.336609],[-39.101501,-7.331482],[-39.101013,-7.327515],[-39.099121,-7.321411],[-39.092712,-7.315613],[-39.0896,-7.312195],[-39.08551,-7.309387],[-39.083008,-7.305908],[-39.081482,-7.301697],[-39.082214,-7.297119],[-39.082397,-7.292419],[-39.08551,-7.289124],[-39.087891,-7.285583],[-39.089294,-7.281311],[-39.08551,-7.279907],[-39.083923,-7.276611],[-39.083618,-7.272278],[-39.081604,-7.267883]]]},"properties":{"shapeName":"Missão Velha","shapeISO":"56859067B60550898814299","shapeGroup":"BRA","shapeType":"ADM2","src_shape_id":"56859067B60550898814299","adm1ISO":"BR-CE"}},
{"type":"Feature","geometry":{"type":"Polygon","coordinates":[[[-39.566223,-5.962097],[-39.563599,-5.959229],[-39.561401,-5.954895],[-39.562195,-5.950989],[-39.561829,-5.943298],[-39.560608,-5.937195],[-39.559326,-5.933411],[-39.559875,-5.93042],[-39.556885,-5.922913],[-39.55481,-5.919189],[-39.552307,-5.913086],[-39.550476,-5.903198],[-39.552002,-5.899109],[-39.553589,-5.896729],[-39.552124,-5.894104],[-39.551697,-5.884583],[-39.549316,-5.88031],[-39.546875,-5.868286],[-39.547729,-5.861206],[-39.549927,-5.854004],[-39.554321,-5.852417],[-39.556396,-5.850098],[-39.555908,-5.84491],[-39.553528,-5.837708],[-39.553101,-5.834412],[-39.550293,-5.832397],[-39.549011,-5.828613],[-39.546204,-5.825317],[-39.530518,-5.792175],[-39.507507,-5.739624],[-39.504211,-5.732422],[-39.502014,-5.724609],[-39.49823,-5.723816],[-39.492493,-5.724609],[-39.489014,-5.721802],[-39.485718,-5.713806],[-39.481995,-5.711487],[-39.480408,-5.708313],[-39.47998,-5.703613],[-39.476013,-5.702698],[-39.473816,-5.698608],[-39.473694,-5.695312],[-39.474609,-5.691528],[-39.4729,-5.686218],[-39.468628,-5.686096],[-39.465393,-5.688599],[-39.461609,-5.68811],[-39.457703,-5.684509],[-39.452515,-5.678284],[-39.450684,-5.673584],[-39.447083,-5.670898],[-39.443481,-5.669312],[-39.436707,-5.662415],[-39.433289,-5.655396],[-39.436218,-5.655518],[-39.442627,-5.657104],[-39.450317,-5.651794],[-39.453613,-5.650818],[-39.457275,-5.652405],[-39.461792,-5.650208],[-39.464111,-5.64679],[-39.468079,-5.644409],[-39.472229,-5.6427],[-39.474915,-5.645325],[-39.47821,-5.642578],[-39.480103,-5.638489],[-39.482422,-5.635803],[-39.481323,-5.631287],[-39.48053,-5.620605],[-39.481812,-5.61731],[-39.483826,-5.615112],[-39.493591,-5.615112],[-39.500305,-5.618408],[-39.502808,-5.6203],[-39.506897,-5.627197],[-39.510498,-5.628113],[-39.514709,-5.628296],[-39.521118,-5.626099],[-39.526489,-5.620483],[-39.530579,-5.618896],[-39.535522,-5.616211],[-39.542175,-5.613586],[-39.546692,-5.613098],[-39.554382,-5.615906],[-39.559875,-5.615295],[-39.563904,-5.615479],[-39.567017,-5.613098],[-39.569824,-5.608826],[-39.574219,-5.608093],[-39.578003,-5.608704],[-39.586975,-5.606506],[-39.590881,-5.609985],[-39.598206,-5.620728],[-39.601929,-5.624329],[-39.607727,-5.623413],[-39.615112,-5.625977],[-39.621277,-5.629395],[-39.627502,-5.63501],[-39.632019,-5.637024],[-39.635986,-5.639526],[-39.637085,-5.635803],[-39.635986,-5.63031],[-39.632812,-5.625427],[-39.630676,-5.623291],[-39.630127,-5.61969],[-39.631592,-5.612122],[-39.631714,-5.606689],[-39.636108,-5.606323],[-39.639526,-5.609985],[-39.648315,-5.612793],[-39.651428,-5.613403],[-39.662292,-5.612],[-39.664917,-5.615112],[-39.66748,-5.616516],[-39.673218,-5.618286],[-39.675781,-5.621399],[-39.682983,-5.616394],[-39.68689,-5.616516],[-39.690186,-5.614685],[-39.693909,-5.613403],[-39.693298,-5.608887],[-39.691406,-5.604126],[-39.692383,-5.599487],[-39.699707,-5.599976],[-39.703613,-5.601379],[-39.707214,-5.598389],[-39.713013,-5.598022],[-39.725525,-5.594727],[-39.734009,-5.59552],[-39.736389,-5.597778],[-39.740112,-5.597107],[-39.742981,-5.595825],[-39.744812,-5.592224],[-39.746277,-5.584229],[-39.750427,-5.575928],[-39.755676,-5.5802],[-39.759888,-5.581909],[-39.767395,-5.581909],[-39.769409,-5.584229],[-39.770081,-5.588501],[-39.773376,-5.588684],[-39.776001,-5.586121],[-39.779175,-5.584412],[-39.782776,-5.583496],[-39.786804,-5.581421],[-39.791809,-5.580078],[-39.796509,-5.578308],[-39.800415,-5.577393],[-39.803223,-5.576111],[-39.805176,-5.572083],[-39.810181,-5.571411],[-39.816895,-5.56781],[-39.820923,-5.569397],[-39.825684,-5.573608],[-39.828003,-5.576599],[-39.831299,-5.583618],[-39.83252,-5.587524],[-39.834595,-5.591614],[-39.838013,-5.594788],[-39.841492,-5.600281],[-39.846008,-5.600403],[-39.848389,-5.603088],[-39.846313,-5.607483],[-39.847229,-5.611206],[-39.848816,-5.613586],[-39.849426,-5.617615],[-39.848877,-5.622803],[-39.853699,-5.626709],[-39.861206,-5.626404],[-39.865601,-5.629028],[-39.867187,-5.632202],[-39.870728,-5.634888],[-39.874512,-5.638611],[-39.877625,-5.638428],[-39.877686,-5.632812],[-39.87561,-5.628601],[-39.88031,-5.627686],[-39.885315,-5.629089],[-39.888916,-5.630981],[-39.893005,-5.630615],[-39.896729,-5.63269],[-39.900513,-5.634094],[-39.903015,-5.636414],[-39.904419,-5.639709],[-39.908081,-5.641785],[-39.912109,-5.641724],[-39.916382,-5.637207],[-39.920288,-5.637085],[-39.923889,-5.637695],[-39.922913,-5.63031],[-39.924622,-5.626892],[-39.924622,-5.62262],[-39.927917,-5.621704],[-39.93689,-5.625305],[-39.935608,-5.629822],[-39.933594,-5.633911],[-39.938721,-5.633911],[-39.939209,-5.637329],[-39.942322,-5.638977],[-39.946716,-5.638489],[-39.951721,-5.640198],[-39.953613,-5.638],[-39.956299,-5.636108],[-39.956116,-5.632812],[-39.954529,-5.629517],[-39.957825,-5.626221],[-39.956787,-5.622375],[-39.958313,-5.619812],[-39.961609,-5.619507],[-39.964722,-5.626221],[-39.965088,-5.631104],[-39.96759,-5.632812],[-39.974915,-5.632202],[-39.980713,-5.634827],[-39.983582,-5.631104],[-39.987488,-5.629883],[-39.990601,-5.631897],[-39.994324,-5.628296],[-39.99762,-5.626221],[-40.000977,-5.62561],[-40.004028,-5.626587],[-40.012512,-5.625916],[-40.014221,-5.630005],[-40.01709,-5.632812],[-40.022217,-5.634583],[-40.020386,-5.637817],[-40.021118,-5.642029],[-40.023987,-5.640503],[-40.031799,-5.641785],[-40.03772,-5.6474],[-40.038513,-5.653503],[-40.043213,-5.660583],[-40.043213,-5.664185],[-40.046814,-5.668518],[-40.049316,-5.67218],[-40.044617,-5.678711],[-40.042297,-5.681091],[-40.041321,-5.684021],[-40.041809,-5.686829],[-40.0401,-5.690796],[-40.03772,-5.694092],[-40.03772,-5.698608],[-40.036011,-5.702026],[-40.031311,-5.703979],[-40.028687,-5.706116],[-40.024719,-5.708008],[-40.022705,-5.711121],[-40.017822,-5.709229],[-40.01532,-5.70752],[-40.009583,-5.712708],[-40.007202,-5.716309],[-40.006104,-5.720215],[-40.008179,-5.7276],[-40.00769,-5.731384],[-40.008118,-5.734497],[-40.003723,-5.735413],[-40.003723,-5.738586],[-40.005188,-5.741821],[-40.007202,-5.748413],[-40.005005,-5.752319],[-40.003479,-5.756409],[-40.003113,-5.759521],[-40.004395,-5.765015],[-40.008301,-5.770813],[-40.008118,-5.774475],[-40.005493,-5.777405],[-39.994629,-5.779114],[-39.991577,-5.780396],[-39.990112,-5.783081],[-39.988708,-5.791016],[-39.987,-5.7948],[-39.984924,-5.797729],[-39.984802,-5.801819],[-39.984009,-5.805176],[-39.986511,-5.808899],[-39.984924,-5.813721],[-39.980713,-5.815613],[-39.97821,-5.817627],[-39.976013,-5.820984],[-39.971985,-5.823181],[-39.968506,-5.82312],[-39.96283,-5.818115],[-39.959717,-5.817017],[-39.956909,-5.818787],[-39.953491,-5.81958],[-39.949585,-5.822327],[-39.945679,-5.827026],[-39.942688,-5.827698],[-39.937622,-5.826477],[-39.931213,-5.826294],[-39.927124,-5.830017],[-39.920776,-5.832397],[-39.922913,-5.834717],[-39.92572,-5.841309],[-39.927185,-5.843811],[-39.930115,-5.846802],[-39.931824,-5.849609],[-39.933411,-5.853577],[-39.937378,-5.856506],[-39.939209,-5.860107],[-39.942505,-5.862488],[-39.947021,-5.863586],[-39.958923,-5.872009],[-39.954712,-5.873413],[-39.952881,-5.876587],[-39.949707,-5.877991],[-39.946411,-5.877991],[-39.943604,-5.879883],[-39.940491,-5.880615],[-39.938416,-5.883911],[-39.935303,-5.885498],[-39.931519,-5.889282],[-39.928223,-5.888611],[-39.926208,-5.892517],[-39.923096,-5.893494],[-39.919983,-5.896179],[-39.915588,-5.89801],[-39.911011,-5.898682],[-39.906128,-5.896301],[-39.901489,-5.89563],[-39.894897,-5.895508],[-39.890625,-5.894897],[-39.879517,-5.888794],[-39.875977,-5.885803],[-39.871826,-5.884094],[-39.868286,-5.886719],[-39.865906,-5.889404],[-39.862122,-5.890625],[-39.86322,-5.89563],[-39.869812,-5.899414],[-39.872314,-5.903015],[-39.875916,-5.905518],[-39.876587,-5.909119],[-39.87262,-5.909912],[-39.869324,-5.913025],[-39.866028,-5.913879],[-39.862915,-5.916382],[-39.857605,-5.92218],[-39.854004,-5.924194],[-39.853516,-5.927429],[-39.848083,-5.9328],[-39.843201,-5.931213],[-39.837708,-5.93042],[-39.836975,-5.933716],[-39.835205,-5.937012],[-39.834229,-5.940979],[-39.833923,-5.94519],[-39.835022,-5.94812],[-39.835388,-5.953125],[-39.834595,-5.957397],[-39.832581,-5.961609],[-39.832886,-5.965881],[-39.833801,-5.968811],[-39.83429,-5.973328],[-39.836304,-5.976685],[-39.840393,-5.979492],[-39.843628,-5.982483],[-39.843811,-5.985413],[-39.847717,-5.988586],[-39.852722,-5.988892],[-39.855103,-5.987305],[-39.862427,-5.994995],[-39.862122,-5.999817],[-39.865906,-6.001892],[-39.868591,-6.005798],[-39.87323,-6.006226],[-39.871704,-6.013306],[-39.875793,-6.01709],[-39.88031,-6.02002],[-39.88562,-6.024597],[-39.885193,-6.028015],[-39.889587,-6.034302],[-39.897522,-6.035278],[-39.901184,-6.036804],[-39.904419,-6.037109],[-39.905518,-6.041504],[-39.906982,-6.044312],[-39.906189,-6.048401],[-39.907227,-6.052612],[-39.909424,-6.057312],[-39.914978,-6.061523],[-39.919189,-6.066223],[-39.92511,-6.070984],[-39.927795,-6.072205],[-39.933105,-6.076416],[-39.935303,-6.079224],[-39.938599,-6.078979],[-39.941589,-6.079712],[-39.948914,-6.079712],[-39.953125,-6.080811],[-39.959778,-6.08551],[-39.961975,-6.088318],[-39.961914,-6.093628],[-39.959106,-6.096924],[-39.956177,-6.09729],[-39.955811,-6.100403],[-39.952515,-6.100708],[-39.948303,-6.102905],[-39.94342,-6.10321],[-39.934814,-6.097412],[-39.93219,-6.096191],[-39.92981,-6.094116],[-39.925903,-6.092285],[-39.918396,-6.08313],[-39.914612,-6.081299],[-39.908508,-6.080688],[-39.906677,-6.085205],[-39.901978,-6.092224],[-39.897888,-6.093506],[-39.894897,-6.09552],[-39.888916,-6.098206],[-39.886597,-6.094604],[-39.882324,-6.093201],[-39.875305,-6.089905],[-39.876099,-6.085876],[-39.871826,-6.084717],[-39.867676,-6.081604],[-39.863708,-6.079407],[-39.86322,-6.075806],[-39.859802,-6.075012],[-39.856628,-6.072998],[-39.855713,-6.068726],[-39.85321,-6.063782],[-39.842285,-6.058777],[-39.84021,-6.054382],[-39.837585,-6.052979],[-39.833008,-6.049011],[-39.8255,-6.041687],[-39.823914,-6.036804],[-39.822388,-6.034424],[-39.825195,-6.031921],[-39.826416,-6.026184],[-39.823608,-6.021729],[-39.817078,-6.020813],[-39.815125,-6.017517],[-39.812805,-6.012085],[-39.807495,-6.015686],[-39.804626,-6.016479],[-39.801392,-6.016418],[-39.798584,-6.019592],[-39.794495,-6.020813],[-39.791016,-6.020996],[-39.778381,-6.017212],[-39.774719,-6.015686],[-39.771484,-6.011292],[-39.767578,-6.007507],[-39.759888,-6.006592],[-39.755005,-6.006592],[-39.752502,-6.004883],[-39.749329,-5.999878],[-39.746582,-5.997803],[-39.733704,-5.983826],[-39.731079,-5.981201],[-39.721802,-5.976379],[-39.723389,-5.980103],[-39.729797,-5.990295],[-39.734009,-5.993713],[-39.739624,-6],[-39.744995,-6.00531],[-39.745117,-6.009216],[-39.741211,-6.011902],[-39.741882,-6.017395],[-39.734924,-6.018494],[-39.73053,-6.019592],[-39.7276,-6.014526],[-39.724304,-6.01178],[-39.723328,-6.007202],[-39.719482,-6.006226],[-39.713623,-6.008606],[-39.710693,-6.008118],[-39.70459,-6.004822],[-39.701477,-6.007324],[-39.695312,-6.015381],[-39.686096,-6.015808],[-39.684509,-6.021179],[-39.674683,-6.022217],[-39.672913,-6.019592],[-39.672729,-6.008728],[-39.670227,-5.994812],[-39.66803,-5.992798],[-39.664001,-5.99231],[-39.661621,-5.988708],[-39.659912,-5.980408],[-39.654785,-5.973389],[-39.652283,-5.966309],[-39.648193,-5.96698],[-39.645386,-5.96582],[-39.638916,-5.971008],[-39.625305,-5.976501],[-39.620789,-5.97699],[-39.612122,-5.981201],[-39.606201,-5.987],[-39.601196,-5.989075],[-39.598694,-5.986206],[-39.599304,-5.980896],[-39.596924,-5.976685],[-39.592896,-5.973999],[-39.587097,-5.973511],[-39.582581,-5.970886],[-39.574829,-5.962524],[-39.570129,-5.961609],[-39.566223,-5.962097]]]},"properties":{"shapeName":"Mombaça","shapeISO":"56859067B71410227491082","shapeGroup":"BRA","shapeType":"ADM2","src_shape_id":"56859067B71410227491082","adm1ISO":"BR-CE"}},
{"type":"Feature","geometry":{"type":"Polygon","coordinates":[[[-39.927917,-4.774902],[-39.926086,-4.734802],[-39.955994,-4.730713],[-39.9953,-4.725525],[-40.06012,-4.716309],[-40.119812,-4.747986],[-40.134277,-4.805908],[-40.138123,-4.81073],[-40.138184,-4.814087],[-40.141296,-4.816711],[-40.140503,-4.820312],[-40.135925,-4.825195],[-40.131409,-4.82782],[-40.128906,-4.830078],[-40.128113,-4.832886],[-40.124207,-4.838379],[-40.120911,-4.840881],[-40.11731,-4.845398],[-40.111694,-4.849792],[-40.109985,-4.853882],[-40.109802,-4.85791],[-40.108215,-4.862976],[-40.107788,-4.867615],[-40.106018,-4.869995],[-40.107422,-4.873291],[-40.111877,-4.879822],[-40.114502,-4.882629],[-40.122681,-4.886108],[-40.132629,-4.888428],[-40.136108,-4.890198],[-40.136719,-4.893311],[-40.139526,-4.897888],[-40.144775,-4.902893],[-40.149475,-4.903076],[-40.154419,-4.902588],[-40.158325,-4.903076],[-40.1651,-4.899109],[-40.168213,-4.898987],[-40.171387,-4.899902],[-40.175598,-4.900024],[-40.182922,-4.901917],[-40.190125,-4.904785],[-40.194214,-4.907288],[-40.18219,-4.920715],[-40.167603,-4.934998],[-40.164307,-4.935913],[-40.162903,-4.940002],[-40.160889,-4.943176],[-40.164917,-4.946716],[-40.166077,-4.950378],[-40.165283,-4.953796],[-40.166626,-4.957214],[-40.164978,-4.963989],[-40.157898,-4.964722],[-40.15448,-4.968689],[-40.150208,-4.970581],[-40.145081,-4.971375],[-40.140381,-4.971008],[-40.136475,-4.973694],[-40.133789,-4.976929],[-40.135681,-4.979492],[-40.135986,-4.982483],[-40.131409,-4.98822],[-40.13208,-4.991577],[-40.125977,-4.987793],[-40.117981,-4.985596],[-40.114197,-4.986511],[-40.115112,-4.991211],[-40.114624,-4.9953],[-40.114685,-4.999817],[-40.108521,-4.998779],[-40.105713,-4.996826],[-40.1026,-4.997314],[-40.099976,-5.001404],[-40.103699,-5.006592],[-40.10321,-5.009705],[-40.105408,-5.014709],[-40.104004,-5.019226],[-40.104919,-5.02301],[-40.108582,-5.023926],[-40.111816,-5.024109],[-40.119995,-5.028381],[-40.122925,-5.030579],[-40.129089,-5.030029],[-40.131409,-5.028198],[-40.134583,-5.029724],[-40.145325,-5.032715],[-40.149597,-5.034912],[-40.150696,-5.037903],[-40.154114,-5.042603],[-40.152893,-5.046692],[-40.146301,-5.05072],[-40.146484,-5.055786],[-40.145813,-5.059875],[-40.142212,-5.065613],[-40.139282,-5.069519],[-40.137512,-5.072693],[-40.138428,-5.076599],[-40.143005,-5.077576],[-40.150391,-5.077209],[-40.155029,-5.081177],[-40.149414,-5.086121],[-40.145691,-5.091614],[-40.141724,-5.093689],[-40.134399,-5.096802],[-40.134521,-5.101013],[-40.138184,-5.104919],[-40.134888,-5.112915],[-40.138611,-5.121704],[-40.137329,-5.126221],[-40.13501,-5.129822],[-40.138489,-5.138],[-40.141724,-5.140808],[-40.143799,-5.144287],[-40.146729,-5.14801],[-40.146729,-5.1521],[-40.150208,-5.151794],[-40.153076,-5.150208],[-40.156189,-5.151184],[-40.159912,-5.154724],[-40.163391,-5.156311],[-40.165894,-5.159729],[-40.158691,-5.164307],[-40.036194,-5.103577],[-39.997009,-5.083313],[-39.992981,-5.074402],[-39.98761,-5.07251],[-39.981812,-5.059875],[-39.97699,-5.052917],[-39.974426,-5.050903],[-39.971191,-5.042419],[-39.97229,-5.036499],[-39.971375,-5.032776],[-39.969604,-5.02832],[-39.964905,-5.028625],[-39.958679,-5.026611],[-39.958313,-5.021606],[-39.96051,-5.00531],[-39.966675,-4.960693],[-39.968323,-4.945312],[-39.967896,-4.940308],[-39.963196,-4.93988],[-39.962219,-4.931824],[-39.958679,-4.929077],[-39.956604,-4.925903],[-39.953613,-4.924011],[-39.9505,-4.924011],[-39.949707,-4.927307],[-39.945679,-4.928223],[-39.942017,-4.926086],[-39.939819,-4.921875],[-39.935608,-4.923523],[-39.9328,-4.920593],[-39.929016,-4.913208],[-39.92511,-4.91272],[-39.921509,-4.911499],[-39.916504,-4.906311],[-39.911194,-4.904724],[-39.906006,-4.903625],[-39.901611,-4.904114],[-39.901794,-4.900391],[-39.894897,-4.893311],[-39.893982,-4.887512],[-39.8974,-4.884888],[-39.9021,-4.882202],[-39.905029,-4.878418],[-39.910828,-4.874084],[-39.916504,-4.871094],[-39.925293,-4.863403],[-39.926392,-4.860291],[-39.932129,-4.855286],[-39.934814,-4.849426],[-39.940491,-4.841309],[-39.943604,-4.84021],[-39.945618,-4.838013],[-39.946594,-4.833313],[-39.949097,-4.825378],[-39.947205,-4.821411],[-39.94812,-4.816528],[-39.945618,-4.813293],[-39.94281,-4.811523],[-39.941101,-4.807922],[-39.9375,-4.804382],[-39.92981,-4.799377],[-39.92981,-4.795227],[-39.935303,-4.789795],[-39.937683,-4.785828],[-39.937988,-4.781677],[-39.93573,-4.778992],[-39.937195,-4.770691],[-39.933594,-4.773682],[-39.930908,-4.772827],[-39.927917,-4.774902]]]},"properties":{"shapeName":"Monsenhor Tabosa","shapeISO":"56859067B83702629342983","shapeGroup":"BRA","shapeType":"ADM2","src_shape_id":"56859067B83702629342983","adm1ISO":"BR-CE"}},
{"type":"Feature","geometry":{"type":"Polygon","coordinates":[[[-38.394409,-5.363708],[-38.391724,-5.359192],[-38.388489,-5.356079],[-38.380005,-5.35321],[-38.371704,-5.352112],[-38.364502,-5.350281],[-38.361084,-5.3479],[-38.358826,-5.344421],[-38.354004,-5.332581],[-38.349487,-5.326599],[-38.34491,-5.324585],[-38.342102,-5.32251],[-38.335388,-5.319397],[-38.331909,-5.318726],[-38.329285,-5.316528],[-38.327881,-5.313477],[-38.328308,-5.310181],[-38.331116,-5.305908],[-38.334412,-5.303589],[-38.33783,-5.299988],[-38.338196,-5.296204],[-38.336182,-5.294006],[-38.333496,-5.29303],[-38.331299,-5.28418],[-38.3302,-5.280884],[-38.329285,-5.274902],[-38.326904,-5.271912],[-38.321716,-5.270386],[-38.316528,-5.266113],[-38.315125,-5.261902],[-38.309692,-5.259216],[-38.301208,-5.258728],[-38.297913,-5.25708],[-38.292297,-5.252319],[-38.289612,-5.248718],[-38.285217,-5.245178],[-38.281799,-5.244202],[-38.277283,-5.240784],[-38.274109,-5.237],[-38.271118,-5.235596],[-38.26709,-5.230286],[-38.262512,-5.225708],[-38.259216,-5.224609],[-38.25592,-5.222778],[-38.253418,-5.220215],[-38.248901,-5.218323],[-38.237976,-5.210876],[-38.237183,-5.195984],[-38.238098,-5.190613],[-38.239929,-5.1875],[-38.2453,-5.184204],[-38.247803,-5.180786],[-38.246582,-5.172607],[-38.247803,-5.169006],[-38.243286,-5.163696],[-38.243286,-5.159485],[-38.239929,-5.136902],[-38.231201,-5.106201],[-38.214111,-5.045715],[-38.213684,-5.010376],[-38.211609,-4.974182],[-38.231628,-4.939819],[-38.260803,-4.884888],[-38.263794,-4.880981],[-38.266724,-4.877991],[-38.269897,-4.877075],[-38.281189,-4.879211],[-38.283997,-4.878296],[-38.287415,-4.874512],[-38.29071,-4.869385],[-38.299988,-4.868103],[-38.303223,-4.86499],[-38.305298,-4.861694],[-38.308289,-4.858704],[-38.311523,-4.857178],[-38.316711,-4.857727],[-38.320923,-4.8573],[-38.325012,-4.855225],[-38.328308,-4.857178],[-38.332397,-4.858704],[-38.338013,-4.860229],[-38.341919,-4.857178],[-38.347717,-4.855896],[-38.35553,-4.8526],[-38.356995,-4.8479],[-38.360291,-4.846802],[-38.366577,-4.848816],[-38.371704,-4.854126],[-38.37738,-4.851379],[-38.38501,-4.85321],[-38.387878,-4.855225],[-38.392029,-4.856995],[-38.396729,-4.857605],[-38.39978,-4.859009],[-38.40271,-4.861328],[-38.405701,-4.861694],[-38.411621,-4.863281],[-38.415283,-4.863281],[-38.418396,-4.861389],[-38.429199,-4.857178],[-38.430725,-4.854187],[-38.430176,-4.848511],[-38.430603,-4.844727],[-38.433289,-4.84082],[-38.434387,-4.837891],[-38.437378,-4.834229],[-38.441528,-4.833984],[-38.446289,-4.832825],[-38.44928,-4.829285],[-38.451294,-4.825989],[-38.454712,-4.82312],[-38.458984,-4.820312],[-38.463196,-4.818115],[-38.468201,-4.816528],[-38.460999,-4.810425],[-38.456482,-4.804993],[-38.452576,-4.799377],[-38.449219,-4.795776],[-38.441895,-4.791687],[-38.439026,-4.786987],[-38.43219,-4.78009],[-38.426208,-4.776001],[-38.423401,-4.7724],[-38.421326,-4.768188],[-38.420898,-4.763611],[-38.419617,-4.760315],[-38.416809,-4.758484],[-38.414429,-4.760925],[-38.411682,-4.762695],[-38.408997,-4.759399],[-38.397522,-4.748596],[-38.393616,-4.746582],[-38.389709,-4.743591],[-38.386597,-4.740295],[-38.380188,-4.735229],[-38.375122,-4.72998],[-38.374329,-4.726013],[-38.372803,-4.722412],[-38.370911,-4.719727],[-38.367798,-4.716919],[-38.364929,-4.715088],[-38.362488,-4.711609],[-38.361206,-4.707092],[-38.362,-4.703125],[-38.359619,-4.699707],[-38.354004,-4.695129],[-38.350281,-4.69281],[-38.344482,-4.686096],[-38.339294,-4.682983],[-38.33551,-4.680176],[-38.331299,-4.676025],[-38.325317,-4.672913],[-38.321777,-4.674011],[-38.318481,-4.676392],[-38.315125,-4.677979],[-38.304077,-4.680603],[-38.298096,-4.678711],[-38.295105,-4.674683],[-38.293579,-4.670593],[-38.284302,-4.660278],[-38.275879,-4.652893],[-38.270813,-4.646729],[-38.267578,-4.643982],[-38.260315,-4.638977],[-38.255676,-4.633423],[-38.248779,-4.626404],[-38.243713,-4.622498],[-38.237427,-4.616882],[-38.233521,-4.611511],[-38.223877,-4.599792],[-38.220581,-4.596375],[-38.218689,-4.593079],[-38.21521,-4.590088],[-38.218994,-4.587524],[-38.229309,-4.581726],[-38.231323,-4.579407],[-38.233826,-4.575012],[-38.243713,-4.569275],[-38.254028,-4.563904],[-38.261292,-4.559692],[-38.276306,-4.551575],[-38.287415,-4.546509],[-38.303284,-4.537109],[-38.306824,-4.530884],[-38.313477,-4.526917],[-38.320801,-4.520813],[-38.323486,-4.519226],[-38.340881,-4.515198],[-38.347412,-4.512878],[-38.350098,-4.511414],[-38.356079,-4.507202],[-38.360901,-4.5047],[-38.362793,-4.507996],[-38.372498,-4.513611],[-38.375977,-4.515198],[-38.380188,-4.518005],[-38.382324,-4.521118],[-38.381897,-4.524109],[-38.38031,-4.527893],[-38.376282,-4.528809],[-38.372803,-4.530212],[-38.369812,-4.533813],[-38.365417,-4.543213],[-38.367798,-4.547729],[-38.368713,-4.551819],[-38.368408,-4.559509],[-38.369629,-4.562683],[-38.370728,-4.567627],[-38.369324,-4.575317],[-38.372925,-4.577026],[-38.376282,-4.577209],[-38.38031,-4.578186],[-38.383911,-4.578308],[-38.387817,-4.579285],[-38.385681,-4.581726],[-38.386292,-4.585022],[-38.390808,-4.584412],[-38.39502,-4.590088],[-38.399414,-4.591492],[-38.401794,-4.594116],[-38.405212,-4.595581],[-38.40741,-4.598877],[-38.406189,-4.603882],[-38.407715,-4.6073],[-38.411682,-4.610107],[-38.414429,-4.613098],[-38.417786,-4.614624],[-38.422791,-4.619629],[-38.421509,-4.62262],[-38.423401,-4.625916],[-38.426514,-4.62793],[-38.42981,-4.631104],[-38.434692,-4.638184],[-38.437683,-4.638489],[-38.445679,-4.642395],[-38.449097,-4.644775],[-38.449707,-4.64801],[-38.451111,-4.651001],[-38.455322,-4.65271],[-38.460327,-4.652588],[-38.463501,-4.651123],[-38.465698,-4.64801],[-38.469116,-4.64563],[-38.474304,-4.648987],[-38.481079,-4.650024],[-38.492187,-4.650391],[-38.499084,-4.651978],[-38.503906,-4.654785],[-38.506287,-4.657227],[-38.507019,-4.660217],[-38.508789,-4.662476],[-38.512085,-4.663208],[-38.516418,-4.666809],[-38.518982,-4.671692],[-38.52533,-4.67511],[-38.528687,-4.679321],[-38.527588,-4.685425],[-38.528687,-4.690979],[-38.531311,-4.697998],[-38.532776,-4.700989],[-38.532898,-4.705017],[-38.532104,-4.708984],[-38.528198,-4.719177],[-38.526184,-4.722717],[-38.52533,-4.725403],[-38.520386,-4.729309],[-38.52002,-4.734009],[-38.522705,-4.737427],[-38.525818,-4.739624],[-38.52832,-4.745728],[-38.531006,-4.749023],[-38.533386,-4.750916],[-38.535522,-4.753601],[-38.538513,-4.755798],[-38.54248,-4.756287],[-38.546875,-4.755676],[-38.552429,-4.756409],[-38.557983,-4.758423],[-38.562988,-4.760681],[-38.569702,-4.764587],[-38.57251,-4.765625],[-38.575623,-4.768005],[-38.578796,-4.771179],[-38.577515,-4.775391],[-38.575195,-4.778198],[-38.576111,-4.780884],[-38.578125,-4.783691],[-38.577393,-4.787598],[-38.579407,-4.797607],[-38.581604,-4.802124],[-38.585815,-4.808105],[-38.588684,-4.811279],[-38.59668,-4.812378],[-38.596924,-4.816711],[-38.600525,-4.818726],[-38.601501,-4.822693],[-38.605286,-4.825928],[-38.607178,-4.828613],[-38.609924,-4.830627],[-38.611511,-4.83429],[-38.614197,-4.838318],[-38.620911,-4.838928],[-38.628296,-4.842712],[-38.633911,-4.84729],[-38.641296,-4.850708],[-38.648499,-4.850586],[-38.65271,-4.85498],[-38.655579,-4.856812],[-38.658203,-4.859619],[-38.659729,-4.863586],[-38.664185,-4.866394],[-38.666321,-4.870605],[-38.665283,-4.874329],[-38.659912,-4.879395],[-38.656311,-4.887878],[-38.652405,-4.889709],[-38.645996,-4.89563],[-38.649109,-4.902405],[-38.644897,-4.909607],[-38.641113,-4.914185],[-38.639221,-4.917786],[-38.639221,-4.921021],[-38.637817,-4.924316],[-38.638611,-4.927429],[-38.643982,-4.932312],[-38.6474,-4.935913],[-38.639404,-4.9328],[-38.634277,-4.928894],[-38.627808,-4.92218],[-38.625488,-4.914124],[-38.629211,-4.912598],[-38.631714,-4.910583],[-38.631287,-4.903198],[-38.627625,-4.900024],[-38.61969,-4.895691],[-38.616089,-4.893311],[-38.614014,-4.890808],[-38.606506,-4.884583],[-38.602417,-4.881714],[-38.595581,-4.875916],[-38.592896,-4.87439],[-38.558899,-4.878296],[-38.554687,-4.880615],[-38.55072,-4.882019],[-38.541626,-4.884216],[-38.533081,-4.884094],[-38.528687,-4.883301],[-38.520813,-4.88678],[-38.517395,-4.889404],[-38.512512,-4.889221],[-38.507385,-4.888184],[-38.503479,-4.885681],[-38.497009,-4.884521],[-38.492004,-4.880798],[-38.484619,-4.88092],[-38.479614,-4.88031],[-38.475891,-4.882202],[-38.473022,-4.880798],[-38.469788,-4.880981],[-38.466797,-4.882507],[-38.463623,-4.881775],[-38.463379,-4.878479],[-38.462219,-4.874817],[-38.454407,-4.875916],[-38.450684,-4.878906],[-38.445496,-4.878296],[-38.442627,-4.876526],[-38.439819,-4.87561],[-38.423279,-4.899414],[-38.421509,-4.90332],[-38.421082,-4.90802],[-38.417908,-4.917297],[-38.417114,-4.921509],[-38.413879,-4.928284],[-38.412598,-4.9328],[-38.408813,-4.940613],[-38.405518,-4.94519],[-38.405579,-4.948181],[-38.411194,-4.947205],[-38.414612,-4.945312],[-38.416504,-4.941711],[-38.418396,-4.935303],[-38.424194,-4.930908],[-38.431702,-4.932983],[-38.44281,-4.936523],[-38.456482,-4.940613],[-38.4776,-4.947205],[-38.50769,-4.958008],[-38.507629,-4.961609],[-38.498291,-4.963013],[-38.502686,-4.968201],[-38.498901,-4.973206],[-38.50531,-4.983704],[-38.503906,-4.986694],[-38.499084,-4.993713],[-38.496582,-4.996704],[-38.495911,-5.002014],[-38.494324,-5.00531],[-38.490906,-5.009521],[-38.487305,-5.009399],[-38.484314,-5.006409],[-38.480591,-5.008728],[-38.479797,-5.012695],[-38.47998,-5.02063],[-38.483887,-5.02771],[-38.485291,-5.031982],[-38.484192,-5.035583],[-38.489502,-5.041321],[-38.492004,-5.046021],[-38.4953,-5.049377],[-38.496094,-5.053711],[-38.498291,-5.056091],[-38.495789,-5.061401],[-38.495605,-5.064697],[-38.497314,-5.067078],[-38.496277,-5.070312],[-38.493713,-5.072388],[-38.491699,-5.076111],[-38.490906,-5.079895],[-38.488281,-5.083618],[-38.487427,-5.086914],[-38.540283,-5.079529],[-38.625183,-5.065796],[-38.627197,-5.068909],[-38.626587,-5.071777],[-38.627319,-5.076111],[-38.628906,-5.079407],[-38.625977,-5.081421],[-38.628479,-5.084717],[-38.623779,-5.085876],[-38.62323,-5.089722],[-38.620178,-5.091614],[-38.620911,-5.095581],[-38.619812,-5.099487],[-38.619629,-5.102478],[-38.616577,-5.10498],[-38.617126,-5.108276],[-38.616821,-5.112976],[-38.618896,-5.117676],[-38.616699,-5.122009],[-38.614807,-5.124695],[-38.616699,-5.132324],[-38.615112,-5.138428],[-38.610291,-5.144409],[-38.611328,-5.148499],[-38.677185,-5.227295],[-38.691711,-5.227295],[-38.71521,-5.268311],[-38.626099,-5.343506],[-38.598694,-5.366699],[-38.566711,-5.39801],[-38.542419,-5.421997],[-38.518005,-5.441711],[-38.505493,-5.437012],[-38.442993,-5.396179],[-38.413513,-5.374878],[-38.407593,-5.370483],[-38.404602,-5.370117],[-38.39978,-5.371582],[-38.395203,-5.369812],[-38.394409,-5.363708]]]},"properties":{"shapeName":"Morada Nova","shapeISO":"56859067B80919104453248","shapeGroup":"BRA","shapeType":"ADM2","src_shape_id":"56859067B80919104453248","adm1ISO":"BR-CE"}},
{"type":"Feature","geometry":{"type":"Polygon","coordinates":[[[-40.540283,-3.522888],[-40.532776,-3.503113],[-40.557312,-3.483398],[-40.548584,-3.468079],[-40.538391,-3.44812],[-40.545227,-3.447205],[-40.548401,-3.446289],[-40.552429,-3.438904],[-40.569092,-3.438416],[-40.566895,-3.427795],[-40.563416,-3.416809],[-40.563782,-3.406616],[-40.566711,-3.408203],[-40.570129,-3.410889],[-40.574524,-3.411316],[-40.585083,-3.409607],[-40.587219,-3.411621],[-40.590088,-3.411987],[-40.594177,-3.410828],[-40.598022,-3.412415],[-40.608215,-3.409607],[-40.611389,-3.407715],[-40.616394,-3.405884],[-40.619812,-3.398315],[-40.62793,-3.392212],[-40.624512,-3.388794],[-40.614807,-3.381226],[-40.611816,-3.380676],[-40.610413,-3.377991],[-40.605225,-3.37323],[-40.603088,-3.3703],[-40.605591,-3.366577],[-40.623901,-3.360413],[-40.628906,-3.359802],[-40.632812,-3.35791],[-40.636292,-3.357727],[-40.640198,-3.360413],[-40.644897,-3.361084],[-40.648682,-3.360779],[-40.6521,-3.359619],[-40.657104,-3.361877],[-40.660889,-3.361328],[-40.664917,-3.361694],[-40.668579,-3.364014],[-40.670898,-3.368225],[-40.674011,-3.371216],[-40.678589,-3.378784],[-40.679199,-3.382996],[-40.678711,-3.386292],[-40.681213,-3.389587],[-40.690125,-3.392212],[-40.6922,-3.394775],[-40.695312,-3.400513],[-40.699829,-3.401123],[-40.707214,-3.397888],[-40.711426,-3.394775],[-40.713379,-3.390076],[-40.71698,-3.387817],[-40.72052,-3.384216],[-40.725281,-3.382996],[-40.726929,-3.386597],[-40.725708,-3.389709],[-40.722717,-3.391785],[-40.721497,-3.394714],[-40.720886,-3.398376],[-40.722412,-3.403076],[-40.72229,-3.406616],[-40.720276,-3.409119],[-40.71991,-3.412109],[-40.721375,-3.418518],[-40.721008,-3.422485],[-40.724182,-3.425476],[-40.727112,-3.427307],[-40.735718,-3.430115],[-40.737976,-3.433716],[-40.737915,-3.43689],[-40.771912,-3.422424],[-40.778381,-3.423523],[-40.781799,-3.421326],[-40.786377,-3.421509],[-40.791077,-3.419617],[-40.796387,-3.418701],[-40.800415,-3.418823],[-40.807007,-3.420715],[-40.809692,-3.424011],[-40.813782,-3.425415],[-40.821411,-3.423889],[-40.827087,-3.423523],[-40.835022,-3.42041],[-40.838623,-3.420776],[-40.850098,-3.417725],[-40.83551,-3.441284],[-40.826477,-3.453308],[-40.821594,-3.470825],[-40.838501,-3.511719],[-40.857117,-3.536011],[-40.832214,-3.527527],[-40.823792,-3.52478],[-40.806396,-3.518799],[-40.761902,-3.505005],[-40.705505,-3.519897],[-40.699097,-3.513977],[-40.696228,-3.513489],[-40.692322,-3.511414],[-40.687927,-3.510986],[-40.683716,-3.511108],[-40.676208,-3.512329],[-40.672302,-3.511902],[-40.670898,-3.520386],[-40.670105,-3.529907],[-40.667114,-3.528381],[-40.658508,-3.526489],[-40.654907,-3.526428],[-40.648376,-3.528809],[-40.645386,-3.530884],[-40.601013,-3.531006],[-40.594604,-3.531128],[-40.558899,-3.530396],[-40.553223,-3.538086],[-40.5495,-3.536987],[-40.548828,-3.532288],[-40.546326,-3.528015],[-40.541382,-3.526001],[-40.540283,-3.522888]]]},"properties":{"shapeName":"Moraújo","shapeISO":"56859067B38471619751725","shapeGroup":"BRA","shapeType":"ADM2","src_shape_id":"56859067B38471619751725","adm1ISO":"BR-CE"}},
{"type":"Feature","geometry":{"type":"Polygon","coordinates":[[[-40.00238,-3.220093],[-40.087708,-3.198914],[-40.090881,-3.197205],[-40.094604,-3.197205],[-40.104614,-3.198181],[-40.108398,-3.199219],[-40.114319,-3.198486],[-40.119202,-3.198792],[-40.13562,-3.21051],[-40.142883,-3.216003],[-40.187805,-3.249207],[-40.237488,-3.286011],[-40.265808,-3.270691],[-40.278809,-3.263794],[-40.276123,-3.30542],[-40.284912,-3.303284],[-40.287415,-3.300903],[-40.290222,-3.299927],[-40.294495,-3.30011],[-40.299377,-3.302185],[-40.303528,-3.300598],[-40.306396,-3.297424],[-40.313416,-3.291809],[-40.315979,-3.288513],[-40.319885,-3.286011],[-40.322815,-3.288208],[-40.329407,-3.284424],[-40.334106,-3.282898],[-40.338501,-3.28418],[-40.340576,-3.288879],[-40.341187,-3.316101],[-40.299622,-3.313599],[-40.27478,-3.312012],[-40.265625,-3.311584],[-40.25708,-3.310913],[-40.200684,-3.308716],[-40.196289,-3.310913],[-40.192322,-3.312012],[-40.189209,-3.314392],[-40.182678,-3.320312],[-40.178711,-3.319092],[-40.174683,-3.319214],[-40.167114,-3.316895],[-40.163086,-3.314514],[-40.160583,-3.312012],[-40.14563,-3.303711],[-40.140015,-3.308899],[-40.13269,-3.313782],[-40.128906,-3.313477],[-40.118225,-3.315491],[-40.11499,-3.31543],[-40.106506,-3.318481],[-40.101929,-3.319092],[-40.098511,-3.318726],[-40.095825,-3.317078],[-40.088806,-3.315491],[-40.08551,-3.31543],[-40.087891,-3.33429],[-40.089905,-3.344788],[-40.090576,-3.354919],[-40.085327,-3.355896],[-40.081299,-3.355713],[-40.077698,-3.359009],[-40.073975,-3.363403],[-40.070679,-3.366516],[-40.066589,-3.367798],[-40.058594,-3.368713],[-40.053711,-3.365906],[-40.044678,-3.363708],[-40.039612,-3.363892],[-40.036621,-3.362976],[-40.034302,-3.360779],[-40.030884,-3.362],[-40.022583,-3.362305],[-40.018494,-3.362915],[-40.008301,-3.361511],[-40.003113,-3.361206],[-39.999084,-3.362122],[-39.992676,-3.36438],[-39.987427,-3.365417],[-39.983582,-3.36438],[-39.97998,-3.361877],[-39.977417,-3.358887],[-39.973877,-3.355713],[-39.970215,-3.354187],[-39.965393,-3.35321],[-39.961792,-3.351807],[-39.956116,-3.348389],[-39.955017,-3.34552],[-39.948792,-3.343201],[-39.943481,-3.338379],[-39.940491,-3.336182],[-39.938599,-3.331787],[-39.937988,-3.328491],[-39.936218,-3.325378],[-39.935486,-3.322021],[-39.932495,-3.320312],[-39.933594,-3.316589],[-39.958618,-3.281616],[-40.00238,-3.220093]]]},"properties":{"shapeName":"Morrinhos","shapeISO":"56859067B53703950376304","shapeGroup":"BRA","shapeType":"ADM2","src_shape_id":"56859067B53703950376304","adm1ISO":"BR-CE"}},
{"type":"Feature","geometry":{"type":"Polygon","coordinates":[[[-40.678711,-3.841919],[-40.686829,-3.83783],[-40.691589,-3.836487],[-40.697815,-3.832397],[-40.700012,-3.830505],[-40.703308,-3.828979],[-40.706787,-3.825623],[-40.710022,-3.821777],[-40.717529,-3.819885],[-40.720886,-3.821289],[-40.724182,-3.821228],[-40.73999,-3.828613],[-40.742187,-3.830627],[-40.743896,-3.833313],[-40.747009,-3.841309],[-40.751587,-3.843506],[-40.754211,-3.847595],[-40.755676,-3.851929],[-40.757385,-3.855103],[-40.759705,-3.857483],[-40.762329,-3.859009],[-40.766113,-3.863098],[-40.787292,-3.839783],[-40.789978,-3.836609],[-40.793518,-3.838318],[-40.796509,-3.84082],[-40.795715,-3.843689],[-40.798828,-3.846497],[-40.806213,-3.84552],[-40.812012,-3.850708],[-40.814514,-3.852417],[-40.814575,-3.856506],[-40.8172,-3.859497],[-40.820312,-3.861511],[-40.825317,-3.867798],[-40.829102,-3.866516],[-40.835022,-3.868225],[-40.840698,-3.86731],[-40.843994,-3.864319],[-40.848328,-3.863892],[-40.852112,-3.865601],[-40.857117,-3.867126],[-40.870911,-3.870117],[-40.873291,-3.867798],[-40.875916,-3.871399],[-40.876099,-3.874329],[-40.871216,-3.87561],[-40.867493,-3.877991],[-40.863586,-3.879089],[-40.859375,-3.877319],[-40.856689,-3.878601],[-40.858582,-3.88501],[-40.858093,-3.888123],[-40.854675,-3.885193],[-40.85321,-3.891296],[-40.854492,-3.894287],[-40.850891,-3.895325],[-40.846008,-3.894714],[-40.83551,-3.894409],[-40.810486,-3.889709],[-40.804077,-3.888611],[-40.777405,-3.884399],[-40.779175,-3.887024],[-40.782715,-3.888977],[-40.784119,-3.894409],[-40.790527,-3.901489],[-40.791809,-3.905823],[-40.795715,-3.911621],[-40.795593,-3.915283],[-40.798889,-3.917603],[-40.805786,-3.917419],[-40.811096,-3.918579],[-40.815979,-3.920227],[-40.820679,-3.919006],[-40.828125,-3.92041],[-40.830994,-3.921692],[-40.833801,-3.924377],[-40.832886,-3.930908],[-40.828186,-3.93811],[-40.827881,-3.9422],[-40.826111,-3.947205],[-40.823975,-3.949829],[-40.823792,-3.953308],[-40.820923,-3.954895],[-40.812195,-3.95282],[-40.809021,-3.952576],[-40.802917,-3.955322],[-40.798279,-3.955078],[-40.794312,-3.953613],[-40.791321,-3.953979],[-40.783325,-3.952881],[-40.775513,-3.953613],[-40.77179,-3.952576],[-40.767822,-3.953186],[-40.763489,-3.952393],[-40.760193,-3.951111],[-40.756409,-3.952881],[-40.750183,-3.956909],[-40.746094,-3.960388],[-40.737183,-3.962219],[-40.729187,-3.967712],[-40.722412,-3.96283],[-40.71759,-3.962097],[-40.709229,-3.964111],[-40.702209,-3.963013],[-40.699585,-3.961792],[-40.696777,-3.958313],[-40.693298,-3.956177],[-40.689392,-3.955505],[-40.686096,-3.95752],[-40.6828,-3.956909],[-40.67688,-3.954407],[-40.673706,-3.956787],[-40.668396,-3.958923],[-40.665894,-3.955383],[-40.666199,-3.951721],[-40.670776,-3.952087],[-40.669006,-3.946289],[-40.665222,-3.946716],[-40.663696,-3.942688],[-40.664612,-3.939392],[-40.67041,-3.936523],[-40.677307,-3.931885],[-40.678894,-3.929382],[-40.683228,-3.930176],[-40.688416,-3.92981],[-40.692688,-3.928528],[-40.695312,-3.926514],[-40.699402,-3.926575],[-40.703125,-3.925598],[-40.709717,-3.920898],[-40.712708,-3.91803],[-40.711975,-3.913208],[-40.710083,-3.908508],[-40.708496,-3.89801],[-40.7099,-3.894287],[-40.712402,-3.890076],[-40.71283,-3.885681],[-40.711121,-3.881592],[-40.710999,-3.878723],[-40.708008,-3.878723],[-40.705383,-3.877197],[-40.703613,-3.875],[-40.69751,-3.870728],[-40.694519,-3.86792],[-40.684082,-3.864075],[-40.684509,-3.858276],[-40.669922,-3.847595],[-40.678711,-3.841919]]]},"properties":{"shapeName":"Mucambo","shapeISO":"56859067B98065273797307","shapeGroup":"BRA","shapeType":"ADM2","src_shape_id":"56859067B98065273797307","adm1ISO":"BR-CE"}},
{"type":"Feature","geometry":{"type":"Polygon","coordinates":[[[-38.970398,-4.368225],[-38.963196,-4.360901],[-38.957703,-4.35791],[-38.957397,-4.353577],[-38.95459,-4.348694],[-38.952515,-4.34198],[-38.948914,-4.339478],[-38.947021,-4.333801],[-38.947327,-4.329407],[-38.946411,-4.32489],[-38.942078,-4.323608],[-38.938599,-4.325012],[-38.935303,-4.325317],[-38.933411,-4.32312],[-38.941223,-4.303284],[-38.985291,-4.265808],[-39.003113,-4.260986],[-39.003296,-4.264587],[-39.007019,-4.272827],[-39.004211,-4.273315],[-39.008911,-4.279419],[-39.011475,-4.275696],[-39.012329,-4.272278],[-39.012085,-4.266907],[-39.014709,-4.265015],[-39.014526,-4.269775],[-39.018677,-4.272705],[-39.019409,-4.276306],[-39.023193,-4.276123],[-39.025391,-4.273804],[-39.029907,-4.275085],[-39.031982,-4.278809],[-39.029297,-4.280701],[-39.025818,-4.286194],[-39.022583,-4.288208],[-39.026489,-4.289307],[-39.033691,-4.288208],[-39.039307,-4.288208],[-39.036682,-4.292908],[-39.039429,-4.29541],[-39.041809,-4.298523],[-39.045715,-4.300903],[-39.045593,-4.30542],[-39.046082,-4.309326],[-39.040894,-4.307678],[-39.036682,-4.308289],[-39.0354,-4.31189],[-39.037415,-4.315979],[-39.038086,-4.319275],[-39.031311,-4.32019],[-39.027588,-4.318909],[-39.026794,-4.327026],[-39.025085,-4.330994],[-39.031311,-4.333313],[-39.033691,-4.33551],[-39.036804,-4.345093],[-39.038879,-4.349487],[-39.04248,-4.350586],[-39.047302,-4.350525],[-39.053284,-4.352417],[-39.050598,-4.353577],[-39.047607,-4.354004],[-39.038879,-4.359192],[-39.033875,-4.360107],[-39.026306,-4.360229],[-39.024292,-4.367004],[-39.020691,-4.368103],[-39.018188,-4.369812],[-39.016113,-4.372375],[-39.012817,-4.373413],[-39.009094,-4.372498],[-39.0047,-4.370117],[-39.001526,-4.367493],[-38.997681,-4.367004],[-38.991089,-4.367615],[-38.985229,-4.36261],[-38.980591,-4.36261],[-38.976929,-4.36322],[-38.973877,-4.362793],[-38.970398,-4.368225]]]},"properties":{"shapeName":"Mulungu","shapeISO":"56859067B22800434972172","shapeGroup":"BRA","shapeType":"ADM2","src_shape_id":"56859067B22800434972172","adm1ISO":"BR-CE"}},
{"type":"Feature","geometry":{"type":"Polygon","coordinates":[[[-39.747498,-7.023682],[-39.748901,-7.02771],[-39.751282,-7.032288],[-39.754211,-7.039795],[-39.756409,-7.043213],[-39.756287,-7.051514],[-39.754822,-7.054626],[-39.754395,-7.059814],[-39.751587,-7.062622],[-39.746704,-7.069885],[-39.745911,-7.072815],[-39.748779,-7.076599],[-39.748413,-7.080078],[-39.745911,-7.084412],[-39.74469,-7.089417],[-39.739685,-7.09668],[-39.706482,-7.146606],[-39.703308,-7.157776],[-39.700684,-7.160095],[-39.693909,-7.168884],[-39.689209,-7.171509],[-39.684875,-7.173279],[-39.677979,-7.175476],[-39.669495,-7.178711],[-39.656311,-7.182983],[-39.644409,-7.187317],[-39.627502,-7.194519],[-39.621582,-7.198608],[-39.607788,-7.209412],[-39.601501,-7.209717],[-39.599609,-7.169495],[-39.599609,-7.128906],[-39.599487,-7.112],[-39.599121,-7.080688],[-39.594604,-7.080688],[-39.591675,-7.077209],[-39.588989,-7.074829],[-39.585388,-7.074097],[-39.582214,-7.075623],[-39.578186,-7.07428],[-39.577881,-7.06781],[-39.580505,-7.055115],[-39.578308,-7.052917],[-39.582275,-7.047913],[-39.580017,-7.044312],[-39.610291,-7.031494],[-39.632385,-7.022583],[-39.629211,-7.01532],[-39.633606,-7.015991],[-39.637024,-7.014526],[-39.640808,-7.014587],[-39.644104,-7.01532],[-39.645081,-7.019287],[-39.648621,-7.020325],[-39.651611,-7.020508],[-39.65509,-7.019409],[-39.658508,-7.02063],[-39.664185,-7.021118],[-39.670898,-7.023193],[-39.675293,-7.023315],[-39.677124,-7.019775],[-39.680115,-7.01532],[-39.690979,-7.015991],[-39.716492,-7.002197],[-39.737793,-7.007812],[-39.759094,-7.013306],[-39.747498,-7.023682]]]},"properties":{"shapeName":"Nova Olinda","shapeISO":"56859067B48732903430500","shapeGroup":"BRA","shapeType":"ADM2","src_shape_id":"56859067B48732903430500","adm1ISO":"BR-CE"}},
{"type":"Feature","geometry":{"type":"Polygon","coordinates":[[[-40.628723,-4.789612],[-40.628113,-4.7948],[-40.626892,-4.80011],[-40.622498,-4.804993],[-40.61792,-4.806702],[-40.616516,-4.812012],[-40.599304,-4.835815],[-40.54071,-4.914307],[-40.539185,-4.910889],[-40.538086,-4.903625],[-40.537781,-4.899109],[-40.538208,-4.894775],[-40.539795,-4.891113],[-40.537476,-4.884521],[-40.539124,-4.881104],[-40.53949,-4.875916],[-40.544495,-4.86908],[-40.545227,-4.865112],[-40.54303,-4.860718],[-40.542725,-4.857178],[-40.540894,-4.854492],[-40.541504,-4.85022],[-40.54071,-4.844604],[-40.524109,-4.8479],[-40.483276,-4.787292],[-40.457214,-4.748779],[-40.446106,-4.732483],[-40.439819,-4.713989],[-40.437012,-4.706177],[-40.422119,-4.663025],[-40.412598,-4.636414],[-40.38092,-4.549377],[-40.388123,-4.546997],[-40.393982,-4.54541],[-40.458008,-4.529114],[-40.460876,-4.52832],[-40.505981,-4.508911],[-40.509399,-4.507507],[-40.51709,-4.51239],[-40.587402,-4.558777],[-40.586487,-4.566223],[-40.587219,-4.571106],[-40.586304,-4.574829],[-40.583984,-4.578613],[-40.58551,-4.584778],[-40.58728,-4.58783],[-40.587708,-4.595215],[-40.5896,-4.599609],[-40.591797,-4.602112],[-40.592712,-4.60498],[-40.595581,-4.60791],[-40.597107,-4.611877],[-40.600403,-4.615601],[-40.604492,-4.619507],[-40.608093,-4.620911],[-40.614502,-4.622375],[-40.620728,-4.624817],[-40.624512,-4.624023],[-40.659424,-4.686523],[-40.655884,-4.68811],[-40.65509,-4.692688],[-40.659424,-4.702515],[-40.658691,-4.706116],[-40.656128,-4.708618],[-40.651489,-4.71521],[-40.648376,-4.718079],[-40.643127,-4.726013],[-40.643005,-4.729675],[-40.647278,-4.731384],[-40.647888,-4.734192],[-40.645996,-4.736694],[-40.647278,-4.739929],[-40.64679,-4.747192],[-40.643677,-4.747986],[-40.641418,-4.75061],[-40.642212,-4.753906],[-40.639893,-4.75708],[-40.637207,-4.762085],[-40.636414,-4.766418],[-40.636414,-4.77002],[-40.635376,-4.772888],[-40.636597,-4.775513],[-40.633728,-4.781616],[-40.628723,-4.789612]]]},"properties":{"shapeName":"Nova Russas","shapeISO":"56859067B90768610355048","shapeGroup":"BRA","shapeType":"ADM2","src_shape_id":"56859067B90768610355048","adm1ISO":"BR-CE"}},
{"type":"Feature","geometry":{"type":"Polygon","coordinates":[[[-40.909302,-5.764404],[-40.90448,-5.764709],[-40.8974,-5.767212],[-40.890381,-5.768188],[-40.886108,-5.769287],[-40.881775,-5.769409],[-40.877197,-5.767395],[-40.872925,-5.768127],[-40.869202,-5.7677],[-40.864807,-5.765686],[-40.856079,-5.767578],[-40.849609,-5.768311],[-40.843811,-5.770081],[-40.840088,-5.768799],[-40.836609,-5.765381],[-40.833679,-5.763428],[-40.832703,-5.760376],[-40.826904,-5.75592],[-40.82019,-5.755493],[-40.81543,-5.754578],[-40.810913,-5.751221],[-40.806519,-5.746094],[-40.803406,-5.744812],[-40.800781,-5.742798],[-40.794617,-5.735291],[-40.791992,-5.733704],[-40.788513,-5.733704],[-40.784607,-5.735779],[-40.779297,-5.735718],[-40.776184,-5.7323],[-40.77301,-5.730225],[-40.769775,-5.727112],[-40.760925,-5.724182],[-40.758606,-5.721619],[-40.755188,-5.720398],[-40.750977,-5.71991],[-40.696289,-5.645203],[-40.693726,-5.643677],[-40.691711,-5.645813],[-40.691711,-5.650085],[-40.68689,-5.658081],[-40.682678,-5.659912],[-40.680298,-5.663208],[-40.677429,-5.665405],[-40.673828,-5.664917],[-40.670105,-5.665894],[-40.668091,-5.670776],[-40.664612,-5.674805],[-40.661621,-5.686096],[-40.65979,-5.688782],[-40.656799,-5.695618],[-40.653625,-5.698975],[-40.647583,-5.702881],[-40.643311,-5.703796],[-40.639221,-5.706909],[-40.636414,-5.710022],[-40.638428,-5.716797],[-40.636108,-5.721008],[-40.633301,-5.724487],[-40.626282,-5.730713],[-40.624207,-5.733093],[-40.616211,-5.734497],[-40.616211,-5.729675],[-40.616577,-5.724976],[-40.622925,-5.716309],[-40.622009,-5.711792],[-40.625122,-5.70929],[-40.626526,-5.706787],[-40.632324,-5.703003],[-40.633301,-5.699402],[-40.629517,-5.696777],[-40.625916,-5.695129],[-40.621887,-5.694214],[-40.619629,-5.691589],[-40.618103,-5.687195],[-40.618408,-5.683594],[-40.624512,-5.684021],[-40.632202,-5.680786],[-40.639404,-5.681885],[-40.642883,-5.68158],[-40.6474,-5.677612],[-40.652283,-5.674805],[-40.653992,-5.671204],[-40.652588,-5.66803],[-40.647095,-5.664795],[-40.645508,-5.661194],[-40.645996,-5.656128],[-40.641602,-5.647095],[-40.637512,-5.646912],[-40.634399,-5.643616],[-40.631897,-5.640076],[-40.629517,-5.635376],[-40.629822,-5.631592],[-40.629395,-5.628418],[-40.632629,-5.627197],[-40.634399,-5.623901],[-40.637512,-5.622925],[-40.636292,-5.613586],[-40.632812,-5.611511],[-40.629028,-5.610901],[-40.627319,-5.605713],[-40.622009,-5.602905],[-40.6203,-5.599976],[-40.620483,-5.596924],[-40.623779,-5.589294],[-40.625,-5.58551],[-40.625,-5.581909],[-40.623779,-5.578125],[-40.621399,-5.5755],[-40.61969,-5.572205],[-40.611694,-5.570496],[-40.611023,-5.566528],[-40.611389,-5.563477],[-40.608582,-5.559998],[-40.610413,-5.55658],[-40.613708,-5.552917],[-40.614319,-5.547913],[-40.617187,-5.543823],[-40.618103,-5.540894],[-40.619995,-5.537781],[-40.618408,-5.534729],[-40.619324,-5.530212],[-40.616821,-5.526306],[-40.613892,-5.520691],[-40.597107,-5.491211],[-40.582092,-5.466492],[-40.578613,-5.464783],[-40.577209,-5.462219],[-40.577515,-5.457886],[-40.574829,-5.453979],[-40.573975,-5.449402],[-40.569702,-5.443787],[-40.569275,-5.440002],[-40.567505,-5.437317],[-40.563599,-5.435608],[-40.559692,-5.435486],[-40.553406,-5.433105],[-40.552124,-5.430481],[-40.554077,-5.42749],[-40.603821,-5.426575],[-40.642517,-5.426697],[-40.646729,-5.428284],[-40.647705,-5.431702],[-40.650024,-5.436096],[-40.650085,-5.439819],[-40.653198,-5.440491],[-40.656921,-5.442322],[-40.659119,-5.445923],[-40.661316,-5.448425],[-40.664917,-5.449097],[-40.668823,-5.448486],[-40.673584,-5.448792],[-40.677795,-5.450012],[-40.681213,-5.449829],[-40.684875,-5.451416],[-40.68512,-5.454895],[-40.683105,-5.461121],[-40.682129,-5.467285],[-40.683411,-5.46991],[-40.686218,-5.471313],[-40.690308,-5.47168],[-40.693909,-5.469421],[-40.697876,-5.469727],[-40.701111,-5.467712],[-40.704102,-5.467224],[-40.710205,-5.467712],[-40.713623,-5.46698],[-40.720215,-5.463928],[-40.723511,-5.463379],[-40.726379,-5.464478],[-40.728394,-5.466614],[-40.730103,-5.470215],[-40.730896,-5.473877],[-40.732727,-5.477783],[-40.737,-5.483276],[-40.740479,-5.484497],[-40.744812,-5.483521],[-40.747375,-5.480713],[-40.750122,-5.479187],[-40.755005,-5.479675],[-40.759521,-5.478088],[-40.760986,-5.475708],[-40.76532,-5.482178],[-40.768799,-5.483521],[-40.77179,-5.483704],[-40.773499,-5.486206],[-40.774414,-5.48938],[-40.773376,-5.492615],[-40.781006,-5.492981],[-40.785706,-5.492615],[-40.791077,-5.495605],[-40.794922,-5.496216],[-40.798096,-5.495178],[-40.802917,-5.491394],[-40.81012,-5.490417],[-40.812012,-5.486328],[-40.810486,-5.481689],[-40.813904,-5.47821],[-40.819702,-5.481079],[-40.82428,-5.480713],[-40.82959,-5.481384],[-40.834717,-5.480225],[-40.843079,-5.481384],[-40.847412,-5.479675],[-40.852478,-5.481812],[-40.855896,-5.485596],[-40.85791,-5.488586],[-40.860596,-5.491089],[-40.863403,-5.492798],[-40.869629,-5.492126],[-40.873718,-5.492126],[-40.87793,-5.491394],[-40.882019,-5.489075],[-40.884583,-5.486389],[-40.888611,-5.487122],[-40.894104,-5.481384],[-40.898926,-5.479614],[-40.901428,-5.477478],[-40.90509,-5.477478],[-40.908875,-5.47821],[-40.913086,-5.480408],[-40.919006,-5.48468],[-40.925293,-5.491211],[-40.929077,-5.493103],[-40.932007,-5.497498],[-40.9328,-5.501282],[-40.929199,-5.505798],[-40.928528,-5.513611],[-40.928894,-5.517822],[-40.931519,-5.520325],[-40.935181,-5.522583],[-40.936401,-5.525696],[-40.933289,-5.531311],[-40.931702,-5.537476],[-40.932922,-5.545227],[-40.932617,-5.548096],[-40.928589,-5.553528],[-40.925476,-5.555298],[-40.920227,-5.559326],[-40.915588,-5.564392],[-40.914124,-5.568909],[-40.914307,-5.578613],[-40.912903,-5.582397],[-40.912415,-5.591003],[-40.911926,-5.594788],[-40.903992,-5.604919],[-40.902283,-5.60791],[-40.901306,-5.611877],[-40.901001,-5.615906],[-40.903625,-5.623291],[-40.90271,-5.628784],[-40.903015,-5.631775],[-40.905579,-5.637878],[-40.907776,-5.642212],[-40.909302,-5.645691],[-40.910522,-5.655212],[-40.914612,-5.659912],[-40.924683,-5.661926],[-40.929077,-5.663086],[-40.937622,-5.669189],[-40.938782,-5.673279],[-40.933899,-5.679199],[-40.930298,-5.686218],[-40.928528,-5.695312],[-40.928406,-5.699707],[-40.927612,-5.705078],[-40.9245,-5.709778],[-40.919312,-5.716003],[-40.913696,-5.725708],[-40.91449,-5.733582],[-40.916809,-5.738525],[-40.917725,-5.743713],[-40.916382,-5.751404],[-40.910889,-5.758423],[-40.909302,-5.764404]]]},"properties":{"shapeName":"Novo Oriente","shapeISO":"56859067B35881063339483","shapeGroup":"BRA","shapeType":"ADM2","src_shape_id":"56859067B35881063339483","adm1ISO":"BR-CE"}},
{"type":"Feature","geometry":{"type":"Polygon","coordinates":[[[-38.575317,-4.669312],[-38.572083,-4.671387],[-38.568481,-4.672913],[-38.562012,-4.671814],[-38.557129,-4.672424],[-38.550415,-4.672791],[-38.546326,-4.675415],[-38.543091,-4.676514],[-38.537415,-4.67981],[-38.528687,-4.679321],[-38.52533,-4.67511],[-38.518982,-4.671692],[-38.516418,-4.666809],[-38.512085,-4.663208],[-38.508789,-4.662476],[-38.507019,-4.660217],[-38.506287,-4.657227],[-38.503906,-4.654785],[-38.499084,-4.651978],[-38.492187,-4.650391],[-38.481079,-4.650024],[-38.474304,-4.648987],[-38.469116,-4.64563],[-38.465698,-4.64801],[-38.463501,-4.651123],[-38.460327,-4.652588],[-38.455322,-4.65271],[-38.451111,-4.651001],[-38.449707,-4.64801],[-38.449097,-4.644775],[-38.445679,-4.642395],[-38.437683,-4.638489],[-38.434692,-4.638184],[-38.42981,-4.631104],[-38.426514,-4.62793],[-38.423401,-4.625916],[-38.421509,-4.62262],[-38.422791,-4.619629],[-38.417786,-4.614624],[-38.414429,-4.613098],[-38.411682,-4.610107],[-38.407715,-4.6073],[-38.406189,-4.603882],[-38.40741,-4.598877],[-38.405212,-4.595581],[-38.401794,-4.594116],[-38.399414,-4.591492],[-38.39502,-4.590088],[-38.390808,-4.584412],[-38.386292,-4.585022],[-38.385681,-4.581726],[-38.387817,-4.579285],[-38.383911,-4.578308],[-38.38031,-4.578186],[-38.376282,-4.577209],[-38.372925,-4.577026],[-38.369324,-4.575317],[-38.370728,-4.567627],[-38.369629,-4.562683],[-38.368408,-4.559509],[-38.368713,-4.551819],[-38.367798,-4.547729],[-38.365417,-4.543213],[-38.369812,-4.533813],[-38.372803,-4.530212],[-38.376282,-4.528809],[-38.38031,-4.527893],[-38.381897,-4.524109],[-38.382324,-4.521118],[-38.380188,-4.518005],[-38.375977,-4.515198],[-38.372498,-4.513611],[-38.362793,-4.507996],[-38.360901,-4.5047],[-38.361084,-4.501404],[-38.360779,-4.497803],[-38.361389,-4.49231],[-38.359009,-4.478516],[-38.362305,-4.469299],[-38.366577,-4.46521],[-38.370422,-4.460999],[-38.399902,-4.426819],[-38.40741,-4.417908],[-38.424988,-4.397705],[-38.430481,-4.391113],[-38.436829,-4.383911],[-38.438782,-4.403381],[-38.439514,-4.406799],[-38.442627,-4.408508],[-38.445801,-4.40741],[-38.462097,-4.395813],[-38.468689,-4.395386],[-38.470825,-4.391724],[-38.474609,-4.390076],[-38.482605,-4.388489],[-38.49231,-4.388977],[-38.496582,-4.386414],[-38.503418,-4.380493],[-38.506226,-4.378906],[-38.520508,-4.376282],[-38.53009,-4.371582],[-38.533875,-4.368408],[-38.532593,-4.376587],[-38.535217,-4.380188],[-38.538513,-4.383118],[-38.541687,-4.389221],[-38.546692,-4.394287],[-38.552002,-4.398682],[-38.557007,-4.403992],[-38.560303,-4.406006],[-38.564026,-4.406921],[-38.568481,-4.414124],[-38.572327,-4.415527],[-38.574707,-4.41803],[-38.578613,-4.417603],[-38.582092,-4.416321],[-38.586914,-4.421204],[-38.596497,-4.422607],[-38.601501,-4.421326],[-38.604797,-4.424805],[-38.61438,-4.429199],[-38.613708,-4.43219],[-38.614929,-4.434875],[-38.622009,-4.437805],[-38.626526,-4.43811],[-38.626892,-4.44281],[-38.631104,-4.452209],[-38.635376,-4.453308],[-38.635986,-4.458801],[-38.635803,-4.463623],[-38.633118,-4.466492],[-38.632324,-4.470886],[-38.633118,-4.474182],[-38.635376,-4.475891],[-38.635803,-4.482727],[-38.633911,-4.486389],[-38.629578,-4.488708],[-38.629089,-4.493225],[-38.624329,-4.501709],[-38.622925,-4.50592],[-38.624023,-4.510681],[-38.621826,-4.514282],[-38.621277,-4.517212],[-38.619812,-4.52063],[-38.619385,-4.525513],[-38.621094,-4.53009],[-38.621826,-4.534912],[-38.624207,-4.538208],[-38.628113,-4.54071],[-38.634277,-4.54541],[-38.636475,-4.548706],[-38.642395,-4.552795],[-38.649109,-4.555603],[-38.643494,-4.572205],[-38.631409,-4.604309],[-38.629517,-4.606812],[-38.627991,-4.610718],[-38.623901,-4.617676],[-38.623901,-4.620605],[-38.622925,-4.623413],[-38.620178,-4.626587],[-38.618103,-4.630798],[-38.616089,-4.636902],[-38.614624,-4.639709],[-38.61261,-4.641907],[-38.611389,-4.64502],[-38.612122,-4.649109],[-38.611877,-4.653381],[-38.609497,-4.658325],[-38.606384,-4.661682],[-38.598877,-4.66449],[-38.593079,-4.668213],[-38.587219,-4.66571],[-38.583923,-4.66571],[-38.576599,-4.666504],[-38.575317,-4.669312]]]},"properties":{"shapeName":"Ocara","shapeISO":"56859067B33853151624364","shapeGroup":"BRA","shapeType":"ADM2","src_shape_id":"56859067B33853151624364","adm1ISO":"BR-CE"}},
{"type":"Feature","geometry":{"type":"Polygon","coordinates":[[[-38.803711,-6.128479],[-38.80658,-6.129395],[-38.809509,-6.133179],[-38.813782,-6.135498],[-38.817322,-6.135986],[-38.820312,-6.134888],[-38.820679,-6.12561],[-38.827698,-6.124512],[-38.829712,-6.127014],[-38.833618,-6.127014],[-38.835815,-6.130615],[-38.839722,-6.130981],[-38.843384,-6.13501],[-38.847412,-6.131592],[-38.85022,-6.13269],[-38.849609,-6.135803],[-38.85321,-6.137329],[-38.855896,-6.135315],[-38.860229,-6.134827],[-38.867981,-6.140076],[-38.872498,-6.140686],[-38.877625,-6.147522],[-38.883484,-6.14563],[-38.890198,-6.144897],[-38.894287,-6.143005],[-38.897888,-6.142578],[-38.901428,-6.141113],[-38.903503,-6.137329],[-38.905701,-6.126404],[-38.905884,-6.120728],[-38.906677,-6.115295],[-38.90741,-6.106018],[-38.90741,-6.096802],[-38.907104,-6.09259],[-38.907288,-6.087097],[-38.911682,-6.087097],[-38.919312,-6.084412],[-38.921692,-6.082214],[-38.924927,-6.082886],[-38.927429,-6.081177],[-38.937195,-6.079407],[-38.941589,-6.079895],[-38.944214,-6.081421],[-38.949707,-6.080688],[-38.953613,-6.084106],[-38.957092,-6.085999],[-38.960388,-6.091003],[-38.964111,-6.092102],[-38.967224,-6.091492],[-38.970215,-6.09491],[-38.973389,-6.103027],[-38.975708,-6.101318],[-38.976501,-6.107422],[-38.972107,-6.109009],[-38.972412,-6.11438],[-38.974976,-6.118408],[-38.969788,-6.120117],[-38.969482,-6.123901],[-38.973083,-6.131104],[-38.973816,-6.134583],[-38.975708,-6.138611],[-38.978699,-6.143005],[-38.981506,-6.148926],[-38.98468,-6.153687],[-38.984375,-6.158508],[-38.985107,-6.162781],[-38.986328,-6.165894],[-38.987183,-6.1745],[-38.990112,-6.183289],[-38.991882,-6.191589],[-38.99408,-6.197205],[-38.995911,-6.200378],[-38.998413,-6.208008],[-39.003113,-6.220093],[-39.018982,-6.231689],[-39.042419,-6.248596],[-39.056213,-6.258789],[-39.052795,-6.296082],[-39.055603,-6.297913],[-39.059814,-6.303589],[-39.062378,-6.305481],[-39.070923,-6.310486],[-39.07312,-6.314697],[-39.079285,-6.325012],[-39.080505,-6.329224],[-39.082397,-6.333191],[-39.093994,-6.334778],[-39.097595,-6.340515],[-39.10022,-6.343201],[-39.101013,-6.346313],[-39.10199,-6.354675],[-39.103821,-6.358093],[-39.109375,-6.363892],[-39.116577,-6.377625],[-39.119812,-6.384583],[-39.125,-6.386475],[-39.1297,-6.39032],[-39.1297,-6.408875],[-39.126282,-6.403809],[-39.123413,-6.401123],[-39.120605,-6.39563],[-39.114502,-6.390686],[-39.110596,-6.390503],[-39.108093,-6.388916],[-39.106812,-6.386292],[-39.102112,-6.382324],[-39.094604,-6.38031],[-39.09198,-6.37738],[-39.089111,-6.37561],[-39.087708,-6.37262],[-39.084717,-6.368896],[-39.080811,-6.364929],[-39.076477,-6.366516],[-39.07428,-6.370483],[-39.071228,-6.37323],[-39.0672,-6.375916],[-39.063599,-6.379883],[-39.060608,-6.384583],[-39.058289,-6.386719],[-39.054687,-6.386719],[-39.046997,-6.383179],[-39.041809,-6.379211],[-39.039185,-6.376709],[-39.035095,-6.377014],[-39.030579,-6.376709],[-39.026978,-6.377991],[-39.022888,-6.37738],[-39.014587,-6.374695],[-39.009827,-6.376099],[-39.004822,-6.377075],[-39.000427,-6.376709],[-38.997009,-6.378113],[-38.993103,-6.37738],[-38.98761,-6.377625],[-38.982788,-6.378479],[-38.981201,-6.374817],[-38.981201,-6.371216],[-38.982422,-6.362122],[-38.982483,-6.357605],[-38.983521,-6.354614],[-38.98291,-6.351685],[-38.980713,-6.348389],[-38.974487,-6.34082],[-38.969727,-6.339478],[-38.966675,-6.337891],[-38.960022,-6.335327],[-38.956177,-6.33551],[-38.952087,-6.337708],[-38.948914,-6.338379],[-38.944885,-6.338379],[-38.93988,-6.336914],[-38.935913,-6.339111],[-38.933228,-6.336182],[-38.92981,-6.335999],[-38.924988,-6.331787],[-38.926208,-6.328979],[-38.924622,-6.326111],[-38.922302,-6.323425],[-38.919983,-6.31781],[-38.917725,-6.313599],[-38.916382,-6.309814],[-38.878296,-6.327393],[-38.836304,-6.292114],[-38.834412,-6.288513],[-38.831604,-6.284912],[-38.830078,-6.281311],[-38.826599,-6.277588],[-38.823486,-6.276001],[-38.821106,-6.272705],[-38.822205,-6.268188],[-38.825378,-6.267395],[-38.82782,-6.264709],[-38.828979,-6.255798],[-38.830322,-6.251526],[-38.830811,-6.248108],[-38.828308,-6.240479],[-38.830627,-6.237976],[-38.829224,-6.234497],[-38.829712,-6.231628],[-38.827026,-6.223877],[-38.826782,-6.219116],[-38.825989,-6.21521],[-38.811584,-6.163086],[-38.803711,-6.128479]]]},"properties":{"shapeName":"Orós","shapeISO":"56859067B97337581228960","shapeGroup":"BRA","shapeType":"ADM2","src_shape_id":"56859067B97337581228960","adm1ISO":"BR-CE"}},
{"type":"Feature","geometry":{"type":"Polygon","coordinates":[[[-38.570496,-4.235413],[-38.565979,-4.232422],[-38.555603,-4.235107],[-38.548279,-4.234497],[-38.544189,-4.2323],[-38.538879,-4.231323],[-38.533997,-4.2323],[-38.530518,-4.232117],[-38.527405,-4.229187],[-38.525208,-4.225891],[-38.52179,-4.226379],[-38.513489,-4.229614],[-38.503418,-4.231506],[-38.499512,-4.231812],[-38.496399,-4.231079],[-38.491211,-4.233093],[-38.477905,-4.239319],[-38.468384,-4.244019],[-38.464478,-4.245422],[-38.454407,-4.243286],[-38.451111,-4.240479],[-38.447327,-4.23938],[-38.444214,-4.23053],[-38.439392,-4.230591],[-38.433289,-4.231323],[-38.422302,-4.229004],[-38.418396,-4.229309],[-38.403381,-4.226013],[-38.392822,-4.223083],[-38.381897,-4.145081],[-38.416321,-4.1427],[-38.462219,-4.139404],[-38.480225,-4.138184],[-38.494812,-4.144409],[-38.497803,-4.144592],[-38.50061,-4.142395],[-38.504883,-4.141418],[-38.512878,-4.138916],[-38.522217,-4.13501],[-38.525513,-4.13269],[-38.528809,-4.131714],[-38.532593,-4.131409],[-38.535889,-4.130493],[-38.542114,-4.1297],[-38.55542,-4.128418],[-38.569275,-4.126526],[-38.570801,-4.131775],[-38.573792,-4.133423],[-38.579895,-4.134888],[-38.583923,-4.135193],[-38.58783,-4.137512],[-38.592407,-4.141724],[-38.595215,-4.143616],[-38.600708,-4.144714],[-38.607605,-4.147583],[-38.60968,-4.15033],[-38.612976,-4.151794],[-38.616211,-4.159119],[-38.618286,-4.161011],[-38.619812,-4.164185],[-38.618713,-4.167297],[-38.618408,-4.171326],[-38.614807,-4.18158],[-38.596985,-4.203796],[-38.570496,-4.235413]]]},"properties":{"shapeName":"Pacajus","shapeISO":"56859067B2750326720255","shapeGroup":"BRA","shapeType":"ADM2","src_shape_id":"56859067B2750326720255","adm1ISO":"BR-CE"}},
{"type":"Feature","geometry":{"type":"Polygon","coordinates":[[[-38.574707,-4.054077],[-38.574585,-4.05011],[-38.573975,-4.004578],[-38.573608,-3.995911],[-38.565918,-3.961426],[-38.56311,-3.945679],[-38.555603,-3.905579],[-38.554016,-3.90271],[-38.550476,-3.897827],[-38.549377,-3.893616],[-38.551575,-3.887817],[-38.547424,-3.886108],[-38.546082,-3.881226],[-38.544983,-3.871887],[-38.542419,-3.859619],[-38.551514,-3.856628],[-38.56189,-3.852112],[-38.564514,-3.850708],[-38.567993,-3.864197],[-38.571411,-3.865417],[-38.573792,-3.867615],[-38.574829,-3.870483],[-38.576782,-3.872925],[-38.582581,-3.877686],[-38.586487,-3.88031],[-38.589294,-3.881409],[-38.598022,-3.882202],[-38.603699,-3.881897],[-38.607788,-3.882629],[-38.611816,-3.884277],[-38.618408,-3.888611],[-38.621704,-3.89032],[-38.624695,-3.891113],[-38.622009,-3.898682],[-38.618225,-3.899719],[-38.616516,-3.903198],[-38.612793,-3.914429],[-38.612122,-3.918213],[-38.612488,-3.922302],[-38.616211,-3.92981],[-38.617126,-3.937012],[-38.620483,-3.944397],[-38.629395,-3.952209],[-38.630981,-3.956299],[-38.633789,-3.957825],[-38.640076,-3.968384],[-38.643799,-3.975098],[-38.648315,-3.978027],[-38.651001,-3.981384],[-38.656799,-3.985779],[-38.660706,-3.992126],[-38.667603,-4.001282],[-38.669617,-4.004395],[-38.669189,-4.009094],[-38.666809,-4.012695],[-38.667175,-4.017212],[-38.654175,-4.01239],[-38.650818,-4.007812],[-38.634583,-4.023499],[-38.627502,-4.022827],[-38.625,-4.015503],[-38.621887,-4.014893],[-38.617798,-4.015503],[-38.613281,-4.015198],[-38.609375,-4.014282],[-38.607117,-4.011108],[-38.60553,-4.014221],[-38.599915,-4.022583],[-38.593689,-4.029419],[-38.586182,-4.038513],[-38.574707,-4.054077]]]},"properties":{"shapeName":"Pacatuba","shapeISO":"56859067B42057583895645","shapeGroup":"BRA","shapeType":"ADM2","src_shape_id":"56859067B42057583895645","adm1ISO":"BR-CE"}},
{"type":"Feature","geometry":{"type":"Polygon","coordinates":[[[-38.848694,-4.22998],[-38.843994,-4.223511],[-38.854614,-4.176575],[-38.856506,-4.162781],[-38.88031,-4.171814],[-38.886902,-4.161011],[-38.897095,-4.146423],[-38.906494,-4.147705],[-38.909729,-4.14679],[-38.913513,-4.144409],[-38.916992,-4.146423],[-38.920593,-4.14978],[-38.921814,-4.153015],[-38.923828,-4.155212],[-38.927124,-4.1521],[-38.932983,-4.15033],[-38.939697,-4.151611],[-38.942688,-4.148926],[-38.939819,-4.145813],[-38.933411,-4.141724],[-38.930176,-4.140076],[-38.9328,-4.138611],[-38.936523,-4.137817],[-38.940308,-4.139709],[-38.943787,-4.136597],[-38.946716,-4.137512],[-38.952087,-4.13678],[-38.954895,-4.137329],[-38.955383,-4.140503],[-38.958618,-4.144104],[-38.959412,-4.14801],[-38.958313,-4.152222],[-38.957886,-4.156311],[-38.959595,-4.158997],[-38.961914,-4.167908],[-38.960083,-4.171875],[-38.956909,-4.172791],[-38.955811,-4.178528],[-38.949402,-4.181213],[-38.945984,-4.181213],[-38.944885,-4.184509],[-38.94458,-4.188293],[-38.945312,-4.194092],[-38.947998,-4.195129],[-38.948975,-4.199097],[-38.948792,-4.202698],[-38.946777,-4.205811],[-38.941711,-4.206421],[-38.934998,-4.213013],[-38.935791,-4.216919],[-38.9375,-4.221313],[-38.936707,-4.224976],[-38.938782,-4.228027],[-38.940125,-4.234619],[-38.936707,-4.236084],[-38.929382,-4.236816],[-38.927795,-4.240112],[-38.924805,-4.242615],[-38.922607,-4.245605],[-38.918579,-4.247925],[-38.915283,-4.248108],[-38.911926,-4.247375],[-38.905029,-4.247925],[-38.899475,-4.253601],[-38.897827,-4.256226],[-38.898804,-4.259277],[-38.8974,-4.262695],[-38.895325,-4.264587],[-38.891296,-4.270813],[-38.890503,-4.275818],[-38.887817,-4.271484],[-38.887878,-4.268311],[-38.889893,-4.264893],[-38.891296,-4.260681],[-38.876587,-4.262512],[-38.873901,-4.258606],[-38.871826,-4.250977],[-38.87323,-4.245728],[-38.869812,-4.243225],[-38.863892,-4.244202],[-38.861084,-4.241821],[-38.85968,-4.239319],[-38.859802,-4.232178],[-38.856018,-4.229797],[-38.854187,-4.226196],[-38.850891,-4.227295],[-38.848694,-4.22998]]]},"properties":{"shapeName":"Pacoti","shapeISO":"56859067B59765033772406","shapeGroup":"BRA","shapeType":"ADM2","src_shape_id":"56859067B59765033772406","adm1ISO":"BR-CE"}},
{"type":"Feature","geometry":{"type":"Polygon","coordinates":[[[-40.664612,-3.939392],[-40.663696,-3.942688],[-40.665222,-3.946716],[-40.669006,-3.946289],[-40.670776,-3.952087],[-40.666199,-3.951721],[-40.665894,-3.955383],[-40.668396,-3.958923],[-40.673706,-3.956787],[-40.67688,-3.954407],[-40.6828,-3.956909],[-40.686096,-3.95752],[-40.689392,-3.955505],[-40.693298,-3.956177],[-40.696777,-3.958313],[-40.699585,-3.961792],[-40.702209,-3.963013],[-40.709229,-3.964111],[-40.71759,-3.962097],[-40.722412,-3.96283],[-40.729187,-3.967712],[-40.729919,-3.976501],[-40.725525,-3.998901],[-40.713623,-4.058411],[-40.682495,-4.057495],[-40.677795,-4.05481],[-40.670105,-4.052002],[-40.657715,-4.046509],[-40.651917,-4.042725],[-40.649475,-4.039795],[-40.64801,-4.036194],[-40.644592,-4.033508],[-40.629211,-4.029907],[-40.634216,-4.02771],[-40.638,-4.024719],[-40.639709,-4.021301],[-40.639221,-4.013977],[-40.639893,-4.010681],[-40.641479,-4.008118],[-40.642212,-4.005005],[-40.640076,-4.001526],[-40.636108,-3.998596],[-40.642578,-3.996826],[-40.645996,-3.996582],[-40.651611,-3.994507],[-40.661316,-3.988586],[-40.664612,-3.988281],[-40.667419,-3.984924],[-40.666809,-3.981079],[-40.667297,-3.977783],[-40.658325,-3.970703],[-40.658203,-3.967285],[-40.658875,-3.964111],[-40.654602,-3.956482],[-40.654114,-3.953613],[-40.653992,-3.947388],[-40.656311,-3.942688],[-40.660217,-3.941528],[-40.664612,-3.939392]]]},"properties":{"shapeName":"Pacujá","shapeISO":"56859067B42415660156267","shapeGroup":"BRA","shapeType":"ADM2","src_shape_id":"56859067B42415660156267","adm1ISO":"BR-CE"}},
{"type":"Feature","geometry":{"type":"Polygon","coordinates":[[[-37.986023,-4.5849],[-37.989502,-4.589111],[-37.992493,-4.59198],[-37.996399,-4.592407],[-38.002808,-4.597412],[-38.006409,-4.595886],[-38.010193,-4.593323],[-38.016724,-4.593689],[-38.023804,-4.598511],[-38.028381,-4.598328],[-38.031677,-4.596008],[-38.035828,-4.594604],[-38.039001,-4.591125],[-38.046204,-4.589722],[-38.049805,-4.590576],[-38.054321,-4.593384],[-38.059509,-4.593689],[-38.065125,-4.592407],[-38.068298,-4.594177],[-38.075623,-4.592896],[-38.081299,-4.588928],[-38.084412,-4.58783],[-38.089417,-4.591187],[-38.101379,-4.596924],[-38.109924,-4.60791],[-38.107605,-4.612122],[-38.107178,-4.616211],[-38.111206,-4.617676],[-38.119019,-4.617493],[-38.124512,-4.619202],[-38.128418,-4.618591],[-38.131226,-4.61731],[-38.13678,-4.618408],[-38.147278,-4.614624],[-38.153381,-4.615784],[-38.156677,-4.618408],[-38.17572,-4.620911],[-38.179993,-4.622192],[-38.179382,-4.625],[-38.174194,-4.628906],[-38.161377,-4.641602],[-38.1474,-4.663513],[-38.134216,-4.6745],[-38.111877,-4.691406],[-38.109009,-4.692993],[-38.105896,-4.695801],[-38.098083,-4.701477],[-38.093628,-4.705322],[-38.091614,-4.709412],[-38.08728,-4.719727],[-38.084229,-4.732117],[-38.077209,-4.73761],[-38.073975,-4.743896],[-38.068176,-4.750427],[-38.062622,-4.752319],[-38.06012,-4.75531],[-38.058411,-4.763],[-38.049927,-4.772827],[-38.048523,-4.777405],[-38.052612,-4.783691],[-38.057312,-4.788513],[-38.058228,-4.791199],[-38.060791,-4.80658],[-38.060486,-4.81073],[-38.050598,-4.830383],[-38.048523,-4.834778],[-38.043884,-4.840576],[-38.042175,-4.844604],[-38.030396,-4.840088],[-38.02301,-4.839111],[-37.98938,-4.835083],[-37.981812,-4.833984],[-37.97168,-4.830322],[-37.9599,-4.828613],[-37.93158,-4.825012],[-37.900391,-4.820801],[-37.934509,-4.76239],[-37.955505,-4.729492],[-37.948914,-4.660706],[-37.968628,-4.659912],[-37.982178,-4.661804],[-37.985596,-4.662476],[-37.993225,-4.660706],[-37.994202,-4.652588],[-37.994324,-4.647705],[-37.992187,-4.644409],[-37.978882,-4.631775],[-37.97522,-4.626099],[-37.973389,-4.615479],[-37.986023,-4.5849]]]},"properties":{"shapeName":"Palhano","shapeISO":"56859067B4489324695943","shapeGroup":"BRA","shapeType":"ADM2","src_shape_id":"56859067B4489324695943","adm1ISO":"BR-CE"}},
{"type":"Feature","geometry":{"type":"Polygon","coordinates":[[[-38.930176,-4.140076],[-38.933411,-4.141724],[-38.939819,-4.145813],[-38.942688,-4.148926],[-38.939697,-4.151611],[-38.932983,-4.15033],[-38.927124,-4.1521],[-38.923828,-4.155212],[-38.921814,-4.153015],[-38.920593,-4.14978],[-38.916992,-4.146423],[-38.913513,-4.144409],[-38.909729,-4.14679],[-38.906494,-4.147705],[-38.897095,-4.146423],[-38.886902,-4.161011],[-38.88031,-4.171814],[-38.856506,-4.162781],[-38.854614,-4.176575],[-38.848694,-4.175293],[-38.803406,-4.160583],[-38.805176,-4.154419],[-38.805908,-4.150513],[-38.804504,-4.145813],[-38.802124,-4.143982],[-38.798706,-4.1427],[-38.79071,-4.142822],[-38.79071,-4.139526],[-38.789612,-4.135193],[-38.78418,-4.134094],[-38.780212,-4.13031],[-38.776611,-4.130005],[-38.773804,-4.131714],[-38.769104,-4.128296],[-38.755005,-4.128296],[-38.749023,-4.095886],[-38.749329,-4.091187],[-38.751099,-4.086487],[-38.754211,-4.083984],[-38.756409,-4.080383],[-38.757385,-4.076111],[-38.760681,-4.073792],[-38.762878,-4.080688],[-38.766296,-4.084106],[-38.768005,-4.086914],[-38.770691,-4.095703],[-38.775208,-4.096375],[-38.778198,-4.09491],[-38.782593,-4.093811],[-38.797729,-4.086975],[-38.810913,-4.080811],[-38.813904,-4.081116],[-38.816589,-4.083923],[-38.836121,-4.074402],[-38.837708,-4.07782],[-38.837708,-4.080811],[-38.840515,-4.087891],[-38.841187,-4.095825],[-38.84021,-4.099915],[-38.841919,-4.104309],[-38.845825,-4.105713],[-38.849792,-4.105225],[-38.854004,-4.106323],[-38.858521,-4.105896],[-38.856384,-4.10968],[-38.86261,-4.113403],[-38.864319,-4.119202],[-38.86731,-4.117126],[-38.87323,-4.111389],[-38.8797,-4.113708],[-38.882629,-4.111816],[-38.881714,-4.107178],[-38.885376,-4.106628],[-38.886902,-4.10321],[-38.89032,-4.105225],[-38.90802,-4.105225],[-38.907593,-4.108215],[-38.909485,-4.114197],[-38.911987,-4.11792],[-38.9151,-4.119812],[-38.918213,-4.119507],[-38.920715,-4.116821],[-38.923828,-4.114502],[-38.925903,-4.111511],[-38.926025,-4.108093],[-38.927307,-4.104797],[-38.931091,-4.10321],[-38.936707,-4.103394],[-38.943604,-4.101624],[-38.9422,-4.106323],[-38.938782,-4.108826],[-38.939819,-4.11261],[-38.943481,-4.115601],[-38.943115,-4.120117],[-38.940613,-4.125793],[-38.943604,-4.128113],[-38.948181,-4.129028],[-38.944397,-4.132507],[-38.939514,-4.13208],[-38.936218,-4.13031],[-38.93573,-4.133789],[-38.932312,-4.133606],[-38.929626,-4.13562],[-38.930176,-4.140076]]]},"properties":{"shapeName":"Palmácia","shapeISO":"56859067B92857747427809","shapeGroup":"BRA","shapeType":"ADM2","src_shape_id":"56859067B92857747427809","adm1ISO":"BR-CE"}},
{"type":"Feature","geometry":{"type":"Polygon","coordinates":[[[-38.929504,-3.472595],[-38.935303,-3.456909],[-38.938599,-3.450684],[-38.941711,-3.447876],[-38.944702,-3.445923],[-38.94928,-3.44043],[-38.952209,-3.437805],[-38.959595,-3.427917],[-38.96582,-3.420105],[-38.97052,-3.415222],[-38.973816,-3.411011],[-38.982788,-3.404724],[-38.995117,-3.397827],[-39.001526,-3.396912],[-39.005676,-3.396912],[-39.012817,-3.400208],[-39.016113,-3.40332],[-39.020386,-3.404175],[-39.023499,-3.403687],[-39.027893,-3.404724],[-39.030823,-3.406006],[-39.032715,-3.408875],[-39.0354,-3.411011],[-39.045715,-3.411987],[-39.052429,-3.411316],[-39.057007,-3.409119],[-39.062988,-3.408691],[-39.065613,-3.411804],[-39.068787,-3.411316],[-39.076782,-3.408203],[-39.084412,-3.407776],[-39.088318,-3.411499],[-39.095093,-3.416809],[-39.104187,-3.419495],[-39.10791,-3.421204],[-39.10968,-3.424927],[-39.108398,-3.427979],[-39.106323,-3.431091],[-39.104797,-3.43512],[-39.107727,-3.438416],[-39.110901,-3.438721],[-39.116211,-3.436279],[-39.119324,-3.434387],[-39.122803,-3.435181],[-39.123596,-3.438599],[-39.118286,-3.446594],[-39.118225,-3.4505],[-39.120728,-3.453918],[-39.117187,-3.463013],[-39.117126,-3.466797],[-39.116394,-3.470703],[-39.114807,-3.473816],[-39.117187,-3.476013],[-39.119019,-3.480103],[-39.118713,-3.484924],[-39.120911,-3.487488],[-39.12439,-3.488098],[-39.127991,-3.487915],[-39.131592,-3.486328],[-39.139893,-3.48053],[-39.143127,-3.484619],[-39.145996,-3.485901],[-39.149109,-3.488525],[-39.155212,-3.495483],[-39.157288,-3.499817],[-39.15979,-3.503723],[-39.164124,-3.507385],[-39.166016,-3.51178],[-39.164978,-3.516113],[-39.1651,-3.519775],[-39.166382,-3.522522],[-39.149597,-3.524902],[-39.116211,-3.528503],[-39.10022,-3.53241],[-39.101196,-3.549377],[-39.086304,-3.55249],[-39.081482,-3.553284],[-39.0802,-3.550476],[-39.07019,-3.543213],[-39.066406,-3.544617],[-39.057617,-3.544006],[-39.05011,-3.552429],[-39.045105,-3.550415],[-39.040283,-3.549377],[-39.033325,-3.55249],[-39.026611,-3.554993],[-39.02301,-3.553528],[-39.018127,-3.552612],[-39.011719,-3.553406],[-39.007385,-3.552429],[-39.00238,-3.553894],[-38.996094,-3.555115],[-38.988708,-3.560181],[-38.984192,-3.56012],[-38.982483,-3.557678],[-38.976196,-3.555481],[-38.974426,-3.552979],[-38.97168,-3.551086],[-38.967224,-3.549805],[-38.961121,-3.548584],[-38.958313,-3.5448],[-38.958313,-3.540894],[-38.961182,-3.534607],[-38.963684,-3.531677],[-38.963318,-3.523376],[-38.96698,-3.520813],[-38.968079,-3.516296],[-38.968201,-3.512024],[-38.964905,-3.510681],[-38.961304,-3.510193],[-38.958191,-3.503906],[-38.953796,-3.499329],[-38.950684,-3.496887],[-38.947693,-3.4953],[-38.946228,-3.48938],[-38.942078,-3.486328],[-38.937988,-3.482605],[-38.93811,-3.476318],[-38.936218,-3.47229],[-38.933105,-3.471313],[-38.929504,-3.472595]]]},"properties":{"shapeName":"Paracuru","shapeISO":"56859067B64518825165882","shapeGroup":"BRA","shapeType":"ADM2","src_shape_id":"56859067B64518825165882","adm1ISO":"BR-CE"}},
{"type":"Feature","geometry":{"type":"Polygon","coordinates":[[[-39.062988,-3.408691],[-39.067688,-3.404724],[-39.074219,-3.401306],[-39.078308,-3.397583],[-39.083618,-3.393311],[-39.091187,-3.384583],[-39.10321,-3.366211],[-39.10791,-3.3573],[-39.110413,-3.350891],[-39.113098,-3.34668],[-39.121094,-3.344421],[-39.128113,-3.343811],[-39.130981,-3.34491],[-39.135681,-3.345215],[-39.140808,-3.34491],[-39.144104,-3.343323],[-39.150696,-3.337891],[-39.156311,-3.335327],[-39.16272,-3.328308],[-39.165588,-3.325989],[-39.168518,-3.328308],[-39.175293,-3.329285],[-39.177979,-3.332886],[-39.181396,-3.3396],[-39.185303,-3.341309],[-39.190613,-3.341309],[-39.193298,-3.342529],[-39.194824,-3.345703],[-39.195129,-3.349609],[-39.204407,-3.356079],[-39.208496,-3.354614],[-39.210815,-3.351318],[-39.214417,-3.350098],[-39.221008,-3.35199],[-39.230896,-3.357178],[-39.235229,-3.358521],[-39.240417,-3.359314],[-39.24469,-3.358582],[-39.247986,-3.359375],[-39.255188,-3.359985],[-39.253601,-3.364075],[-39.250488,-3.369812],[-39.252075,-3.373596],[-39.255127,-3.376282],[-39.260925,-3.377319],[-39.263428,-3.380981],[-39.263,-3.38501],[-39.253479,-3.396606],[-39.252319,-3.401917],[-39.25061,-3.404785],[-39.250305,-3.411926],[-39.253784,-3.419312],[-39.253601,-3.42749],[-39.25531,-3.434509],[-39.255798,-3.439087],[-39.253113,-3.447876],[-39.257507,-3.456299],[-39.257996,-3.471497],[-39.263794,-3.482483],[-39.262878,-3.491211],[-39.258911,-3.491699],[-39.245117,-3.495728],[-39.240112,-3.495728],[-39.22998,-3.497498],[-39.221985,-3.500977],[-39.221619,-3.50531],[-39.211487,-3.509094],[-39.211487,-3.512817],[-39.166382,-3.522522],[-39.1651,-3.519775],[-39.164978,-3.516113],[-39.166016,-3.51178],[-39.164124,-3.507385],[-39.15979,-3.503723],[-39.157288,-3.499817],[-39.155212,-3.495483],[-39.149109,-3.488525],[-39.145996,-3.485901],[-39.143127,-3.484619],[-39.139893,-3.48053],[-39.131592,-3.486328],[-39.127991,-3.487915],[-39.12439,-3.488098],[-39.120911,-3.487488],[-39.118713,-3.484924],[-39.119019,-3.480103],[-39.117187,-3.476013],[-39.114807,-3.473816],[-39.116394,-3.470703],[-39.117126,-3.466797],[-39.117187,-3.463013],[-39.120728,-3.453918],[-39.118225,-3.4505],[-39.118286,-3.446594],[-39.123596,-3.438599],[-39.122803,-3.435181],[-39.119324,-3.434387],[-39.116211,-3.436279],[-39.110901,-3.438721],[-39.107727,-3.438416],[-39.104797,-3.43512],[-39.106323,-3.431091],[-39.108398,-3.427979],[-39.10968,-3.424927],[-39.10791,-3.421204],[-39.104187,-3.419495],[-39.095093,-3.416809],[-39.088318,-3.411499],[-39.084412,-3.407776],[-39.076782,-3.408203],[-39.068787,-3.411316],[-39.065613,-3.411804],[-39.062988,-3.408691]]]},"properties":{"shapeName":"Paraipaba","shapeISO":"56859067B23139491669089","shapeGroup":"BRA","shapeType":"ADM2","src_shape_id":"56859067B23139491669089","adm1ISO":"BR-CE"}},
{"type":"Feature","geometry":{"type":"Polygon","coordinates":[[[-40.789978,-6.499329],[-40.790527,-6.50531],[-40.791809,-6.509888],[-40.792114,-6.512878],[-40.790588,-6.518677],[-40.786804,-6.524597],[-40.783691,-6.528381],[-40.77771,-6.533997],[-40.754211,-6.554687],[-40.745789,-6.565491],[-40.742187,-6.571716],[-40.740112,-6.577698],[-40.739075,-6.584412],[-40.738892,-6.589722],[-40.736328,-6.60022],[-40.716919,-6.599976],[-40.685913,-6.600098],[-40.67511,-6.601318],[-40.673401,-6.60498],[-40.671021,-6.61322],[-40.666687,-6.612793],[-40.663513,-6.611694],[-40.659729,-6.611328],[-40.654114,-6.613281],[-40.650879,-6.612915],[-40.648804,-6.610901],[-40.647217,-6.607605],[-40.644775,-6.606018],[-40.640198,-6.606201],[-40.626282,-6.604309],[-40.616516,-6.605408],[-40.611023,-6.607727],[-40.610229,-6.603699],[-40.607605,-6.601501],[-40.605713,-6.598816],[-40.600708,-6.596497],[-40.5979,-6.593811],[-40.596313,-6.58551],[-40.590698,-6.578125],[-40.588196,-6.573425],[-40.588013,-6.565613],[-40.589294,-6.562012],[-40.587097,-6.557922],[-40.583679,-6.556702],[-40.580811,-6.554382],[-40.57959,-6.550598],[-40.577209,-6.548279],[-40.564514,-6.546509],[-40.561523,-6.546875],[-40.555908,-6.549194],[-40.55249,-6.549927],[-40.547913,-6.548828],[-40.543518,-6.549011],[-40.539612,-6.54718],[-40.528992,-6.538818],[-40.525024,-6.537476],[-40.515808,-6.536987],[-40.511108,-6.535217],[-40.503113,-6.533813],[-40.499512,-6.532776],[-40.496826,-6.531006],[-40.491577,-6.531006],[-40.485779,-6.528809],[-40.478394,-6.528015],[-40.468018,-6.529419],[-40.45752,-6.527527],[-40.453308,-6.524292],[-40.453003,-6.518677],[-40.450989,-6.515076],[-40.448303,-6.509094],[-40.447693,-6.505188],[-40.448425,-6.501282],[-40.447815,-6.497314],[-40.445618,-6.493591],[-40.443176,-6.490723],[-40.439026,-6.488708],[-40.425903,-6.485901],[-40.416199,-6.48291],[-40.403015,-6.47821],[-40.398682,-6.477295],[-40.394287,-6.475708],[-40.390808,-6.473511],[-40.39032,-6.469116],[-40.387878,-6.465393],[-40.383301,-6.463013],[-40.378601,-6.459778],[-40.376709,-6.457214],[-40.372925,-6.454895],[-40.36969,-6.452026],[-40.368713,-6.447815],[-40.368286,-6.442993],[-40.36969,-6.43811],[-40.366821,-6.434021],[-40.365479,-6.429199],[-40.362915,-6.426575],[-40.35968,-6.424622],[-40.357727,-6.421509],[-40.354187,-6.419189],[-40.35199,-6.415894],[-40.348022,-6.413208],[-40.345825,-6.409912],[-40.338806,-6.413513],[-40.336304,-6.408325],[-40.333313,-6.405212],[-40.328491,-6.402527],[-40.405396,-6.312805],[-40.408203,-6.31543],[-40.412476,-6.318176],[-40.418579,-6.318787],[-40.422485,-6.320007],[-40.424805,-6.323425],[-40.428894,-6.324524],[-40.431091,-6.329102],[-40.432312,-6.33313],[-40.436279,-6.333801],[-40.439209,-6.332275],[-40.443176,-6.331787],[-40.446777,-6.332214],[-40.450012,-6.333618],[-40.454102,-6.336121],[-40.458313,-6.336426],[-40.460815,-6.334717],[-40.463684,-6.333801],[-40.467407,-6.334229],[-40.470093,-6.333191],[-40.471985,-6.331116],[-40.47998,-6.333923],[-40.483887,-6.33783],[-40.503601,-6.343079],[-40.509399,-6.341675],[-40.512817,-6.342407],[-40.515686,-6.345825],[-40.524475,-6.346313],[-40.52771,-6.348083],[-40.534607,-6.346313],[-40.538391,-6.344421],[-40.544678,-6.340576],[-40.548401,-6.340576],[-40.554687,-6.345276],[-40.558105,-6.348389],[-40.561707,-6.350281],[-40.565002,-6.351318],[-40.568176,-6.353088],[-40.571106,-6.356506],[-40.573975,-6.357788],[-40.578613,-6.350403],[-40.580383,-6.344299],[-40.582214,-6.342102],[-40.585693,-6.340881],[-40.589722,-6.341492],[-40.593384,-6.343994],[-40.597229,-6.344421],[-40.603577,-6.350281],[-40.60553,-6.347778],[-40.607605,-6.343689],[-40.610413,-6.336975],[-40.603027,-6.328491],[-40.601501,-6.325317],[-40.599426,-6.32251],[-40.596191,-6.32019],[-40.594727,-6.317505],[-40.591675,-6.313904],[-40.590576,-6.310425],[-40.591309,-6.305481],[-40.590881,-6.300415],[-40.589478,-6.294678],[-40.585876,-6.292297],[-40.582886,-6.291626],[-40.580078,-6.289185],[-40.575989,-6.289001],[-40.574524,-6.291382],[-40.571289,-6.292114],[-40.566101,-6.291199],[-40.559204,-6.289001],[-40.556091,-6.287476],[-40.555298,-6.284485],[-40.548218,-6.283203],[-40.543091,-6.280212],[-40.537415,-6.279297],[-40.534607,-6.277283],[-40.531799,-6.273682],[-40.528992,-6.271606],[-40.526184,-6.272278],[-40.520813,-6.269409],[-40.517578,-6.267212],[-40.514893,-6.263794],[-40.505127,-6.254395],[-40.500977,-6.251526],[-40.499207,-6.24762],[-40.496094,-6.244324],[-40.4953,-6.239807],[-40.495911,-6.236084],[-40.494324,-6.227478],[-40.492187,-6.224182],[-40.489075,-6.221008],[-40.491516,-6.21759],[-40.490295,-6.213928],[-40.489807,-6.21051],[-40.490723,-6.207214],[-40.488708,-6.203186],[-40.503906,-6.1875],[-40.531616,-6.159912],[-40.508606,-6.144409],[-40.499084,-6.105286],[-40.495117,-6.088501],[-40.491516,-6.082703],[-40.487427,-6.080811],[-40.488892,-6.076782],[-40.486511,-6.073975],[-40.485596,-6.070496],[-40.485229,-6.066406],[-40.483093,-6.062378],[-40.481689,-6.057922],[-40.478516,-6.051575],[-40.480103,-6.044922],[-40.480103,-6.041321],[-40.481201,-6.033203],[-40.471924,-6.0271],[-40.468079,-6.020813],[-40.466675,-6.015625],[-40.469177,-6.012329],[-40.474304,-6.008911],[-40.476318,-6.006104],[-40.475098,-5.999695],[-40.478577,-5.995789],[-40.48053,-5.990906],[-40.486389,-5.986511],[-40.489319,-5.982605],[-40.493225,-5.982483],[-40.496094,-5.988892],[-40.499695,-5.990479],[-40.505981,-5.990784],[-40.513794,-5.989075],[-40.518188,-5.989319],[-40.526001,-5.993225],[-40.530823,-5.993103],[-40.533813,-5.996216],[-40.536194,-6.000183],[-40.539612,-6.002625],[-40.54248,-6.003906],[-40.546082,-6.004211],[-40.549011,-6.002991],[-40.55249,-6.004883],[-40.55719,-6.006104],[-40.561096,-6.0047],[-40.564819,-5.999023],[-40.569519,-5.999023],[-40.572693,-5.998291],[-40.576477,-5.998718],[-40.580627,-5.995911],[-40.584229,-5.995911],[-40.588806,-5.993286],[-40.591309,-5.995605],[-40.593994,-6.000427],[-40.597107,-6.000916],[-40.598389,-5.994019],[-40.6026,-5.994385],[-40.607422,-5.991516],[-40.611023,-5.990112],[-40.618225,-5.993225],[-40.622192,-5.993286],[-40.625183,-5.994385],[-40.628418,-5.997375],[-40.632812,-5.998413],[-40.640625,-6.003113],[-40.644409,-6.004089],[-40.647278,-6.003784],[-40.651794,-6.005493],[-40.660889,-6.004578],[-40.665222,-6.007629],[-40.669678,-6.008179],[-40.678589,-6.007507],[-40.682983,-6.009216],[-40.686829,-6.010193],[-40.689575,-6.013428],[-40.697083,-6.020081],[-40.700195,-6.024719],[-40.702576,-6.029175],[-40.700806,-6.032776],[-40.703979,-6.033997],[-40.70752,-6.034119],[-40.711609,-6.036987],[-40.713989,-6.03949],[-40.712585,-6.042175],[-40.713989,-6.044983],[-40.720703,-6.047485],[-40.725891,-6.052612],[-40.729126,-6.052185],[-40.731812,-6.053528],[-40.737793,-6.058594],[-40.738525,-6.062378],[-40.737183,-6.066406],[-40.732605,-6.068604],[-40.733276,-6.07251],[-40.735413,-6.075623],[-40.738525,-6.078308],[-40.740723,-6.081482],[-40.746399,-6.081787],[-40.746704,-6.087891],[-40.748108,-6.090698],[-40.752808,-6.090393],[-40.758423,-6.092529],[-40.762878,-6.091675],[-40.768127,-6.089294],[-40.772095,-6.090576],[-40.776306,-6.089905],[-40.780212,-6.090881],[-40.785217,-6.090027],[-40.788513,-6.088684],[-40.79248,-6.089294],[-40.802612,-6.093323],[-40.806702,-6.092407],[-40.809998,-6.092712],[-40.812012,-6.095093],[-40.809814,-6.098022],[-40.808228,-6.101318],[-40.807312,-6.10498],[-40.857605,-6.105286],[-40.848999,-6.123413],[-40.846619,-6.130493],[-40.845703,-6.13501],[-40.845886,-6.138306],[-40.849304,-6.148376],[-40.850403,-6.15271],[-40.853394,-6.161804],[-40.853394,-6.166809],[-40.8526,-6.170776],[-40.852783,-6.174988],[-40.851929,-6.185791],[-40.850403,-6.193481],[-40.847229,-6.203003],[-40.85199,-6.219116],[-40.852295,-6.223511],[-40.831299,-6.247681],[-40.830383,-6.250427],[-40.827087,-6.253479],[-40.823486,-6.258179],[-40.820129,-6.263794],[-40.817078,-6.270203],[-40.812012,-6.282104],[-40.810486,-6.286987],[-40.803711,-6.293213],[-40.794128,-6.299316],[-40.786987,-6.304687],[-40.785522,-6.309875],[-40.782776,-6.313293],[-40.781982,-6.316589],[-40.78009,-6.327698],[-40.779175,-6.342224],[-40.779602,-6.346619],[-40.781006,-6.351685],[-40.784424,-6.3573],[-40.788513,-6.368408],[-40.792175,-6.374878],[-40.79541,-6.378296],[-40.7995,-6.380798],[-40.80249,-6.385925],[-40.805176,-6.393127],[-40.801514,-6.409607],[-40.796509,-6.426086],[-40.796082,-6.445007],[-40.793823,-6.458801],[-40.79541,-6.464722],[-40.796509,-6.470703],[-40.794617,-6.480896],[-40.789978,-6.499329]]]},"properties":{"shapeName":"Parambu","shapeISO":"56859067B29011141793469","shapeGroup":"BRA","shapeType":"ADM2","src_shape_id":"56859067B29011141793469","adm1ISO":"BR-CE"}},
{"type":"Feature","geometry":{"type":"Polygon","coordinates":[[[-39.323914,-4.09021],[-39.369385,-4.088989],[-39.35791,-4.098877],[-39.358704,-4.102295],[-39.36261,-4.102478],[-39.365112,-4.10498],[-39.368591,-4.106812],[-39.370911,-4.109802],[-39.374084,-4.110413],[-39.377625,-4.109375],[-39.382812,-4.104614],[-39.386108,-4.104187],[-39.391113,-4.105103],[-39.395691,-4.103394],[-39.399475,-4.104187],[-39.405579,-4.099121],[-39.406921,-4.096375],[-39.437317,-4.101501],[-39.441711,-4.103821],[-39.446594,-4.104492],[-39.44751,-4.108887],[-39.451599,-4.111084],[-39.450317,-4.120117],[-39.450989,-4.12439],[-39.450012,-4.128601],[-39.483887,-4.121582],[-39.493408,-4.111694],[-39.497498,-4.112793],[-39.505615,-4.116211],[-39.508728,-4.118408],[-39.513123,-4.11908],[-39.52002,-4.118713],[-39.52301,-4.119629],[-39.525513,-4.122681],[-39.521729,-4.128479],[-39.522095,-4.132385],[-39.523376,-4.135925],[-39.526184,-4.137085],[-39.52948,-4.136902],[-39.531799,-4.139221],[-39.53009,-4.146912],[-39.530518,-4.151611],[-39.531982,-4.153992],[-39.540222,-4.159119],[-39.541687,-4.163391],[-39.544189,-4.165527],[-39.548218,-4.167297],[-39.548828,-4.170227],[-39.550598,-4.172913],[-39.553894,-4.174316],[-39.556702,-4.176208],[-39.558899,-4.180481],[-39.558411,-4.189026],[-39.56311,-4.195312],[-39.564026,-4.198792],[-39.562988,-4.202515],[-39.566223,-4.211975],[-39.567993,-4.214294],[-39.569519,-4.21759],[-39.568481,-4.220886],[-39.565979,-4.223206],[-39.554993,-4.220886],[-39.549622,-4.224487],[-39.540894,-4.228699],[-39.537109,-4.229614],[-39.531311,-4.23822],[-39.525818,-4.238586],[-39.518005,-4.237305],[-39.511108,-4.240417],[-39.507202,-4.241699],[-39.50592,-4.246582],[-39.505798,-4.249512],[-39.506897,-4.253784],[-39.506226,-4.258301],[-39.506409,-4.261719],[-39.50531,-4.267517],[-39.498291,-4.273926],[-39.49823,-4.278687],[-39.497009,-4.284302],[-39.494385,-4.286682],[-39.491577,-4.290588],[-39.454102,-4.267578],[-39.435486,-4.255981],[-39.394287,-4.230713],[-39.343811,-4.199585],[-39.335876,-4.194214],[-39.338623,-4.191406],[-39.336609,-4.18811],[-39.335205,-4.184509],[-39.332214,-4.183105],[-39.324402,-4.184387],[-39.321289,-4.183777],[-39.31781,-4.181519],[-39.317688,-4.176392],[-39.315613,-4.172791],[-39.312378,-4.171204],[-39.309204,-4.172913],[-39.308716,-4.177124],[-39.30011,-4.177979],[-39.257507,-4.177185],[-39.204712,-4.174805],[-39.203003,-4.171326],[-39.202698,-4.166809],[-39.203003,-4.161804],[-39.201477,-4.158997],[-39.205078,-4.152405],[-39.206116,-4.149292],[-39.208313,-4.146606],[-39.209106,-4.142212],[-39.208496,-4.137878],[-39.206909,-4.132812],[-39.160583,-4.126709],[-39.160889,-4.121094],[-39.158997,-4.116211],[-39.158813,-4.110901],[-39.155579,-4.100708],[-39.156006,-4.09729],[-39.160095,-4.097229],[-39.164001,-4.095398],[-39.166809,-4.091614],[-39.171326,-4.092712],[-39.173706,-4.09082],[-39.17572,-4.087524],[-39.17511,-4.083618],[-39.177429,-4.079224],[-39.18042,-4.071411],[-39.181213,-4.06781],[-39.184814,-4.065918],[-39.186401,-4.062012],[-39.189087,-4.058777],[-39.194885,-4.057983],[-39.198608,-4.055908],[-39.202026,-4.052612],[-39.205017,-4.048828],[-39.210205,-4.048523],[-39.213806,-4.050415],[-39.215881,-4.053711],[-39.21698,-4.058411],[-39.218811,-4.061218],[-39.225098,-4.066895],[-39.227417,-4.072021],[-39.231812,-4.074829],[-39.237305,-4.076782],[-39.241882,-4.075012],[-39.247681,-4.076477],[-39.253296,-4.077026],[-39.25769,-4.076782],[-39.261902,-4.078613],[-39.268799,-4.083313],[-39.27063,-4.086121],[-39.285706,-4.084778],[-39.296204,-4.083679],[-39.302612,-4.083313],[-39.305786,-4.08429],[-39.314026,-4.087585],[-39.323914,-4.09021]]]},"properties":{"shapeName":"Paramoti","shapeISO":"56859067B60810447740053","shapeGroup":"BRA","shapeType":"ADM2","src_shape_id":"56859067B60810447740053","adm1ISO":"BR-CE"}},
{"type":"Feature","geometry":{"type":"Polygon","coordinates":[[[-40.021301,-5.328186],[-40.023621,-5.330811],[-40.023621,-5.334412],[-40.029419,-5.347412],[-40.035278,-5.350403],[-40.039612,-5.353027],[-40.042603,-5.353577],[-40.045288,-5.35553],[-40.051025,-5.356323],[-40.05719,-5.359619],[-40.059692,-5.361816],[-40.056519,-5.362427],[-40.053894,-5.363892],[-40.052979,-5.36731],[-40.056824,-5.371887],[-40.056519,-5.376221],[-40.058899,-5.381775],[-40.059082,-5.386108],[-40.061096,-5.389709],[-40.061096,-5.393188],[-40.059692,-5.396912],[-40.059692,-5.40271],[-40.061401,-5.406128],[-40.064819,-5.410522],[-40.062317,-5.41571],[-40.065796,-5.421692],[-40.067383,-5.425476],[-40.061401,-5.426819],[-40.060791,-5.42981],[-40.062012,-5.433777],[-40.057678,-5.43573],[-40.057312,-5.440613],[-40.055786,-5.444519],[-40.056519,-5.451294],[-40.055908,-5.454285],[-40.055176,-5.461609],[-40.049683,-5.463928],[-40.047424,-5.468384],[-40.049622,-5.473511],[-40.051392,-5.481079],[-40.052979,-5.484619],[-40.052795,-5.487793],[-40.045105,-5.488586],[-40.038513,-5.490479],[-40.034729,-5.487976],[-40.030212,-5.488403],[-40.02832,-5.491577],[-40.029419,-5.495911],[-40.030823,-5.504578],[-40.030396,-5.508118],[-40.026306,-5.508484],[-40.024902,-5.514893],[-40.021179,-5.513977],[-40.016785,-5.516418],[-40.014221,-5.518616],[-40.014709,-5.522217],[-40.016418,-5.525513],[-40.017212,-5.53009],[-40.015686,-5.534912],[-40.021301,-5.541016],[-40.023193,-5.544678],[-40.024292,-5.548096],[-40.026611,-5.552124],[-40.033325,-5.562012],[-40.036621,-5.564575],[-40.044312,-5.56543],[-40.049011,-5.56781],[-40.053528,-5.572998],[-40.055908,-5.574829],[-40.059692,-5.576416],[-40.063416,-5.577087],[-40.066711,-5.579102],[-40.073486,-5.580994],[-40.076599,-5.583618],[-40.076599,-5.586609],[-40.074402,-5.589294],[-40.066528,-5.589111],[-40.062012,-5.591187],[-40.057922,-5.596008],[-40.059082,-5.602478],[-40.058899,-5.607727],[-40.052185,-5.610229],[-40.054321,-5.613525],[-40.053528,-5.617798],[-40.053894,-5.620789],[-40.055786,-5.623413],[-40.05719,-5.629822],[-40.058411,-5.632629],[-40.062683,-5.635925],[-40.05542,-5.638489],[-40.054687,-5.642395],[-40.058105,-5.645813],[-40.060303,-5.649475],[-40.062012,-5.654114],[-40.066589,-5.65918],[-40.073181,-5.665405],[-40.072876,-5.669128],[-40.071228,-5.675293],[-40.068176,-5.67511],[-40.065002,-5.67981],[-40.063721,-5.686218],[-40.060486,-5.688904],[-40.056396,-5.690125],[-40.054016,-5.693176],[-40.050476,-5.695312],[-40.047485,-5.697815],[-40.048889,-5.701416],[-40.046814,-5.703613],[-40.045593,-5.707886],[-40.043213,-5.711304],[-40.034302,-5.71283],[-40.0271,-5.712402],[-40.022705,-5.711121],[-40.024719,-5.708008],[-40.028687,-5.706116],[-40.031311,-5.703979],[-40.036011,-5.702026],[-40.03772,-5.698608],[-40.03772,-5.694092],[-40.0401,-5.690796],[-40.041809,-5.686829],[-40.041321,-5.684021],[-40.042297,-5.681091],[-40.044617,-5.678711],[-40.049316,-5.67218],[-40.046814,-5.668518],[-40.043213,-5.664185],[-40.043213,-5.660583],[-40.038513,-5.653503],[-40.03772,-5.6474],[-40.031799,-5.641785],[-40.023987,-5.640503],[-40.021118,-5.642029],[-40.020386,-5.637817],[-40.022217,-5.634583],[-40.01709,-5.632812],[-40.014221,-5.630005],[-40.012512,-5.625916],[-40.004028,-5.626587],[-40.000977,-5.62561],[-39.99762,-5.626221],[-39.994324,-5.628296],[-39.990601,-5.631897],[-39.987488,-5.629883],[-39.983582,-5.631104],[-39.980713,-5.634827],[-39.974915,-5.632202],[-39.96759,-5.632812],[-39.965088,-5.631104],[-39.964722,-5.626221],[-39.961609,-5.619507],[-39.958313,-5.619812],[-39.956787,-5.622375],[-39.957825,-5.626221],[-39.954529,-5.629517],[-39.956116,-5.632812],[-39.956299,-5.636108],[-39.953613,-5.638],[-39.951721,-5.640198],[-39.946716,-5.638489],[-39.942322,-5.638977],[-39.939209,-5.637329],[-39.938721,-5.633911],[-39.933594,-5.633911],[-39.935608,-5.629822],[-39.93689,-5.625305],[-39.927917,-5.621704],[-39.924622,-5.62262],[-39.924622,-5.626892],[-39.922913,-5.63031],[-39.923889,-5.637695],[-39.920288,-5.637085],[-39.916382,-5.637207],[-39.912109,-5.641724],[-39.908081,-5.641785],[-39.904419,-5.639709],[-39.903015,-5.636414],[-39.900513,-5.634094],[-39.896729,-5.63269],[-39.893005,-5.630615],[-39.888916,-5.630981],[-39.885315,-5.629089],[-39.88031,-5.627686],[-39.87561,-5.628601],[-39.877686,-5.632812],[-39.877625,-5.638428],[-39.874512,-5.638611],[-39.870728,-5.634888],[-39.867187,-5.632202],[-39.865601,-5.629028],[-39.861206,-5.626404],[-39.853699,-5.626709],[-39.848877,-5.622803],[-39.849426,-5.617615],[-39.848816,-5.613586],[-39.847229,-5.611206],[-39.846313,-5.607483],[-39.848389,-5.603088],[-39.846008,-5.600403],[-39.841492,-5.600281],[-39.838013,-5.594788],[-39.834595,-5.591614],[-39.83252,-5.587524],[-39.831299,-5.583618],[-39.828003,-5.576599],[-39.825684,-5.573608],[-39.820923,-5.569397],[-39.816895,-5.56781],[-39.810181,-5.571411],[-39.805176,-5.572083],[-39.803223,-5.576111],[-39.800415,-5.577393],[-39.796509,-5.578308],[-39.791809,-5.580078],[-39.786804,-5.581421],[-39.782776,-5.583496],[-39.779175,-5.584412],[-39.776001,-5.586121],[-39.773376,-5.588684],[-39.770081,-5.588501],[-39.769409,-5.584229],[-39.767395,-5.581909],[-39.759888,-5.581909],[-39.755676,-5.5802],[-39.750427,-5.575928],[-39.746277,-5.584229],[-39.744812,-5.592224],[-39.742981,-5.595825],[-39.740112,-5.597107],[-39.736389,-5.597778],[-39.734009,-5.59552],[-39.725525,-5.594727],[-39.713013,-5.598022],[-39.707214,-5.598389],[-39.703613,-5.601379],[-39.699707,-5.599976],[-39.692383,-5.599487],[-39.691406,-5.604126],[-39.693298,-5.608887],[-39.693909,-5.613403],[-39.690186,-5.614685],[-39.68689,-5.616516],[-39.682983,-5.616394],[-39.675781,-5.621399],[-39.673218,-5.618286],[-39.66748,-5.616516],[-39.664917,-5.615112],[-39.662292,-5.612],[-39.651428,-5.613403],[-39.648315,-5.612793],[-39.639526,-5.609985],[-39.636108,-5.606323],[-39.631714,-5.606689],[-39.626404,-5.606812],[-39.622314,-5.603577],[-39.613098,-5.598816],[-39.60968,-5.593506],[-39.606079,-5.592224],[-39.603394,-5.589478],[-39.595703,-5.579102],[-39.593811,-5.574097],[-39.590576,-5.56842],[-39.590881,-5.565308],[-39.590393,-5.560913],[-39.586609,-5.557312],[-39.583801,-5.553711],[-39.582703,-5.548279],[-39.58313,-5.543213],[-39.585205,-5.540222],[-39.584106,-5.536316],[-39.578796,-5.53479],[-39.577209,-5.531982],[-39.577698,-5.528503],[-39.576721,-5.525818],[-39.573914,-5.526611],[-39.570007,-5.52533],[-39.566589,-5.525879],[-39.56488,-5.528992],[-39.561218,-5.531006],[-39.553894,-5.529297],[-39.552307,-5.526917],[-39.555786,-5.521179],[-39.558777,-5.518677],[-39.562012,-5.518616],[-39.565979,-5.519409],[-39.569214,-5.517517],[-39.570679,-5.515076],[-39.574524,-5.513123],[-39.577698,-5.506714],[-39.580994,-5.504028],[-39.586426,-5.504822],[-39.589478,-5.504578],[-39.594116,-5.502502],[-39.600891,-5.500183],[-39.604309,-5.491211],[-39.608704,-5.485901],[-39.611694,-5.485779],[-39.616577,-5.484619],[-39.621521,-5.482117],[-39.62561,-5.481384],[-39.628479,-5.480225],[-39.63208,-5.476685],[-39.63678,-5.473999],[-39.639282,-5.471985],[-39.637329,-5.468079],[-39.636719,-5.464905],[-39.639282,-5.461304],[-39.640015,-5.457214],[-39.64502,-5.453125],[-39.644409,-5.44812],[-39.647888,-5.442505],[-39.653809,-5.439819],[-39.65741,-5.439209],[-39.658508,-5.435608],[-39.658386,-5.432617],[-39.659302,-5.429321],[-39.661926,-5.42572],[-39.665222,-5.416626],[-39.668701,-5.411499],[-39.6698,-5.406799],[-39.667908,-5.402893],[-39.667603,-5.39978],[-39.667908,-5.392883],[-39.669006,-5.389587],[-39.668701,-5.386292],[-39.665222,-5.387695],[-39.662903,-5.384888],[-39.658508,-5.378418],[-39.656921,-5.372681],[-39.660706,-5.3703],[-39.661987,-5.367004],[-39.664429,-5.363708],[-39.674011,-5.361389],[-39.678711,-5.36261],[-39.682922,-5.362305],[-39.685181,-5.359802],[-39.688904,-5.358826],[-39.697388,-5.36261],[-39.70459,-5.36261],[-39.706177,-5.367126],[-39.706909,-5.370728],[-39.71521,-5.375427],[-39.719788,-5.376221],[-39.722229,-5.378784],[-39.725708,-5.379395],[-39.727905,-5.375427],[-39.728516,-5.370728],[-39.731506,-5.369324],[-39.741516,-5.371277],[-39.744812,-5.372681],[-39.749207,-5.36908],[-39.754089,-5.367615],[-39.758484,-5.368408],[-39.762817,-5.370117],[-39.76709,-5.372498],[-39.77063,-5.376892],[-39.78241,-5.3797],[-39.787903,-5.386108],[-39.795776,-5.393616],[-39.799316,-5.39801],[-39.803528,-5.393494],[-39.804504,-5.387512],[-39.80719,-5.384827],[-39.810425,-5.38678],[-39.812195,-5.389404],[-39.815613,-5.390076],[-39.817505,-5.384705],[-39.824707,-5.380981],[-39.827515,-5.375977],[-39.831787,-5.37439],[-39.83429,-5.372375],[-39.843384,-5.369507],[-39.851685,-5.371887],[-39.86261,-5.370911],[-39.868225,-5.372803],[-39.871094,-5.372925],[-39.875,-5.374329],[-39.879822,-5.377014],[-39.88269,-5.38031],[-39.884827,-5.385986],[-39.887085,-5.389282],[-39.890991,-5.390991],[-39.894592,-5.396301],[-39.89801,-5.396179],[-39.900696,-5.394226],[-39.90802,-5.391113],[-39.910828,-5.387512],[-39.913391,-5.386108],[-39.921021,-5.389587],[-39.923401,-5.386475],[-39.925293,-5.38269],[-39.93219,-5.377319],[-39.931519,-5.371277],[-39.933105,-5.367493],[-39.935425,-5.363525],[-39.938599,-5.362],[-39.942993,-5.361206],[-39.946289,-5.359009],[-39.945312,-5.35498],[-39.939819,-5.347717],[-39.943481,-5.343994],[-39.950378,-5.345093],[-39.956726,-5.347595],[-39.957397,-5.343994],[-39.956787,-5.340698],[-39.960022,-5.339905],[-39.966125,-5.343506],[-39.97052,-5.34491],[-39.978821,-5.346375],[-39.983093,-5.34668],[-39.989624,-5.349182],[-39.993408,-5.348511],[-40.001709,-5.346008],[-40.003723,-5.340576],[-40.006775,-5.3396],[-40.009583,-5.340393],[-40.012817,-5.342285],[-40.015625,-5.342896],[-40.018311,-5.34021],[-40.018127,-5.331177],[-40.021301,-5.328186]]]},"properties":{"shapeName":"Pedra Branca","shapeISO":"56859067B74270575685273","shapeGroup":"BRA","shapeType":"ADM2","src_shape_id":"56859067B74270575685273","adm1ISO":"BR-CE"}},
{"type":"Feature","geometry":{"type":"Polygon","coordinates":[[[-39.146118,-7.718079],[-39.142883,-7.718689],[-39.136475,-7.722778],[-39.133606,-7.725586],[-39.130676,-7.731201],[-39.127808,-7.735413],[-39.126282,-7.739197],[-39.123779,-7.743225],[-39.109375,-7.756775],[-39.106384,-7.760193],[-39.104797,-7.765625],[-39.102905,-7.770325],[-39.100281,-7.775696],[-39.100586,-7.779907],[-39.102112,-7.78479],[-39.101624,-7.78772],[-39.0979,-7.792419],[-39.096375,-7.795105],[-39.094482,-7.802307],[-39.092712,-7.804993],[-39.090576,-7.810486],[-39.092712,-7.821289],[-39.09198,-7.824097],[-39.087891,-7.832581],[-39.088318,-7.837402],[-39.093323,-7.842712],[-39.095825,-7.84668],[-39.096497,-7.850098],[-39.095398,-7.85321],[-39.09082,-7.857605],[-39.085327,-7.851685],[-39.071777,-7.844482],[-39.06488,-7.839478],[-39.062805,-7.836792],[-39.061279,-7.833496],[-39.056885,-7.821899],[-39.053711,-7.819275],[-39.039307,-7.820496],[-39.033508,-7.821899],[-39.028809,-7.824829],[-39.025696,-7.823914],[-39.023193,-7.818909],[-39.022095,-7.815796],[-39.017395,-7.8125],[-39.012512,-7.813477],[-39.010498,-7.816223],[-39.007507,-7.823608],[-39.004883,-7.835083],[-39.003418,-7.838013],[-39.000488,-7.840088],[-38.99469,-7.84021],[-38.990112,-7.843994],[-38.982178,-7.846008],[-38.978394,-7.845703],[-38.974976,-7.843018],[-38.970276,-7.845825],[-38.965881,-7.845581],[-38.966614,-7.841614],[-38.965088,-7.838013],[-38.967102,-7.83551],[-38.969788,-7.834412],[-38.970093,-7.831116],[-38.968994,-7.826416],[-38.966675,-7.823181],[-38.958923,-7.817627],[-38.956909,-7.810425],[-38.95752,-7.807312],[-38.960876,-7.803406],[-38.962585,-7.799805],[-38.963623,-7.795898],[-38.965027,-7.793091],[-38.965393,-7.789978],[-38.967712,-7.783325],[-38.969727,-7.780212],[-38.970886,-7.776917],[-38.974792,-7.776001],[-39.007996,-7.778198],[-39.02179,-7.770691],[-39.059509,-7.750488],[-39.068604,-7.731995],[-39.117981,-7.683777],[-39.118713,-7.686829],[-39.121521,-7.689209],[-39.123413,-7.693176],[-39.126892,-7.69519],[-39.129517,-7.698181],[-39.1297,-7.702698],[-39.131775,-7.705994],[-39.134277,-7.708313],[-39.140015,-7.711914],[-39.146118,-7.718079]]]},"properties":{"shapeName":"Penaforte","shapeISO":"56859067B64429510120789","shapeGroup":"BRA","shapeType":"ADM2","src_shape_id":"56859067B64429510120789","adm1ISO":"BR-CE"}},
{"type":"Feature","geometry":{"type":"Polygon","coordinates":[[[-39.202515,-4.045898],[-39.114929,-4.059204],[-39.063782,-4.066406],[-39.028381,-4.06311],[-39.026123,-4.058289],[-39.003479,-3.991699],[-38.988403,-3.979919],[-38.944397,-3.944519],[-38.946777,-3.941589],[-38.947693,-3.93689],[-38.954529,-3.933289],[-38.954529,-3.930298],[-38.957703,-3.927185],[-38.9599,-3.924316],[-38.96228,-3.922424],[-38.961487,-3.918884],[-38.958923,-3.914612],[-38.961426,-3.907288],[-38.968506,-3.897827],[-38.973511,-3.897217],[-38.978088,-3.895813],[-38.979675,-3.893188],[-38.97821,-3.889709],[-38.978699,-3.88562],[-38.98053,-3.88269],[-38.981628,-3.879089],[-38.984192,-3.876587],[-38.987427,-3.8703],[-38.987122,-3.867187],[-38.985596,-3.864014],[-38.985413,-3.860779],[-38.9953,-3.85199],[-38.997803,-3.848877],[-38.999023,-3.842712],[-38.998413,-3.8396],[-38.998291,-3.83429],[-38.995422,-3.830811],[-38.991882,-3.827515],[-38.988098,-3.824707],[-38.984924,-3.819885],[-38.983215,-3.814697],[-38.982788,-3.807007],[-38.98291,-3.795715],[-38.982483,-3.789185],[-38.981018,-3.783813],[-38.978821,-3.779419],[-38.976318,-3.776917],[-38.973206,-3.775513],[-38.964722,-3.772888],[-38.957581,-3.768311],[-38.956421,-3.764709],[-38.955994,-3.760803],[-38.957581,-3.758301],[-38.956909,-3.753601],[-38.955811,-3.750427],[-38.955627,-3.747498],[-38.956482,-3.744629],[-38.955811,-3.741821],[-38.956726,-3.739014],[-38.954712,-3.730225],[-38.952026,-3.725708],[-38.953491,-3.721375],[-38.955994,-3.71991],[-38.958679,-3.721008],[-38.960693,-3.718079],[-38.960205,-3.713501],[-39.001526,-3.684998],[-39.113281,-3.69989],[-39.143311,-3.703918],[-39.184814,-3.697388],[-39.215576,-3.69281],[-39.229187,-3.703796],[-39.267212,-3.730408],[-39.2771,-3.736877],[-39.280029,-3.737122],[-39.287109,-3.738708],[-39.29541,-3.738281],[-39.303284,-3.736328],[-39.31012,-3.733582],[-39.316528,-3.733093],[-39.320312,-3.732117],[-39.324402,-3.733582],[-39.328308,-3.738708],[-39.330811,-3.740601],[-39.335022,-3.742676],[-39.339111,-3.744019],[-39.34259,-3.742126],[-39.34491,-3.740112],[-39.345703,-3.737183],[-39.347717,-3.734314],[-39.351013,-3.733276],[-39.351318,-3.737488],[-39.35498,-3.740295],[-39.3573,-3.745728],[-39.361816,-3.753418],[-39.363403,-3.762085],[-39.364807,-3.76532],[-39.367493,-3.7677],[-39.370911,-3.768127],[-39.374207,-3.767578],[-39.378113,-3.764709],[-39.381104,-3.763123],[-39.388794,-3.764709],[-39.392212,-3.764587],[-39.396484,-3.765686],[-39.397888,-3.769287],[-39.396912,-3.77301],[-39.399109,-3.776428],[-39.402527,-3.777588],[-39.405029,-3.779175],[-39.412109,-3.78241],[-39.415222,-3.783508],[-39.419128,-3.78302],[-39.424622,-3.786011],[-39.431519,-3.78418],[-39.43573,-3.788513],[-39.435181,-3.791809],[-39.432495,-3.793579],[-39.429687,-3.796509],[-39.429626,-3.800598],[-39.425415,-3.821289],[-39.424377,-3.824097],[-39.420715,-3.825195],[-39.416687,-3.825012],[-39.414795,-3.829102],[-39.406189,-3.831909],[-39.354187,-3.844421],[-39.348999,-3.837524],[-39.344482,-3.849182],[-39.341003,-3.859009],[-39.338501,-3.865295],[-39.318604,-3.912598],[-39.308716,-3.936401],[-39.297913,-3.924377],[-39.293091,-3.9198],[-39.288818,-3.920593],[-39.284485,-3.919922],[-39.278687,-3.916809],[-39.275513,-3.916809],[-39.269104,-3.915222],[-39.25061,-3.899719],[-39.247009,-3.89801],[-39.243103,-3.897705],[-39.240784,-3.899475],[-39.239319,-3.901917],[-39.231323,-3.918396],[-39.220215,-3.935486],[-39.214478,-3.945312],[-39.194092,-3.955383],[-39.186096,-3.955505],[-39.189575,-3.958801],[-39.192627,-3.960815],[-39.193787,-3.967896],[-39.19281,-3.970581],[-39.190613,-3.972595],[-39.183228,-3.977112],[-39.183899,-3.981201],[-39.18689,-3.984009],[-39.191589,-3.99231],[-39.187927,-3.997681],[-39.18573,-4.002014],[-39.187317,-4.006592],[-39.191895,-4.010498],[-39.192688,-4.013611],[-39.193481,-4.021912],[-39.192688,-4.030579],[-39.195312,-4.03418],[-39.198486,-4.037598],[-39.202515,-4.045898]]]},"properties":{"shapeName":"Pentecoste","shapeISO":"56859067B67675566345741","shapeGroup":"BRA","shapeType":"ADM2","src_shape_id":"56859067B67675566345741","adm1ISO":"BR-CE"}},
{"type":"Feature","geometry":{"type":"Polygon","coordinates":[[[-38.412292,-5.899109],[-38.414978,-5.901306],[-38.419006,-5.899902],[-38.416992,-5.886597],[-38.418396,-5.880493],[-38.422485,-5.879517],[-38.433777,-5.885498],[-38.436707,-5.885315],[-38.439209,-5.882812],[-38.442078,-5.877686],[-38.446411,-5.878906],[-38.449402,-5.879089],[-38.455994,-5.872009],[-38.460327,-5.870911],[-38.471497,-5.87561],[-38.474792,-5.878479],[-38.477478,-5.885193],[-38.475281,-5.888306],[-38.47821,-5.888794],[-38.481079,-5.887329],[-38.483215,-5.884277],[-38.478577,-5.868713],[-38.478027,-5.86438],[-38.475708,-5.857788],[-38.473877,-5.849121],[-38.472229,-5.845398],[-38.467529,-5.826782],[-38.464905,-5.821411],[-38.463318,-5.810303],[-38.464905,-5.806213],[-38.467529,-5.803223],[-38.462585,-5.795227],[-38.46228,-5.792297],[-38.463196,-5.787476],[-38.462891,-5.781799],[-38.467896,-5.778809],[-38.472778,-5.778503],[-38.477112,-5.779785],[-38.47821,-5.783386],[-38.48291,-5.788513],[-38.484924,-5.791809],[-38.484497,-5.796326],[-38.479919,-5.795776],[-38.481079,-5.800781],[-38.484985,-5.804504],[-38.488098,-5.805298],[-38.48761,-5.808777],[-38.484924,-5.809998],[-38.484375,-5.813599],[-38.479919,-5.812195],[-38.478027,-5.81842],[-38.479004,-5.822327],[-38.482483,-5.826416],[-38.485413,-5.830627],[-38.485413,-5.833679],[-38.48291,-5.835876],[-38.481995,-5.840027],[-38.482727,-5.849304],[-38.485596,-5.855713],[-38.487122,-5.863281],[-38.489319,-5.869812],[-38.491699,-5.872375],[-38.493225,-5.869812],[-38.494507,-5.866089],[-38.497192,-5.864624],[-38.502319,-5.870483],[-38.507507,-5.873718],[-38.512512,-5.879883],[-38.511108,-5.887085],[-38.511292,-5.89032],[-38.508118,-5.893799],[-38.504822,-5.894287],[-38.504883,-5.89801],[-38.50592,-5.905884],[-38.50531,-5.913818],[-38.502991,-5.916016],[-38.498779,-5.911926],[-38.498291,-5.916321],[-38.498901,-5.919312],[-38.498901,-5.926025],[-38.495911,-5.923218],[-38.49469,-5.919922],[-38.491394,-5.915588],[-38.491699,-5.919189],[-38.491394,-5.926697],[-38.493225,-5.9375],[-38.495789,-5.9422],[-38.498596,-5.950012],[-38.499207,-5.954102],[-38.502014,-5.956421],[-38.505127,-5.957703],[-38.503601,-5.960876],[-38.503601,-5.963928],[-38.510498,-5.971008],[-38.511475,-5.975586],[-38.516479,-5.98291],[-38.515015,-5.98761],[-38.51001,-5.986328],[-38.506409,-5.984009],[-38.501587,-5.975708],[-38.496094,-5.967102],[-38.491211,-5.96051],[-38.490479,-5.957275],[-38.487976,-5.954529],[-38.484375,-5.952698],[-38.480591,-5.948608],[-38.475891,-5.944275],[-38.474915,-5.93988],[-38.472412,-5.937622],[-38.466675,-5.934387],[-38.461792,-5.929626],[-38.45752,-5.924194],[-38.456909,-5.927979],[-38.453613,-5.926697],[-38.454102,-5.929687],[-38.456909,-5.932007],[-38.456421,-5.936279],[-38.451477,-5.935913],[-38.453125,-5.938477],[-38.456116,-5.940002],[-38.460205,-5.939514],[-38.463623,-5.939697],[-38.464905,-5.945312],[-38.469482,-5.947083],[-38.4729,-5.949097],[-38.478516,-5.954224],[-38.483826,-5.961121],[-38.489014,-5.969299],[-38.493896,-5.979797],[-38.494324,-5.983826],[-38.496887,-5.988098],[-38.501709,-5.993713],[-38.502991,-5.997009],[-38.508179,-6.004211],[-38.508484,-6.007385],[-38.510803,-6.012329],[-38.519897,-6.0271],[-38.522705,-6.029175],[-38.529419,-6.036377],[-38.533325,-6.039307],[-38.533325,-6.036377],[-38.530823,-6.032227],[-38.530579,-6.029175],[-38.528381,-6.0271],[-38.527527,-6.023193],[-38.529907,-6.020813],[-38.529724,-6.017029],[-38.525513,-6.012512],[-38.527222,-6.009521],[-38.527283,-6.002808],[-38.530518,-6.006287],[-38.533875,-6.019592],[-38.534119,-6.024475],[-38.533508,-6.027527],[-38.535095,-6.030518],[-38.537476,-6.038513],[-38.539795,-6.041199],[-38.53772,-6.045898],[-38.541626,-6.051819],[-38.540405,-6.055725],[-38.54303,-6.066101],[-38.54541,-6.07428],[-38.548889,-6.077576],[-38.553101,-6.078491],[-38.556702,-6.081482],[-38.558411,-6.086975],[-38.557007,-6.09021],[-38.559998,-6.09021],[-38.56012,-6.095276],[-38.559326,-6.100098],[-38.557678,-6.104187],[-38.559387,-6.111389],[-38.559387,-6.116211],[-38.561707,-6.121094],[-38.564209,-6.123779],[-38.565613,-6.119385],[-38.565613,-6.116211],[-38.568481,-6.117493],[-38.570923,-6.122314],[-38.575378,-6.128601],[-38.578796,-6.134583],[-38.581116,-6.137512],[-38.584412,-6.140015],[-38.583801,-6.142883],[-38.578125,-6.140015],[-38.580383,-6.147522],[-38.584717,-6.155212],[-38.585876,-6.159607],[-38.588623,-6.165222],[-38.594177,-6.1698],[-38.598389,-6.171509],[-38.599915,-6.176392],[-38.599609,-6.186584],[-38.594788,-6.190125],[-38.592896,-6.194519],[-38.590881,-6.197815],[-38.587585,-6.200928],[-38.584229,-6.202698],[-38.580811,-6.205627],[-38.576599,-6.206787],[-38.572205,-6.207275],[-38.569885,-6.21759],[-38.567993,-6.220886],[-38.565796,-6.222778],[-38.561279,-6.229309],[-38.556396,-6.230713],[-38.552612,-6.233398],[-38.548279,-6.232788],[-38.541077,-6.229797],[-38.536499,-6.229309],[-38.524719,-6.224426],[-38.520996,-6.223816],[-38.529297,-6.213684],[-38.529114,-6.210693],[-38.52771,-6.20813],[-38.528076,-6.203003],[-38.525879,-6.19812],[-38.527222,-6.193298],[-38.521912,-6.1922],[-38.518494,-6.190796],[-38.512512,-6.192017],[-38.508911,-6.191589],[-38.502075,-6.191528],[-38.501892,-6.183777],[-38.50061,-6.179687],[-38.497375,-6.176392],[-38.492798,-6.174194],[-38.491028,-6.170227],[-38.487,-6.1651],[-38.478088,-6.159302],[-38.475403,-6.156982],[-38.473206,-6.152893],[-38.47229,-6.148682],[-38.475891,-6.145691],[-38.474304,-6.142212],[-38.472412,-6.13501],[-38.47052,-6.132812],[-38.46991,-6.1297],[-38.468384,-6.127197],[-38.466003,-6.121399],[-38.461609,-6.111816],[-38.458313,-6.108398],[-38.452393,-6.106689],[-38.450623,-6.103088],[-38.445312,-6.102295],[-38.441406,-6.098022],[-38.44342,-6.094482],[-38.44458,-6.089905],[-38.446777,-6.085327],[-38.443481,-6.084717],[-38.43988,-6.081604],[-38.437378,-6.078491],[-38.433777,-6.078308],[-38.428101,-6.072205],[-38.426575,-6.068909],[-38.424194,-6.066589],[-38.416809,-6.062378],[-38.411499,-6.058411],[-38.40448,-6.057129],[-38.410583,-6.042297],[-38.42041,-6.016113],[-38.421387,-6.010803],[-38.415222,-6.008728],[-38.413818,-6.005981],[-38.411011,-6.005188],[-38.408325,-6.00293],[-38.403809,-6.001709],[-38.402527,-5.998596],[-38.398376,-5.994812],[-38.400513,-5.973999],[-38.405212,-5.9422],[-38.408691,-5.919189],[-38.412292,-5.899109]]]},"properties":{"shapeName":"Pereiro","shapeISO":"56859067B91951867659081","shapeGroup":"BRA","shapeType":"ADM2","src_shape_id":"56859067B91951867659081","adm1ISO":"BR-CE"}},
{"type":"Feature","geometry":{"type":"Polygon","coordinates":[[[-38.3703,-4.065613],[-38.359009,-4.071228],[-38.356079,-4.073914],[-38.353516,-4.077515],[-38.35321,-4.080811],[-38.349426,-4.087097],[-38.345886,-4.088379],[-38.336609,-4.089478],[-38.327393,-4.091003],[-38.318298,-4.092102],[-38.311829,-4.093201],[-38.303894,-4.094116],[-38.299622,-4.095215],[-38.294922,-4.095398],[-38.291382,-4.096497],[-38.284424,-4.102722],[-38.285278,-4.097595],[-38.287598,-4.088989],[-38.294006,-4.06311],[-38.291077,-4.0625],[-38.286987,-4.064819],[-38.279297,-4.065186],[-38.276611,-4.067078],[-38.267578,-4.071777],[-38.263916,-4.07312],[-38.262085,-4.070007],[-38.260315,-4.06189],[-38.259888,-4.0578],[-38.258301,-4.054199],[-38.256592,-4.047607],[-38.256226,-4.044312],[-38.253296,-4.044006],[-38.243896,-4.041687],[-38.240295,-4.042297],[-38.235901,-4.039124],[-38.235779,-4.033875],[-38.23761,-4.023499],[-38.240723,-4.026184],[-38.244324,-4.026917],[-38.247009,-4.028198],[-38.253784,-4.028381],[-38.265198,-4.026428],[-38.268616,-4.0271],[-38.276123,-4.025696],[-38.27948,-4.02301],[-38.283325,-4.022217],[-38.286499,-4.022705],[-38.291626,-4.021729],[-38.294922,-4.018616],[-38.30188,-4.015076],[-38.312683,-4.011108],[-38.313721,-4.014893],[-38.315796,-4.018616],[-38.320312,-4.019897],[-38.320923,-4.024597],[-38.320679,-4.027893],[-38.322815,-4.031006],[-38.326111,-4.030212],[-38.327698,-4.026794],[-38.332275,-4.029419],[-38.336304,-4.031006],[-38.338379,-4.034302],[-38.341919,-4.038208],[-38.344177,-4.045776],[-38.350525,-4.048096],[-38.3703,-4.065613]]]},"properties":{"shapeName":"Pindoretama","shapeISO":"56859067B47488412612818","shapeGroup":"BRA","shapeType":"ADM2","src_shape_id":"56859067B47488412612818","adm1ISO":"BR-CE"}},
{"type":"Feature","geometry":{"type":"Polygon","coordinates":[[[-39.364075,-5.979919],[-39.363098,-5.976501],[-39.361389,-5.973022],[-39.35791,-5.970215],[-39.357483,-5.96698],[-39.354797,-5.963379],[-39.355408,-5.958496],[-39.353394,-5.955322],[-39.353027,-5.952026],[-39.362488,-5.952026],[-39.363708,-5.949219],[-39.366211,-5.946716],[-39.36438,-5.939697],[-39.363892,-5.936218],[-39.361694,-5.932678],[-39.358276,-5.929199],[-39.359619,-5.921204],[-39.36261,-5.918518],[-39.365112,-5.914612],[-39.369812,-5.913879],[-39.373413,-5.912109],[-39.37561,-5.910095],[-39.373718,-5.906982],[-39.370911,-5.906128],[-39.368408,-5.904419],[-39.367187,-5.901123],[-39.362793,-5.89978],[-39.35791,-5.896912],[-39.357117,-5.893677],[-39.357605,-5.888977],[-39.357422,-5.883911],[-39.355103,-5.880676],[-39.350708,-5.879089],[-39.350281,-5.874207],[-39.350098,-5.866089],[-39.353821,-5.86322],[-39.348877,-5.859924],[-39.344604,-5.855408],[-39.341919,-5.851624],[-39.335876,-5.849915],[-39.332886,-5.847595],[-39.329529,-5.847595],[-39.32489,-5.845093],[-39.323425,-5.838928],[-39.321411,-5.832275],[-39.325317,-5.833313],[-39.333618,-5.834778],[-39.338501,-5.833008],[-39.344482,-5.832092],[-39.343506,-5.829285],[-39.343201,-5.825378],[-39.341492,-5.81958],[-39.344116,-5.816101],[-39.341492,-5.808899],[-39.338928,-5.806702],[-39.334229,-5.800781],[-39.331177,-5.795898],[-39.327881,-5.791687],[-39.328491,-5.786987],[-39.326477,-5.782593],[-39.349609,-5.771606],[-39.385681,-5.753296],[-39.434509,-5.728577],[-39.453308,-5.738586],[-39.453796,-5.734497],[-39.456726,-5.731201],[-39.456909,-5.726196],[-39.460022,-5.722778],[-39.462219,-5.718506],[-39.461792,-5.715393],[-39.46051,-5.712585],[-39.463501,-5.71283],[-39.466309,-5.710388],[-39.471008,-5.711121],[-39.476013,-5.702698],[-39.47998,-5.703613],[-39.480408,-5.708313],[-39.481995,-5.711487],[-39.485718,-5.713806],[-39.489014,-5.721802],[-39.492493,-5.724609],[-39.49823,-5.723816],[-39.502014,-5.724609],[-39.504211,-5.732422],[-39.507507,-5.739624],[-39.530518,-5.792175],[-39.546204,-5.825317],[-39.549011,-5.828613],[-39.550293,-5.832397],[-39.553101,-5.834412],[-39.553528,-5.837708],[-39.555908,-5.84491],[-39.556396,-5.850098],[-39.554321,-5.852417],[-39.549927,-5.854004],[-39.547729,-5.861206],[-39.546875,-5.868286],[-39.549316,-5.88031],[-39.551697,-5.884583],[-39.552124,-5.894104],[-39.553589,-5.896729],[-39.552002,-5.899109],[-39.550476,-5.903198],[-39.552307,-5.913086],[-39.55481,-5.919189],[-39.556885,-5.922913],[-39.559875,-5.93042],[-39.559326,-5.933411],[-39.560608,-5.937195],[-39.561829,-5.943298],[-39.562195,-5.950989],[-39.561401,-5.954895],[-39.563599,-5.959229],[-39.566223,-5.962097],[-39.56543,-5.966309],[-39.567505,-5.97522],[-39.567505,-5.982117],[-39.566528,-5.98761],[-39.564697,-5.990784],[-39.563293,-5.994629],[-39.562195,-6.00061],[-39.561218,-6.009216],[-39.559082,-6.011414],[-39.55542,-6.012207],[-39.551025,-6.012024],[-39.548828,-6.009888],[-39.547485,-6.007202],[-39.546204,-5.999023],[-39.543213,-5.989807],[-39.540588,-5.985596],[-39.536621,-5.980713],[-39.533081,-5.97821],[-39.530212,-5.977722],[-39.526611,-5.981201],[-39.522827,-5.981506],[-39.519226,-5.982788],[-39.509094,-5.983276],[-39.506409,-5.980896],[-39.502319,-5.98053],[-39.498413,-5.981384],[-39.495789,-5.983887],[-39.491089,-5.985229],[-39.487183,-5.983704],[-39.482117,-5.987427],[-39.478394,-5.987427],[-39.474609,-5.985291],[-39.469482,-5.983582],[-39.466309,-5.981201],[-39.45813,-5.98053],[-39.450012,-5.980225],[-39.440491,-5.98291],[-39.436584,-5.98468],[-39.432007,-5.984375],[-39.421997,-5.987122],[-39.414917,-5.984924],[-39.414185,-5.981201],[-39.412109,-5.976379],[-39.404785,-5.975891],[-39.399414,-5.974182],[-39.394226,-5.973328],[-39.386292,-5.973694],[-39.381775,-5.973511],[-39.377808,-5.976318],[-39.371887,-5.978577],[-39.364075,-5.979919]]]},"properties":{"shapeName":"Piquet Carneiro","shapeISO":"56859067B98539015493985","shapeGroup":"BRA","shapeType":"ADM2","src_shape_id":"56859067B98539015493985","adm1ISO":"BR-CE"}},
{"type":"Feature","geometry":{"type":"Polygon","coordinates":[[[-40.450806,-4.260315],[-40.441711,-4.254211],[-40.439697,-4.252075],[-40.441711,-4.245911],[-40.442505,-4.234009],[-40.447388,-4.225891],[-40.449219,-4.221985],[-40.450684,-4.216187],[-40.450989,-4.20929],[-40.453918,-4.212708],[-40.456909,-4.21521],[-40.46521,-4.218994],[-40.471985,-4.223206],[-40.478088,-4.227905],[-40.483093,-4.232178],[-40.485901,-4.235779],[-40.489319,-4.243408],[-40.491516,-4.245605],[-40.499207,-4.245422],[-40.505676,-4.246887],[-40.509399,-4.248413],[-40.519287,-4.256592],[-40.52301,-4.255981],[-40.526428,-4.2547],[-40.529785,-4.251404],[-40.531616,-4.247925],[-40.536316,-4.241882],[-40.53949,-4.236511],[-40.543091,-4.231384],[-40.546204,-4.228394],[-40.548279,-4.220581],[-40.55011,-4.215393],[-40.553528,-4.213501],[-40.555481,-4.211182],[-40.561584,-4.206726],[-40.566223,-4.205811],[-40.573792,-4.206787],[-40.579102,-4.207092],[-40.585693,-4.202209],[-40.59021,-4.200928],[-40.59491,-4.200989],[-40.598877,-4.20282],[-40.60498,-4.207214],[-40.60791,-4.207825],[-40.613281,-4.208008],[-40.674622,-4.211609],[-40.688782,-4.209229],[-40.684814,-4.213623],[-40.687622,-4.216675],[-40.689087,-4.220581],[-40.692688,-4.222717],[-40.696777,-4.227905],[-40.695007,-4.230591],[-40.697388,-4.240112],[-40.701111,-4.244019],[-40.698303,-4.245728],[-40.696411,-4.248108],[-40.696106,-4.253479],[-40.696716,-4.25769],[-40.695984,-4.261292],[-40.695801,-4.266418],[-40.697083,-4.271179],[-40.699402,-4.276917],[-40.701782,-4.280518],[-40.702881,-4.284119],[-40.699097,-4.288391],[-40.689819,-4.290222],[-40.686829,-4.291626],[-40.682678,-4.292297],[-40.680908,-4.296814],[-40.676697,-4.298523],[-40.672607,-4.298828],[-40.668884,-4.302612],[-40.664978,-4.308289],[-40.647888,-4.294922],[-40.641296,-4.299622],[-40.631409,-4.302979],[-40.623596,-4.304077],[-40.621094,-4.305908],[-40.619507,-4.308411],[-40.612976,-4.30542],[-40.608582,-4.304993],[-40.600525,-4.307678],[-40.597717,-4.309326],[-40.593628,-4.309509],[-40.584717,-4.308411],[-40.581909,-4.307312],[-40.578125,-4.3078],[-40.571411,-4.312317],[-40.567627,-4.314392],[-40.56311,-4.313721],[-40.558594,-4.314392],[-40.554687,-4.314087],[-40.547729,-4.310913],[-40.53949,-4.307983],[-40.517517,-4.302307],[-40.478821,-4.292725],[-40.475281,-4.288208],[-40.472717,-4.283691],[-40.468811,-4.274475],[-40.467102,-4.271912],[-40.463013,-4.268311],[-40.450806,-4.260315]]]},"properties":{"shapeName":"Pires Ferreira","shapeISO":"56859067B7581149614600","shapeGroup":"BRA","shapeType":"ADM2","src_shape_id":"56859067B7581149614600","adm1ISO":"BR-CE"}},
{"type":"Feature","geometry":{"type":"MultiPolygon","coordinates":[[[[-41.121704,-5.026428],[-41.051086,-5.024597],[-41.052612,-5.020691],[-41.052002,-5.017212],[-41.050476,-5.013123],[-41.047119,-5.006104],[-41.04541,-5.003784],[-41.044312,-5.00061],[-41.043579,-4.994202],[-41.043518,-4.989807],[-41.041016,-4.986328],[-41.039978,-4.981506],[-41.037903,-4.974915],[-41.036194,-4.971497],[-41.035217,-4.967102],[-41.031311,-4.961426],[-41.027893,-4.959229],[-41.025085,-4.9552],[-41.021912,-4.953613],[-41.018188,-4.948425],[-41.011414,-4.942383],[-41.008301,-4.939026],[-41.007324,-4.935486],[-41.004883,-4.93219],[-41.003479,-4.928406],[-41.000183,-4.927307],[-40.997009,-4.921509],[-40.991821,-4.915527],[-40.988708,-4.914429],[-40.986511,-4.911987],[-40.982788,-4.90979],[-40.978577,-4.908203],[-40.973877,-4.902283],[-40.970398,-4.901184],[-40.966309,-4.89801],[-40.962708,-4.894592],[-40.959778,-4.8927],[-40.956482,-4.892822],[-40.953003,-4.89032],[-40.950195,-4.887207],[-40.946289,-4.886475],[-40.942993,-4.883789],[-40.938904,-4.883118],[-40.934509,-4.883606],[-40.926208,-4.885376],[-40.921021,-4.883789],[-40.916809,-4.881104],[-40.910583,-4.87561],[-40.907776,-4.874084],[-40.899109,-4.872009],[-40.89563,-4.868896],[-40.885498,-4.865906],[-40.882385,-4.867615],[-40.879395,-4.868286],[-40.872192,-4.863098],[-40.880676,-4.859802],[-40.87561,-4.853394],[-40.879211,-4.850281],[-40.878601,-4.847107],[-40.881226,-4.842529],[-40.8797,-4.838623],[-40.87738,-4.835693],[-40.876404,-4.832214],[-40.880005,-4.829895],[-40.878601,-4.82312],[-40.878113,-4.817688],[-40.878784,-4.814026],[-40.885193,-4.798279],[-40.881287,-4.799805],[-40.881897,-4.793213],[-40.879211,-4.787415],[-40.882324,-4.78418],[-40.882812,-4.777527],[-40.8797,-4.768311],[-40.882324,-4.759094],[-40.883118,-4.753113],[-40.880798,-4.74939],[-40.877808,-4.747803],[-40.873596,-4.74292],[-40.871826,-4.739014],[-40.867493,-4.731812],[-40.867981,-4.7276],[-40.870789,-4.72522],[-40.871277,-4.72229],[-40.871521,-4.712402],[-40.870117,-4.709229],[-40.867126,-4.705994],[-40.867615,-4.700989],[-40.866211,-4.697021],[-40.862183,-4.690002],[-40.859802,-4.687988],[-40.853394,-4.68573],[-40.854187,-4.679626],[-40.853882,-4.676575],[-40.850403,-4.673279],[-40.853699,-4.672302],[-40.856689,-4.672791],[-40.860229,-4.678406],[-40.862915,-4.680725],[-40.867615,-4.683105],[-40.871094,-4.685913],[-40.872986,-4.688293],[-40.874329,-4.691589],[-40.874512,-4.695496],[-40.873596,-4.699524],[-40.876099,-4.703796],[-40.880615,-4.709106],[-40.886902,-4.713806],[-40.888,-4.716492],[-40.955811,-4.714722],[-40.959778,-4.699707],[-40.961426,-4.694275],[-40.963928,-4.690125],[-40.96698,-4.691711],[-40.970825,-4.691406],[-40.973816,-4.689209],[-40.97699,-4.684204],[-40.983521,-4.667786],[-40.986694,-4.661011],[-40.991211,-4.659912],[-40.997986,-4.655029],[-41.006409,-4.651306],[-41.012878,-4.645813],[-41.017395,-4.643616],[-41.025085,-4.642029],[-41.029297,-4.639893],[-41.033813,-4.636108],[-41.041809,-4.633301],[-41.051208,-4.628906],[-41.055725,-4.625305],[-41.059082,-4.621399],[-41.065186,-4.617126],[-41.069519,-4.615295],[-41.073425,-4.615906],[-41.078491,-4.615112],[-41.087524,-4.612793],[-41.091492,-4.610291],[-41.093506,-4.607483],[-41.099792,-4.602722],[-41.105225,-4.6026],[-41.111877,-4.601501],[-41.116211,-4.601624],[-41.126709,-4.600403],[-41.132019,-4.598999],[-41.140503,-4.599609],[-41.146912,-4.599426],[-41.149597,-4.597412],[-41.154175,-4.595703],[-41.162781,-4.59198],[-41.166199,-4.591309],[-41.176392,-4.59082],[-41.183411,-4.59259],[-41.185913,-4.588623],[-41.18573,-4.581299],[-41.184875,-4.578491],[-41.189209,-4.578308],[-41.197205,-4.582275],[-41.200684,-4.584778],[-41.205078,-4.58551],[-41.211914,-4.584717],[-41.216797,-4.582581],[-41.217896,-4.576111],[-41.222412,-4.574402],[-41.226196,-4.575623],[-41.221619,-4.579712],[-41.221497,-4.583984],[-41.223022,-4.589783],[-41.226807,-4.597412],[-41.231079,-4.603577],[-41.233276,-4.609985],[-41.229919,-4.618896],[-41.225586,-4.621094],[-41.223389,-4.623718],[-41.217285,-4.628906],[-41.207397,-4.634094],[-41.20282,-4.638184],[-41.199219,-4.644104],[-41.19519,-4.648804],[-41.190308,-4.656128],[-41.187012,-4.658875],[-41.185608,-4.661987],[-41.179382,-4.665405],[-41.175903,-4.664917],[-41.173828,-4.667725],[-41.176208,-4.671204],[-41.181396,-4.673523],[-41.185913,-4.679321],[-41.187927,-4.684021],[-41.190979,-4.686218],[-41.193604,-4.689026],[-41.196899,-4.694824],[-41.202515,-4.701904],[-41.2146,-4.712708],[-41.217896,-4.717529],[-41.223816,-4.720886],[-41.225891,-4.726501],[-41.227722,-4.728699],[-41.231018,-4.730896],[-41.234009,-4.733704],[-41.236511,-4.739807],[-41.23468,-4.745422],[-41.238708,-4.748779],[-41.243713,-4.750793],[-41.25,-4.75769],[-41.247925,-4.761719],[-41.241882,-4.765015],[-41.23822,-4.765808],[-41.233887,-4.768799],[-41.226807,-4.770691],[-41.221375,-4.770203],[-41.216919,-4.770813],[-41.212708,-4.771912],[-41.208313,-4.775879],[-41.208008,-4.780212],[-41.2099,-4.783325],[-41.213806,-4.785706],[-41.220703,-4.78772],[-41.223511,-4.7901],[-41.225098,-4.797302],[-41.229919,-4.800781],[-41.232483,-4.804504],[-41.233582,-4.809204],[-41.232605,-4.812622],[-41.233582,-4.816406],[-41.241211,-4.821411],[-41.243103,-4.828308],[-41.240601,-4.838379],[-41.239807,-4.849182],[-41.239624,-4.855408],[-41.241882,-4.860229],[-41.244507,-4.863708],[-41.249512,-4.868408],[-41.240723,-4.88031],[-41.233704,-4.88678],[-41.228394,-4.89209],[-41.23468,-4.901611],[-41.234924,-4.905701],[-41.234009,-4.908386],[-41.226807,-4.919312],[-41.2229,-4.926514],[-41.221619,-4.937317],[-41.217896,-4.939209],[-41.211182,-4.938293],[-41.209106,-4.94043],[-41.209595,-4.945618],[-41.205811,-4.948914],[-41.20282,-4.94928],[-41.200195,-4.944519],[-41.198914,-4.94043],[-41.197327,-4.937378],[-41.193481,-4.939575],[-41.190002,-4.940125],[-41.185303,-4.943298],[-41.183594,-4.945923],[-41.180115,-4.948608],[-41.17511,-4.958496],[-41.171875,-4.961792],[-41.169189,-4.963806],[-41.167175,-4.966187],[-41.16449,-4.973083],[-41.157776,-4.981384],[-41.154175,-4.987915],[-41.14978,-4.99231],[-41.145386,-4.991211],[-41.138977,-4.984619],[-41.135376,-4.997803],[-41.131226,-5.00293],[-41.123413,-5.007019],[-41.121277,-5.012695],[-41.122009,-5.015686],[-41.121826,-5.018799],[-41.120605,-5.022583],[-41.121704,-5.026428]]],[[[-41.226196,-4.575623],[-41.229614,-4.57312],[-41.232788,-4.572998],[-41.236816,-4.573792],[-41.23468,-4.575928],[-41.226196,-4.575623]]]]},"properties":{"shapeName":"Poranga","shapeISO":"56859067B70222133799440","shapeGroup":"BRA","shapeType":"ADM2","src_shape_id":"56859067B70222133799440","adm1ISO":"BR-CE"}},
{"type":"Feature","geometry":{"type":"Polygon","coordinates":[[[-39.145996,-7.454407],[-39.153503,-7.450928],[-39.161804,-7.456482],[-39.187195,-7.473877],[-39.194885,-7.503601],[-39.185913,-7.525513],[-39.171997,-7.559998],[-39.170776,-7.562805],[-39.133179,-7.587097],[-39.119202,-7.596008],[-39.097412,-7.610107],[-39.071289,-7.625],[-39.068909,-7.621887],[-39.065613,-7.621277],[-39.062683,-7.625],[-39.059204,-7.627808],[-39.055298,-7.630127],[-39.051575,-7.633179],[-39.048889,-7.636597],[-39.046509,-7.641113],[-39.041809,-7.641602],[-39.038513,-7.639526],[-39.036499,-7.637329],[-39.026184,-7.633728],[-39.030701,-7.62561],[-39.031189,-7.620728],[-39.030701,-7.615723],[-39.031799,-7.610413],[-39.029907,-7.532898],[-39.046204,-7.519775],[-39.059875,-7.508606],[-39.088379,-7.485596],[-39.098389,-7.483398],[-39.121399,-7.469788],[-39.145996,-7.454407]]]},"properties":{"shapeName":"Porteiras","shapeISO":"56859067B96869149355187","shapeGroup":"BRA","shapeType":"ADM2","src_shape_id":"56859067B96869149355187","adm1ISO":"BR-CE"}},
{"type":"Feature","geometry":{"type":"Polygon","coordinates":[[[-39.897278,-7.096924],[-39.895508,-7.093994],[-39.888977,-7.090393],[-39.883179,-7.088806],[-39.887512,-7.079285],[-39.886902,-7.075684],[-39.889282,-7.073486],[-39.890503,-7.070618],[-39.890381,-7.067505],[-39.888184,-7.06488],[-39.890625,-7.054626],[-39.893799,-7.056396],[-39.894714,-7.06012],[-39.897827,-7.063416],[-39.900208,-7.0672],[-39.903198,-7.068481],[-39.906311,-7.068909],[-39.915527,-7.07251],[-39.924927,-7.074707],[-39.932983,-7.074585],[-39.937317,-7.073608],[-39.941528,-7.075928],[-39.947998,-7.02533],[-39.949402,-7.010803],[-39.966797,-7.002808],[-39.999084,-7.008423],[-40.057678,-7.00592],[-40.073181,-7.005127],[-40.082092,-6.98291],[-40.085205,-6.98468],[-40.088684,-6.985107],[-40.092285,-6.984009],[-40.096313,-6.989319],[-40.097778,-6.994324],[-40.096985,-6.998108],[-40.098511,-7.001709],[-40.099121,-7.006409],[-40.097412,-7.009705],[-40.100891,-7.010193],[-40.105713,-7.012878],[-40.109619,-7.016296],[-40.112976,-7.016602],[-40.120728,-7.020386],[-40.121521,-7.023376],[-40.124329,-7.020691],[-40.122498,-7.018127],[-40.127319,-7.019409],[-40.131409,-7.021118],[-40.13562,-7.023804],[-40.141296,-7.026611],[-40.143799,-7.02948],[-40.1474,-7.032104],[-40.156189,-7.034729],[-40.165588,-7.038208],[-40.166809,-7.041382],[-40.165527,-7.044128],[-40.165222,-7.047729],[-40.154114,-7.071411],[-40.136108,-7.112305],[-40.118713,-7.119385],[-40.095215,-7.129089],[-40.071899,-7.145691],[-40.039001,-7.148193],[-40.011108,-7.150208],[-39.999878,-7.151123],[-39.994385,-7.147827],[-39.988708,-7.146301],[-39.985291,-7.146484],[-39.980896,-7.145081],[-39.964478,-7.132019],[-39.91748,-7.094299],[-39.897278,-7.096924]]]},"properties":{"shapeName":"Potengi","shapeISO":"56859067B77069723419317","shapeGroup":"BRA","shapeType":"ADM2","src_shape_id":"56859067B77069723419317","adm1ISO":"BR-CE"}},
{"type":"Feature","geometry":{"type":"Polygon","coordinates":[[[-38.248901,-5.646179],[-38.24762,-5.650391],[-38.249878,-5.653503],[-38.254578,-5.656799],[-38.259888,-5.661682],[-38.26178,-5.66748],[-38.262085,-5.67041],[-38.266479,-5.678894],[-38.266907,-5.68573],[-38.265076,-5.689087],[-38.265808,-5.693298],[-38.265808,-5.69751],[-38.263306,-5.701294],[-38.260986,-5.709717],[-38.259705,-5.712891],[-38.254517,-5.719482],[-38.250916,-5.726196],[-38.248901,-5.730713],[-38.251282,-5.734009],[-38.2547,-5.736206],[-38.255493,-5.740417],[-38.255493,-5.74408],[-38.253784,-5.747925],[-38.250977,-5.750916],[-38.25061,-5.754211],[-38.249512,-5.757812],[-38.24939,-5.762085],[-38.250427,-5.765381],[-38.249084,-5.768677],[-38.247925,-5.775208],[-38.245728,-5.780884],[-38.2453,-5.784607],[-38.24408,-5.789001],[-38.241821,-5.791382],[-38.244324,-5.797913],[-38.238892,-5.799805],[-38.235596,-5.80249],[-38.237,-5.80542],[-38.236389,-5.808289],[-38.231018,-5.813599],[-38.228088,-5.814575],[-38.226379,-5.817017],[-38.226624,-5.823303],[-38.223816,-5.830811],[-38.225708,-5.833496],[-38.217102,-5.838318],[-38.213928,-5.839783],[-38.211792,-5.841797],[-38.208191,-5.842102],[-38.204712,-5.843079],[-38.201294,-5.843201],[-38.198792,-5.846008],[-38.194092,-5.844727],[-38.18573,-5.843323],[-38.184509,-5.846008],[-38.182007,-5.8479],[-38.177124,-5.849609],[-38.173096,-5.851685],[-38.169189,-5.852783],[-38.165527,-5.854614],[-38.159424,-5.859619],[-38.15509,-5.85968],[-38.151184,-5.860718],[-38.148193,-5.86261],[-38.148193,-5.866699],[-38.146301,-5.86969],[-38.147888,-5.873718],[-38.151306,-5.876526],[-38.150513,-5.881104],[-38.147827,-5.887512],[-38.147095,-5.891296],[-38.148987,-5.89563],[-38.150208,-5.900024],[-38.152588,-5.90271],[-38.155884,-5.903687],[-38.158875,-5.905579],[-38.159729,-5.908691],[-38.164612,-5.914612],[-38.159119,-5.9245],[-38.146729,-5.916199],[-38.144592,-5.913696],[-38.143921,-5.908875],[-38.144104,-5.905884],[-38.143005,-5.902283],[-38.139526,-5.899109],[-38.127075,-5.890808],[-38.124878,-5.887512],[-38.122498,-5.881714],[-38.120483,-5.858276],[-38.116211,-5.8479],[-38.116089,-5.843079],[-38.118713,-5.834106],[-38.116211,-5.830322],[-38.114685,-5.822998],[-38.111511,-5.818604],[-38.100403,-5.804504],[-38.087585,-5.79303],[-38.076111,-5.781006],[-38.073486,-5.777893],[-38.068115,-5.768494],[-38.065613,-5.765198],[-38.061523,-5.762024],[-38.059814,-5.758728],[-38.058594,-5.7547],[-38.058411,-5.751099],[-38.057495,-5.748108],[-38.055176,-5.744995],[-38.050415,-5.740784],[-38.046875,-5.731628],[-38.050476,-5.72821],[-38.057495,-5.729675],[-38.062317,-5.725098],[-38.068298,-5.725403],[-38.074219,-5.723389],[-38.080078,-5.725525],[-38.084778,-5.729309],[-38.088196,-5.729126],[-38.090088,-5.720276],[-38.089722,-5.714783],[-38.082825,-5.698425],[-38.084412,-5.684204],[-38.084106,-5.677307],[-38.082275,-5.671204],[-38.091797,-5.672485],[-38.109619,-5.672485],[-38.11731,-5.671509],[-38.124878,-5.672424],[-38.128113,-5.674683],[-38.135376,-5.674377],[-38.138184,-5.67511],[-38.145203,-5.671814],[-38.148499,-5.669006],[-38.147888,-5.665222],[-38.148315,-5.660217],[-38.151306,-5.658386],[-38.15509,-5.65741],[-38.167419,-5.653381],[-38.17041,-5.65033],[-38.167603,-5.64679],[-38.170898,-5.644897],[-38.175598,-5.643127],[-38.179016,-5.642517],[-38.187927,-5.640076],[-38.191711,-5.636475],[-38.193176,-5.633301],[-38.200378,-5.633423],[-38.204712,-5.631775],[-38.212097,-5.631775],[-38.214111,-5.635315],[-38.214905,-5.638977],[-38.218811,-5.639282],[-38.220093,-5.636292],[-38.223694,-5.634583],[-38.226624,-5.640381],[-38.229492,-5.640991],[-38.231812,-5.642883],[-38.233704,-5.639709],[-38.236206,-5.637085],[-38.23938,-5.638306],[-38.245911,-5.644714],[-38.248901,-5.646179]]]},"properties":{"shapeName":"Potiretama","shapeISO":"56859067B9808487421198","shapeGroup":"BRA","shapeType":"ADM2","src_shape_id":"56859067B9808487421198","adm1ISO":"BR-CE"}},
{"type":"Feature","geometry":{"type":"Polygon","coordinates":[[[-40.906677,-6.045776],[-40.903198,-6.048828],[-40.885376,-6.047485],[-40.880676,-6.0495],[-40.877197,-6.051514],[-40.87323,-6.055908],[-40.867676,-6.073914],[-40.864807,-6.088196],[-40.861206,-6.098022],[-40.857605,-6.105286],[-40.807312,-6.10498],[-40.808228,-6.101318],[-40.809814,-6.098022],[-40.812012,-6.095093],[-40.809998,-6.092712],[-40.806702,-6.092407],[-40.802612,-6.093323],[-40.79248,-6.089294],[-40.788513,-6.088684],[-40.785217,-6.090027],[-40.780212,-6.090881],[-40.776306,-6.089905],[-40.772095,-6.090576],[-40.768127,-6.089294],[-40.762878,-6.091675],[-40.758423,-6.092529],[-40.752808,-6.090393],[-40.748108,-6.090698],[-40.746704,-6.087891],[-40.746399,-6.081787],[-40.740723,-6.081482],[-40.738525,-6.078308],[-40.735413,-6.075623],[-40.733276,-6.07251],[-40.732605,-6.068604],[-40.737183,-6.066406],[-40.738525,-6.062378],[-40.737793,-6.058594],[-40.731812,-6.053528],[-40.729126,-6.052185],[-40.725891,-6.052612],[-40.720703,-6.047485],[-40.713989,-6.044983],[-40.712585,-6.042175],[-40.713989,-6.03949],[-40.718506,-6.039124],[-40.723694,-6.037109],[-40.73053,-6.032898],[-40.733215,-6.030029],[-40.734375,-6.025818],[-40.733887,-6.021912],[-40.734924,-6.018799],[-40.738708,-6.012512],[-40.736816,-6.007812],[-40.735718,-6.003479],[-40.736084,-6.000427],[-40.739075,-5.993286],[-40.743286,-5.991699],[-40.745728,-5.987915],[-40.746277,-5.984314],[-40.744812,-5.981689],[-40.742493,-5.979309],[-40.739075,-5.979309],[-40.737427,-5.976379],[-40.736877,-5.972717],[-40.732605,-5.973877],[-40.728394,-5.9729],[-40.724915,-5.971008],[-40.722717,-5.967712],[-40.719788,-5.966003],[-40.716309,-5.967224],[-40.713196,-5.965881],[-40.713684,-5.961609],[-40.711487,-5.958313],[-40.712524,-5.953796],[-40.711182,-5.948975],[-40.713379,-5.944214],[-40.713989,-5.940613],[-40.710327,-5.940613],[-40.709778,-5.93689],[-40.706116,-5.93811],[-40.704712,-5.931885],[-40.703186,-5.928223],[-40.701111,-5.924805],[-40.699219,-5.917908],[-40.697083,-5.914307],[-40.694397,-5.911682],[-40.689209,-5.911194],[-40.685913,-5.911377],[-40.675476,-5.914185],[-40.671692,-5.914612],[-40.664612,-5.914124],[-40.66272,-5.911377],[-40.664124,-5.908813],[-40.67041,-5.90271],[-40.674927,-5.895691],[-40.676575,-5.891602],[-40.67749,-5.887207],[-40.679199,-5.884521],[-40.681824,-5.882019],[-40.682617,-5.879211],[-40.680725,-5.871826],[-40.677307,-5.8703],[-40.673279,-5.870117],[-40.670715,-5.867493],[-40.669495,-5.859802],[-40.670898,-5.856323],[-40.668396,-5.854492],[-40.666809,-5.852112],[-40.663391,-5.850586],[-40.660522,-5.846924],[-40.651184,-5.843811],[-40.645996,-5.841003],[-40.6427,-5.84021],[-40.639404,-5.842407],[-40.633606,-5.850525],[-40.631287,-5.852722],[-40.62738,-5.853088],[-40.622314,-5.85199],[-40.613281,-5.849121],[-40.608398,-5.848389],[-40.60498,-5.84552],[-40.602783,-5.84198],[-40.603027,-5.838379],[-40.599609,-5.838379],[-40.595703,-5.836487],[-40.588013,-5.835815],[-40.585205,-5.838623],[-40.582397,-5.839417],[-40.579102,-5.839294],[-40.575195,-5.840515],[-40.569397,-5.841003],[-40.566101,-5.840698],[-40.564209,-5.838318],[-40.564819,-5.834412],[-40.567078,-5.831909],[-40.568604,-5.828125],[-40.567627,-5.825195],[-40.565796,-5.822083],[-40.565796,-5.818726],[-40.567505,-5.814026],[-40.56842,-5.809204],[-40.567322,-5.802429],[-40.566223,-5.798401],[-40.566895,-5.795227],[-40.565918,-5.792114],[-40.563599,-5.787476],[-40.564819,-5.783325],[-40.5672,-5.780212],[-40.567993,-5.776489],[-40.57019,-5.773499],[-40.569275,-5.769409],[-40.570129,-5.757812],[-40.568909,-5.753601],[-40.56543,-5.74823],[-40.558411,-5.742493],[-40.555298,-5.738281],[-40.549805,-5.73822],[-40.545593,-5.737427],[-40.543579,-5.733704],[-40.541077,-5.726807],[-40.538879,-5.722778],[-40.543213,-5.724426],[-40.546387,-5.726685],[-40.549988,-5.727295],[-40.556213,-5.73053],[-40.558777,-5.734314],[-40.561279,-5.736023],[-40.565125,-5.737],[-40.567688,-5.740417],[-40.570801,-5.741089],[-40.573486,-5.739014],[-40.579895,-5.738098],[-40.583313,-5.739197],[-40.586609,-5.736328],[-40.590393,-5.737],[-40.593079,-5.73822],[-40.596313,-5.737305],[-40.599609,-5.737122],[-40.600098,-5.733093],[-40.602295,-5.728027],[-40.605103,-5.726013],[-40.609497,-5.725281],[-40.612915,-5.726501],[-40.616211,-5.729675],[-40.616211,-5.734497],[-40.624207,-5.733093],[-40.626282,-5.730713],[-40.633301,-5.724487],[-40.636108,-5.721008],[-40.638428,-5.716797],[-40.636414,-5.710022],[-40.639221,-5.706909],[-40.643311,-5.703796],[-40.647583,-5.702881],[-40.653625,-5.698975],[-40.656799,-5.695618],[-40.65979,-5.688782],[-40.661621,-5.686096],[-40.664612,-5.674805],[-40.668091,-5.670776],[-40.670105,-5.665894],[-40.673828,-5.664917],[-40.677429,-5.665405],[-40.680298,-5.663208],[-40.682678,-5.659912],[-40.68689,-5.658081],[-40.691711,-5.650085],[-40.691711,-5.645813],[-40.693726,-5.643677],[-40.696289,-5.645203],[-40.750977,-5.71991],[-40.755188,-5.720398],[-40.758606,-5.721619],[-40.760925,-5.724182],[-40.769775,-5.727112],[-40.77301,-5.730225],[-40.776184,-5.7323],[-40.779297,-5.735718],[-40.784607,-5.735779],[-40.788513,-5.733704],[-40.791992,-5.733704],[-40.794617,-5.735291],[-40.800781,-5.742798],[-40.803406,-5.744812],[-40.806519,-5.746094],[-40.810913,-5.751221],[-40.81543,-5.754578],[-40.82019,-5.755493],[-40.826904,-5.75592],[-40.832703,-5.760376],[-40.833679,-5.763428],[-40.836609,-5.765381],[-40.840088,-5.768799],[-40.843811,-5.770081],[-40.849609,-5.768311],[-40.856079,-5.767578],[-40.864807,-5.765686],[-40.869202,-5.7677],[-40.872925,-5.768127],[-40.877197,-5.767395],[-40.881775,-5.769409],[-40.886108,-5.769287],[-40.890381,-5.768188],[-40.8974,-5.767212],[-40.90448,-5.764709],[-40.909302,-5.764404],[-40.909485,-5.781677],[-40.906494,-5.794495],[-40.905823,-5.801392],[-40.908997,-5.8255],[-40.907288,-5.830505],[-40.905701,-5.840515],[-40.905579,-5.849304],[-40.903381,-5.856018],[-40.899597,-5.863708],[-40.895386,-5.87561],[-40.893616,-5.884216],[-40.894409,-5.889282],[-40.897583,-5.895386],[-40.896912,-5.902222],[-40.894409,-5.906006],[-40.888611,-5.912598],[-40.882507,-5.915405],[-40.880188,-5.917603],[-40.879578,-5.921875],[-40.879517,-5.935608],[-40.876709,-5.946594],[-40.876526,-5.956482],[-40.874084,-5.961304],[-40.873596,-5.966675],[-40.873779,-5.973816],[-40.875488,-5.977783],[-40.878113,-5.981995],[-40.885498,-5.987],[-40.887329,-5.989319],[-40.888,-5.996399],[-40.889709,-6.003906],[-40.896484,-6.013123],[-40.89978,-6.015991],[-40.903809,-6.020813],[-40.90741,-6.033081],[-40.90802,-6.036194],[-40.906677,-6.045776]]]},"properties":{"shapeName":"Quiterianópolis","shapeISO":"56859067B30046972557258","shapeGroup":"BRA","shapeType":"ADM2","src_shape_id":"56859067B30046972557258","adm1ISO":"BR-CE"}},
{"type":"Feature","geometry":{"type":"MultiPolygon","coordinates":[[[[-39.078186,-4.825378],[-39.080994,-4.823486],[-39.08429,-4.823914],[-39.082275,-4.826477],[-39.078186,-4.825378]]],[[[-38.618896,-5.117676],[-38.616821,-5.112976],[-38.617126,-5.108276],[-38.616577,-5.10498],[-38.619629,-5.102478],[-38.619812,-5.099487],[-38.620911,-5.095581],[-38.620178,-5.091614],[-38.62323,-5.089722],[-38.623779,-5.085876],[-38.628479,-5.084717],[-38.625977,-5.081421],[-38.628906,-5.079407],[-38.627319,-5.076111],[-38.626587,-5.071777],[-38.627197,-5.068909],[-38.625183,-5.065796],[-38.626404,-5.060303],[-38.629211,-5.058228],[-38.631226,-5.055603],[-38.633911,-5.053406],[-38.63678,-5.052429],[-38.643494,-5.052612],[-38.652893,-5.049011],[-38.658325,-5.045898],[-38.666809,-5.047302],[-38.668701,-5.050293],[-38.677979,-5.056824],[-38.68512,-5.053589],[-38.683105,-5.049683],[-38.679993,-5.037292],[-38.676697,-5.028198],[-38.676392,-5.021301],[-38.677795,-5.017029],[-38.678528,-5.013],[-38.677185,-5.01001],[-38.677002,-5.004517],[-38.673279,-5.00061],[-38.669983,-4.998596],[-38.665222,-4.99823],[-38.660828,-4.996216],[-38.6604,-4.991211],[-38.651611,-4.981812],[-38.647888,-4.980225],[-38.646912,-4.976929],[-38.646606,-4.968994],[-38.645691,-4.965576],[-38.642212,-4.961975],[-38.645325,-4.958313],[-38.646179,-4.9552],[-38.645203,-4.951599],[-38.647095,-4.943176],[-38.648499,-4.939392],[-38.6474,-4.935913],[-38.679687,-4.916504],[-38.701111,-4.902405],[-38.711975,-4.904297],[-38.763611,-4.913696],[-38.807495,-4.921509],[-38.884521,-4.933411],[-38.883606,-4.929382],[-38.886414,-4.925293],[-38.887817,-4.92041],[-38.890076,-4.916077],[-38.890015,-4.907227],[-38.890625,-4.90332],[-38.89032,-4.898621],[-38.890686,-4.895691],[-38.892578,-4.892578],[-38.895203,-4.889709],[-38.897217,-4.886414],[-38.899292,-4.881409],[-38.90448,-4.875916],[-38.90741,-4.867676],[-38.913086,-4.860718],[-38.914307,-4.8573],[-38.918091,-4.852783],[-38.919312,-4.849609],[-38.918701,-4.846619],[-38.918823,-4.84259],[-38.921875,-4.835999],[-38.922424,-4.83313],[-38.922119,-4.828308],[-38.912598,-4.829712],[-38.908691,-4.831299],[-38.903687,-4.834412],[-38.899597,-4.835388],[-38.896606,-4.840393],[-38.889404,-4.841309],[-38.885986,-4.842407],[-38.881226,-4.846985],[-38.87793,-4.848694],[-38.875427,-4.851624],[-38.87323,-4.849304],[-38.871826,-4.846375],[-38.863892,-4.842102],[-38.860779,-4.839478],[-38.859985,-4.835815],[-38.860413,-4.832886],[-38.859802,-4.829285],[-38.813721,-4.758484],[-38.802307,-4.741211],[-38.874878,-4.680298],[-38.876587,-4.683105],[-38.876892,-4.687927],[-38.88092,-4.693726],[-38.881775,-4.704712],[-38.883423,-4.708801],[-38.886414,-4.709595],[-38.891785,-4.713989],[-38.900513,-4.712585],[-38.904297,-4.713379],[-38.901611,-4.718628],[-38.908081,-4.724304],[-38.911621,-4.728699],[-38.91748,-4.731201],[-38.921814,-4.735718],[-38.923096,-4.738586],[-38.930176,-4.740417],[-38.938477,-4.739624],[-38.943115,-4.740784],[-38.944092,-4.736694],[-38.946228,-4.731628],[-38.946106,-4.727783],[-38.946899,-4.724609],[-38.949524,-4.721619],[-38.950684,-4.718384],[-38.95282,-4.715393],[-38.956787,-4.713928],[-38.960205,-4.711304],[-38.9646,-4.7052],[-38.964478,-4.702087],[-38.963623,-4.699402],[-38.960999,-4.695801],[-38.951599,-4.686584],[-38.949585,-4.684082],[-38.951111,-4.679626],[-38.950684,-4.671814],[-38.952881,-4.6651],[-38.963989,-4.665283],[-38.967712,-4.666809],[-38.971497,-4.669006],[-38.974487,-4.669312],[-38.977478,-4.667114],[-38.981689,-4.667175],[-38.985107,-4.665405],[-38.988708,-4.666626],[-38.991882,-4.666504],[-38.995789,-4.66803],[-38.998779,-4.67218],[-39.001526,-4.671021],[-39.002991,-4.667603],[-39.00708,-4.666321],[-39.011108,-4.666504],[-39.014221,-4.665222],[-39.023376,-4.665283],[-39.032898,-4.667419],[-39.035217,-4.669983],[-39.035889,-4.673279],[-39.03772,-4.675598],[-39.037476,-4.680298],[-39.039917,-4.684998],[-39.04071,-4.688599],[-39.043213,-4.695496],[-39.041016,-4.703979],[-39.041992,-4.707581],[-39.041382,-4.712524],[-39.043091,-4.716125],[-39.046875,-4.715393],[-39.049927,-4.716614],[-39.053589,-4.716797],[-39.055725,-4.719116],[-39.057007,-4.722107],[-39.059814,-4.723877],[-39.064514,-4.725403],[-39.071716,-4.726379],[-39.075989,-4.732483],[-39.081726,-4.736389],[-39.085815,-4.739929],[-39.097229,-4.753418],[-39.103027,-4.761597],[-39.096497,-4.762695],[-39.091675,-4.763],[-39.088928,-4.765381],[-39.086426,-4.763611],[-39.078979,-4.768188],[-39.075195,-4.771118],[-39.071716,-4.770813],[-39.069397,-4.765991],[-39.066284,-4.766113],[-39.062927,-4.767517],[-39.059998,-4.766418],[-39.05719,-4.766907],[-39.05481,-4.77002],[-39.051819,-4.771301],[-39.047607,-4.771301],[-39.044922,-4.774109],[-39.04071,-4.781677],[-39.045898,-4.782715],[-39.048706,-4.785706],[-39.055481,-4.788208],[-39.059692,-4.796021],[-39.062927,-4.798096],[-39.065796,-4.799011],[-39.067505,-4.802124],[-39.065979,-4.804687],[-39.06842,-4.808594],[-39.067078,-4.812378],[-39.070312,-4.815979],[-39.071594,-4.820496],[-39.078186,-4.825378],[-39.077087,-4.831421],[-39.077515,-4.836792],[-39.080688,-4.840515],[-39.085205,-4.83551],[-39.093079,-4.833008],[-39.09729,-4.833984],[-39.101624,-4.836426],[-39.105713,-4.84552],[-39.110901,-4.841797],[-39.113098,-4.838318],[-39.120178,-4.840027],[-39.122192,-4.842712],[-39.122986,-4.846191],[-39.122009,-4.849609],[-39.123413,-4.853394],[-39.120483,-4.861511],[-39.12323,-4.864624],[-39.127502,-4.867004],[-39.127075,-4.870117],[-39.133118,-4.873413],[-39.133911,-4.876221],[-39.135681,-4.879395],[-39.140198,-4.881287],[-39.142029,-4.884216],[-39.143616,-4.890198],[-39.147705,-4.896912],[-39.151123,-4.900879],[-39.152527,-4.903809],[-39.156921,-4.905396],[-39.159912,-4.905579],[-39.162598,-4.907593],[-39.163208,-4.911682],[-39.16803,-4.916321],[-39.166199,-4.922607],[-39.166199,-4.925476],[-39.173218,-4.930908],[-39.174377,-4.934692],[-39.176514,-4.938721],[-39.179199,-4.941101],[-39.184082,-4.942078],[-39.183716,-4.947998],[-39.184692,-4.9552],[-39.186829,-4.958313],[-39.189087,-4.960205],[-39.192505,-4.961182],[-39.200012,-4.965515],[-39.203186,-4.960815],[-39.206116,-4.958801],[-39.217407,-4.957092],[-39.224915,-4.962097],[-39.225708,-4.966919],[-39.22699,-4.96991],[-39.226807,-4.973022],[-39.233582,-4.979004],[-39.229797,-4.989075],[-39.230713,-4.993408],[-39.230713,-4.99939],[-39.228821,-5.005615],[-39.228088,-5.009705],[-39.225098,-5.012207],[-39.221191,-5.01178],[-39.217896,-5.010376],[-39.213806,-5.010193],[-39.210815,-5.01239],[-39.209595,-5.015198],[-39.203796,-5.016907],[-39.201599,-5.010986],[-39.198486,-5.008789],[-39.195496,-5.015381],[-39.19281,-5.017395],[-39.191895,-5.026001],[-39.190613,-5.028809],[-39.186401,-5.030518],[-39.185486,-5.0354],[-39.18158,-5.041382],[-39.1745,-5.046082],[-39.171509,-5.050293],[-39.169006,-5.052612],[-39.162292,-5.052917],[-39.15918,-5.051514],[-39.156189,-5.053528],[-39.156677,-5.057617],[-39.156189,-5.061523],[-39.148499,-5.061829],[-39.152222,-5.07019],[-39.155579,-5.073975],[-39.157715,-5.077209],[-39.158081,-5.080322],[-39.160522,-5.08728],[-39.156311,-5.087219],[-39.156006,-5.091309],[-39.158386,-5.098511],[-39.156006,-5.101379],[-39.152588,-5.10321],[-39.151611,-5.106384],[-39.155212,-5.105286],[-39.163879,-5.105408],[-39.166199,-5.108521],[-39.167175,-5.113281],[-39.160828,-5.119629],[-39.166077,-5.122192],[-39.169128,-5.124695],[-39.168884,-5.128418],[-39.164917,-5.132324],[-39.160095,-5.134399],[-39.155518,-5.137512],[-39.147888,-5.144409],[-39.143921,-5.144775],[-39.140381,-5.146179],[-39.137512,-5.144897],[-39.13678,-5.137024],[-39.129089,-5.141296],[-39.126709,-5.148376],[-39.122314,-5.148682],[-39.118591,-5.148315],[-39.113586,-5.149902],[-39.110413,-5.150024],[-39.107788,-5.151917],[-39.103821,-5.155884],[-39.0979,-5.153198],[-39.095581,-5.151123],[-39.092896,-5.14978],[-39.088928,-5.151917],[-39.081909,-5.151611],[-39.07489,-5.1521],[-39.072388,-5.153992],[-39.069519,-5.154419],[-39.06012,-5.150208],[-39.055603,-5.150513],[-39.053406,-5.152588],[-39.052307,-5.156006],[-39.043518,-5.157776],[-39.034607,-5.162476],[-39.030579,-5.164185],[-39.02533,-5.163513],[-39.02063,-5.163818],[-39.018311,-5.166992],[-39.014709,-5.166687],[-39.012207,-5.162781],[-39.008606,-5.1604],[-39.00531,-5.161682],[-39.001526,-5.163879],[-38.99823,-5.162903],[-38.996094,-5.160217],[-38.993713,-5.158325],[-38.991821,-5.154907],[-38.988098,-5.153015],[-38.986328,-5.148987],[-38.981384,-5.146729],[-38.978516,-5.143921],[-38.971802,-5.142212],[-38.966003,-5.146912],[-38.961975,-5.148621],[-38.954529,-5.15332],[-38.950623,-5.154114],[-38.945984,-5.153809],[-38.942017,-5.15509],[-38.936096,-5.153992],[-38.923279,-5.1604],[-38.920776,-5.162781],[-38.912415,-5.163208],[-38.90802,-5.165588],[-38.903809,-5.166199],[-38.900879,-5.164978],[-38.811829,-5.0672],[-38.796387,-5.076294],[-38.792175,-5.078003],[-38.786804,-5.07782],[-38.781311,-5.076111],[-38.773682,-5.075989],[-38.769104,-5.076721],[-38.761414,-5.079285],[-38.754517,-5.086914],[-38.747009,-5.092712],[-38.743408,-5.094299],[-38.740295,-5.093201],[-38.73291,-5.09259],[-38.724976,-5.093384],[-38.721191,-5.093018],[-38.718018,-5.091797],[-38.713806,-5.091614],[-38.706482,-5.093689],[-38.699829,-5.093506],[-38.697205,-5.09491],[-38.688416,-5.101013],[-38.67749,-5.108887],[-38.670288,-5.111511],[-38.66803,-5.11438],[-38.6651,-5.116882],[-38.65448,-5.1203],[-38.651184,-5.122009],[-38.641418,-5.120605],[-38.636414,-5.121399],[-38.628723,-5.118896],[-38.618896,-5.117676]]]]},"properties":{"shapeName":"Quixadá","shapeISO":"56859067B59231090145989","shapeGroup":"BRA","shapeType":"ADM2","src_shape_id":"56859067B59231090145989","adm1ISO":"BR-CE"}},
{"type":"Feature","geometry":{"type":"Polygon","coordinates":[[[-39.307678,-6.1745],[-39.302612,-6.175781],[-39.295715,-6.17511],[-39.292725,-6.173706],[-39.288208,-6.173828],[-39.283691,-6.171387],[-39.280396,-6.170776],[-39.275818,-6.172791],[-39.273621,-6.177979],[-39.272888,-6.181519],[-39.275879,-6.185608],[-39.277222,-6.188293],[-39.276123,-6.192017],[-39.279114,-6.197388],[-39.278687,-6.200684],[-39.276794,-6.203125],[-39.280579,-6.210388],[-39.272583,-6.216492],[-39.265381,-6.223999],[-39.26532,-6.227295],[-39.266113,-6.230103],[-39.271118,-6.236389],[-39.271729,-6.240112],[-39.27832,-6.245178],[-39.283508,-6.247498],[-39.288208,-6.248901],[-39.304382,-6.270203],[-39.288696,-6.276978],[-39.286011,-6.278625],[-39.278687,-6.279175],[-39.274109,-6.277893],[-39.26709,-6.274719],[-39.25531,-6.271606],[-39.248108,-6.273315],[-39.244629,-6.27533],[-39.23999,-6.275513],[-39.234924,-6.274475],[-39.229309,-6.271912],[-39.221802,-6.270508],[-39.217529,-6.270508],[-39.216309,-6.289978],[-39.208801,-6.290283],[-39.205322,-6.291321],[-39.195984,-6.296021],[-39.191589,-6.297485],[-39.182922,-6.298401],[-39.178101,-6.299805],[-39.168213,-6.303711],[-39.163086,-6.304687],[-39.15741,-6.30249],[-39.146729,-6.297791],[-39.138977,-6.29248],[-39.134583,-6.289001],[-39.132202,-6.285889],[-39.130676,-6.282593],[-39.127625,-6.28009],[-39.123901,-6.274719],[-39.116577,-6.265503],[-39.114807,-6.261597],[-39.110779,-6.256775],[-39.102783,-6.248108],[-39.100708,-6.2453],[-39.098022,-6.24292],[-39.090881,-6.239014],[-39.078308,-6.235779],[-39.071411,-6.235107],[-39.068481,-6.235779],[-39.065308,-6.23761],[-39.063782,-6.240417],[-39.061707,-6.250122],[-39.056213,-6.258789],[-39.042419,-6.248596],[-39.018982,-6.231689],[-39.003113,-6.220093],[-38.998413,-6.208008],[-38.995911,-6.200378],[-38.99408,-6.197205],[-38.991882,-6.191589],[-38.990112,-6.183289],[-38.987183,-6.1745],[-38.986328,-6.165894],[-38.985107,-6.162781],[-38.984375,-6.158508],[-38.98468,-6.153687],[-38.981506,-6.148926],[-38.978699,-6.143005],[-38.975708,-6.138611],[-38.973816,-6.134583],[-38.973083,-6.131104],[-38.969482,-6.123901],[-38.969788,-6.120117],[-38.974976,-6.118408],[-38.972412,-6.11438],[-38.972107,-6.109009],[-38.976501,-6.107422],[-38.975708,-6.101318],[-38.978821,-6.10199],[-38.980713,-6.099487],[-38.978088,-6.091797],[-38.983215,-6.089111],[-38.986877,-6.078979],[-38.989624,-6.076904],[-38.98822,-6.073608],[-38.985596,-6.069397],[-38.985901,-6.058228],[-38.983704,-6.047913],[-38.984802,-6.044678],[-38.985596,-6.0354],[-38.987,-6.02771],[-38.992981,-6.020691],[-38.99762,-6.020813],[-39.00238,-6.019287],[-39.00592,-6.018677],[-39.009216,-6.010376],[-39.010803,-6.00708],[-39.014587,-6.00531],[-39.018494,-6.005188],[-39.021118,-6.010315],[-39.021912,-6.019287],[-39.025085,-6.017883],[-39.028625,-6.013794],[-39.032898,-6.015503],[-39.039978,-6.020081],[-39.041992,-6.022705],[-39.044678,-6.024109],[-39.047791,-6.02478],[-39.050903,-6.024597],[-39.052124,-6.038391],[-39.053711,-6.042908],[-39.056519,-6.046875],[-39.06073,-6.045105],[-39.06488,-6.045715],[-39.070923,-6.050415],[-39.074097,-6.052307],[-39.075195,-6.05658],[-39.075195,-6.060913],[-39.078003,-6.064819],[-39.082275,-6.068726],[-39.08252,-6.074707],[-39.083679,-6.077576],[-39.088928,-6.081482],[-39.091187,-6.085388],[-39.089478,-6.088501],[-39.090027,-6.092712],[-39.108093,-6.112183],[-39.140991,-6.153503],[-39.156799,-6.151001],[-39.187012,-6.144409],[-39.217102,-6.137695],[-39.259216,-6.128418],[-39.307678,-6.1745]]]},"properties":{"shapeName":"Quixelô","shapeISO":"56859067B76728874600060","shapeGroup":"BRA","shapeType":"ADM2","src_shape_id":"56859067B76728874600060","adm1ISO":"BR-CE"}},
{"type":"Feature","geometry":{"type":"Polygon","coordinates":[[[-39.081909,-5.151611],[-39.088928,-5.151917],[-39.092896,-5.14978],[-39.095581,-5.151123],[-39.0979,-5.153198],[-39.103821,-5.155884],[-39.107788,-5.151917],[-39.110413,-5.150024],[-39.113586,-5.149902],[-39.118591,-5.148315],[-39.122314,-5.148682],[-39.126709,-5.148376],[-39.129089,-5.141296],[-39.13678,-5.137024],[-39.137512,-5.144897],[-39.140381,-5.146179],[-39.143921,-5.144775],[-39.147888,-5.144409],[-39.155518,-5.137512],[-39.160095,-5.134399],[-39.164917,-5.132324],[-39.168884,-5.128418],[-39.169128,-5.124695],[-39.166077,-5.122192],[-39.160828,-5.119629],[-39.167175,-5.113281],[-39.166199,-5.108521],[-39.163879,-5.105408],[-39.155212,-5.105286],[-39.151611,-5.106384],[-39.152588,-5.10321],[-39.156006,-5.101379],[-39.158386,-5.098511],[-39.156006,-5.091309],[-39.156311,-5.087219],[-39.160522,-5.08728],[-39.158081,-5.080322],[-39.157715,-5.077209],[-39.155579,-5.073975],[-39.152222,-5.07019],[-39.148499,-5.061829],[-39.156189,-5.061523],[-39.156677,-5.057617],[-39.156189,-5.053528],[-39.15918,-5.051514],[-39.162292,-5.052917],[-39.169006,-5.052612],[-39.171509,-5.050293],[-39.1745,-5.046082],[-39.18158,-5.041382],[-39.185486,-5.0354],[-39.186401,-5.030518],[-39.190613,-5.028809],[-39.191895,-5.026001],[-39.19281,-5.017395],[-39.195496,-5.015381],[-39.198486,-5.008789],[-39.201599,-5.010986],[-39.203796,-5.016907],[-39.209595,-5.015198],[-39.210815,-5.01239],[-39.213806,-5.010193],[-39.217896,-5.010376],[-39.221191,-5.01178],[-39.225098,-5.012207],[-39.228088,-5.009705],[-39.228821,-5.005615],[-39.230713,-4.99939],[-39.230713,-4.993408],[-39.229797,-4.989075],[-39.233582,-4.979004],[-39.226807,-4.973022],[-39.22699,-4.96991],[-39.225708,-4.966919],[-39.224915,-4.962097],[-39.226196,-4.957275],[-39.224487,-4.954285],[-39.223999,-4.951111],[-39.231323,-4.947388],[-39.233826,-4.944397],[-39.237793,-4.942993],[-39.242187,-4.940308],[-39.245483,-4.933716],[-39.248291,-4.930908],[-39.251282,-4.921814],[-39.253113,-4.919312],[-39.256104,-4.917908],[-39.259216,-4.91803],[-39.261108,-4.9151],[-39.267883,-4.909912],[-39.271606,-4.908875],[-39.273804,-4.906311],[-39.273499,-4.902283],[-39.276917,-4.898621],[-39.280579,-4.895813],[-39.284485,-4.893677],[-39.284485,-4.889587],[-39.283508,-4.886108],[-39.285583,-4.882019],[-39.288818,-4.879578],[-39.293213,-4.879211],[-39.298828,-4.880188],[-39.301086,-4.877686],[-39.301697,-4.874817],[-39.298401,-4.868896],[-39.30011,-4.863708],[-39.297913,-4.859802],[-39.296692,-4.855713],[-39.301208,-4.853821],[-39.303284,-4.85022],[-39.306091,-4.847412],[-39.304382,-4.844727],[-39.309998,-4.838928],[-39.31543,-4.838928],[-39.319885,-4.838501],[-39.323792,-4.83551],[-39.327698,-4.8349],[-39.332703,-4.834778],[-39.332092,-4.831726],[-39.333618,-4.828613],[-39.341919,-4.814209],[-39.342102,-4.811096],[-39.341614,-4.805725],[-39.343079,-4.800598],[-39.34021,-4.796692],[-39.340088,-4.792786],[-39.343018,-4.794128],[-39.345398,-4.796387],[-39.3479,-4.80072],[-39.347717,-4.804199],[-39.346802,-4.807983],[-39.346191,-4.813782],[-39.348511,-4.815613],[-39.348694,-4.819397],[-39.350708,-4.823608],[-39.353394,-4.826477],[-39.353577,-4.830078],[-39.356201,-4.833008],[-39.358276,-4.836426],[-39.361511,-4.839111],[-39.365417,-4.839783],[-39.364685,-4.843018],[-39.36438,-4.848206],[-39.36261,-4.852417],[-39.359497,-4.854492],[-39.361023,-4.857422],[-39.356689,-4.859009],[-39.354919,-4.862976],[-39.355408,-4.866577],[-39.353516,-4.873901],[-39.353027,-4.882324],[-39.350098,-4.886475],[-39.349182,-4.889893],[-39.347412,-4.892212],[-39.347412,-4.895386],[-39.351013,-4.897827],[-39.353394,-4.904602],[-39.354309,-4.908325],[-39.357178,-4.909424],[-39.360107,-4.912109],[-39.359314,-4.916626],[-39.360291,-4.921326],[-39.363281,-4.9245],[-39.364014,-4.928528],[-39.365479,-4.932983],[-39.36322,-4.935608],[-39.360291,-4.937012],[-39.358398,-4.939819],[-39.358826,-4.943787],[-39.355591,-4.948608],[-39.355103,-4.953125],[-39.351929,-4.956116],[-39.349792,-4.959778],[-39.354797,-4.966492],[-39.352112,-4.969604],[-39.350891,-4.974976],[-39.353394,-4.979126],[-39.355591,-4.981812],[-39.361389,-4.979797],[-39.364075,-4.9776],[-39.366089,-4.974609],[-39.37262,-4.973328],[-39.375488,-4.971497],[-39.375183,-4.968018],[-39.377991,-4.960999],[-39.380005,-4.957825],[-39.383179,-4.956787],[-39.385803,-4.95459],[-39.384827,-4.950623],[-39.385376,-4.946716],[-39.388306,-4.94458],[-39.388916,-4.940979],[-39.387207,-4.936523],[-39.392212,-4.930115],[-39.395813,-4.928406],[-39.399902,-4.930603],[-39.403381,-4.93158],[-39.406311,-4.934387],[-39.409607,-4.936096],[-39.411682,-4.939209],[-39.414795,-4.940979],[-39.418579,-4.941711],[-39.421875,-4.943176],[-39.421326,-4.946716],[-39.421875,-4.949829],[-39.425598,-4.949524],[-39.429077,-4.950623],[-39.431885,-4.953613],[-39.434814,-4.952698],[-39.439819,-4.953186],[-39.447998,-4.955322],[-39.461487,-4.960876],[-39.465881,-4.963501],[-39.471008,-4.973389],[-39.473511,-4.974976],[-39.479187,-4.976685],[-39.480225,-4.980713],[-39.47821,-4.995178],[-39.472595,-5.008606],[-39.486389,-5.022827],[-39.493713,-5.03009],[-39.497009,-5.039001],[-39.502197,-5.05188],[-39.522705,-5.05072],[-39.568909,-5.047302],[-39.628418,-5.042175],[-39.633118,-5.052979],[-39.633911,-5.05719],[-39.628601,-5.065918],[-39.623901,-5.070984],[-39.621094,-5.074829],[-39.618225,-5.076782],[-39.616394,-5.081482],[-39.613892,-5.08429],[-39.604309,-5.089783],[-39.596619,-5.096985],[-39.593018,-5.098083],[-39.588013,-5.096985],[-39.580811,-5.096008],[-39.575012,-5.098511],[-39.56958,-5.101318],[-39.565613,-5.102783],[-39.561279,-5.10791],[-39.551208,-5.110718],[-39.547424,-5.112122],[-39.542297,-5.114807],[-39.536194,-5.118713],[-39.568909,-5.1698],[-39.588928,-5.200623],[-39.61438,-5.240112],[-39.623901,-5.255188],[-39.626709,-5.303589],[-39.626526,-5.308105],[-39.622925,-5.314026],[-39.621216,-5.321411],[-39.62323,-5.324524],[-39.626587,-5.324402],[-39.631226,-5.325012],[-39.629883,-5.328491],[-39.630493,-5.333313],[-39.632385,-5.336609],[-39.64032,-5.332703],[-39.643799,-5.333496],[-39.646423,-5.337524],[-39.649414,-5.340027],[-39.65741,-5.338684],[-39.657715,-5.34259],[-39.656921,-5.346008],[-39.658081,-5.351318],[-39.664429,-5.363708],[-39.661987,-5.367004],[-39.660706,-5.3703],[-39.656921,-5.372681],[-39.64801,-5.375],[-39.647278,-5.378296],[-39.648499,-5.381409],[-39.64801,-5.384521],[-39.644287,-5.384521],[-39.640686,-5.387085],[-39.638611,-5.390015],[-39.630615,-5.399414],[-39.627686,-5.399414],[-39.618286,-5.401306],[-39.615479,-5.40271],[-39.612427,-5.405396],[-39.609009,-5.403076],[-39.606018,-5.403381],[-39.603088,-5.405884],[-39.599915,-5.405823],[-39.599304,-5.402405],[-39.596802,-5.399719],[-39.592712,-5.40448],[-39.589111,-5.407227],[-39.580994,-5.408081],[-39.578613,-5.406128],[-39.519897,-5.441711],[-39.516907,-5.443604],[-39.463989,-5.475708],[-39.456909,-5.479492],[-39.399719,-5.509094],[-39.368103,-5.525513],[-39.352112,-5.521484],[-39.307617,-5.509583],[-39.303589,-5.510193],[-39.30011,-5.51239],[-39.296814,-5.513],[-39.292297,-5.517822],[-39.288391,-5.519409],[-39.286011,-5.522705],[-39.282898,-5.524902],[-39.279785,-5.525696],[-39.275818,-5.531799],[-39.272217,-5.535828],[-39.269775,-5.539612],[-39.268921,-5.542725],[-39.266479,-5.544922],[-39.263611,-5.548706],[-39.265076,-5.55249],[-39.261597,-5.557983],[-39.258484,-5.558105],[-39.255798,-5.559082],[-39.253784,-5.562012],[-39.253113,-5.568481],[-39.258179,-5.578003],[-39.259888,-5.580627],[-39.254028,-5.583618],[-39.249084,-5.589294],[-39.247314,-5.592529],[-39.246094,-5.588928],[-39.2453,-5.584412],[-39.240112,-5.581909],[-39.232605,-5.578918],[-39.230103,-5.574829],[-39.227112,-5.571899],[-39.224304,-5.57019],[-39.221191,-5.567078],[-39.220581,-5.563599],[-39.223206,-5.558105],[-39.224487,-5.547607],[-39.224182,-5.544006],[-39.219788,-5.540894],[-39.215576,-5.543884],[-39.210083,-5.5448],[-39.206177,-5.544006],[-39.202881,-5.541504],[-39.2005,-5.536194],[-39.193298,-5.529785],[-39.191101,-5.525085],[-39.188904,-5.52301],[-39.18573,-5.522095],[-39.181824,-5.522522],[-39.178406,-5.52478],[-39.173523,-5.524902],[-39.170715,-5.523804],[-39.167725,-5.523804],[-39.1651,-5.519897],[-39.156982,-5.515808],[-39.150513,-5.51532],[-39.147827,-5.510681],[-39.144592,-5.507202],[-39.140808,-5.507324],[-39.137695,-5.509399],[-39.132812,-5.511902],[-39.125305,-5.507996],[-39.119019,-5.507324],[-39.115112,-5.507812],[-39.111084,-5.510315],[-39.101624,-5.510803],[-39.097595,-5.512024],[-39.094177,-5.507507],[-39.091309,-5.506775],[-39.088013,-5.509888],[-39.088013,-5.529114],[-39.084778,-5.529602],[-39.076111,-5.532104],[-39.072388,-5.528381],[-39.063477,-5.514099],[-39.060608,-5.511108],[-39.061829,-5.500793],[-39.06311,-5.49762],[-39.068481,-5.493408],[-39.070312,-5.487],[-39.06958,-5.480896],[-39.070007,-5.477478],[-39.068726,-5.473511],[-39.061707,-5.463806],[-39.06073,-5.46051],[-39.058411,-5.449097],[-39.057129,-5.440613],[-39.05658,-5.434021],[-39.055725,-5.428711],[-39.057678,-5.418579],[-39.059021,-5.4151],[-39.064209,-5.411377],[-39.069702,-5.407898],[-39.073425,-5.406311],[-39.084412,-5.402588],[-39.082275,-5.393188],[-39.075012,-5.368591],[-39.054626,-5.30072],[-39.052002,-5.296326],[-39.049805,-5.290527],[-39.044983,-5.286011],[-39.042419,-5.278625],[-39.035278,-5.2724],[-39.033386,-5.267212],[-39.034912,-5.263489],[-39.036804,-5.260376],[-39.039185,-5.254089],[-39.041016,-5.251404],[-39.040405,-5.24823],[-39.036987,-5.242004],[-39.034302,-5.238586],[-39.033081,-5.235291],[-39.031494,-5.225708],[-39.028809,-5.2229],[-39.031311,-5.221497],[-39.036987,-5.222229],[-39.046875,-5.226379],[-39.05011,-5.225708],[-39.056213,-5.222412],[-39.058594,-5.219727],[-39.088684,-5.172913],[-39.087708,-5.168884],[-39.081909,-5.151611]]]},"properties":{"shapeName":"Quixeramobim","shapeISO":"56859067B28846825855814","shapeGroup":"BRA","shapeType":"ADM2","src_shape_id":"56859067B28846825855814","adm1ISO":"BR-CE"}},
{"type":"Feature","geometry":{"type":"Polygon","coordinates":[[[-37.820923,-4.984985],[-37.825195,-4.986511],[-37.828186,-4.989197],[-37.831482,-4.993896],[-37.834595,-4.993713],[-37.83728,-4.992798],[-37.843506,-4.992493],[-37.8526,-4.982727],[-37.857727,-4.981384],[-37.862,-4.97821],[-37.870605,-4.980286],[-37.875305,-4.982422],[-37.881775,-4.984619],[-37.885803,-4.98468],[-37.889893,-4.983704],[-37.8927,-4.981995],[-37.896912,-4.981689],[-37.900879,-4.980408],[-37.905518,-4.983093],[-37.913513,-4.984375],[-37.918823,-4.988708],[-37.924683,-4.992493],[-37.927429,-4.997803],[-37.92981,-5.000122],[-37.932922,-5.002075],[-37.938721,-5.003113],[-37.942993,-5.002014],[-37.947021,-5.003601],[-37.94751,-5.006592],[-37.963379,-5.006775],[-37.966187,-5.00769],[-38.001892,-5.018311],[-38.013,-5.025208],[-38.018311,-5.024414],[-38.021484,-5.028381],[-38.023926,-5.030029],[-38.025391,-5.03302],[-38.031311,-5.036011],[-38.033386,-5.038696],[-38.035522,-5.043579],[-38.040588,-5.048889],[-38.043579,-5.050476],[-38.048706,-5.055115],[-38.051514,-5.062988],[-38.053406,-5.07251],[-38.056091,-5.078186],[-38.059692,-5.07959],[-38.055481,-5.083191],[-38.046326,-5.086609],[-38.046509,-5.08313],[-38.044678,-5.080017],[-38.003296,-5.080994],[-37.9953,-5.085388],[-37.972412,-5.100708],[-37.969299,-5.103577],[-37.966309,-5.1073],[-37.963013,-5.109802],[-37.958618,-5.115723],[-37.956787,-5.119812],[-37.956726,-5.124023],[-37.953918,-5.13208],[-37.950317,-5.139404],[-37.946594,-5.142029],[-37.940796,-5.145386],[-37.935913,-5.1521],[-37.934204,-5.158813],[-37.92688,-5.166992],[-37.926208,-5.172119],[-37.872803,-5.202698],[-37.832886,-5.222717],[-37.823792,-5.227112],[-37.784912,-5.241211],[-37.782898,-5.232178],[-37.783386,-5.229004],[-37.785522,-5.225708],[-37.788086,-5.219177],[-37.789978,-5.214478],[-37.789978,-5.210876],[-37.786499,-5.20282],[-37.776306,-5.187012],[-37.764893,-5.139587],[-37.755615,-5.128784],[-37.752075,-5.122681],[-37.748291,-5.117493],[-37.740112,-5.110229],[-37.733398,-5.100586],[-37.731628,-5.084412],[-37.730408,-5.080627],[-37.726807,-5.073608],[-37.724487,-5.070129],[-37.719116,-5.065613],[-37.7146,-5.062683],[-37.71051,-5.061096],[-37.695801,-5.058105],[-37.677795,-5.053528],[-37.820923,-4.984985]]]},"properties":{"shapeName":"Quixeré","shapeISO":"56859067B90089990394430","shapeGroup":"BRA","shapeType":"ADM2","src_shape_id":"56859067B90089990394430","adm1ISO":"BR-CE"}},
{"type":"Feature","geometry":{"type":"Polygon","coordinates":[[[-38.716675,-4.188293],[-38.71521,-4.173096],[-38.719177,-4.168213],[-38.749084,-4.158875],[-38.756714,-4.157227],[-38.775513,-4.162476],[-38.79071,-4.142822],[-38.798706,-4.1427],[-38.802124,-4.143982],[-38.804504,-4.145813],[-38.805908,-4.150513],[-38.805176,-4.154419],[-38.803406,-4.160583],[-38.848694,-4.175293],[-38.854614,-4.176575],[-38.843994,-4.223511],[-38.848694,-4.22998],[-38.844421,-4.231689],[-38.840698,-4.2323],[-38.840088,-4.236328],[-38.841919,-4.240723],[-38.841187,-4.244995],[-38.836914,-4.247375],[-38.833923,-4.247009],[-38.829102,-4.25061],[-38.823792,-4.249695],[-38.819397,-4.250427],[-38.812012,-4.249512],[-38.807678,-4.251282],[-38.802612,-4.258789],[-38.804199,-4.265808],[-38.802185,-4.268677],[-38.801208,-4.271484],[-38.798706,-4.273376],[-38.794678,-4.272217],[-38.786926,-4.27063],[-38.784119,-4.272217],[-38.781189,-4.275513],[-38.781494,-4.280212],[-38.784912,-4.28241],[-38.790405,-4.288025],[-38.794312,-4.289917],[-38.79541,-4.293701],[-38.768921,-4.30542],[-38.764893,-4.305908],[-38.760925,-4.310425],[-38.75769,-4.31189],[-38.758484,-4.318726],[-38.757629,-4.322876],[-38.755981,-4.326599],[-38.751404,-4.332703],[-38.749817,-4.336304],[-38.750793,-4.339722],[-38.749512,-4.343323],[-38.747009,-4.346924],[-38.745911,-4.350891],[-38.743713,-4.35321],[-38.737305,-4.356995],[-38.732483,-4.358215],[-38.730103,-4.365784],[-38.725281,-4.366821],[-38.721924,-4.370422],[-38.719604,-4.373718],[-38.716309,-4.376404],[-38.713623,-4.379395],[-38.712524,-4.383423],[-38.708801,-4.383911],[-38.705627,-4.382812],[-38.693481,-4.379883],[-38.697327,-4.353882],[-38.699524,-4.329224],[-38.691589,-4.302795],[-38.686401,-4.286987],[-38.684326,-4.278992],[-38.697815,-4.283508],[-38.700928,-4.285889],[-38.70929,-4.290222],[-38.716492,-4.290588],[-38.718323,-4.281128],[-38.712585,-4.254883],[-38.706909,-4.247803],[-38.711182,-4.235413],[-38.712402,-4.227783],[-38.713196,-4.218384],[-38.716675,-4.188293]]]},"properties":{"shapeName":"Redenção","shapeISO":"56859067B98752060236455","shapeGroup":"BRA","shapeType":"ADM2","src_shape_id":"56859067B98752060236455","adm1ISO":"BR-CE"}},
{"type":"Feature","geometry":{"type":"Polygon","coordinates":[[[-40.639221,-4.013977],[-40.639709,-4.021301],[-40.638,-4.024719],[-40.634216,-4.02771],[-40.629211,-4.029907],[-40.644592,-4.033508],[-40.64801,-4.036194],[-40.649475,-4.039795],[-40.651917,-4.042725],[-40.657715,-4.046509],[-40.670105,-4.052002],[-40.677795,-4.05481],[-40.682495,-4.057495],[-40.690796,-4.076904],[-40.713623,-4.128113],[-40.715881,-4.138977],[-40.714111,-4.14801],[-40.714111,-4.152893],[-40.711426,-4.156982],[-40.713196,-4.159912],[-40.710876,-4.162781],[-40.711792,-4.167419],[-40.711426,-4.172424],[-40.712097,-4.176208],[-40.716003,-4.180908],[-40.719299,-4.182007],[-40.720276,-4.184814],[-40.717529,-4.1875],[-40.719482,-4.189819],[-40.723389,-4.191284],[-40.724182,-4.195496],[-40.726196,-4.197876],[-40.726501,-4.203613],[-40.719788,-4.205505],[-40.713013,-4.20459],[-40.708008,-4.206299],[-40.699707,-4.207581],[-40.697021,-4.208923],[-40.688782,-4.209229],[-40.674622,-4.211609],[-40.613281,-4.208008],[-40.60791,-4.207825],[-40.60498,-4.207214],[-40.598877,-4.20282],[-40.59491,-4.200989],[-40.562378,-4.182007],[-40.545776,-4.172485],[-40.541809,-4.171326],[-40.537109,-4.172913],[-40.529175,-4.169006],[-40.521301,-4.168213],[-40.518982,-4.165894],[-40.518127,-4.162903],[-40.5177,-4.154175],[-40.515503,-4.147522],[-40.516296,-4.143921],[-40.518311,-4.138123],[-40.515198,-4.132996],[-40.521118,-4.126221],[-40.522827,-4.122681],[-40.523987,-4.118286],[-40.524597,-4.112488],[-40.526611,-4.107422],[-40.532104,-4.098999],[-40.47229,-4.085815],[-40.497375,-4.061279],[-40.512695,-4.046204],[-40.56781,-4.046875],[-40.605713,-4.030396],[-40.639221,-4.013977]]]},"properties":{"shapeName":"Reriutaba","shapeISO":"56859067B92344183297275","shapeGroup":"BRA","shapeType":"ADM2","src_shape_id":"56859067B92344183297275","adm1ISO":"BR-CE"}},
{"type":"Feature","geometry":{"type":"Polygon","coordinates":[[[-38.21521,-4.590088],[-38.218689,-4.593079],[-38.220581,-4.596375],[-38.223877,-4.599792],[-38.233521,-4.611511],[-38.237427,-4.616882],[-38.243713,-4.622498],[-38.248779,-4.626404],[-38.255676,-4.633423],[-38.260315,-4.638977],[-38.267578,-4.643982],[-38.270813,-4.646729],[-38.275879,-4.652893],[-38.284302,-4.660278],[-38.293579,-4.670593],[-38.295105,-4.674683],[-38.298096,-4.678711],[-38.304077,-4.680603],[-38.315125,-4.677979],[-38.318481,-4.676392],[-38.321777,-4.674011],[-38.325317,-4.672913],[-38.331299,-4.676025],[-38.33551,-4.680176],[-38.339294,-4.682983],[-38.344482,-4.686096],[-38.350281,-4.69281],[-38.354004,-4.695129],[-38.359619,-4.699707],[-38.362,-4.703125],[-38.361206,-4.707092],[-38.362488,-4.711609],[-38.364929,-4.715088],[-38.367798,-4.716919],[-38.370911,-4.719727],[-38.372803,-4.722412],[-38.374329,-4.726013],[-38.375122,-4.72998],[-38.380188,-4.735229],[-38.386597,-4.740295],[-38.389709,-4.743591],[-38.393616,-4.746582],[-38.397522,-4.748596],[-38.408997,-4.759399],[-38.411682,-4.762695],[-38.414429,-4.760925],[-38.416809,-4.758484],[-38.419617,-4.760315],[-38.420898,-4.763611],[-38.421326,-4.768188],[-38.423401,-4.7724],[-38.426208,-4.776001],[-38.43219,-4.78009],[-38.439026,-4.786987],[-38.441895,-4.791687],[-38.449219,-4.795776],[-38.452576,-4.799377],[-38.456482,-4.804993],[-38.460999,-4.810425],[-38.468201,-4.816528],[-38.463196,-4.818115],[-38.458984,-4.820312],[-38.454712,-4.82312],[-38.451294,-4.825989],[-38.44928,-4.829285],[-38.446289,-4.832825],[-38.441528,-4.833984],[-38.437378,-4.834229],[-38.434387,-4.837891],[-38.433289,-4.84082],[-38.430603,-4.844727],[-38.430176,-4.848511],[-38.430725,-4.854187],[-38.429199,-4.857178],[-38.418396,-4.861389],[-38.415283,-4.863281],[-38.411621,-4.863281],[-38.405701,-4.861694],[-38.40271,-4.861328],[-38.39978,-4.859009],[-38.396729,-4.857605],[-38.392029,-4.856995],[-38.387878,-4.855225],[-38.38501,-4.85321],[-38.37738,-4.851379],[-38.371704,-4.854126],[-38.366577,-4.848816],[-38.360291,-4.846802],[-38.356995,-4.8479],[-38.35553,-4.8526],[-38.347717,-4.855896],[-38.341919,-4.857178],[-38.338013,-4.860229],[-38.332397,-4.858704],[-38.328308,-4.857178],[-38.325012,-4.855225],[-38.320923,-4.8573],[-38.316711,-4.857727],[-38.311523,-4.857178],[-38.308289,-4.858704],[-38.305298,-4.861694],[-38.303223,-4.86499],[-38.299988,-4.868103],[-38.29071,-4.869385],[-38.287415,-4.874512],[-38.283997,-4.878296],[-38.281189,-4.879211],[-38.269897,-4.877075],[-38.266724,-4.877991],[-38.263794,-4.880981],[-38.260803,-4.884888],[-38.231628,-4.939819],[-38.211609,-4.974182],[-38.200317,-4.974609],[-38.195801,-4.976196],[-38.191895,-4.975281],[-38.188904,-4.975403],[-38.169617,-4.991211],[-38.150818,-5.008606],[-38.154907,-5.010803],[-38.141907,-5.032288],[-38.120911,-5.031311],[-38.100098,-5.053406],[-38.079285,-5.070801],[-38.0755,-5.075195],[-38.071106,-5.076782],[-38.059692,-5.07959],[-38.056091,-5.078186],[-38.053406,-5.07251],[-38.051514,-5.062988],[-38.048706,-5.055115],[-38.043579,-5.050476],[-38.040588,-5.048889],[-38.035522,-5.043579],[-38.033386,-5.038696],[-38.031311,-5.036011],[-38.025391,-5.03302],[-38.023926,-5.030029],[-38.021484,-5.028381],[-38.018311,-5.024414],[-38.013,-5.025208],[-38.001892,-5.018311],[-37.966187,-5.00769],[-37.963379,-5.006775],[-37.94751,-5.006592],[-37.947021,-5.003601],[-37.942993,-5.002014],[-37.938721,-5.003113],[-37.932922,-5.002075],[-37.92981,-5.000122],[-37.927429,-4.997803],[-37.924683,-4.992493],[-37.918823,-4.988708],[-37.913513,-4.984375],[-37.905518,-4.983093],[-37.900879,-4.980408],[-37.896912,-4.981689],[-37.8927,-4.981995],[-37.889893,-4.983704],[-37.885803,-4.98468],[-37.881775,-4.984619],[-37.875305,-4.982422],[-37.870605,-4.980286],[-37.862,-4.97821],[-37.857727,-4.981384],[-37.8526,-4.982727],[-37.843506,-4.992493],[-37.83728,-4.992798],[-37.834595,-4.993713],[-37.831482,-4.993896],[-37.828186,-4.989197],[-37.825195,-4.986511],[-37.820923,-4.984985],[-37.87439,-4.939392],[-37.872009,-4.924011],[-37.874695,-4.919495],[-37.886597,-4.904297],[-37.885803,-4.880798],[-37.883484,-4.853699],[-37.88562,-4.850098],[-37.888977,-4.847412],[-37.893188,-4.838806],[-37.900391,-4.820801],[-37.93158,-4.825012],[-37.9599,-4.828613],[-37.97168,-4.830322],[-37.981812,-4.833984],[-37.98938,-4.835083],[-38.02301,-4.839111],[-38.030396,-4.840088],[-38.042175,-4.844604],[-38.043884,-4.840576],[-38.048523,-4.834778],[-38.050598,-4.830383],[-38.060486,-4.81073],[-38.060791,-4.80658],[-38.058228,-4.791199],[-38.057312,-4.788513],[-38.052612,-4.783691],[-38.048523,-4.777405],[-38.049927,-4.772827],[-38.058411,-4.763],[-38.06012,-4.75531],[-38.062622,-4.752319],[-38.068176,-4.750427],[-38.073975,-4.743896],[-38.077209,-4.73761],[-38.084229,-4.732117],[-38.08728,-4.719727],[-38.091614,-4.709412],[-38.093628,-4.705322],[-38.098083,-4.701477],[-38.105896,-4.695801],[-38.109009,-4.692993],[-38.111877,-4.691406],[-38.134216,-4.6745],[-38.1474,-4.663513],[-38.161377,-4.641602],[-38.174194,-4.628906],[-38.179382,-4.625],[-38.179993,-4.622192],[-38.184387,-4.619507],[-38.187012,-4.616211],[-38.194824,-4.608215],[-38.207214,-4.596191],[-38.21051,-4.592712],[-38.21521,-4.590088]]]},"properties":{"shapeName":"Russas","shapeISO":"56859067B811843204611","shapeGroup":"BRA","shapeType":"ADM2","src_shape_id":"56859067B811843204611","adm1ISO":"BR-CE"}},
{"type":"Feature","geometry":{"type":"Polygon","coordinates":[[[-39.788208,-6.206604],[-39.787903,-6.210693],[-39.7854,-6.213623],[-39.786499,-6.21698],[-39.786499,-6.220581],[-39.790405,-6.227478],[-39.792297,-6.229797],[-39.795227,-6.236206],[-39.796021,-6.240784],[-39.801208,-6.244507],[-39.806213,-6.245483],[-39.806519,-6.248718],[-39.807617,-6.251404],[-39.808594,-6.256409],[-39.806213,-6.260376],[-39.808899,-6.264587],[-39.816406,-6.263611],[-39.817383,-6.268188],[-39.819519,-6.272827],[-39.819397,-6.276489],[-39.822021,-6.281494],[-39.820984,-6.286804],[-39.824524,-6.289185],[-39.828613,-6.288513],[-39.831482,-6.291321],[-39.83551,-6.29303],[-39.836609,-6.297485],[-39.832214,-6.300415],[-39.830811,-6.308289],[-39.832581,-6.315186],[-39.83429,-6.317627],[-39.835022,-6.321289],[-39.838684,-6.324402],[-39.84021,-6.328308],[-39.842712,-6.331482],[-39.847412,-6.34021],[-39.84491,-6.343079],[-39.845215,-6.347412],[-39.847595,-6.35199],[-39.849609,-6.354492],[-39.85321,-6.3573],[-39.859009,-6.357422],[-39.86438,-6.356506],[-39.873291,-6.359497],[-39.878113,-6.36261],[-39.887695,-6.36261],[-39.890686,-6.365112],[-39.893921,-6.366882],[-39.896179,-6.362488],[-39.901184,-6.362488],[-39.908508,-6.360291],[-39.9151,-6.356323],[-39.919128,-6.356201],[-39.92041,-6.353027],[-39.924011,-6.351807],[-39.922119,-6.348877],[-39.925293,-6.340698],[-39.930176,-6.341125],[-39.932495,-6.338501],[-39.935486,-6.33783],[-39.939697,-6.335999],[-39.94751,-6.330994],[-39.950623,-6.332275],[-39.956726,-6.331909],[-39.963013,-6.33429],[-39.967224,-6.336304],[-39.97168,-6.336792],[-39.974426,-6.338501],[-39.979492,-6.331909],[-39.982727,-6.331421],[-39.98938,-6.327393],[-39.992676,-6.327209],[-39.999329,-6.331482],[-40.002014,-6.333679],[-40.010803,-6.332825],[-40.014099,-6.330811],[-40.015808,-6.333618],[-40.018616,-6.332275],[-40.021912,-6.331604],[-40.025208,-6.329224],[-40.030212,-6.331482],[-40.039124,-6.337219],[-40.041077,-6.34021],[-40.039612,-6.344482],[-40.047607,-6.349915],[-40.048584,-6.356323],[-40.051575,-6.359314],[-40.057312,-6.364075],[-40.061829,-6.366516],[-40.063293,-6.362976],[-40.066711,-6.362183],[-40.070679,-6.364624],[-40.073303,-6.367798],[-40.076721,-6.368408],[-40.084229,-6.36731],[-40.082886,-6.370789],[-40.084412,-6.378479],[-40.079712,-6.388611],[-40.077209,-6.396301],[-40.075195,-6.400513],[-40.071899,-6.403625],[-40.068909,-6.404419],[-40.066528,-6.405884],[-40.06311,-6.414612],[-40.060486,-6.41803],[-40.056213,-6.420593],[-40.051025,-6.421692],[-40.046509,-6.423584],[-40.042419,-6.426025],[-40.036987,-6.430603],[-40.033386,-6.43158],[-40.029602,-6.43573],[-40.028381,-6.440918],[-40.033508,-6.441711],[-40.037476,-6.440613],[-40.041626,-6.442993],[-40.046997,-6.450806],[-40.047913,-6.453918],[-40.049622,-6.456482],[-40.048706,-6.459412],[-40.050293,-6.463928],[-40.0495,-6.467407],[-40.04718,-6.471313],[-40.050781,-6.473999],[-40.053711,-6.477478],[-40.055298,-6.481689],[-40.053894,-6.486206],[-40.05719,-6.489502],[-40.056213,-6.49292],[-40.054199,-6.495117],[-40.055481,-6.497925],[-40.058289,-6.500793],[-40.056824,-6.507324],[-40.054016,-6.511108],[-40.050293,-6.514099],[-40.051575,-6.518127],[-40.051208,-6.52179],[-40.048096,-6.524109],[-40.0448,-6.528198],[-40.041382,-6.531311],[-40.040283,-6.539307],[-40.033508,-6.5401],[-40.031006,-6.542419],[-40.031189,-6.547485],[-40.033691,-6.551086],[-40.035095,-6.556091],[-40.034424,-6.559082],[-40.03009,-6.562927],[-40.030212,-6.569397],[-40.027527,-6.57489],[-40.026123,-6.582092],[-40.030212,-6.584717],[-40.037292,-6.588196],[-40.039978,-6.590088],[-40.038696,-6.593323],[-40.030823,-6.59491],[-40.032288,-6.597717],[-40.036987,-6.600525],[-40.041199,-6.602295],[-40.047485,-6.606812],[-40.051575,-6.608582],[-40.05481,-6.611328],[-40.057312,-6.622803],[-40.055176,-6.625916],[-40.0495,-6.626221],[-40.046326,-6.62561],[-40.043396,-6.625977],[-40.039307,-6.628113],[-40.036621,-6.637329],[-40.037903,-6.642029],[-40.044006,-6.650085],[-40.045776,-6.655396],[-40.047913,-6.658875],[-40.05072,-6.661011],[-40.053711,-6.666992],[-40.05481,-6.670105],[-40.054626,-6.674377],[-40.05188,-6.675476],[-40.048828,-6.6745],[-40.051697,-6.679687],[-40.047485,-6.682312],[-40.041809,-6.677307],[-40.03949,-6.672729],[-40.030884,-6.672729],[-40.028687,-6.676086],[-40.024902,-6.67572],[-40.019897,-6.672913],[-40.015198,-6.673584],[-40.011902,-6.677795],[-40.007812,-6.684509],[-40.004822,-6.687622],[-40.002197,-6.684387],[-39.998413,-6.683594],[-39.994202,-6.683411],[-39.989624,-6.681396],[-39.986328,-6.679321],[-39.986023,-6.674805],[-39.984985,-6.671814],[-39.97998,-6.671692],[-39.975708,-6.670105],[-39.974609,-6.673828],[-39.976196,-6.67981],[-39.978088,-6.683228],[-39.981018,-6.686401],[-39.976685,-6.685913],[-39.972717,-6.68689],[-39.970703,-6.689514],[-39.969788,-6.693298],[-39.96698,-6.694824],[-39.963501,-6.695496],[-39.961914,-6.701782],[-39.958313,-6.701782],[-39.950317,-6.7052],[-39.947021,-6.707214],[-39.943909,-6.708191],[-39.942017,-6.711182],[-39.939026,-6.71051],[-39.936096,-6.706909],[-39.932678,-6.700684],[-39.929626,-6.69812],[-39.920776,-6.695801],[-39.91803,-6.693909],[-39.913025,-6.688782],[-39.903992,-6.687805],[-39.900085,-6.684509],[-39.894226,-6.682129],[-39.885925,-6.677612],[-39.877319,-6.671875],[-39.873108,-6.67041],[-39.873901,-6.673401],[-39.876709,-6.676208],[-39.876526,-6.67981],[-39.873291,-6.679626],[-39.868713,-6.678528],[-39.865479,-6.676514],[-39.863708,-6.679687],[-39.855408,-6.677429],[-39.852905,-6.674316],[-39.849609,-6.674683],[-39.8479,-6.678101],[-39.840515,-6.679016],[-39.837585,-6.680786],[-39.835876,-6.684875],[-39.834229,-6.692627],[-39.835083,-6.696594],[-39.832825,-6.69989],[-39.830078,-6.697327],[-39.816895,-6.691406],[-39.809814,-6.687195],[-39.805176,-6.681885],[-39.799011,-6.676208],[-39.796204,-6.673218],[-39.792419,-6.671814],[-39.786194,-6.67041],[-39.783081,-6.668884],[-39.779602,-6.663879],[-39.776917,-6.661011],[-39.77533,-6.65741],[-39.775085,-6.649597],[-39.777527,-6.646301],[-39.778992,-6.642517],[-39.777283,-6.639099],[-39.771912,-6.633484],[-39.773987,-6.628418],[-39.770996,-6.62738],[-39.767578,-6.627014],[-39.763123,-6.625],[-39.760315,-6.623108],[-39.75061,-6.618103],[-39.746094,-6.616516],[-39.736084,-6.613525],[-39.725403,-6.614075],[-39.728394,-6.611877],[-39.734497,-6.601318],[-39.739014,-6.602905],[-39.742493,-6.604919],[-39.749512,-6.609924],[-39.754517,-6.61261],[-39.761292,-6.617981],[-39.768311,-6.621277],[-39.7724,-6.623718],[-39.776001,-6.619202],[-39.772705,-6.615295],[-39.771301,-6.610779],[-39.773376,-6.607483],[-39.765808,-6.600403],[-39.763489,-6.59668],[-39.76239,-6.593506],[-39.764099,-6.590698],[-39.767395,-6.589905],[-39.770508,-6.586914],[-39.764709,-6.583496],[-39.76001,-6.581909],[-39.756226,-6.58313],[-39.751587,-6.580505],[-39.75293,-6.576294],[-39.75061,-6.569275],[-39.75,-6.56543],[-39.747498,-6.563721],[-39.74231,-6.5625],[-39.739319,-6.558716],[-39.73761,-6.55011],[-39.732178,-6.5448],[-39.728821,-6.542603],[-39.728882,-6.538391],[-39.735718,-6.536987],[-39.738586,-6.534302],[-39.741211,-6.529724],[-39.744812,-6.525879],[-39.745911,-6.522827],[-39.748901,-6.522278],[-39.750305,-6.518982],[-39.750183,-6.513794],[-39.747681,-6.508728],[-39.743896,-6.505493],[-39.732117,-6.5],[-39.729126,-6.498413],[-39.725708,-6.494812],[-39.728577,-6.491577],[-39.735718,-6.488098],[-39.738098,-6.485596],[-39.739319,-6.482788],[-39.742493,-6.482422],[-39.745483,-6.480713],[-39.748291,-6.477905],[-39.755615,-6.475403],[-39.762817,-6.470703],[-39.765808,-6.470215],[-39.768127,-6.468079],[-39.770691,-6.461975],[-39.771484,-6.458923],[-39.769775,-6.451111],[-39.766602,-6.446716],[-39.765503,-6.442078],[-39.768494,-6.439026],[-39.773682,-6.432312],[-39.775391,-6.428528],[-39.773804,-6.425781],[-39.774902,-6.421692],[-39.773804,-6.418213],[-39.776184,-6.412903],[-39.774292,-6.40918],[-39.7724,-6.406799],[-39.766296,-6.401794],[-39.763184,-6.400208],[-39.758728,-6.399597],[-39.753418,-6.393005],[-39.751282,-6.389709],[-39.747009,-6.386475],[-39.743225,-6.38562],[-39.740723,-6.381409],[-39.740295,-6.377319],[-39.739197,-6.374512],[-39.735413,-6.373413],[-39.731995,-6.370911],[-39.727295,-6.370728],[-39.726685,-6.367187],[-39.723694,-6.365601],[-39.72229,-6.362915],[-39.718811,-6.359314],[-39.714111,-6.35791],[-39.715881,-6.352722],[-39.714478,-6.347412],[-39.708923,-6.340393],[-39.721008,-6.271912],[-39.7229,-6.269226],[-39.726685,-6.270813],[-39.729675,-6.266785],[-39.729614,-6.263428],[-39.734009,-6.258301],[-39.734375,-6.254578],[-39.733215,-6.249695],[-39.734009,-6.245911],[-39.732788,-6.242615],[-39.729309,-6.240112],[-39.726379,-6.237305],[-39.723511,-6.235413],[-39.721008,-6.232483],[-39.718811,-6.226318],[-39.71759,-6.221802],[-39.715393,-6.218689],[-39.71521,-6.215088],[-39.716309,-6.211304],[-39.718079,-6.207703],[-39.721313,-6.206909],[-39.728699,-6.207886],[-39.732178,-6.209595],[-39.734009,-6.21228],[-39.734009,-6.215393],[-39.73291,-6.221375],[-39.747192,-6.228027],[-39.750122,-6.228699],[-39.752808,-6.234985],[-39.754211,-6.239685],[-39.760376,-6.238586],[-39.761475,-6.230225],[-39.762329,-6.226013],[-39.764099,-6.221191],[-39.763611,-6.216125],[-39.763794,-6.211121],[-39.767517,-6.209717],[-39.768799,-6.205688],[-39.77533,-6.206116],[-39.779297,-6.205078],[-39.781982,-6.206726],[-39.788208,-6.206604]]]},"properties":{"shapeName":"Saboeiro","shapeISO":"56859067B30594238017087","shapeGroup":"BRA","shapeType":"ADM2","src_shape_id":"56859067B30594238017087","adm1ISO":"BR-CE"}},
{"type":"Feature","geometry":{"type":"MultiPolygon","coordinates":[[[[-40.122498,-7.018127],[-40.124329,-7.020691],[-40.121521,-7.023376],[-40.120728,-7.020386],[-40.122498,-7.018127]]],[[[-40.523376,-7.318298],[-40.516602,-7.32019],[-40.510315,-7.322815],[-40.500488,-7.328003],[-40.486877,-7.336487],[-40.482788,-7.339294],[-40.476013,-7.344727],[-40.448486,-7.361328],[-40.433777,-7.367126],[-40.411011,-7.368408],[-40.40033,-7.368408],[-40.393799,-7.368103],[-40.38739,-7.367004],[-40.373596,-7.36261],[-40.360901,-7.355591],[-40.358215,-7.352478],[-40.354919,-7.346008],[-40.352295,-7.337708],[-40.350708,-7.334106],[-40.345886,-7.32959],[-40.338013,-7.323792],[-40.329407,-7.318481],[-40.325989,-7.313477],[-40.321411,-7.305908],[-40.31781,-7.303406],[-40.309692,-7.300903],[-40.295227,-7.300415],[-40.283875,-7.299194],[-40.278992,-7.299377],[-40.268005,-7.300781],[-40.263,-7.301025],[-40.260193,-7.302612],[-40.255676,-7.306213],[-40.247498,-7.313721],[-40.242981,-7.317078],[-40.261475,-7.264282],[-40.266785,-7.248413],[-40.252991,-7.232605],[-40.249084,-7.226379],[-40.249084,-7.222778],[-40.250916,-7.218506],[-40.250916,-7.212097],[-40.251282,-7.202881],[-40.253906,-7.199707],[-40.258728,-7.198608],[-40.262329,-7.194824],[-40.264282,-7.188599],[-40.266602,-7.185425],[-40.268494,-7.178711],[-40.268127,-7.173889],[-40.264099,-7.169189],[-40.261902,-7.162598],[-40.261475,-7.154724],[-40.262512,-7.148193],[-40.261475,-7.145508],[-40.25592,-7.139099],[-40.249023,-7.134094],[-40.241699,-7.126526],[-40.240906,-7.12262],[-40.23999,-7.113586],[-40.236084,-7.111328],[-40.231995,-7.110779],[-40.228088,-7.109009],[-40.223083,-7.104126],[-40.219788,-7.10321],[-40.217102,-7.101013],[-40.2146,-7.0979],[-40.211182,-7.098328],[-40.206909,-7.095093],[-40.202209,-7.092529],[-40.193481,-7.088928],[-40.189209,-7.086609],[-40.186523,-7.084412],[-40.183716,-7.085205],[-40.176819,-7.07959],[-40.174805,-7.077209],[-40.176575,-7.069214],[-40.174377,-7.065125],[-40.171509,-7.06311],[-40.169312,-7.059998],[-40.168091,-7.055481],[-40.165222,-7.047729],[-40.165527,-7.044128],[-40.166809,-7.041382],[-40.165588,-7.038208],[-40.156189,-7.034729],[-40.1474,-7.032104],[-40.143799,-7.02948],[-40.141296,-7.026611],[-40.13562,-7.023804],[-40.131409,-7.021118],[-40.127319,-7.019409],[-40.122498,-7.018127],[-40.121521,-7.014587],[-40.125305,-7.010681],[-40.13031,-7.002502],[-40.133301,-7.001221],[-40.136597,-7.002686],[-40.143799,-7.007507],[-40.14801,-7.008728],[-40.150879,-7.011719],[-40.156494,-7.015076],[-40.164429,-7.014526],[-40.167786,-7.015015],[-40.171692,-7.017212],[-40.176392,-7.018677],[-40.180908,-7.017883],[-40.184326,-7.02063],[-40.192078,-7.02478],[-40.196228,-7.026184],[-40.203003,-7.026611],[-40.205627,-7.028015],[-40.213379,-7.03009],[-40.220581,-7.036926],[-40.224304,-7.039185],[-40.229187,-7.039612],[-40.232605,-7.043213],[-40.235413,-7.044678],[-40.239075,-7.047424],[-40.242798,-7.051697],[-40.249329,-7.057007],[-40.250793,-7.060486],[-40.248901,-7.064026],[-40.251404,-7.0672],[-40.254578,-7.068604],[-40.257812,-7.067627],[-40.265381,-7.068604],[-40.270813,-7.068481],[-40.279175,-7.069397],[-40.288025,-7.072083],[-40.290405,-7.074707],[-40.296814,-7.077209],[-40.301392,-7.077698],[-40.306396,-7.077209],[-40.310425,-7.076111],[-40.315613,-7.077209],[-40.322815,-7.082825],[-40.322021,-7.089111],[-40.322876,-7.093323],[-40.32489,-7.097412],[-40.324707,-7.101013],[-40.320801,-7.106995],[-40.321228,-7.111694],[-40.323608,-7.115295],[-40.323425,-7.119202],[-40.321228,-7.127197],[-40.324524,-7.128479],[-40.328796,-7.128723],[-40.333801,-7.127808],[-40.35498,-7.120789],[-40.370422,-7.115479],[-40.446899,-7.088806],[-40.445618,-7.085876],[-40.44281,-7.083801],[-40.441101,-7.080811],[-40.445801,-7.079285],[-40.451782,-7.078796],[-40.458191,-7.077087],[-40.469421,-7.087585],[-40.470398,-7.09259],[-40.485229,-7.111023],[-40.489685,-7.118713],[-40.489197,-7.121521],[-40.485291,-7.127014],[-40.484375,-7.133179],[-40.487183,-7.144775],[-40.495728,-7.169617],[-40.494995,-7.182678],[-40.501282,-7.188599],[-40.502808,-7.198792],[-40.504211,-7.204712],[-40.506104,-7.210876],[-40.510376,-7.225586],[-40.511108,-7.234192],[-40.513489,-7.239685],[-40.515808,-7.264404],[-40.515198,-7.275085],[-40.51239,-7.2854],[-40.51178,-7.300598],[-40.514282,-7.3078],[-40.518188,-7.313599],[-40.523376,-7.318298]]]]},"properties":{"shapeName":"Salitre","shapeISO":"56859067B98262319146081","shapeGroup":"BRA","shapeType":"ADM2","src_shape_id":"56859067B98262319146081","adm1ISO":"BR-CE"}},
{"type":"Feature","geometry":{"type":"Polygon","coordinates":[[[-39.987427,-3.365417],[-39.992676,-3.36438],[-39.999084,-3.362122],[-40.003113,-3.361206],[-40.008301,-3.361511],[-40.018494,-3.362915],[-40.022583,-3.362305],[-40.030884,-3.362],[-40.034302,-3.360779],[-40.036621,-3.362976],[-40.039612,-3.363892],[-40.044678,-3.363708],[-40.053711,-3.365906],[-40.058594,-3.368713],[-40.066589,-3.367798],[-40.070679,-3.366516],[-40.073975,-3.363403],[-40.077698,-3.359009],[-40.081299,-3.355713],[-40.085327,-3.355896],[-40.090576,-3.354919],[-40.089905,-3.344788],[-40.087891,-3.33429],[-40.08551,-3.31543],[-40.088806,-3.315491],[-40.095825,-3.317078],[-40.098511,-3.318726],[-40.101929,-3.319092],[-40.106506,-3.318481],[-40.11499,-3.31543],[-40.118225,-3.315491],[-40.128906,-3.313477],[-40.13269,-3.313782],[-40.140015,-3.308899],[-40.14563,-3.303711],[-40.160583,-3.312012],[-40.163086,-3.314514],[-40.167114,-3.316895],[-40.174683,-3.319214],[-40.178711,-3.319092],[-40.182678,-3.320312],[-40.189209,-3.314392],[-40.192322,-3.312012],[-40.196289,-3.310913],[-40.200684,-3.308716],[-40.25708,-3.310913],[-40.265625,-3.311584],[-40.27478,-3.312012],[-40.299622,-3.313599],[-40.341187,-3.316101],[-40.342102,-3.350708],[-40.34259,-3.3573],[-40.342529,-3.361084],[-40.336792,-3.400391],[-40.335083,-3.404419],[-40.3078,-3.409729],[-40.304993,-3.414185],[-40.285217,-3.453918],[-40.270081,-3.48291],[-40.266602,-3.484924],[-40.263916,-3.484009],[-40.260498,-3.486511],[-40.26001,-3.491211],[-40.258179,-3.49408],[-40.251709,-3.489685],[-40.252625,-3.494019],[-40.254517,-3.497192],[-40.25769,-3.498901],[-40.25293,-3.503601],[-40.256775,-3.512085],[-40.256897,-3.517395],[-40.254089,-3.521729],[-40.252197,-3.525696],[-40.25293,-3.531006],[-40.252075,-3.534607],[-40.254028,-3.53772],[-40.254517,-3.541321],[-40.254211,-3.546387],[-40.253479,-3.550293],[-40.255798,-3.558411],[-40.261108,-3.563293],[-40.265076,-3.567627],[-40.269104,-3.569885],[-40.269409,-3.572998],[-40.263794,-3.576782],[-40.260925,-3.577576],[-40.254028,-3.577698],[-40.248718,-3.579895],[-40.243408,-3.581482],[-40.239807,-3.578918],[-40.235413,-3.578979],[-40.230225,-3.578186],[-40.228088,-3.581787],[-40.225525,-3.58429],[-40.224182,-3.587524],[-40.223816,-3.591797],[-40.221313,-3.595398],[-40.215027,-3.601624],[-40.208923,-3.597229],[-40.205688,-3.603027],[-40.201599,-3.60553],[-40.201294,-3.609497],[-40.205811,-3.61261],[-40.205994,-3.617126],[-40.212097,-3.624817],[-40.211914,-3.62793],[-40.208984,-3.63031],[-40.207214,-3.634583],[-40.203796,-3.639099],[-40.199829,-3.640198],[-40.196716,-3.642029],[-40.195496,-3.644714],[-40.193481,-3.646912],[-40.188782,-3.64801],[-40.18512,-3.650879],[-40.183411,-3.654785],[-40.184387,-3.659424],[-40.183899,-3.664795],[-40.181091,-3.668579],[-40.177124,-3.67041],[-40.173218,-3.674194],[-40.171326,-3.672119],[-40.164185,-3.667114],[-40.158386,-3.66571],[-40.154175,-3.66571],[-40.147583,-3.668396],[-40.145203,-3.674377],[-40.140625,-3.676819],[-40.138428,-3.678894],[-40.135376,-3.684326],[-40.133484,-3.68689],[-40.121277,-3.689697],[-40.117798,-3.691589],[-40.112976,-3.690613],[-40.112488,-3.685608],[-40.113098,-3.681824],[-40.112305,-3.67749],[-40.112488,-3.672119],[-40.110596,-3.662781],[-40.109375,-3.658386],[-40.110107,-3.645325],[-40.116821,-3.645081],[-40.119629,-3.643311],[-40.11969,-3.638794],[-40.108093,-3.630005],[-40.103577,-3.62561],[-40.09729,-3.621582],[-40.091675,-3.616211],[-40.083313,-3.607727],[-40.07312,-3.597107],[-40.068787,-3.593018],[-40.064575,-3.591309],[-40.061707,-3.588196],[-40.059509,-3.58551],[-40.056396,-3.585022],[-40.053406,-3.583618],[-40.044495,-3.56958],[-40.04303,-3.565186],[-40.044006,-3.560181],[-40.045593,-3.556213],[-40.046326,-3.552185],[-40.046326,-3.548401],[-40.046997,-3.537781],[-40.048584,-3.534607],[-40.047791,-3.531677],[-40.045105,-3.529175],[-40.045776,-3.524902],[-40.045105,-3.521484],[-40.04303,-3.518311],[-40.040283,-3.51532],[-40.039917,-3.507629],[-40.04071,-3.503723],[-40.039917,-3.5],[-40.037903,-3.496277],[-40.037109,-3.492981],[-40.038025,-3.489502],[-40.038696,-3.481018],[-40.041321,-3.474792],[-40.038818,-3.46991],[-40.038208,-3.465698],[-40.036011,-3.458923],[-40.028809,-3.453003],[-40.026611,-3.449585],[-40.026123,-3.445801],[-40.027222,-3.442505],[-40.027283,-3.438416],[-40.024719,-3.433716],[-40.021301,-3.430725],[-40.016296,-3.42981],[-40.012329,-3.427429],[-40.009705,-3.424622],[-40.006226,-3.423584],[-40.004028,-3.417603],[-40,-3.410889],[-39.996582,-3.408386],[-39.99469,-3.404297],[-39.994629,-3.39978],[-39.993408,-3.396301],[-39.991211,-3.391907],[-39.991699,-3.387512],[-39.990417,-3.383179],[-39.98761,-3.380676],[-39.987,-3.37738],[-39.986877,-3.368713],[-39.987427,-3.365417]]]},"properties":{"shapeName":"Santana do Acaraú","shapeISO":"56859067B27753760045626","shapeGroup":"BRA","shapeType":"ADM2","src_shape_id":"56859067B27753760045626","adm1ISO":"BR-CE"}},
{"type":"Feature","geometry":{"type":"Polygon","coordinates":[[[-39.889893,-7.339294],[-39.886292,-7.339294],[-39.883484,-7.338013],[-39.874817,-7.332397],[-39.866577,-7.329102],[-39.863892,-7.327698],[-39.857727,-7.325378],[-39.848083,-7.325012],[-39.839783,-7.329102],[-39.828613,-7.332397],[-39.824097,-7.331787],[-39.818298,-7.329102],[-39.815308,-7.328613],[-39.812012,-7.330078],[-39.800781,-7.330383],[-39.796997,-7.331787],[-39.789185,-7.331909],[-39.780396,-7.329712],[-39.776184,-7.328003],[-39.760376,-7.326111],[-39.752991,-7.326599],[-39.741577,-7.326782],[-39.736023,-7.328308],[-39.7276,-7.331177],[-39.706177,-7.337708],[-39.69751,-7.342102],[-39.684875,-7.350403],[-39.671326,-7.358521],[-39.653076,-7.372192],[-39.645691,-7.380798],[-39.639404,-7.396179],[-39.634094,-7.406799],[-39.631287,-7.415283],[-39.630127,-7.421875],[-39.627686,-7.426208],[-39.623291,-7.42688],[-39.615479,-7.425598],[-39.608704,-7.423706],[-39.60553,-7.424011],[-39.599487,-7.428284],[-39.599976,-7.397827],[-39.599976,-7.343018],[-39.599792,-7.228394],[-39.601501,-7.209717],[-39.607788,-7.209412],[-39.621582,-7.198608],[-39.627502,-7.194519],[-39.644409,-7.187317],[-39.656311,-7.182983],[-39.669495,-7.178711],[-39.677979,-7.175476],[-39.684875,-7.173279],[-39.689209,-7.171509],[-39.693909,-7.168884],[-39.700684,-7.160095],[-39.703308,-7.157776],[-39.706482,-7.146606],[-39.739685,-7.09668],[-39.74469,-7.089417],[-39.745911,-7.084412],[-39.748413,-7.080078],[-39.748779,-7.076599],[-39.745911,-7.072815],[-39.746704,-7.069885],[-39.751587,-7.062622],[-39.754395,-7.059814],[-39.754822,-7.054626],[-39.756287,-7.051514],[-39.756409,-7.043213],[-39.754211,-7.039795],[-39.751282,-7.032288],[-39.748901,-7.02771],[-39.747498,-7.023682],[-39.754578,-7.028198],[-39.759094,-7.03479],[-39.764587,-7.033997],[-39.767212,-7.038513],[-39.767578,-7.04303],[-39.764526,-7.04718],[-39.77002,-7.055298],[-39.772095,-7.06073],[-39.779602,-7.059387],[-39.783203,-7.059875],[-39.784912,-7.057007],[-39.78418,-7.050598],[-39.786194,-7.047729],[-39.789612,-7.044189],[-39.790588,-7.040283],[-39.790405,-7.037292],[-39.788513,-7.033508],[-39.784912,-7.032715],[-39.789612,-7.029907],[-39.794312,-7.031189],[-39.797729,-7.033691],[-39.800598,-7.034302],[-39.804626,-7.036011],[-39.813416,-7.038513],[-39.822021,-7.040222],[-39.825623,-7.04248],[-39.830017,-7.044189],[-39.838989,-7.044983],[-39.849487,-7.048279],[-39.851929,-7.049927],[-39.855408,-7.051208],[-39.859497,-7.050903],[-39.862915,-7.052307],[-39.872986,-7.067078],[-39.88092,-7.060913],[-39.890625,-7.054626],[-39.888184,-7.06488],[-39.890381,-7.067505],[-39.890503,-7.070618],[-39.889282,-7.073486],[-39.886902,-7.075684],[-39.887512,-7.079285],[-39.883179,-7.088806],[-39.888977,-7.090393],[-39.895508,-7.093994],[-39.897278,-7.096924],[-39.89801,-7.101196],[-39.897095,-7.106689],[-39.895508,-7.11322],[-39.893616,-7.117493],[-39.894104,-7.122681],[-39.889587,-7.128113],[-39.889587,-7.135193],[-39.888489,-7.139404],[-39.888977,-7.142395],[-39.889099,-7.17749],[-39.889099,-7.213501],[-39.889404,-7.320312],[-39.889893,-7.339294]]]},"properties":{"shapeName":"Santana do Cariri","shapeISO":"56859067B7744611299719","shapeGroup":"BRA","shapeType":"ADM2","src_shape_id":"56859067B7744611299719","adm1ISO":"BR-CE"}},
{"type":"Feature","geometry":{"type":"Polygon","coordinates":[[[-39.729309,-4.696411],[-39.727905,-4.692322],[-39.72821,-4.68811],[-39.723022,-4.68689],[-39.713684,-4.680725],[-39.716614,-4.678406],[-39.719177,-4.674988],[-39.722107,-4.672424],[-39.726318,-4.671326],[-39.729187,-4.668091],[-39.726624,-4.664612],[-39.722778,-4.662109],[-39.720215,-4.65979],[-39.717529,-4.656311],[-39.720886,-4.653809],[-39.728821,-4.653809],[-39.733398,-4.65271],[-39.73761,-4.65271],[-39.743713,-4.645996],[-39.74823,-4.648621],[-39.751587,-4.646912],[-39.757996,-4.646179],[-39.761902,-4.64679],[-39.76709,-4.645996],[-39.77002,-4.643799],[-39.770691,-4.638611],[-39.769592,-4.634827],[-39.769409,-4.63092],[-39.766907,-4.628296],[-39.76001,-4.624878],[-39.757202,-4.622314],[-39.754211,-4.618713],[-39.75,-4.616699],[-39.742493,-4.611084],[-39.739075,-4.60968],[-39.736511,-4.604309],[-39.730896,-4.599976],[-39.723328,-4.599487],[-39.716309,-4.596497],[-39.713928,-4.594177],[-39.703125,-4.586487],[-39.701111,-4.58429],[-39.687317,-4.576111],[-39.685791,-4.572876],[-39.687683,-4.565918],[-39.691711,-4.563904],[-39.693787,-4.560913],[-39.694397,-4.555603],[-39.69812,-4.552917],[-39.700806,-4.546204],[-39.704407,-4.544006],[-39.712097,-4.542786],[-39.716614,-4.541504],[-39.720276,-4.541199],[-39.724609,-4.541992],[-39.728394,-4.540527],[-39.731689,-4.540588],[-39.740601,-4.543396],[-39.745911,-4.544128],[-39.74762,-4.541199],[-39.75061,-4.538879],[-39.755493,-4.536499],[-39.764526,-4.533386],[-39.765076,-4.529602],[-39.767822,-4.525085],[-39.765076,-4.520996],[-39.761475,-4.518799],[-39.756226,-4.512512],[-39.755188,-4.507812],[-39.756409,-4.5047],[-39.754883,-4.501526],[-39.747803,-4.496826],[-39.745117,-4.491028],[-39.740295,-4.493103],[-39.737305,-4.493225],[-39.73468,-4.492004],[-39.732483,-4.488403],[-39.727112,-4.485291],[-39.723511,-4.484497],[-39.720825,-4.481689],[-39.721375,-4.478699],[-39.724426,-4.477112],[-39.726807,-4.473511],[-39.726196,-4.469299],[-39.733704,-4.463989],[-39.73291,-4.4599],[-39.73291,-4.455627],[-39.733582,-4.452576],[-39.731384,-4.450684],[-39.729797,-4.447021],[-39.731201,-4.44281],[-39.735718,-4.437927],[-39.736023,-4.432983],[-39.740112,-4.427612],[-39.738892,-4.423279],[-39.74231,-4.417786],[-39.7453,-4.415588],[-39.745911,-4.41272],[-39.748596,-4.409302],[-39.752014,-4.406616],[-39.753113,-4.403809],[-39.752319,-4.399475],[-39.747375,-4.397888],[-39.739624,-4.400818],[-39.736511,-4.400024],[-39.732605,-4.397888],[-39.728088,-4.393127],[-39.727112,-4.38678],[-39.724609,-4.380127],[-39.721313,-4.382385],[-39.717712,-4.382629],[-39.711609,-4.379822],[-39.709778,-4.377075],[-39.711792,-4.374512],[-39.710327,-4.366394],[-39.71051,-4.36322],[-39.712219,-4.360413],[-39.713806,-4.354492],[-39.711609,-4.352417],[-39.709412,-4.348999],[-39.716187,-4.345703],[-39.725403,-4.343811],[-39.7276,-4.339905],[-39.733826,-4.332886],[-39.7323,-4.326477],[-39.73291,-4.322327],[-39.731506,-4.318909],[-39.727417,-4.317078],[-39.726318,-4.312805],[-39.726318,-4.308411],[-39.732605,-4.305603],[-39.734802,-4.300781],[-39.737305,-4.29718],[-39.738525,-4.293213],[-39.733826,-4.288086],[-39.736206,-4.286377],[-39.73761,-4.28241],[-39.732605,-4.278076],[-39.731079,-4.274719],[-39.73291,-4.27179],[-39.736389,-4.268799],[-39.738403,-4.264282],[-39.741028,-4.262085],[-39.748108,-4.257324],[-39.749817,-4.254211],[-39.756104,-4.251404],[-39.762207,-4.25],[-39.765686,-4.247681],[-39.770813,-4.237427],[-39.77301,-4.22522],[-39.776306,-4.217102],[-39.778687,-4.213501],[-39.781494,-4.207275],[-39.782898,-4.19989],[-39.785095,-4.197083],[-39.789612,-4.193298],[-39.788208,-4.189087],[-39.78302,-4.184814],[-39.780212,-4.183289],[-39.775513,-4.17981],[-39.773193,-4.17688],[-39.773804,-4.174011],[-39.780029,-4.174316],[-39.785889,-4.172485],[-39.790405,-4.164612],[-39.794678,-4.159912],[-39.794312,-4.156311],[-39.797119,-4.154175],[-39.798828,-4.151794],[-39.80011,-4.148315],[-39.805298,-4.14032],[-39.807312,-4.137695],[-39.808228,-4.134827],[-39.808411,-4.130981],[-39.807495,-4.127075],[-39.808899,-4.123779],[-39.810913,-4.120911],[-39.810486,-4.116882],[-39.818481,-4.117798],[-39.8302,-4.113892],[-39.834778,-4.113098],[-39.840027,-4.113098],[-39.843323,-4.117493],[-39.847778,-4.119019],[-39.850403,-4.122314],[-39.851013,-4.125977],[-39.854675,-4.13031],[-39.85791,-4.136902],[-39.861206,-4.138184],[-39.865784,-4.138],[-39.86908,-4.135681],[-39.874878,-4.136475],[-39.883728,-4.138184],[-39.888306,-4.137512],[-39.890015,-4.14032],[-39.893311,-4.142212],[-39.89801,-4.141479],[-39.901123,-4.137512],[-39.911316,-4.136597],[-39.915283,-4.13678],[-39.919312,-4.135315],[-39.923523,-4.131775],[-39.927917,-4.130981],[-39.931091,-4.129822],[-39.937927,-4.128479],[-39.94342,-4.129211],[-39.950317,-4.125916],[-39.953918,-4.126404],[-39.959106,-4.123413],[-39.962585,-4.121887],[-39.964722,-4.119324],[-39.971802,-4.113708],[-39.970215,-4.106201],[-39.974976,-4.105591],[-39.980225,-4.106812],[-39.98822,-4.106384],[-39.990112,-4.103394],[-39.991211,-4.095093],[-39.988708,-4.090515],[-39.991211,-4.086487],[-39.997498,-4.082092],[-40.00531,-4.084595],[-40.009827,-4.08728],[-40.015076,-4.087891],[-40.019409,-4.084717],[-40.025391,-4.081909],[-40.030518,-4.080322],[-40.035583,-4.078308],[-40.043823,-4.073608],[-40.050415,-4.070923],[-40.055725,-4.066284],[-40.054382,-4.06311],[-40.055908,-4.059509],[-40.059998,-4.057983],[-40.063416,-4.058899],[-40.067383,-4.057007],[-40.072205,-4.056885],[-40.076477,-4.059509],[-40.082397,-4.059387],[-40.087708,-4.053711],[-40.088501,-4.049988],[-40.098877,-4.047607],[-40.102783,-4.050903],[-40.105713,-4.047485],[-40.108704,-4.047424],[-40.11322,-4.044189],[-40.116394,-4.043884],[-40.119385,-4.04071],[-40.12323,-4.039978],[-40.127197,-4.033691],[-40.13269,-4.033691],[-40.135986,-4.030701],[-40.139404,-4.028809],[-40.139709,-4.024597],[-40.1427,-4.020996],[-40.148376,-4.017883],[-40.154175,-4.010986],[-40.157898,-4.004578],[-40.161316,-4.000793],[-40.163879,-3.997009],[-40.167908,-3.993286],[-40.169617,-3.990479],[-40.170105,-3.985718],[-40.174622,-3.981628],[-40.181519,-3.974609],[-40.183105,-3.970581],[-40.185791,-3.965576],[-40.188721,-3.957703],[-40.193909,-3.957581],[-40.199219,-3.956482],[-40.278381,-3.939026],[-40.30481,-3.933228],[-40.336609,-3.969299],[-40.346985,-3.996094],[-40.348511,-4.000488],[-40.360718,-4.030212],[-40.373413,-4.091797],[-40.38501,-4.091614],[-40.432129,-4.091125],[-40.434998,-4.099182],[-40.436401,-4.105225],[-40.436279,-4.110291],[-40.433289,-4.113708],[-40.432983,-4.121399],[-40.434509,-4.127197],[-40.436096,-4.136108],[-40.435181,-4.139221],[-40.43219,-4.140381],[-40.429687,-4.143921],[-40.43042,-4.147827],[-40.430481,-4.154297],[-40.432617,-4.158081],[-40.438721,-4.159912],[-40.443115,-4.161621],[-40.445007,-4.164795],[-40.443115,-4.169983],[-40.443604,-4.174011],[-40.443298,-4.177307],[-40.441711,-4.179993],[-40.441284,-4.183716],[-40.443909,-4.185913],[-40.443481,-4.193909],[-40.448303,-4.199829],[-40.449097,-4.203308],[-40.448975,-4.206482],[-40.450989,-4.20929],[-40.450684,-4.216187],[-40.449219,-4.221985],[-40.447388,-4.225891],[-40.442505,-4.234009],[-40.441711,-4.245911],[-40.439697,-4.252075],[-40.441711,-4.254211],[-40.450806,-4.260315],[-40.328796,-4.26709],[-40.303284,-4.269226],[-40.305481,-4.271118],[-40.308777,-4.272583],[-40.309021,-4.276917],[-40.312012,-4.279297],[-40.315308,-4.281006],[-40.315918,-4.28418],[-40.31311,-4.291504],[-40.313293,-4.296387],[-40.315125,-4.303284],[-40.317017,-4.306213],[-40.32019,-4.308289],[-40.321594,-4.310791],[-40.322388,-4.314209],[-40.321411,-4.321899],[-40.32312,-4.324524],[-40.323608,-4.335693],[-40.325317,-4.342285],[-40.32019,-4.345581],[-40.319275,-4.348511],[-40.320618,-4.3526],[-40.316589,-4.356384],[-40.31189,-4.358276],[-40.312805,-4.363892],[-40.312683,-4.366882],[-40.306824,-4.373901],[-40.304993,-4.378479],[-40.303528,-4.383789],[-40.30542,-4.387207],[-40.304077,-4.390381],[-40.299011,-4.397095],[-40.294617,-4.404419],[-40.286804,-4.411621],[-40.283203,-4.417175],[-40.276489,-4.430298],[-40.267578,-4.438599],[-40.260193,-4.43988],[-40.25708,-4.443481],[-40.25708,-4.449097],[-40.255676,-4.455811],[-40.258789,-4.460083],[-40.258911,-4.463013],[-40.256226,-4.465576],[-40.254089,-4.469604],[-40.253601,-4.473816],[-40.205688,-4.467529],[-40.201477,-4.47052],[-40.197815,-4.477905],[-40.195007,-4.481506],[-40.194275,-4.491211],[-40.193481,-4.494324],[-40.189209,-4.496582],[-40.184387,-4.503113],[-40.183289,-4.506897],[-40.180298,-4.507324],[-40.171509,-4.506287],[-40.168091,-4.507996],[-40.164612,-4.505676],[-40.157715,-4.503906],[-40.153809,-4.504089],[-40.150513,-4.50531],[-40.145813,-4.505676],[-40.137085,-4.509094],[-40.133118,-4.508911],[-40.126404,-4.505981],[-40.123596,-4.505188],[-40.121094,-4.503479],[-40.117004,-4.5047],[-40.111694,-4.510681],[-40.103882,-4.508606],[-40.098511,-4.506592],[-40.101013,-4.497009],[-40.100891,-4.492187],[-40.097412,-4.485596],[-40.090515,-4.484497],[-40.084412,-4.481079],[-40.078613,-4.476318],[-40.07428,-4.475281],[-40.066711,-4.470093],[-40.063782,-4.46698],[-40.062622,-4.463013],[-40.060486,-4.460999],[-40.059204,-4.457825],[-40.05658,-4.4552],[-40.052917,-4.454895],[-40.05011,-4.457275],[-40.042114,-4.452209],[-40.036926,-4.456421],[-40.033325,-4.458679],[-40.022888,-4.461914],[-40.016907,-4.469604],[-40.009216,-4.480896],[-40.002075,-4.48822],[-40.003601,-4.496216],[-40.001892,-4.504211],[-40.004089,-4.507629],[-40.005676,-4.512512],[-40.007019,-4.519287],[-40.009216,-4.523621],[-40.014709,-4.529114],[-40.016602,-4.53241],[-40.018799,-4.534912],[-40.020691,-4.538696],[-40.022827,-4.541382],[-40.024597,-4.545288],[-40.026001,-4.554016],[-40.031677,-4.565918],[-40.037781,-4.568787],[-40.038696,-4.57251],[-40.037109,-4.577209],[-40.040222,-4.577087],[-40.048889,-4.571594],[-40.053223,-4.57019],[-40.056213,-4.568481],[-40.059387,-4.568909],[-40.061523,-4.572693],[-40.064819,-4.575012],[-40.070984,-4.581116],[-40.072876,-4.584412],[-40.075684,-4.587585],[-40.079712,-4.588684],[-40.083313,-4.588623],[-40.08783,-4.587219],[-40.092224,-4.587891],[-40.099792,-4.590027],[-40.103882,-4.590576],[-40.107422,-4.591797],[-40.111023,-4.593811],[-40.114197,-4.596802],[-40.117004,-4.600708],[-40.117798,-4.603882],[-40.119507,-4.606812],[-40.119995,-4.609924],[-40.113892,-4.611328],[-40.113708,-4.614197],[-40.111511,-4.620911],[-40.106506,-4.626282],[-40.106384,-4.633423],[-40.10498,-4.63678],[-40.105103,-4.640198],[-40.102478,-4.643311],[-40.103394,-4.650818],[-40.104309,-4.653687],[-40.102417,-4.65741],[-40.102112,-4.661987],[-40.099182,-4.663513],[-40.095215,-4.663391],[-40.09082,-4.66571],[-40.089111,-4.668701],[-40.083923,-4.675598],[-40.080627,-4.677612],[-40.079895,-4.682617],[-40.083618,-4.684875],[-40.080811,-4.690613],[-40.081726,-4.695923],[-40.077209,-4.698303],[-40.068298,-4.700012],[-40.061584,-4.700317],[-40.065918,-4.702209],[-40.067627,-4.706482],[-40.06012,-4.716309],[-39.9953,-4.725525],[-39.955994,-4.730713],[-39.926086,-4.734802],[-39.927917,-4.774902],[-39.917419,-4.781982],[-39.915588,-4.784729],[-39.915894,-4.78772],[-39.912598,-4.788818],[-39.907593,-4.789795],[-39.903198,-4.788086],[-39.896179,-4.788391],[-39.891479,-4.789307],[-39.885986,-4.789612],[-39.882507,-4.788696],[-39.88031,-4.786194],[-39.879089,-4.782593],[-39.879089,-4.778809],[-39.874512,-4.773987],[-39.871521,-4.7724],[-39.873413,-4.768677],[-39.873596,-4.761597],[-39.865112,-4.753601],[-39.863098,-4.745117],[-39.861511,-4.741821],[-39.860779,-4.738281],[-39.856812,-4.737183],[-39.851379,-4.738708],[-39.848816,-4.736694],[-39.845703,-4.737793],[-39.841919,-4.738098],[-39.839722,-4.734985],[-39.835999,-4.735596],[-39.832581,-4.733582],[-39.829102,-4.733093],[-39.826111,-4.731812],[-39.822693,-4.731201],[-39.819397,-4.731384],[-39.816711,-4.733276],[-39.81189,-4.739502],[-39.800293,-4.743408],[-39.796692,-4.746582],[-39.796997,-4.750183],[-39.794189,-4.752991],[-39.791199,-4.753479],[-39.806702,-4.707825],[-39.742493,-4.719482],[-39.736084,-4.708008],[-39.729309,-4.696411]]]},"properties":{"shapeName":"Santa Quitéria","shapeISO":"56859067B17930491929405","shapeGroup":"BRA","shapeType":"ADM2","src_shape_id":"56859067B17930491929405","adm1ISO":"BR-CE"}},
{"type":"Feature","geometry":{"type":"Polygon","coordinates":[[[-41.137695,-4.120117],[-41.134216,-4.118896],[-41.131714,-4.117187],[-41.130493,-4.114014],[-41.125427,-4.1073],[-41.123779,-4.103516],[-41.121521,-4.099915],[-41.119507,-4.09491],[-41.113892,-4.087708],[-41.110413,-4.08551],[-41.106689,-4.082214],[-41.106201,-4.078613],[-41.102478,-4.071777],[-41.099182,-4.068909],[-41.09668,-4.064819],[-41.093689,-4.06189],[-41.084412,-4.060425],[-41.080322,-4.057983],[-41.073975,-4.053101],[-41.069092,-4.050598],[-41.062927,-4.050293],[-41.058899,-4.052429],[-41.056396,-4.055481],[-41.053101,-4.057007],[-41.049316,-4.057983],[-41.042786,-4.0625],[-41.039917,-4.065125],[-41.035522,-4.065796],[-41.031128,-4.065308],[-41.022827,-4.062988],[-41.015808,-4.061829],[-41.00061,-4.060608],[-40.997986,-4.059204],[-40.985596,-4.05658],[-40.982422,-4.056702],[-40.979187,-4.054687],[-40.975586,-4.055176],[-40.971985,-4.05719],[-40.968811,-4.056519],[-40.965393,-4.057312],[-40.953613,-4.056824],[-40.949829,-4.057312],[-40.942078,-4.057495],[-40.936829,-4.061707],[-40.908386,-4.091614],[-40.890808,-4.111328],[-40.889587,-4.117126],[-40.889893,-4.121399],[-40.889526,-4.132019],[-40.88739,-4.134216],[-40.886719,-4.137024],[-40.886902,-4.14032],[-40.888489,-4.143677],[-40.892212,-4.145691],[-40.896729,-4.15033],[-40.899109,-4.157776],[-40.895325,-4.156982],[-40.892212,-4.154297],[-40.885986,-4.15271],[-40.882996,-4.154175],[-40.880005,-4.156616],[-40.875,-4.156311],[-40.868591,-4.157104],[-40.864319,-4.153687],[-40.860901,-4.154175],[-40.851929,-4.153381],[-40.854004,-4.149902],[-40.854187,-4.146118],[-40.851196,-4.141907],[-40.843628,-4.128723],[-40.840698,-4.12738],[-40.833679,-4.1203],[-40.82312,-4.117126],[-40.810913,-4.117981],[-40.815308,-4.114319],[-40.819885,-4.111206],[-40.822876,-4.109802],[-40.831604,-4.1073],[-40.839111,-4.103882],[-40.847107,-4.102417],[-40.844788,-4.095825],[-40.84552,-4.089478],[-40.844299,-4.085083],[-40.843506,-4.080322],[-40.845093,-4.077026],[-40.845703,-4.073608],[-40.845215,-4.070007],[-40.843323,-4.063293],[-40.83728,-4.054199],[-40.835022,-4.051697],[-40.834229,-4.046814],[-40.835083,-4.036987],[-40.835388,-4.025696],[-40.836304,-4.022095],[-40.838318,-4.018494],[-40.83728,-4.014526],[-40.8349,-4.01239],[-40.833496,-4.004089],[-40.833313,-4.00061],[-40.833618,-3.993896],[-40.834412,-3.987183],[-40.837585,-3.985901],[-40.845215,-3.978027],[-40.849792,-3.976013],[-40.854492,-3.975403],[-40.86261,-3.978699],[-40.86499,-3.980713],[-40.868713,-3.982605],[-40.871277,-3.985596],[-40.875305,-3.991211],[-40.883179,-3.991211],[-40.887329,-3.992126],[-40.895386,-3.99231],[-40.898499,-3.992981],[-40.903503,-3.990784],[-40.908386,-3.989624],[-40.918091,-3.989075],[-40.921875,-3.98822],[-40.924683,-3.986511],[-40.928406,-3.986511],[-40.932983,-3.987488],[-40.93689,-3.986877],[-40.941711,-3.987122],[-40.9552,-3.985413],[-40.963989,-3.982483],[-40.970398,-3.984924],[-40.980103,-3.986328],[-40.984497,-3.987488],[-40.98938,-3.98822],[-40.999512,-3.987122],[-41.003479,-3.987976],[-41.007202,-3.987305],[-41.01001,-3.989075],[-41.013184,-3.989685],[-41.016602,-3.989502],[-41.020203,-3.990723],[-41.02771,-3.991211],[-41.033997,-3.995117],[-41.042175,-3.994995],[-41.044678,-3.992981],[-41.047607,-3.992187],[-41.050598,-3.992676],[-41.057007,-3.994995],[-41.062195,-3.994324],[-41.066711,-3.995911],[-41.071716,-3.996582],[-41.074707,-3.996216],[-41.078186,-3.99823],[-41.081604,-3.999023],[-41.087585,-4.003418],[-41.091492,-4.005493],[-41.095703,-4.006104],[-41.098694,-4.004517],[-41.105896,-4.001709],[-41.112122,-3.995728],[-41.113403,-3.99231],[-41.118225,-3.987183],[-41.124695,-3.987427],[-41.127319,-3.988708],[-41.132812,-3.989502],[-41.138611,-3.991516],[-41.141724,-3.994385],[-41.149292,-3.994507],[-41.152405,-3.995911],[-41.155212,-3.998413],[-41.163696,-3.999329],[-41.166321,-4.001221],[-41.168213,-4.004211],[-41.175781,-4.010681],[-41.181213,-4.013977],[-41.18219,-4.017883],[-41.183777,-4.024414],[-41.181213,-4.0271],[-41.176025,-4.028687],[-41.171814,-4.03241],[-41.168823,-4.033081],[-41.163513,-4.031799],[-41.159912,-4.031677],[-41.153198,-4.034912],[-41.143127,-4.036804],[-41.133728,-4.035095],[-41.121582,-4.036621],[-41.113525,-4.041077],[-41.112488,-4.044189],[-41.113586,-4.050781],[-41.116394,-4.054077],[-41.126404,-4.060791],[-41.127686,-4.06488],[-41.121704,-4.07312],[-41.122192,-4.077209],[-41.127686,-4.090088],[-41.127991,-4.094177],[-41.128906,-4.09729],[-41.134399,-4.104919],[-41.137695,-4.120117]]]},"properties":{"shapeName":"São Benedito","shapeISO":"56859067B56740844379341","shapeGroup":"BRA","shapeType":"ADM2","src_shape_id":"56859067B56740844379341","adm1ISO":"BR-CE"}},
{"type":"Feature","geometry":{"type":"Polygon","coordinates":[[[-38.805786,-3.549683],[-38.810181,-3.544189],[-38.813416,-3.543518],[-38.820496,-3.546021],[-38.824829,-3.546509],[-38.828613,-3.546326],[-38.838684,-3.545105],[-38.84729,-3.542908],[-38.852112,-3.54071],[-38.858215,-3.536377],[-38.86322,-3.532288],[-38.869385,-3.525513],[-38.874512,-3.520996],[-38.888611,-3.507812],[-38.891296,-3.506226],[-38.901611,-3.50531],[-38.906128,-3.505493],[-38.910522,-3.50293],[-38.913696,-3.499878],[-38.917114,-3.4953],[-38.9245,-3.482178],[-38.926697,-3.476807],[-38.929504,-3.472595],[-38.933105,-3.471313],[-38.936218,-3.47229],[-38.93811,-3.476318],[-38.937988,-3.482605],[-38.942078,-3.486328],[-38.946228,-3.48938],[-38.947693,-3.4953],[-38.950684,-3.496887],[-38.953796,-3.499329],[-38.958191,-3.503906],[-38.961304,-3.510193],[-38.964905,-3.510681],[-38.968201,-3.512024],[-38.968079,-3.516296],[-38.96698,-3.520813],[-38.963318,-3.523376],[-38.963684,-3.531677],[-38.961182,-3.534607],[-38.958313,-3.540894],[-38.958313,-3.5448],[-38.961121,-3.548584],[-38.967224,-3.549805],[-38.97168,-3.551086],[-38.974426,-3.552979],[-38.976196,-3.555481],[-38.982483,-3.557678],[-38.984192,-3.56012],[-38.988708,-3.560181],[-38.996094,-3.555115],[-39.00238,-3.553894],[-39.007385,-3.552429],[-39.011719,-3.553406],[-39.018127,-3.552612],[-39.02301,-3.553528],[-39.026611,-3.554993],[-39.033325,-3.55249],[-39.040283,-3.549377],[-39.045105,-3.550415],[-39.05011,-3.552429],[-39.057617,-3.544006],[-39.066406,-3.544617],[-39.07019,-3.543213],[-39.0802,-3.550476],[-39.081482,-3.553284],[-39.086304,-3.55249],[-39.101196,-3.549377],[-39.10022,-3.53241],[-39.116211,-3.528503],[-39.149597,-3.524902],[-39.166382,-3.522522],[-39.211487,-3.512817],[-39.211487,-3.509094],[-39.221619,-3.50531],[-39.221985,-3.500977],[-39.22998,-3.497498],[-39.240112,-3.495728],[-39.245117,-3.495728],[-39.258911,-3.491699],[-39.262878,-3.491211],[-39.270203,-3.494812],[-39.277405,-3.499023],[-39.280579,-3.500183],[-39.283386,-3.502319],[-39.284607,-3.507019],[-39.284302,-3.514587],[-39.285889,-3.519897],[-39.286804,-3.524597],[-39.291809,-3.528809],[-39.293701,-3.531494],[-39.297913,-3.533691],[-39.303711,-3.533813],[-39.309204,-3.529114],[-39.309875,-3.537476],[-39.308228,-3.54071],[-39.309875,-3.546387],[-39.309082,-3.55188],[-39.312012,-3.558411],[-39.30658,-3.56488],[-39.313721,-3.57251],[-39.315308,-3.576782],[-39.31488,-3.580994],[-39.304077,-3.579712],[-39.30072,-3.580322],[-39.292175,-3.58313],[-39.283997,-3.584106],[-39.276123,-3.583679],[-39.262085,-3.585388],[-39.257324,-3.589111],[-39.254211,-3.588928],[-39.22821,-3.602478],[-39.222717,-3.605103],[-39.216003,-3.609314],[-39.219299,-3.614319],[-39.219482,-3.618286],[-39.218811,-3.623108],[-39.221008,-3.626892],[-39.224609,-3.630615],[-39.223511,-3.634827],[-39.220581,-3.638916],[-39.219482,-3.648682],[-39.222229,-3.650391],[-39.224182,-3.652588],[-39.224182,-3.659729],[-39.226624,-3.665405],[-39.224792,-3.669922],[-39.224609,-3.675415],[-39.225586,-3.679687],[-39.224426,-3.682312],[-39.221619,-3.685303],[-39.22052,-3.688293],[-39.215576,-3.69281],[-39.184814,-3.697388],[-39.143311,-3.703918],[-39.113281,-3.69989],[-39.001526,-3.684998],[-38.960205,-3.713501],[-38.938904,-3.683289],[-38.932495,-3.680725],[-38.926025,-3.682617],[-38.920898,-3.682617],[-38.920105,-3.676025],[-38.917908,-3.668579],[-38.908875,-3.671387],[-38.881592,-3.685425],[-38.860596,-3.636902],[-38.854797,-3.623779],[-38.841187,-3.592407],[-38.831909,-3.570679],[-38.816711,-3.557312],[-38.805786,-3.549683]]]},"properties":{"shapeName":"São Gonçalo do Amarante","shapeISO":"56859067B19519417683634","shapeGroup":"BRA","shapeType":"ADM2","src_shape_id":"56859067B19519417683634","adm1ISO":"BR-CE"}},
{"type":"Feature","geometry":{"type":"Polygon","coordinates":[[[-38.158508,-5.357788],[-38.163513,-5.35553],[-38.169983,-5.350586],[-38.171692,-5.346375],[-38.174011,-5.338989],[-38.176392,-5.335083],[-38.180481,-5.333313],[-38.185181,-5.332397],[-38.189514,-5.327698],[-38.192688,-5.325806],[-38.198181,-5.326416],[-38.200928,-5.32959],[-38.202026,-5.325012],[-38.204224,-5.322388],[-38.207397,-5.321716],[-38.2099,-5.319397],[-38.206299,-5.31781],[-38.204712,-5.314819],[-38.208496,-5.313721],[-38.212585,-5.310791],[-38.215027,-5.307312],[-38.216309,-5.303406],[-38.216614,-5.298401],[-38.220215,-5.297424],[-38.2229,-5.294312],[-38.224426,-5.291321],[-38.223877,-5.28241],[-38.222229,-5.277527],[-38.22168,-5.273804],[-38.211426,-5.247314],[-38.211304,-5.244324],[-38.223083,-5.229797],[-38.233276,-5.21698],[-38.237976,-5.210876],[-38.248901,-5.218323],[-38.253418,-5.220215],[-38.25592,-5.222778],[-38.259216,-5.224609],[-38.262512,-5.225708],[-38.26709,-5.230286],[-38.271118,-5.235596],[-38.274109,-5.237],[-38.277283,-5.240784],[-38.281799,-5.244202],[-38.285217,-5.245178],[-38.289612,-5.248718],[-38.292297,-5.252319],[-38.297913,-5.25708],[-38.301208,-5.258728],[-38.309692,-5.259216],[-38.315125,-5.261902],[-38.316528,-5.266113],[-38.321716,-5.270386],[-38.326904,-5.271912],[-38.329285,-5.274902],[-38.3302,-5.280884],[-38.331299,-5.28418],[-38.333496,-5.29303],[-38.336182,-5.294006],[-38.338196,-5.296204],[-38.33783,-5.299988],[-38.334412,-5.303589],[-38.331116,-5.305908],[-38.328308,-5.310181],[-38.327881,-5.313477],[-38.329285,-5.316528],[-38.331909,-5.318726],[-38.335388,-5.319397],[-38.342102,-5.32251],[-38.34491,-5.324585],[-38.349487,-5.326599],[-38.354004,-5.332581],[-38.358826,-5.344421],[-38.361084,-5.3479],[-38.364502,-5.350281],[-38.371704,-5.352112],[-38.380005,-5.35321],[-38.388489,-5.356079],[-38.391724,-5.359192],[-38.394409,-5.363708],[-38.339111,-5.403076],[-38.326721,-5.399109],[-38.321411,-5.39563],[-38.315002,-5.388489],[-38.314209,-5.383911],[-38.302429,-5.389099],[-38.260681,-5.4104],[-38.259277,-5.394287],[-38.255127,-5.393127],[-38.247498,-5.393494],[-38.240601,-5.395508],[-38.236816,-5.395081],[-38.231323,-5.393616],[-38.219299,-5.387817],[-38.158508,-5.357788]]]},"properties":{"shapeName":"São João do Jaguaribe","shapeISO":"56859067B82663693461417","shapeGroup":"BRA","shapeType":"ADM2","src_shape_id":"56859067B82663693461417","adm1ISO":"BR-CE"}},
{"type":"Feature","geometry":{"type":"Polygon","coordinates":[[[-39.215576,-3.69281],[-39.22052,-3.688293],[-39.221619,-3.685303],[-39.224426,-3.682312],[-39.225586,-3.679687],[-39.224609,-3.675415],[-39.224792,-3.669922],[-39.226624,-3.665405],[-39.224182,-3.659729],[-39.224182,-3.652588],[-39.222229,-3.650391],[-39.219482,-3.648682],[-39.220581,-3.638916],[-39.223511,-3.634827],[-39.224609,-3.630615],[-39.221008,-3.626892],[-39.218811,-3.623108],[-39.219482,-3.618286],[-39.219299,-3.614319],[-39.216003,-3.609314],[-39.222717,-3.605103],[-39.22821,-3.602478],[-39.254211,-3.588928],[-39.257324,-3.589111],[-39.262085,-3.585388],[-39.276123,-3.583679],[-39.283997,-3.584106],[-39.292175,-3.58313],[-39.30072,-3.580322],[-39.304077,-3.579712],[-39.31488,-3.580994],[-39.311096,-3.620117],[-39.306091,-3.664917],[-39.304199,-3.668518],[-39.301208,-3.670593],[-39.297485,-3.671204],[-39.293213,-3.672791],[-39.289795,-3.676025],[-39.286011,-3.676208],[-39.283691,-3.674316],[-39.279785,-3.673889],[-39.278381,-3.676575],[-39.277222,-3.718811],[-39.2771,-3.736877],[-39.267212,-3.730408],[-39.229187,-3.703796],[-39.215576,-3.69281]]]},"properties":{"shapeName":"São Luís do Curu","shapeISO":"56859067B5197375737563","shapeGroup":"BRA","shapeType":"ADM2","src_shape_id":"56859067B5197375737563","adm1ISO":"BR-CE"}},
{"type":"Feature","geometry":{"type":"Polygon","coordinates":[[[-39.272888,-5.761292],[-39.270996,-5.756592],[-39.267212,-5.754395],[-39.266907,-5.750427],[-39.267212,-5.742798],[-39.264221,-5.736816],[-39.264404,-5.730591],[-39.263916,-5.727112],[-39.26239,-5.723022],[-39.261292,-5.71582],[-39.266296,-5.71521],[-39.268127,-5.712219],[-39.271729,-5.7099],[-39.269714,-5.703979],[-39.267822,-5.700317],[-39.267822,-5.695679],[-39.26709,-5.691284],[-39.261292,-5.684021],[-39.259521,-5.680176],[-39.258911,-5.677185],[-39.260803,-5.674927],[-39.263916,-5.676025],[-39.266602,-5.674988],[-39.269714,-5.672607],[-39.276428,-5.672119],[-39.278809,-5.669495],[-39.279297,-5.6651],[-39.276489,-5.661621],[-39.276611,-5.654785],[-39.275513,-5.651489],[-39.272827,-5.648621],[-39.269897,-5.644592],[-39.268188,-5.640015],[-39.269409,-5.635681],[-39.268005,-5.631897],[-39.265503,-5.62793],[-39.263794,-5.623291],[-39.261108,-5.619812],[-39.259705,-5.616394],[-39.255981,-5.610779],[-39.249878,-5.597107],[-39.247314,-5.592529],[-39.249084,-5.589294],[-39.254028,-5.583618],[-39.259888,-5.580627],[-39.258179,-5.578003],[-39.253113,-5.568481],[-39.253784,-5.562012],[-39.255798,-5.559082],[-39.258484,-5.558105],[-39.261597,-5.557983],[-39.265076,-5.55249],[-39.263611,-5.548706],[-39.266479,-5.544922],[-39.268921,-5.542725],[-39.269775,-5.539612],[-39.272217,-5.535828],[-39.275818,-5.531799],[-39.279785,-5.525696],[-39.282898,-5.524902],[-39.286011,-5.522705],[-39.288391,-5.519409],[-39.292297,-5.517822],[-39.296814,-5.513],[-39.30011,-5.51239],[-39.303589,-5.510193],[-39.307617,-5.509583],[-39.352112,-5.521484],[-39.368103,-5.525513],[-39.399719,-5.509094],[-39.456909,-5.479492],[-39.463989,-5.475708],[-39.516907,-5.443604],[-39.519897,-5.441711],[-39.578613,-5.406128],[-39.580994,-5.408081],[-39.589111,-5.407227],[-39.592712,-5.40448],[-39.596802,-5.399719],[-39.599304,-5.402405],[-39.599915,-5.405823],[-39.603088,-5.405884],[-39.606018,-5.403381],[-39.609009,-5.403076],[-39.612427,-5.405396],[-39.615479,-5.40271],[-39.618286,-5.401306],[-39.627686,-5.399414],[-39.630615,-5.399414],[-39.638611,-5.390015],[-39.640686,-5.387085],[-39.644287,-5.384521],[-39.64801,-5.384521],[-39.648499,-5.381409],[-39.647278,-5.378296],[-39.64801,-5.375],[-39.656921,-5.372681],[-39.658508,-5.378418],[-39.662903,-5.384888],[-39.665222,-5.387695],[-39.668701,-5.386292],[-39.669006,-5.389587],[-39.667908,-5.392883],[-39.667603,-5.39978],[-39.667908,-5.402893],[-39.6698,-5.406799],[-39.668701,-5.411499],[-39.665222,-5.416626],[-39.661926,-5.42572],[-39.659302,-5.429321],[-39.658386,-5.432617],[-39.658508,-5.435608],[-39.65741,-5.439209],[-39.653809,-5.439819],[-39.647888,-5.442505],[-39.644409,-5.44812],[-39.64502,-5.453125],[-39.640015,-5.457214],[-39.639282,-5.461304],[-39.636719,-5.464905],[-39.637329,-5.468079],[-39.639282,-5.471985],[-39.63678,-5.473999],[-39.63208,-5.476685],[-39.628479,-5.480225],[-39.62561,-5.481384],[-39.621521,-5.482117],[-39.616577,-5.484619],[-39.611694,-5.485779],[-39.608704,-5.485901],[-39.604309,-5.491211],[-39.600891,-5.500183],[-39.594116,-5.502502],[-39.589478,-5.504578],[-39.586426,-5.504822],[-39.580994,-5.504028],[-39.577698,-5.506714],[-39.574524,-5.513123],[-39.570679,-5.515076],[-39.569214,-5.517517],[-39.565979,-5.519409],[-39.562012,-5.518616],[-39.558777,-5.518677],[-39.555786,-5.521179],[-39.552307,-5.526917],[-39.553894,-5.529297],[-39.561218,-5.531006],[-39.56488,-5.528992],[-39.566589,-5.525879],[-39.570007,-5.52533],[-39.573914,-5.526611],[-39.576721,-5.525818],[-39.577698,-5.528503],[-39.577209,-5.531982],[-39.578796,-5.53479],[-39.584106,-5.536316],[-39.585205,-5.540222],[-39.58313,-5.543213],[-39.582703,-5.548279],[-39.583801,-5.553711],[-39.586609,-5.557312],[-39.590393,-5.560913],[-39.590881,-5.565308],[-39.590576,-5.56842],[-39.593811,-5.574097],[-39.595703,-5.579102],[-39.603394,-5.589478],[-39.606079,-5.592224],[-39.60968,-5.593506],[-39.613098,-5.598816],[-39.622314,-5.603577],[-39.626404,-5.606812],[-39.631714,-5.606689],[-39.631592,-5.612122],[-39.630127,-5.61969],[-39.630676,-5.623291],[-39.632812,-5.625427],[-39.635986,-5.63031],[-39.637085,-5.635803],[-39.635986,-5.639526],[-39.632019,-5.637024],[-39.627502,-5.63501],[-39.621277,-5.629395],[-39.615112,-5.625977],[-39.607727,-5.623413],[-39.601929,-5.624329],[-39.598206,-5.620728],[-39.590881,-5.609985],[-39.586975,-5.606506],[-39.578003,-5.608704],[-39.574219,-5.608093],[-39.569824,-5.608826],[-39.567017,-5.613098],[-39.563904,-5.615479],[-39.559875,-5.615295],[-39.554382,-5.615906],[-39.546692,-5.613098],[-39.542175,-5.613586],[-39.535522,-5.616211],[-39.530579,-5.618896],[-39.526489,-5.620483],[-39.521118,-5.626099],[-39.514709,-5.628296],[-39.510498,-5.628113],[-39.506897,-5.627197],[-39.502808,-5.6203],[-39.500305,-5.618408],[-39.493591,-5.615112],[-39.483826,-5.615112],[-39.481812,-5.61731],[-39.48053,-5.620605],[-39.481323,-5.631287],[-39.482422,-5.635803],[-39.480103,-5.638489],[-39.47821,-5.642578],[-39.474915,-5.645325],[-39.472229,-5.6427],[-39.468079,-5.644409],[-39.464111,-5.64679],[-39.461792,-5.650208],[-39.457275,-5.652405],[-39.453613,-5.650818],[-39.450317,-5.651794],[-39.442627,-5.657104],[-39.436218,-5.655518],[-39.433289,-5.655396],[-39.436707,-5.662415],[-39.443481,-5.669312],[-39.447083,-5.670898],[-39.450684,-5.673584],[-39.452515,-5.678284],[-39.457703,-5.684509],[-39.461609,-5.68811],[-39.465393,-5.688599],[-39.468628,-5.686096],[-39.4729,-5.686218],[-39.474609,-5.691528],[-39.473694,-5.695312],[-39.473816,-5.698608],[-39.476013,-5.702698],[-39.471008,-5.711121],[-39.466309,-5.710388],[-39.463501,-5.71283],[-39.46051,-5.712585],[-39.461792,-5.715393],[-39.462219,-5.718506],[-39.460022,-5.722778],[-39.456909,-5.726196],[-39.456726,-5.731201],[-39.453796,-5.734497],[-39.453308,-5.738586],[-39.434509,-5.728577],[-39.385681,-5.753296],[-39.349609,-5.771606],[-39.326477,-5.782593],[-39.322693,-5.783386],[-39.316895,-5.782593],[-39.313416,-5.779419],[-39.310303,-5.777893],[-39.308899,-5.774109],[-39.302185,-5.773926],[-39.301697,-5.769592],[-39.299988,-5.766113],[-39.29541,-5.765808],[-39.292419,-5.763306],[-39.28949,-5.76178],[-39.286621,-5.758911],[-39.281982,-5.756409],[-39.28009,-5.758728],[-39.279419,-5.761597],[-39.276428,-5.76239],[-39.272888,-5.761292]]]},"properties":{"shapeName":"Senador Pompeu","shapeISO":"56859067B61767326792453","shapeGroup":"BRA","shapeType":"ADM2","src_shape_id":"56859067B61767326792453","adm1ISO":"BR-CE"}},
{"type":"Feature","geometry":{"type":"Polygon","coordinates":[[[-40.57428,-3.137329],[-40.573181,-3.141785],[-40.572693,-3.147217],[-40.571594,-3.150024],[-40.571289,-3.154602],[-40.57489,-3.165527],[-40.569092,-3.170227],[-40.565613,-3.17218],[-40.56189,-3.172729],[-40.556824,-3.175476],[-40.554993,-3.181396],[-40.54718,-3.188721],[-40.547424,-3.192627],[-40.544983,-3.199402],[-40.544312,-3.204712],[-40.542297,-3.20929],[-40.53949,-3.219177],[-40.537109,-3.223877],[-40.536682,-3.227722],[-40.534912,-3.230408],[-40.536377,-3.23291],[-40.537781,-3.23761],[-40.533386,-3.23938],[-40.52771,-3.23938],[-40.521912,-3.241211],[-40.518982,-3.243225],[-40.515808,-3.248901],[-40.513123,-3.247925],[-40.51001,-3.24939],[-40.506714,-3.25293],[-40.501221,-3.254517],[-40.498108,-3.25708],[-40.495178,-3.257996],[-40.492798,-3.259827],[-40.489319,-3.259827],[-40.482422,-3.261108],[-40.4823,-3.264221],[-40.485779,-3.269409],[-40.487305,-3.27301],[-40.487976,-3.277893],[-40.487427,-3.283203],[-40.485229,-3.286987],[-40.486084,-3.291077],[-40.484375,-3.295715],[-40.481628,-3.299011],[-40.479919,-3.306213],[-40.481689,-3.312683],[-40.485779,-3.320129],[-40.486694,-3.32959],[-40.486694,-3.333496],[-40.489624,-3.336182],[-40.493103,-3.336609],[-40.4953,-3.340515],[-40.496399,-3.343994],[-40.499084,-3.346375],[-40.501404,-3.350281],[-40.50293,-3.354126],[-40.504028,-3.358521],[-40.504028,-3.363708],[-40.50531,-3.367798],[-40.510803,-3.372009],[-40.515015,-3.374817],[-40.518677,-3.376587],[-40.52179,-3.378723],[-40.525208,-3.383301],[-40.52771,-3.387512],[-40.533997,-3.390076],[-40.545227,-3.392395],[-40.541626,-3.4104],[-40.544983,-3.409607],[-40.555725,-3.408691],[-40.559509,-3.406982],[-40.563782,-3.406616],[-40.563416,-3.416809],[-40.566895,-3.427795],[-40.569092,-3.438416],[-40.552429,-3.438904],[-40.548401,-3.446289],[-40.545227,-3.447205],[-40.538391,-3.44812],[-40.531006,-3.438416],[-40.515625,-3.393005],[-40.512512,-3.393005],[-40.509705,-3.393799],[-40.5,-3.392395],[-40.492004,-3.390381],[-40.489014,-3.390198],[-40.484009,-3.388794],[-40.476196,-3.387207],[-40.471619,-3.38501],[-40.461182,-3.382019],[-40.457214,-3.385315],[-40.454529,-3.383911],[-40.449585,-3.382202],[-40.44519,-3.380005],[-40.4328,-3.375488],[-40.428711,-3.372498],[-40.423706,-3.370178],[-40.417603,-3.369629],[-40.415283,-3.374512],[-40.412109,-3.376221],[-40.40448,-3.372803],[-40.400513,-3.372314],[-40.401184,-3.376221],[-40.398499,-3.380188],[-40.391602,-3.381897],[-40.386902,-3.380676],[-40.376587,-3.379822],[-40.364807,-3.373718],[-40.358398,-3.371582],[-40.354187,-3.370728],[-40.347107,-3.365784],[-40.342529,-3.361084],[-40.34259,-3.3573],[-40.344421,-3.353088],[-40.342102,-3.350708],[-40.341187,-3.316101],[-40.340576,-3.288879],[-40.345093,-3.289429],[-40.349182,-3.288025],[-40.351685,-3.285217],[-40.35498,-3.283813],[-40.357483,-3.281677],[-40.356995,-3.277588],[-40.358887,-3.274719],[-40.36261,-3.273315],[-40.36731,-3.273621],[-40.37262,-3.272827],[-40.376709,-3.273315],[-40.381714,-3.272217],[-40.38501,-3.2724],[-40.387512,-3.270203],[-40.388428,-3.265808],[-40.393677,-3.257629],[-40.397583,-3.25531],[-40.40033,-3.251709],[-40.40033,-3.247986],[-40.402405,-3.243591],[-40.406982,-3.236877],[-40.410522,-3.237],[-40.413391,-3.238525],[-40.417114,-3.237488],[-40.419006,-3.233398],[-40.420227,-3.22821],[-40.422729,-3.223083],[-40.422729,-3.219299],[-40.425598,-3.217102],[-40.428406,-3.219177],[-40.43042,-3.216309],[-40.43219,-3.21228],[-40.432495,-3.206787],[-40.433777,-3.201416],[-40.435791,-3.197693],[-40.438293,-3.195496],[-40.441711,-3.193726],[-40.443787,-3.190613],[-40.444397,-3.184204],[-40.446594,-3.182129],[-40.44989,-3.180481],[-40.450378,-3.176392],[-40.452026,-3.171814],[-40.451477,-3.167908],[-40.453308,-3.161682],[-40.452881,-3.157776],[-40.453308,-3.152527],[-40.455811,-3.146729],[-40.462219,-3.140198],[-40.462585,-3.136597],[-40.468018,-3.13208],[-40.471619,-3.131409],[-40.47522,-3.128906],[-40.477112,-3.126404],[-40.480713,-3.124084],[-40.484009,-3.121094],[-40.489807,-3.120911],[-40.497681,-3.119324],[-40.500916,-3.117676],[-40.508118,-3.110901],[-40.517212,-3.11261],[-40.566223,-3.132385],[-40.571106,-3.134277],[-40.57428,-3.137329]]]},"properties":{"shapeName":"Senador Sá","shapeISO":"56859067B49551412752455","shapeGroup":"BRA","shapeType":"ADM2","src_shape_id":"56859067B49551412752455","adm1ISO":"BR-CE"}},
{"type":"Feature","geometry":{"type":"Polygon","coordinates":[[[-40.556091,-3.6521],[-40.567383,-3.652527],[-40.610413,-3.649902],[-40.618591,-3.676208],[-40.633606,-3.725403],[-40.655701,-3.79718],[-40.688782,-3.80072],[-40.712402,-3.80542],[-40.714905,-3.807922],[-40.712585,-3.811279],[-40.713928,-3.815613],[-40.717529,-3.819885],[-40.710022,-3.821777],[-40.706787,-3.825623],[-40.703308,-3.828979],[-40.700012,-3.830505],[-40.697815,-3.832397],[-40.691589,-3.836487],[-40.686829,-3.83783],[-40.678711,-3.841919],[-40.668213,-3.836609],[-40.660278,-3.832886],[-40.654907,-3.831726],[-40.647583,-3.835022],[-40.646118,-3.839417],[-40.642822,-3.838684],[-40.626526,-3.828003],[-40.622009,-3.826111],[-40.618103,-3.833801],[-40.616028,-3.838684],[-40.614014,-3.842102],[-40.606628,-3.843079],[-40.602112,-3.843994],[-40.598877,-3.846313],[-40.59491,-3.847412],[-40.588501,-3.851929],[-40.586975,-3.855713],[-40.581299,-3.860229],[-40.574219,-3.861389],[-40.570129,-3.860596],[-40.533325,-3.8526],[-40.514099,-3.85199],[-40.509216,-3.85199],[-40.504883,-3.851196],[-40.499878,-3.851318],[-40.496277,-3.848511],[-40.494812,-3.844116],[-40.489502,-3.84198],[-40.45752,-3.835022],[-40.452515,-3.836182],[-40.448425,-3.833923],[-40.44458,-3.833984],[-40.441101,-3.831116],[-40.440002,-3.827393],[-40.434082,-3.827393],[-40.43219,-3.824524],[-40.431213,-3.820801],[-40.427185,-3.819397],[-40.423584,-3.818787],[-40.421326,-3.815002],[-40.421326,-3.810608],[-40.41571,-3.806519],[-40.400879,-3.80249],[-40.389404,-3.801514],[-40.387512,-3.805725],[-40.387329,-3.81012],[-40.386292,-3.816711],[-40.385193,-3.820129],[-40.384583,-3.82428],[-40.382812,-3.827576],[-40.381409,-3.831909],[-40.379211,-3.836792],[-40.3797,-3.841492],[-40.378601,-3.846191],[-40.376099,-3.852295],[-40.372375,-3.858887],[-40.369629,-3.860291],[-40.366394,-3.856323],[-40.365479,-3.852783],[-40.364075,-3.844788],[-40.359619,-3.836914],[-40.340393,-3.783325],[-40.328003,-3.788391],[-40.307495,-3.786682],[-40.307007,-3.781006],[-40.311096,-3.771912],[-40.310913,-3.763611],[-40.307312,-3.762207],[-40.303894,-3.76001],[-40.301514,-3.756714],[-40.304626,-3.754578],[-40.306213,-3.749878],[-40.284607,-3.730408],[-40.281311,-3.72998],[-40.27771,-3.728027],[-40.274902,-3.725708],[-40.26709,-3.721008],[-40.264099,-3.718689],[-40.257385,-3.71521],[-40.235718,-3.69751],[-40.18811,-3.695801],[-40.126099,-3.700806],[-40.126526,-3.707214],[-40.122192,-3.708191],[-40.122803,-3.711426],[-40.120605,-3.713684],[-40.120178,-3.724426],[-40.120605,-3.727905],[-40.11969,-3.731628],[-40.120728,-3.736084],[-40.119385,-3.746277],[-40.117493,-3.753784],[-40.116821,-3.759583],[-40.108521,-3.763123],[-40.115417,-3.776978],[-40.11499,-3.785583],[-40.115906,-3.791016],[-40.118896,-3.804321],[-40.120422,-3.808289],[-40.121582,-3.813904],[-40.12262,-3.821228],[-40.124329,-3.824219],[-40.125122,-3.827209],[-40.126587,-3.837891],[-40.126526,-3.845093],[-40.127625,-3.849182],[-40.130188,-3.855713],[-40.134888,-3.856506],[-40.136475,-3.859314],[-40.136108,-3.862793],[-40.136902,-3.868896],[-40.139709,-3.875916],[-40.139221,-3.879395],[-40.13501,-3.88562],[-40.137024,-3.892578],[-40.138977,-3.896912],[-40.142517,-3.898682],[-40.146179,-3.89801],[-40.148315,-3.900208],[-40.150024,-3.903381],[-40.149475,-3.912292],[-40.152588,-3.914795],[-40.153809,-3.917908],[-40.156006,-3.920715],[-40.158813,-3.923096],[-40.161621,-3.927979],[-40.166809,-3.929687],[-40.167297,-3.934509],[-40.170776,-3.939575],[-40.17218,-3.943176],[-40.174683,-3.946411],[-40.178223,-3.94989],[-40.184204,-3.952393],[-40.187378,-3.954224],[-40.188721,-3.957703],[-40.185791,-3.965576],[-40.183105,-3.970581],[-40.181519,-3.974609],[-40.174622,-3.981628],[-40.170105,-3.985718],[-40.169617,-3.990479],[-40.167908,-3.993286],[-40.163879,-3.997009],[-40.161316,-4.000793],[-40.157898,-4.004578],[-40.154175,-4.010986],[-40.148376,-4.017883],[-40.1427,-4.020996],[-40.139709,-4.024597],[-40.139404,-4.028809],[-40.135986,-4.030701],[-40.13269,-4.033691],[-40.127197,-4.033691],[-40.12323,-4.039978],[-40.119385,-4.04071],[-40.116394,-4.043884],[-40.11322,-4.044189],[-40.108704,-4.047424],[-40.105713,-4.047485],[-40.102783,-4.050903],[-40.098877,-4.047607],[-40.088501,-4.049988],[-40.087708,-4.053711],[-40.082397,-4.059387],[-40.076477,-4.059509],[-40.072205,-4.056885],[-40.067383,-4.057007],[-40.063416,-4.058899],[-40.059998,-4.057983],[-40.055908,-4.059509],[-40.054382,-4.06311],[-40.055725,-4.066284],[-40.050415,-4.070923],[-40.043823,-4.073608],[-40.035583,-4.078308],[-40.030518,-4.080322],[-40.025391,-4.081909],[-40.019409,-4.084717],[-40.015076,-4.087891],[-40.009827,-4.08728],[-40.00531,-4.084595],[-39.997498,-4.082092],[-39.991211,-4.086487],[-39.988708,-4.090515],[-39.991211,-4.095093],[-39.990112,-4.103394],[-39.98822,-4.106384],[-39.980225,-4.106812],[-39.974976,-4.105591],[-39.970215,-4.106201],[-39.971802,-4.113708],[-39.964722,-4.119324],[-39.962585,-4.121887],[-39.959106,-4.123413],[-39.953918,-4.126404],[-39.950317,-4.125916],[-39.94342,-4.129211],[-39.937927,-4.128479],[-39.931091,-4.129822],[-39.927917,-4.130981],[-39.923523,-4.131775],[-39.919312,-4.135315],[-39.915283,-4.13678],[-39.911316,-4.136597],[-39.901123,-4.137512],[-39.89801,-4.141479],[-39.893311,-4.142212],[-39.890015,-4.14032],[-39.888306,-4.137512],[-39.883728,-4.138184],[-39.874878,-4.136475],[-39.86908,-4.135681],[-39.865784,-4.138],[-39.861206,-4.138184],[-39.85791,-4.136902],[-39.854675,-4.13031],[-39.851013,-4.125977],[-39.850403,-4.122314],[-39.847778,-4.119019],[-39.843323,-4.117493],[-39.840027,-4.113098],[-39.843506,-4.109985],[-39.846985,-4.108093],[-39.849915,-4.10553],[-39.85553,-4.104919],[-39.857727,-4.102112],[-39.857483,-4.098816],[-39.855591,-4.095825],[-39.85022,-4.090515],[-39.849426,-4.087524],[-39.851807,-4.083923],[-39.85321,-4.079529],[-39.855896,-4.077698],[-39.858887,-4.076904],[-39.861511,-4.073792],[-39.864319,-4.072083],[-39.866394,-4.06958],[-39.871582,-4.066101],[-39.875122,-4.064697],[-39.877197,-4.061829],[-39.875,-4.057312],[-39.874695,-4.053284],[-39.872009,-4.051697],[-39.872681,-4.04718],[-39.869324,-4.044983],[-39.874512,-4.042114],[-39.881287,-4.042175],[-39.887085,-4.03949],[-39.890381,-4.039612],[-39.893677,-4.042725],[-39.898499,-4.042725],[-39.90271,-4.039001],[-39.905701,-4.04071],[-39.912781,-4.038086],[-39.91571,-4.034729],[-39.924194,-4.037292],[-39.926025,-4.033508],[-39.921692,-4.025513],[-39.920288,-4.020813],[-39.914917,-4.018921],[-39.914307,-4.014709],[-39.916016,-4.009521],[-39.914001,-4.006409],[-39.911011,-4.005005],[-39.914307,-4.002991],[-39.91571,-4.000122],[-39.918213,-3.997986],[-39.922607,-3.996521],[-39.922485,-3.992126],[-39.924683,-3.988708],[-39.927795,-3.989685],[-39.930786,-3.98761],[-39.93512,-3.989014],[-39.938904,-3.98938],[-39.941406,-3.985901],[-39.941711,-3.98291],[-39.943604,-3.975586],[-39.946594,-3.973328],[-39.948914,-3.968994],[-39.953308,-3.963501],[-39.958984,-3.9599],[-39.962402,-3.9552],[-39.969788,-3.950989],[-39.973877,-3.946106],[-39.979614,-3.942322],[-39.98938,-3.938904],[-39.993225,-3.93689],[-39.999207,-3.929077],[-39.998413,-3.920593],[-39.999512,-3.917725],[-40.002808,-3.911377],[-40.002625,-3.907898],[-40.006897,-3.899109],[-39.924805,-3.946106],[-39.951111,-3.859497],[-39.971008,-3.793701],[-39.976318,-3.776611],[-40.008423,-3.762695],[-40.011108,-3.760498],[-40.013123,-3.750183],[-40.012512,-3.745789],[-40.014221,-3.741577],[-40.01239,-3.738708],[-40.011902,-3.735596],[-40.013489,-3.727722],[-40.016907,-3.720581],[-40.015076,-3.716675],[-40.014709,-3.713013],[-40.01709,-3.703979],[-40.018616,-3.700684],[-40.018799,-3.697327],[-40.02002,-3.694702],[-40.018921,-3.691101],[-40.016479,-3.68811],[-40.015198,-3.683899],[-40.015686,-3.676575],[-40.013611,-3.667603],[-40.012207,-3.663818],[-40.01001,-3.660828],[-40.007019,-3.65448],[-40.008911,-3.647095],[-40.006592,-3.643494],[-40.004089,-3.640808],[-40.000427,-3.633606],[-39.997192,-3.629883],[-39.993896,-3.626892],[-39.993103,-3.619812],[-39.992004,-3.617126],[-39.986511,-3.612],[-39.986084,-3.608215],[-39.984314,-3.601685],[-39.98291,-3.599121],[-39.980286,-3.596375],[-39.978699,-3.589111],[-39.976807,-3.586426],[-39.976318,-3.582825],[-39.977295,-3.580017],[-39.977295,-3.575989],[-39.975708,-3.572083],[-39.979492,-3.572388],[-39.984802,-3.576416],[-39.989319,-3.577209],[-39.998596,-3.580017],[-40.009094,-3.578186],[-40.017029,-3.580627],[-40.020813,-3.582214],[-40.028625,-3.581909],[-40.03302,-3.582214],[-40.037476,-3.580811],[-40.041626,-3.580627],[-40.045227,-3.581909],[-40.048889,-3.585083],[-40.052429,-3.588806],[-40.057312,-3.589417],[-40.061707,-3.588196],[-40.064575,-3.591309],[-40.068787,-3.593018],[-40.07312,-3.597107],[-40.083313,-3.607727],[-40.091675,-3.616211],[-40.09729,-3.621582],[-40.103577,-3.62561],[-40.108093,-3.630005],[-40.11969,-3.638794],[-40.119629,-3.643311],[-40.116821,-3.645081],[-40.110107,-3.645325],[-40.109375,-3.658386],[-40.110596,-3.662781],[-40.112488,-3.672119],[-40.112305,-3.67749],[-40.113098,-3.681824],[-40.112488,-3.685608],[-40.112976,-3.690613],[-40.117798,-3.691589],[-40.121277,-3.689697],[-40.133484,-3.68689],[-40.135376,-3.684326],[-40.138428,-3.678894],[-40.140625,-3.676819],[-40.145203,-3.674377],[-40.147583,-3.668396],[-40.154175,-3.66571],[-40.158386,-3.66571],[-40.164185,-3.667114],[-40.171326,-3.672119],[-40.173218,-3.674194],[-40.177124,-3.67041],[-40.181091,-3.668579],[-40.183899,-3.664795],[-40.184387,-3.659424],[-40.183411,-3.654785],[-40.18512,-3.650879],[-40.188782,-3.64801],[-40.193481,-3.646912],[-40.195496,-3.644714],[-40.196716,-3.642029],[-40.199829,-3.640198],[-40.203796,-3.639099],[-40.207214,-3.634583],[-40.208984,-3.63031],[-40.211914,-3.62793],[-40.212097,-3.624817],[-40.205994,-3.617126],[-40.205811,-3.61261],[-40.201294,-3.609497],[-40.201599,-3.60553],[-40.205688,-3.603027],[-40.208923,-3.597229],[-40.215027,-3.601624],[-40.221313,-3.595398],[-40.223816,-3.591797],[-40.224182,-3.587524],[-40.225525,-3.58429],[-40.228088,-3.581787],[-40.230225,-3.578186],[-40.235413,-3.578979],[-40.239807,-3.578918],[-40.243408,-3.581482],[-40.248718,-3.579895],[-40.254028,-3.577698],[-40.260925,-3.577576],[-40.263794,-3.576782],[-40.269409,-3.572998],[-40.272278,-3.57251],[-40.27533,-3.570679],[-40.279297,-3.57251],[-40.280396,-3.577209],[-40.280029,-3.582703],[-40.284912,-3.585022],[-40.288208,-3.58728],[-40.297485,-3.591797],[-40.299011,-3.596008],[-40.297424,-3.600098],[-40.29541,-3.603027],[-40.292175,-3.60498],[-40.29248,-3.609314],[-40.294617,-3.611511],[-40.297729,-3.613586],[-40.299622,-3.61731],[-40.299011,-3.621704],[-40.311523,-3.621521],[-40.322021,-3.619019],[-40.326111,-3.6203],[-40.330688,-3.6203],[-40.333313,-3.622009],[-40.337402,-3.621216],[-40.340515,-3.618225],[-40.343628,-3.616821],[-40.346924,-3.616211],[-40.349609,-3.614929],[-40.353882,-3.614685],[-40.35791,-3.613708],[-40.361389,-3.614502],[-40.364014,-3.616028],[-40.36731,-3.616211],[-40.385986,-3.622925],[-40.398926,-3.62793],[-40.394897,-3.631226],[-40.396912,-3.637207],[-40.399902,-3.637817],[-40.401428,-3.641907],[-40.408325,-3.644897],[-40.412476,-3.643311],[-40.417175,-3.643616],[-40.424805,-3.643005],[-40.428589,-3.640198],[-40.435425,-3.638306],[-40.440125,-3.638428],[-40.44342,-3.637695],[-40.448303,-3.637512],[-40.452087,-3.640503],[-40.454895,-3.641296],[-40.464905,-3.640198],[-40.468506,-3.636414],[-40.471191,-3.638794],[-40.47522,-3.636719],[-40.479187,-3.635376],[-40.488586,-3.633911],[-40.49408,-3.632324],[-40.493591,-3.635193],[-40.495728,-3.637878],[-40.499878,-3.641113],[-40.503906,-3.6427],[-40.508606,-3.643494],[-40.513123,-3.642517],[-40.518616,-3.638916],[-40.514587,-3.648926],[-40.523193,-3.650513],[-40.526794,-3.651611],[-40.529724,-3.651611],[-40.5354,-3.652527],[-40.543396,-3.654907],[-40.552612,-3.652588],[-40.556091,-3.6521]]]},"properties":{"shapeName":"Sobral","shapeISO":"56859067B25593631860956","shapeGroup":"BRA","shapeType":"ADM2","src_shape_id":"56859067B25593631860956","adm1ISO":"BR-CE"}},
{"type":"Feature","geometry":{"type":"Polygon","coordinates":[[[-39.050903,-6.024597],[-39.047791,-6.02478],[-39.044678,-6.024109],[-39.041992,-6.022705],[-39.039978,-6.020081],[-39.032898,-6.015503],[-39.028625,-6.013794],[-39.025085,-6.017883],[-39.021912,-6.019287],[-39.021118,-6.010315],[-39.018494,-6.005188],[-39.014587,-6.00531],[-39.010803,-6.00708],[-39.009216,-6.010376],[-39.00592,-6.018677],[-39.00238,-6.019287],[-38.99762,-6.020813],[-38.992981,-6.020691],[-38.987,-6.02771],[-38.985596,-6.0354],[-38.984802,-6.044678],[-38.983704,-6.047913],[-38.985901,-6.058228],[-38.985596,-6.069397],[-38.98822,-6.073608],[-38.989624,-6.076904],[-38.986877,-6.078979],[-38.983215,-6.089111],[-38.978088,-6.091797],[-38.980713,-6.099487],[-38.978821,-6.10199],[-38.975708,-6.101318],[-38.972595,-6.088684],[-38.973389,-6.084229],[-38.973083,-6.078613],[-38.970215,-6.075623],[-38.968811,-6.071228],[-38.967712,-6.065613],[-38.966125,-6.053406],[-38.962097,-6.052429],[-38.960876,-6.049011],[-38.96051,-6.045898],[-38.961182,-6.041687],[-38.964111,-6.039429],[-38.964417,-6.036011],[-38.963806,-6.031677],[-38.962585,-6.026978],[-38.962402,-6.022217],[-38.961609,-6.018616],[-38.959595,-6.015625],[-38.955383,-6.016785],[-38.952698,-6.015503],[-38.950684,-6.01239],[-38.947693,-6.005493],[-38.949585,-6.003113],[-38.95282,-6.001221],[-38.952209,-5.998413],[-38.953613,-5.993713],[-38.953003,-5.988525],[-38.946228,-5.985718],[-38.946411,-5.981628],[-38.945801,-5.974121],[-38.947998,-5.970581],[-38.943909,-5.96759],[-38.93811,-5.966309],[-38.934509,-5.964905],[-38.934692,-5.961792],[-38.936829,-5.957397],[-38.933899,-5.952087],[-38.933105,-5.948181],[-38.926208,-5.951721],[-38.922607,-5.951477],[-38.9198,-5.950317],[-38.914795,-5.940918],[-38.884521,-5.885498],[-38.882324,-5.88208],[-38.88208,-5.878296],[-38.879822,-5.873779],[-38.880493,-5.870911],[-38.876709,-5.869324],[-38.87738,-5.866089],[-38.879578,-5.863708],[-38.88092,-5.860596],[-38.873901,-5.857422],[-38.869019,-5.858826],[-38.866028,-5.855713],[-38.862305,-5.854614],[-38.862427,-5.851685],[-38.860596,-5.848816],[-38.856995,-5.846008],[-38.855713,-5.841797],[-38.852783,-5.838196],[-38.847412,-5.837524],[-38.843811,-5.835999],[-38.840698,-5.832703],[-38.841125,-5.828491],[-38.839722,-5.823608],[-38.836914,-5.819397],[-38.838196,-5.816223],[-38.836792,-5.812988],[-38.831421,-5.808777],[-38.828003,-5.804993],[-38.821411,-5.802612],[-38.813293,-5.796875],[-38.808899,-5.79541],[-38.806396,-5.792725],[-38.805298,-5.789185],[-38.802979,-5.786194],[-38.827881,-5.747009],[-38.87793,-5.660583],[-38.880798,-5.655701],[-38.908997,-5.595703],[-38.907776,-5.565308],[-38.906494,-5.539612],[-38.903625,-5.475891],[-38.904297,-5.46991],[-38.906494,-5.467896],[-38.908508,-5.463196],[-38.908325,-5.457275],[-38.910278,-5.454285],[-38.91748,-5.457397],[-38.921387,-5.456726],[-38.923889,-5.455078],[-38.92511,-5.458923],[-38.926392,-5.47168],[-38.927612,-5.476501],[-38.928223,-5.481995],[-38.929504,-5.486023],[-38.933105,-5.486511],[-38.935913,-5.485413],[-38.939026,-5.486084],[-38.943481,-5.488586],[-38.945984,-5.491821],[-38.948975,-5.5],[-38.950989,-5.504578],[-38.955017,-5.506714],[-38.959412,-5.512878],[-38.962524,-5.513],[-38.966919,-5.515808],[-38.971497,-5.518005],[-38.974915,-5.520386],[-38.978027,-5.520996],[-38.97821,-5.517883],[-38.981812,-5.514282],[-38.985291,-5.515503],[-38.988892,-5.513306],[-38.99231,-5.514709],[-38.993591,-5.512085],[-38.996277,-5.509583],[-39.001099,-5.509277],[-39.004517,-5.506104],[-39.007996,-5.510803],[-39.013306,-5.505676],[-39.017029,-5.503296],[-39.020691,-5.500183],[-39.0224,-5.493591],[-39.025208,-5.492004],[-39.026978,-5.489807],[-39.076477,-5.600708],[-39.103516,-5.661011],[-39.110779,-5.67749],[-39.128113,-5.717712],[-39.163879,-5.797913],[-39.17511,-5.837097],[-39.181824,-5.860291],[-39.173584,-5.863281],[-39.170776,-5.865417],[-39.169189,-5.868408],[-39.168884,-5.872009],[-39.172791,-5.878296],[-39.173279,-5.887695],[-39.17218,-5.898315],[-39.172485,-5.904602],[-39.176514,-5.910278],[-39.17688,-5.9151],[-39.179504,-5.919006],[-39.178589,-5.922913],[-39.175781,-5.93042],[-39.176697,-5.94519],[-39.172424,-5.950806],[-39.171021,-5.955811],[-39.171021,-5.960327],[-39.167114,-5.962402],[-39.164185,-5.959778],[-39.162292,-5.956482],[-39.158203,-5.956726],[-39.152588,-5.958984],[-39.150085,-5.957581],[-39.146301,-5.957581],[-39.143311,-5.960815],[-39.143188,-5.965576],[-39.137512,-5.964905],[-39.138306,-5.971497],[-39.135376,-5.978882],[-39.130615,-5.983582],[-39.125427,-5.979797],[-39.119385,-5.979187],[-39.114319,-5.976624],[-39.113892,-5.980591],[-39.114624,-5.983826],[-39.112976,-5.988892],[-39.106384,-5.983582],[-39.102295,-5.983093],[-39.095886,-5.988708],[-39.086609,-5.99231],[-39.078125,-5.991394],[-39.07251,-5.997681],[-39.059875,-5.998718],[-39.059387,-6.003906],[-39.058105,-6.007996],[-39.052979,-6.018005],[-39.050903,-6.024597]]]},"properties":{"shapeName":"Solonópole","shapeISO":"56859067B36199820479004","shapeGroup":"BRA","shapeType":"ADM2","src_shape_id":"56859067B36199820479004","adm1ISO":"BR-CE"}},
{"type":"Feature","geometry":{"type":"Polygon","coordinates":[[[-37.880493,-5.434509],[-37.877014,-5.427307],[-37.870911,-5.420288],[-37.863708,-5.411621],[-37.860413,-5.406677],[-37.860596,-5.401917],[-37.859314,-5.395691],[-37.86261,-5.381714],[-37.864197,-5.378296],[-37.863708,-5.374084],[-37.858521,-5.366211],[-37.857605,-5.356689],[-37.847412,-5.340027],[-37.835693,-5.335388],[-37.822876,-5.322876],[-37.812805,-5.316589],[-37.810181,-5.31488],[-37.804199,-5.312805],[-37.786621,-5.297119],[-37.915894,-5.297119],[-37.930603,-5.295776],[-37.93219,-5.291199],[-37.940002,-5.283203],[-37.948303,-5.276001],[-37.953125,-5.273376],[-37.962708,-5.262512],[-37.963989,-5.259216],[-37.967529,-5.254395],[-37.976501,-5.252808],[-37.982727,-5.247192],[-37.990601,-5.245911],[-37.99469,-5.244507],[-37.998291,-5.241089],[-38.001526,-5.239929],[-38.004028,-5.238281],[-38.006287,-5.235413],[-38.014526,-5.227478],[-38.0177,-5.225098],[-38.023193,-5.21991],[-38.026428,-5.217712],[-38.031006,-5.21759],[-38.033875,-5.216003],[-38.035095,-5.212708],[-38.037781,-5.21051],[-38.045227,-5.205688],[-38.05188,-5.199707],[-38.054321,-5.195312],[-38.056824,-5.192322],[-38.063904,-5.187195],[-38.06781,-5.183289],[-38.071228,-5.181824],[-38.073914,-5.185181],[-38.077576,-5.1875],[-38.081604,-5.189087],[-38.085083,-5.18988],[-38.087585,-5.191528],[-38.091003,-5.190979],[-38.095093,-5.191528],[-38.098511,-5.193909],[-38.104187,-5.195679],[-38.108826,-5.196716],[-38.114929,-5.202576],[-38.116821,-5.206726],[-38.119202,-5.208923],[-38.12323,-5.208496],[-38.126526,-5.209106],[-38.130127,-5.21051],[-38.133484,-5.213013],[-38.141724,-5.211426],[-38.151184,-5.208923],[-38.208191,-5.193604],[-38.231995,-5.162292],[-38.238098,-5.168701],[-38.234009,-5.182678],[-38.229187,-5.186096],[-38.226624,-5.189392],[-38.224182,-5.193604],[-38.224304,-5.198608],[-38.233276,-5.21698],[-38.223083,-5.229797],[-38.211304,-5.244324],[-38.211426,-5.247314],[-38.22168,-5.273804],[-38.222229,-5.277527],[-38.223877,-5.28241],[-38.224426,-5.291321],[-38.2229,-5.294312],[-38.220215,-5.297424],[-38.216614,-5.298401],[-38.216309,-5.303406],[-38.215027,-5.307312],[-38.212585,-5.310791],[-38.208496,-5.313721],[-38.204712,-5.314819],[-38.206299,-5.31781],[-38.2099,-5.319397],[-38.207397,-5.321716],[-38.204224,-5.322388],[-38.202026,-5.325012],[-38.200928,-5.32959],[-38.198181,-5.326416],[-38.192688,-5.325806],[-38.189514,-5.327698],[-38.185181,-5.332397],[-38.180481,-5.333313],[-38.176392,-5.335083],[-38.174011,-5.338989],[-38.171692,-5.346375],[-38.169983,-5.350586],[-38.163513,-5.35553],[-38.158508,-5.357788],[-38.189575,-5.433899],[-38.115906,-5.433777],[-38.075684,-5.433716],[-38.010803,-5.433594],[-37.972778,-5.433594],[-37.880493,-5.434509]]]},"properties":{"shapeName":"Tabuleiro do Norte","shapeISO":"56859067B32879374314825","shapeGroup":"BRA","shapeType":"ADM2","src_shape_id":"56859067B32879374314825","adm1ISO":"BR-CE"}},
{"type":"Feature","geometry":{"type":"Polygon","coordinates":[[[-40.294312,-4.600525],[-40.294983,-4.59668],[-40.293396,-4.589722],[-40.294983,-4.58728],[-40.298401,-4.586426],[-40.301514,-4.579224],[-40.310303,-4.583191],[-40.313477,-4.582703],[-40.316406,-4.579712],[-40.321106,-4.577209],[-40.325806,-4.578796],[-40.328003,-4.581421],[-40.331787,-4.581482],[-40.34259,-4.579712],[-40.345886,-4.580688],[-40.348816,-4.579895],[-40.357117,-4.573608],[-40.359924,-4.572388],[-40.360779,-4.569214],[-40.36438,-4.56311],[-40.369812,-4.556885],[-40.373718,-4.553711],[-40.377686,-4.552612],[-40.38092,-4.549377],[-40.412598,-4.636414],[-40.422119,-4.663025],[-40.437012,-4.706177],[-40.439819,-4.713989],[-40.446106,-4.732483],[-40.457214,-4.748779],[-40.483276,-4.787292],[-40.524109,-4.8479],[-40.54071,-4.844604],[-40.541504,-4.85022],[-40.540894,-4.854492],[-40.542725,-4.857178],[-40.54303,-4.860718],[-40.545227,-4.865112],[-40.544495,-4.86908],[-40.53949,-4.875916],[-40.539124,-4.881104],[-40.537476,-4.884521],[-40.539795,-4.891113],[-40.538208,-4.894775],[-40.537781,-4.899109],[-40.538086,-4.903625],[-40.539185,-4.910889],[-40.54071,-4.914307],[-40.596802,-4.920898],[-40.635498,-4.924683],[-40.596497,-4.957275],[-40.564209,-5.018005],[-40.555908,-5.014221],[-40.549194,-5.015991],[-40.541504,-5.013184],[-40.538025,-5.013123],[-40.535095,-5.014893],[-40.531677,-5.015808],[-40.526611,-5.017883],[-40.52179,-5.02063],[-40.5177,-5.021423],[-40.514526,-5.021423],[-40.510376,-5.023682],[-40.505981,-5.024109],[-40.5,-5.032288],[-40.496399,-5.035828],[-40.492615,-5.037476],[-40.483276,-5.038208],[-40.474609,-5.039917],[-40.471375,-5.041016],[-40.464111,-5.044312],[-40.457214,-5.045593],[-40.454102,-5.044922],[-40.4505,-5.041321],[-40.448425,-5.034424],[-40.444397,-5.034607],[-40.44043,-5.039612],[-40.439209,-5.04303],[-40.437012,-5.046204],[-40.432617,-5.048279],[-40.430603,-5.052917],[-40.430115,-5.056213],[-40.427002,-5.058777],[-40.423706,-5.0625],[-40.421509,-5.070312],[-40.420105,-5.07312],[-40.416992,-5.076111],[-40.411011,-5.080078],[-40.406677,-5.082092],[-40.402893,-5.085388],[-40.402222,-5.089783],[-40.39978,-5.092712],[-40.394592,-5.093811],[-40.388489,-5.096313],[-40.383606,-5.097412],[-40.37561,-5.102112],[-40.373779,-5.105713],[-40.376892,-5.109009],[-40.375916,-5.112],[-40.373291,-5.11499],[-40.374207,-5.118103],[-40.391479,-5.16571],[-40.414185,-5.22821],[-40.40741,-5.223511],[-40.381897,-5.205017],[-40.331787,-5.168823],[-40.312317,-5.155701],[-40.309387,-5.158875],[-40.306091,-5.166077],[-40.302979,-5.168213],[-40.299316,-5.169006],[-40.292908,-5.166199],[-40.289429,-5.166199],[-40.279419,-5.165222],[-40.276428,-5.166504],[-40.271301,-5.163086],[-40.267822,-5.162598],[-40.261414,-5.164795],[-40.257812,-5.166504],[-40.257507,-5.169922],[-40.253479,-5.169922],[-40.24939,-5.168884],[-40.244812,-5.170227],[-40.241028,-5.169983],[-40.239807,-5.165222],[-40.236694,-5.160889],[-40.231995,-5.155823],[-40.228088,-5.152283],[-40.219421,-5.151794],[-40.208008,-5.15741],[-40.203796,-5.159119],[-40.199829,-5.161987],[-40.198181,-5.165222],[-40.191711,-5.166077],[-40.187317,-5.167603],[-40.190125,-5.17041],[-40.190796,-5.175415],[-40.184814,-5.17511],[-40.18219,-5.169312],[-40.179504,-5.17218],[-40.171997,-5.173096],[-40.167175,-5.166809],[-40.158691,-5.164307],[-40.165894,-5.159729],[-40.163391,-5.156311],[-40.159912,-5.154724],[-40.156189,-5.151184],[-40.153076,-5.150208],[-40.150208,-5.151794],[-40.146729,-5.1521],[-40.146729,-5.14801],[-40.143799,-5.144287],[-40.141724,-5.140808],[-40.138489,-5.138],[-40.13501,-5.129822],[-40.137329,-5.126221],[-40.138611,-5.121704],[-40.134888,-5.112915],[-40.138184,-5.104919],[-40.134521,-5.101013],[-40.134399,-5.096802],[-40.141724,-5.093689],[-40.145691,-5.091614],[-40.149414,-5.086121],[-40.155029,-5.081177],[-40.150391,-5.077209],[-40.143005,-5.077576],[-40.138428,-5.076599],[-40.137512,-5.072693],[-40.139282,-5.069519],[-40.142212,-5.065613],[-40.145813,-5.059875],[-40.146484,-5.055786],[-40.146301,-5.05072],[-40.152893,-5.046692],[-40.154114,-5.042603],[-40.150696,-5.037903],[-40.149597,-5.034912],[-40.145325,-5.032715],[-40.134583,-5.029724],[-40.131409,-5.028198],[-40.129089,-5.030029],[-40.122925,-5.030579],[-40.119995,-5.028381],[-40.111816,-5.024109],[-40.108582,-5.023926],[-40.104919,-5.02301],[-40.104004,-5.019226],[-40.105408,-5.014709],[-40.10321,-5.009705],[-40.103699,-5.006592],[-40.099976,-5.001404],[-40.1026,-4.997314],[-40.105713,-4.996826],[-40.108521,-4.998779],[-40.114685,-4.999817],[-40.114624,-4.9953],[-40.115112,-4.991211],[-40.114197,-4.986511],[-40.117981,-4.985596],[-40.125977,-4.987793],[-40.13208,-4.991577],[-40.131409,-4.98822],[-40.135986,-4.982483],[-40.135681,-4.979492],[-40.133789,-4.976929],[-40.136475,-4.973694],[-40.140381,-4.971008],[-40.145081,-4.971375],[-40.150208,-4.970581],[-40.15448,-4.968689],[-40.157898,-4.964722],[-40.164978,-4.963989],[-40.166626,-4.957214],[-40.165283,-4.953796],[-40.166077,-4.950378],[-40.164917,-4.946716],[-40.160889,-4.943176],[-40.162903,-4.940002],[-40.164307,-4.935913],[-40.167603,-4.934998],[-40.18219,-4.920715],[-40.194214,-4.907288],[-40.190125,-4.904785],[-40.182922,-4.901917],[-40.175598,-4.900024],[-40.171387,-4.899902],[-40.168213,-4.898987],[-40.1651,-4.899109],[-40.158325,-4.903076],[-40.154419,-4.902588],[-40.149475,-4.903076],[-40.144775,-4.902893],[-40.139526,-4.897888],[-40.136719,-4.893311],[-40.136108,-4.890198],[-40.132629,-4.888428],[-40.122681,-4.886108],[-40.114502,-4.882629],[-40.111877,-4.879822],[-40.107422,-4.873291],[-40.106018,-4.869995],[-40.107788,-4.867615],[-40.108215,-4.862976],[-40.109802,-4.85791],[-40.109985,-4.853882],[-40.111694,-4.849792],[-40.11731,-4.845398],[-40.120911,-4.840881],[-40.124207,-4.838379],[-40.128113,-4.832886],[-40.128906,-4.830078],[-40.131409,-4.82782],[-40.135925,-4.825195],[-40.140503,-4.820312],[-40.141296,-4.816711],[-40.138184,-4.814087],[-40.138123,-4.81073],[-40.141296,-4.808716],[-40.146118,-4.807129],[-40.150085,-4.807983],[-40.153381,-4.809998],[-40.156189,-4.808105],[-40.157898,-4.805481],[-40.159424,-4.800903],[-40.162598,-4.797302],[-40.165283,-4.795715],[-40.168518,-4.796875],[-40.173889,-4.79071],[-40.180176,-4.787109],[-40.184082,-4.7854],[-40.192017,-4.78949],[-40.196411,-4.787415],[-40.198608,-4.789978],[-40.203186,-4.789612],[-40.20929,-4.792114],[-40.21759,-4.790283],[-40.227417,-4.786316],[-40.228394,-4.783508],[-40.231628,-4.780579],[-40.239685,-4.779175],[-40.243591,-4.777527],[-40.247375,-4.776611],[-40.255188,-4.776001],[-40.260498,-4.776428],[-40.267517,-4.774109],[-40.273376,-4.768921],[-40.273193,-4.764893],[-40.275818,-4.761414],[-40.279602,-4.759094],[-40.281677,-4.755127],[-40.280029,-4.752197],[-40.285095,-4.748901],[-40.289917,-4.746826],[-40.291809,-4.743408],[-40.294495,-4.740295],[-40.296875,-4.738403],[-40.299805,-4.737793],[-40.306213,-4.7323],[-40.310425,-4.73053],[-40.312683,-4.727112],[-40.309387,-4.724426],[-40.306396,-4.724426],[-40.303711,-4.721008],[-40.304321,-4.71698],[-40.306702,-4.715515],[-40.310791,-4.710693],[-40.314514,-4.708496],[-40.31488,-4.704712],[-40.308716,-4.692322],[-40.313599,-4.690491],[-40.320679,-4.688477],[-40.321716,-4.683289],[-40.321411,-4.679077],[-40.324829,-4.67511],[-40.326782,-4.671997],[-40.331726,-4.666199],[-40.336914,-4.66571],[-40.338013,-4.661804],[-40.341309,-4.655579],[-40.336121,-4.653992],[-40.333191,-4.651123],[-40.331299,-4.645813],[-40.331299,-4.640991],[-40.32782,-4.638123],[-40.320312,-4.637512],[-40.316711,-4.635681],[-40.31781,-4.629883],[-40.31781,-4.625977],[-40.31842,-4.62323],[-40.315613,-4.618713],[-40.310791,-4.616699],[-40.309326,-4.612915],[-40.303528,-4.609924],[-40.302002,-4.606079],[-40.297424,-4.605896],[-40.294312,-4.600525]]]},"properties":{"shapeName":"Tamboril","shapeISO":"56859067B35932918243928","shapeGroup":"BRA","shapeType":"ADM2","src_shape_id":"56859067B35932918243928","adm1ISO":"BR-CE"}},
{"type":"Feature","geometry":{"type":"Polygon","coordinates":[[[-39.909424,-6.763489],[-39.877686,-6.767883],[-39.853699,-6.779419],[-39.810913,-6.794922],[-39.79071,-6.802307],[-39.746704,-6.805115],[-39.741211,-6.80481],[-39.741394,-6.801086],[-39.738708,-6.798096],[-39.735107,-6.79541],[-39.732178,-6.794617],[-39.726013,-6.79071],[-39.723694,-6.788818],[-39.721985,-6.785583],[-39.717712,-6.785828],[-39.708923,-6.785522],[-39.706909,-6.788818],[-39.703613,-6.792786],[-39.698486,-6.794983],[-39.696106,-6.796509],[-39.700378,-6.80072],[-39.69928,-6.804016],[-39.696411,-6.806824],[-39.695801,-6.81073],[-39.692627,-6.819885],[-39.691711,-6.827087],[-39.690125,-6.830383],[-39.685791,-6.8302],[-39.68219,-6.828613],[-39.678406,-6.825989],[-39.668823,-6.825684],[-39.663696,-6.824707],[-39.660217,-6.822693],[-39.65741,-6.820007],[-39.653687,-6.820679],[-39.661621,-6.792908],[-39.657227,-6.791626],[-39.656494,-6.797485],[-39.652405,-6.800598],[-39.648682,-6.800781],[-39.645386,-6.798889],[-39.641602,-6.796021],[-39.638428,-6.795593],[-39.63501,-6.79303],[-39.632507,-6.790222],[-39.624817,-6.795715],[-39.620911,-6.795105],[-39.618713,-6.791382],[-39.615112,-6.788025],[-39.611877,-6.779297],[-39.607727,-6.77179],[-39.604309,-6.768921],[-39.60199,-6.76239],[-39.599609,-6.759521],[-39.599915,-6.754883],[-39.598022,-6.750977],[-39.599976,-6.748901],[-39.602905,-6.749329],[-39.60968,-6.748718],[-39.610779,-6.745422],[-39.608215,-6.742126],[-39.605713,-6.737305],[-39.609924,-6.737122],[-39.617798,-6.742493],[-39.623596,-6.739502],[-39.626526,-6.734375],[-39.630615,-6.735779],[-39.633423,-6.738281],[-39.641785,-6.738708],[-39.644104,-6.736206],[-39.642822,-6.731812],[-39.643127,-6.728516],[-39.640015,-6.724976],[-39.639709,-6.720581],[-39.643921,-6.717529],[-39.646729,-6.7099],[-39.647095,-6.698181],[-39.647522,-6.694397],[-39.648804,-6.689819],[-39.647217,-6.685486],[-39.649109,-6.680908],[-39.649414,-6.676392],[-39.651794,-6.673889],[-39.654602,-6.673279],[-39.656677,-6.668884],[-39.65509,-6.664307],[-39.656982,-6.65741],[-39.656677,-6.653198],[-39.658691,-6.64978],[-39.661377,-6.6474],[-39.663513,-6.644226],[-39.663879,-6.640808],[-39.665894,-6.637329],[-39.669312,-6.639587],[-39.673706,-6.640625],[-39.679077,-6.640991],[-39.682312,-6.640503],[-39.685181,-6.637512],[-39.693176,-6.64032],[-39.701111,-6.644592],[-39.708313,-6.636719],[-39.712524,-6.63562],[-39.716309,-6.636597],[-39.720398,-6.639221],[-39.724121,-6.638123],[-39.730225,-6.640076],[-39.734985,-6.637695],[-39.735291,-6.634399],[-39.737915,-6.631897],[-39.737793,-6.627991],[-39.735229,-6.623596],[-39.734619,-6.617981],[-39.736084,-6.613525],[-39.746094,-6.616516],[-39.75061,-6.618103],[-39.760315,-6.623108],[-39.763123,-6.625],[-39.767578,-6.627014],[-39.770996,-6.62738],[-39.773987,-6.628418],[-39.771912,-6.633484],[-39.777283,-6.639099],[-39.778992,-6.642517],[-39.777527,-6.646301],[-39.775085,-6.649597],[-39.77533,-6.65741],[-39.776917,-6.661011],[-39.779602,-6.663879],[-39.783081,-6.668884],[-39.786194,-6.67041],[-39.792419,-6.671814],[-39.796204,-6.673218],[-39.799011,-6.676208],[-39.805176,-6.681885],[-39.809814,-6.687195],[-39.816895,-6.691406],[-39.830078,-6.697327],[-39.832825,-6.69989],[-39.834595,-6.70459],[-39.838013,-6.708679],[-39.841125,-6.709595],[-39.845581,-6.713806],[-39.853821,-6.716309],[-39.864624,-6.724182],[-39.870483,-6.729675],[-39.878479,-6.734924],[-39.880615,-6.738892],[-39.88678,-6.744202],[-39.890991,-6.749084],[-39.897522,-6.754883],[-39.90271,-6.758118],[-39.905823,-6.761108],[-39.909424,-6.763489]]]},"properties":{"shapeName":"Tarrafas","shapeISO":"56859067B6243055692939","shapeGroup":"BRA","shapeType":"ADM2","src_shape_id":"56859067B6243055692939","adm1ISO":"BR-CE"}},
{"type":"Feature","geometry":{"type":"Polygon","coordinates":[[[-39.955811,-6.100403],[-39.956177,-6.09729],[-39.959106,-6.096924],[-39.961914,-6.093628],[-39.961975,-6.088318],[-39.959778,-6.08551],[-39.953125,-6.080811],[-39.948914,-6.079712],[-39.941589,-6.079712],[-39.938599,-6.078979],[-39.935303,-6.079224],[-39.933105,-6.076416],[-39.927795,-6.072205],[-39.92511,-6.070984],[-39.919189,-6.066223],[-39.914978,-6.061523],[-39.909424,-6.057312],[-39.907227,-6.052612],[-39.906189,-6.048401],[-39.906982,-6.044312],[-39.905518,-6.041504],[-39.904419,-6.037109],[-39.901184,-6.036804],[-39.897522,-6.035278],[-39.889587,-6.034302],[-39.885193,-6.028015],[-39.88562,-6.024597],[-39.88031,-6.02002],[-39.875793,-6.01709],[-39.871704,-6.013306],[-39.87323,-6.006226],[-39.868591,-6.005798],[-39.865906,-6.001892],[-39.862122,-5.999817],[-39.862427,-5.994995],[-39.855103,-5.987305],[-39.852722,-5.988892],[-39.847717,-5.988586],[-39.843811,-5.985413],[-39.843628,-5.982483],[-39.840393,-5.979492],[-39.836304,-5.976685],[-39.83429,-5.973328],[-39.833801,-5.968811],[-39.832886,-5.965881],[-39.832581,-5.961609],[-39.834595,-5.957397],[-39.835388,-5.953125],[-39.835022,-5.94812],[-39.833923,-5.94519],[-39.834229,-5.940979],[-39.835205,-5.937012],[-39.836975,-5.933716],[-39.837708,-5.93042],[-39.843201,-5.931213],[-39.848083,-5.9328],[-39.853516,-5.927429],[-39.854004,-5.924194],[-39.857605,-5.92218],[-39.862915,-5.916382],[-39.866028,-5.913879],[-39.869324,-5.913025],[-39.87262,-5.909912],[-39.876587,-5.909119],[-39.875916,-5.905518],[-39.872314,-5.903015],[-39.869812,-5.899414],[-39.86322,-5.89563],[-39.862122,-5.890625],[-39.865906,-5.889404],[-39.868286,-5.886719],[-39.871826,-5.884094],[-39.875977,-5.885803],[-39.879517,-5.888794],[-39.890625,-5.894897],[-39.894897,-5.895508],[-39.901489,-5.89563],[-39.906128,-5.896301],[-39.911011,-5.898682],[-39.915588,-5.89801],[-39.919983,-5.896179],[-39.923096,-5.893494],[-39.926208,-5.892517],[-39.928223,-5.888611],[-39.931519,-5.889282],[-39.935303,-5.885498],[-39.938416,-5.883911],[-39.940491,-5.880615],[-39.943604,-5.879883],[-39.946411,-5.877991],[-39.949707,-5.877991],[-39.952881,-5.876587],[-39.954712,-5.873413],[-39.958923,-5.872009],[-39.947021,-5.863586],[-39.942505,-5.862488],[-39.939209,-5.860107],[-39.937378,-5.856506],[-39.933411,-5.853577],[-39.931824,-5.849609],[-39.930115,-5.846802],[-39.927185,-5.843811],[-39.92572,-5.841309],[-39.922913,-5.834717],[-39.920776,-5.832397],[-39.927124,-5.830017],[-39.931213,-5.826294],[-39.937622,-5.826477],[-39.942688,-5.827698],[-39.945679,-5.827026],[-39.949585,-5.822327],[-39.953491,-5.81958],[-39.956909,-5.818787],[-39.959717,-5.817017],[-39.96283,-5.818115],[-39.968506,-5.82312],[-39.971985,-5.823181],[-39.976013,-5.820984],[-39.97821,-5.817627],[-39.980713,-5.815613],[-39.984924,-5.813721],[-39.986511,-5.808899],[-39.984009,-5.805176],[-39.984802,-5.801819],[-39.984924,-5.797729],[-39.987,-5.7948],[-39.988708,-5.791016],[-39.990112,-5.783081],[-39.991577,-5.780396],[-39.994629,-5.779114],[-40.005493,-5.777405],[-40.008118,-5.774475],[-40.008301,-5.770813],[-40.004395,-5.765015],[-40.003113,-5.759521],[-40.003479,-5.756409],[-40.005005,-5.752319],[-40.007202,-5.748413],[-40.005188,-5.741821],[-40.003723,-5.738586],[-40.003723,-5.735413],[-40.008118,-5.734497],[-40.00769,-5.731384],[-40.008179,-5.7276],[-40.006104,-5.720215],[-40.007202,-5.716309],[-40.009583,-5.712708],[-40.01532,-5.70752],[-40.017822,-5.709229],[-40.022705,-5.711121],[-40.0271,-5.712402],[-40.034302,-5.71283],[-40.043213,-5.711304],[-40.045593,-5.707886],[-40.046814,-5.703613],[-40.048889,-5.701416],[-40.047485,-5.697815],[-40.050476,-5.695312],[-40.054016,-5.693176],[-40.056396,-5.690125],[-40.060486,-5.688904],[-40.063721,-5.686218],[-40.065002,-5.67981],[-40.068176,-5.67511],[-40.071228,-5.675293],[-40.072876,-5.669128],[-40.073181,-5.665405],[-40.066589,-5.65918],[-40.062012,-5.654114],[-40.060303,-5.649475],[-40.058105,-5.645813],[-40.054687,-5.642395],[-40.05542,-5.638489],[-40.062683,-5.635925],[-40.058411,-5.632629],[-40.05719,-5.629822],[-40.055786,-5.623413],[-40.053894,-5.620789],[-40.053528,-5.617798],[-40.054321,-5.613525],[-40.052185,-5.610229],[-40.058899,-5.607727],[-40.059082,-5.602478],[-40.057922,-5.596008],[-40.062012,-5.591187],[-40.066528,-5.589111],[-40.074402,-5.589294],[-40.076599,-5.586609],[-40.076599,-5.583618],[-40.073486,-5.580994],[-40.066711,-5.579102],[-40.063416,-5.577087],[-40.059692,-5.576416],[-40.055908,-5.574829],[-40.053528,-5.572998],[-40.049011,-5.56781],[-40.044312,-5.56543],[-40.036621,-5.564575],[-40.033325,-5.562012],[-40.026611,-5.552124],[-40.024292,-5.548096],[-40.023193,-5.544678],[-40.021301,-5.541016],[-40.015686,-5.534912],[-40.017212,-5.53009],[-40.016418,-5.525513],[-40.014709,-5.522217],[-40.014221,-5.518616],[-40.016785,-5.516418],[-40.021179,-5.513977],[-40.024902,-5.514893],[-40.026306,-5.508484],[-40.030396,-5.508118],[-40.030823,-5.504578],[-40.029419,-5.495911],[-40.02832,-5.491577],[-40.030212,-5.488403],[-40.034729,-5.487976],[-40.038513,-5.490479],[-40.045105,-5.488586],[-40.052795,-5.487793],[-40.052979,-5.484619],[-40.051392,-5.481079],[-40.049622,-5.473511],[-40.047424,-5.468384],[-40.049683,-5.463928],[-40.055176,-5.461609],[-40.055908,-5.454285],[-40.056519,-5.451294],[-40.055786,-5.444519],[-40.057312,-5.440613],[-40.057678,-5.43573],[-40.062012,-5.433777],[-40.060791,-5.42981],[-40.061401,-5.426819],[-40.067383,-5.425476],[-40.065796,-5.421692],[-40.062317,-5.41571],[-40.064819,-5.410522],[-40.061401,-5.406128],[-40.059692,-5.40271],[-40.059692,-5.396912],[-40.067627,-5.401917],[-40.068481,-5.405579],[-40.070007,-5.409302],[-40.072693,-5.411804],[-40.073303,-5.415222],[-40.075195,-5.418884],[-40.077698,-5.421875],[-40.081787,-5.422913],[-40.081909,-5.425781],[-40.08429,-5.429504],[-40.0896,-5.435425],[-40.089783,-5.439575],[-40.092285,-5.441711],[-40.096313,-5.44281],[-40.099792,-5.445618],[-40.10022,-5.450928],[-40.106384,-5.454529],[-40.106018,-5.45813],[-40.109009,-5.460388],[-40.109802,-5.463379],[-40.106201,-5.469177],[-40.106995,-5.472229],[-40.108582,-5.475281],[-40.109009,-5.480408],[-40.110107,-5.485718],[-40.111877,-5.490295],[-40.109985,-5.493713],[-40.108887,-5.49762],[-40.109497,-5.501587],[-40.108093,-5.510681],[-40.111084,-5.512512],[-40.112488,-5.516113],[-40.110779,-5.52301],[-40.110229,-5.526611],[-40.111084,-5.529907],[-40.110779,-5.533325],[-40.112305,-5.537415],[-40.115601,-5.541199],[-40.115723,-5.544189],[-40.118713,-5.547729],[-40.124023,-5.552917],[-40.128296,-5.55188],[-40.130615,-5.549622],[-40.133789,-5.547791],[-40.137512,-5.548828],[-40.140991,-5.548096],[-40.143311,-5.544495],[-40.146484,-5.540588],[-40.149719,-5.541809],[-40.155396,-5.542725],[-40.158875,-5.544678],[-40.162476,-5.545227],[-40.16803,-5.544312],[-40.169128,-5.548523],[-40.171387,-5.551697],[-40.171875,-5.559082],[-40.174683,-5.56073],[-40.18219,-5.560486],[-40.187195,-5.562012],[-40.187378,-5.565796],[-40.185486,-5.570618],[-40.188782,-5.573608],[-40.19281,-5.573608],[-40.202515,-5.579285],[-40.207703,-5.581482],[-40.215027,-5.58551],[-40.218994,-5.586182],[-40.221375,-5.588013],[-40.223389,-5.59082],[-40.227295,-5.592407],[-40.229004,-5.596619],[-40.228882,-5.60022],[-40.224487,-5.601624],[-40.221191,-5.603882],[-40.22699,-5.610413],[-40.232178,-5.61261],[-40.234619,-5.615479],[-40.232788,-5.618408],[-40.230286,-5.620911],[-40.232483,-5.627502],[-40.235596,-5.631226],[-40.233398,-5.636108],[-40.228699,-5.642578],[-40.228882,-5.645691],[-40.226318,-5.649597],[-40.22699,-5.653076],[-40.229309,-5.655823],[-40.229919,-5.659485],[-40.22821,-5.662415],[-40.220886,-5.666626],[-40.219116,-5.671326],[-40.214111,-5.678284],[-40.214905,-5.683411],[-40.211426,-5.692688],[-40.214722,-5.694702],[-40.214783,-5.697815],[-40.219177,-5.698303],[-40.222412,-5.69989],[-40.224304,-5.702026],[-40.225708,-5.706482],[-40.22821,-5.71051],[-40.241577,-5.7099],[-40.241577,-5.714111],[-40.240723,-5.71759],[-40.24469,-5.720886],[-40.252197,-5.728394],[-40.256226,-5.729675],[-40.258301,-5.731628],[-40.259521,-5.734924],[-40.265503,-5.740112],[-40.272705,-5.74469],[-40.276428,-5.74939],[-40.280579,-5.75061],[-40.283386,-5.752625],[-40.28479,-5.755981],[-40.288818,-5.756409],[-40.291992,-5.754211],[-40.294189,-5.751709],[-40.297729,-5.749207],[-40.301392,-5.748413],[-40.304626,-5.748901],[-40.307617,-5.748596],[-40.310913,-5.746887],[-40.316528,-5.743286],[-40.31958,-5.74231],[-40.322693,-5.742493],[-40.329529,-5.746216],[-40.335815,-5.747314],[-40.338989,-5.748413],[-40.343689,-5.747498],[-40.349304,-5.744202],[-40.353821,-5.743408],[-40.36261,-5.744019],[-40.365784,-5.747192],[-40.369202,-5.746826],[-40.372192,-5.748901],[-40.373291,-5.754211],[-40.378723,-5.758423],[-40.380493,-5.760986],[-40.381409,-5.765503],[-40.386108,-5.772278],[-40.386719,-5.776978],[-40.390686,-5.778503],[-40.393127,-5.780579],[-40.396912,-5.78241],[-40.39801,-5.786987],[-40.399597,-5.790527],[-40.402283,-5.793579],[-40.407104,-5.797913],[-40.406799,-5.801208],[-40.408386,-5.803711],[-40.410889,-5.806213],[-40.411926,-5.810913],[-40.416077,-5.811707],[-40.421082,-5.81189],[-40.424683,-5.815125],[-40.42688,-5.818115],[-40.439392,-5.82312],[-40.448181,-5.827209],[-40.453003,-5.829102],[-40.456604,-5.828918],[-40.463684,-5.827209],[-40.468079,-5.826721],[-40.471375,-5.825684],[-40.474182,-5.826782],[-40.476013,-5.830994],[-40.487,-5.834717],[-40.491821,-5.832703],[-40.494324,-5.829407],[-40.50061,-5.827026],[-40.505005,-5.826782],[-40.507385,-5.825317],[-40.511108,-5.826416],[-40.512085,-5.823608],[-40.516602,-5.823486],[-40.514587,-5.819397],[-40.512512,-5.817078],[-40.514709,-5.813782],[-40.518127,-5.811584],[-40.521912,-5.815613],[-40.53241,-5.818909],[-40.538025,-5.825317],[-40.542175,-5.827515],[-40.549988,-5.833679],[-40.551025,-5.837402],[-40.553589,-5.840515],[-40.557983,-5.841003],[-40.564209,-5.838318],[-40.566101,-5.840698],[-40.569397,-5.841003],[-40.575195,-5.840515],[-40.579102,-5.839294],[-40.582397,-5.839417],[-40.585205,-5.838623],[-40.588013,-5.835815],[-40.595703,-5.836487],[-40.599609,-5.838379],[-40.603027,-5.838379],[-40.602783,-5.84198],[-40.60498,-5.84552],[-40.608398,-5.848389],[-40.613281,-5.849121],[-40.622314,-5.85199],[-40.62738,-5.853088],[-40.631287,-5.852722],[-40.633606,-5.850525],[-40.639404,-5.842407],[-40.6427,-5.84021],[-40.645996,-5.841003],[-40.651184,-5.843811],[-40.660522,-5.846924],[-40.663391,-5.850586],[-40.666809,-5.852112],[-40.668396,-5.854492],[-40.670898,-5.856323],[-40.669495,-5.859802],[-40.670715,-5.867493],[-40.673279,-5.870117],[-40.677307,-5.8703],[-40.680725,-5.871826],[-40.682617,-5.879211],[-40.681824,-5.882019],[-40.679199,-5.884521],[-40.67749,-5.887207],[-40.676575,-5.891602],[-40.674927,-5.895691],[-40.67041,-5.90271],[-40.664124,-5.908813],[-40.66272,-5.911377],[-40.664612,-5.914124],[-40.671692,-5.914612],[-40.675476,-5.914185],[-40.685913,-5.911377],[-40.689209,-5.911194],[-40.694397,-5.911682],[-40.697083,-5.914307],[-40.699219,-5.917908],[-40.701111,-5.924805],[-40.703186,-5.928223],[-40.704712,-5.931885],[-40.706116,-5.93811],[-40.709778,-5.93689],[-40.710327,-5.940613],[-40.713989,-5.940613],[-40.713379,-5.944214],[-40.711182,-5.948975],[-40.712524,-5.953796],[-40.711487,-5.958313],[-40.713684,-5.961609],[-40.713196,-5.965881],[-40.716309,-5.967224],[-40.719788,-5.966003],[-40.722717,-5.967712],[-40.724915,-5.971008],[-40.728394,-5.9729],[-40.732605,-5.973877],[-40.736877,-5.972717],[-40.737427,-5.976379],[-40.739075,-5.979309],[-40.742493,-5.979309],[-40.744812,-5.981689],[-40.746277,-5.984314],[-40.745728,-5.987915],[-40.743286,-5.991699],[-40.739075,-5.993286],[-40.736084,-6.000427],[-40.735718,-6.003479],[-40.736816,-6.007812],[-40.738708,-6.012512],[-40.734924,-6.018799],[-40.733887,-6.021912],[-40.734375,-6.025818],[-40.733215,-6.030029],[-40.73053,-6.032898],[-40.723694,-6.037109],[-40.718506,-6.039124],[-40.713989,-6.03949],[-40.711609,-6.036987],[-40.70752,-6.034119],[-40.703979,-6.033997],[-40.700806,-6.032776],[-40.702576,-6.029175],[-40.700195,-6.024719],[-40.697083,-6.020081],[-40.689575,-6.013428],[-40.686829,-6.010193],[-40.682983,-6.009216],[-40.678589,-6.007507],[-40.669678,-6.008179],[-40.665222,-6.007629],[-40.660889,-6.004578],[-40.651794,-6.005493],[-40.647278,-6.003784],[-40.644409,-6.004089],[-40.640625,-6.003113],[-40.632812,-5.998413],[-40.628418,-5.997375],[-40.625183,-5.994385],[-40.622192,-5.993286],[-40.618225,-5.993225],[-40.611023,-5.990112],[-40.607422,-5.991516],[-40.6026,-5.994385],[-40.598389,-5.994019],[-40.597107,-6.000916],[-40.593994,-6.000427],[-40.591309,-5.995605],[-40.588806,-5.993286],[-40.584229,-5.995911],[-40.580627,-5.995911],[-40.576477,-5.998718],[-40.572693,-5.998291],[-40.569519,-5.999023],[-40.564819,-5.999023],[-40.561096,-6.0047],[-40.55719,-6.006104],[-40.55249,-6.004883],[-40.549011,-6.002991],[-40.546082,-6.004211],[-40.54248,-6.003906],[-40.539612,-6.002625],[-40.536194,-6.000183],[-40.533813,-5.996216],[-40.530823,-5.993103],[-40.526001,-5.993225],[-40.518188,-5.989319],[-40.513794,-5.989075],[-40.505981,-5.990784],[-40.499695,-5.990479],[-40.496094,-5.988892],[-40.493225,-5.982483],[-40.489319,-5.982605],[-40.486389,-5.986511],[-40.48053,-5.990906],[-40.478577,-5.995789],[-40.475098,-5.999695],[-40.476318,-6.006104],[-40.474304,-6.008911],[-40.469177,-6.012329],[-40.466675,-6.015625],[-40.468079,-6.020813],[-40.471924,-6.0271],[-40.481201,-6.033203],[-40.480103,-6.041321],[-40.480103,-6.044922],[-40.478516,-6.051575],[-40.481689,-6.057922],[-40.483093,-6.062378],[-40.485229,-6.066406],[-40.485596,-6.070496],[-40.486511,-6.073975],[-40.488892,-6.076782],[-40.487427,-6.080811],[-40.491516,-6.082703],[-40.495117,-6.088501],[-40.499084,-6.105286],[-40.508606,-6.144409],[-40.531616,-6.159912],[-40.503906,-6.1875],[-40.488708,-6.203186],[-40.490723,-6.207214],[-40.489807,-6.21051],[-40.490295,-6.213928],[-40.491516,-6.21759],[-40.489075,-6.221008],[-40.492187,-6.224182],[-40.494324,-6.227478],[-40.495911,-6.236084],[-40.4953,-6.239807],[-40.496094,-6.244324],[-40.499207,-6.24762],[-40.500977,-6.251526],[-40.505127,-6.254395],[-40.514893,-6.263794],[-40.517578,-6.267212],[-40.520813,-6.269409],[-40.526184,-6.272278],[-40.528992,-6.271606],[-40.531799,-6.273682],[-40.534607,-6.277283],[-40.537415,-6.279297],[-40.543091,-6.280212],[-40.548218,-6.283203],[-40.555298,-6.284485],[-40.556091,-6.287476],[-40.559204,-6.289001],[-40.566101,-6.291199],[-40.571289,-6.292114],[-40.574524,-6.291382],[-40.575989,-6.289001],[-40.580078,-6.289185],[-40.582886,-6.291626],[-40.585876,-6.292297],[-40.589478,-6.294678],[-40.590881,-6.300415],[-40.591309,-6.305481],[-40.590576,-6.310425],[-40.591675,-6.313904],[-40.594727,-6.317505],[-40.596191,-6.32019],[-40.599426,-6.32251],[-40.601501,-6.325317],[-40.603027,-6.328491],[-40.610413,-6.336975],[-40.607605,-6.343689],[-40.60553,-6.347778],[-40.603577,-6.350281],[-40.597229,-6.344421],[-40.593384,-6.343994],[-40.589722,-6.341492],[-40.585693,-6.340881],[-40.582214,-6.342102],[-40.580383,-6.344299],[-40.578613,-6.350403],[-40.573975,-6.357788],[-40.571106,-6.356506],[-40.568176,-6.353088],[-40.565002,-6.351318],[-40.561707,-6.350281],[-40.558105,-6.348389],[-40.554687,-6.345276],[-40.548401,-6.340576],[-40.544678,-6.340576],[-40.538391,-6.344421],[-40.534607,-6.346313],[-40.52771,-6.348083],[-40.524475,-6.346313],[-40.515686,-6.345825],[-40.512817,-6.342407],[-40.509399,-6.341675],[-40.503601,-6.343079],[-40.483887,-6.33783],[-40.47998,-6.333923],[-40.471985,-6.331116],[-40.470093,-6.333191],[-40.467407,-6.334229],[-40.463684,-6.333801],[-40.460815,-6.334717],[-40.458313,-6.336426],[-40.454102,-6.336121],[-40.450012,-6.333618],[-40.446777,-6.332214],[-40.443176,-6.331787],[-40.439209,-6.332275],[-40.436279,-6.333801],[-40.432312,-6.33313],[-40.431091,-6.329102],[-40.428894,-6.324524],[-40.424805,-6.323425],[-40.422485,-6.320007],[-40.418579,-6.318787],[-40.412476,-6.318176],[-40.408203,-6.31543],[-40.405396,-6.312805],[-40.301208,-6.206787],[-40.290283,-6.203796],[-40.290222,-6.200195],[-40.289124,-6.195312],[-40.286377,-6.190918],[-40.283386,-6.189392],[-40.280212,-6.187012],[-40.276917,-6.182312],[-40.273376,-6.178711],[-40.270325,-6.173523],[-40.267395,-6.169312],[-40.263977,-6.168213],[-40.260803,-6.165527],[-40.259827,-6.161804],[-40.259521,-6.157898],[-40.257202,-6.155518],[-40.256897,-6.151611],[-40.255615,-6.148987],[-40.249695,-6.147095],[-40.24469,-6.144409],[-40.240723,-6.140381],[-40.234924,-6.133484],[-40.226318,-6.131714],[-40.224426,-6.134277],[-40.221191,-6.136292],[-40.221191,-6.140381],[-40.217529,-6.140991],[-40.212708,-6.136292],[-40.205811,-6.134705],[-40.204224,-6.138123],[-40.19989,-6.144104],[-40.190491,-6.141785],[-40.185608,-6.141724],[-40.180908,-6.140808],[-40.171997,-6.13501],[-40.16571,-6.131775],[-40.163513,-6.128906],[-40.162598,-6.125793],[-40.160522,-6.123779],[-40.158813,-6.120117],[-40.154907,-6.118713],[-40.151917,-6.116516],[-40.150208,-6.113708],[-40.146606,-6.112427],[-40.143494,-6.112793],[-40.140625,-6.114075],[-40.137817,-6.11322],[-40.134277,-6.110596],[-40.1297,-6.109192],[-40.126709,-6.10968],[-40.125183,-6.11322],[-40.117798,-6.110901],[-40.112976,-6.112122],[-40.110718,-6.11438],[-40.107117,-6.116028],[-40.103394,-6.115112],[-40.099609,-6.115112],[-40.09491,-6.113525],[-40.09021,-6.111206],[-40.086792,-6.110779],[-40.084229,-6.113892],[-40.078308,-6.110413],[-40.07312,-6.108582],[-40.069885,-6.110779],[-40.066711,-6.110291],[-40.058411,-6.105713],[-40.055115,-6.101929],[-40.051514,-6.100098],[-40.047302,-6.098816],[-40.042908,-6.104797],[-40.039795,-6.104309],[-40.034485,-6.100586],[-40.029419,-6.099487],[-40.021912,-6.096924],[-40.017822,-6.096313],[-40.015808,-6.101501],[-40.012024,-6.103088],[-40.008301,-6.102905],[-40.005127,-6.104309],[-39.999817,-6.104309],[-39.991394,-6.101013],[-39.986328,-6.101807],[-39.982117,-6.10199],[-39.974304,-6.100281],[-39.968506,-6.102905],[-39.965393,-6.102295],[-39.963013,-6.100525],[-39.955811,-6.100403]]]},"properties":{"shapeName":"Tauá","shapeISO":"56859067B63965613485254","shapeGroup":"BRA","shapeType":"ADM2","src_shape_id":"56859067B63965613485254","adm1ISO":"BR-CE"}},
{"type":"Feature","geometry":{"type":"Polygon","coordinates":[[[-39.430786,-3.854675],[-39.434082,-3.853027],[-39.441895,-3.855103],[-39.446106,-3.856689],[-39.449585,-3.858704],[-39.456116,-3.861084],[-39.459595,-3.858276],[-39.463501,-3.857788],[-39.466919,-3.858276],[-39.470398,-3.857483],[-39.474915,-3.857483],[-39.4776,-3.830322],[-39.479187,-3.82251],[-39.478882,-3.817993],[-39.480591,-3.815613],[-39.483521,-3.814392],[-39.48761,-3.813721],[-39.489197,-3.816895],[-39.49231,-3.818604],[-39.48999,-3.760315],[-39.493286,-3.758911],[-39.497192,-3.755798],[-39.502075,-3.753601],[-39.514709,-3.745605],[-39.539185,-3.761902],[-39.544312,-3.771484],[-39.578308,-3.813904],[-39.579407,-3.817383],[-39.579712,-3.820679],[-39.583191,-3.822327],[-39.586487,-3.822083],[-39.58783,-3.824707],[-39.59259,-3.826111],[-39.595886,-3.825806],[-39.599792,-3.82251],[-39.603088,-3.82251],[-39.606384,-3.823425],[-39.610596,-3.820801],[-39.61438,-3.821594],[-39.621399,-3.825012],[-39.624207,-3.829285],[-39.629395,-3.826111],[-39.63501,-3.829712],[-39.637207,-3.825378],[-39.640686,-3.821594],[-39.645081,-3.821106],[-39.647888,-3.821716],[-39.649902,-3.824829],[-39.656921,-3.823608],[-39.661316,-3.824707],[-39.661499,-3.82782],[-39.665894,-3.832886],[-39.668396,-3.83429],[-39.674377,-3.833191],[-39.678528,-3.832886],[-39.680176,-3.836304],[-39.684998,-3.838013],[-39.688599,-3.835815],[-39.691284,-3.838318],[-39.691284,-3.843628],[-39.698425,-3.849182],[-39.703796,-3.850891],[-39.706787,-3.855225],[-39.711487,-3.864807],[-39.712097,-3.86969],[-39.714478,-3.871887],[-39.718811,-3.870605],[-39.719788,-3.873596],[-39.717224,-3.87793],[-39.713623,-3.880798],[-39.711914,-3.885193],[-39.71759,-3.886475],[-39.71759,-3.890076],[-39.714478,-3.894409],[-39.716125,-3.898987],[-39.711914,-3.901917],[-39.709595,-3.904785],[-39.711792,-3.90918],[-39.712708,-3.914185],[-39.715515,-3.917297],[-39.710327,-3.927185],[-39.709106,-3.937622],[-39.705322,-3.94458],[-39.70459,-3.94812],[-39.710083,-3.950012],[-39.711609,-3.953308],[-39.714478,-3.956604],[-39.714722,-3.959717],[-39.716492,-3.968323],[-39.719299,-3.970215],[-39.717285,-3.973328],[-39.712097,-3.972412],[-39.710388,-3.976013],[-39.707397,-3.977417],[-39.706909,-3.98291],[-39.705811,-3.985596],[-39.703613,-3.995117],[-39.703796,-4.000183],[-39.700806,-4.001709],[-39.700012,-4.005493],[-39.701599,-4.007996],[-39.70752,-4.01001],[-39.708496,-4.013977],[-39.707214,-4.018188],[-39.698425,-4.021118],[-39.692993,-4.022095],[-39.688477,-4.027588],[-39.687195,-4.030396],[-39.684814,-4.033203],[-39.683594,-4.035889],[-39.683105,-4.042603],[-39.680725,-4.044922],[-39.678223,-4.05188],[-39.67511,-4.055481],[-39.674805,-4.060791],[-39.674011,-4.066406],[-39.671326,-4.069519],[-39.671387,-4.072815],[-39.670227,-4.075989],[-39.666321,-4.079712],[-39.66748,-4.073608],[-39.665527,-4.068481],[-39.660706,-4.06958],[-39.657593,-4.071289],[-39.651184,-4.070984],[-39.642822,-4.072021],[-39.638916,-4.071106],[-39.635498,-4.073486],[-39.633484,-4.070496],[-39.629578,-4.069824],[-39.628479,-4.07312],[-39.626221,-4.076477],[-39.62323,-4.079895],[-39.615295,-4.081421],[-39.611694,-4.081604],[-39.607422,-4.083008],[-39.603882,-4.086121],[-39.600708,-4.091309],[-39.597595,-4.094421],[-39.592102,-4.095398],[-39.580811,-4.093689],[-39.576477,-4.091919],[-39.572388,-4.092712],[-39.569275,-4.09491],[-39.563416,-4.097229],[-39.556702,-4.101196],[-39.553528,-4.100586],[-39.550415,-4.098389],[-39.547302,-4.097412],[-39.544678,-4.093811],[-39.54303,-4.09021],[-39.539795,-4.086792],[-39.536621,-4.085327],[-39.533203,-4.084595],[-39.514099,-4.032776],[-39.502808,-4.001282],[-39.498413,-3.998413],[-39.49408,-3.997925],[-39.489502,-4.001099],[-39.487305,-4.004395],[-39.484497,-4.005188],[-39.485229,-3.996094],[-39.484009,-3.974609],[-39.465881,-3.943115],[-39.45813,-3.92981],[-39.452087,-3.912109],[-39.436096,-3.86322],[-39.430786,-3.854675]]]},"properties":{"shapeName":"Tejuçuoca","shapeISO":"56859067B66603030314401","shapeGroup":"BRA","shapeType":"ADM2","src_shape_id":"56859067B66603030314401","adm1ISO":"BR-CE"}},
{"type":"Feature","geometry":{"type":"Polygon","coordinates":[[[-41.2453,-3.897217],[-41.240723,-3.894897],[-41.235901,-3.895508],[-41.232178,-3.896729],[-41.219177,-3.900085],[-41.215576,-3.899109],[-41.210999,-3.899719],[-41.204895,-3.899292],[-41.199402,-3.896301],[-41.195007,-3.895203],[-41.189575,-3.890015],[-41.184082,-3.891785],[-41.18158,-3.887512],[-41.177979,-3.875916],[-41.173828,-3.874817],[-41.163208,-3.87323],[-41.1604,-3.871704],[-41.151794,-3.864197],[-41.143799,-3.856018],[-41.132324,-3.844727],[-41.127625,-3.843628],[-41.115295,-3.844727],[-41.112488,-3.845276],[-41.109619,-3.844788],[-41.098999,-3.844116],[-41.09491,-3.842896],[-41.089478,-3.84021],[-41.085083,-3.838501],[-41.075684,-3.838013],[-41.066101,-3.841125],[-41.057312,-3.839783],[-41.050476,-3.842102],[-41.036621,-3.848877],[-41.03302,-3.848328],[-41.030518,-3.846191],[-41.026306,-3.845886],[-41.022278,-3.844299],[-41.017822,-3.843811],[-41.014709,-3.842712],[-41.010681,-3.842407],[-41.006104,-3.840027],[-41.002625,-3.840698],[-40.998718,-3.840515],[-40.993408,-3.841003],[-40.989685,-3.840881],[-40.986023,-3.839478],[-40.981812,-3.838989],[-40.973511,-3.841309],[-40.967285,-3.838379],[-40.967224,-3.832092],[-40.965698,-3.828796],[-40.96283,-3.825806],[-40.961792,-3.820007],[-40.961792,-3.815613],[-40.958313,-3.810425],[-40.951782,-3.804626],[-40.944885,-3.801575],[-40.941284,-3.80072],[-40.933777,-3.797913],[-40.931396,-3.794678],[-40.927612,-3.791016],[-40.921082,-3.786987],[-40.914978,-3.788025],[-40.911316,-3.788208],[-40.908325,-3.787415],[-40.905212,-3.784729],[-40.903503,-3.780884],[-40.900818,-3.778198],[-40.894226,-3.780518],[-40.893311,-3.775208],[-40.880127,-3.738892],[-40.874207,-3.722412],[-40.878479,-3.708679],[-40.889709,-3.664917],[-40.894897,-3.632385],[-40.899109,-3.595581],[-40.903992,-3.575317],[-40.892395,-3.559082],[-40.857117,-3.536011],[-40.838501,-3.511719],[-40.821594,-3.470825],[-40.826477,-3.453308],[-40.83551,-3.441284],[-40.850098,-3.417725],[-40.851196,-3.42041],[-40.848389,-3.424316],[-40.846375,-3.428406],[-40.8479,-3.431091],[-40.851807,-3.433594],[-40.854004,-3.436401],[-40.861023,-3.43988],[-40.862183,-3.444092],[-40.864624,-3.449097],[-40.866211,-3.455811],[-40.869629,-3.460876],[-40.868896,-3.464417],[-40.872803,-3.468811],[-40.872803,-3.472717],[-40.867004,-3.477417],[-40.869019,-3.480103],[-40.875488,-3.481995],[-40.878113,-3.485413],[-40.882629,-3.487488],[-40.88269,-3.495422],[-40.879395,-3.499084],[-40.876099,-3.501526],[-40.871277,-3.506409],[-40.869385,-3.508911],[-40.872009,-3.510986],[-40.875977,-3.512207],[-40.880493,-3.512878],[-40.885376,-3.516602],[-40.886292,-3.519409],[-40.876892,-3.53241],[-40.884888,-3.539124],[-40.889282,-3.544922],[-40.895813,-3.5495],[-40.89978,-3.549316],[-40.904297,-3.549988],[-40.90741,-3.551575],[-40.9104,-3.555908],[-40.912781,-3.560608],[-40.91571,-3.567627],[-40.922913,-3.573914],[-40.92688,-3.5755],[-40.930908,-3.578979],[-40.932617,-3.583923],[-40.936218,-3.586182],[-40.939392,-3.585876],[-40.946106,-3.589478],[-40.951721,-3.596313],[-40.953613,-3.600281],[-40.956299,-3.60321],[-40.960205,-3.604614],[-40.963989,-3.609314],[-40.968079,-3.61261],[-40.975586,-3.616211],[-40.984985,-3.621704],[-40.990112,-3.623291],[-40.998718,-3.623901],[-41.004395,-3.627686],[-41.006775,-3.630981],[-41.01001,-3.633179],[-41.011719,-3.636475],[-41.012085,-3.640076],[-41.009888,-3.642029],[-41.006104,-3.643494],[-41.007629,-3.646912],[-41.01239,-3.647278],[-41.016418,-3.646729],[-41.023987,-3.648315],[-41.025513,-3.653625],[-41.029297,-3.658325],[-41.035217,-3.661926],[-41.040283,-3.665405],[-41.045105,-3.6651],[-41.05011,-3.666016],[-41.052979,-3.669312],[-41.060913,-3.673889],[-41.065186,-3.677795],[-41.074402,-3.683289],[-41.080383,-3.690796],[-41.088623,-3.690308],[-41.091492,-3.692993],[-41.098999,-3.697327],[-41.109009,-3.699707],[-41.11261,-3.702209],[-41.1203,-3.711609],[-41.130188,-3.711304],[-41.132385,-3.704895],[-41.134888,-3.701904],[-41.14032,-3.700928],[-41.14679,-3.696228],[-41.151611,-3.69519],[-41.156616,-3.695312],[-41.164001,-3.699097],[-41.168884,-3.697327],[-41.171997,-3.697815],[-41.177612,-3.700806],[-41.189209,-3.703918],[-41.192383,-3.702698],[-41.194824,-3.697388],[-41.198975,-3.698486],[-41.204224,-3.701111],[-41.207825,-3.707886],[-41.211609,-3.709778],[-41.213501,-3.712097],[-41.216919,-3.714111],[-41.221802,-3.717896],[-41.225281,-3.713196],[-41.229797,-3.71283],[-41.239319,-3.712708],[-41.238098,-3.716675],[-41.238892,-3.720276],[-41.247192,-3.722107],[-41.25238,-3.723694],[-41.257385,-3.729919],[-41.258484,-3.732788],[-41.261292,-3.746216],[-41.261475,-3.751892],[-41.260498,-3.76239],[-41.254822,-3.770203],[-41.254028,-3.773804],[-41.262512,-3.788818],[-41.264709,-3.791504],[-41.270691,-3.796875],[-41.275513,-3.802307],[-41.280396,-3.805481],[-41.289795,-3.814819],[-41.294312,-3.818481],[-41.298706,-3.823181],[-41.299805,-3.826111],[-41.29541,-3.829712],[-41.29248,-3.825806],[-41.289307,-3.8255],[-41.287415,-3.822327],[-41.284729,-3.825378],[-41.281921,-3.826782],[-41.277893,-3.82489],[-41.275208,-3.8302],[-41.274414,-3.834778],[-41.271301,-3.837097],[-41.271301,-3.841919],[-41.268677,-3.845215],[-41.268005,-3.848328],[-41.270325,-3.85321],[-41.26709,-3.860718],[-41.260498,-3.864319],[-41.259216,-3.869507],[-41.25531,-3.872803],[-41.253479,-3.875916],[-41.247009,-3.883301],[-41.24469,-3.893311],[-41.2453,-3.897217]]]},"properties":{"shapeName":"Tianguá","shapeISO":"56859067B23050099272631","shapeGroup":"BRA","shapeType":"ADM2","src_shape_id":"56859067B23050099272631","adm1ISO":"BR-CE"}},
{"type":"Feature","geometry":{"type":"Polygon","coordinates":[[[-39.455811,-3.208618],[-39.460327,-3.205322],[-39.465698,-3.204102],[-39.471619,-3.199829],[-39.476013,-3.197693],[-39.47998,-3.19928],[-39.481384,-3.202087],[-39.484619,-3.204529],[-39.484985,-3.200623],[-39.489197,-3.200378],[-39.491394,-3.202698],[-39.495117,-3.2005],[-39.49939,-3.199707],[-39.503784,-3.200317],[-39.505615,-3.203308],[-39.509094,-3.202576],[-39.508789,-3.209412],[-39.510498,-3.213806],[-39.510193,-3.21759],[-39.506409,-3.220093],[-39.506287,-3.225098],[-39.50769,-3.227783],[-39.507507,-3.231384],[-39.504395,-3.23761],[-39.504578,-3.241211],[-39.506409,-3.24469],[-39.509277,-3.247498],[-39.514221,-3.254517],[-39.517029,-3.263916],[-39.521179,-3.271301],[-39.521118,-3.27478],[-39.518005,-3.277588],[-39.516296,-3.280029],[-39.513489,-3.285583],[-39.512024,-3.28949],[-39.509094,-3.291199],[-39.505981,-3.291809],[-39.504822,-3.296082],[-39.506775,-3.300476],[-39.51001,-3.303284],[-39.51001,-3.307129],[-39.511597,-3.314087],[-39.509827,-3.317627],[-39.502808,-3.322327],[-39.501892,-3.326111],[-39.501709,-3.330811],[-39.503296,-3.335083],[-39.503418,-3.338501],[-39.504395,-3.342712],[-39.503113,-3.346985],[-39.503479,-3.350403],[-39.502319,-3.353394],[-39.498718,-3.353699],[-39.495728,-3.35498],[-39.493591,-3.357788],[-39.49292,-3.361511],[-39.494812,-3.368713],[-39.491699,-3.371216],[-39.491028,-3.374329],[-39.486206,-3.380981],[-39.484375,-3.386108],[-39.481506,-3.391113],[-39.479614,-3.395691],[-39.472595,-3.399292],[-39.470215,-3.401611],[-39.466614,-3.402405],[-39.463379,-3.401428],[-39.45752,-3.40332],[-39.452209,-3.406921],[-39.448608,-3.408691],[-39.445923,-3.411011],[-39.443481,-3.414185],[-39.437805,-3.417175],[-39.434692,-3.420288],[-39.430908,-3.431396],[-39.39502,-3.456726],[-39.375793,-3.470093],[-39.348694,-3.489197],[-39.331726,-3.501587],[-39.333008,-3.50531],[-39.336609,-3.512878],[-39.333923,-3.516418],[-39.336609,-3.519592],[-39.336914,-3.52301],[-39.334717,-3.525696],[-39.33551,-3.528625],[-39.34021,-3.530396],[-39.342529,-3.538391],[-39.344177,-3.541016],[-39.352295,-3.547913],[-39.360413,-3.546875],[-39.363281,-3.548279],[-39.363281,-3.552612],[-39.362305,-3.556396],[-39.362976,-3.559326],[-39.364929,-3.562012],[-39.365784,-3.56488],[-39.367676,-3.567505],[-39.373596,-3.574097],[-39.372925,-3.578125],[-39.369019,-3.579224],[-39.363403,-3.580078],[-39.359497,-3.578003],[-39.355713,-3.577087],[-39.348694,-3.572998],[-39.344482,-3.574585],[-39.340088,-3.575378],[-39.333008,-3.577209],[-39.324585,-3.577515],[-39.318298,-3.579224],[-39.31488,-3.580994],[-39.315308,-3.576782],[-39.313721,-3.57251],[-39.30658,-3.56488],[-39.312012,-3.558411],[-39.309082,-3.55188],[-39.309875,-3.546387],[-39.308228,-3.54071],[-39.309875,-3.537476],[-39.309204,-3.529114],[-39.303711,-3.533813],[-39.297913,-3.533691],[-39.293701,-3.531494],[-39.291809,-3.528809],[-39.286804,-3.524597],[-39.285889,-3.519897],[-39.284302,-3.514587],[-39.284607,-3.507019],[-39.283386,-3.502319],[-39.280579,-3.500183],[-39.277405,-3.499023],[-39.270203,-3.494812],[-39.262878,-3.491211],[-39.263794,-3.482483],[-39.257996,-3.471497],[-39.257507,-3.456299],[-39.253113,-3.447876],[-39.255798,-3.439087],[-39.25531,-3.434509],[-39.253601,-3.42749],[-39.253784,-3.419312],[-39.250305,-3.411926],[-39.25061,-3.404785],[-39.252319,-3.401917],[-39.253479,-3.396606],[-39.263,-3.38501],[-39.263428,-3.380981],[-39.260925,-3.377319],[-39.255127,-3.376282],[-39.252075,-3.373596],[-39.250488,-3.369812],[-39.253601,-3.364075],[-39.255188,-3.359985],[-39.247986,-3.359375],[-39.24469,-3.358582],[-39.240417,-3.359314],[-39.235229,-3.358521],[-39.230896,-3.357178],[-39.221008,-3.35199],[-39.214417,-3.350098],[-39.210815,-3.351318],[-39.208496,-3.354614],[-39.204407,-3.356079],[-39.195129,-3.349609],[-39.194824,-3.345703],[-39.193298,-3.342529],[-39.190613,-3.341309],[-39.185303,-3.341309],[-39.181396,-3.3396],[-39.177979,-3.332886],[-39.175293,-3.329285],[-39.168518,-3.328308],[-39.165588,-3.325989],[-39.17749,-3.309204],[-39.185486,-3.295227],[-39.187683,-3.29071],[-39.192017,-3.28418],[-39.194519,-3.282227],[-39.198792,-3.275513],[-39.207581,-3.265015],[-39.209412,-3.261902],[-39.21283,-3.257996],[-39.22168,-3.247192],[-39.22699,-3.241516],[-39.229614,-3.239197],[-39.237305,-3.235718],[-39.240906,-3.23291],[-39.251099,-3.2229],[-39.254395,-3.220886],[-39.260681,-3.218018],[-39.263977,-3.217712],[-39.268799,-3.218323],[-39.272888,-3.219788],[-39.276489,-3.219788],[-39.284485,-3.216919],[-39.292603,-3.215088],[-39.296997,-3.212708],[-39.300476,-3.210083],[-39.305908,-3.206909],[-39.309082,-3.206909],[-39.312988,-3.205811],[-39.318298,-3.202515],[-39.322205,-3.200684],[-39.3302,-3.19519],[-39.335388,-3.190002],[-39.338501,-3.185608],[-39.340698,-3.18158],[-39.345276,-3.177795],[-39.349182,-3.176575],[-39.352112,-3.174805],[-39.356323,-3.173584],[-39.364685,-3.173279],[-39.371887,-3.178284],[-39.378479,-3.180298],[-39.378906,-3.183716],[-39.380798,-3.186096],[-39.384705,-3.185913],[-39.387817,-3.184387],[-39.392029,-3.184387],[-39.39502,-3.185913],[-39.398987,-3.185913],[-39.40271,-3.189575],[-39.405823,-3.185486],[-39.408203,-3.189209],[-39.408813,-3.19281],[-39.406189,-3.199524],[-39.410217,-3.206482],[-39.413696,-3.203613],[-39.41803,-3.200928],[-39.422729,-3.200806],[-39.427429,-3.202881],[-39.430298,-3.206421],[-39.434082,-3.207092],[-39.437683,-3.206482],[-39.440613,-3.206726],[-39.445312,-3.204285],[-39.448608,-3.204529],[-39.448975,-3.208313],[-39.452576,-3.210815],[-39.455811,-3.208618]],[[-39.484619,-3.204529],[-39.481689,-3.208313],[-39.486389,-3.209412],[-39.48761,-3.206177],[-39.484619,-3.204529]],[[-39.455811,-3.208618],[-39.458313,-3.211914],[-39.460876,-3.21051],[-39.455811,-3.208618]]]},"properties":{"shapeName":"Trairi","shapeISO":"56859067B38979206613098","shapeGroup":"BRA","shapeType":"ADM2","src_shape_id":"56859067B38979206613098","adm1ISO":"BR-CE"}},
{"type":"Feature","geometry":{"type":"Polygon","coordinates":[[[-39.50293,-3.575317],[-39.502991,-3.578491],[-39.501404,-3.582092],[-39.498108,-3.592407],[-39.491394,-3.602112],[-39.472595,-3.608704],[-39.454224,-3.614929],[-39.42041,-3.626221],[-39.429199,-3.63031],[-39.455078,-3.644409],[-39.455383,-3.648926],[-39.454224,-3.653198],[-39.450989,-3.657104],[-39.426208,-3.655823],[-39.385193,-3.659485],[-39.35498,-3.660889],[-39.359375,-3.654419],[-39.359619,-3.649475],[-39.361511,-3.645325],[-39.374695,-3.635986],[-39.377502,-3.633179],[-39.379578,-3.6297],[-39.380981,-3.626099],[-39.380493,-3.620911],[-39.380798,-3.616882],[-39.382324,-3.614319],[-39.385986,-3.613403],[-39.389709,-3.608276],[-39.378296,-3.585999],[-39.372925,-3.578125],[-39.373596,-3.574097],[-39.367676,-3.567505],[-39.365784,-3.56488],[-39.364929,-3.562012],[-39.362976,-3.559326],[-39.362305,-3.556396],[-39.363281,-3.552612],[-39.363281,-3.548279],[-39.360413,-3.546875],[-39.352295,-3.547913],[-39.344177,-3.541016],[-39.342529,-3.538391],[-39.34021,-3.530396],[-39.33551,-3.528625],[-39.334717,-3.525696],[-39.336914,-3.52301],[-39.336609,-3.519592],[-39.333923,-3.516418],[-39.336609,-3.512878],[-39.333008,-3.50531],[-39.331726,-3.501587],[-39.348694,-3.489197],[-39.375793,-3.470093],[-39.39502,-3.456726],[-39.430908,-3.431396],[-39.434692,-3.420288],[-39.437805,-3.417175],[-39.443481,-3.414185],[-39.445923,-3.411011],[-39.448608,-3.408691],[-39.452209,-3.406921],[-39.45752,-3.40332],[-39.463379,-3.401428],[-39.466614,-3.402405],[-39.465515,-3.407715],[-39.463379,-3.410217],[-39.463318,-3.413513],[-39.460388,-3.415894],[-39.458313,-3.419128],[-39.456421,-3.427185],[-39.455017,-3.430603],[-39.451477,-3.435303],[-39.450012,-3.443909],[-39.446289,-3.446594],[-39.443298,-3.447021],[-39.439209,-3.448608],[-39.438721,-3.451782],[-39.436096,-3.453796],[-39.434326,-3.456299],[-39.433411,-3.460022],[-39.427429,-3.470825],[-39.427429,-3.476196],[-39.433411,-3.479919],[-39.434692,-3.483582],[-39.432129,-3.486877],[-39.431885,-3.490417],[-39.429993,-3.494202],[-39.426208,-3.495789],[-39.423584,-3.500122],[-39.418701,-3.501709],[-39.417419,-3.504517],[-39.417908,-3.507507],[-39.416321,-3.511292],[-39.41571,-3.516113],[-39.413513,-3.52002],[-39.412476,-3.523193],[-39.412781,-3.526794],[-39.410706,-3.529724],[-39.40979,-3.532776],[-39.407288,-3.534607],[-39.405212,-3.537476],[-39.401978,-3.546814],[-39.402588,-3.550476],[-39.405884,-3.551697],[-39.413513,-3.552185],[-39.416809,-3.554199],[-39.426514,-3.5625],[-39.432312,-3.565918],[-39.432617,-3.570129],[-39.436218,-3.575928],[-39.439209,-3.578613],[-39.447693,-3.582092],[-39.451599,-3.583008],[-39.455505,-3.585327],[-39.470398,-3.582581],[-39.478088,-3.582214],[-39.482605,-3.5802],[-39.487122,-3.580505],[-39.490112,-3.582092],[-39.493286,-3.581604],[-39.499329,-3.578125],[-39.50293,-3.575317]]]},"properties":{"shapeName":"Tururu","shapeISO":"56859067B74610593529944","shapeGroup":"BRA","shapeType":"ADM2","src_shape_id":"56859067B74610593529944","adm1ISO":"BR-CE"}},
{"type":"Feature","geometry":{"type":"Polygon","coordinates":[[[-41.2276,-3.967896],[-41.221924,-3.969421],[-41.216919,-3.972778],[-41.211792,-3.972412],[-41.204224,-3.968079],[-41.19989,-3.964294],[-41.195312,-3.961914],[-41.189392,-3.959717],[-41.182617,-3.954895],[-41.17749,-3.95282],[-41.168091,-3.945496],[-41.163513,-3.943726],[-41.159912,-3.943909],[-41.151917,-3.947021],[-41.146606,-3.94458],[-41.143494,-3.942505],[-41.133606,-3.942017],[-41.130493,-3.940186],[-41.12561,-3.934082],[-41.124695,-3.930298],[-41.122192,-3.928223],[-41.119385,-3.927612],[-41.114502,-3.930481],[-41.108215,-3.931885],[-41.06781,-3.919922],[-40.97699,-3.892822],[-40.973389,-3.89209],[-40.970703,-3.893494],[-40.967102,-3.893188],[-40.963989,-3.894287],[-40.962097,-3.896912],[-40.958984,-3.898376],[-40.956787,-3.900513],[-40.946777,-3.904602],[-40.94281,-3.906616],[-40.94043,-3.905029],[-40.932312,-3.906677],[-40.930115,-3.902893],[-40.925903,-3.898682],[-40.924316,-3.89563],[-40.919006,-3.889709],[-40.908875,-3.888794],[-40.894287,-3.888184],[-40.895996,-3.882385],[-40.896179,-3.877686],[-40.893921,-3.874695],[-40.893188,-3.870789],[-40.890381,-3.868408],[-40.887085,-3.868225],[-40.882812,-3.866028],[-40.878784,-3.865112],[-40.875793,-3.865784],[-40.873291,-3.867798],[-40.870911,-3.870117],[-40.857117,-3.867126],[-40.852112,-3.865601],[-40.848328,-3.863892],[-40.843994,-3.864319],[-40.840698,-3.86731],[-40.835022,-3.868225],[-40.829102,-3.866516],[-40.825317,-3.867798],[-40.820312,-3.861511],[-40.8172,-3.859497],[-40.814575,-3.856506],[-40.814514,-3.852417],[-40.812012,-3.850708],[-40.806213,-3.84552],[-40.798828,-3.846497],[-40.795715,-3.843689],[-40.796509,-3.84082],[-40.793518,-3.838318],[-40.789978,-3.836609],[-40.792786,-3.830322],[-40.791016,-3.826599],[-40.791504,-3.823425],[-40.786926,-3.820801],[-40.783691,-3.821899],[-40.78241,-3.81781],[-40.779724,-3.812012],[-40.77771,-3.809387],[-40.778015,-3.80542],[-40.776306,-3.801575],[-40.776428,-3.79541],[-40.780029,-3.793518],[-40.780884,-3.789612],[-40.780029,-3.785278],[-40.820312,-3.787781],[-40.843811,-3.788696],[-40.847595,-3.788025],[-40.851318,-3.786194],[-40.854614,-3.7854],[-40.860596,-3.785583],[-40.871094,-3.783508],[-40.875305,-3.784119],[-40.88031,-3.783508],[-40.884277,-3.783508],[-40.894226,-3.780518],[-40.900818,-3.778198],[-40.903503,-3.780884],[-40.905212,-3.784729],[-40.908325,-3.787415],[-40.911316,-3.788208],[-40.914978,-3.788025],[-40.921082,-3.786987],[-40.927612,-3.791016],[-40.931396,-3.794678],[-40.933777,-3.797913],[-40.941284,-3.80072],[-40.944885,-3.801575],[-40.951782,-3.804626],[-40.958313,-3.810425],[-40.961792,-3.815613],[-40.961792,-3.820007],[-40.96283,-3.825806],[-40.965698,-3.828796],[-40.967224,-3.832092],[-40.967285,-3.838379],[-40.973511,-3.841309],[-40.981812,-3.838989],[-40.986023,-3.839478],[-40.989685,-3.840881],[-40.993408,-3.841003],[-40.998718,-3.840515],[-41.002625,-3.840698],[-41.006104,-3.840027],[-41.010681,-3.842407],[-41.014709,-3.842712],[-41.017822,-3.843811],[-41.022278,-3.844299],[-41.026306,-3.845886],[-41.030518,-3.846191],[-41.03302,-3.848328],[-41.036621,-3.848877],[-41.050476,-3.842102],[-41.057312,-3.839783],[-41.066101,-3.841125],[-41.075684,-3.838013],[-41.085083,-3.838501],[-41.089478,-3.84021],[-41.09491,-3.842896],[-41.098999,-3.844116],[-41.109619,-3.844788],[-41.112488,-3.845276],[-41.115295,-3.844727],[-41.127625,-3.843628],[-41.132324,-3.844727],[-41.143799,-3.856018],[-41.151794,-3.864197],[-41.1604,-3.871704],[-41.163208,-3.87323],[-41.173828,-3.874817],[-41.177979,-3.875916],[-41.18158,-3.887512],[-41.184082,-3.891785],[-41.189575,-3.890015],[-41.195007,-3.895203],[-41.199402,-3.896301],[-41.204895,-3.899292],[-41.210999,-3.899719],[-41.215576,-3.899109],[-41.219177,-3.900085],[-41.232178,-3.896729],[-41.235901,-3.895508],[-41.240723,-3.894897],[-41.2453,-3.897217],[-41.239014,-3.903503],[-41.235596,-3.905884],[-41.23291,-3.910522],[-41.229126,-3.911926],[-41.227722,-3.915588],[-41.220215,-3.941528],[-41.2276,-3.967896]]]},"properties":{"shapeName":"Ubajara","shapeISO":"56859067B8309642510802","shapeGroup":"BRA","shapeType":"ADM2","src_shape_id":"56859067B8309642510802","adm1ISO":"BR-CE"}},
{"type":"Feature","geometry":{"type":"Polygon","coordinates":[[[-38.673096,-6.707581],[-38.669983,-6.702576],[-38.672913,-6.700623],[-38.672607,-6.696289],[-38.669495,-6.692383],[-38.668091,-6.688599],[-38.665405,-6.684509],[-38.664612,-6.680603],[-38.661011,-6.679016],[-38.660706,-6.674194],[-38.655579,-6.672302],[-38.652405,-6.673218],[-38.64978,-6.669006],[-38.64679,-6.663208],[-38.645996,-6.660278],[-38.646912,-6.654175],[-38.648987,-6.6521],[-38.651794,-6.647827],[-38.653198,-6.643799],[-38.657104,-6.642212],[-38.656799,-6.636597],[-38.654175,-6.629822],[-38.649902,-6.627197],[-38.647888,-6.624023],[-38.645691,-6.615723],[-38.638794,-6.612793],[-38.63208,-6.60791],[-38.629089,-6.604492],[-38.629578,-6.598022],[-38.63269,-6.59021],[-38.635498,-6.58728],[-38.642883,-6.581604],[-38.640991,-6.578613],[-38.638611,-6.576721],[-38.63269,-6.568176],[-38.632202,-6.562012],[-38.627991,-6.560303],[-38.625488,-6.557129],[-38.626892,-6.553711],[-38.621887,-6.549011],[-38.617126,-6.541809],[-38.612183,-6.538208],[-38.609497,-6.532227],[-38.612915,-6.531311],[-38.616882,-6.532776],[-38.622009,-6.530884],[-38.62561,-6.531189],[-38.631897,-6.534119],[-38.63501,-6.534912],[-38.637207,-6.538391],[-38.640381,-6.538208],[-38.641418,-6.540894],[-38.64679,-6.542297],[-38.649414,-6.54541],[-38.653076,-6.547607],[-38.656128,-6.548096],[-38.658508,-6.546204],[-38.662109,-6.547791],[-38.665222,-6.551025],[-38.672302,-6.555481],[-38.67749,-6.56073],[-38.679199,-6.562988],[-38.682922,-6.56311],[-38.69043,-6.562012],[-38.694885,-6.56073],[-38.700378,-6.557007],[-38.719299,-6.563782],[-38.735229,-6.570312],[-38.735718,-6.574402],[-38.734497,-6.578308],[-38.736206,-6.581726],[-38.732788,-6.584412],[-38.734192,-6.587585],[-38.737305,-6.588501],[-38.7453,-6.589905],[-38.750916,-6.591797],[-38.755798,-6.596497],[-38.756714,-6.600403],[-38.759277,-6.602722],[-38.761414,-6.606201],[-38.765625,-6.606323],[-38.770691,-6.60791],[-38.774109,-6.612122],[-38.781921,-6.607788],[-38.783875,-6.605591],[-38.790894,-6.600586],[-38.796387,-6.598999],[-38.802307,-6.599121],[-38.812378,-6.597595],[-38.821899,-6.596924],[-38.830383,-6.593994],[-38.833313,-6.594727],[-38.836182,-6.598877],[-38.841125,-6.598083],[-38.846008,-6.598022],[-38.853882,-6.596497],[-38.860779,-6.588623],[-38.863892,-6.586914],[-38.873291,-6.583313],[-38.877075,-6.583313],[-38.87561,-6.586426],[-38.869324,-6.591492],[-38.871826,-6.596985],[-38.871826,-6.601807],[-38.87323,-6.607422],[-38.873413,-6.611816],[-38.850708,-6.647095],[-38.847595,-6.656189],[-38.84198,-6.667114],[-38.838623,-6.664612],[-38.835327,-6.665222],[-38.829712,-6.65918],[-38.821411,-6.658997],[-38.817993,-6.659424],[-38.814575,-6.658691],[-38.810913,-6.659607],[-38.80658,-6.658997],[-38.801575,-6.658875],[-38.799011,-6.661011],[-38.794312,-6.663513],[-38.791077,-6.66449],[-38.785095,-6.664795],[-38.779175,-6.667603],[-38.772217,-6.669678],[-38.76532,-6.672791],[-38.758911,-6.676086],[-38.752502,-6.6745],[-38.747803,-6.676697],[-38.744385,-6.67749],[-38.738708,-6.677979],[-38.731201,-6.683411],[-38.723511,-6.68811],[-38.716309,-6.691895],[-38.712097,-6.69342],[-38.703003,-6.697998],[-38.697327,-6.698975],[-38.689392,-6.702209],[-38.684998,-6.703613],[-38.679199,-6.701782],[-38.676208,-6.702515],[-38.673096,-6.707581]]]},"properties":{"shapeName":"Umari","shapeISO":"56859067B43612992911559","shapeGroup":"BRA","shapeType":"ADM2","src_shape_id":"56859067B43612992911559","adm1ISO":"BR-CE"}},
{"type":"Feature","geometry":{"type":"Polygon","coordinates":[[[-39.431519,-3.78418],[-39.424622,-3.786011],[-39.419128,-3.78302],[-39.415222,-3.783508],[-39.412109,-3.78241],[-39.405029,-3.779175],[-39.402527,-3.777588],[-39.399109,-3.776428],[-39.396912,-3.77301],[-39.397888,-3.769287],[-39.396484,-3.765686],[-39.392212,-3.764587],[-39.388794,-3.764709],[-39.381104,-3.763123],[-39.378113,-3.764709],[-39.374207,-3.767578],[-39.370911,-3.768127],[-39.367493,-3.7677],[-39.364807,-3.76532],[-39.363403,-3.762085],[-39.361816,-3.753418],[-39.3573,-3.745728],[-39.35498,-3.740295],[-39.351318,-3.737488],[-39.351013,-3.733276],[-39.347717,-3.734314],[-39.345703,-3.737183],[-39.34491,-3.740112],[-39.34259,-3.742126],[-39.339111,-3.744019],[-39.335022,-3.742676],[-39.330811,-3.740601],[-39.328308,-3.738708],[-39.324402,-3.733582],[-39.320312,-3.732117],[-39.316528,-3.733093],[-39.31012,-3.733582],[-39.303284,-3.736328],[-39.29541,-3.738281],[-39.287109,-3.738708],[-39.280029,-3.737122],[-39.2771,-3.736877],[-39.277222,-3.718811],[-39.278381,-3.676575],[-39.279785,-3.673889],[-39.283691,-3.674316],[-39.286011,-3.676208],[-39.289795,-3.676025],[-39.293213,-3.672791],[-39.297485,-3.671204],[-39.301208,-3.670593],[-39.304199,-3.668518],[-39.306091,-3.664917],[-39.311096,-3.620117],[-39.31488,-3.580994],[-39.318298,-3.579224],[-39.324585,-3.577515],[-39.333008,-3.577209],[-39.340088,-3.575378],[-39.344482,-3.574585],[-39.348694,-3.572998],[-39.355713,-3.577087],[-39.359497,-3.578003],[-39.363403,-3.580078],[-39.369019,-3.579224],[-39.372925,-3.578125],[-39.378296,-3.585999],[-39.389709,-3.608276],[-39.385986,-3.613403],[-39.382324,-3.614319],[-39.380798,-3.616882],[-39.380493,-3.620911],[-39.380981,-3.626099],[-39.379578,-3.6297],[-39.377502,-3.633179],[-39.374695,-3.635986],[-39.361511,-3.645325],[-39.359619,-3.649475],[-39.359375,-3.654419],[-39.35498,-3.660889],[-39.385193,-3.659485],[-39.426208,-3.655823],[-39.450989,-3.657104],[-39.454224,-3.653198],[-39.455383,-3.648926],[-39.455078,-3.644409],[-39.470581,-3.64978],[-39.514587,-3.669312],[-39.513123,-3.692322],[-39.510193,-3.695312],[-39.506226,-3.696777],[-39.505127,-3.701294],[-39.506226,-3.705322],[-39.502625,-3.707886],[-39.498901,-3.709412],[-39.497009,-3.712097],[-39.496826,-3.719177],[-39.494324,-3.722412],[-39.490601,-3.723206],[-39.483276,-3.723022],[-39.481506,-3.725525],[-39.478699,-3.727783],[-39.475708,-3.727722],[-39.472412,-3.726807],[-39.464111,-3.737],[-39.462585,-3.739502],[-39.456909,-3.743408],[-39.455078,-3.74762],[-39.443298,-3.745911],[-39.440613,-3.74823],[-39.43811,-3.752197],[-39.436096,-3.759216],[-39.433716,-3.762878],[-39.432617,-3.767029],[-39.435303,-3.772705],[-39.434021,-3.775879],[-39.430908,-3.780212],[-39.431519,-3.78418]]]},"properties":{"shapeName":"Umirim","shapeISO":"56859067B7919726635924","shapeGroup":"BRA","shapeType":"ADM2","src_shape_id":"56859067B7919726635924","adm1ISO":"BR-CE"}},
{"type":"Feature","geometry":{"type":"Polygon","coordinates":[[[-39.514587,-3.669312],[-39.470581,-3.64978],[-39.455078,-3.644409],[-39.429199,-3.63031],[-39.42041,-3.626221],[-39.454224,-3.614929],[-39.472595,-3.608704],[-39.491394,-3.602112],[-39.498108,-3.592407],[-39.501404,-3.582092],[-39.502991,-3.578491],[-39.50293,-3.575317],[-39.513184,-3.574585],[-39.545288,-3.57489],[-39.547485,-3.580383],[-39.562012,-3.594299],[-39.569824,-3.601501],[-39.596008,-3.626282],[-39.589722,-3.626282],[-39.581909,-3.628113],[-39.579102,-3.627319],[-39.575195,-3.627808],[-39.566528,-3.63031],[-39.559509,-3.637207],[-39.557312,-3.640625],[-39.557007,-3.643799],[-39.557312,-3.650513],[-39.554016,-3.65271],[-39.548584,-3.653198],[-39.543579,-3.654724],[-39.537292,-3.658081],[-39.532715,-3.657593],[-39.525513,-3.658691],[-39.5224,-3.655701],[-39.515625,-3.657776],[-39.514587,-3.669312]]]},"properties":{"shapeName":"Uruburetama","shapeISO":"56859067B57061783271983","shapeGroup":"BRA","shapeType":"ADM2","src_shape_id":"56859067B57061783271983","adm1ISO":"BR-CE"}},
{"type":"Feature","geometry":{"type":"Polygon","coordinates":[[[-40.850098,-3.417725],[-40.838623,-3.420776],[-40.835022,-3.42041],[-40.827087,-3.423523],[-40.821411,-3.423889],[-40.813782,-3.425415],[-40.809692,-3.424011],[-40.807007,-3.420715],[-40.800415,-3.418823],[-40.796387,-3.418701],[-40.791077,-3.419617],[-40.786377,-3.421509],[-40.781799,-3.421326],[-40.778381,-3.423523],[-40.771912,-3.422424],[-40.737915,-3.43689],[-40.737976,-3.433716],[-40.735718,-3.430115],[-40.727112,-3.427307],[-40.724182,-3.425476],[-40.721008,-3.422485],[-40.721375,-3.418518],[-40.71991,-3.412109],[-40.720276,-3.409119],[-40.72229,-3.406616],[-40.722412,-3.403076],[-40.720886,-3.398376],[-40.721497,-3.394714],[-40.722717,-3.391785],[-40.725708,-3.389709],[-40.726929,-3.386597],[-40.725281,-3.382996],[-40.72052,-3.384216],[-40.71698,-3.387817],[-40.713379,-3.390076],[-40.711426,-3.394775],[-40.707214,-3.397888],[-40.699829,-3.401123],[-40.695312,-3.400513],[-40.6922,-3.394775],[-40.690125,-3.392212],[-40.681213,-3.389587],[-40.678711,-3.386292],[-40.679199,-3.382996],[-40.678589,-3.378784],[-40.674011,-3.371216],[-40.670898,-3.368225],[-40.668579,-3.364014],[-40.664917,-3.361694],[-40.660889,-3.361328],[-40.657104,-3.361877],[-40.6521,-3.359619],[-40.648682,-3.360779],[-40.644897,-3.361084],[-40.640198,-3.360413],[-40.636292,-3.357727],[-40.632812,-3.35791],[-40.628906,-3.359802],[-40.623901,-3.360413],[-40.605591,-3.366577],[-40.603088,-3.3703],[-40.605225,-3.37323],[-40.610413,-3.377991],[-40.611816,-3.380676],[-40.614807,-3.381226],[-40.624512,-3.388794],[-40.62793,-3.392212],[-40.619812,-3.398315],[-40.616394,-3.405884],[-40.611389,-3.407715],[-40.608215,-3.409607],[-40.598022,-3.412415],[-40.594177,-3.410828],[-40.590088,-3.411987],[-40.587219,-3.411621],[-40.585083,-3.409607],[-40.574524,-3.411316],[-40.570129,-3.410889],[-40.566711,-3.408203],[-40.563782,-3.406616],[-40.559509,-3.406982],[-40.555725,-3.408691],[-40.544983,-3.409607],[-40.541626,-3.4104],[-40.545227,-3.392395],[-40.533997,-3.390076],[-40.52771,-3.387512],[-40.525208,-3.383301],[-40.52179,-3.378723],[-40.518677,-3.376587],[-40.515015,-3.374817],[-40.510803,-3.372009],[-40.50531,-3.367798],[-40.504028,-3.363708],[-40.504028,-3.358521],[-40.50293,-3.354126],[-40.501404,-3.350281],[-40.499084,-3.346375],[-40.496399,-3.343994],[-40.4953,-3.340515],[-40.493103,-3.336609],[-40.489624,-3.336182],[-40.486694,-3.333496],[-40.486694,-3.32959],[-40.485779,-3.320129],[-40.481689,-3.312683],[-40.479919,-3.306213],[-40.481628,-3.299011],[-40.484375,-3.295715],[-40.486084,-3.291077],[-40.485229,-3.286987],[-40.487427,-3.283203],[-40.487976,-3.277893],[-40.487305,-3.27301],[-40.485779,-3.269409],[-40.4823,-3.264221],[-40.482422,-3.261108],[-40.489319,-3.259827],[-40.492798,-3.259827],[-40.495178,-3.257996],[-40.498108,-3.25708],[-40.501221,-3.254517],[-40.506714,-3.25293],[-40.51001,-3.24939],[-40.513123,-3.247925],[-40.515808,-3.248901],[-40.518982,-3.243225],[-40.521912,-3.241211],[-40.52771,-3.23938],[-40.533386,-3.23938],[-40.539429,-3.243591],[-40.610413,-3.245789],[-40.669006,-3.24762],[-40.692383,-3.242493],[-40.727905,-3.233887],[-40.794312,-3.218018],[-40.833496,-3.209229],[-40.832214,-3.21283],[-40.836487,-3.217712],[-40.837891,-3.222595],[-40.838196,-3.226501],[-40.836487,-3.229492],[-40.832581,-3.230225],[-40.828308,-3.229797],[-40.826721,-3.233704],[-40.827698,-3.237],[-40.830627,-3.238708],[-40.837097,-3.238098],[-40.839111,-3.241394],[-40.835388,-3.243591],[-40.830078,-3.247803],[-40.828003,-3.250488],[-40.825195,-3.252197],[-40.822876,-3.255493],[-40.821411,-3.258728],[-40.828796,-3.257996],[-40.835815,-3.260498],[-40.838989,-3.262512],[-40.838013,-3.266479],[-40.830322,-3.269592],[-40.827026,-3.272888],[-40.823792,-3.273682],[-40.816711,-3.270813],[-40.8125,-3.271606],[-40.812927,-3.275208],[-40.815491,-3.278809],[-40.815918,-3.284302],[-40.81781,-3.287109],[-40.818604,-3.292603],[-40.821411,-3.296387],[-40.827026,-3.298523],[-40.8302,-3.299316],[-40.834412,-3.30481],[-40.838318,-3.307617],[-40.842712,-3.307983],[-40.846802,-3.30719],[-40.850708,-3.309082],[-40.852295,-3.311584],[-40.852295,-3.315613],[-40.849915,-3.319702],[-40.849487,-3.323425],[-40.849609,-3.330078],[-40.851929,-3.332581],[-40.852295,-3.335815],[-40.854492,-3.338623],[-40.856079,-3.342529],[-40.859619,-3.34552],[-40.86261,-3.346497],[-40.864502,-3.349976],[-40.868225,-3.351685],[-40.870911,-3.354187],[-40.87262,-3.357178],[-40.879028,-3.363586],[-40.877625,-3.3703],[-40.83783,-3.358887],[-40.836182,-3.361816],[-40.83313,-3.361694],[-40.829102,-3.367798],[-40.828308,-3.372009],[-40.830078,-3.375793],[-40.83429,-3.379211],[-40.836304,-3.381897],[-40.841309,-3.391113],[-40.843201,-3.395691],[-40.846008,-3.408508],[-40.850098,-3.417725]]]},"properties":{"shapeName":"Uruoca","shapeISO":"56859067B73687769922526","shapeGroup":"BRA","shapeType":"ADM2","src_shape_id":"56859067B73687769922526","adm1ISO":"BR-CE"}},
{"type":"Feature","geometry":{"type":"Polygon","coordinates":[[[-40.47229,-4.085815],[-40.532104,-4.098999],[-40.526611,-4.107422],[-40.524597,-4.112488],[-40.523987,-4.118286],[-40.522827,-4.122681],[-40.521118,-4.126221],[-40.515198,-4.132996],[-40.518311,-4.138123],[-40.516296,-4.143921],[-40.515503,-4.147522],[-40.5177,-4.154175],[-40.518127,-4.162903],[-40.518982,-4.165894],[-40.521301,-4.168213],[-40.529175,-4.169006],[-40.537109,-4.172913],[-40.541809,-4.171326],[-40.545776,-4.172485],[-40.562378,-4.182007],[-40.59491,-4.200989],[-40.59021,-4.200928],[-40.585693,-4.202209],[-40.579102,-4.207092],[-40.573792,-4.206787],[-40.566223,-4.205811],[-40.561584,-4.206726],[-40.555481,-4.211182],[-40.553528,-4.213501],[-40.55011,-4.215393],[-40.548279,-4.220581],[-40.546204,-4.228394],[-40.543091,-4.231384],[-40.53949,-4.236511],[-40.536316,-4.241882],[-40.531616,-4.247925],[-40.529785,-4.251404],[-40.526428,-4.2547],[-40.52301,-4.255981],[-40.519287,-4.256592],[-40.509399,-4.248413],[-40.505676,-4.246887],[-40.499207,-4.245422],[-40.491516,-4.245605],[-40.489319,-4.243408],[-40.485901,-4.235779],[-40.483093,-4.232178],[-40.478088,-4.227905],[-40.471985,-4.223206],[-40.46521,-4.218994],[-40.456909,-4.21521],[-40.453918,-4.212708],[-40.450989,-4.20929],[-40.448975,-4.206482],[-40.449097,-4.203308],[-40.448303,-4.199829],[-40.443481,-4.193909],[-40.443909,-4.185913],[-40.441284,-4.183716],[-40.441711,-4.179993],[-40.443298,-4.177307],[-40.443604,-4.174011],[-40.443115,-4.169983],[-40.445007,-4.164795],[-40.443115,-4.161621],[-40.438721,-4.159912],[-40.432617,-4.158081],[-40.430481,-4.154297],[-40.43042,-4.147827],[-40.429687,-4.143921],[-40.43219,-4.140381],[-40.435181,-4.139221],[-40.436096,-4.136108],[-40.434509,-4.127197],[-40.432983,-4.121399],[-40.433289,-4.113708],[-40.436279,-4.110291],[-40.436401,-4.105225],[-40.434998,-4.099182],[-40.432129,-4.091125],[-40.47229,-4.085815]]]},"properties":{"shapeName":"Varjota","shapeISO":"56859067B91642005756852","shapeGroup":"BRA","shapeType":"ADM2","src_shape_id":"56859067B91642005756852","adm1ISO":"BR-CE"}},
{"type":"Feature","geometry":{"type":"Polygon","coordinates":[[[-39.338379,-6.906006],[-39.329285,-6.902588],[-39.322388,-6.900391],[-39.266113,-6.881714],[-39.23761,-6.881714],[-39.229309,-6.881104],[-39.220886,-6.877625],[-39.216125,-6.876404],[-39.211487,-6.877075],[-39.207397,-6.876892],[-39.19928,-6.871399],[-39.195496,-6.866516],[-39.189575,-6.863708],[-39.185791,-6.863708],[-39.184509,-6.853577],[-39.18158,-6.827209],[-39.162109,-6.790283],[-39.1427,-6.753113],[-39.134827,-6.737183],[-39.133301,-6.733093],[-39.133179,-6.728821],[-39.128906,-6.724121],[-39.124329,-6.721313],[-39.10968,-6.71759],[-39.108276,-6.715088],[-39.110413,-6.712097],[-39.113708,-6.7099],[-39.116577,-6.710693],[-39.1203,-6.712708],[-39.129211,-6.71051],[-39.128906,-6.707092],[-39.13092,-6.697327],[-39.129822,-6.69281],[-39.131409,-6.689209],[-39.134277,-6.687622],[-39.133911,-6.684509],[-39.139221,-6.678528],[-39.142578,-6.676208],[-39.143677,-6.672485],[-39.148926,-6.672485],[-39.161011,-6.673828],[-39.168091,-6.673401],[-39.172729,-6.672791],[-39.174011,-6.670105],[-39.171692,-6.664185],[-39.173096,-6.659607],[-39.175476,-6.656189],[-39.174927,-6.653381],[-39.17511,-6.649475],[-39.174316,-6.64563],[-39.176697,-6.642517],[-39.182983,-6.641113],[-39.178101,-6.633118],[-39.173523,-6.623901],[-39.17511,-6.620422],[-39.180908,-6.617798],[-39.179321,-6.613586],[-39.191895,-6.612488],[-39.195129,-6.609802],[-39.203003,-6.609192],[-39.210327,-6.606995],[-39.212891,-6.601501],[-39.216309,-6.595886],[-39.220398,-6.595581],[-39.222107,-6.593201],[-39.220703,-6.589783],[-39.224426,-6.589417],[-39.22821,-6.586609],[-39.2323,-6.586609],[-39.236511,-6.588501],[-39.23761,-6.584412],[-39.241516,-6.582703],[-39.297607,-6.561218],[-39.294922,-6.566528],[-39.30011,-6.575012],[-39.304504,-6.577209],[-39.307129,-6.579407],[-39.308716,-6.583923],[-39.31189,-6.583923],[-39.3125,-6.587402],[-39.311829,-6.598389],[-39.310608,-6.605713],[-39.308228,-6.609497],[-39.30481,-6.609985],[-39.299316,-6.607483],[-39.295776,-6.60791],[-39.293518,-6.61322],[-39.290894,-6.61792],[-39.285583,-6.623413],[-39.282593,-6.62561],[-39.280212,-6.629517],[-39.28302,-6.633118],[-39.281006,-6.641113],[-39.280884,-6.644775],[-39.281799,-6.648682],[-39.284485,-6.650513],[-39.288391,-6.65448],[-39.289612,-6.65741],[-39.289429,-6.661011],[-39.290894,-6.665588],[-39.291077,-6.669495],[-39.290405,-6.673584],[-39.292297,-6.675903],[-39.297302,-6.679382],[-39.30542,-6.683411],[-39.307983,-6.685425],[-39.311829,-6.686279],[-39.315613,-6.684509],[-39.316528,-6.691101],[-39.318909,-6.692688],[-39.31842,-6.696777],[-39.318726,-6.702698],[-39.322021,-6.705994],[-39.331604,-6.71991],[-39.336304,-6.724792],[-39.3349,-6.727905],[-39.329529,-6.731201],[-39.328308,-6.734497],[-39.32489,-6.736694],[-39.318787,-6.737],[-39.31189,-6.739197],[-39.305908,-6.739807],[-39.302185,-6.739807],[-39.298828,-6.741211],[-39.297485,-6.744324],[-39.298828,-6.747192],[-39.301086,-6.754028],[-39.31311,-6.757996],[-39.320984,-6.765076],[-39.328796,-6.770508],[-39.331909,-6.770081],[-39.334595,-6.767578],[-39.340088,-6.765808],[-39.347412,-6.768982],[-39.35199,-6.770081],[-39.360291,-6.770325],[-39.361389,-6.76709],[-39.364197,-6.764099],[-39.367126,-6.762878],[-39.383118,-6.768982],[-39.386108,-6.765808],[-39.393005,-6.760925],[-39.398315,-6.75531],[-39.401917,-6.758911],[-39.405396,-6.766113],[-39.410828,-6.768921],[-39.416382,-6.77301],[-39.417603,-6.776428],[-39.417908,-6.779419],[-39.4198,-6.782898],[-39.425415,-6.785278],[-39.431396,-6.786621],[-39.435181,-6.788696],[-39.440979,-6.789978],[-39.445679,-6.788879],[-39.448425,-6.786682],[-39.450806,-6.779114],[-39.459229,-6.7771],[-39.462097,-6.778015],[-39.46521,-6.776184],[-39.46698,-6.772888],[-39.469604,-6.77002],[-39.476807,-6.758789],[-39.479187,-6.75592],[-39.481995,-6.757629],[-39.487122,-6.75293],[-39.492493,-6.751709],[-39.496094,-6.751709],[-39.499878,-6.754211],[-39.503113,-6.757629],[-39.506409,-6.766724],[-39.506592,-6.769897],[-39.51062,-6.776306],[-39.51178,-6.780579],[-39.511719,-6.784729],[-39.509705,-6.78772],[-39.509399,-6.792725],[-39.510986,-6.798706],[-39.513794,-6.804321],[-39.514221,-6.807312],[-39.515686,-6.810425],[-39.512512,-6.81311],[-39.50708,-6.818909],[-39.506287,-6.828308],[-39.504822,-6.832397],[-39.500793,-6.836304],[-39.500488,-6.839783],[-39.502319,-6.842712],[-39.494324,-6.846619],[-39.485718,-6.838928],[-39.482727,-6.841187],[-39.479492,-6.846191],[-39.478088,-6.851685],[-39.47821,-6.85498],[-39.476318,-6.857117],[-39.475708,-6.861328],[-39.473389,-6.864014],[-39.474609,-6.867798],[-39.47821,-6.868896],[-39.480225,-6.871704],[-39.485413,-6.876221],[-39.482483,-6.881775],[-39.478088,-6.884888],[-39.478088,-6.888184],[-39.479309,-6.8927],[-39.480713,-6.895508],[-39.483215,-6.897888],[-39.418701,-6.895081],[-39.394897,-6.922302],[-39.385986,-6.922424],[-39.382507,-6.921509],[-39.378723,-6.918396],[-39.374512,-6.915894],[-39.3703,-6.915588],[-39.366699,-6.916687],[-39.362305,-6.916016],[-39.357117,-6.91449],[-39.352112,-6.911194],[-39.348206,-6.909729],[-39.342529,-6.906311],[-39.338379,-6.906006]]]},"properties":{"shapeName":"Várzea Alegre","shapeISO":"56859067B27179773090009","shapeGroup":"BRA","shapeType":"ADM2","src_shape_id":"56859067B27179773090009","adm1ISO":"BR-CE"}},
{"type":"Feature","geometry":{"type":"Polygon","coordinates":[[[-41.367126,-3.561279],[-41.369507,-3.563904],[-41.371216,-3.56781],[-41.370911,-3.573608],[-41.367981,-3.578491],[-41.362,-3.583191],[-41.356323,-3.585327],[-41.348083,-3.586426],[-41.344299,-3.589478],[-41.331299,-3.624695],[-41.331421,-3.632202],[-41.334412,-3.648804],[-41.33728,-3.656006],[-41.338501,-3.663513],[-41.339905,-3.667297],[-41.3396,-3.671204],[-41.34021,-3.674316],[-41.343079,-3.676697],[-41.341675,-3.680786],[-41.334778,-3.683411],[-41.331787,-3.68573],[-41.327698,-3.686829],[-41.321594,-3.687195],[-41.30658,-3.68512],[-41.299805,-3.6875],[-41.29071,-3.689697],[-41.286804,-3.691528],[-41.28302,-3.696899],[-41.279297,-3.700684],[-41.271729,-3.703308],[-41.258179,-3.703491],[-41.25531,-3.703186],[-41.250183,-3.706604],[-41.246277,-3.710388],[-41.241699,-3.710876],[-41.239319,-3.712708],[-41.229797,-3.71283],[-41.225281,-3.713196],[-41.221802,-3.717896],[-41.216919,-3.714111],[-41.213501,-3.712097],[-41.211609,-3.709778],[-41.207825,-3.707886],[-41.204224,-3.701111],[-41.198975,-3.698486],[-41.194824,-3.697388],[-41.192383,-3.702698],[-41.189209,-3.703918],[-41.177612,-3.700806],[-41.171997,-3.697815],[-41.168884,-3.697327],[-41.164001,-3.699097],[-41.156616,-3.695312],[-41.151611,-3.69519],[-41.14679,-3.696228],[-41.14032,-3.700928],[-41.134888,-3.701904],[-41.132385,-3.704895],[-41.130188,-3.711304],[-41.1203,-3.711609],[-41.11261,-3.702209],[-41.109009,-3.699707],[-41.098999,-3.697327],[-41.091492,-3.692993],[-41.088623,-3.690308],[-41.080383,-3.690796],[-41.074402,-3.683289],[-41.065186,-3.677795],[-41.060913,-3.673889],[-41.052979,-3.669312],[-41.05011,-3.666016],[-41.045105,-3.6651],[-41.040283,-3.665405],[-41.035217,-3.661926],[-41.029297,-3.658325],[-41.025513,-3.653625],[-41.023987,-3.648315],[-41.016418,-3.646729],[-41.01239,-3.647278],[-41.007629,-3.646912],[-41.006104,-3.643494],[-41.009888,-3.642029],[-41.012085,-3.640076],[-41.011719,-3.636475],[-41.01001,-3.633179],[-41.006775,-3.630981],[-41.004395,-3.627686],[-40.998718,-3.623901],[-40.990112,-3.623291],[-40.984985,-3.621704],[-40.975586,-3.616211],[-40.968079,-3.61261],[-40.963989,-3.609314],[-40.960205,-3.604614],[-40.956299,-3.60321],[-40.953613,-3.600281],[-40.951721,-3.596313],[-40.946106,-3.589478],[-40.939392,-3.585876],[-40.936218,-3.586182],[-40.932617,-3.583923],[-40.930908,-3.578979],[-40.92688,-3.5755],[-40.922913,-3.573914],[-40.91571,-3.567627],[-40.912781,-3.560608],[-40.9104,-3.555908],[-40.90741,-3.551575],[-40.904297,-3.549988],[-40.89978,-3.549316],[-40.895813,-3.5495],[-40.889282,-3.544922],[-40.884888,-3.539124],[-40.876892,-3.53241],[-40.886292,-3.519409],[-40.92981,-3.484375],[-40.96051,-3.458679],[-40.982178,-3.440796],[-41.003479,-3.422913],[-41.023621,-3.409607],[-41.026611,-3.408691],[-41.051697,-3.401978],[-41.048889,-3.391479],[-41.057312,-3.387878],[-41.08783,-3.372009],[-41.0979,-3.369995],[-41.103027,-3.366882],[-41.106506,-3.366089],[-41.113098,-3.363525],[-41.115723,-3.361694],[-41.120483,-3.361816],[-41.124084,-3.359619],[-41.127197,-3.359009],[-41.130676,-3.359985],[-41.135925,-3.360718],[-41.141479,-3.359924],[-41.14801,-3.362976],[-41.159302,-3.326416],[-41.170105,-3.287903],[-41.173096,-3.3255],[-41.177307,-3.379089],[-41.194824,-3.398193],[-41.201111,-3.406677],[-41.203979,-3.409729],[-41.205688,-3.418884],[-41.207275,-3.422119],[-41.2099,-3.4245],[-41.213806,-3.422791],[-41.216797,-3.423706],[-41.219421,-3.421997],[-41.222717,-3.425598],[-41.227295,-3.426697],[-41.230591,-3.428894],[-41.232605,-3.431702],[-41.234009,-3.434875],[-41.226196,-3.436279],[-41.221619,-3.43811],[-41.223816,-3.441406],[-41.228027,-3.442993],[-41.228394,-3.445984],[-41.231323,-3.448608],[-41.234314,-3.448792],[-41.235413,-3.456421],[-41.238708,-3.458313],[-41.241699,-3.456421],[-41.245422,-3.457703],[-41.251526,-3.460876],[-41.252319,-3.466309],[-41.255676,-3.468628],[-41.258789,-3.471619],[-41.261108,-3.479309],[-41.267822,-3.479126],[-41.271179,-3.478577],[-41.273682,-3.481079],[-41.276611,-3.481812],[-41.28009,-3.480408],[-41.284302,-3.48053],[-41.28772,-3.479187],[-41.30011,-3.491394],[-41.304077,-3.492004],[-41.308594,-3.494507],[-41.311584,-3.495178],[-41.321411,-3.499084],[-41.323425,-3.50293],[-41.325806,-3.508911],[-41.326782,-3.519897],[-41.326416,-3.527283],[-41.327087,-3.530884],[-41.325623,-3.535278],[-41.327087,-3.538513],[-41.331177,-3.541382],[-41.331604,-3.546082],[-41.338013,-3.554199],[-41.343384,-3.554687],[-41.350098,-3.553894],[-41.356018,-3.557007],[-41.36438,-3.557983],[-41.367126,-3.561279]]]},"properties":{"shapeName":"Viçosa do Ceará","shapeISO":"56859067B42746778472785","shapeGroup":"BRA","shapeType":"ADM2","src_shape_id":"56859067B42746778472785","adm1ISO":"BR-CE"}},
{"type":"Feature","geometry":{"type":"Polygon","coordinates":[[[-38.40448,-6.057129],[-38.411499,-6.058411],[-38.416809,-6.062378],[-38.424194,-6.066589],[-38.426575,-6.068909],[-38.428101,-6.072205],[-38.433777,-6.078308],[-38.437378,-6.078491],[-38.43988,-6.081604],[-38.443481,-6.084717],[-38.446777,-6.085327],[-38.44458,-6.089905],[-38.44342,-6.094482],[-38.441406,-6.098022],[-38.445312,-6.102295],[-38.450623,-6.103088],[-38.452393,-6.106689],[-38.458313,-6.108398],[-38.461609,-6.111816],[-38.466003,-6.121399],[-38.446777,-6.140808],[-38.443115,-6.145325],[-38.424194,-6.16803],[-38.41449,-6.168213],[-38.413208,-6.176819],[-38.408813,-6.177307],[-38.406311,-6.17572],[-38.403503,-6.17511],[-38.400391,-6.173218],[-38.396912,-6.173828],[-38.394104,-6.170898],[-38.391113,-6.164795],[-38.388123,-6.163208],[-38.383789,-6.166321],[-38.380676,-6.166992],[-38.377625,-6.169495],[-38.374329,-6.167725],[-38.374207,-6.163879],[-38.371582,-6.158325],[-38.365906,-6.153809],[-38.361816,-6.14801],[-38.35968,-6.140381],[-38.356079,-6.134094],[-38.351685,-6.128479],[-38.349121,-6.124023],[-38.345276,-6.096985],[-38.345886,-6.089111],[-38.3396,-6.077576],[-38.341187,-6.07251],[-38.347229,-6.068298],[-38.34729,-6.080688],[-38.350403,-6.083191],[-38.354309,-6.083008],[-38.355225,-6.085876],[-38.361023,-6.085693],[-38.363098,-6.087585],[-38.366699,-6.087891],[-38.371887,-6.083801],[-38.374512,-6.080322],[-38.377502,-6.078308],[-38.3797,-6.072815],[-38.379028,-6.066284],[-38.384888,-6.06543],[-38.385376,-6.062378],[-38.383789,-6.059082],[-38.382385,-6.052612],[-38.386719,-6.054077],[-38.391296,-6.054077],[-38.39502,-6.05542],[-38.401917,-6.053589],[-38.40448,-6.057129]]]},"properties":{"shapeName":"Doutor Severiano","shapeISO":"56859067B85675628272151","shapeGroup":"BRA","shapeType":"ADM2","src_shape_id":"56859067B85675628272151","adm1ISO":"BR-CE"}},
{"type":"Feature","geometry":{"type":"Polygon","coordinates":[[[-38.3396,-6.077576],[-38.345886,-6.089111],[-38.345276,-6.096985],[-38.349121,-6.124023],[-38.353821,-6.14502],[-38.35553,-6.148499],[-38.36731,-6.163391],[-38.365112,-6.17218],[-38.357605,-6.201416],[-38.339905,-6.189575],[-38.309998,-6.17688],[-38.288513,-6.187927],[-38.278015,-6.180786],[-38.249084,-6.163818],[-38.249512,-6.135925],[-38.263977,-6.116211],[-38.266602,-6.112427],[-38.261902,-6.102295],[-38.261292,-6.07489],[-38.263916,-6.071289],[-38.266479,-6.072815],[-38.269592,-6.071594],[-38.273376,-6.068176],[-38.274719,-6.065186],[-38.276184,-6.069275],[-38.280823,-6.071411],[-38.2854,-6.070801],[-38.289795,-6.07251],[-38.292786,-6.076782],[-38.296204,-6.078125],[-38.300415,-6.080994],[-38.305298,-6.086792],[-38.315796,-6.081909],[-38.319275,-6.077209],[-38.327087,-6.078491],[-38.331604,-6.078308],[-38.336609,-6.080383],[-38.3396,-6.077576]]]},"properties":{"shapeName":"Encanto","shapeISO":"56859067B83972038647680","shapeGroup":"BRA","shapeType":"ADM2","src_shape_id":"56859067B83972038647680","adm1ISO":"BR-CE"}},
{"type":"Feature","geometry":{"type":"Polygon","coordinates":[[[-38.163208,-5.939514],[-38.157593,-5.938293],[-38.153015,-5.938904],[-38.149109,-5.938782],[-38.142578,-5.93988],[-38.138489,-5.93689],[-38.131592,-5.939514],[-38.12738,-5.940613],[-38.122314,-5.941284],[-38.121826,-5.945679],[-38.119995,-5.943298],[-38.115295,-5.941711],[-38.111511,-5.936096],[-38.107422,-5.932617],[-38.10199,-5.923279],[-38.098511,-5.92041],[-38.089905,-5.915222],[-38.080383,-5.910522],[-38.074097,-5.90918],[-38.060303,-5.903687],[-38.057312,-5.901794],[-38.051086,-5.896606],[-38.03949,-5.884399],[-38.004211,-5.856812],[-38.014221,-5.854614],[-38.045776,-5.783203],[-38.058594,-5.7547],[-38.059814,-5.758728],[-38.061523,-5.762024],[-38.065613,-5.765198],[-38.068115,-5.768494],[-38.073486,-5.777893],[-38.076111,-5.781006],[-38.087585,-5.79303],[-38.100403,-5.804504],[-38.111511,-5.818604],[-38.114685,-5.822998],[-38.116211,-5.830322],[-38.118713,-5.834106],[-38.116089,-5.843079],[-38.116211,-5.8479],[-38.120483,-5.858276],[-38.122498,-5.881714],[-38.124878,-5.887512],[-38.127075,-5.890808],[-38.139526,-5.899109],[-38.143005,-5.902283],[-38.144104,-5.905884],[-38.143921,-5.908875],[-38.144592,-5.913696],[-38.146729,-5.916199],[-38.159119,-5.9245],[-38.163879,-5.927612],[-38.165405,-5.932129],[-38.163208,-5.939514]]]},"properties":{"shapeName":"Rodolfo Fernandes","shapeISO":"56859067B55531963216971","shapeGroup":"BRA","shapeType":"ADM2","src_shape_id":"56859067B55531963216971","adm1ISO":"BR-CE"}},
{"type":"Feature","geometry":{"type":"Polygon","coordinates":[[[-37.446289,-4.88092],[-37.427185,-4.911499],[-37.423584,-4.909607],[-37.421387,-4.906982],[-37.41571,-4.90741],[-37.411621,-4.905823],[-37.4021,-4.909912],[-37.393188,-4.911682],[-37.375122,-4.909912],[-37.368408,-4.907898],[-37.36499,-4.90741],[-37.362122,-4.91571],[-37.358887,-4.920105],[-37.350891,-4.929199],[-37.346191,-4.934082],[-37.337402,-4.936584],[-37.332825,-4.939209],[-37.328918,-4.942017],[-37.323975,-4.943176],[-37.316223,-4.94281],[-37.312927,-4.943115],[-37.306885,-4.944397],[-37.291077,-4.940979],[-37.286316,-4.940979],[-37.270325,-4.945312],[-37.269104,-4.937988],[-37.269104,-4.934509],[-37.270813,-4.930908],[-37.270325,-4.927612],[-37.268677,-4.924316],[-37.269409,-4.917419],[-37.269104,-4.91272],[-37.266479,-4.910095],[-37.262512,-4.903809],[-37.234192,-4.892029],[-37.232178,-4.887512],[-37.221313,-4.881409],[-37.223511,-4.877686],[-37.231323,-4.866394],[-37.239197,-4.853821],[-37.244324,-4.84491],[-37.246826,-4.841003],[-37.251099,-4.833313],[-37.253296,-4.831299],[-37.258728,-4.832886],[-37.356812,-4.85791],[-37.446289,-4.88092]]]},"properties":{"shapeName":"Tibau","shapeISO":"56859067B59166838740608","shapeGroup":"BRA","shapeType":"ADM2","src_shape_id":"56859067B59166838740608","adm1ISO":"BR-CE"}},
{"type":"Feature","geometry":{"type":"Polygon","coordinates":[[[-38.25238,-6.010681],[-38.215393,-6.024109],[-38.195679,-6.040894],[-38.192017,-6.043091],[-38.188416,-6.035706],[-38.183105,-6.031616],[-38.183899,-6.026001],[-38.183777,-6.016785],[-38.180786,-6.014099],[-38.176819,-6.012878],[-38.172607,-6.014404],[-38.162781,-6.008789],[-38.1651,-6.005127],[-38.165588,-6.001526],[-38.16272,-5.997986],[-38.157776,-5.99469],[-38.156311,-5.990112],[-38.155579,-5.985901],[-38.151611,-5.983826],[-38.14801,-5.980713],[-38.148376,-5.976501],[-38.146179,-5.973206],[-38.136475,-5.971924],[-38.129822,-5.970215],[-38.127686,-5.968018],[-38.126892,-5.964722],[-38.122986,-5.959106],[-38.117981,-5.960999],[-38.114502,-5.959106],[-38.115112,-5.955078],[-38.117798,-5.953186],[-38.116028,-5.949585],[-38.118591,-5.947327],[-38.121826,-5.945679],[-38.122314,-5.941284],[-38.12738,-5.940613],[-38.131592,-5.939514],[-38.138489,-5.93689],[-38.142578,-5.93988],[-38.149109,-5.938782],[-38.153015,-5.938904],[-38.157593,-5.938293],[-38.163208,-5.939514],[-38.163513,-5.944702],[-38.171082,-5.949707],[-38.174622,-5.953003],[-38.17749,-5.953491],[-38.180786,-5.950806],[-38.183594,-5.950195],[-38.189575,-5.957275],[-38.192383,-5.959595],[-38.198486,-5.961426],[-38.202026,-5.962097],[-38.205994,-5.964294],[-38.208496,-5.966492],[-38.211792,-5.971313],[-38.214478,-5.974304],[-38.221375,-5.979309],[-38.22998,-5.986877],[-38.244812,-6.00061],[-38.24939,-6.00531],[-38.25238,-6.010681]]]},"properties":{"shapeName":"São Francisco do Oeste","shapeISO":"56859067B39459166800454","shapeGroup":"BRA","shapeType":"ADM2","src_shape_id":"56859067B39459166800454","adm1ISO":"BR-CE"}},
{"type":"Feature","geometry":{"type":"Polygon","coordinates":[[[-38.570618,-6.292175],[-38.542114,-6.286011],[-38.49231,-6.295288],[-38.481201,-6.304504],[-38.488098,-6.283081],[-38.481506,-6.252014],[-38.46991,-6.252686],[-38.46582,-6.243408],[-38.46228,-6.231384],[-38.456909,-6.22998],[-38.455078,-6.227295],[-38.450806,-6.224304],[-38.448486,-6.221802],[-38.434326,-6.232483],[-38.430115,-6.236023],[-38.417786,-6.218628],[-38.365112,-6.17218],[-38.36731,-6.163391],[-38.35553,-6.148499],[-38.353821,-6.14502],[-38.349121,-6.124023],[-38.351685,-6.128479],[-38.356079,-6.134094],[-38.35968,-6.140381],[-38.361816,-6.14801],[-38.365906,-6.153809],[-38.371582,-6.158325],[-38.374207,-6.163879],[-38.374329,-6.167725],[-38.377625,-6.169495],[-38.380676,-6.166992],[-38.383789,-6.166321],[-38.388123,-6.163208],[-38.391113,-6.164795],[-38.394104,-6.170898],[-38.396912,-6.173828],[-38.400391,-6.173218],[-38.403503,-6.17511],[-38.406311,-6.17572],[-38.408813,-6.177307],[-38.413208,-6.176819],[-38.41449,-6.168213],[-38.424194,-6.16803],[-38.443115,-6.145325],[-38.446777,-6.140808],[-38.466003,-6.121399],[-38.468384,-6.127197],[-38.46991,-6.1297],[-38.47052,-6.132812],[-38.472412,-6.13501],[-38.474304,-6.142212],[-38.475891,-6.145691],[-38.47229,-6.148682],[-38.473206,-6.152893],[-38.475403,-6.156982],[-38.478088,-6.159302],[-38.487,-6.1651],[-38.491028,-6.170227],[-38.492798,-6.174194],[-38.497375,-6.176392],[-38.50061,-6.179687],[-38.501892,-6.183777],[-38.502075,-6.191528],[-38.508911,-6.191589],[-38.512512,-6.192017],[-38.518494,-6.190796],[-38.521912,-6.1922],[-38.527222,-6.193298],[-38.525879,-6.19812],[-38.528076,-6.203003],[-38.52771,-6.20813],[-38.529114,-6.210693],[-38.529297,-6.213684],[-38.520996,-6.223816],[-38.523376,-6.22821],[-38.524719,-6.232788],[-38.528381,-6.238098],[-38.535706,-6.245422],[-38.538391,-6.246887],[-38.544983,-6.245483],[-38.548523,-6.25061],[-38.55011,-6.257324],[-38.553223,-6.259399],[-38.554626,-6.26239],[-38.559814,-6.26709],[-38.564209,-6.268311],[-38.569702,-6.271484],[-38.57251,-6.274109],[-38.575684,-6.278015],[-38.579102,-6.279602],[-38.576477,-6.28241],[-38.572205,-6.284119],[-38.570618,-6.292175]]]},"properties":{"shapeName":"São Miguel","shapeISO":"56859067B85156148538476","shapeGroup":"BRA","shapeType":"ADM2","src_shape_id":"56859067B85156148538476","adm1ISO":"BR-CE"}},
{"type":"Feature","geometry":{"type":"Polygon","coordinates":[[[-38.561523,-6.35498],[-38.552612,-6.354492],[-38.544983,-6.353088],[-38.548218,-6.35022],[-38.545227,-6.345581],[-38.538513,-6.344788],[-38.533508,-6.341797],[-38.52478,-6.345215],[-38.517212,-6.345886],[-38.514526,-6.3479],[-38.512085,-6.352112],[-38.505188,-6.356384],[-38.500977,-6.3526],[-38.494202,-6.344788],[-38.485596,-6.340576],[-38.475281,-6.333496],[-38.471191,-6.334229],[-38.466125,-6.331299],[-38.457581,-6.329529],[-38.456421,-6.325195],[-38.481201,-6.304504],[-38.49231,-6.295288],[-38.542114,-6.286011],[-38.570618,-6.292175],[-38.569885,-6.299988],[-38.566528,-6.302979],[-38.571411,-6.305908],[-38.575989,-6.309509],[-38.582092,-6.319275],[-38.580688,-6.325378],[-38.581482,-6.330994],[-38.579712,-6.335083],[-38.578918,-6.341492],[-38.577087,-6.347412],[-38.567993,-6.35022],[-38.563721,-6.352112],[-38.561523,-6.35498]]]},"properties":{"shapeName":"Venha-Ver","shapeISO":"56859067B44091941212152","shapeGroup":"BRA","shapeType":"ADM2","src_shape_id":"56859067B44091941212152","adm1ISO":"BR-CE"}},
{"type":"Feature","geometry":{"type":"Polygon","coordinates":[[[-38.671875,-6.848022],[-38.670776,-6.852722],[-38.668091,-6.856201],[-38.665283,-6.8573],[-38.662109,-6.856628],[-38.659485,-6.859009],[-38.658997,-6.86322],[-38.655701,-6.866821],[-38.652893,-6.872925],[-38.646912,-6.877625],[-38.643982,-6.873291],[-38.6427,-6.869019],[-38.640808,-6.864624],[-38.641907,-6.861023],[-38.641113,-6.857727],[-38.636292,-6.852112],[-38.631897,-6.851013],[-38.626221,-6.847229],[-38.625488,-6.842896],[-38.621521,-6.841675],[-38.617981,-6.841309],[-38.61438,-6.84021],[-38.616211,-6.835205],[-38.616089,-6.832092],[-38.611328,-6.827026],[-38.609802,-6.822693],[-38.606812,-6.820679],[-38.606079,-6.817017],[-38.603821,-6.81311],[-38.599609,-6.81311],[-38.593811,-6.809021],[-38.59021,-6.804382],[-38.585693,-6.803284],[-38.584229,-6.800598],[-38.581116,-6.80011],[-38.576782,-6.800415],[-38.571594,-6.798889],[-38.572083,-6.795105],[-38.574219,-6.792603],[-38.579224,-6.789307],[-38.589294,-6.786011],[-38.594604,-6.786011],[-38.598999,-6.786682],[-38.599915,-6.783813],[-38.603699,-6.781677],[-38.609497,-6.781799],[-38.613708,-6.783386],[-38.616516,-6.79071],[-38.618103,-6.793823],[-38.627625,-6.79071],[-38.634399,-6.791077],[-38.638428,-6.792725],[-38.637207,-6.798096],[-38.63562,-6.800476],[-38.635986,-6.803528],[-38.640015,-6.804993],[-38.643311,-6.80719],[-38.646484,-6.807983],[-38.648987,-6.810486],[-38.6521,-6.812012],[-38.658386,-6.818298],[-38.661377,-6.821899],[-38.668091,-6.828308],[-38.669006,-6.830994],[-38.67218,-6.836792],[-38.670227,-6.841309],[-38.669495,-6.844788],[-38.671875,-6.848022]]]},"properties":{"shapeName":"Bom Jesus","shapeISO":"56859067B58755230690339","shapeGroup":"BRA","shapeType":"ADM2","src_shape_id":"56859067B58755230690339","adm1ISO":"BR-CE"}},
{"type":"Feature","geometry":{"type":"Polygon","coordinates":[[[-38.764893,-6.993591],[-38.762085,-6.996216],[-38.758118,-6.998413],[-38.751404,-6.997009],[-38.747375,-7.001892],[-38.740723,-7.003784],[-38.736511,-7.006775],[-38.733276,-7.010376],[-38.730591,-7.011902],[-38.716187,-7.017212],[-38.712402,-7.018311],[-38.705811,-7.0224],[-38.702209,-7.024109],[-38.694885,-7.026917],[-38.691223,-7.030579],[-38.692688,-7.034912],[-38.690613,-7.039185],[-38.680298,-7.044006],[-38.673706,-7.046204],[-38.675293,-7.041809],[-38.674194,-7.038086],[-38.673523,-7.03302],[-38.671021,-7.029419],[-38.667114,-7.025696],[-38.665222,-7.022095],[-38.665283,-7.018616],[-38.666809,-7.015686],[-38.645386,-6.984375],[-38.645813,-6.970093],[-38.63501,-6.917725],[-38.639587,-6.900879],[-38.646912,-6.877625],[-38.652893,-6.872925],[-38.655701,-6.866821],[-38.658997,-6.86322],[-38.659485,-6.859009],[-38.662109,-6.856628],[-38.665283,-6.8573],[-38.668091,-6.856201],[-38.670776,-6.852722],[-38.671875,-6.848022],[-38.675903,-6.851379],[-38.677002,-6.855103],[-38.67511,-6.860901],[-38.679016,-6.86438],[-38.683594,-6.864502],[-38.687317,-6.866516],[-38.690613,-6.871399],[-38.694824,-6.874512],[-38.700378,-6.876587],[-38.703308,-6.876587],[-38.708313,-6.874512],[-38.714111,-6.876709],[-38.715881,-6.879211],[-38.713928,-6.882507],[-38.713684,-6.885681],[-38.721313,-6.88739],[-38.724792,-6.888611],[-38.729126,-6.887329],[-38.732422,-6.889709],[-38.729919,-6.89563],[-38.738525,-6.899109],[-38.742981,-6.899475],[-38.747925,-6.901978],[-38.751282,-6.901794],[-38.756287,-6.903503],[-38.758484,-6.905823],[-38.765686,-6.90979],[-38.759583,-6.914978],[-38.758789,-6.925293],[-38.762329,-6.926514],[-38.759277,-6.93042],[-38.755615,-6.938416],[-38.760925,-6.943115],[-38.764526,-6.945312],[-38.765381,-6.948608],[-38.763977,-6.952393],[-38.759705,-6.956421],[-38.756775,-6.958313],[-38.749329,-6.958801],[-38.746399,-6.961487],[-38.747925,-6.9646],[-38.747375,-6.967529],[-38.745911,-6.970398],[-38.74292,-6.97168],[-38.743408,-6.975586],[-38.746521,-6.979187],[-38.748901,-6.980713],[-38.751526,-6.988098],[-38.754822,-6.989624],[-38.760986,-6.98999],[-38.764893,-6.993591]]]},"properties":{"shapeName":"Cachoeira dos Índios","shapeISO":"56859067B57784829245035","shapeGroup":"BRA","shapeType":"ADM2","src_shape_id":"56859067B57784829245035","adm1ISO":"BR-CE"}}
]}