{"type":"FeatureCollection","bbox":[-94.043154,28.929714,-88.817022,33.019463], "features": [
{"type":"Feature","geometry":{"type":"Polygon","coordinates":[[[-91.176146,30.999149],[-91.182144,30.97446],[-91.195149,30.962911],[-91.194737,30.94555],[-91.186864,30.93655],[-91.208854,30.914822],[-91.207252,30.891962],[-91.21711,30.892951],[-91.222393,30.880768],[-91.219654,30.864544],[-91.229259,30.853394],[-91.224797,30.846963],[-91.232654,30.827889],[-91.234834,30.824706],[-91.230595,30.810488],[-91.242622,30.804617],[-91.23617,30.795099],[-91.248866,30.786435],[-91.267559,30.757343],[-91.276948,30.75838],[-91.286186,30.746666],[-91.286125,30.73453],[-91.29669,30.72545],[-91.293109,30.715577],[-91.320712,30.699423],[-91.305218,30.673388],[-91.310067,30.653967],[-91.297664,30.649554],[-91.288737,30.67791],[-91.270222,30.680935],[-91.264845,30.698683],[-91.254425,30.7053],[-91.053399,30.71219],[-90.849047,30.719317],[-90.839213,30.724551],[-90.850402,30.754332],[-90.841951,30.76548],[-90.844678,30.792892],[-90.834741,30.813183],[-90.848213,30.839681],[-90.840959,30.847246],[-90.858299,30.8589],[-90.857989,30.87315],[-90.856794,30.872349],[-90.845372,30.88858],[-90.862702,30.944252],[-90.845248,30.96253],[-90.844217,30.982711],[-90.825835,30.999366],[-90.894736,30.999636],[-91.042178,30.999032],[-91.060219,30.998959],[-91.108297,30.998886],[-91.176146,30.999149]]]},"properties":{"shapeName":"East Feliciana","shapeISO":"52423323B7824405482289","shapeGroup":"USA","shapeType":"ADM2","src_shape_id":"52423323B7824405482289","adm1ISO":"US-LA"}},
{"type":"Feature","geometry":{"type":"Polygon","coordinates":[[[-92.777203,32.453461],[-92.774768,32.317884],[-92.773179,32.23599],[-92.787504,32.214976],[-92.800969,32.210731],[-92.798822,32.181331],[-92.817155,32.161704],[-92.822197,32.1626],[-92.814743,32.146913],[-92.791569,32.146603],[-92.699597,32.146886],[-92.645955,32.146902],[-92.312224,32.146129],[-92.311857,32.277447],[-92.311835,32.320761],[-92.415424,32.407818],[-92.415356,32.495492],[-92.585358,32.496218],[-92.622341,32.496412],[-92.621684,32.453005],[-92.747257,32.453559],[-92.777203,32.453461]]]},"properties":{"shapeName":"Jackson","shapeISO":"52423323B48909389322021","shapeGroup":"USA","shapeType":"ADM2","src_shape_id":"52423323B48909389322021","adm1ISO":"US-LA"}},
{"type":"Feature","geometry":{"type":"Polygon","coordinates":[[[-90.963699,30.066455],[-90.959577,30.035599],[-90.959875,29.977929],[-90.926084,29.97823],[-90.925855,29.93496],[-90.886205,29.935649],[-90.885595,29.905358],[-90.785169,29.9075],[-90.785665,29.921597],[-90.777296,29.922034],[-90.747434,29.911942],[-90.728754,29.91059],[-90.71706,29.896563],[-90.690201,29.90487],[-90.680697,29.892593],[-90.656318,29.889251],[-90.665045,29.90742],[-90.666047,29.951509],[-90.674742,29.966023],[-90.666825,29.980889],[-90.675413,29.98725],[-90.671295,29.992608],[-90.688856,30.035958],[-90.672824,30.046057],[-90.661208,30.050784],[-90.670767,30.093991],[-90.653715,30.096261],[-90.642004,30.166435],[-90.707921,30.153493],[-90.869268,30.121718],[-90.915571,30.11329],[-90.914663,30.10884],[-90.935606,30.085704],[-90.963699,30.066455]]]},"properties":{"shapeName":"St. James","shapeISO":"52423323B72947560407101","shapeGroup":"USA","shapeType":"ADM2","src_shape_id":"52423323B72947560407101","adm1ISO":"US-LA"}},
{"type":"Feature","geometry":{"type":"Polygon","coordinates":[[[-90.259895,30.163415],[-90.326643,30.150193],[-90.34972,30.120256],[-90.407012,30.083114],[-90.450224,30.033111],[-90.467794,30.031714],[-90.475773,30.03591],[-90.538397,30.013406],[-90.549772,30.002436],[-90.549346,29.968057],[-90.532209,29.967943],[-90.529607,29.885002],[-90.51573,29.864732],[-90.498876,29.865065],[-90.47991,29.847382],[-90.476312,29.82488],[-90.47579,29.81292],[-90.468049,29.803479],[-90.429893,29.776392],[-90.405233,29.77434],[-90.371984,29.759244],[-90.370939,29.746197],[-90.3608,29.737059],[-90.361547,29.707455],[-90.35211,29.695517],[-90.346197,29.693307],[-90.228163,29.692033],[-90.202352,29.750674],[-90.16728,29.818465],[-90.173208,29.827529],[-90.240179,29.862122],[-90.243177,29.880709],[-90.267988,29.904893],[-90.279539,29.967976],[-90.280302,29.972623],[-90.279501,30.006802],[-90.279575,30.023524],[-90.279226,30.049123],[-90.27261,30.107805],[-90.259895,30.163415]]]},"properties":{"shapeName":"St. Charles","shapeISO":"52423323B77626952716253","shapeGroup":"USA","shapeType":"ADM2","src_shape_id":"52423323B77626952716253","adm1ISO":"US-LA"}},
{"type":"Feature","geometry":{"type":"Polygon","coordinates":[[[-92.212717,30.848613],[-92.211349,30.793118],[-92.206921,30.784756],[-92.172421,30.767941],[-92.172542,30.673876],[-92.193962,30.659338],[-92.211689,30.613187],[-92.21151,30.568135],[-92.262311,30.568157],[-92.262725,30.538743],[-92.359767,30.53875],[-92.415317,30.538628],[-92.449377,30.534199],[-92.45892,30.527935],[-92.464353,30.495323],[-92.493265,30.480504],[-92.413573,30.480066],[-92.264425,30.480199],[-92.244801,30.480198],[-92.244256,30.436683],[-92.17645,30.436857],[-92.176506,30.422696],[-92.176065,30.400476],[-92.175781,30.349577],[-92.15856,30.34245],[-92.158466,30.320811],[-92.141515,30.320769],[-92.14219,30.298822],[-92.089452,30.330171],[-92.083327,30.360604],[-92.061326,30.373203],[-92.049436,30.381312],[-92.042625,30.376501],[-92.031756,30.361215],[-92.015781,30.3714],[-91.988724,30.368603],[-91.981478,30.381697],[-91.97819,30.407408],[-91.965704,30.410372],[-91.937911,30.39504],[-91.936254,30.394974],[-91.932668,30.396852],[-91.930698,30.396557],[-91.869279,30.41724],[-91.812716,30.394265],[-91.764867,30.394429],[-91.678902,30.394736],[-91.694306,30.401753],[-91.722646,30.452331],[-91.736551,30.451494],[-91.756199,30.497743],[-91.732523,30.510101],[-91.756986,30.562556],[-91.751363,30.603703],[-91.741002,30.632544],[-91.746436,30.658788],[-91.734819,30.666703],[-91.733961,30.703412],[-91.757948,30.740996],[-91.756285,30.760141],[-91.768765,30.785395],[-91.807301,30.811075],[-91.798465,30.828997],[-91.815264,30.848113],[-92.028877,30.849503],[-92.124884,30.849948],[-92.212717,30.848613]]]},"properties":{"shapeName":"St. Landry","shapeISO":"52423323B7471592660560","shapeGroup":"USA","shapeType":"ADM2","src_shape_id":"52423323B7471592660560","adm1ISO":"US-LA"}},
{"type":"Feature","geometry":{"type":"Polygon","coordinates":[[[-92.814743,32.146913],[-92.939086,32.147948],[-92.931227,32.12249],[-92.912769,32.103426],[-92.90474,32.081441],[-92.911762,32.07711],[-92.895844,32.055013],[-92.898463,32.0449],[-92.888191,32.031208],[-92.88781,32.008635],[-92.900636,31.987952],[-92.883501,31.981148],[-92.88504,31.956569],[-92.87218,31.945862],[-92.884873,31.939239],[-92.894646,31.917165],[-92.892588,31.901452],[-92.901094,31.893915],[-92.906228,31.869401],[-92.898206,31.859421],[-92.908374,31.850757],[-92.950045,31.856059],[-92.938431,31.829416],[-92.948603,31.8189],[-92.941986,31.814979],[-92.952558,31.783694],[-92.966806,31.781305],[-92.968609,31.731012],[-92.976006,31.712986],[-92.973535,31.708928],[-92.892201,31.708914],[-92.667739,31.70951],[-92.619982,31.709578],[-92.619996,31.712496],[-92.61923,31.797155],[-92.579313,31.797016],[-92.362614,31.796639],[-92.358701,31.797683],[-92.361992,31.808326],[-92.348763,31.809407],[-92.336074,31.823113],[-92.34104,31.827329],[-92.329235,31.849421],[-92.337101,31.851619],[-92.321317,31.86514],[-92.324677,31.88631],[-92.312592,31.896186],[-92.312629,31.927388],[-92.312224,32.146129],[-92.645955,32.146902],[-92.699597,32.146886],[-92.791569,32.146603],[-92.814743,32.146913]]]},"properties":{"shapeName":"Winn","shapeISO":"52423323B15053613174821","shapeGroup":"USA","shapeType":"ADM2","src_shape_id":"52423323B15053613174821","adm1ISO":"US-LA"}},
{"type":"Feature","geometry":{"type":"Polygon","coordinates":[[[-92.312224,32.146129],[-92.312629,31.927388],[-92.00544,31.927302],[-91.904387,31.927567],[-91.904716,31.971539],[-91.889693,31.97148],[-91.902057,31.995811],[-91.894385,32.010557],[-91.902821,32.02545],[-91.898502,32.040199],[-91.90902,32.046216],[-91.922114,32.066303],[-91.933235,32.066888],[-91.911087,32.085046],[-91.900121,32.076147],[-91.898023,32.085571],[-91.868208,32.091561],[-91.874472,32.10407],[-91.869483,32.11536],[-91.875966,32.127265],[-91.894391,32.137993],[-91.894735,32.151556],[-91.900444,32.152704],[-91.894891,32.163586],[-91.910592,32.169066],[-91.932762,32.165242],[-91.954858,32.173564],[-91.979874,32.166154],[-91.975914,32.177186],[-91.982319,32.193298],[-91.975261,32.204296],[-92.000138,32.190399],[-92.006397,32.201634],[-91.977985,32.216181],[-91.984841,32.223095],[-91.998239,32.211538],[-91.992595,32.227099],[-92.005408,32.228915],[-91.992138,32.263756],[-91.993373,32.276801],[-92.034403,32.277074],[-92.106391,32.276638],[-92.106121,32.258558],[-92.152634,32.258651],[-92.16475,32.276703],[-92.311857,32.277447],[-92.312224,32.146129]]]},"properties":{"shapeName":"Caldwell","shapeISO":"52423323B84817986944382","shapeGroup":"USA","shapeType":"ADM2","src_shape_id":"52423323B84817986944382","adm1ISO":"US-LA"}},
{"type":"Feature","geometry":{"type":"Polygon","coordinates":[[[-92.973535,31.708928],[-92.959864,31.7013],[-92.963788,31.6799],[-92.929438,31.677872],[-92.92468,31.665947],[-92.902807,31.659516],[-92.906327,31.623634],[-92.87144,31.61767],[-92.840953,31.601239],[-92.801422,31.597018],[-92.787375,31.578667],[-92.757058,31.558844],[-92.761316,31.547394],[-92.716714,31.522007],[-92.718989,31.5176],[-92.701956,31.494386],[-92.688002,31.500953],[-92.684175,31.492783],[-92.698731,31.491887],[-92.693153,31.47128],[-92.706954,31.470479],[-92.706239,31.450689],[-92.680161,31.444091],[-92.694428,31.428168],[-92.677612,31.414744],[-92.694518,31.400972],[-92.679153,31.396149],[-92.669666,31.404106],[-92.658652,31.388084],[-92.63195,31.390484],[-92.450307,31.428573],[-92.447488,31.429228],[-92.303439,31.458683],[-92.242268,31.468789],[-92.196137,31.477883],[-92.212739,31.481651],[-92.213975,31.491585],[-92.248276,31.484486],[-92.239467,31.501233],[-92.249061,31.505929],[-92.266208,31.492797],[-92.277621,31.496242],[-92.275094,31.536093],[-92.286902,31.53659],[-92.304574,31.553163],[-92.298715,31.563254],[-92.310237,31.573241],[-92.320086,31.571736],[-92.306861,31.589526],[-92.342976,31.59583],[-92.384447,31.620443],[-92.367761,31.625906],[-92.346766,31.628583],[-92.360592,31.642919],[-92.365734,31.672289],[-92.350151,31.680742],[-92.347745,31.69659],[-92.372482,31.701525],[-92.368376,31.72303],[-92.360489,31.721468],[-92.350715,31.738533],[-92.358278,31.742732],[-92.34493,31.754901],[-92.35298,31.780401],[-92.361293,31.781366],[-92.362614,31.796639],[-92.579313,31.797016],[-92.61923,31.797155],[-92.619996,31.712496],[-92.619982,31.709578],[-92.667739,31.70951],[-92.892201,31.708914],[-92.973535,31.708928]]]},"properties":{"shapeName":"Grant","shapeISO":"52423323B37806009634223","shapeGroup":"USA","shapeType":"ADM2","src_shape_id":"52423323B37806009634223","adm1ISO":"US-LA"}},
{"type":"Feature","geometry":{"type":"Polygon","coordinates":[[[-94.042893,32.881094],[-94.042792,32.871492],[-94.043033,32.797482],[-94.042754,32.786979],[-94.043034,32.776869],[-94.042954,32.767997],[-94.043154,32.693037],[-94.042787,32.643472],[-94.04309,32.564267],[-94.043149,32.559508],[-94.043088,32.513619],[-94.042892,32.505151],[-94.043096,32.486567],[-94.04291,32.470392],[-94.042993,32.435513],[-94.042908,32.392289],[-94.042746,32.363565],[-94.04274,32.269702],[-94.042627,32.196011],[-93.989935,32.195577],[-93.951092,32.195551],[-93.920046,32.216228],[-93.897253,32.226765],[-93.860334,32.253679],[-93.856605,32.281069],[-93.847715,32.292411],[-93.80774,32.313531],[-93.807105,32.327757],[-93.79133,32.340203],[-93.755561,32.343789],[-93.751517,32.339827],[-93.714313,32.316195],[-93.686841,32.316753],[-93.666479,32.31745],[-93.650972,32.306503],[-93.614321,32.269751],[-93.614697,32.237532],[-93.471256,32.237192],[-93.461878,32.249488],[-93.486057,32.257191],[-93.48035,32.242079],[-93.490227,32.243591],[-93.492211,32.265588],[-93.52481,32.274009],[-93.514414,32.297093],[-93.538493,32.294987],[-93.528172,32.313218],[-93.538869,32.318386],[-93.545016,32.30646],[-93.552661,32.320568],[-93.544737,32.32748],[-93.56312,32.332988],[-93.582409,32.328522],[-93.588461,32.34894],[-93.615137,32.348338],[-93.622255,32.354016],[-93.60826,32.370252],[-93.625623,32.361921],[-93.628887,32.399744],[-93.650697,32.378203],[-93.635748,32.395936],[-93.648108,32.402693],[-93.667976,32.40408],[-93.66335,32.387825],[-93.685576,32.395504],[-93.686682,32.407054],[-93.660343,32.416416],[-93.683416,32.417471],[-93.691784,32.4228],[-93.680031,32.433571],[-93.673369,32.420898],[-93.661403,32.42763],[-93.674056,32.440682],[-93.691643,32.448929],[-93.683716,32.458814],[-93.701465,32.481641],[-93.697439,32.493933],[-93.718392,32.488378],[-93.70505,32.497357],[-93.738337,32.512587],[-93.767584,32.541477],[-93.756213,32.537043],[-93.741688,32.556641],[-93.75327,32.556205],[-93.754361,32.565076],[-93.736617,32.579851],[-93.739481,32.590779],[-93.756953,32.587531],[-93.769114,32.595675],[-93.743552,32.60285],[-93.759978,32.606113],[-93.751522,32.620864],[-93.761318,32.641897],[-93.781825,32.639069],[-93.781255,32.648859],[-93.765859,32.652702],[-93.774935,32.674148],[-93.78678,32.668869],[-93.782118,32.712218],[-93.787136,32.724647],[-93.802569,32.726166],[-93.819098,32.710875],[-93.826275,32.716599],[-93.819176,32.736008],[-93.791118,32.759279],[-93.78324,32.784366],[-93.787297,32.794319],[-93.803237,32.797084],[-93.816838,32.782339],[-93.82426,32.792457],[-93.816956,32.801175],[-93.798498,32.807586],[-93.789605,32.822032],[-93.785188,32.857359],[-93.79956,32.846886],[-93.814754,32.851599],[-93.802831,32.860269],[-93.801154,32.871367],[-93.82032,32.884346],[-93.820857,32.901977],[-93.801974,32.931812],[-93.823577,32.9464],[-93.845231,32.950434],[-93.826604,32.96674],[-93.800931,32.965626],[-93.80532,32.973813],[-93.822534,32.967197],[-93.817696,32.97582],[-93.825726,33.011991],[-93.81456,33.019378],[-94.024482,33.019213],[-94.042971,33.019225],[-94.043095,32.955598],[-94.043099,32.910027],[-94.042892,32.898917],[-94.042893,32.881094]]]},"properties":{"shapeName":"Caddo","shapeISO":"52423323B55471057171446","shapeGroup":"USA","shapeType":"ADM2","src_shape_id":"52423323B55471057171446","adm1ISO":"US-LA"}},
{"type":"Feature","geometry":{"type":"MultiPolygon","coordinates":[[[[-91.030805,32.120572],[-91.027013,32.121059],[-91.020012,32.123559],[-91.017612,32.125159],[-91.011812,32.131159],[-91.006412,32.139958],[-91.004112,32.146158],[-91.006196,32.156963],[-91.016612,32.160858],[-91.025013,32.162558],[-91.031913,32.167857],[-91.041813,32.174557],[-91.050213,32.178457],[-91.057653,32.17736],[-91.058913,32.171257],[-91.055713,32.163758],[-91.049713,32.157358],[-91.048513,32.150158],[-91.050213,32.145258],[-91.051213,32.144158],[-91.053181,32.124243],[-91.045213,32.121559],[-91.039013,32.120359],[-91.030805,32.120572]]],[[[-91.476745,32.405814],[-91.475798,32.385154],[-91.451711,32.368563],[-91.450684,32.361737],[-91.465958,32.351059],[-91.480538,32.355246],[-91.484992,32.366541],[-91.500535,32.347724],[-91.494342,32.338658],[-91.4781,32.342923],[-91.472397,32.316535],[-91.504113,32.313455],[-91.503316,32.295197],[-91.526725,32.300681],[-91.523644,32.253051],[-91.543027,32.259012],[-91.557205,32.24966],[-91.525105,32.234332],[-91.509466,32.2442],[-91.525758,32.220838],[-91.546566,32.210077],[-91.53552,32.20375],[-91.492724,32.203355],[-91.320748,32.202461],[-91.317065,32.207625],[-91.27222,32.230914],[-91.234821,32.210045],[-91.215535,32.233071],[-91.183598,32.245441],[-91.133786,32.249345],[-91.121589,32.239993],[-91.121215,32.214356],[-91.124049,32.21111],[-91.117276,32.206674],[-91.113015,32.206556],[-91.108515,32.208156],[-91.100415,32.217856],[-91.092114,32.223856],[-91.083714,32.226456],[-91.075114,32.227056],[-91.071114,32.226056],[-91.061414,32.218656],[-91.055113,32.224756],[-91.053113,32.227956],[-91.051813,32.234455],[-91.050313,32.237955],[-91.046513,32.241155],[-91.039013,32.242355],[-91.034313,32.241555],[-91.026613,32.238755],[-91.021513,32.236155],[-91.009612,32.226156],[-91.006112,32.224056],[-91.002912,32.223056],[-91.005012,32.212856],[-91.003542,32.200772],[-91.002256,32.198299],[-90.997018,32.197405],[-90.993952,32.198299],[-90.99031,32.200352],[-90.983387,32.211773],[-90.983141,32.231377],[-90.980296,32.243607],[-90.976145,32.248098],[-90.970022,32.251686],[-90.969409,32.252526],[-90.97135,32.257748],[-90.979669,32.265258],[-90.982991,32.2703],[-90.984083,32.27996],[-90.980753,32.291416],[-90.979481,32.293708],[-90.976205,32.296456],[-90.971649,32.297503],[-90.964155,32.296878],[-90.955411,32.286247],[-90.951357,32.283205],[-90.94784,32.283492],[-90.933997,32.290349],[-90.922237,32.298645],[-90.916163,32.303588],[-90.905179,32.315503],[-90.902564,32.319593],[-90.893659,32.328101],[-90.876106,32.35776],[-90.875637,32.37244],[-90.878295,32.374554],[-90.888953,32.373252],[-90.892066,32.370585],[-90.897768,32.354366],[-90.907762,32.343617],[-90.912369,32.33946],[-90.921176,32.342079],[-90.934903,32.344973],[-90.942987,32.345962],[-90.954589,32.345865],[-90.986678,32.351766],[-90.993631,32.354053],[-91.000112,32.357701],[-91.003512,32.362151],[-91.004512,32.36475],[-91.004512,32.36815],[-91.000612,32.38165],[-90.996243,32.388067],[-90.994692,32.392283],[-90.993786,32.396784],[-90.994086,32.403868],[-90.980729,32.408249],[-90.974467,32.412007],[-90.971147,32.414642],[-90.967773,32.418285],[-90.966261,32.421033],[-90.965992,32.424812],[-90.966463,32.433874],[-90.966875,32.435505],[-90.969596,32.439496],[-90.978553,32.447038],[-90.983429,32.449083],[-90.993869,32.450856],[-90.99898,32.450171],[-91.004812,32.445747],[-91.016512,32.440348],[-91.026312,32.434448],[-91.029612,32.433548],[-91.052913,32.438448],[-91.070213,32.445147],[-91.081813,32.450447],[-91.095314,32.458747],[-91.108814,32.472046],[-91.112114,32.476146],[-91.116014,32.483146],[-91.117314,32.495045],[-91.116714,32.500145],[-91.106991,32.51494],[-91.10131,32.525605],[-91.097884,32.544757],[-91.067412,32.523224],[-91.050913,32.500145],[-91.045813,32.495545],[-91.038112,32.490446],[-91.024112,32.485246],[-91.004212,32.482146],[-90.996394,32.483931],[-90.990709,32.487755],[-90.987208,32.495669],[-90.988705,32.500236],[-90.994873,32.508617],[-91.007081,32.516377],[-91.031653,32.525024],[-91.05701,32.538292],[-91.070855,32.548526],[-91.076517,32.558835],[-91.069794,32.562802],[-91.108427,32.562629],[-91.133719,32.537918],[-91.200132,32.537689],[-91.306702,32.537867],[-91.457649,32.537813],[-91.485205,32.502963],[-91.484507,32.471766],[-91.471659,32.433791],[-91.486542,32.434815],[-91.476745,32.405814]]]]},"properties":{"shapeName":"Madison","shapeISO":"52423323B38488721572151","shapeGroup":"USA","shapeType":"ADM2","src_shape_id":"52423323B38488721572151","adm1ISO":"US-LA"}},
{"type":"Feature","geometry":{"type":"Polygon","coordinates":[[[-92.362614,31.796639],[-92.361293,31.781366],[-92.35298,31.780401],[-92.34493,31.754901],[-92.358278,31.742732],[-92.350715,31.738533],[-92.360489,31.721468],[-92.368376,31.72303],[-92.372482,31.701525],[-92.347745,31.69659],[-92.350151,31.680742],[-92.365734,31.672289],[-92.360592,31.642919],[-92.346766,31.628583],[-92.367761,31.625906],[-92.384447,31.620443],[-92.342976,31.59583],[-92.306861,31.589526],[-92.320086,31.571736],[-92.310237,31.573241],[-92.298715,31.563254],[-92.304574,31.553163],[-92.286902,31.53659],[-92.275094,31.536093],[-92.277621,31.496242],[-92.266208,31.492797],[-92.249061,31.505929],[-92.239467,31.501233],[-92.248276,31.484486],[-92.213975,31.491585],[-92.212739,31.481651],[-92.196137,31.477883],[-92.160704,31.467206],[-92.167498,31.455597],[-92.154487,31.447438],[-92.16188,31.43456],[-92.148767,31.404917],[-92.109302,31.372767],[-92.102658,31.377283],[-92.083294,31.364949],[-92.072396,31.34318],[-92.086724,31.33538],[-92.081363,31.324149],[-92.025954,31.343015],[-92.008127,31.325803],[-92.008392,31.615439],[-92.008506,31.642794],[-92.00816,31.796321],[-92.00544,31.927302],[-92.312629,31.927388],[-92.312592,31.896186],[-92.324677,31.88631],[-92.321317,31.86514],[-92.337101,31.851619],[-92.329235,31.849421],[-92.34104,31.827329],[-92.336074,31.823113],[-92.348763,31.809407],[-92.361992,31.808326],[-92.358701,31.797683],[-92.362614,31.796639]]]},"properties":{"shapeName":"LaSalle","shapeISO":"52423323B85918245780607","shapeGroup":"USA","shapeType":"ADM2","src_shape_id":"52423323B85918245780607","adm1ISO":"US-LA"}},
{"type":"Feature","geometry":{"type":"Polygon","coordinates":[[[-93.521001,33.018622],[-93.516322,33.002547],[-93.530461,32.975615],[-93.519569,32.965086],[-93.508929,32.935795],[-93.493267,32.921535],[-93.480817,32.927237],[-93.469579,32.917723],[-93.469783,32.90441],[-93.482238,32.901987],[-93.480749,32.890912],[-93.465525,32.879221],[-93.463848,32.868446],[-93.447923,32.86669],[-93.4548,32.850979],[-93.467496,32.848084],[-93.456562,32.835032],[-93.454019,32.821615],[-93.466957,32.809175],[-93.459709,32.806237],[-93.473804,32.783178],[-93.465003,32.771717],[-93.469708,32.761406],[-93.44475,32.761172],[-93.445324,32.644012],[-93.446505,32.497978],[-93.441232,32.497841],[-93.441219,32.410437],[-93.372788,32.410159],[-93.236663,32.410077],[-93.23668,32.454218],[-93.1472,32.455179],[-93.146453,32.469968],[-93.171281,32.526375],[-93.168165,32.549725],[-93.178774,32.584922],[-93.177913,32.622675],[-93.173596,32.633074],[-93.186293,32.672663],[-93.186578,32.716761],[-93.237388,32.716256],[-93.238614,33.017998],[-93.308188,33.018162],[-93.34036,33.018343],[-93.377141,33.01824],[-93.467049,33.018617],[-93.490527,33.018448],[-93.521001,33.018622]]]},"properties":{"shapeName":"Webster","shapeISO":"52423323B93386698636065","shapeGroup":"USA","shapeType":"ADM2","src_shape_id":"52423323B93386698636065","adm1ISO":"US-LA"}},
{"type":"Feature","geometry":{"type":"Polygon","coordinates":[[[-92.493265,30.480504],[-92.627047,30.48064],[-92.631993,30.481152],[-92.600603,30.437488],[-92.594592,30.420344],[-92.604066,30.400047],[-92.608408,30.385889],[-92.629701,30.378931],[-92.619511,30.340057],[-92.632167,30.314294],[-92.625145,30.30134],[-92.62809,30.284952],[-92.62249,30.241763],[-92.626618,30.230277],[-92.614742,30.215039],[-92.583095,30.200973],[-92.591061,30.201628],[-92.591135,30.18237],[-92.618712,30.174771],[-92.607989,30.158585],[-92.621779,30.147972],[-92.628646,30.133748],[-92.618344,30.104155],[-92.62549,30.092335],[-92.615334,30.088826],[-92.604821,30.098343],[-92.587317,30.096123],[-92.557132,30.115998],[-92.534644,30.107857],[-92.505977,30.079287],[-92.469761,30.062035],[-92.423172,30.049325],[-92.376156,30.066571],[-92.33237,30.10153],[-92.322945,30.117279],[-92.297918,30.136643],[-92.288862,30.149427],[-92.284681,30.147448],[-92.275318,30.146139],[-92.246334,30.185464],[-92.250496,30.203203],[-92.234002,30.21969],[-92.2099,30.226362],[-92.210208,30.241349],[-92.176103,30.241081],[-92.176285,30.269928],[-92.159143,30.269844],[-92.159515,30.284547],[-92.14202,30.284528],[-92.14219,30.298822],[-92.141515,30.320769],[-92.158466,30.320811],[-92.15856,30.34245],[-92.175781,30.349577],[-92.176065,30.400476],[-92.176506,30.422696],[-92.17645,30.436857],[-92.244256,30.436683],[-92.244801,30.480198],[-92.264425,30.480199],[-92.413573,30.480066],[-92.493265,30.480504]]]},"properties":{"shapeName":"Acadia","shapeISO":"52423323B76935168618959","shapeGroup":"USA","shapeType":"ADM2","src_shape_id":"52423323B76935168618959","adm1ISO":"US-LA"}},
{"type":"Feature","geometry":{"type":"Polygon","coordinates":[[[-91.435788,33.006105],[-91.449629,32.983831],[-91.437557,32.980938],[-91.456285,32.965848],[-91.479742,32.935426],[-91.475766,32.929729],[-91.498302,32.901711],[-91.494661,32.890802],[-91.511521,32.879013],[-91.534734,32.877476],[-91.566369,32.855567],[-91.577756,32.830016],[-91.591001,32.807955],[-91.589404,32.797527],[-91.602771,32.78745],[-91.595413,32.766213],[-91.597177,32.748903],[-91.617725,32.720822],[-91.628573,32.719118],[-91.638889,32.702478],[-91.624029,32.695676],[-91.621999,32.67995],[-91.637593,32.667347],[-91.596882,32.667218],[-91.596033,32.582198],[-91.445305,32.581962],[-91.42658,32.59986],[-91.39697,32.609474],[-91.404977,32.627063],[-91.395767,32.641031],[-91.401739,32.669095],[-91.398261,32.692986],[-91.374893,32.689869],[-91.377203,32.706285],[-91.3559,32.740791],[-91.343114,32.750537],[-91.339773,32.821719],[-91.339675,32.862011],[-91.326948,32.872343],[-91.321383,32.863982],[-91.310366,32.890257],[-91.309196,32.935907],[-91.280209,32.950857],[-91.267671,32.975087],[-91.265024,33.00509],[-91.284404,33.005013],[-91.329773,33.005427],[-91.333017,33.005535],[-91.435788,33.006105]]]},"properties":{"shapeName":"West Carroll","shapeISO":"52423323B44396431202896","shapeGroup":"USA","shapeType":"ADM2","src_shape_id":"52423323B44396431202896","adm1ISO":"US-LA"}},
{"type":"Feature","geometry":{"type":"Polygon","coordinates":[[[-92.212717,30.848613],[-92.237704,30.848216],[-92.238225,30.892214],[-92.280721,30.93596],[-92.280744,30.965077],[-92.330784,30.963329],[-92.341769,30.981509],[-92.380216,31.00038],[-92.409383,30.992294],[-92.418657,30.974974],[-92.438876,30.969798],[-92.459675,30.95576],[-92.480336,30.952277],[-92.480226,30.918235],[-92.509049,30.895847],[-92.526378,30.89353],[-92.551708,30.902787],[-92.561052,30.898013],[-92.597747,30.896107],[-92.597408,30.583933],[-92.58288,30.567348],[-92.605192,30.529455],[-92.623296,30.517987],[-92.6145,30.507448],[-92.630353,30.487878],[-92.631993,30.481152],[-92.627047,30.48064],[-92.493265,30.480504],[-92.464353,30.495323],[-92.45892,30.527935],[-92.449377,30.534199],[-92.415317,30.538628],[-92.359767,30.53875],[-92.262725,30.538743],[-92.262311,30.568157],[-92.21151,30.568135],[-92.211689,30.613187],[-92.193962,30.659338],[-92.172542,30.673876],[-92.172421,30.767941],[-92.206921,30.784756],[-92.211349,30.793118],[-92.212717,30.848613]]]},"properties":{"shapeName":"Evangeline","shapeISO":"52423323B28730875803746","shapeGroup":"USA","shapeType":"ADM2","src_shape_id":"52423323B28730875803746","adm1ISO":"US-LA"}},
{"type":"Feature","geometry":{"type":"Polygon","coordinates":[[[-92.00544,31.927302],[-92.00816,31.796321],[-92.008506,31.642794],[-92.008392,31.615439],[-92.008127,31.325803],[-92.001708,31.317658],[-92.007161,31.306645],[-91.996462,31.299656],[-92.010893,31.29243],[-92.016537,31.302451],[-92.019831,31.280466],[-92.009855,31.282513],[-92.003198,31.258917],[-91.988028,31.248903],[-92.004248,31.243463],[-91.992201,31.239011],[-91.992047,31.226159],[-91.973868,31.225339],[-91.962681,31.242327],[-91.946575,31.239673],[-91.940968,31.221524],[-91.92046,31.231678],[-91.935397,31.238439],[-91.946528,31.271987],[-91.934311,31.289861],[-91.90893,31.296795],[-91.869682,31.280719],[-91.854859,31.264288],[-91.834286,31.26635],[-91.823677,31.277583],[-91.823652,31.293216],[-91.841033,31.292446],[-91.862174,31.30232],[-91.867428,31.316193],[-91.863306,31.354454],[-91.845025,31.375922],[-91.831624,31.378993],[-91.808053,31.370724],[-91.789296,31.374653],[-91.776785,31.385221],[-91.785675,31.395027],[-91.817036,31.395625],[-91.84553,31.409501],[-91.855895,31.423837],[-91.864136,31.466173],[-91.855684,31.480211],[-91.855914,31.496016],[-91.847938,31.501658],[-91.833831,31.50088],[-91.824162,31.490425],[-91.807104,31.4388],[-91.784562,31.441387],[-91.766499,31.433141],[-91.738337,31.431578],[-91.724125,31.438839],[-91.720894,31.449549],[-91.727787,31.463592],[-91.738038,31.467416],[-91.778959,31.468121],[-91.79876,31.47336],[-91.802068,31.49111],[-91.78413,31.502279],[-91.777046,31.515317],[-91.779731,31.530979],[-91.813032,31.554878],[-91.826432,31.572478],[-91.824975,31.598009],[-91.820932,31.606377],[-91.815559,31.618331],[-91.806441,31.630771],[-91.774767,31.648833],[-91.756129,31.622676],[-91.737195,31.614094],[-91.727774,31.621438],[-91.705954,31.642869],[-91.714279,31.675998],[-91.701682,31.702986],[-91.696601,31.731802],[-91.686088,31.742121],[-91.67875,31.743107],[-91.662472,31.729374],[-91.635828,31.729125],[-91.614131,31.745563],[-91.601628,31.76187],[-91.584027,31.75577],[-91.57121,31.735054],[-91.54824,31.722665],[-91.537724,31.731811],[-91.536199,31.742724],[-91.544797,31.751737],[-91.577659,31.795863],[-91.568736,31.826967],[-91.575727,31.882566],[-91.597128,31.882666],[-91.596928,31.969764],[-91.647506,31.970434],[-91.655028,31.950055],[-91.670331,31.925319],[-91.682175,31.923522],[-91.696596,31.903506],[-91.722227,31.893087],[-91.729164,31.882516],[-91.756673,31.884692],[-91.779835,31.871902],[-91.778661,31.887692],[-91.804875,31.893199],[-91.794981,31.902875],[-91.804803,31.918472],[-91.823553,31.917822],[-91.850295,31.944868],[-91.844515,31.953263],[-91.889693,31.97148],[-91.904716,31.971539],[-91.904387,31.927567],[-92.00544,31.927302]]]},"properties":{"shapeName":"Catahoula","shapeISO":"52423323B45931526647810","shapeGroup":"USA","shapeType":"ADM2","src_shape_id":"52423323B45931526647810","adm1ISO":"US-LA"}},
{"type":"Feature","geometry":{"type":"Polygon","coordinates":[[[-92.597747,30.896107],[-92.597447,30.898998],[-92.71918,30.8987],[-92.823938,30.890006],[-92.823558,30.8756],[-92.978459,30.878181],[-92.977931,30.837197],[-92.976755,30.832554],[-92.979176,30.598345],[-93.1303,30.597891],[-93.130823,30.593318],[-93.131161,30.423617],[-93.065576,30.42433],[-93.065549,30.438574],[-92.775743,30.437622],[-92.773982,30.488289],[-92.630353,30.487878],[-92.6145,30.507448],[-92.623296,30.517987],[-92.605192,30.529455],[-92.58288,30.567348],[-92.597408,30.583933],[-92.597747,30.896107]]]},"properties":{"shapeName":"Allen","shapeISO":"52423323B27353189607616","shapeGroup":"USA","shapeType":"ADM2","src_shape_id":"52423323B27353189607616","adm1ISO":"US-LA"}},
{"type":"Feature","geometry":{"type":"Polygon","coordinates":[[[-91.756199,30.497743],[-91.700939,30.497438],[-91.583376,30.49701],[-91.583662,30.482595],[-91.556379,30.482827],[-91.526226,30.497071],[-91.485095,30.497143],[-91.4818,30.510835],[-91.414766,30.511521],[-91.407685,30.540347],[-91.397561,30.568895],[-91.364964,30.568998],[-91.365094,30.588056],[-91.31993,30.632875],[-91.309481,30.650051],[-91.330876,30.658683],[-91.340658,30.670244],[-91.353187,30.722054],[-91.375118,30.756723],[-91.395043,30.757898],[-91.450388,30.736174],[-91.486912,30.741343],[-91.509924,30.740285],[-91.553025,30.730804],[-91.571272,30.73535],[-91.594601,30.75019],[-91.592947,30.766022],[-91.584481,30.772771],[-91.557257,30.778165],[-91.539479,30.79123],[-91.5179,30.851387],[-91.515482,30.872409],[-91.521419,30.890084],[-91.549314,30.916234],[-91.568313,30.918808],[-91.614614,30.917606],[-91.609565,30.89845],[-91.576084,30.893408],[-91.563611,30.883338],[-91.556413,30.848649],[-91.567465,30.836786],[-91.578552,30.846284],[-91.603037,30.84597],[-91.623387,30.840486],[-91.646967,30.844942],[-91.661378,30.857105],[-91.66087,30.895099],[-91.644923,30.928977],[-91.662512,30.970368],[-91.663148,30.984399],[-91.658327,30.994371],[-91.687272,31.018148],[-91.714007,31.006774],[-91.750125,31.01882],[-91.77418,31.002643],[-91.780479,30.9867],[-91.796527,30.982848],[-91.805969,30.972564],[-91.800186,30.924627],[-91.80433,30.863719],[-91.823078,30.85636],[-91.815264,30.848113],[-91.798465,30.828997],[-91.807301,30.811075],[-91.768765,30.785395],[-91.756285,30.760141],[-91.757948,30.740996],[-91.733961,30.703412],[-91.734819,30.666703],[-91.746436,30.658788],[-91.741002,30.632544],[-91.751363,30.603703],[-91.756986,30.562556],[-91.732523,30.510101],[-91.756199,30.497743]]]},"properties":{"shapeName":"Pointe Coupee","shapeISO":"52423323B80007668106022","shapeGroup":"USA","shapeType":"ADM2","src_shape_id":"52423323B80007668106022","adm1ISO":"US-LA"}},
{"type":"Feature","geometry":{"type":"MultiPolygon","coordinates":[[[[-88.881459,30.053207],[-88.877938,30.041131],[-88.867861,30.025863],[-88.854424,30.012047],[-88.849385,29.994593],[-88.83872,29.962331],[-88.837384,29.944883],[-88.835109,29.922563],[-88.836789,29.886164],[-88.843282,29.863815],[-88.846866,29.836641],[-88.853584,29.821342],[-88.861272,29.805831],[-88.867978,29.791335],[-88.873739,29.775431],[-88.875096,29.759823],[-88.862955,29.757057],[-88.844083,29.795718],[-88.832715,29.824067],[-88.826543,29.847097],[-88.818151,29.889114],[-88.817022,29.934255],[-88.824163,29.970466],[-88.83373,29.998826],[-88.84123,30.012794],[-88.855588,30.034419],[-88.870481,30.049217],[-88.881459,30.053207]]],[[[-89.342168,30.059177],[-89.336996,30.039997],[-89.328711,30.038328],[-89.308509,30.039768],[-89.281267,30.032899],[-89.276184,30.031744],[-89.259784,30.049438],[-89.239294,30.04081],[-89.227222,30.021249],[-89.229505,30.000438],[-89.21568,29.993528],[-89.201589,30.001434],[-89.212341,30.019582],[-89.202979,30.034625],[-89.183964,30.032773],[-89.173406,30.043365],[-89.185804,30.063939],[-89.220805,30.07145],[-89.22709,30.095131],[-89.212971,30.115432],[-89.183261,30.149349],[-89.19048,30.161765],[-89.233173,30.134962],[-89.303031,30.091575],[-89.316436,30.069218],[-89.342168,30.059177]]],[[[-89.442098,30.144374],[-89.453027,30.139073],[-89.439008,30.127532],[-89.429036,30.128564],[-89.417699,30.143687],[-89.424506,30.15346],[-89.442098,30.144374]]],[[[-89.85612,29.997073],[-89.859313,30.002864],[-89.879705,29.985448],[-89.894545,30.00233],[-89.914174,29.999103],[-89.945371,29.982406],[-89.953044,29.98117],[-89.974297,29.994697],[-89.989888,29.989495],[-90.012108,29.945985],[-89.969774,29.924707],[-89.926901,29.920622],[-89.90779,29.897156],[-89.9027,29.878073],[-89.910714,29.86787],[-89.895938,29.833242],[-89.878491,29.815198],[-89.869726,29.795456],[-89.859821,29.793047],[-89.830666,29.801251],[-89.816401,29.801332],[-89.80301,29.792729],[-89.786204,29.773286],[-89.79076,29.760826],[-89.767733,29.755328],[-89.758029,29.758503],[-89.721051,29.757657],[-89.705039,29.752797],[-89.692213,29.738462],[-89.683858,29.716038],[-89.660287,29.708752],[-89.628186,29.680687],[-89.570933,29.665051],[-89.518605,29.649122],[-89.524848,29.640801],[-89.523023,29.639432],[-89.504743,29.631513],[-89.486936,29.620452],[-89.485372,29.624362],[-89.48792,29.63041],[-89.51074,29.657478],[-89.533765,29.670209],[-89.519568,29.69222],[-89.524892,29.726571],[-89.486966,29.725925],[-89.467604,29.699024],[-89.471187,29.673163],[-89.465567,29.651743],[-89.433813,29.65637],[-89.426672,29.67863],[-89.424215,29.697643],[-89.403961,29.681813],[-89.387799,29.679996],[-89.396095,29.695725],[-89.430255,29.712611],[-89.428212,29.741555],[-89.414541,29.752376],[-89.399167,29.770597],[-89.394613,29.784833],[-89.386068,29.78882],[-89.367276,29.775153],[-89.354184,29.781417],[-89.337667,29.77914],[-89.325139,29.772306],[-89.31603,29.760917],[-89.305204,29.756931],[-89.271039,29.75636],[-89.26933,29.760917],[-89.284711,29.770026],[-89.284139,29.795654],[-89.277303,29.79964],[-89.277303,29.807613],[-89.293256,29.803058],[-89.318311,29.78882],[-89.331975,29.790529],[-89.342786,29.798501],[-89.345639,29.82014],[-89.372976,29.825265],[-89.383222,29.83039],[-89.383794,29.838933],[-89.363294,29.845765],[-89.317731,29.85089],[-89.294957,29.857154],[-89.269902,29.860002],[-89.254522,29.864557],[-89.236303,29.877086],[-89.236303,29.886768],[-89.24143,29.889615],[-89.272184,29.886768],[-89.289258,29.880504],[-89.311467,29.881641],[-89.322294,29.887338],[-89.318311,29.898154],[-89.280149,29.92492],[-89.263067,29.929477],[-89.244848,29.930045],[-89.231183,29.925489],[-89.223775,29.961934],[-89.218076,29.972755],[-89.249974,29.975602],[-89.243711,29.997241],[-89.250539,30.002366],[-89.27332,29.993825],[-89.283567,29.973325],[-89.315458,29.923213],[-89.331899,29.915855],[-89.368024,29.911496],[-89.378606,29.919593],[-89.379232,29.963809],[-89.39356,29.9663],[-89.405385,29.965677],[-89.43279,29.978757],[-89.433416,29.99121],[-89.43279,30.008027],[-89.415975,30.020482],[-89.39356,30.029823],[-89.381101,30.030446],[-89.37238,30.036676],[-89.368642,30.047261],[-89.37238,30.054734],[-89.41847,30.049752],[-89.429052,30.052245],[-89.444623,30.060964],[-89.458951,30.063455],[-89.481931,30.079133],[-89.493489,30.072196],[-89.49928,30.058898],[-89.494642,30.050805],[-89.494069,30.040977],[-89.501592,30.034042],[-89.551297,30.005714],[-89.571538,29.999931],[-89.581365,29.994727],[-89.57443,29.983743],[-89.575002,29.95946],[-89.583104,29.945586],[-89.583104,29.93171],[-89.592351,29.917258],[-89.591199,29.897023],[-89.598134,29.881414],[-89.613164,29.872165],[-89.638021,29.86407],[-89.660573,29.862914],[-89.67156,29.86754],[-89.69201,29.868727],[-89.711164,29.879292],[-89.742485,29.908175],[-89.746279,29.928226],[-89.742733,29.935899],[-89.736317,29.936268],[-89.712916,29.946354],[-89.719073,29.953704],[-89.727939,29.958785],[-89.748498,29.945836],[-89.775465,29.937421],[-89.804469,29.932593],[-89.818036,29.93415],[-89.829029,29.939233],[-89.838506,29.945821],[-89.844208,29.95565],[-89.852318,29.977655],[-89.85612,29.997073]]]]},"properties":{"shapeName":"St. Bernard","shapeISO":"52423323B38935818871161","shapeGroup":"USA","shapeType":"ADM2","src_shape_id":"52423323B38935818871161","adm1ISO":"US-LA"}},
{"type":"Feature","geometry":{"type":"Polygon","coordinates":[[[-91.053181,32.124243],[-91.061561,32.126913],[-91.069087,32.131484],[-91.077049,32.133499],[-91.081636,32.133998],[-91.091662,32.13361],[-91.101187,32.131142],[-91.103702,32.130013],[-91.1113,32.125042],[-91.113872,32.125737],[-91.131409,32.126219],[-91.136572,32.127377],[-91.144406,32.130396],[-91.155049,32.132249],[-91.162828,32.1327],[-91.165458,32.134296],[-91.171708,32.144256],[-91.173501,32.149015],[-91.174558,32.154984],[-91.17367,32.164237],[-91.171052,32.176532],[-91.168079,32.186641],[-91.164177,32.196894],[-91.158032,32.201962],[-91.133593,32.213438],[-91.130203,32.213672],[-91.124049,32.21111],[-91.121215,32.214356],[-91.121589,32.239993],[-91.133786,32.249345],[-91.183598,32.245441],[-91.215535,32.233071],[-91.234821,32.210045],[-91.27222,32.230914],[-91.317065,32.207625],[-91.320748,32.202461],[-91.492724,32.203355],[-91.492425,32.156456],[-91.50573,32.14578],[-91.50123,32.105776],[-91.509445,32.097668],[-91.48989,32.089447],[-91.492254,32.069837],[-91.501736,32.066384],[-91.501711,32.045875],[-91.510018,32.020545],[-91.497348,32.010563],[-91.498432,31.990734],[-91.514788,31.985402],[-91.512184,31.975361],[-91.52821,31.959349],[-91.51281,31.954098],[-91.51138,31.930031],[-91.525022,31.915525],[-91.543226,31.913765],[-91.569227,31.893566],[-91.575727,31.882566],[-91.568736,31.826967],[-91.577659,31.795863],[-91.544797,31.751737],[-91.485062,31.751051],[-91.398296,31.753218],[-91.377998,31.747591],[-91.380085,31.732766],[-91.35515,31.741589],[-91.334672,31.744077],[-91.316586,31.745317],[-91.291729,31.745266],[-91.275551,31.745521],[-91.263412,31.754474],[-91.259617,31.761296],[-91.263049,31.767001],[-91.27388,31.771184],[-91.286051,31.772068],[-91.301321,31.766754],[-91.322238,31.767708],[-91.348568,31.765843],[-91.364691,31.770351],[-91.36372,31.780369],[-91.35952,31.799368],[-91.34572,31.842867],[-91.34302,31.846867],[-91.33842,31.851267],[-91.33382,31.853267],[-91.32692,31.854967],[-91.294719,31.860466],[-91.293419,31.860166],[-91.289318,31.846867],[-91.290141,31.833664],[-91.289418,31.828667],[-91.287818,31.824167],[-91.284918,31.818368],[-91.282218,31.814768],[-91.276718,31.811368],[-91.269218,31.809168],[-91.262017,31.809368],[-91.255617,31.812668],[-91.250117,31.817768],[-91.247373,31.822329],[-91.245053,31.831453],[-91.24563,31.833171],[-91.26115,31.846125],[-91.266618,31.851167],[-91.268818,31.855167],[-91.269018,31.858667],[-91.267718,31.862666],[-91.264418,31.865466],[-91.24815,31.869854],[-91.234905,31.876869],[-91.226957,31.885111],[-91.208816,31.900465],[-91.205116,31.904165],[-91.202816,31.907965],[-91.201016,31.909165],[-91.197516,31.908665],[-91.192616,31.910165],[-91.189216,31.914265],[-91.183216,31.916165],[-91.180616,31.917965],[-91.181116,31.920065],[-91.184916,31.923765],[-91.183716,31.933164],[-91.184716,31.935064],[-91.191116,31.934164],[-91.193216,31.935664],[-91.189516,31.946364],[-91.188816,31.953164],[-91.189116,31.957464],[-91.188316,31.960964],[-91.184816,31.965563],[-91.177416,31.973263],[-91.170216,31.979063],[-91.164416,31.982563],[-91.117415,31.987063],[-91.104114,31.990363],[-91.096114,31.994863],[-91.090111,32.000163],[-91.075914,32.016834],[-91.079934,32.018322],[-91.080814,32.023462],[-91.082614,32.028662],[-91.084414,32.031462],[-91.088114,32.034461],[-91.095514,32.037461],[-91.145116,32.046561],[-91.151416,32.049261],[-91.156316,32.052661],[-91.159016,32.055961],[-91.161316,32.059761],[-91.162016,32.062361],[-91.161616,32.06776],[-91.160316,32.07036],[-91.155816,32.07556],[-91.148816,32.08016],[-91.145116,32.08136],[-91.139315,32.08176],[-91.134915,32.08036],[-91.128615,32.07656],[-91.124115,32.07186],[-91.114315,32.058261],[-91.103714,32.050261],[-91.098714,32.048361],[-91.082314,32.047561],[-91.080214,32.048361],[-91.079114,32.050261],[-91.081714,32.07576],[-91.080014,32.07916],[-91.038613,32.09826],[-91.034713,32.101059],[-91.030513,32.108159],[-91.030712,32.114343],[-91.030805,32.120572],[-91.039013,32.120359],[-91.045213,32.121559],[-91.053181,32.124243]]]},"properties":{"shapeName":"Tensas","shapeISO":"52423323B9748869428654","shapeGroup":"USA","shapeType":"ADM2","src_shape_id":"52423323B9748869428654","adm1ISO":"US-LA"}},
{"type":"Feature","geometry":{"type":"Polygon","coordinates":[[[-92.939086,32.147948],[-93.187169,32.148418],[-93.152402,32.104518],[-93.164313,32.093323],[-93.137328,32.056342],[-93.156499,32.024757],[-93.158105,32.009413],[-93.136107,31.983248],[-93.121195,31.972616],[-93.238477,31.972787],[-93.239506,31.903611],[-93.245479,31.910897],[-93.282382,31.887448],[-93.303813,31.897626],[-93.315098,31.889974],[-93.350488,31.898742],[-93.355459,31.932228],[-93.377914,31.932718],[-93.407608,31.918895],[-93.419788,31.934064],[-93.440577,31.913736],[-93.441178,31.845239],[-93.440768,31.787136],[-93.44129,31.761653],[-93.44175,31.714491],[-93.338979,31.714265],[-93.337463,31.538116],[-93.236669,31.538345],[-93.236111,31.364513],[-93.032315,31.360485],[-92.992019,31.360436],[-92.98147,31.34665],[-92.947101,31.346757],[-92.947346,31.367803],[-92.913025,31.368242],[-92.913497,31.38918],[-92.888392,31.389497],[-92.888577,31.403781],[-92.871559,31.403982],[-92.871553,31.41888],[-92.846963,31.418881],[-92.846838,31.433773],[-92.813162,31.441284],[-92.813557,31.455277],[-92.795957,31.455778],[-92.779038,31.476964],[-92.761657,31.476479],[-92.761557,31.486479],[-92.718989,31.5176],[-92.716714,31.522007],[-92.761316,31.547394],[-92.757058,31.558844],[-92.787375,31.578667],[-92.801422,31.597018],[-92.840953,31.601239],[-92.87144,31.61767],[-92.906327,31.623634],[-92.902807,31.659516],[-92.92468,31.665947],[-92.929438,31.677872],[-92.963788,31.6799],[-92.959864,31.7013],[-92.973535,31.708928],[-92.976006,31.712986],[-92.968609,31.731012],[-92.966806,31.781305],[-92.952558,31.783694],[-92.941986,31.814979],[-92.948603,31.8189],[-92.938431,31.829416],[-92.950045,31.856059],[-92.908374,31.850757],[-92.898206,31.859421],[-92.906228,31.869401],[-92.901094,31.893915],[-92.892588,31.901452],[-92.894646,31.917165],[-92.884873,31.939239],[-92.87218,31.945862],[-92.88504,31.956569],[-92.883501,31.981148],[-92.900636,31.987952],[-92.88781,32.008635],[-92.888191,32.031208],[-92.898463,32.0449],[-92.895844,32.055013],[-92.911762,32.07711],[-92.90474,32.081441],[-92.912769,32.103426],[-92.931227,32.12249],[-92.939086,32.147948]]]},"properties":{"shapeName":"Natchitoches","shapeISO":"52423323B30463798503843","shapeGroup":"USA","shapeType":"ADM2","src_shape_id":"52423323B30463798503843","adm1ISO":"US-LA"}},
{"type":"Feature","geometry":{"type":"Polygon","coordinates":[[[-92.978459,30.878181],[-93.133721,30.878127],[-93.155354,30.882733],[-93.20496,30.88317],[-93.276038,30.883074],[-93.280171,30.882847],[-93.386805,30.883075],[-93.435659,30.881821],[-93.458538,30.866446],[-93.478432,30.859367],[-93.500351,30.865031],[-93.522819,30.879568],[-93.554604,30.877466],[-93.558614,30.868827],[-93.558179,30.839979],[-93.553633,30.835145],[-93.554064,30.824946],[-93.561673,30.807744],[-93.56325,30.806223],[-93.56931,30.802974],[-93.578402,30.802052],[-93.584272,30.796668],[-93.589388,30.786686],[-93.589903,30.777765],[-93.592835,30.763991],[-93.607764,30.757662],[-93.619136,30.742007],[-93.617695,30.738484],[-93.609726,30.729187],[-93.609551,30.723144],[-93.611199,30.718058],[-93.616191,30.713985],[-93.620781,30.704127],[-93.6211,30.695164],[-93.629911,30.679945],[-93.63822,30.673063],[-93.654978,30.670189],[-93.670361,30.658039],[-93.683107,30.640768],[-93.685128,30.625206],[-93.683404,30.608046],[-93.68082,30.602998],[-93.679835,30.599763],[-93.681242,30.596107],[-93.684336,30.592591],[-93.687289,30.591606],[-93.692876,30.594387],[-93.712461,30.588484],[-93.727851,30.574075],[-93.727753,30.566492],[-93.725854,30.556983],[-93.729202,30.544847],[-93.74026,30.539574],[-93.7328,30.529965],[-93.727728,30.525676],[-93.714329,30.518567],[-93.710124,30.506405],[-93.716685,30.494011],[-93.705852,30.457753],[-93.697835,30.443843],[-93.697807,30.440588],[-93.702672,30.429952],[-93.722321,30.420734],[-93.740251,30.402268],[-93.486123,30.402505],[-93.486391,30.490528],[-93.38468,30.490114],[-93.384429,30.460733],[-93.385157,30.402635],[-93.131115,30.403062],[-93.131161,30.423617],[-93.130823,30.593318],[-93.1303,30.597891],[-92.979176,30.598345],[-92.976755,30.832554],[-92.977931,30.837197],[-92.978459,30.878181]]]},"properties":{"shapeName":"Beauregard","shapeISO":"52423323B21900392582772","shapeGroup":"USA","shapeType":"ADM2","src_shape_id":"52423323B21900392582772","adm1ISO":"US-LA"}},
{"type":"Feature","geometry":{"type":"MultiPolygon","coordinates":[[[[-91.471957,29.955994],[-91.471966,29.947969],[-91.413565,29.904998],[-91.401136,29.873531],[-91.373648,29.834406],[-91.386497,29.783686],[-91.351776,29.766289],[-91.29859,29.764971],[-91.229404,29.748927],[-91.215201,29.751216],[-91.180915,29.728553],[-91.134123,29.724078],[-91.100016,29.699407],[-91.106557,29.733492],[-91.09537,29.737037],[-91.094384,29.76458],[-91.100058,29.785064],[-91.092754,29.801579],[-91.109468,29.82395],[-91.133085,29.837311],[-91.150233,29.836836],[-91.187344,29.848695],[-91.200269,29.861798],[-91.214082,29.907574],[-91.232022,29.918176],[-91.231582,29.935654],[-91.251401,29.957596],[-91.255235,29.971462],[-91.471957,29.955994]]],[[[-91.988724,30.368603],[-91.953933,30.359805],[-91.955924,30.333903],[-91.965944,30.325868],[-91.955003,30.308373],[-91.952335,30.292785],[-91.949053,30.276776],[-91.976939,30.260654],[-91.958915,30.237189],[-91.942824,30.236604],[-91.943624,30.226005],[-91.955472,30.21897],[-91.957924,30.211905],[-91.976885,30.210938],[-91.979571,30.181889],[-91.965625,30.176706],[-91.954724,30.187105],[-91.920724,30.187905],[-91.90555,30.154621],[-91.926439,30.129375],[-91.934073,30.119887],[-91.941434,30.09977],[-91.951004,30.073218],[-91.907248,30.072501],[-91.896255,30.057085],[-91.876213,30.067584],[-91.851241,30.057331],[-91.819222,30.044018],[-91.813947,30.049932],[-91.801505,30.069921],[-91.760602,30.090783],[-91.765174,30.1085],[-91.726634,30.122418],[-91.703284,30.121149],[-91.679057,30.105107],[-91.661529,30.109957],[-91.642389,30.08341],[-91.620582,30.069589],[-91.612316,30.06795],[-91.606002,30.057533],[-91.60036,30.033174],[-91.507769,30.033287],[-91.495433,30.041374],[-91.487223,30.05806],[-91.368841,30.058829],[-91.378031,30.094856],[-91.388956,30.102299],[-91.463839,30.102498],[-91.469956,30.109077],[-91.461319,30.131251],[-91.468189,30.148962],[-91.471803,30.186271],[-91.489087,30.199282],[-91.475283,30.229236],[-91.508274,30.240302],[-91.562766,30.241954],[-91.588045,30.257118],[-91.587738,30.273287],[-91.621061,30.309943],[-91.62755,30.330107],[-91.625489,30.354214],[-91.64794,30.365332],[-91.629038,30.377938],[-91.624661,30.394374],[-91.628093,30.41392],[-91.639574,30.429037],[-91.640105,30.442733],[-91.674553,30.474364],[-91.685289,30.476064],[-91.700939,30.497438],[-91.756199,30.497743],[-91.736551,30.451494],[-91.722646,30.452331],[-91.694306,30.401753],[-91.678902,30.394736],[-91.764867,30.394429],[-91.812716,30.394265],[-91.869279,30.41724],[-91.930698,30.396557],[-91.932668,30.396852],[-91.936254,30.394974],[-91.937911,30.39504],[-91.965704,30.410372],[-91.97819,30.407408],[-91.981478,30.381697],[-91.988724,30.368603]]]]},"properties":{"shapeName":"St. Martin","shapeISO":"52423323B3769936214170","shapeGroup":"USA","shapeType":"ADM2","src_shape_id":"52423323B3769936214170","adm1ISO":"US-LA"}},
{"type":"Feature","geometry":{"type":"Polygon","coordinates":[[[-92.62549,30.092335],[-92.637847,30.072179],[-92.654166,30.079043],[-92.68465,30.059508],[-92.723875,30.048657],[-92.73861,30.037328],[-92.615616,30.038173],[-92.614149,29.774101],[-92.617349,29.586159],[-92.615104,29.585566],[-92.568044,29.577402],[-92.536908,29.573784],[-92.473591,29.561086],[-92.409866,29.547482],[-92.364709,29.539464],[-92.323471,29.531502],[-92.280398,29.533439],[-92.251866,29.539359],[-92.212596,29.562484],[-92.15863,29.581621],[-92.105929,29.58634],[-92.064519,29.58567],[-92.041872,29.586774],[-92.048357,29.59249],[-92.065351,29.603857],[-92.048832,29.614499],[-92.016864,29.615842],[-92.034572,29.631545],[-92.058878,29.622355],[-92.091461,29.619809],[-92.108252,29.613672],[-92.126435,29.643113],[-92.136655,29.667486],[-92.103185,29.693135],[-92.117881,29.698505],[-92.148658,29.695156],[-92.169098,29.700215],[-92.200082,29.725715],[-92.208174,29.744189],[-92.199877,29.753224],[-92.171112,29.739787],[-92.174946,29.75948],[-92.149777,29.763053],[-92.136533,29.767341],[-92.123583,29.753466],[-92.115858,29.739537],[-92.062917,29.769168],[-92.005456,29.790911],[-91.978234,29.799947],[-91.981993,29.811988],[-91.982761,29.825396],[-91.972118,29.833468],[-91.993669,29.984346],[-91.982018,29.990542],[-91.964464,30.036923],[-92.023825,30.05846],[-92.066159,30.073931],[-92.072749,30.080876],[-92.088427,30.128304],[-92.119919,30.121848],[-92.127786,30.115977],[-92.170165,30.130858],[-92.202728,30.142865],[-92.227056,30.136901],[-92.279697,30.141538],[-92.284681,30.147448],[-92.288862,30.149427],[-92.297918,30.136643],[-92.322945,30.117279],[-92.33237,30.10153],[-92.376156,30.066571],[-92.423172,30.049325],[-92.469761,30.062035],[-92.505977,30.079287],[-92.534644,30.107857],[-92.557132,30.115998],[-92.587317,30.096123],[-92.604821,30.098343],[-92.615334,30.088826],[-92.62549,30.092335]]]},"properties":{"shapeName":"Vermilion","shapeISO":"52423323B90141807319554","shapeGroup":"USA","shapeType":"ADM2","src_shape_id":"52423323B90141807319554","adm1ISO":"US-LA"}},
{"type":"Feature","geometry":{"type":"Polygon","coordinates":[[[-92.777203,32.453461],[-92.879274,32.454124],[-92.880249,32.557657],[-92.880811,32.585283],[-92.938605,32.584616],[-93.002749,32.584101],[-93.178774,32.584922],[-93.168165,32.549725],[-93.171281,32.526375],[-93.146453,32.469968],[-93.1472,32.455179],[-93.23668,32.454218],[-93.236663,32.410077],[-93.372788,32.410159],[-93.388619,32.396447],[-93.412473,32.400871],[-93.423387,32.397746],[-93.424589,32.377267],[-93.40293,32.368733],[-93.426704,32.309219],[-93.417467,32.283585],[-93.407179,32.284407],[-93.408133,32.250523],[-93.428197,32.235903],[-93.21315,32.235763],[-93.211151,32.192237],[-93.191908,32.178368],[-93.187169,32.148418],[-92.939086,32.147948],[-92.814743,32.146913],[-92.822197,32.1626],[-92.817155,32.161704],[-92.798822,32.181331],[-92.800969,32.210731],[-92.787504,32.214976],[-92.773179,32.23599],[-92.774768,32.317884],[-92.777203,32.453461]]]},"properties":{"shapeName":"Bienville","shapeISO":"52423323B2528057898342","shapeGroup":"USA","shapeType":"ADM2","src_shape_id":"52423323B2528057898342","adm1ISO":"US-LA"}},
{"type":"Feature","geometry":{"type":"Polygon","coordinates":[[[-92.631993,30.481152],[-92.630353,30.487878],[-92.773982,30.488289],[-92.775743,30.437622],[-93.065549,30.438574],[-93.065576,30.42433],[-93.131161,30.423617],[-93.131115,30.403062],[-93.131093,30.37999],[-93.087449,30.379655],[-93.030961,30.379395],[-93.030691,30.2606],[-92.996774,30.260738],[-92.996306,30.15696],[-92.89333,30.156319],[-92.889121,30.143411],[-92.906871,30.130817],[-92.907902,30.112739],[-92.891528,30.096615],[-92.887228,30.08346],[-92.996199,30.082348],[-92.996377,30.038484],[-92.756552,30.039331],[-92.73861,30.037328],[-92.723875,30.048657],[-92.68465,30.059508],[-92.654166,30.079043],[-92.637847,30.072179],[-92.62549,30.092335],[-92.618344,30.104155],[-92.628646,30.133748],[-92.621779,30.147972],[-92.607989,30.158585],[-92.618712,30.174771],[-92.591135,30.18237],[-92.591061,30.201628],[-92.583095,30.200973],[-92.614742,30.215039],[-92.626618,30.230277],[-92.62249,30.241763],[-92.62809,30.284952],[-92.625145,30.30134],[-92.632167,30.314294],[-92.619511,30.340057],[-92.629701,30.378931],[-92.608408,30.385889],[-92.604066,30.400047],[-92.594592,30.420344],[-92.600603,30.437488],[-92.631993,30.481152]]]},"properties":{"shapeName":"Jefferson Davis","shapeISO":"52423323B3743396317208","shapeGroup":"USA","shapeType":"ADM2","src_shape_id":"52423323B3743396317208","adm1ISO":"US-LA"}},
{"type":"Feature","geometry":{"type":"Polygon","coordinates":[[[-93.740251,30.402268],[-93.74534,30.397027],[-93.751444,30.396293],[-93.757661,30.390428],[-93.758561,30.387082],[-93.755901,30.370714],[-93.756359,30.356171],[-93.765829,30.333323],[-93.764272,30.330228],[-93.760335,30.329929],[-93.738706,30.303799],[-93.724227,30.295139],[-93.718691,30.295015],[-93.714326,30.294287],[-93.708652,30.288322],[-93.706615,30.281192],[-93.707197,30.275518],[-93.709139,30.271832],[-93.707278,30.249942],[-93.705526,30.24419],[-93.70509,30.242757],[-93.713366,30.225266],[-93.719227,30.218547],[-93.720953,30.209857],[-93.717404,30.193444],[-93.710475,30.180676],[-93.703771,30.173941],[-93.697755,30.152949],[-93.688219,30.141381],[-93.692875,30.135222],[-93.694987,30.13519],[-93.698283,30.138613],[-93.701259,30.137381],[-93.702443,30.112726],[-93.723772,30.094135],[-93.732492,30.088919],[-93.734092,30.086135],[-93.731612,30.081287],[-93.716412,30.069127],[-93.702187,30.065479],[-93.700587,30.063671],[-93.699403,30.059255],[-93.700827,30.056279],[-93.703947,30.054296],[-93.720812,30.053048],[-93.722798,30.051167],[-93.720685,30.052211],[-93.530552,30.05176],[-93.341756,30.052237],[-93.312533,30.052107],[-93.179113,30.052198],[-93.168268,30.051859],[-93.128481,30.052592],[-93.128415,30.038375],[-92.996377,30.038484],[-92.996199,30.082348],[-92.887228,30.08346],[-92.891528,30.096615],[-92.907902,30.112739],[-92.906871,30.130817],[-92.889121,30.143411],[-92.89333,30.156319],[-92.996306,30.15696],[-92.996774,30.260738],[-93.030691,30.2606],[-93.030961,30.379395],[-93.087449,30.379655],[-93.131093,30.37999],[-93.131115,30.403062],[-93.385157,30.402635],[-93.384429,30.460733],[-93.38468,30.490114],[-93.486391,30.490528],[-93.486123,30.402505],[-93.740251,30.402268]]]},"properties":{"shapeName":"Calcasieu","shapeISO":"52423323B60189599793984","shapeGroup":"USA","shapeType":"ADM2","src_shape_id":"52423323B60189599793984","adm1ISO":"US-LA"}},
{"type":"Feature","geometry":{"type":"Polygon","coordinates":[[[-94.042627,32.196011],[-94.042573,32.1669],[-94.042759,32.125169],[-94.042344,32.11992],[-94.042707,32.056018],[-94.042727,31.999271],[-94.04184,31.992408],[-94.038419,31.992443],[-94.02929,31.995871],[-94.018671,31.990849],[-94.012803,31.981674],[-93.977468,31.926425],[-93.971719,31.92039],[-93.953553,31.910569],[-93.943548,31.90857],[-93.938009,31.906923],[-93.935015,31.903779],[-93.93247,31.895545],[-93.927679,31.891503],[-93.923936,31.889856],[-93.919595,31.890754],[-93.915956,31.892867],[-93.909564,31.89315],[-93.904773,31.890605],[-93.90118,31.885964],[-93.901895,31.880069],[-93.896988,31.873388],[-93.889204,31.867699],[-93.888156,31.85692],[-93.884124,31.847612],[-93.879301,31.843982],[-93.510597,31.845416],[-93.441178,31.845239],[-93.440577,31.913736],[-93.419788,31.934064],[-93.407608,31.918895],[-93.377914,31.932718],[-93.355459,31.932228],[-93.366083,31.935758],[-93.372629,31.961669],[-93.406589,31.987984],[-93.441773,31.989364],[-93.460373,32.020265],[-93.481186,32.032037],[-93.480319,32.057049],[-93.50156,32.062981],[-93.510765,32.078349],[-93.54136,32.105886],[-93.522634,32.125687],[-93.509512,32.132185],[-93.520742,32.144627],[-93.526507,32.182211],[-93.53597,32.193132],[-93.556908,32.19211],[-93.593002,32.205529],[-93.596931,32.218193],[-93.614697,32.237532],[-93.614321,32.269751],[-93.650972,32.306503],[-93.666479,32.31745],[-93.686841,32.316753],[-93.714313,32.316195],[-93.751517,32.339827],[-93.755561,32.343789],[-93.79133,32.340203],[-93.807105,32.327757],[-93.80774,32.313531],[-93.847715,32.292411],[-93.856605,32.281069],[-93.860334,32.253679],[-93.897253,32.226765],[-93.920046,32.216228],[-93.951092,32.195551],[-93.989935,32.195577],[-94.042627,32.196011]]]},"properties":{"shapeName":"De Soto","shapeISO":"52423323B38676276985522","shapeGroup":"USA","shapeType":"ADM2","src_shape_id":"52423323B38676276985522","adm1ISO":"US-LA"}},
{"type":"Feature","geometry":{"type":"Polygon","coordinates":[[[-89.835914,31.002065],[-89.856868,31.002081],[-89.892714,31.001765],[-89.897522,31.001919],[-89.923125,31.001452],[-89.972808,31.001398],[-89.975436,31.001698],[-90.005338,31.00137],[-90.02958,31.001196],[-90.050712,31.001221],[-90.128412,31.001053],[-90.131401,31.00093],[-90.164284,31.001031],[-90.194398,31.000885],[-90.259561,31.000663],[-90.347247,31.000365],[-90.346716,30.905433],[-90.333927,30.905526],[-90.329903,30.890913],[-90.316877,30.890938],[-90.317695,30.873645],[-90.301175,30.850794],[-90.290249,30.819793],[-90.293351,30.806496],[-90.279512,30.795011],[-90.277632,30.779885],[-90.262665,30.765297],[-90.264542,30.756978],[-90.253532,30.735555],[-90.255654,30.711911],[-90.001763,30.666801],[-89.990782,30.665416],[-89.848617,30.66598],[-89.847207,30.670044],[-89.836803,30.690579],[-89.835484,30.691172],[-89.835854,30.699561],[-89.838071,30.704042],[-89.843611,30.702517],[-89.845932,30.704163],[-89.845807,30.70732],[-89.836263,30.716191],[-89.831967,30.71539],[-89.830066,30.716316],[-89.828067,30.725024],[-89.836951,30.728207],[-89.836876,30.734667],[-89.833824,30.736978],[-89.821541,30.736624],[-89.817486,30.737311],[-89.816081,30.739372],[-89.819554,30.740677],[-89.823498,30.740994],[-89.826059,30.742328],[-89.82578,30.747311],[-89.827892,30.758425],[-89.831543,30.767616],[-89.824401,30.779635],[-89.821136,30.788615],[-89.821492,30.791189],[-89.81917,30.795235],[-89.816424,30.79606],[-89.813952,30.793788],[-89.812102,30.788443],[-89.810663,30.788032],[-89.806769,30.789075],[-89.805113,30.790602],[-89.804907,30.792555],[-89.808607,30.794919],[-89.811485,30.798002],[-89.810149,30.799852],[-89.804638,30.802517],[-89.800428,30.810431],[-89.799679,30.815178],[-89.800055,30.819084],[-89.79664,30.821654],[-89.791751,30.820393],[-89.7859,30.815968],[-89.78241,30.817981],[-89.781174,30.820129],[-89.783991,30.827391],[-89.786843,30.830648],[-89.789432,30.830476],[-89.790811,30.832137],[-89.790127,30.837989],[-89.787506,30.844118],[-89.780234,30.846241],[-89.780953,30.848548],[-89.784422,30.85375],[-89.78339,30.856028],[-89.781649,30.856619],[-89.778761,30.855806],[-89.774745,30.85326],[-89.771728,30.854683],[-89.767961,30.863864],[-89.768243,30.866398],[-89.778011,30.873417],[-89.7792,30.875191],[-89.778589,30.878909],[-89.777116,30.881094],[-89.770033,30.88226],[-89.773559,30.896868],[-89.773105,30.898344],[-89.770275,30.899396],[-89.765107,30.896925],[-89.760707,30.896312],[-89.75703,30.898953],[-89.756677,30.901075],[-89.759809,30.906222],[-89.763628,30.907738],[-89.764208,30.911912],[-89.762606,30.913742],[-89.759409,30.91514],[-89.757423,30.914999],[-89.754092,30.912806],[-89.750079,30.912936],[-89.746724,30.915811],[-89.744795,30.918939],[-89.745167,30.922422],[-89.748214,30.923375],[-89.750079,30.929821],[-89.748857,30.932822],[-89.750079,30.935769],[-89.755841,30.939549],[-89.756339,30.943504],[-89.751202,30.951445],[-89.743598,30.958488],[-89.74314,30.959999],[-89.735692,30.966579],[-89.731399,30.966136],[-89.728047,30.966524],[-89.727092,30.969713],[-89.728388,30.971147],[-89.736092,30.974452],[-89.737155,30.976087],[-89.735918,30.977871],[-89.732174,30.978094],[-89.730507,30.979713],[-89.727704,30.993335],[-89.728569,30.994402],[-89.732041,30.994415],[-89.734233,30.995608],[-89.735546,30.999721],[-89.730006,30.999755],[-89.728151,31.002305],[-89.729622,31.003933],[-89.73251,31.004837],[-89.741827,31.003447],[-89.745221,31.002258],[-89.747235,31.00019],[-89.751487,30.999696],[-89.752648,31.001859],[-89.816435,31.00209],[-89.835914,31.002065]]]},"properties":{"shapeName":"Washington","shapeISO":"52423323B43439565608947","shapeGroup":"USA","shapeType":"ADM2","src_shape_id":"52423323B43439565608947","adm1ISO":"US-LA"}},
{"type":"Feature","geometry":{"type":"Polygon","coordinates":[[[-92.14219,30.298822],[-92.14202,30.284528],[-92.159515,30.284547],[-92.159143,30.269844],[-92.176285,30.269928],[-92.176103,30.241081],[-92.210208,30.241349],[-92.2099,30.226362],[-92.234002,30.21969],[-92.250496,30.203203],[-92.246334,30.185464],[-92.275318,30.146139],[-92.284681,30.147448],[-92.279697,30.141538],[-92.227056,30.136901],[-92.202728,30.142865],[-92.170165,30.130858],[-92.127786,30.115977],[-92.119919,30.121848],[-92.088427,30.128304],[-92.072749,30.080876],[-92.066159,30.073931],[-92.023825,30.05846],[-91.964464,30.036923],[-91.951004,30.073218],[-91.941434,30.09977],[-91.934073,30.119887],[-91.926439,30.129375],[-91.90555,30.154621],[-91.920724,30.187905],[-91.954724,30.187105],[-91.965625,30.176706],[-91.979571,30.181889],[-91.976885,30.210938],[-91.957924,30.211905],[-91.955472,30.21897],[-91.943624,30.226005],[-91.942824,30.236604],[-91.958915,30.237189],[-91.976939,30.260654],[-91.949053,30.276776],[-91.952335,30.292785],[-91.955003,30.308373],[-91.965944,30.325868],[-91.955924,30.333903],[-91.953933,30.359805],[-91.988724,30.368603],[-92.015781,30.3714],[-92.031756,30.361215],[-92.042625,30.376501],[-92.049436,30.381312],[-92.061326,30.373203],[-92.083327,30.360604],[-92.089452,30.330171],[-92.14219,30.298822]]]},"properties":{"shapeName":"Lafayette","shapeISO":"52423323B160469889501","shapeGroup":"USA","shapeType":"ADM2","src_shape_id":"52423323B160469889501","adm1ISO":"US-LA"}},
{"type":"Feature","geometry":{"type":"Polygon","coordinates":[[[-92.415356,32.495492],[-92.415077,32.582851],[-92.415056,32.670062],[-92.518362,32.670726],[-92.519022,32.720783],[-92.545543,32.718145],[-92.571301,32.748585],[-92.591183,32.754597],[-92.613428,32.752533],[-92.636522,32.759388],[-92.725445,32.759546],[-92.828541,32.75882],[-92.828055,32.714394],[-92.839661,32.709675],[-92.868781,32.678007],[-92.860276,32.641419],[-92.866567,32.607464],[-92.880811,32.585283],[-92.880249,32.557657],[-92.879274,32.454124],[-92.777203,32.453461],[-92.747257,32.453559],[-92.621684,32.453005],[-92.622341,32.496412],[-92.585358,32.496218],[-92.415356,32.495492]]]},"properties":{"shapeName":"Lincoln","shapeISO":"52423323B73222976979842","shapeGroup":"USA","shapeType":"ADM2","src_shape_id":"52423323B73222976979842","adm1ISO":"US-LA"}},
{"type":"Feature","geometry":{"type":"Polygon","coordinates":[[[-92.724749,33.014353],[-92.725375,32.817985],[-92.734051,32.818004],[-92.734063,32.803442],[-92.725409,32.803463],[-92.725445,32.759546],[-92.636522,32.759388],[-92.613428,32.752533],[-92.591183,32.754597],[-92.571301,32.748585],[-92.545543,32.718145],[-92.519022,32.720783],[-92.518362,32.670726],[-92.415056,32.670062],[-92.415077,32.582851],[-92.31288,32.582809],[-92.272319,32.580981],[-92.224271,32.5901],[-92.221678,32.610347],[-92.1837,32.633048],[-92.138125,32.660776],[-92.139046,32.675369],[-92.120873,32.673595],[-92.090177,32.687697],[-92.065185,32.723009],[-92.069645,32.733519],[-92.052674,32.73696],[-92.063144,32.762185],[-92.052734,32.79474],[-92.065996,32.82144],[-92.06702,32.833953],[-92.056044,32.837536],[-92.078368,32.864935],[-92.084302,32.882182],[-92.077272,32.893165],[-92.076699,32.933877],[-92.085623,32.965199],[-92.076094,32.969615],[-92.08167,32.982106],[-92.07101,32.988649],[-92.069111,33.008169],[-92.222831,33.009086],[-92.29267,33.010109],[-92.335899,33.010355],[-92.370296,33.010723],[-92.469768,33.012016],[-92.503782,33.012167],[-92.529788,33.012436],[-92.711295,33.014313],[-92.724749,33.014353]]]},"properties":{"shapeName":"Union","shapeISO":"52423323B25529270179074","shapeGroup":"USA","shapeType":"ADM2","src_shape_id":"52423323B25529270179074","adm1ISO":"US-LA"}},
{"type":"Feature","geometry":{"type":"Polygon","coordinates":[[[-91.310067,30.653967],[-91.322262,30.656031],[-91.330876,30.658683],[-91.309481,30.650051],[-91.31993,30.632875],[-91.365094,30.588056],[-91.364964,30.568998],[-91.397561,30.568895],[-91.407685,30.540347],[-91.414766,30.511521],[-91.4818,30.510835],[-91.485095,30.497143],[-91.460172,30.470381],[-91.433603,30.453314],[-91.394824,30.40881],[-91.394862,30.395467],[-91.362657,30.382832],[-91.336981,30.3525],[-91.319545,30.343891],[-91.311291,30.322477],[-91.252704,30.322944],[-91.142111,30.323298],[-91.150807,30.337429],[-91.174425,30.344192],[-91.235814,30.344498],[-91.241514,30.357597],[-91.233914,30.375297],[-91.208113,30.403696],[-91.199062,30.422284],[-91.195913,30.439595],[-91.196213,30.457795],[-91.197211,30.506869],[-91.200814,30.517694],[-91.209314,30.522994],[-91.236107,30.513978],[-91.26274,30.505243],[-91.281484,30.50612],[-91.284365,30.515344],[-91.246064,30.535857],[-91.243096,30.553146],[-91.267127,30.572528],[-91.30586,30.573033],[-91.314412,30.578823],[-91.315288,30.594294],[-91.301869,30.609503],[-91.292827,30.631545],[-91.294217,30.641597],[-91.297664,30.649554],[-91.310067,30.653967]]]},"properties":{"shapeName":"West Baton Rouge","shapeISO":"52423323B55664774745263","shapeGroup":"USA","shapeType":"ADM2","src_shape_id":"52423323B55664774745263","adm1ISO":"US-LA"}},
{"type":"Feature","geometry":{"type":"Polygon","coordinates":[[[-91.700939,30.497438],[-91.685289,30.476064],[-91.674553,30.474364],[-91.640105,30.442733],[-91.639574,30.429037],[-91.628093,30.41392],[-91.624661,30.394374],[-91.629038,30.377938],[-91.64794,30.365332],[-91.625489,30.354214],[-91.62755,30.330107],[-91.621061,30.309943],[-91.587738,30.273287],[-91.588045,30.257118],[-91.562766,30.241954],[-91.508274,30.240302],[-91.475283,30.229236],[-91.489087,30.199282],[-91.471803,30.186271],[-91.468189,30.148962],[-91.461319,30.131251],[-91.469956,30.109077],[-91.463839,30.102498],[-91.388956,30.102299],[-91.378031,30.094856],[-91.368841,30.058829],[-91.269091,30.059313],[-91.255948,30.039781],[-91.238695,30.030525],[-91.223558,30.040794],[-91.224362,30.025341],[-91.105957,30.062483],[-91.106483,30.108104],[-91.089696,30.10836],[-91.090103,30.141115],[-91.073438,30.16074],[-91.059279,30.213118],[-91.044724,30.251862],[-91.019236,30.318478],[-91.02102,30.321494],[-91.028651,30.315821],[-91.098804,30.319542],[-91.137912,30.317199],[-91.142111,30.323298],[-91.252704,30.322944],[-91.311291,30.322477],[-91.319545,30.343891],[-91.336981,30.3525],[-91.362657,30.382832],[-91.394862,30.395467],[-91.394824,30.40881],[-91.433603,30.453314],[-91.460172,30.470381],[-91.485095,30.497143],[-91.526226,30.497071],[-91.556379,30.482827],[-91.583662,30.482595],[-91.583376,30.49701],[-91.700939,30.497438]]]},"properties":{"shapeName":"Iberville","shapeISO":"52423323B92446440923992","shapeGroup":"USA","shapeType":"ADM2","src_shape_id":"52423323B92446440923992","adm1ISO":"US-LA"}},
{"type":"Feature","geometry":{"type":"MultiPolygon","coordinates":[[[[-91.255235,29.971462],[-91.259394,30.000205],[-91.235895,30.001133],[-91.224362,30.025341],[-91.223558,30.040794],[-91.238695,30.030525],[-91.255948,30.039781],[-91.269091,30.059313],[-91.368841,30.058829],[-91.487223,30.05806],[-91.495433,30.041374],[-91.507769,30.033287],[-91.60036,30.033174],[-91.606002,30.057533],[-91.612316,30.06795],[-91.620582,30.069589],[-91.642389,30.08341],[-91.661529,30.109957],[-91.679057,30.105107],[-91.703284,30.121149],[-91.726634,30.122418],[-91.765174,30.1085],[-91.760602,30.090783],[-91.801505,30.069921],[-91.813947,30.049932],[-91.819222,30.044018],[-91.851241,30.057331],[-91.876213,30.067584],[-91.896255,30.057085],[-91.907248,30.072501],[-91.951004,30.073218],[-91.964464,30.036923],[-91.982018,29.990542],[-91.993669,29.984346],[-91.972118,29.833468],[-91.970992,29.834321],[-91.937513,29.81677],[-91.915256,29.819372],[-91.901049,29.833452],[-91.889124,29.836028],[-91.85952,29.826073],[-91.830814,29.829275],[-91.824926,29.808544],[-91.82479,29.789302],[-91.828809,29.777934],[-91.843121,29.779256],[-91.851677,29.791839],[-91.861228,29.773204],[-91.879248,29.756561],[-91.872879,29.747883],[-91.857976,29.744077],[-91.858559,29.736073],[-91.840817,29.750213],[-91.711155,29.84607],[-91.671815,29.890909],[-91.624715,29.94528],[-91.471957,29.955994],[-91.255235,29.971462]]],[[[-92.017833,29.590967],[-92.030192,29.572674],[-92.015145,29.561333],[-91.97196,29.543419],[-91.963603,29.535942],[-91.949262,29.536285],[-91.915327,29.518518],[-91.900863,29.513953],[-91.883993,29.501707],[-91.870471,29.503813],[-91.85728,29.50009],[-91.846469,29.479313],[-91.821585,29.47393],[-91.814612,29.482066],[-91.803564,29.487884],[-91.786208,29.483113],[-91.768269,29.490367],[-91.774211,29.504951],[-91.765417,29.524807],[-91.73535,29.540111],[-91.713246,29.555515],[-91.711087,29.569333],[-91.731547,29.562544],[-91.73333,29.580839],[-91.746329,29.574342],[-91.765179,29.575051],[-91.776588,29.583836],[-91.784669,29.594067],[-91.802733,29.588693],[-91.806637,29.600202],[-91.830951,29.611623],[-91.848248,29.627129],[-91.866431,29.629712],[-91.886277,29.628472],[-91.900538,29.634463],[-91.927871,29.632501],[-91.939909,29.610296],[-91.960893,29.608942],[-91.982656,29.614215],[-92.005354,29.603057],[-92.017833,29.590967]]]]},"properties":{"shapeName":"Iberia","shapeISO":"52423323B66757955193379","shapeGroup":"USA","shapeType":"ADM2","src_shape_id":"52423323B66757955193379","adm1ISO":"US-LA"}},
{"type":"Feature","geometry":{"type":"MultiPolygon","coordinates":[[[[-90.376179,29.108673],[-90.361694,29.103081],[-90.334941,29.063808],[-90.317591,29.06734],[-90.303922,29.075385],[-90.343019,29.128492],[-90.35146,29.131097],[-90.359776,29.125227],[-90.376179,29.108673]]],[[[-90.399767,29.261407],[-90.403274,29.233816],[-90.381114,29.256223],[-90.383879,29.261869],[-90.399767,29.261407]]],[[[-90.885595,29.905358],[-90.885448,29.877507],[-90.909701,29.877109],[-90.925052,29.830382],[-90.924476,29.830312],[-90.947502,29.792311],[-91.006749,29.714776],[-90.8802,29.716814],[-90.8821,29.746013],[-90.840899,29.746513],[-90.84441,29.755927],[-90.827899,29.764513],[-90.827805,29.775833],[-90.81037,29.776204],[-90.804698,29.749514],[-90.788098,29.747514],[-90.777609,29.720275],[-90.766855,29.695482],[-90.739216,29.675394],[-90.727308,29.675587],[-90.707838,29.665385],[-90.701998,29.661073],[-90.687578,29.645359],[-90.657702,29.607398],[-90.619315,29.598097],[-90.602065,29.572861],[-90.57455,29.558892],[-90.568414,29.5352],[-90.550797,29.53127],[-90.506427,29.477513],[-90.466875,29.451895],[-90.457427,29.429814],[-90.418562,29.390042],[-90.40331,29.384235],[-90.384291,29.36576],[-90.379595,29.349059],[-90.386479,29.324748],[-90.376672,29.302888],[-90.383504,29.281938],[-90.375929,29.283297],[-90.376892,29.28866],[-90.349202,29.304517],[-90.34433,29.289282],[-90.322107,29.273008],[-90.304281,29.266166],[-90.272838,29.199037],[-90.25924,29.199588],[-90.263519,29.180602],[-90.285266,29.178008],[-90.277779,29.142827],[-90.248635,29.138375],[-90.234411,29.128829],[-90.23334,29.11066],[-90.25005,29.108072],[-90.24593,29.093408],[-90.23199,29.087735],[-90.223593,29.08508],[-90.170586,29.115214],[-90.122759,29.144291],[-90.089699,29.163821],[-90.090305,29.180715],[-90.063719,29.207238],[-90.056051,29.230387],[-90.029257,29.269294],[-90.015875,29.274012],[-89.99896,29.298344],[-90.003355,29.310397],[-90.030195,29.332076],[-90.035436,29.368239],[-90.029402,29.377026],[-90.0333,29.393283],[-90.020628,29.428466],[-90.037557,29.436349],[-90.037382,29.447837],[-90.049047,29.461528],[-90.06143,29.459162],[-90.080473,29.46592],[-90.09519,29.461426],[-90.114134,29.465689],[-90.13751,29.477168],[-90.146047,29.500237],[-90.166464,29.526509],[-90.174215,29.542897],[-90.192182,29.552745],[-90.186178,29.563346],[-90.158465,29.570037],[-90.164532,29.577677],[-90.151731,29.587876],[-90.157698,29.609431],[-90.161123,29.646235],[-90.155386,29.657433],[-90.155813,29.677535],[-90.170393,29.683528],[-90.183492,29.680619],[-90.195204,29.69051],[-90.228163,29.692033],[-90.346197,29.693307],[-90.35211,29.695517],[-90.361547,29.707455],[-90.3608,29.737059],[-90.370939,29.746197],[-90.371984,29.759244],[-90.405233,29.77434],[-90.429893,29.776392],[-90.468049,29.803479],[-90.47579,29.81292],[-90.476312,29.82488],[-90.47991,29.847382],[-90.498876,29.865065],[-90.51573,29.864732],[-90.529607,29.885002],[-90.536601,29.891497],[-90.593511,29.892932],[-90.609354,29.883099],[-90.627104,29.895047],[-90.651615,29.891545],[-90.656318,29.889251],[-90.680697,29.892593],[-90.690201,29.90487],[-90.71706,29.896563],[-90.728754,29.91059],[-90.747434,29.911942],[-90.777296,29.922034],[-90.785665,29.921597],[-90.785169,29.9075],[-90.885595,29.905358]]]]},"properties":{"shapeName":"Lafourche","shapeISO":"52423323B36093874947415","shapeGroup":"USA","shapeType":"ADM2","src_shape_id":"52423323B36093874947415","adm1ISO":"US-LA"}},
{"type":"Feature","geometry":{"type":"Polygon","coordinates":[[[-91.894735,32.151556],[-91.87274,32.17183],[-91.837291,32.176164],[-91.830509,32.181019],[-91.819774,32.213678],[-91.797054,32.225131],[-91.775025,32.243339],[-91.769171,32.257194],[-91.774123,32.277357],[-91.761856,32.29851],[-91.761306,32.334995],[-91.723194,32.333627],[-91.701544,32.344885],[-91.69883,32.3696],[-91.680392,32.37315],[-91.680259,32.38355],[-91.658304,32.386176],[-91.634889,32.405259],[-91.476745,32.405814],[-91.486542,32.434815],[-91.471659,32.433791],[-91.484507,32.471766],[-91.485205,32.502963],[-91.457649,32.537813],[-91.430914,32.560483],[-91.445305,32.581962],[-91.596033,32.582198],[-91.596882,32.667218],[-91.637593,32.667347],[-91.647099,32.63993],[-91.671992,32.611193],[-91.705997,32.613183],[-91.734776,32.58786],[-91.735124,32.571483],[-91.747736,32.55749],[-91.759748,32.559577],[-91.769804,32.554381],[-91.804326,32.571322],[-91.816585,32.567209],[-91.818421,32.553841],[-91.837658,32.543537],[-91.839538,32.518488],[-91.866445,32.522489],[-91.889174,32.543394],[-91.89783,32.535666],[-91.903318,32.509844],[-91.913063,32.505908],[-91.919722,32.497428],[-91.933307,32.490938],[-91.944187,32.449106],[-91.983637,32.413865],[-91.993637,32.397908],[-92.011429,32.363112],[-92.006198,32.35425],[-92.017676,32.308787],[-92.020185,32.296796],[-92.034403,32.277074],[-91.993373,32.276801],[-91.992138,32.263756],[-92.005408,32.228915],[-91.992595,32.227099],[-91.998239,32.211538],[-91.984841,32.223095],[-91.977985,32.216181],[-92.006397,32.201634],[-92.000138,32.190399],[-91.975261,32.204296],[-91.982319,32.193298],[-91.975914,32.177186],[-91.979874,32.166154],[-91.954858,32.173564],[-91.932762,32.165242],[-91.910592,32.169066],[-91.894891,32.163586],[-91.900444,32.152704],[-91.894735,32.151556]]]},"properties":{"shapeName":"Richland","shapeISO":"52423323B54730656664663","shapeGroup":"USA","shapeType":"ADM2","src_shape_id":"52423323B54730656664663","adm1ISO":"US-LA"}},
{"type":"Feature","geometry":{"type":"MultiPolygon","coordinates":[[[[-90.558239,29.094079],[-90.536848,29.074346],[-90.488123,29.058765],[-90.44274,29.056058],[-90.419196,29.064998],[-90.438211,29.072269],[-90.477428,29.075385],[-90.523775,29.090963],[-90.558239,29.094079]]],[[[-90.75076,29.055649],[-90.76502,29.04526],[-90.748383,29.040065],[-90.683021,29.050454],[-90.652122,29.057726],[-90.66163,29.072269],[-90.69847,29.070191],[-90.726992,29.06292],[-90.75076,29.055649]]],[[[-90.381114,29.256223],[-90.372614,29.264818],[-90.375929,29.283297],[-90.383504,29.281938],[-90.376672,29.302888],[-90.386479,29.324748],[-90.379595,29.349059],[-90.384291,29.36576],[-90.40331,29.384235],[-90.418562,29.390042],[-90.457427,29.429814],[-90.466875,29.451895],[-90.506427,29.477513],[-90.550797,29.53127],[-90.568414,29.5352],[-90.57455,29.558892],[-90.602065,29.572861],[-90.619315,29.598097],[-90.657702,29.607398],[-90.687578,29.645359],[-90.701998,29.661073],[-90.707838,29.665385],[-90.727308,29.675587],[-90.739216,29.675394],[-90.766855,29.695482],[-90.777609,29.720275],[-90.788098,29.747514],[-90.804698,29.749514],[-90.81037,29.776204],[-90.827805,29.775833],[-90.827899,29.764513],[-90.84441,29.755927],[-90.840899,29.746513],[-90.8821,29.746013],[-90.8802,29.716814],[-91.006749,29.714776],[-91.082608,29.626373],[-91.117172,29.617528],[-91.12291,29.607727],[-91.139456,29.608916],[-91.163704,29.592725],[-91.178054,29.609708],[-91.211049,29.590743],[-91.225207,29.576304],[-91.222964,29.563167],[-91.239714,29.548439],[-91.264274,29.543402],[-91.270624,29.53674],[-91.26565,29.514417],[-91.273668,29.479438],[-91.265602,29.472674],[-91.258338,29.444324],[-91.238277,29.437876],[-91.236864,29.437866],[-91.217454,29.432554],[-91.212005,29.420936],[-91.220192,29.404692],[-91.217833,29.396442],[-91.200093,29.389555],[-91.192846,29.371131],[-91.149707,29.353523],[-91.150539,29.344926],[-91.13307,29.341093],[-91.123682,29.319957],[-91.120235,29.300475],[-91.132119,29.285758],[-91.12809,29.273523],[-91.119403,29.266477],[-91.121661,29.251444],[-91.136397,29.250199],[-91.154461,29.254969],[-91.172406,29.266581],[-91.168009,29.288246],[-91.169435,29.303895],[-91.162067,29.318196],[-91.171693,29.325138],[-91.195817,29.305553],[-91.2222,29.325967],[-91.238243,29.350623],[-91.236993,29.371347],[-91.265458,29.360981],[-91.274314,29.344883],[-91.276653,29.32983],[-91.291827,29.311362],[-91.30932,29.305703],[-91.332756,29.305821],[-91.334891,29.29878],[-91.302683,29.265963],[-91.278798,29.247781],[-91.219038,29.226056],[-91.199653,29.221292],[-91.129147,29.215868],[-91.114766,29.207923],[-91.094021,29.187716],[-91.058636,29.181739],[-91.031792,29.182193],[-91.023961,29.174789],[-91.000102,29.169486],[-90.981464,29.171216],[-90.961284,29.180822],[-90.948097,29.174109],[-90.941883,29.162378],[-90.925803,29.153121],[-90.898221,29.131347],[-90.885357,29.117021],[-90.877589,29.104896],[-90.859976,29.094966],[-90.851534,29.0743],[-90.867859,29.056069],[-90.840593,29.046274],[-90.812556,29.042143],[-90.805939,29.064465],[-90.798417,29.096004],[-90.787959,29.107634],[-90.77251,29.103169],[-90.766687,29.113552],[-90.74482,29.117602],[-90.735788,29.134627],[-90.723191,29.135976],[-90.711426,29.116356],[-90.694313,29.125076],[-90.68136,29.156008],[-90.685044,29.165556],[-90.675893,29.174065],[-90.646777,29.168669],[-90.643212,29.192741],[-90.632516,29.214421],[-90.611838,29.214836],[-90.606134,29.224378],[-90.612447,29.232594],[-90.605289,29.238277],[-90.574879,29.227421],[-90.561807,29.234956],[-90.589734,29.25331],[-90.587951,29.271349],[-90.600073,29.288556],[-90.597577,29.303273],[-90.579633,29.311667],[-90.566204,29.303895],[-90.55432,29.28524],[-90.527259,29.304056],[-90.51332,29.30203],[-90.496392,29.295537],[-90.479094,29.292184],[-90.469468,29.298195],[-90.451642,29.321511],[-90.458178,29.335809],[-90.447364,29.347619],[-90.432271,29.346894],[-90.419674,29.324205],[-90.402561,29.312186],[-90.394005,29.299024],[-90.397213,29.281508],[-90.399767,29.261407],[-90.383879,29.261869],[-90.381114,29.256223]]]]},"properties":{"shapeName":"Terrebonne","shapeISO":"52423323B18014802865122","shapeGroup":"USA","shapeType":"ADM2","src_shape_id":"52423323B18014802865122","adm1ISO":"US-LA"}},
{"type":"Feature","geometry":{"type":"Polygon","coordinates":[[[-89.848617,30.66598],[-89.990782,30.665416],[-90.001763,30.666801],[-90.255654,30.711911],[-90.257541,30.710246],[-90.250371,30.695558],[-90.253247,30.664352],[-90.243675,30.646939],[-90.2487,30.616084],[-90.243178,30.596021],[-90.244817,30.580175],[-90.244311,30.503598],[-90.243561,30.363832],[-90.243655,30.361586],[-90.242068,30.359932],[-90.192067,30.310788],[-90.185514,30.288183],[-90.160642,30.234342],[-90.15404,30.203485],[-90.156262,30.189618],[-90.144664,30.180026],[-90.108125,30.164945],[-90.082533,30.157205],[-90.040283,30.155119],[-90.003409,30.163002],[-89.97443,30.176182],[-89.90324,30.198665],[-89.848409,30.190084],[-89.820799,30.180007],[-89.79742,30.160762],[-89.775921,30.159409],[-89.755324,30.169755],[-89.745446,30.177455],[-89.714043,30.161219],[-89.685293,30.175351],[-89.655412,30.159309],[-89.622885,30.152373],[-89.617547,30.156427],[-89.598032,30.152414],[-89.595026,30.149896],[-89.587067,30.150653],[-89.572098,30.160367],[-89.56283,30.168672],[-89.555018,30.170803],[-89.537498,30.17175],[-89.531218,30.177104],[-89.524509,30.180758],[-89.527957,30.188702],[-89.530457,30.192202],[-89.533357,30.194802],[-89.538657,30.195802],[-89.541458,30.195402],[-89.546958,30.193102],[-89.554658,30.185802],[-89.562258,30.182402],[-89.570159,30.180302],[-89.574459,30.181702],[-89.580759,30.186202],[-89.585759,30.192101],[-89.587359,30.195201],[-89.588859,30.200301],[-89.59666,30.211801],[-89.60126,30.216101],[-89.60766,30.217101],[-89.612561,30.219501],[-89.615861,30.2232],[-89.617062,30.2275],[-89.615862,30.2353],[-89.614061,30.2415],[-89.614162,30.2446],[-89.616162,30.2474],[-89.623862,30.2499],[-89.626928,30.25175],[-89.631795,30.256929],[-89.632231,30.260142],[-89.630655,30.262089],[-89.629763,30.2672],[-89.630526,30.276567],[-89.631417,30.279667],[-89.637653,30.285038],[-89.643446,30.287688],[-89.641711,30.303805],[-89.639878,30.307287],[-89.634214,30.308262],[-89.631649,30.309338],[-89.626227,30.314261],[-89.629883,30.321023],[-89.630405,30.332939],[-89.629733,30.339293],[-89.636305,30.343976],[-89.645205,30.348132],[-89.645623,30.35132],[-89.646706,30.352506],[-89.652699,30.355542],[-89.657197,30.356521],[-89.66028,30.363493],[-89.66221,30.371273],[-89.67014,30.382435],[-89.672768,30.389282],[-89.679159,30.399997],[-89.683692,30.405879],[-89.684124,30.412652],[-89.682326,30.412997],[-89.68014,30.411406],[-89.67852,30.414018],[-89.680521,30.42893],[-89.681952,30.434079],[-89.683527,30.434965],[-89.684822,30.439517],[-89.682835,30.445816],[-89.683416,30.451799],[-89.689785,30.459284],[-89.69587,30.463275],[-89.701805,30.465121],[-89.705544,30.472356],[-89.709557,30.477859],[-89.715892,30.477803],[-89.719658,30.483172],[-89.721187,30.488614],[-89.72462,30.491908],[-89.734621,30.494729],[-89.742402,30.497322],[-89.742822,30.49871],[-89.746441,30.502625],[-89.752937,30.502499],[-89.758581,30.505948],[-89.758868,30.513068],[-89.760576,30.515767],[-89.768139,30.515026],[-89.770002,30.521902],[-89.77075,30.527825],[-89.775361,30.538854],[-89.779571,30.544351],[-89.784,30.544081],[-89.788548,30.54447],[-89.795341,30.546569],[-89.795237,30.548138],[-89.791966,30.548794],[-89.79167,30.55153],[-89.794538,30.55656],[-89.802795,30.557909],[-89.803893,30.560587],[-89.802839,30.562885],[-89.800283,30.563701],[-89.796703,30.561724],[-89.792436,30.563093],[-89.790084,30.565339],[-89.790324,30.56753],[-89.794501,30.569659],[-89.799953,30.569357],[-89.806188,30.567549],[-89.80819,30.568801],[-89.806849,30.572045],[-89.809745,30.58472],[-89.807124,30.587343],[-89.812115,30.591479],[-89.816402,30.591652],[-89.818533,30.592694],[-89.819702,30.596791],[-89.817208,30.600897],[-89.813926,30.607727],[-89.816911,30.608626],[-89.821292,30.607136],[-89.823284,30.608236],[-89.822395,30.614468],[-89.820874,30.61826],[-89.823267,30.622809],[-89.818087,30.634025],[-89.821874,30.64403],[-89.824992,30.649429],[-89.833267,30.657522],[-89.836053,30.657304],[-89.851895,30.661205],[-89.852269,30.66294],[-89.848617,30.66598]]]},"properties":{"shapeName":"St. Tammany","shapeISO":"52423323B29403129163195","shapeGroup":"USA","shapeType":"ADM2","src_shape_id":"52423323B29403129163195","adm1ISO":"US-LA"}},
{"type":"Feature","geometry":{"type":"Polygon","coordinates":[[[-91.834286,31.26635],[-91.814203,31.250974],[-91.811007,31.237093],[-91.777572,31.222053],[-91.758466,31.222251],[-91.738376,31.204007],[-91.721862,31.199556],[-91.708156,31.208929],[-91.690965,31.201912],[-91.677308,31.188053],[-91.687269,31.161934],[-91.702711,31.161818],[-91.709342,31.153852],[-91.71901,31.134622],[-91.703453,31.105752],[-91.716263,31.093348],[-91.710315,31.078333],[-91.72381,31.04426],[-91.696612,31.039192],[-91.659814,31.043997],[-91.649252,31.037189],[-91.644123,31.022522],[-91.658327,30.994371],[-91.663148,30.984399],[-91.662512,30.970368],[-91.648772,30.983173],[-91.636948,30.999422],[-91.625124,31.00538],[-91.606496,31.011222],[-91.590469,31.017276],[-91.578419,31.024036],[-91.571701,31.029788],[-91.564403,31.038971],[-91.561238,31.046231],[-91.559913,31.054125],[-91.561289,31.060912],[-91.564156,31.066836],[-91.567654,31.070192],[-91.594699,31.09145],[-91.609529,31.101563],[-91.614769,31.104363],[-91.621541,31.110263],[-91.626,31.116902],[-91.626482,31.119131],[-91.625713,31.128769],[-91.624223,31.133735],[-91.621677,31.136876],[-91.604203,31.154551],[-91.599738,31.159598],[-91.597068,31.163498],[-91.591508,31.173124],[-91.589052,31.178592],[-91.588701,31.181031],[-91.588945,31.188965],[-91.589457,31.191146],[-91.590057,31.193699],[-91.595035,31.201975],[-91.601622,31.208579],[-91.625125,31.226077],[-91.644362,31.23442],[-91.652025,31.242697],[-91.654913,31.250181],[-91.654033,31.255759],[-91.651375,31.259534],[-91.648675,31.262244],[-91.641259,31.266923],[-91.637678,31.267686],[-91.621364,31.267817],[-91.606678,31.265906],[-91.587755,31.262569],[-91.574499,31.261295],[-91.564198,31.261639],[-91.553911,31.263056],[-91.53774,31.267375],[-91.518584,31.275289],[-91.51562,31.278216],[-91.512091,31.284183],[-91.508864,31.29165],[-91.508302,31.295835],[-91.507983,31.312949],[-91.510055,31.316828],[-91.518515,31.323338],[-91.531663,31.331807],[-91.533212,31.333231],[-91.536067,31.338361],[-91.545623,31.343768],[-91.548973,31.347261],[-91.5489,31.354004],[-91.550875,31.36058],[-91.551008,31.363651],[-91.549921,31.376321],[-91.546213,31.382486],[-91.552438,31.385664],[-91.555686,31.386419],[-91.56053,31.384565],[-91.562561,31.383225],[-91.568959,31.377635],[-91.57124,31.38467],[-91.573937,31.390892],[-91.57834,31.399073],[-91.578252,31.403865],[-91.576271,31.410504],[-91.570098,31.419493],[-91.565185,31.423453],[-91.554811,31.428576],[-91.552756,31.430698],[-91.548471,31.432674],[-91.545019,31.433032],[-91.540653,31.430764],[-91.537008,31.42319],[-91.53951,31.417916],[-91.539464,31.414027],[-91.532342,31.390281],[-91.526956,31.380861],[-91.521842,31.375176],[-91.515984,31.370292],[-91.508081,31.366282],[-91.504169,31.364956],[-91.478876,31.364961],[-91.472471,31.371332],[-91.471104,31.376923],[-91.471998,31.382149],[-91.472071,31.395931],[-91.476932,31.397802],[-91.480236,31.404397],[-91.490046,31.412722],[-91.500052,31.420526],[-91.506429,31.431466],[-91.513372,31.444402],[-91.515136,31.449212],[-91.517005,31.46058],[-91.518154,31.483489],[-91.517146,31.4984],[-91.515163,31.503386],[-91.514923,31.510119],[-91.516765,31.511778],[-91.520585,31.513213],[-91.522868,31.517499],[-91.522542,31.522084],[-91.521451,31.523918],[-91.515816,31.5309],[-91.513969,31.53209],[-91.506725,31.532972],[-91.500124,31.532622],[-91.489624,31.534272],[-91.483924,31.532572],[-91.479724,31.530372],[-91.450023,31.539672],[-91.443922,31.542472],[-91.437622,31.546172],[-91.426422,31.554572],[-91.414921,31.562172],[-91.407921,31.569372],[-91.406621,31.571972],[-91.405421,31.576472],[-91.403921,31.589772],[-91.413021,31.595371],[-91.422722,31.597071],[-91.430722,31.596471],[-91.436322,31.594971],[-91.457523,31.587572],[-91.466323,31.586072],[-91.479424,31.585472],[-91.485224,31.586172],[-91.494124,31.590171],[-91.502789,31.595733],[-91.513016,31.606891],[-91.516573,31.611824],[-91.517927,31.618648],[-91.516665,31.627338],[-91.515468,31.630378],[-91.512342,31.634728],[-91.507316,31.639074],[-91.499284,31.644664],[-91.497671,31.645377],[-91.492754,31.644285],[-91.487524,31.637071],[-91.482624,31.631571],[-91.479824,31.628971],[-91.474324,31.625371],[-91.463823,31.620371],[-91.436722,31.612671],[-91.429622,31.611371],[-91.421122,31.611571],[-91.416504,31.613139],[-91.401021,31.620371],[-91.398321,31.626271],[-91.396121,31.639271],[-91.395721,31.644171],[-91.398021,31.662671],[-91.400121,31.68817],[-91.400021,31.69787],[-91.397921,31.70937],[-91.397121,31.71137],[-91.380921,31.73247],[-91.380085,31.732766],[-91.377998,31.747591],[-91.398296,31.753218],[-91.485062,31.751051],[-91.544797,31.751737],[-91.536199,31.742724],[-91.537724,31.731811],[-91.54824,31.722665],[-91.57121,31.735054],[-91.584027,31.75577],[-91.601628,31.76187],[-91.614131,31.745563],[-91.635828,31.729125],[-91.662472,31.729374],[-91.67875,31.743107],[-91.686088,31.742121],[-91.696601,31.731802],[-91.701682,31.702986],[-91.714279,31.675998],[-91.705954,31.642869],[-91.727774,31.621438],[-91.737195,31.614094],[-91.756129,31.622676],[-91.774767,31.648833],[-91.806441,31.630771],[-91.815559,31.618331],[-91.820932,31.606377],[-91.824975,31.598009],[-91.826432,31.572478],[-91.813032,31.554878],[-91.779731,31.530979],[-91.777046,31.515317],[-91.78413,31.502279],[-91.802068,31.49111],[-91.79876,31.47336],[-91.778959,31.468121],[-91.738038,31.467416],[-91.727787,31.463592],[-91.720894,31.449549],[-91.724125,31.438839],[-91.738337,31.431578],[-91.766499,31.433141],[-91.784562,31.441387],[-91.807104,31.4388],[-91.824162,31.490425],[-91.833831,31.50088],[-91.847938,31.501658],[-91.855914,31.496016],[-91.855684,31.480211],[-91.864136,31.466173],[-91.855895,31.423837],[-91.84553,31.409501],[-91.817036,31.395625],[-91.785675,31.395027],[-91.776785,31.385221],[-91.789296,31.374653],[-91.808053,31.370724],[-91.831624,31.378993],[-91.845025,31.375922],[-91.863306,31.354454],[-91.867428,31.316193],[-91.862174,31.30232],[-91.841033,31.292446],[-91.823652,31.293216],[-91.823677,31.277583],[-91.834286,31.26635]]]},"properties":{"shapeName":"Concordia","shapeISO":"52423323B66255567298861","shapeGroup":"USA","shapeType":"ADM2","src_shape_id":"52423323B66255567298861","adm1ISO":"US-LA"}},
{"type":"Feature","geometry":{"type":"Polygon","coordinates":[[[-92.718989,31.5176],[-92.761557,31.486479],[-92.761657,31.476479],[-92.779038,31.476964],[-92.795957,31.455778],[-92.813557,31.455277],[-92.813162,31.441284],[-92.846838,31.433773],[-92.846963,31.418881],[-92.871553,31.41888],[-92.871559,31.403982],[-92.888577,31.403781],[-92.888392,31.389497],[-92.913497,31.38918],[-92.913025,31.368242],[-92.947346,31.367803],[-92.947101,31.346757],[-92.98147,31.34665],[-92.981399,31.339422],[-92.964592,31.339527],[-92.964487,31.332257],[-92.930293,31.332248],[-92.930259,31.324512],[-92.896657,31.324587],[-92.879762,31.317379],[-92.879548,31.288623],[-92.862559,31.288685],[-92.862558,31.274286],[-92.846358,31.274186],[-92.846258,31.253287],[-92.829657,31.252287],[-92.82767,31.011177],[-92.823938,30.890006],[-92.71918,30.8987],[-92.597447,30.898998],[-92.597747,30.896107],[-92.561052,30.898013],[-92.551708,30.902787],[-92.526378,30.89353],[-92.509049,30.895847],[-92.480226,30.918235],[-92.480336,30.952277],[-92.459675,30.95576],[-92.438876,30.969798],[-92.418657,30.974974],[-92.409383,30.992294],[-92.380216,31.00038],[-92.341769,30.981509],[-92.330784,30.963329],[-92.280744,30.965077],[-92.208305,30.962436],[-92.216378,30.991236],[-92.22713,31.074765],[-92.232271,31.116249],[-92.234264,31.131472],[-92.224993,31.141633],[-92.23377,31.151501],[-92.233236,31.321551],[-92.221843,31.331673],[-92.211071,31.327408],[-92.193862,31.33391],[-92.178274,31.323301],[-92.176744,31.311212],[-92.162704,31.303488],[-92.126402,31.305992],[-92.095841,31.324285],[-92.086724,31.33538],[-92.072396,31.34318],[-92.083294,31.364949],[-92.102658,31.377283],[-92.109302,31.372767],[-92.148767,31.404917],[-92.16188,31.43456],[-92.154487,31.447438],[-92.167498,31.455597],[-92.160704,31.467206],[-92.196137,31.477883],[-92.242268,31.468789],[-92.303439,31.458683],[-92.447488,31.429228],[-92.450307,31.428573],[-92.63195,31.390484],[-92.658652,31.388084],[-92.669666,31.404106],[-92.679153,31.396149],[-92.694518,31.400972],[-92.677612,31.414744],[-92.694428,31.428168],[-92.680161,31.444091],[-92.706239,31.450689],[-92.706954,31.470479],[-92.693153,31.47128],[-92.698731,31.491887],[-92.684175,31.492783],[-92.688002,31.500953],[-92.701956,31.494386],[-92.718989,31.5176]]]},"properties":{"shapeName":"Rapides","shapeISO":"52423323B78580900034992","shapeGroup":"USA","shapeType":"ADM2","src_shape_id":"52423323B78580900034992","adm1ISO":"US-LA"}},
{"type":"Feature","geometry":{"type":"Polygon","coordinates":[[[-91.435788,33.006105],[-91.453375,33.005849],[-91.460406,33.005916],[-91.489182,33.006188],[-91.500124,33.00679],[-91.5595,33.006846],[-91.572332,33.006914],[-91.579808,33.006524],[-91.626676,33.006645],[-91.735537,33.007575],[-91.755074,33.007016],[-91.875134,33.007734],[-91.950007,33.007526],[-91.951964,33.007434],[-92.069111,33.008169],[-92.07101,32.988649],[-92.08167,32.982106],[-92.076094,32.969615],[-92.085623,32.965199],[-92.076699,32.933877],[-92.077272,32.893165],[-92.084302,32.882182],[-92.078368,32.864935],[-92.056044,32.837536],[-92.06702,32.833953],[-92.065996,32.82144],[-92.052734,32.79474],[-92.063144,32.762185],[-92.052674,32.73696],[-92.069645,32.733519],[-92.065185,32.723009],[-92.052141,32.715163],[-92.055856,32.69808],[-92.042835,32.699254],[-92.050139,32.686433],[-92.031885,32.700378],[-92.044307,32.706572],[-92.033247,32.712342],[-92.016002,32.700665],[-91.975032,32.711434],[-91.967303,32.686228],[-91.936306,32.658879],[-91.911174,32.661145],[-91.92422,32.645261],[-91.924407,32.618593],[-91.943425,32.587125],[-91.925533,32.573731],[-91.927239,32.569938],[-91.904838,32.528627],[-91.904166,32.515332],[-91.913063,32.505908],[-91.903318,32.509844],[-91.89783,32.535666],[-91.889174,32.543394],[-91.866445,32.522489],[-91.839538,32.518488],[-91.837658,32.543537],[-91.818421,32.553841],[-91.816585,32.567209],[-91.804326,32.571322],[-91.769804,32.554381],[-91.759748,32.559577],[-91.747736,32.55749],[-91.735124,32.571483],[-91.734776,32.58786],[-91.705997,32.613183],[-91.671992,32.611193],[-91.647099,32.63993],[-91.637593,32.667347],[-91.621999,32.67995],[-91.624029,32.695676],[-91.638889,32.702478],[-91.628573,32.719118],[-91.617725,32.720822],[-91.597177,32.748903],[-91.595413,32.766213],[-91.602771,32.78745],[-91.589404,32.797527],[-91.591001,32.807955],[-91.577756,32.830016],[-91.566369,32.855567],[-91.534734,32.877476],[-91.511521,32.879013],[-91.494661,32.890802],[-91.498302,32.901711],[-91.475766,32.929729],[-91.479742,32.935426],[-91.456285,32.965848],[-91.437557,32.980938],[-91.449629,32.983831],[-91.435788,33.006105]]]},"properties":{"shapeName":"Morehouse","shapeISO":"52423323B62333237786738","shapeGroup":"USA","shapeType":"ADM2","src_shape_id":"52423323B62333237786738","adm1ISO":"US-LA"}},
{"type":"Feature","geometry":{"type":"Polygon","coordinates":[[[-90.228163,29.692033],[-90.195204,29.69051],[-90.183492,29.680619],[-90.170393,29.683528],[-90.155813,29.677535],[-90.155386,29.657433],[-90.161123,29.646235],[-90.157698,29.609431],[-90.151731,29.587876],[-90.164532,29.577677],[-90.158465,29.570037],[-90.186178,29.563346],[-90.192182,29.552745],[-90.174215,29.542897],[-90.166464,29.526509],[-90.146047,29.500237],[-90.13751,29.477168],[-90.114134,29.465689],[-90.09519,29.461426],[-90.080473,29.46592],[-90.06143,29.459162],[-90.049047,29.461528],[-90.037382,29.447837],[-90.037557,29.436349],[-90.020628,29.428466],[-90.0333,29.393283],[-90.029402,29.377026],[-90.035436,29.368239],[-90.030195,29.332076],[-90.003355,29.310397],[-89.99896,29.298344],[-90.015875,29.274012],[-90.029257,29.269294],[-90.056051,29.230387],[-90.063719,29.207238],[-90.090305,29.180715],[-90.089699,29.163821],[-90.079282,29.169975],[-90.058518,29.183692],[-90.022035,29.21607],[-89.956466,29.253749],[-89.950762,29.260806],[-89.944227,29.271722],[-89.904376,29.294931],[-89.930692,29.335566],[-89.946523,29.375228],[-89.96092,29.430751],[-89.977476,29.449376],[-89.979617,29.485601],[-89.978956,29.533648],[-89.988683,29.548897],[-89.980818,29.58016],[-89.984539,29.617401],[-90.002207,29.623426],[-90.01589,29.674418],[-90.029524,29.687096],[-90.04064,29.707989],[-90.067248,29.738669],[-90.065626,29.753123],[-90.075689,29.771855],[-90.067426,29.778605],[-90.06027,29.784951],[-90.071867,29.807901],[-90.068616,29.828835],[-90.057945,29.836878],[-90.041054,29.845214],[-90.027462,29.852855],[-90.017763,29.878539],[-90.008062,29.895533],[-90.014391,29.902962],[-90.018303,29.906834],[-90.050478,29.937309],[-90.058553,29.945339],[-90.058079,29.939196],[-90.059178,29.930409],[-90.068758,29.921074],[-90.083743,29.915056],[-90.107161,29.908495],[-90.12203,29.90964],[-90.127434,29.910864],[-90.13858,29.91881],[-90.13928,29.924909],[-90.13898,29.938409],[-90.1304,29.946512],[-90.137608,29.951494],[-90.130747,29.963924],[-90.127668,29.968348],[-90.125761,29.972337],[-90.124781,29.975796],[-90.124668,29.979258],[-90.120991,30.023553],[-90.118547,30.02985],[-90.119379,30.036642],[-90.108125,30.164945],[-90.144664,30.180026],[-90.156262,30.189618],[-90.22036,30.1756],[-90.259895,30.163415],[-90.27261,30.107805],[-90.279226,30.049123],[-90.279575,30.023524],[-90.279501,30.006802],[-90.280302,29.972623],[-90.279539,29.967976],[-90.267988,29.904893],[-90.243177,29.880709],[-90.240179,29.862122],[-90.173208,29.827529],[-90.16728,29.818465],[-90.202352,29.750674],[-90.228163,29.692033]]]},"properties":{"shapeName":"Jefferson","shapeISO":"52423323B43258201859657","shapeGroup":"USA","shapeType":"ADM2","src_shape_id":"52423323B43258201859657","adm1ISO":"US-LA"}},
{"type":"Feature","geometry":{"type":"Polygon","coordinates":[[[-90.547621,30.999729],[-90.567201,30.999739],[-90.567177,30.824812],[-90.567491,30.754119],[-90.566736,30.74779],[-90.565863,30.663908],[-90.567171,30.650029],[-90.567198,30.643095],[-90.566907,30.577058],[-90.567144,30.544205],[-90.566906,30.526136],[-90.566912,30.487066],[-90.558235,30.478925],[-90.55005,30.467668],[-90.55286,30.462927],[-90.545966,30.430125],[-90.519955,30.414224],[-90.488353,30.355423],[-90.473766,30.345251],[-90.485376,30.321698],[-90.485832,30.276997],[-90.420539,30.279842],[-90.399286,30.285986],[-90.37227,30.283643],[-90.350314,30.296836],[-90.32047,30.29899],[-90.300929,30.294685],[-90.243408,30.269976],[-90.160642,30.234342],[-90.185514,30.288183],[-90.192067,30.310788],[-90.242068,30.359932],[-90.243655,30.361586],[-90.243561,30.363832],[-90.244311,30.503598],[-90.244817,30.580175],[-90.243178,30.596021],[-90.2487,30.616084],[-90.243675,30.646939],[-90.253247,30.664352],[-90.250371,30.695558],[-90.257541,30.710246],[-90.255654,30.711911],[-90.253532,30.735555],[-90.264542,30.756978],[-90.262665,30.765297],[-90.277632,30.779885],[-90.279512,30.795011],[-90.293351,30.806496],[-90.290249,30.819793],[-90.301175,30.850794],[-90.317695,30.873645],[-90.316877,30.890938],[-90.329903,30.890913],[-90.333927,30.905526],[-90.346716,30.905433],[-90.347247,31.000365],[-90.369377,31.000341],[-90.380542,30.999878],[-90.442485,30.999728],[-90.4741,30.999804],[-90.486755,30.999699],[-90.547621,30.999729]]]},"properties":{"shapeName":"Tangipahoa","shapeISO":"52423323B76219766339167","shapeGroup":"USA","shapeType":"ADM2","src_shape_id":"52423323B76219766339167","adm1ISO":"US-LA"}},
{"type":"Feature","geometry":{"type":"Polygon","coordinates":[[[-92.73861,30.037328],[-92.756552,30.039331],[-92.996377,30.038484],[-93.128415,30.038375],[-93.128481,30.052592],[-93.168268,30.051859],[-93.179113,30.052198],[-93.312533,30.052107],[-93.341756,30.052237],[-93.530552,30.05176],[-93.720685,30.052211],[-93.722798,30.051167],[-93.737453,30.037288],[-93.739165,30.032632],[-93.739741,30.023992],[-93.741085,30.021576],[-93.786942,29.990585],[-93.789438,29.987817],[-93.807822,29.954554],[-93.813742,29.935131],[-93.816557,29.920731],[-93.819005,29.914827],[-93.830381,29.894364],[-93.838381,29.88286],[-93.854349,29.864996],[-93.863577,29.857182],[-93.872453,29.851655],[-93.890686,29.843164],[-93.900735,29.836972],[-93.916367,29.824973],[-93.922751,29.818813],[-93.927999,29.809645],[-93.929215,29.802957],[-93.928815,29.797085],[-93.926511,29.789565],[-93.922414,29.785053],[-93.898477,29.771582],[-93.893869,29.767294],[-93.890828,29.761678],[-93.893836,29.753038],[-93.891644,29.744623],[-93.888828,29.742239],[-93.873948,29.737775],[-93.870027,29.735487],[-93.863211,29.724064],[-93.837978,29.690624],[-93.819002,29.704081],[-93.799257,29.715265],[-93.766055,29.729505],[-93.741955,29.736348],[-93.683647,29.747158],[-93.635311,29.752811],[-93.590793,29.755654],[-93.538469,29.763304],[-93.475259,29.769247],[-93.43898,29.768954],[-93.380569,29.765611],[-93.346445,29.762648],[-93.295579,29.775076],[-93.267462,29.778118],[-93.22694,29.777524],[-93.176936,29.770492],[-93.088188,29.74913],[-93.031163,29.736338],[-92.993134,29.723851],[-92.947499,29.708782],[-92.879998,29.68029],[-92.786471,29.641151],[-92.741312,29.622144],[-92.655035,29.596107],[-92.617349,29.586159],[-92.614149,29.774101],[-92.615616,30.038173],[-92.73861,30.037328]]]},"properties":{"shapeName":"Cameron","shapeISO":"52423323B69509517878544","shapeGroup":"USA","shapeType":"ADM2","src_shape_id":"52423323B69509517878544","adm1ISO":"US-LA"}},
{"type":"Feature","geometry":{"type":"Polygon","coordinates":[[[-91.815264,30.848113],[-91.823078,30.85636],[-91.80433,30.863719],[-91.800186,30.924627],[-91.805969,30.972564],[-91.796527,30.982848],[-91.780479,30.9867],[-91.77418,31.002643],[-91.750125,31.01882],[-91.747558,31.023229],[-91.72381,31.04426],[-91.710315,31.078333],[-91.716263,31.093348],[-91.703453,31.105752],[-91.71901,31.134622],[-91.709342,31.153852],[-91.702711,31.161818],[-91.687269,31.161934],[-91.677308,31.188053],[-91.690965,31.201912],[-91.708156,31.208929],[-91.721862,31.199556],[-91.738376,31.204007],[-91.758466,31.222251],[-91.777572,31.222053],[-91.811007,31.237093],[-91.814203,31.250974],[-91.834286,31.26635],[-91.854859,31.264288],[-91.869682,31.280719],[-91.90893,31.296795],[-91.934311,31.289861],[-91.946528,31.271987],[-91.935397,31.238439],[-91.92046,31.231678],[-91.940968,31.221524],[-91.946575,31.239673],[-91.962681,31.242327],[-91.973868,31.225339],[-91.992047,31.226159],[-91.992201,31.239011],[-92.004248,31.243463],[-91.988028,31.248903],[-92.003198,31.258917],[-92.009855,31.282513],[-92.019831,31.280466],[-92.016537,31.302451],[-92.010893,31.29243],[-91.996462,31.299656],[-92.007161,31.306645],[-92.001708,31.317658],[-92.008127,31.325803],[-92.025954,31.343015],[-92.081363,31.324149],[-92.086724,31.33538],[-92.095841,31.324285],[-92.126402,31.305992],[-92.162704,31.303488],[-92.176744,31.311212],[-92.178274,31.323301],[-92.193862,31.33391],[-92.211071,31.327408],[-92.221843,31.331673],[-92.233236,31.321551],[-92.23377,31.151501],[-92.224993,31.141633],[-92.234264,31.131472],[-92.232271,31.116249],[-92.22713,31.074765],[-92.216378,30.991236],[-92.208305,30.962436],[-92.280744,30.965077],[-92.280721,30.93596],[-92.238225,30.892214],[-92.237704,30.848216],[-92.212717,30.848613],[-92.124884,30.849948],[-92.028877,30.849503],[-91.815264,30.848113]]]},"properties":{"shapeName":"Avoyelles","shapeISO":"52423323B56288271705093","shapeGroup":"USA","shapeType":"ADM2","src_shape_id":"52423323B56288271705093","adm1ISO":"US-LA"}},
{"type":"Feature","geometry":{"type":"Polygon","coordinates":[[[-92.823938,30.890006],[-92.82767,31.011177],[-92.829657,31.252287],[-92.846258,31.253287],[-92.846358,31.274186],[-92.862558,31.274286],[-92.862559,31.288685],[-92.879548,31.288623],[-92.879762,31.317379],[-92.896657,31.324587],[-92.930259,31.324512],[-92.930293,31.332248],[-92.964487,31.332257],[-92.964592,31.339527],[-92.981399,31.339422],[-92.98147,31.34665],[-92.992019,31.360436],[-93.032315,31.360485],[-93.236111,31.364513],[-93.390502,31.364153],[-93.442561,31.276722],[-93.535421,31.276408],[-93.53589,31.252721],[-93.552146,31.238136],[-93.541507,31.226932],[-93.551288,31.215434],[-93.544356,31.202787],[-93.552547,31.185611],[-93.548938,31.186607],[-93.535104,31.18562],[-93.533314,31.184469],[-93.531751,31.180823],[-93.536837,31.158626],[-93.54026,31.156585],[-93.544017,31.153021],[-93.544895,31.14885],[-93.544709,31.135895],[-93.540285,31.128874],[-93.539626,31.12185],[-93.541382,31.113508],[-93.549724,31.105166],[-93.5517,31.097264],[-93.551041,31.091117],[-93.546651,31.082995],[-93.540136,31.078009],[-93.531047,31.074705],[-93.526051,31.070779],[-93.523017,31.065247],[-93.525337,31.060607],[-93.532076,31.05527],[-93.531226,31.051684],[-93.523255,31.037848],[-93.51695,31.03259],[-93.516414,31.029556],[-93.51695,31.023668],[-93.539533,31.008504],[-93.555588,31.003925],[-93.562633,31.006001],[-93.566024,31.004573],[-93.567987,31.00154],[-93.569771,30.996721],[-93.571913,30.98762],[-93.567979,30.977987],[-93.56054,30.971292],[-93.549848,30.967124],[-93.532556,30.950702],[-93.526252,30.939417],[-93.526154,30.930041],[-93.530943,30.92454],[-93.542496,30.920069],[-93.546891,30.921516],[-93.549251,30.921011],[-93.551949,30.918651],[-93.555657,30.911233],[-93.5565,30.901456],[-93.564255,30.89505],[-93.567795,30.888307],[-93.567458,30.878529],[-93.565435,30.874315],[-93.558624,30.869429],[-93.558614,30.868827],[-93.554604,30.877466],[-93.522819,30.879568],[-93.500351,30.865031],[-93.478432,30.859367],[-93.458538,30.866446],[-93.435659,30.881821],[-93.386805,30.883075],[-93.280171,30.882847],[-93.276038,30.883074],[-93.20496,30.88317],[-93.155354,30.882733],[-93.133721,30.878127],[-92.978459,30.878181],[-92.823558,30.8756],[-92.823938,30.890006]]]},"properties":{"shapeName":"Vernon","shapeISO":"52423323B35564374613878","shapeGroup":"USA","shapeType":"ADM2","src_shape_id":"52423323B35564374613878","adm1ISO":"US-LA"}},
{"type":"Feature","geometry":{"type":"MultiPolygon","coordinates":[[[[-89.626774,29.53521],[-89.617742,29.520526],[-89.599678,29.507599],[-89.590409,29.518872],[-89.578406,29.532314],[-89.56462,29.543791],[-89.575197,29.549891],[-89.588983,29.547617],[-89.610849,29.536554],[-89.626774,29.53521]]],[[[-89.910714,29.86787],[-89.917593,29.866666],[-89.9354,29.892966],[-89.987272,29.905009],[-89.989189,29.889393],[-90.008062,29.895533],[-90.017763,29.878539],[-90.027462,29.852855],[-90.041054,29.845214],[-90.057945,29.836878],[-90.068616,29.828835],[-90.071867,29.807901],[-90.06027,29.784951],[-90.067426,29.778605],[-90.075689,29.771855],[-90.065626,29.753123],[-90.067248,29.738669],[-90.04064,29.707989],[-90.029524,29.687096],[-90.01589,29.674418],[-90.002207,29.623426],[-89.984539,29.617401],[-89.980818,29.58016],[-89.988683,29.548897],[-89.978956,29.533648],[-89.979617,29.485601],[-89.977476,29.449376],[-89.96092,29.430751],[-89.946523,29.375228],[-89.930692,29.335566],[-89.904376,29.294931],[-89.883469,29.307108],[-89.842647,29.318828],[-89.808519,29.31385],[-89.782155,29.311137],[-89.726167,29.304031],[-89.697263,29.296684],[-89.671786,29.289033],[-89.639668,29.290536],[-89.623981,29.269183],[-89.608294,29.264207],[-89.606656,29.252028],[-89.536605,29.236217],[-89.482849,29.215058],[-89.472315,29.207555],[-89.455834,29.190996],[-89.447477,29.178581],[-89.432937,29.149028],[-89.42897,29.144515],[-89.417723,29.138695],[-89.409376,29.12786],[-89.39052,29.123581],[-89.35059,29.129603],[-89.331873,29.14865],[-89.325693,29.177084],[-89.328545,29.190572],[-89.318562,29.201569],[-89.295032,29.198872],[-89.282266,29.18144],[-89.281484,29.159858],[-89.278632,29.137647],[-89.295745,29.133703],[-89.296221,29.126436],[-89.312383,29.117508],[-89.302638,29.09778],[-89.312858,29.087396],[-89.310006,29.070986],[-89.329733,29.056028],[-89.343756,29.052911],[-89.362117,29.012128],[-89.393016,28.987078],[-89.41987,28.929714],[-89.400971,28.933817],[-89.364375,28.964726],[-89.293071,29.041327],[-89.259359,29.058363],[-89.251732,29.083177],[-89.225962,29.069409],[-89.217519,29.05568],[-89.218678,29.02252],[-89.142871,28.991628],[-89.137748,29.018883],[-89.148797,29.029675],[-89.146958,29.051664],[-89.130795,29.070778],[-89.116535,29.074102],[-89.11083,29.081164],[-89.106314,29.111486],[-89.098709,29.117716],[-89.085874,29.111694],[-89.066622,29.090719],[-89.039526,29.135468],[-89.097045,29.138789],[-89.110355,29.152698],[-89.089439,29.166396],[-89.051178,29.170488],[-89.032511,29.18074],[-89.014285,29.166918],[-89.003874,29.179886],[-89.025979,29.215158],[-89.057131,29.210539],[-89.066384,29.197523],[-89.091341,29.191091],[-89.112732,29.202295],[-89.116658,29.219537],[-89.115109,29.252906],[-89.129693,29.265637],[-89.136984,29.275244],[-89.134342,29.279345],[-89.14028,29.29109],[-89.157598,29.296696],[-89.16502,29.303044],[-89.178226,29.326975],[-89.177356,29.335215],[-89.179552,29.339613],[-89.189359,29.345066],[-89.200604,29.347677],[-89.200394,29.344423],[-89.204708,29.338679],[-89.219739,29.324417],[-89.223449,29.318071],[-89.224197,29.313797],[-89.240875,29.310086],[-89.25355,29.322807],[-89.257857,29.336877],[-89.265305,29.345357],[-89.272548,29.3512],[-89.31209,29.388043],[-89.319927,29.362685],[-89.338587,29.35545],[-89.34762,29.365005],[-89.336594,29.378233],[-89.340309,29.381417],[-89.355533,29.381574],[-89.373114,29.38718],[-89.380006,29.39179],[-89.422385,29.390633],[-89.457308,29.393153],[-89.470147,29.401476],[-89.477145,29.411246],[-89.482323,29.406227],[-89.484359,29.397476],[-89.487313,29.393351],[-89.505043,29.386045],[-89.508556,29.386173],[-89.518373,29.400235],[-89.531948,29.425684],[-89.532155,29.434572],[-89.528434,29.454707],[-89.551093,29.463451],[-89.572107,29.475222],[-89.569612,29.494049],[-89.608465,29.490444],[-89.640203,29.503565],[-89.657197,29.532314],[-89.681097,29.534492],[-89.684491,29.551078],[-89.684491,29.563268],[-89.663673,29.564415],[-89.641807,29.575578],[-89.650363,29.586947],[-89.671087,29.588248],[-89.684491,29.602872],[-89.688146,29.61506],[-89.684491,29.624809],[-89.674741,29.626638],[-89.649113,29.613022],[-89.637766,29.59666],[-89.60259,29.582193],[-89.602114,29.6103],[-89.665694,29.64315],[-89.641233,29.647966],[-89.610832,29.638565],[-89.583341,29.652839],[-89.535207,29.648572],[-89.524848,29.640801],[-89.518605,29.649122],[-89.570933,29.665051],[-89.628186,29.680687],[-89.660287,29.708752],[-89.683858,29.716038],[-89.692213,29.738462],[-89.705039,29.752797],[-89.721051,29.757657],[-89.758029,29.758503],[-89.767733,29.755328],[-89.79076,29.760826],[-89.786204,29.773286],[-89.80301,29.792729],[-89.816401,29.801332],[-89.830666,29.801251],[-89.859821,29.793047],[-89.869726,29.795456],[-89.878491,29.815198],[-89.895938,29.833242],[-89.910714,29.86787]]]]},"properties":{"shapeName":"Plaquemines","shapeISO":"52423323B22525297064489","shapeGroup":"USA","shapeType":"ADM2","src_shape_id":"52423323B22525297064489","adm1ISO":"US-LA"}},
{"type":"Feature","geometry":{"type":"Polygon","coordinates":[[[-89.85612,29.997073],[-89.857564,30.004444],[-89.839939,30.024151],[-89.818567,30.043333],[-89.78254,30.045377],[-89.763222,30.042113],[-89.746511,30.032604],[-89.733329,30.022059],[-89.724655,30.022459],[-89.716383,30.026227],[-89.716306,30.028115],[-89.731551,30.049696],[-89.731005,30.057586],[-89.727459,30.062666],[-89.712948,30.069093],[-89.698502,30.070496],[-89.683718,30.076023],[-89.682187,30.091541],[-89.678169,30.108291],[-89.674639,30.110411],[-89.669188,30.110672],[-89.656992,30.118386],[-89.640995,30.138617],[-89.622885,30.152373],[-89.655412,30.159309],[-89.685293,30.175351],[-89.714043,30.161219],[-89.745446,30.177455],[-89.755324,30.169755],[-89.775921,30.159409],[-89.79742,30.160762],[-89.820799,30.180007],[-89.848409,30.190084],[-89.90324,30.198665],[-89.97443,30.176182],[-90.003409,30.163002],[-90.040283,30.155119],[-90.082533,30.157205],[-90.108125,30.164945],[-90.119379,30.036642],[-90.118547,30.02985],[-90.120991,30.023553],[-90.124668,29.979258],[-90.124781,29.975796],[-90.125761,29.972337],[-90.127668,29.968348],[-90.130747,29.963924],[-90.137608,29.951494],[-90.1304,29.946512],[-90.13898,29.938409],[-90.13928,29.924909],[-90.13858,29.91881],[-90.127434,29.910864],[-90.12203,29.90964],[-90.107161,29.908495],[-90.083743,29.915056],[-90.068758,29.921074],[-90.059178,29.930409],[-90.058079,29.939196],[-90.058553,29.945339],[-90.050478,29.937309],[-90.018303,29.906834],[-90.014391,29.902962],[-90.008062,29.895533],[-89.989189,29.889393],[-89.987272,29.905009],[-89.9354,29.892966],[-89.917593,29.866666],[-89.910714,29.86787],[-89.9027,29.878073],[-89.90779,29.897156],[-89.926901,29.920622],[-89.969774,29.924707],[-90.012108,29.945985],[-89.989888,29.989495],[-89.974297,29.994697],[-89.953044,29.98117],[-89.945371,29.982406],[-89.914174,29.999103],[-89.894545,30.00233],[-89.879705,29.985448],[-89.859313,30.002864],[-89.85612,29.997073]]]},"properties":{"shapeName":"Orleans","shapeISO":"52423323B18472828692910","shapeGroup":"USA","shapeType":"ADM2","src_shape_id":"52423323B18472828692910","adm1ISO":"US-LA"}},
{"type":"Feature","geometry":{"type":"Polygon","coordinates":[[[-91.471957,29.955994],[-91.624715,29.94528],[-91.671815,29.890909],[-91.711155,29.84607],[-91.840817,29.750213],[-91.858559,29.736073],[-91.859164,29.727773],[-91.881005,29.713343],[-91.853993,29.707623],[-91.830505,29.718923],[-91.78368,29.740694],[-91.752265,29.748269],[-91.737259,29.749375],[-91.710941,29.738998],[-91.667134,29.745827],[-91.632835,29.742581],[-91.621518,29.735434],[-91.618096,29.720699],[-91.618485,29.710821],[-91.623835,29.699245],[-91.626832,29.684758],[-91.62512,29.671684],[-91.627292,29.662137],[-91.63735,29.647222],[-91.643204,29.640279],[-91.646484,29.639432],[-91.648663,29.636718],[-91.648947,29.63364],[-91.643838,29.63063],[-91.62512,29.6262],[-91.600185,29.631161],[-91.581849,29.63717],[-91.570595,29.638317],[-91.560914,29.637355],[-91.553543,29.632771],[-91.54198,29.594358],[-91.537451,29.565893],[-91.529223,29.558603],[-91.525529,29.551909],[-91.525846,29.545951],[-91.531477,29.535379],[-91.531027,29.531548],[-91.51728,29.529745],[-91.496142,29.538936],[-91.486417,29.521695],[-91.485596,29.499121],[-91.460969,29.469966],[-91.434865,29.482401],[-91.417298,29.485116],[-91.394313,29.49712],[-91.379367,29.512376],[-91.357619,29.512996],[-91.34046,29.488468],[-91.32043,29.478321],[-91.333072,29.463027],[-91.353102,29.454736],[-91.34752,29.444443],[-91.364266,29.435435],[-91.363973,29.420669],[-91.32963,29.42662],[-91.334057,29.39153],[-91.309923,29.400541],[-91.301878,29.413127],[-91.287431,29.403116],[-91.2761,29.409341],[-91.257222,29.438009],[-91.238277,29.437876],[-91.258338,29.444324],[-91.265602,29.472674],[-91.273668,29.479438],[-91.26565,29.514417],[-91.270624,29.53674],[-91.264274,29.543402],[-91.239714,29.548439],[-91.222964,29.563167],[-91.225207,29.576304],[-91.211049,29.590743],[-91.178054,29.609708],[-91.163704,29.592725],[-91.139456,29.608916],[-91.12291,29.607727],[-91.117172,29.617528],[-91.082608,29.626373],[-91.086169,29.634843],[-91.105255,29.643017],[-91.095219,29.696244],[-91.100016,29.699407],[-91.134123,29.724078],[-91.180915,29.728553],[-91.215201,29.751216],[-91.229404,29.748927],[-91.29859,29.764971],[-91.351776,29.766289],[-91.386497,29.783686],[-91.373648,29.834406],[-91.401136,29.873531],[-91.413565,29.904998],[-91.471966,29.947969],[-91.471957,29.955994]]]},"properties":{"shapeName":"St. Mary","shapeISO":"52423323B82500281635270","shapeGroup":"USA","shapeType":"ADM2","src_shape_id":"52423323B82500281635270","adm1ISO":"US-LA"}},
{"type":"Feature","geometry":{"type":"Polygon","coordinates":[[[-93.614697,32.237532],[-93.596931,32.218193],[-93.593002,32.205529],[-93.556908,32.19211],[-93.53597,32.193132],[-93.526507,32.182211],[-93.520742,32.144627],[-93.509512,32.132185],[-93.522634,32.125687],[-93.54136,32.105886],[-93.510765,32.078349],[-93.50156,32.062981],[-93.480319,32.057049],[-93.481186,32.032037],[-93.460373,32.020265],[-93.441773,31.989364],[-93.406589,31.987984],[-93.372629,31.961669],[-93.366083,31.935758],[-93.355459,31.932228],[-93.350488,31.898742],[-93.315098,31.889974],[-93.303813,31.897626],[-93.282382,31.887448],[-93.245479,31.910897],[-93.239506,31.903611],[-93.238477,31.972787],[-93.121195,31.972616],[-93.136107,31.983248],[-93.158105,32.009413],[-93.156499,32.024757],[-93.137328,32.056342],[-93.164313,32.093323],[-93.152402,32.104518],[-93.187169,32.148418],[-93.191908,32.178368],[-93.211151,32.192237],[-93.21315,32.235763],[-93.428197,32.235903],[-93.471256,32.237192],[-93.614697,32.237532]]]},"properties":{"shapeName":"Red River","shapeISO":"52423323B2790682775413","shapeGroup":"USA","shapeType":"ADM2","src_shape_id":"52423323B2790682775413","adm1ISO":"US-LA"}},
{"type":"Feature","geometry":{"type":"Polygon","coordinates":[[[-92.311857,32.277447],[-92.16475,32.276703],[-92.152634,32.258651],[-92.106121,32.258558],[-92.106391,32.276638],[-92.034403,32.277074],[-92.020185,32.296796],[-92.017676,32.308787],[-92.006198,32.35425],[-92.011429,32.363112],[-91.993637,32.397908],[-91.983637,32.413865],[-91.944187,32.449106],[-91.933307,32.490938],[-91.919722,32.497428],[-91.913063,32.505908],[-91.904166,32.515332],[-91.904838,32.528627],[-91.927239,32.569938],[-91.925533,32.573731],[-91.943425,32.587125],[-91.924407,32.618593],[-91.92422,32.645261],[-91.911174,32.661145],[-91.936306,32.658879],[-91.967303,32.686228],[-91.975032,32.711434],[-92.016002,32.700665],[-92.033247,32.712342],[-92.044307,32.706572],[-92.031885,32.700378],[-92.050139,32.686433],[-92.042835,32.699254],[-92.055856,32.69808],[-92.052141,32.715163],[-92.065185,32.723009],[-92.090177,32.687697],[-92.120873,32.673595],[-92.139046,32.675369],[-92.138125,32.660776],[-92.1837,32.633048],[-92.221678,32.610347],[-92.224271,32.5901],[-92.272319,32.580981],[-92.31288,32.582809],[-92.415077,32.582851],[-92.415356,32.495492],[-92.415424,32.407818],[-92.311835,32.320761],[-92.311857,32.277447]]]},"properties":{"shapeName":"Ouachita","shapeISO":"52423323B30990812518613","shapeGroup":"USA","shapeType":"ADM2","src_shape_id":"52423323B30990812518613","adm1ISO":"US-LA"}},
{"type":"Feature","geometry":{"type":"Polygon","coordinates":[[[-90.656318,29.889251],[-90.651615,29.891545],[-90.627104,29.895047],[-90.609354,29.883099],[-90.593511,29.892932],[-90.536601,29.891497],[-90.529607,29.885002],[-90.532209,29.967943],[-90.549346,29.968057],[-90.549772,30.002436],[-90.538397,30.013406],[-90.475773,30.03591],[-90.467794,30.031714],[-90.450224,30.033111],[-90.407012,30.083114],[-90.34972,30.120256],[-90.326643,30.150193],[-90.259895,30.163415],[-90.22036,30.1756],[-90.156262,30.189618],[-90.15404,30.203485],[-90.160642,30.234342],[-90.243408,30.269976],[-90.300929,30.294685],[-90.32047,30.29899],[-90.350314,30.296836],[-90.37227,30.283643],[-90.399286,30.285986],[-90.420539,30.279842],[-90.485832,30.276997],[-90.509082,30.23014],[-90.554153,30.195633],[-90.577821,30.197173],[-90.592027,30.208329],[-90.599506,30.216841],[-90.632817,30.221414],[-90.642004,30.166435],[-90.653715,30.096261],[-90.670767,30.093991],[-90.661208,30.050784],[-90.672824,30.046057],[-90.688856,30.035958],[-90.671295,29.992608],[-90.675413,29.98725],[-90.666825,29.980889],[-90.674742,29.966023],[-90.666047,29.951509],[-90.665045,29.90742],[-90.656318,29.889251]]]},"properties":{"shapeName":"St. John the Baptist","shapeISO":"52423323B25245708603821","shapeGroup":"USA","shapeType":"ADM2","src_shape_id":"52423323B25245708603821","adm1ISO":"US-LA"}},
{"type":"Feature","geometry":{"type":"Polygon","coordinates":[[[-90.849047,30.719317],[-90.844187,30.708053],[-90.870922,30.693335],[-90.910707,30.649391],[-90.852668,30.64957],[-90.634609,30.649833],[-90.567171,30.650029],[-90.565863,30.663908],[-90.566736,30.74779],[-90.567491,30.754119],[-90.567177,30.824812],[-90.567201,30.999739],[-90.588682,30.999656],[-90.651199,30.999516],[-90.734479,30.99922],[-90.758781,30.999589],[-90.769339,30.99938],[-90.783751,30.999453],[-90.825835,30.999366],[-90.844217,30.982711],[-90.845248,30.96253],[-90.862702,30.944252],[-90.845372,30.88858],[-90.856794,30.872349],[-90.857989,30.87315],[-90.858299,30.8589],[-90.840959,30.847246],[-90.848213,30.839681],[-90.834741,30.813183],[-90.844678,30.792892],[-90.841951,30.76548],[-90.850402,30.754332],[-90.839213,30.724551],[-90.849047,30.719317]]]},"properties":{"shapeName":"St. Helena","shapeISO":"52423323B72303975114408","shapeGroup":"USA","shapeType":"ADM2","src_shape_id":"52423323B72303975114408","adm1ISO":"US-LA"}},
{"type":"Feature","geometry":{"type":"Polygon","coordinates":[[[-91.889693,31.97148],[-91.844515,31.953263],[-91.850295,31.944868],[-91.823553,31.917822],[-91.804803,31.918472],[-91.794981,31.902875],[-91.804875,31.893199],[-91.778661,31.887692],[-91.779835,31.871902],[-91.756673,31.884692],[-91.729164,31.882516],[-91.722227,31.893087],[-91.696596,31.903506],[-91.682175,31.923522],[-91.670331,31.925319],[-91.655028,31.950055],[-91.647506,31.970434],[-91.596928,31.969764],[-91.597128,31.882666],[-91.575727,31.882566],[-91.569227,31.893566],[-91.543226,31.913765],[-91.525022,31.915525],[-91.51138,31.930031],[-91.51281,31.954098],[-91.52821,31.959349],[-91.512184,31.975361],[-91.514788,31.985402],[-91.498432,31.990734],[-91.497348,32.010563],[-91.510018,32.020545],[-91.501711,32.045875],[-91.501736,32.066384],[-91.492254,32.069837],[-91.48989,32.089447],[-91.509445,32.097668],[-91.50123,32.105776],[-91.50573,32.14578],[-91.492425,32.156456],[-91.492724,32.203355],[-91.53552,32.20375],[-91.546566,32.210077],[-91.525758,32.220838],[-91.509466,32.2442],[-91.525105,32.234332],[-91.557205,32.24966],[-91.543027,32.259012],[-91.523644,32.253051],[-91.526725,32.300681],[-91.503316,32.295197],[-91.504113,32.313455],[-91.472397,32.316535],[-91.4781,32.342923],[-91.494342,32.338658],[-91.500535,32.347724],[-91.484992,32.366541],[-91.480538,32.355246],[-91.465958,32.351059],[-91.450684,32.361737],[-91.451711,32.368563],[-91.475798,32.385154],[-91.476745,32.405814],[-91.634889,32.405259],[-91.658304,32.386176],[-91.680259,32.38355],[-91.680392,32.37315],[-91.69883,32.3696],[-91.701544,32.344885],[-91.723194,32.333627],[-91.761306,32.334995],[-91.761856,32.29851],[-91.774123,32.277357],[-91.769171,32.257194],[-91.775025,32.243339],[-91.797054,32.225131],[-91.819774,32.213678],[-91.830509,32.181019],[-91.837291,32.176164],[-91.87274,32.17183],[-91.894735,32.151556],[-91.894391,32.137993],[-91.875966,32.127265],[-91.869483,32.11536],[-91.874472,32.10407],[-91.868208,32.091561],[-91.898023,32.085571],[-91.900121,32.076147],[-91.911087,32.085046],[-91.933235,32.066888],[-91.922114,32.066303],[-91.90902,32.046216],[-91.898502,32.040199],[-91.902821,32.02545],[-91.894385,32.010557],[-91.902057,31.995811],[-91.889693,31.97148]]]},"properties":{"shapeName":"Franklin","shapeISO":"52423323B94132750651187","shapeGroup":"USA","shapeType":"ADM2","src_shape_id":"52423323B94132750651187","adm1ISO":"US-LA"}},
{"type":"Feature","geometry":{"type":"Polygon","coordinates":[[[-90.567171,30.650029],[-90.634609,30.649833],[-90.852668,30.64957],[-90.910707,30.649391],[-90.940588,30.619896],[-90.934447,30.612836],[-90.972253,30.596893],[-90.985607,30.584692],[-90.971308,30.562693],[-90.972958,30.540934],[-90.980937,30.535561],[-90.982203,30.52212],[-90.967896,30.504387],[-90.976522,30.467272],[-90.991535,30.461823],[-90.97345,30.437706],[-90.982357,30.42347],[-90.9658,30.414718],[-90.972352,30.397524],[-90.949203,30.39445],[-90.937236,30.36657],[-90.906191,30.361228],[-90.897521,30.347986],[-90.895583,30.347856],[-90.891734,30.345249],[-90.858515,30.34377],[-90.850976,30.330646],[-90.830758,30.31863],[-90.824051,30.292697],[-90.810916,30.275706],[-90.784701,30.280271],[-90.790915,30.266814],[-90.774583,30.249813],[-90.76781,30.239754],[-90.749115,30.241286],[-90.731413,30.221158],[-90.734419,30.211883],[-90.722638,30.206519],[-90.719545,30.189999],[-90.703276,30.185811],[-90.69456,30.175168],[-90.673293,30.198018],[-90.678974,30.206695],[-90.661696,30.213727],[-90.660428,30.225535],[-90.6493,30.232301],[-90.632817,30.221414],[-90.599506,30.216841],[-90.592027,30.208329],[-90.577821,30.197173],[-90.554153,30.195633],[-90.509082,30.23014],[-90.485832,30.276997],[-90.485376,30.321698],[-90.473766,30.345251],[-90.488353,30.355423],[-90.519955,30.414224],[-90.545966,30.430125],[-90.55286,30.462927],[-90.55005,30.467668],[-90.558235,30.478925],[-90.566912,30.487066],[-90.566906,30.526136],[-90.567144,30.544205],[-90.566907,30.577058],[-90.567198,30.643095],[-90.567171,30.650029]]]},"properties":{"shapeName":"Livingston","shapeISO":"52423323B76509893462522","shapeGroup":"USA","shapeType":"ADM2","src_shape_id":"52423323B76509893462522","adm1ISO":"US-LA"}},
{"type":"Feature","geometry":{"type":"Polygon","coordinates":[[[-92.988714,33.017304],[-93.070693,33.017798],[-93.081435,33.017934],[-93.10145,33.017746],[-93.197409,33.017957],[-93.21566,33.018399],[-93.238614,33.017998],[-93.237388,32.716256],[-93.186578,32.716761],[-93.186293,32.672663],[-93.173596,32.633074],[-93.177913,32.622675],[-93.178774,32.584922],[-93.002749,32.584101],[-92.938605,32.584616],[-92.880811,32.585283],[-92.866567,32.607464],[-92.860276,32.641419],[-92.868781,32.678007],[-92.839661,32.709675],[-92.828055,32.714394],[-92.828541,32.75882],[-92.725445,32.759546],[-92.725409,32.803463],[-92.734063,32.803442],[-92.734051,32.818004],[-92.725375,32.817985],[-92.724749,33.014353],[-92.733203,33.014353],[-92.796539,33.014842],[-92.84408,33.01604],[-92.867517,33.016068],[-92.94656,33.016813],[-92.971144,33.017198],[-92.988714,33.017304]]]},"properties":{"shapeName":"Claiborne","shapeISO":"52423323B9246238437830","shapeGroup":"USA","shapeType":"ADM2","src_shape_id":"52423323B9246238437830","adm1ISO":"US-LA"}},
{"type":"Feature","geometry":{"type":"Polygon","coordinates":[[[-91.069794,32.562802],[-91.049318,32.57363],[-91.043457,32.576275],[-91.036176,32.579562],[-91.030997,32.583353],[-91.022949,32.591854],[-91.016237,32.596959],[-91.013729,32.598425],[-91.010234,32.601933],[-91.004605,32.609786],[-91.003003,32.614684],[-91.002968,32.622561],[-91.003506,32.624851],[-91.006826,32.631267],[-91.014292,32.640488],[-91.019121,32.643851],[-91.025775,32.646579],[-91.030187,32.644058],[-91.038421,32.636449],[-91.040407,32.632527],[-91.041454,32.625141],[-91.043269,32.620785],[-91.048906,32.613562],[-91.049802,32.607194],[-91.06136,32.605378],[-91.079512,32.600686],[-91.08779,32.597076],[-91.10571,32.590885],[-91.11277,32.590192],[-91.118647,32.585145],[-91.125114,32.585193],[-91.127918,32.586499],[-91.135286,32.591657],[-91.141154,32.597215],[-91.14408,32.600619],[-91.14621,32.60415],[-91.151324,32.615925],[-91.153562,32.626187],[-91.15375,32.635234],[-91.152705,32.640763],[-91.149759,32.644047],[-91.144353,32.648035],[-91.137644,32.650627],[-91.130934,32.658876],[-91.127729,32.665349],[-91.118264,32.674081],[-91.104449,32.68244],[-91.098768,32.685297],[-91.081151,32.691133],[-91.076067,32.693757],[-91.063952,32.702932],[-91.057049,32.712582],[-91.054755,32.719235],[-91.054487,32.722265],[-91.057005,32.725586],[-91.060772,32.7275],[-91.077182,32.73254],[-91.090579,32.736106],[-91.113658,32.739976],[-91.123158,32.742804],[-91.131697,32.743113],[-91.15025,32.741792],[-91.158616,32.743455],[-91.163395,32.747015],[-91.165334,32.751307],[-91.16582,32.757848],[-91.164974,32.76199],[-91.15762,32.776039],[-91.156924,32.780349],[-91.158589,32.781102],[-91.164403,32.785827],[-91.161418,32.80001],[-91.161675,32.812471],[-91.158342,32.82231],[-91.157161,32.823829],[-91.15218,32.826679],[-91.14971,32.831226],[-91.145008,32.842876],[-91.143565,32.844745],[-91.137896,32.848981],[-91.127892,32.855065],[-91.124731,32.854867],[-91.116097,32.855647],[-91.105637,32.858402],[-91.086689,32.873398],[-91.070608,32.888665],[-91.068192,32.891935],[-91.064455,32.90107],[-91.06369,32.90637],[-91.06486,32.916526],[-91.063881,32.922698],[-91.06481,32.92647],[-91.070553,32.936042],[-91.072081,32.937838],[-91.080437,32.943212],[-91.081919,32.944774],[-91.08309,32.947915],[-91.07891,32.951824],[-91.080361,32.9628],[-91.086808,32.976272],[-91.090893,32.98118],[-91.096936,32.986418],[-91.106587,32.988944],[-91.111763,32.988367],[-91.125113,32.984675],[-91.13442,32.980539],[-91.135523,32.979663],[-91.138591,32.971358],[-91.13753,32.969556],[-91.133056,32.966547],[-91.130953,32.963821],[-91.131249,32.960934],[-91.136634,32.957355],[-91.137869,32.952762],[-91.135513,32.94617],[-91.131295,32.930055],[-91.132121,32.923128],[-91.134047,32.917682],[-91.145082,32.9055],[-91.151696,32.901941],[-91.159981,32.899885],[-91.170241,32.899397],[-91.175411,32.900004],[-91.181637,32.901452],[-91.196791,32.90679],[-91.199781,32.908518],[-91.208269,32.91536],[-91.211603,32.91963],[-91.212843,32.92211],[-91.213978,32.927204],[-91.214033,32.930326],[-91.212826,32.936082],[-91.210711,32.939851],[-91.207446,32.944399],[-91.199421,32.95232],[-91.202036,32.957338],[-91.201848,32.961218],[-91.197439,32.964826],[-91.186989,32.9762],[-91.182164,32.978645],[-91.173314,32.986094],[-91.168979,32.992138],[-91.166201,33.002244],[-91.166079,33.004112],[-91.265024,33.00509],[-91.267671,32.975087],[-91.280209,32.950857],[-91.309196,32.935907],[-91.310366,32.890257],[-91.321383,32.863982],[-91.326948,32.872343],[-91.339675,32.862011],[-91.339773,32.821719],[-91.343114,32.750537],[-91.3559,32.740791],[-91.377203,32.706285],[-91.374893,32.689869],[-91.398261,32.692986],[-91.401739,32.669095],[-91.395767,32.641031],[-91.404977,32.627063],[-91.39697,32.609474],[-91.42658,32.59986],[-91.445305,32.581962],[-91.430914,32.560483],[-91.457649,32.537813],[-91.306702,32.537867],[-91.200132,32.537689],[-91.133719,32.537918],[-91.108427,32.562629],[-91.069794,32.562802]]]},"properties":{"shapeName":"East Carroll","shapeISO":"52423323B62370676746754","shapeGroup":"USA","shapeType":"ADM2","src_shape_id":"52423323B62370676746754","adm1ISO":"US-LA"}},
{"type":"Feature","geometry":{"type":"MultiPolygon","coordinates":[[[[-91.176146,30.999149],[-91.224845,30.999189],[-91.246496,30.99948],[-91.396521,30.999065],[-91.425755,30.999013],[-91.497396,30.999012],[-91.500122,30.998697],[-91.538733,30.999394],[-91.625124,30.999173],[-91.636948,30.999422],[-91.648772,30.983173],[-91.662512,30.970368],[-91.644923,30.928977],[-91.66087,30.895099],[-91.661378,30.857105],[-91.646967,30.844942],[-91.623387,30.840486],[-91.603037,30.84597],[-91.578552,30.846284],[-91.567465,30.836786],[-91.556413,30.848649],[-91.563611,30.883338],[-91.576084,30.893408],[-91.609565,30.89845],[-91.614614,30.917606],[-91.568313,30.918808],[-91.549314,30.916234],[-91.521419,30.890084],[-91.515482,30.872409],[-91.5179,30.851387],[-91.539479,30.79123],[-91.557257,30.778165],[-91.584481,30.772771],[-91.592947,30.766022],[-91.594601,30.75019],[-91.571272,30.73535],[-91.553025,30.730804],[-91.509924,30.740285],[-91.486912,30.741343],[-91.450388,30.736174],[-91.395043,30.757898],[-91.375118,30.756723],[-91.353187,30.722054],[-91.340658,30.670244],[-91.330876,30.658683],[-91.322262,30.656031],[-91.310067,30.653967],[-91.305218,30.673388],[-91.320712,30.699423],[-91.293109,30.715577],[-91.29669,30.72545],[-91.286125,30.73453],[-91.286186,30.746666],[-91.276948,30.75838],[-91.267559,30.757343],[-91.248866,30.786435],[-91.23617,30.795099],[-91.242622,30.804617],[-91.230595,30.810488],[-91.234834,30.824706],[-91.232654,30.827889],[-91.224797,30.846963],[-91.229259,30.853394],[-91.219654,30.864544],[-91.222393,30.880768],[-91.21711,30.892951],[-91.207252,30.891962],[-91.208854,30.914822],[-91.186864,30.93655],[-91.194737,30.94555],[-91.195149,30.962911],[-91.182144,30.97446],[-91.176146,30.999149]]],[[[-91.658327,30.994371],[-91.644123,31.022522],[-91.649252,31.037189],[-91.659814,31.043997],[-91.696612,31.039192],[-91.72381,31.04426],[-91.747558,31.023229],[-91.750125,31.01882],[-91.714007,31.006774],[-91.687272,31.018148],[-91.658327,30.994371]]]]},"properties":{"shapeName":"West Feliciana","shapeISO":"52423323B24194597484154","shapeGroup":"USA","shapeType":"ADM2","src_shape_id":"52423323B24194597484154","adm1ISO":"US-LA"}},
{"type":"Feature","geometry":{"type":"Polygon","coordinates":[[[-90.642004,30.166435],[-90.632817,30.221414],[-90.6493,30.232301],[-90.660428,30.225535],[-90.661696,30.213727],[-90.678974,30.206695],[-90.673293,30.198018],[-90.69456,30.175168],[-90.703276,30.185811],[-90.719545,30.189999],[-90.722638,30.206519],[-90.734419,30.211883],[-90.731413,30.221158],[-90.749115,30.241286],[-90.76781,30.239754],[-90.774583,30.249813],[-90.790915,30.266814],[-90.784701,30.280271],[-90.810916,30.275706],[-90.824051,30.292697],[-90.830758,30.31863],[-90.850976,30.330646],[-90.858515,30.34377],[-90.891734,30.345249],[-90.911127,30.339583],[-90.923858,30.344135],[-90.987575,30.345435],[-90.992889,30.342754],[-91.014163,30.334784],[-91.017174,30.326424],[-91.02102,30.321494],[-91.019236,30.318478],[-91.044724,30.251862],[-91.059279,30.213118],[-91.073438,30.16074],[-91.090103,30.141115],[-91.089696,30.10836],[-91.106483,30.108104],[-91.105957,30.062483],[-91.089109,30.062519],[-91.089335,30.076598],[-91.074587,30.081636],[-91.056112,30.070333],[-91.005754,30.079111],[-90.984324,30.064992],[-90.963699,30.066455],[-90.935606,30.085704],[-90.914663,30.10884],[-90.915571,30.11329],[-90.869268,30.121718],[-90.707921,30.153493],[-90.642004,30.166435]]]},"properties":{"shapeName":"Ascension","shapeISO":"52423323B72643453207653","shapeGroup":"USA","shapeType":"ADM2","src_shape_id":"52423323B72643453207653","adm1ISO":"US-LA"}},
{"type":"Feature","geometry":{"type":"Polygon","coordinates":[[[-93.471256,32.237192],[-93.428197,32.235903],[-93.408133,32.250523],[-93.407179,32.284407],[-93.417467,32.283585],[-93.426704,32.309219],[-93.40293,32.368733],[-93.424589,32.377267],[-93.423387,32.397746],[-93.412473,32.400871],[-93.388619,32.396447],[-93.372788,32.410159],[-93.441219,32.410437],[-93.441232,32.497841],[-93.446505,32.497978],[-93.445324,32.644012],[-93.44475,32.761172],[-93.469708,32.761406],[-93.465003,32.771717],[-93.473804,32.783178],[-93.459709,32.806237],[-93.466957,32.809175],[-93.454019,32.821615],[-93.456562,32.835032],[-93.467496,32.848084],[-93.4548,32.850979],[-93.447923,32.86669],[-93.463848,32.868446],[-93.465525,32.879221],[-93.480749,32.890912],[-93.482238,32.901987],[-93.469783,32.90441],[-93.469579,32.917723],[-93.480817,32.927237],[-93.493267,32.921535],[-93.508929,32.935795],[-93.519569,32.965086],[-93.530461,32.975615],[-93.516322,33.002547],[-93.521001,33.018622],[-93.531506,33.018649],[-93.72328,33.019463],[-93.804923,33.019387],[-93.81456,33.019378],[-93.825726,33.011991],[-93.817696,32.97582],[-93.822534,32.967197],[-93.80532,32.973813],[-93.800931,32.965626],[-93.826604,32.96674],[-93.845231,32.950434],[-93.823577,32.9464],[-93.801974,32.931812],[-93.820857,32.901977],[-93.82032,32.884346],[-93.801154,32.871367],[-93.802831,32.860269],[-93.814754,32.851599],[-93.79956,32.846886],[-93.785188,32.857359],[-93.789605,32.822032],[-93.798498,32.807586],[-93.816956,32.801175],[-93.82426,32.792457],[-93.816838,32.782339],[-93.803237,32.797084],[-93.787297,32.794319],[-93.78324,32.784366],[-93.791118,32.759279],[-93.819176,32.736008],[-93.826275,32.716599],[-93.819098,32.710875],[-93.802569,32.726166],[-93.787136,32.724647],[-93.782118,32.712218],[-93.78678,32.668869],[-93.774935,32.674148],[-93.765859,32.652702],[-93.781255,32.648859],[-93.781825,32.639069],[-93.761318,32.641897],[-93.751522,32.620864],[-93.759978,32.606113],[-93.743552,32.60285],[-93.769114,32.595675],[-93.756953,32.587531],[-93.739481,32.590779],[-93.736617,32.579851],[-93.754361,32.565076],[-93.75327,32.556205],[-93.741688,32.556641],[-93.756213,32.537043],[-93.767584,32.541477],[-93.738337,32.512587],[-93.70505,32.497357],[-93.718392,32.488378],[-93.697439,32.493933],[-93.701465,32.481641],[-93.683716,32.458814],[-93.691643,32.448929],[-93.674056,32.440682],[-93.661403,32.42763],[-93.673369,32.420898],[-93.680031,32.433571],[-93.691784,32.4228],[-93.683416,32.417471],[-93.660343,32.416416],[-93.686682,32.407054],[-93.685576,32.395504],[-93.66335,32.387825],[-93.667976,32.40408],[-93.648108,32.402693],[-93.635748,32.395936],[-93.650697,32.378203],[-93.628887,32.399744],[-93.625623,32.361921],[-93.60826,32.370252],[-93.622255,32.354016],[-93.615137,32.348338],[-93.588461,32.34894],[-93.582409,32.328522],[-93.56312,32.332988],[-93.544737,32.32748],[-93.552661,32.320568],[-93.545016,32.30646],[-93.538869,32.318386],[-93.528172,32.313218],[-93.538493,32.294987],[-93.514414,32.297093],[-93.52481,32.274009],[-93.492211,32.265588],[-93.490227,32.243591],[-93.48035,32.242079],[-93.486057,32.257191],[-93.461878,32.249488],[-93.471256,32.237192]]]},"properties":{"shapeName":"Bossier","shapeISO":"52423323B21890268683082","shapeGroup":"USA","shapeType":"ADM2","src_shape_id":"52423323B21890268683082","adm1ISO":"US-LA"}},
{"type":"Feature","geometry":{"type":"Polygon","coordinates":[[[-93.441178,31.845239],[-93.510597,31.845416],[-93.879301,31.843982],[-93.874829,31.840617],[-93.874768,31.821667],[-93.870924,31.816843],[-93.853397,31.805473],[-93.846195,31.802027],[-93.839958,31.798603],[-93.836875,31.794165],[-93.836875,31.78874],[-93.834656,31.783315],[-93.831204,31.780233],[-93.82345,31.775104],[-93.822605,31.773565],[-93.82735,31.759376],[-93.830119,31.754561],[-93.830654,31.745817],[-93.824586,31.734403],[-93.819055,31.728864],[-93.815664,31.719049],[-93.815843,31.711911],[-93.814594,31.70745],[-93.807277,31.704238],[-93.803426,31.700692],[-93.802459,31.693192],[-93.804486,31.68567],[-93.817432,31.672152],[-93.822058,31.673973],[-93.826469,31.666925],[-93.825668,31.661028],[-93.818044,31.647898],[-93.816845,31.622515],[-93.818724,31.614562],[-93.823984,31.614234],[-93.827859,31.616557],[-93.838064,31.606801],[-93.83939,31.599081],[-93.834931,31.586217],[-93.822965,31.568136],[-93.820771,31.558227],[-93.818589,31.554832],[-93.798094,31.53405],[-93.787694,31.52735],[-93.780842,31.52539],[-93.760069,31.523939],[-93.749877,31.526217],[-93.743383,31.525202],[-93.741557,31.522564],[-93.740339,31.517085],[-93.739325,31.515056],[-93.73344,31.513229],[-93.726743,31.511606],[-93.725932,31.504098],[-93.728773,31.496792],[-93.731005,31.492125],[-93.737175,31.484628],[-93.741892,31.483541],[-93.747848,31.480964],[-93.749877,31.478935],[-93.749483,31.468696],[-93.709423,31.443001],[-93.700937,31.43779],[-93.69761,31.428415],[-93.704685,31.418906],[-93.704886,31.410887],[-93.701618,31.40934],[-93.695873,31.409398],[-93.674124,31.397687],[-93.671651,31.393358],[-93.66854,31.379363],[-93.668153,31.375109],[-93.6697,31.371821],[-93.668927,31.366406],[-93.665059,31.363892],[-93.663705,31.360025],[-93.665832,31.35519],[-93.668446,31.353018],[-93.677284,31.330489],[-93.687858,31.309841],[-93.686887,31.305172],[-93.684046,31.301777],[-93.675447,31.301046],[-93.668935,31.297981],[-93.657011,31.281742],[-93.642523,31.269514],[-93.62035,31.271031],[-93.613949,31.259381],[-93.614295,31.251637],[-93.616315,31.244601],[-93.616014,31.233966],[-93.609835,31.229667],[-93.605267,31.224159],[-93.604326,31.2208],[-93.604326,31.215292],[-93.607295,31.205409],[-93.60245,31.182547],[-93.600315,31.176164],[-93.58851,31.165587],[-93.579222,31.167428],[-93.56957,31.17758],[-93.56095,31.182488],[-93.552547,31.185611],[-93.544356,31.202787],[-93.551288,31.215434],[-93.541507,31.226932],[-93.552146,31.238136],[-93.53589,31.252721],[-93.535421,31.276408],[-93.442561,31.276722],[-93.390502,31.364153],[-93.236111,31.364513],[-93.236669,31.538345],[-93.337463,31.538116],[-93.338979,31.714265],[-93.44175,31.714491],[-93.44129,31.761653],[-93.440768,31.787136],[-93.441178,31.845239]]]},"properties":{"shapeName":"Sabine","shapeISO":"52423323B1560312281680","shapeGroup":"USA","shapeType":"ADM2","src_shape_id":"52423323B1560312281680","adm1ISO":"US-LA"}},
{"type":"Feature","geometry":{"type":"Polygon","coordinates":[[[-91.297664,30.649554],[-91.294217,30.641597],[-91.292827,30.631545],[-91.301869,30.609503],[-91.315288,30.594294],[-91.314412,30.578823],[-91.30586,30.573033],[-91.267127,30.572528],[-91.243096,30.553146],[-91.246064,30.535857],[-91.284365,30.515344],[-91.281484,30.50612],[-91.26274,30.505243],[-91.236107,30.513978],[-91.209314,30.522994],[-91.200814,30.517694],[-91.197211,30.506869],[-91.196213,30.457795],[-91.195913,30.439595],[-91.199062,30.422284],[-91.208113,30.403696],[-91.233914,30.375297],[-91.241514,30.357597],[-91.235814,30.344498],[-91.174425,30.344192],[-91.150807,30.337429],[-91.142111,30.323298],[-91.137912,30.317199],[-91.098804,30.319542],[-91.028651,30.315821],[-91.02102,30.321494],[-91.017174,30.326424],[-91.014163,30.334784],[-90.992889,30.342754],[-90.987575,30.345435],[-90.923858,30.344135],[-90.911127,30.339583],[-90.891734,30.345249],[-90.895583,30.347856],[-90.897521,30.347986],[-90.906191,30.361228],[-90.937236,30.36657],[-90.949203,30.39445],[-90.972352,30.397524],[-90.9658,30.414718],[-90.982357,30.42347],[-90.97345,30.437706],[-90.991535,30.461823],[-90.976522,30.467272],[-90.967896,30.504387],[-90.982203,30.52212],[-90.980937,30.535561],[-90.972958,30.540934],[-90.971308,30.562693],[-90.985607,30.584692],[-90.972253,30.596893],[-90.934447,30.612836],[-90.940588,30.619896],[-90.910707,30.649391],[-90.870922,30.693335],[-90.844187,30.708053],[-90.849047,30.719317],[-91.053399,30.71219],[-91.254425,30.7053],[-91.264845,30.698683],[-91.270222,30.680935],[-91.288737,30.67791],[-91.297664,30.649554]]]},"properties":{"shapeName":"East Baton Rouge","shapeISO":"52423323B9154242656865","shapeGroup":"USA","shapeType":"ADM2","src_shape_id":"52423323B9154242656865","adm1ISO":"US-LA"}},
{"type":"Feature","geometry":{"type":"Polygon","coordinates":[[[-90.963699,30.066455],[-90.984324,30.064992],[-91.005754,30.079111],[-91.056112,30.070333],[-91.074587,30.081636],[-91.089335,30.076598],[-91.089109,30.062519],[-91.105957,30.062483],[-91.224362,30.025341],[-91.235895,30.001133],[-91.259394,30.000205],[-91.255235,29.971462],[-91.251401,29.957596],[-91.231582,29.935654],[-91.232022,29.918176],[-91.214082,29.907574],[-91.200269,29.861798],[-91.187344,29.848695],[-91.150233,29.836836],[-91.133085,29.837311],[-91.109468,29.82395],[-91.092754,29.801579],[-91.100058,29.785064],[-91.094384,29.76458],[-91.09537,29.737037],[-91.106557,29.733492],[-91.100016,29.699407],[-91.095219,29.696244],[-91.105255,29.643017],[-91.086169,29.634843],[-91.082608,29.626373],[-91.006749,29.714776],[-90.947502,29.792311],[-90.924476,29.830312],[-90.925052,29.830382],[-90.909701,29.877109],[-90.885448,29.877507],[-90.885595,29.905358],[-90.886205,29.935649],[-90.925855,29.93496],[-90.926084,29.97823],[-90.959875,29.977929],[-90.959577,30.035599],[-90.963699,30.066455]]]},"properties":{"shapeName":"Assumption","shapeISO":"52423323B50058154101732","shapeGroup":"USA","shapeType":"ADM2","src_shape_id":"52423323B50058154101732","adm1ISO":"US-LA"}}
]}