{"type":"FeatureCollection","bbox":[-84.321873,33.844524,-75.458661,36.588124],"features":[
{"type":"Feature","id":"USA:ADM2:US-NC.randolph","properties":{"shapeName":"Randolph","shapeISO":"","shapeGroup":"USA","shapeType":"ADM2","adm1ISO":"US-NC","parentISO":"US-NC","parentID":"USA:ADM1:US-NC","src_shape_id":"52423323B72128668432216"},"geometry":{"type":"Polygon","coordinates":[[[-80.046872,35.9207],[-80.048713,35.882655],[-80.05344,35.80165],[-80.05605,35.755852],[-80.06456,35.566763],[-80.066845,35.505668],[-79.76796,35.511491],[-79.72446,35.512276],[-79.555807,35.515046],[-79.54879,35.672941],[-79.548352,35.680536],[-79.542431,35.84331],[-79.541731,35.899858],[-79.598312,35.902173],[-79.713236,35.906797],[-79.763312,35.908849],[-79.961261,35.917417],[-80.046872,35.9207]]]}},
{"type":"Feature","id":"USA:ADM2:US-NC.orange","properties":{"shapeName":"Orange","shapeISO":"","shapeGroup":"USA","shapeType":"ADM2","adm1ISO":"US-NC","parentISO":"US-NC","parentID":"USA:ADM1:US-NC","src_shape_id":"52423323B59069176742644"},"geometry":{"type":"Polygon","coordinates":[[[-79.256985,36.243439],[-79.261749,36.061616],[-79.261219,36.061559],[-79.261748,36.041475],[-79.26242,36.022882],[-79.264527,35.914118],[-79.268246,35.909189],[-79.264629,35.907697],[-79.257379,35.902716],[-79.249541,35.876817],[-79.225615,35.87442],[-79.218819,35.875264],[-79.218819,35.873846],[-79.136695,35.865777],[-79.131801,35.864855],[-79.119626,35.864193],[-79.082039,35.860783],[-79.016308,35.863217],[-79.009503,35.902408],[-78.996895,35.974721],[-78.988507,36.022781],[-78.97162,36.119463],[-78.967503,36.142515],[-78.9506,36.239327],[-79.128356,36.241541],[-79.154,36.241882],[-79.256985,36.243439]]]}},
{"type":"Feature","id":"USA:ADM2:US-NC.jones","properties":{"shapeName":"Jones","shapeISO":"","shapeGroup":"USA","shapeType":"ADM2","adm1ISO":"US-NC","parentISO":"US-NC","parentID":"USA:ADM1:US-NC","src_shape_id":"52423323B45605902717918"},"geometry":{"type":"Polygon","coordinates":[[[-77.731028,35.008145],[-77.674807,34.973907],[-77.638969,34.984467],[-77.502773,34.969642],[-77.427712,34.936014],[-77.36677,34.908657],[-77.363316,34.925547],[-77.331556,34.939157],[-77.309383,34.937524],[-77.267435,34.925544],[-77.248335,34.900108],[-77.237359,34.899969],[-77.234167,34.886338],[-77.219505,34.878403],[-77.218946,34.877311],[-77.200268,34.833291],[-77.179402,34.829938],[-77.196259,34.810998],[-77.171136,34.790728],[-77.172106,34.780392],[-77.165988,34.785039],[-77.167771,34.791007],[-77.090261,34.802766],[-77.078265,34.811329],[-77.066236,34.821581],[-77.049685,34.833702],[-77.049552,34.834148],[-77.108853,34.830787],[-77.107908,34.865337],[-77.103103,35.017077],[-77.098901,35.026722],[-77.109354,35.067417],[-77.11591,35.074003],[-77.130363,35.072378],[-77.132646,35.066962],[-77.135356,35.064117],[-77.139207,35.06114],[-77.141665,35.061988],[-77.145193,35.060073],[-77.14747,35.056352],[-77.152103,35.054727],[-77.155004,35.062755],[-77.158952,35.062154],[-77.163643,35.064504],[-77.167769,35.062855],[-77.16838,35.060659],[-77.172319,35.060538],[-77.173854,35.058166],[-77.177733,35.056672],[-77.187681,35.081093],[-77.20903,35.091477],[-77.336379,35.153847],[-77.451747,35.218724],[-77.473694,35.228992],[-77.527184,35.243008],[-77.507465,35.172821],[-77.57942,35.095045],[-77.601284,35.071375],[-77.731028,35.008145]]]}},
{"type":"Feature","id":"USA:ADM2:US-NC.craven","properties":{"shapeName":"Craven","shapeISO":"","shapeGroup":"USA","shapeType":"ADM2","adm1ISO":"US-NC","parentISO":"US-NC","parentID":"USA:ADM1:US-NC","src_shape_id":"52423323B69937594660811"},"geometry":{"type":"Polygon","coordinates":[[[-77.078265,34.811329],[-77.058074,34.810904],[-76.95444,34.809073],[-76.954775,34.824515],[-76.882197,34.836711],[-76.883203,34.8449],[-76.75801,34.846292],[-76.692897,34.869292],[-76.682976,34.899276],[-76.662677,34.91186],[-76.652573,34.937602],[-76.683745,34.962956],[-76.762933,34.920381],[-76.893542,34.957502],[-76.977406,35.004933],[-76.98978,35.045491],[-76.982906,35.060614],[-76.958467,35.047654],[-76.955172,35.050261],[-76.942863,35.051365],[-76.936151,35.061917],[-76.934071,35.077176],[-76.93501,35.084779],[-76.938577,35.089732],[-76.931115,35.117205],[-76.940729,35.11858],[-76.969387,35.129639],[-76.987563,35.153708],[-76.970304,35.163664],[-76.962932,35.197864],[-76.932592,35.230293],[-76.906083,35.235952],[-76.895921,35.253896],[-76.958889,35.30102],[-77.189117,35.418369],[-77.194813,35.410129],[-77.199487,35.401954],[-77.199299,35.400413],[-77.202388,35.39838],[-77.206869,35.398945],[-77.211218,35.398191],[-77.21539,35.398985],[-77.215595,35.400952],[-77.217878,35.40165],[-77.228276,35.399311],[-77.239651,35.381368],[-77.237481,35.377887],[-77.238469,35.375562],[-77.236849,35.371594],[-77.238308,35.370286],[-77.239324,35.366336],[-77.238185,35.365018],[-77.237946,35.361549],[-77.260047,35.351625],[-77.269294,35.36916],[-77.295881,35.37917],[-77.352552,35.327743],[-77.390988,35.340069],[-77.393162,35.340348],[-77.393936,35.342637],[-77.408622,35.339414],[-77.410925,35.337806],[-77.43139,35.329692],[-77.431093,35.313015],[-77.449615,35.299464],[-77.433436,35.273114],[-77.429039,35.266465],[-77.42691,35.255964],[-77.473694,35.228992],[-77.451747,35.218724],[-77.336379,35.153847],[-77.20903,35.091477],[-77.187681,35.081093],[-77.177733,35.056672],[-77.173854,35.058166],[-77.172319,35.060538],[-77.16838,35.060659],[-77.167769,35.062855],[-77.163643,35.064504],[-77.158952,35.062154],[-77.155004,35.062755],[-77.152103,35.054727],[-77.14747,35.056352],[-77.145193,35.060073],[-77.141665,35.061988],[-77.139207,35.06114],[-77.135356,35.064117],[-77.132646,35.066962],[-77.130363,35.072378],[-77.11591,35.074003],[-77.109354,35.067417],[-77.098901,35.026722],[-77.103103,35.017077],[-77.107908,34.865337],[-77.108853,34.830787],[-77.049552,34.834148],[-77.049685,34.833702],[-77.066236,34.821581],[-77.078265,34.811329]]]}},
{"type":"Feature","id":"USA:ADM2:US-NC.warren","properties":{"shapeName":"Warren","shapeISO":"","shapeGroup":"USA","shapeType":"ADM2","adm1ISO":"US-NC","parentISO":"US-NC","parentID":"USA:ADM1:US-NC","src_shape_id":"52423323B14296787713089"},"geometry":{"type":"Polygon","coordinates":[[[-78.046214,36.544175],[-78.132913,36.543818],[-78.133325,36.543854],[-78.245465,36.544418],[-78.246684,36.544348],[-78.323991,36.543815],[-78.277168,36.306139],[-78.306968,36.266198],[-78.224883,36.25656],[-78.194282,36.246846],[-78.172629,36.255333],[-78.156985,36.244423],[-78.132831,36.246337],[-78.124643,36.225655],[-78.103204,36.209069],[-78.071269,36.216387],[-78.045155,36.215394],[-78.006553,36.20264],[-77.961421,36.269771],[-77.944724,36.294325],[-77.942408,36.298533],[-77.937605,36.313492],[-77.911965,36.382453],[-77.909247,36.473944],[-77.899526,36.504266],[-77.8999,36.523602],[-77.899773,36.54467],[-78.03894,36.54418],[-78.046214,36.544175]]]}},
{"type":"Feature","id":"USA:ADM2:US-NC.vance","properties":{"shapeName":"Vance","shapeISO":"","shapeGroup":"USA","shapeType":"ADM2","adm1ISO":"US-NC","parentISO":"US-NC","parentID":"USA:ADM1:US-NC","src_shape_id":"52423323B47180624843803"},"geometry":{"type":"Polygon","coordinates":[[[-78.323991,36.543815],[-78.436336,36.542673],[-78.456973,36.542481],[-78.47291,36.521239],[-78.497786,36.514484],[-78.500932,36.486964],[-78.511227,36.454815],[-78.509213,36.265701],[-78.508335,36.18293],[-78.496617,36.175206],[-78.485743,36.17536],[-78.421883,36.164316],[-78.412098,36.169604],[-78.378143,36.235072],[-78.338138,36.234455],[-78.306968,36.266198],[-78.277168,36.306139],[-78.323991,36.543815]]]}},
{"type":"Feature","id":"USA:ADM2:US-NC.guilford","properties":{"shapeName":"Guilford","shapeISO":"","shapeGroup":"USA","shapeType":"ADM2","adm1ISO":"US-NC","parentISO":"US-NC","parentID":"USA:ADM1:US-NC","src_shape_id":"52423323B75500493210020"},"geometry":{"type":"Polygon","coordinates":[[[-79.541731,35.899858],[-79.537741,36.120321],[-79.53672,36.151785],[-79.532413,36.24147],[-79.700568,36.245902],[-79.783954,36.248694],[-79.86741,36.25179],[-80.035122,36.257191],[-80.037432,36.161942],[-80.03829,36.151834],[-80.039207,36.134111],[-80.043241,36.010765],[-80.046296,35.939658],[-80.046872,35.9207],[-79.961261,35.917417],[-79.763312,35.908849],[-79.713236,35.906797],[-79.598312,35.902173],[-79.541731,35.899858]]]}},
{"type":"Feature","id":"USA:ADM2:US-NC.stanly","properties":{"shapeName":"Stanly","shapeISO":"","shapeGroup":"USA","shapeType":"ADM2","adm1ISO":"US-NC","parentISO":"US-NC","parentID":"USA:ADM1:US-NC","src_shape_id":"52423323B43172948431886"},"geometry":{"type":"Polygon","coordinates":[[[-80.295424,35.502927],[-80.484359,35.216375],[-80.506174,35.192454],[-80.504988,35.185005],[-80.505374,35.184097],[-80.481144,35.180082],[-80.468189,35.166701],[-80.439868,35.161049],[-80.428195,35.167585],[-80.388331,35.165869],[-80.368577,35.179084],[-80.356985,35.164947],[-80.322128,35.173045],[-80.296705,35.193386],[-80.276832,35.195729],[-80.254022,35.211258],[-80.242103,35.18158],[-80.225005,35.156248],[-80.20713,35.156583],[-80.194923,35.165388],[-80.190641,35.155545],[-80.172822,35.147854],[-80.159854,35.151183],[-80.165382,35.164794],[-80.153892,35.174954],[-80.136236,35.167493],[-80.124484,35.17696],[-80.129055,35.187588],[-80.112647,35.193889],[-80.107447,35.173671],[-80.093322,35.163933],[-80.075368,35.143088],[-80.053067,35.172632],[-80.069802,35.218322],[-80.090804,35.235996],[-80.098188,35.25518],[-80.093969,35.287094],[-80.080486,35.30763],[-80.081941,35.321464],[-80.065876,35.343564],[-80.066374,35.357152],[-80.051228,35.371544],[-80.062274,35.386141],[-80.093714,35.402037],[-80.090122,35.415559],[-80.100494,35.42991],[-80.108498,35.459458],[-80.140396,35.474997],[-80.146019,35.473164],[-80.175827,35.485297],[-80.182562,35.504158],[-80.295424,35.502927]]]}},
{"type":"Feature","id":"USA:ADM2:US-NC.cumberland","properties":{"shapeName":"Cumberland","shapeISO":"","shapeGroup":"USA","shapeType":"ADM2","adm1ISO":"US-NC","parentISO":"US-NC","parentID":"USA:ADM1:US-NC","src_shape_id":"52423323B14263080963128"},"geometry":{"type":"Polygon","coordinates":[[[-79.097594,35.174232],[-79.100687,35.16526],[-79.112856,35.125919],[-79.101165,35.114339],[-79.089401,35.070449],[-79.090231,35.041938],[-79.056834,34.999831],[-79.034778,34.963126],[-79.03692,34.95696],[-79.035559,34.955204],[-79.03875,34.952722],[-78.954985,34.913336],[-78.940847,34.903375],[-78.923841,34.878884],[-78.923177,34.877443],[-78.927185,34.864761],[-78.902001,34.835275],[-78.842861,34.847418],[-78.7996,34.850864],[-78.533636,34.851136],[-78.516126,34.845926],[-78.51202,34.84893],[-78.494708,34.856189],[-78.51311,34.869095],[-78.512702,34.880603],[-78.547519,34.902353],[-78.546077,34.915858],[-78.5578,34.915387],[-78.572835,34.937522],[-78.6149,34.962837],[-78.647036,34.992261],[-78.644997,35.008408],[-78.658381,35.041996],[-78.662958,35.077969],[-78.672295,35.085288],[-78.670719,35.092476],[-78.652466,35.103009],[-78.652605,35.10644],[-78.653969,35.107694],[-78.639481,35.115781],[-78.652542,35.121021],[-78.634745,35.140126],[-78.638679,35.165894],[-78.629527,35.171194],[-78.638839,35.182057],[-78.63572,35.191692],[-78.646388,35.196686],[-78.624379,35.20399],[-78.631368,35.213413],[-78.617063,35.228274],[-78.61713,35.245585],[-78.718509,35.259696],[-78.725567,35.266907],[-78.781855,35.260904],[-78.794283,35.266108],[-78.804779,35.257174],[-78.824918,35.259655],[-78.847161,35.252993],[-78.859268,35.242701],[-78.87606,35.241543],[-78.878393,35.231609],[-78.925178,35.223845],[-78.935645,35.218766],[-78.97799,35.211915],[-78.99804,35.214137],[-79.027042,35.207886],[-79.095811,35.192075],[-79.098264,35.187736],[-79.097594,35.174232]]]}},
{"type":"Feature","id":"USA:ADM2:US-NC.catawba","properties":{"shapeName":"Catawba","shapeISO":"","shapeGroup":"USA","shapeType":"ADM2","adm1ISO":"US-NC","parentISO":"US-NC","parentID":"USA:ADM1:US-NC","src_shape_id":"52423323B42498482903221"},"geometry":{"type":"Polygon","coordinates":[[[-81.535406,35.568144],[-81.065262,35.550899],[-80.99088,35.547644],[-80.960028,35.547027],[-80.951298,35.58128],[-80.933364,35.592397],[-80.943559,35.605397],[-80.925291,35.61949],[-80.927543,35.622985],[-80.951244,35.64142],[-80.966308,35.67032],[-81.005324,35.710216],[-81.061331,35.710648],[-81.067866,35.738107],[-81.10951,35.776601],[-81.128417,35.78939],[-81.143056,35.827894],[-81.19041,35.822392],[-81.226249,35.809659],[-81.249001,35.815723],[-81.255046,35.808279],[-81.299542,35.798345],[-81.334275,35.796288],[-81.355685,35.779728],[-81.353517,35.776275],[-81.363799,35.767809],[-81.389553,35.734135],[-81.432901,35.677854],[-81.455779,35.655999],[-81.475054,35.636384],[-81.476146,35.636787],[-81.506812,35.607963],[-81.535406,35.568144]]]}},
{"type":"Feature","id":"USA:ADM2:US-NC.wilkes","properties":{"shapeName":"Wilkes","shapeISO":"","shapeGroup":"USA","shapeType":"ADM2","adm1ISO":"US-NC","parentISO":"US-NC","parentID":"USA:ADM1:US-NC","src_shape_id":"52423323B43261157004179"},"geometry":{"type":"Polygon","coordinates":[[[-81.545492,36.117482],[-81.516175,36.09741],[-81.458785,36.091389],[-81.444773,36.072138],[-81.424144,36.077808],[-81.402643,36.065694],[-81.389466,36.050135],[-81.396103,36.040738],[-81.380559,36.042104],[-81.344666,36.024949],[-81.328327,35.99659],[-81.301421,36.004298],[-81.263599,36.025825],[-81.24438,36.024839],[-81.238002,36.030852],[-81.219345,36.029832],[-81.190283,36.037219],[-81.166667,36.025675],[-81.137457,36.036431],[-81.104929,36.035511],[-81.098116,36.028169],[-81.057575,36.031557],[-81.048511,36.041087],[-81.028836,36.045659],[-80.975678,36.058817],[-80.94884,36.057108],[-80.881594,36.055725],[-80.873208,36.236312],[-80.868749,36.326454],[-80.892656,36.340654],[-80.905787,36.361106],[-80.926937,36.366146],[-80.930801,36.366644],[-80.935374,36.370593],[-80.942139,36.373611],[-80.951832,36.3835],[-80.95544,36.384469],[-80.956342,36.385773],[-80.955178,36.394608],[-80.967156,36.402027],[-80.981313,36.376499],[-80.990361,36.378359],[-81.013616,36.371277],[-81.026691,36.373202],[-81.043792,36.39333],[-81.044275,36.41107],[-81.077797,36.417813],[-81.095115,36.44078],[-81.128401,36.425906],[-81.138245,36.412486],[-81.162959,36.432522],[-81.189259,36.399358],[-81.220171,36.37761],[-81.243526,36.366064],[-81.253318,36.366683],[-81.249985,36.362651],[-81.25933,36.356319],[-81.282008,36.354599],[-81.291222,36.364437],[-81.306488,36.364433],[-81.321182,36.369709],[-81.321938,36.37324],[-81.332585,36.370766],[-81.343158,36.371268],[-81.349137,36.367683],[-81.361978,36.364721],[-81.366604,36.359108],[-81.363032,36.313257],[-81.361529,36.308608],[-81.366377,36.304328],[-81.366359,36.293677],[-81.388312,36.284689],[-81.414091,36.294739],[-81.413833,36.28123],[-81.442734,36.259854],[-81.464609,36.256892],[-81.477519,36.240257],[-81.465699,36.227105],[-81.46207,36.208151],[-81.455795,36.200448],[-81.500405,36.142519],[-81.545492,36.117482]]]}},
{"type":"Feature","id":"USA:ADM2:US-NC.chatham","properties":{"shapeName":"Chatham","shapeISO":"","shapeGroup":"USA","shapeType":"ADM2","adm1ISO":"US-NC","parentISO":"US-NC","parentID":"USA:ADM1:US-NC","src_shape_id":"52423323B14354117939390"},"geometry":{"type":"Polygon","coordinates":[[[-79.555807,35.515046],[-79.381967,35.517574],[-79.350097,35.517975],[-79.32193,35.524645],[-79.311237,35.53274],[-79.32312,35.544391],[-79.285178,35.555155],[-79.291762,35.543356],[-79.275544,35.531786],[-79.262708,35.535735],[-79.245202,35.552968],[-79.244666,35.569123],[-79.218743,35.565682],[-79.225637,35.551752],[-79.199889,35.558565],[-79.200237,35.577092],[-79.187957,35.579444],[-79.157535,35.603991],[-79.148499,35.618756],[-79.117099,35.628171],[-79.095904,35.621231],[-79.093462,35.619038],[-79.053072,35.596557],[-79.04703,35.570465],[-79.024004,35.548384],[-78.995641,35.542126],[-78.969643,35.521676],[-78.914737,35.583679],[-78.995062,35.610142],[-78.983004,35.644628],[-78.97709,35.661169],[-78.946991,35.741373],[-78.936274,35.771905],[-78.930894,35.794384],[-78.924661,35.805988],[-78.918635,35.819655],[-78.909428,35.842944],[-78.906074,35.868103],[-79.016308,35.863217],[-79.082039,35.860783],[-79.119626,35.864193],[-79.131801,35.864855],[-79.136695,35.865777],[-79.218819,35.873846],[-79.218819,35.875264],[-79.225615,35.87442],[-79.249541,35.876817],[-79.248961,35.86525],[-79.2373,35.844286],[-79.542431,35.84331],[-79.548352,35.680536],[-79.54879,35.672941],[-79.555807,35.515046]]]}},
{"type":"Feature","id":"USA:ADM2:US-NC.henderson","properties":{"shapeName":"Henderson","shapeISO":"","shapeGroup":"USA","shapeType":"ADM2","adm1ISO":"US-NC","parentISO":"US-NC","parentID":"USA:ADM1:US-NC","src_shape_id":"52423323B65725719955419"},"geometry":{"type":"Polygon","coordinates":[[[-82.353658,35.192229],[-82.351158,35.225356],[-82.359156,35.244496],[-82.352371,35.244365],[-82.3495,35.246252],[-82.346854,35.279732],[-82.327684,35.308926],[-82.310433,35.314715],[-82.305269,35.332637],[-82.280027,35.365482],[-82.281053,35.366065],[-82.261467,35.388456],[-82.261309,35.393205],[-82.270232,35.400556],[-82.280567,35.443076],[-82.265799,35.467825],[-82.332826,35.500227],[-82.358936,35.489179],[-82.369327,35.485525],[-82.368162,35.467185],[-82.363137,35.460967],[-82.417515,35.474508],[-82.448282,35.45794],[-82.456131,35.449657],[-82.495212,35.445193],[-82.533791,35.444671],[-82.535096,35.444318],[-82.532717,35.416622],[-82.546954,35.425166],[-82.548829,35.444312],[-82.582493,35.433622],[-82.587803,35.435565],[-82.589317,35.437009],[-82.608072,35.443213],[-82.621753,35.4357],[-82.653042,35.455038],[-82.673347,35.45946],[-82.700743,35.454325],[-82.745143,35.422974],[-82.647141,35.328728],[-82.619252,35.303715],[-82.61019,35.288206],[-82.616198,35.260252],[-82.604271,35.258947],[-82.603972,35.221798],[-82.591468,35.164873],[-82.574234,35.143649],[-82.569916,35.145275],[-82.566197,35.150126],[-82.563771,35.151582],[-82.558597,35.150935],[-82.554878,35.152875],[-82.554231,35.156918],[-82.550512,35.159505],[-82.54744,35.160313],[-82.540487,35.160313],[-82.536222,35.159266],[-82.534666,35.156918],[-82.532564,35.155624],[-82.529977,35.155624],[-82.525934,35.156756],[-82.521407,35.158858],[-82.516048,35.163449],[-82.506141,35.163901],[-82.499847,35.163682],[-82.49551,35.164319],[-82.49077,35.169722],[-82.487361,35.172501],[-82.483941,35.173805],[-82.47614,35.175493],[-82.472317,35.174626],[-82.467995,35.17464],[-82.460096,35.17815],[-82.455613,35.177432],[-82.452991,35.174697],[-82.452935,35.169006],[-82.451205,35.165267],[-82.448973,35.165044],[-82.439599,35.16587],[-82.435693,35.167722],[-82.428004,35.183231],[-82.424465,35.193099],[-82.419748,35.19862],[-82.417601,35.200138],[-82.411305,35.20249],[-82.403352,35.20448],[-82.395701,35.213221],[-82.392934,35.215409],[-82.390443,35.215402],[-82.384033,35.210549],[-82.38378,35.207653],[-82.380528,35.202283],[-82.378748,35.19806],[-82.381205,35.19121],[-82.379716,35.186891],[-82.376812,35.184434],[-82.371302,35.181456],[-82.368994,35.181754],[-82.364303,35.184732],[-82.36326,35.189646],[-82.361473,35.190838],[-82.353658,35.192229]]]}},
{"type":"Feature","id":"USA:ADM2:US-NC.franklin","properties":{"shapeName":"Franklin","shapeISO":"","shapeGroup":"USA","shapeType":"ADM2","adm1ISO":"US-NC","parentISO":"US-NC","parentID":"USA:ADM1:US-NC","src_shape_id":"52423323B24761978339557"},"geometry":{"type":"Polygon","coordinates":[[[-78.306968,36.266198],[-78.338138,36.234455],[-78.378143,36.235072],[-78.412098,36.169604],[-78.421883,36.164316],[-78.485743,36.17536],[-78.496617,36.175206],[-78.544815,36.080853],[-78.546417,36.021833],[-78.487389,36.000188],[-78.426867,35.975019],[-78.394334,35.936883],[-78.35328,35.931063],[-78.351209,35.910852],[-78.319634,35.894536],[-78.307412,35.896745],[-78.284319,35.874585],[-78.269826,35.844997],[-78.253755,35.827616],[-78.255975,35.818127],[-78.184199,35.935496],[-78.171588,35.955066],[-78.052675,36.133865],[-78.006553,36.20264],[-78.045155,36.215394],[-78.071269,36.216387],[-78.103204,36.209069],[-78.124643,36.225655],[-78.132831,36.246337],[-78.156985,36.244423],[-78.172629,36.255333],[-78.194282,36.246846],[-78.224883,36.25656],[-78.306968,36.266198]]]}},
{"type":"Feature","id":"USA:ADM2:US-NC.forsyth","properties":{"shapeName":"Forsyth","shapeISO":"","shapeGroup":"USA","shapeType":"ADM2","adm1ISO":"US-NC","parentISO":"US-NC","parentID":"USA:ADM1:US-NC","src_shape_id":"52423323B50145770853492"},"geometry":{"type":"Polygon","coordinates":[[[-80.035122,36.257191],[-80.370398,36.260857],[-80.451699,36.261509],[-80.452325,36.241426],[-80.437422,36.229831],[-80.434395,36.222175],[-80.432658,36.218981],[-80.445486,36.210419],[-80.443191,36.183789],[-80.443049,36.179015],[-80.438527,36.175539],[-80.437588,36.17283],[-80.439107,36.139956],[-80.454385,36.122146],[-80.505535,36.109162],[-80.515837,36.09257],[-80.508548,36.057961],[-80.496286,36.046552],[-80.463595,36.062548],[-80.453151,36.043872],[-80.417919,36.015556],[-80.420704,35.986789],[-80.39431,35.972769],[-80.336219,35.994367],[-80.322735,35.996573],[-80.213845,35.996706],[-80.213733,36.026815],[-80.137531,36.024978],[-80.043241,36.010765],[-80.039207,36.134111],[-80.03829,36.151834],[-80.037432,36.161942],[-80.035122,36.257191]]]}},
{"type":"Feature","id":"USA:ADM2:US-NC.madison","properties":{"shapeName":"Madison","shapeISO":"","shapeGroup":"USA","shapeType":"ADM2","adm1ISO":"US-NC","parentISO":"US-NC","parentID":"USA:ADM1:US-NC","src_shape_id":"52423323B54912107287089"},"geometry":{"type":"Polygon","coordinates":[[[-82.898467,35.945095],[-82.901717,35.93772],[-82.901581,35.931453],[-82.90344,35.928531],[-82.906362,35.927203],[-82.910612,35.926937],[-82.91194,35.921625],[-82.911675,35.914718],[-82.906921,35.907404],[-82.904547,35.897018],[-82.901847,35.892937],[-82.901847,35.890281],[-82.903706,35.887624],[-82.903972,35.885499],[-82.90105,35.882312],[-82.89919,35.877531],[-82.899722,35.874609],[-82.901305,35.8726],[-82.916456,35.866109],[-82.918316,35.863984],[-82.919378,35.86053],[-82.920978,35.85108],[-82.919112,35.844858],[-82.920175,35.841671],[-82.923362,35.83928],[-82.927573,35.838593],[-82.931863,35.836358],[-82.933225,35.832922],[-82.937441,35.827327],[-82.943834,35.825645],[-82.945519,35.824669],[-82.95203,35.81619],[-82.955755,35.809809],[-82.956131,35.807881],[-82.958954,35.80333],[-82.961728,35.800498],[-82.962846,35.795133],[-82.962902,35.791742],[-82.950082,35.766366],[-82.957076,35.746707],[-82.947883,35.738952],[-82.917654,35.744815],[-82.910413,35.716191],[-82.898618,35.703743],[-82.901075,35.684936],[-82.883913,35.678242],[-82.848368,35.701728],[-82.80706,35.685881],[-82.794786,35.695812],[-82.749984,35.706465],[-82.751759,35.710499],[-82.730979,35.72241],[-82.713768,35.717831],[-82.712351,35.732896],[-82.677034,35.734861],[-82.644872,35.747311],[-82.63182,35.752835],[-82.525242,35.798715],[-82.518586,35.800416],[-82.514656,35.80325],[-82.509962,35.803136],[-82.476103,35.798326],[-82.463832,35.809623],[-82.435339,35.808597],[-82.431732,35.81194],[-82.417884,35.813366],[-82.408606,35.818185],[-82.41964,35.843342],[-82.417556,35.85937],[-82.439232,35.879227],[-82.453957,35.899879],[-82.474779,35.909252],[-82.494785,35.909491],[-82.490364,35.921222],[-82.498552,35.9302],[-82.480102,35.948218],[-82.496218,35.956651],[-82.505458,35.977678],[-82.512602,35.975671],[-82.516448,35.975965],[-82.522706,35.973443],[-82.531296,35.972195],[-82.534767,35.969894],[-82.542467,35.968001],[-82.549686,35.964282],[-82.553196,35.960634],[-82.557878,35.953908],[-82.567507,35.955559],[-82.576682,35.959262],[-82.577723,35.964203],[-82.581007,35.965564],[-82.591981,35.966392],[-82.594864,35.965354],[-82.600374,35.964633],[-82.607765,35.96603],[-82.610893,35.967416],[-82.611606,35.971425],[-82.610889,35.974449],[-82.606744,35.984453],[-82.604243,35.987326],[-82.606948,35.992177],[-82.612608,35.993495],[-82.615066,36.000313],[-82.613866,36.004713],[-82.611866,36.006213],[-82.604331,36.018194],[-82.595529,36.026019],[-82.594877,36.029605],[-82.596181,36.031887],[-82.598789,36.034169],[-82.602881,36.03984],[-82.606167,36.041013],[-82.609667,36.044913],[-82.613567,36.046413],[-82.618168,36.047012],[-82.618068,36.051212],[-82.617268,36.054212],[-82.618668,36.056112],[-82.628369,36.062112],[-82.632269,36.065712],[-82.637169,36.065812],[-82.643569,36.062812],[-82.650169,36.057812],[-82.654819,36.056232],[-82.657253,36.056643],[-82.668369,36.052912],[-82.672969,36.050412],[-82.683569,36.046111],[-82.685569,36.042011],[-82.688869,36.038611],[-82.701069,36.034411],[-82.703169,36.032411],[-82.707469,36.030111],[-82.715169,36.028611],[-82.715969,36.022811],[-82.725069,36.018211],[-82.727869,36.018511],[-82.731869,36.017611],[-82.750069,36.006011],[-82.754469,36.004311],[-82.759169,36.00421],[-82.765369,36.00301],[-82.776005,36.00011],[-82.778593,35.997008],[-82.779401,35.992518],[-82.785271,35.987934],[-82.785562,35.977802],[-82.781813,35.974569],[-82.778629,35.974799],[-82.774909,35.971985],[-82.777755,35.966919],[-82.783089,35.964989],[-82.78536,35.962537],[-82.785195,35.959238],[-82.787469,35.95217],[-82.800435,35.944162],[-82.805855,35.937945],[-82.805775,35.935323],[-82.802773,35.930136],[-82.805001,35.927175],[-82.811071,35.926808],[-82.816134,35.923993],[-82.821865,35.921846],[-82.826049,35.929728],[-82.828937,35.932939],[-82.833272,35.935],[-82.839998,35.940173],[-82.841263,35.941728],[-82.849853,35.947779],[-82.852558,35.949096],[-82.860728,35.947437],[-82.869319,35.950572],[-82.87067,35.951997],[-82.874163,35.952705],[-82.883937,35.949199],[-82.892663,35.945189],[-82.898467,35.945095]]]}},
{"type":"Feature","id":"USA:ADM2:US-NC.robeson","properties":{"shapeName":"Robeson","shapeISO":"","shapeGroup":"USA","shapeType":"ADM2","adm1ISO":"US-NC","parentISO":"US-NC","parentID":"USA:ADM1:US-NC","src_shape_id":"52423323B67039522895977"},"geometry":{"type":"Polygon","coordinates":[[[-79.03875,34.952722],[-79.062494,34.934247],[-79.166709,34.853014],[-79.191394,34.833724],[-79.347871,34.83856],[-79.349176,34.838485],[-79.352227,34.826088],[-79.357371,34.819043],[-79.331009,34.774425],[-79.461566,34.630305],[-79.450037,34.621043],[-79.35832,34.545365],[-79.324857,34.516289],[-79.323252,34.514641],[-79.306656,34.500433],[-79.249766,34.449781],[-79.198985,34.406706],[-79.143245,34.359824],[-79.071258,34.299319],[-79.071247,34.29931],[-79.052884,34.314642],[-79.045408,34.310718],[-79.025193,34.351991],[-79.010896,34.352163],[-79.00164,34.363505],[-79.011402,34.38107],[-78.998447,34.391105],[-78.968409,34.397144],[-78.97119,34.427477],[-78.960014,34.442691],[-78.935358,34.455169],[-78.917077,34.453286],[-78.895841,34.462123],[-78.868964,34.484785],[-78.863417,34.498041],[-78.846372,34.500177],[-78.844441,34.508103],[-78.856649,34.524148],[-78.861673,34.563586],[-78.84362,34.578483],[-78.83142,34.611137],[-78.834437,34.62159],[-78.8187,34.649777],[-78.818114,34.664327],[-78.809434,34.668283],[-78.805724,34.689209],[-78.821423,34.709337],[-78.837623,34.717745],[-78.854384,34.73575],[-78.869999,34.778699],[-78.885894,34.811094],[-78.902001,34.835275],[-78.927185,34.864761],[-78.923177,34.877443],[-78.923841,34.878884],[-78.940847,34.903375],[-78.954985,34.913336],[-79.03875,34.952722]]]}},
{"type":"Feature","id":"USA:ADM2:US-NC.wake","properties":{"shapeName":"Wake","shapeISO":"","shapeGroup":"USA","shapeType":"ADM2","adm1ISO":"US-NC","parentISO":"US-NC","parentID":"USA:ADM1:US-NC","src_shape_id":"52423323B47689495133402"},"geometry":{"type":"Polygon","coordinates":[[[-78.914737,35.583679],[-78.83735,35.559165],[-78.755334,35.533144],[-78.740564,35.528714],[-78.708905,35.519465],[-78.694367,35.530086],[-78.682926,35.538858],[-78.663826,35.553773],[-78.642705,35.570072],[-78.473738,35.701527],[-78.471588,35.704907],[-78.460109,35.705664],[-78.324902,35.778645],[-78.256201,35.817389],[-78.256031,35.817979],[-78.255975,35.818127],[-78.253755,35.827616],[-78.269826,35.844997],[-78.284319,35.874585],[-78.307412,35.896745],[-78.319634,35.894536],[-78.351209,35.910852],[-78.35328,35.931063],[-78.394334,35.936883],[-78.426867,35.975019],[-78.487389,36.000188],[-78.546417,36.021833],[-78.55383,36.024355],[-78.683227,36.074491],[-78.718791,36.075925],[-78.751276,36.070841],[-78.754287,36.056345],[-78.753614,36.031391],[-78.719954,36.029597],[-78.706239,36.011164],[-78.702353,36.011327],[-78.700117,36.009046],[-78.718045,35.960134],[-78.74171,35.933913],[-78.750749,35.931862],[-78.758213,35.921565],[-78.758967,35.918925],[-78.765375,35.919657],[-78.801975,35.926979],[-78.806759,35.922932],[-78.829968,35.866985],[-78.906074,35.868103],[-78.909428,35.842944],[-78.918635,35.819655],[-78.924661,35.805988],[-78.930894,35.794384],[-78.936274,35.771905],[-78.946991,35.741373],[-78.97709,35.661169],[-78.983004,35.644628],[-78.995062,35.610142],[-78.914737,35.583679]]]}},
{"type":"Feature","id":"USA:ADM2:US-NC.surry","properties":{"shapeName":"Surry","shapeISO":"","shapeGroup":"USA","shapeType":"ADM2","adm1ISO":"US-NC","parentISO":"US-NC","parentID":"USA:ADM1:US-NC","src_shape_id":"52423323B17834677594816"},"geometry":{"type":"Polygon","coordinates":[[[-80.873208,36.236312],[-80.80836,36.254348],[-80.783048,36.253411],[-80.769559,36.275126],[-80.751781,36.263386],[-80.741814,36.277805],[-80.733995,36.267535],[-80.686019,36.268829],[-80.668219,36.250945],[-80.647728,36.257319],[-80.642989,36.272656],[-80.628508,36.27304],[-80.624248,36.286829],[-80.593256,36.269852],[-80.579733,36.277727],[-80.548007,36.285426],[-80.537033,36.279964],[-80.53418,36.258512],[-80.482507,36.256132],[-80.466731,36.259827],[-80.452325,36.241426],[-80.451699,36.261509],[-80.440103,36.550637],[-80.510937,36.55362],[-80.612061,36.557879],[-80.624791,36.558415],[-80.653352,36.559228],[-80.704834,36.562326],[-80.730354,36.562356],[-80.773666,36.560314],[-80.803923,36.56082],[-80.837958,36.559138],[-80.901668,36.561756],[-80.918596,36.540359],[-80.926893,36.501265],[-80.973646,36.453481],[-80.947185,36.419081],[-80.967156,36.402027],[-80.955178,36.394608],[-80.956342,36.385773],[-80.95544,36.384469],[-80.951832,36.3835],[-80.942139,36.373611],[-80.935374,36.370593],[-80.930801,36.366644],[-80.926937,36.366146],[-80.905787,36.361106],[-80.892656,36.340654],[-80.868749,36.326454],[-80.873208,36.236312]]]}},
{"type":"Feature","id":"USA:ADM2:US-NC.montgomery","properties":{"shapeName":"Montgomery","shapeISO":"","shapeGroup":"USA","shapeType":"ADM2","adm1ISO":"US-NC","parentISO":"US-NC","parentID":"USA:ADM1:US-NC","src_shape_id":"52423323B62782413793554"},"geometry":{"type":"Polygon","coordinates":[[[-80.066845,35.505668],[-80.128981,35.504782],[-80.182562,35.504158],[-80.175827,35.485297],[-80.146019,35.473164],[-80.140396,35.474997],[-80.108498,35.459458],[-80.100494,35.42991],[-80.090122,35.415559],[-80.093714,35.402037],[-80.062274,35.386141],[-80.051228,35.371544],[-80.066374,35.357152],[-80.065876,35.343564],[-80.081941,35.321464],[-80.080486,35.30763],[-80.093969,35.287094],[-80.098188,35.25518],[-80.090804,35.235996],[-80.069802,35.218322],[-80.053067,35.172632],[-80.075368,35.143088],[-80.02335,35.137131],[-80.018912,35.140265],[-79.983295,35.158484],[-79.949576,35.157509],[-79.944274,35.164176],[-79.898613,35.161721],[-79.851271,35.183862],[-79.836142,35.177239],[-79.812865,35.179907],[-79.792014,35.175959],[-79.743286,35.17461],[-79.740027,35.176279],[-79.712724,35.173175],[-79.694368,35.179649],[-79.673497,35.175381],[-79.642132,35.157724],[-79.614307,35.163686],[-79.615454,35.167565],[-79.62761,35.170143],[-79.65507,35.18979],[-79.673008,35.245403],[-79.697776,35.251386],[-79.711981,35.275889],[-79.709916,35.301282],[-79.754838,35.452474],[-79.764195,35.475742],[-79.76796,35.511491],[-80.066845,35.505668]]]}},
{"type":"Feature","id":"USA:ADM2:US-NC.washington","properties":{"shapeName":"Washington","shapeISO":"","shapeGroup":"USA","shapeType":"ADM2","adm1ISO":"US-NC","parentISO":"US-NC","parentID":"USA:ADM1:US-NC","src_shape_id":"52423323B84884093129235"},"geometry":{"type":"Polygon","coordinates":[[[-76.847266,35.719989],[-76.844622,35.705726],[-76.637515,35.705222],[-76.545623,35.705091],[-76.405973,35.697586],[-76.405605,35.786301],[-76.353556,35.861308],[-76.369648,35.88324],[-76.380011,35.914673],[-76.367705,35.930006],[-76.365212,35.944705],[-76.381396,35.962737],[-76.381922,35.971688],[-76.38982,35.980112],[-76.398244,35.984324],[-76.460634,35.970372],[-76.473797,35.960895],[-76.496963,35.955103],[-76.507493,35.949838],[-76.528553,35.944046],[-76.586994,35.94194],[-76.603842,35.939834],[-76.608054,35.936675],[-76.657019,35.935096],[-76.667549,35.933516],[-76.673867,35.935096],[-76.691915,35.944761],[-76.701834,35.92279],[-76.719991,35.917266],[-76.731545,35.887582],[-76.745413,35.870836],[-76.7606,35.864894],[-76.777406,35.857846],[-76.78924,35.838115],[-76.782009,35.826987],[-76.802398,35.804844],[-76.792963,35.789912],[-76.80429,35.781959],[-76.817039,35.748841],[-76.83133,35.730709],[-76.847266,35.719989]]]}},
{"type":"Feature","id":"USA:ADM2:US-NC.pender","properties":{"shapeName":"Pender","shapeISO":"","shapeGroup":"USA","shapeType":"ADM2","adm1ISO":"US-NC","parentISO":"US-NC","parentID":"USA:ADM1:US-NC","src_shape_id":"52423323B64112119736585"},"geometry":{"type":"Polygon","coordinates":[[[-78.254443,34.553602],[-78.272229,34.538388],[-78.2546,34.520415],[-78.25547,34.508621],[-78.235623,34.492536],[-78.212109,34.488401],[-78.202876,34.475612],[-78.176503,34.465363],[-78.256087,34.399476],[-78.235684,34.37472],[-78.209973,34.368047],[-78.202534,34.353313],[-78.162352,34.357014],[-78.137304,34.371718],[-78.092808,34.352389],[-78.078549,34.34024],[-78.029924,34.331775],[-77.993204,34.336835],[-77.97836,34.358928],[-77.986997,34.372063],[-77.975555,34.372351],[-77.962196,34.382862],[-77.957809,34.368639],[-77.940448,34.370031],[-77.928783,34.361551],[-77.918495,34.374847],[-77.899355,34.375175],[-77.895776,34.36382],[-77.879902,34.366289],[-77.856456,34.380304],[-77.822997,34.389366],[-77.81069,34.381941],[-77.815143,34.367015],[-77.792215,34.340758],[-77.752328,34.304234],[-77.751974,34.303337],[-77.7392,34.292759],[-77.715918,34.292725],[-77.713324,34.294886],[-77.687228,34.320451],[-77.661675,34.341875],[-77.635036,34.359562],[-77.582325,34.400513],[-77.556945,34.417225],[-77.517962,34.44049],[-77.532591,34.457374],[-77.53724,34.45922],[-77.539433,34.462349],[-77.568474,34.470208],[-77.574926,34.478688],[-77.634414,34.621674],[-77.659246,34.676052],[-77.680129,34.720602],[-77.92154,34.719753],[-77.938003,34.723234],[-77.9561,34.71526],[-77.974748,34.7145],[-77.992318,34.716219],[-78.012683,34.732637],[-78.030975,34.725005],[-78.066199,34.727874],[-78.114009,34.721802],[-78.113474,34.707226],[-78.156522,34.679077],[-78.254443,34.553602]]]}},
{"type":"Feature","id":"USA:ADM2:US-NC.gaston","properties":{"shapeName":"Gaston","shapeISO":"","shapeGroup":"USA","shapeType":"ADM2","adm1ISO":"US-NC","parentISO":"US-NC","parentID":"USA:ADM1:US-NC","src_shape_id":"52423323B27279553412365"},"geometry":{"type":"Polygon","coordinates":[[[-80.954863,35.400085],[-81.094167,35.406639],[-81.251687,35.412426],[-81.269028,35.413096],[-81.451346,35.419653],[-81.455603,35.419818],[-81.398927,35.353145],[-81.366026,35.336136],[-81.356685,35.330611],[-81.366124,35.31342],[-81.354768,35.278902],[-81.322393,35.256022],[-81.324267,35.241276],[-81.323671,35.189612],[-81.328043,35.163412],[-81.241689,35.160088],[-81.13821,35.155424],[-81.109298,35.154122],[-81.043628,35.149884],[-81.042873,35.149255],[-81.017115,35.154325],[-81.009513,35.153133],[-81.00239,35.180824],[-81.013946,35.225784],[-81.010818,35.235971],[-81.009145,35.245779],[-81.015053,35.268662],[-80.999997,35.306216],[-80.972673,35.350264],[-80.962144,35.347053],[-80.943635,35.350589],[-80.923045,35.359924],[-80.962899,35.375114],[-80.973273,35.364197],[-80.986894,35.378153],[-80.954863,35.400085]]]}},
{"type":"Feature","id":"USA:ADM2:US-NC.durham","properties":{"shapeName":"Durham","shapeISO":"","shapeGroup":"USA","shapeType":"ADM2","adm1ISO":"US-NC","parentISO":"US-NC","parentID":"USA:ADM1:US-NC","src_shape_id":"52423323B73804812534091"},"geometry":{"type":"Polygon","coordinates":[[[-79.016308,35.863217],[-78.906074,35.868103],[-78.829968,35.866985],[-78.806759,35.922932],[-78.801975,35.926979],[-78.765375,35.919657],[-78.758967,35.918925],[-78.758213,35.921565],[-78.750749,35.931862],[-78.74171,35.933913],[-78.718045,35.960134],[-78.700117,36.009046],[-78.702353,36.011327],[-78.706239,36.011164],[-78.719954,36.029597],[-78.753614,36.031391],[-78.754287,36.056345],[-78.751276,36.070841],[-78.77746,36.071511],[-78.807626,36.087695],[-78.804693,36.094558],[-78.802522,36.213496],[-78.802338,36.235801],[-78.945823,36.239235],[-78.9506,36.239327],[-78.967503,36.142515],[-78.97162,36.119463],[-78.988507,36.022781],[-78.996895,35.974721],[-79.009503,35.902408],[-79.016308,35.863217]]]}},
{"type":"Feature","id":"USA:ADM2:US-NC.lincoln","properties":{"shapeName":"Lincoln","shapeISO":"","shapeGroup":"USA","shapeType":"ADM2","adm1ISO":"US-NC","parentISO":"US-NC","parentID":"USA:ADM1:US-NC","src_shape_id":"52423323B90543802473201"},"geometry":{"type":"Polygon","coordinates":[[[-81.535406,35.568144],[-81.537602,35.564235],[-81.515424,35.558304],[-81.513007,35.523324],[-81.473684,35.456743],[-81.458806,35.423688],[-81.455603,35.419818],[-81.451346,35.419653],[-81.269028,35.413096],[-81.251687,35.412426],[-81.094167,35.406639],[-80.954863,35.400085],[-80.955711,35.40163],[-80.958639,35.431704],[-80.942383,35.455154],[-80.951593,35.470185],[-80.947347,35.48848],[-80.962145,35.498663],[-80.956583,35.531578],[-80.939688,35.529536],[-80.960028,35.547027],[-80.99088,35.547644],[-81.065262,35.550899],[-81.535406,35.568144]]]}},
{"type":"Feature","id":"USA:ADM2:US-NC.onslow","properties":{"shapeName":"Onslow","shapeISO":"","shapeGroup":"USA","shapeType":"ADM2","adm1ISO":"US-NC","parentISO":"US-NC","parentID":"USA:ADM1:US-NC","src_shape_id":"52423323B38780973615632"},"geometry":{"type":"Polygon","coordinates":[[[-77.674807,34.973907],[-77.675524,34.973531],[-77.653354,34.940542],[-77.651047,34.923348],[-77.672632,34.815717],[-77.677052,34.799632],[-77.67786,34.793101],[-77.680036,34.725957],[-77.680129,34.720602],[-77.659246,34.676052],[-77.634414,34.621674],[-77.574926,34.478688],[-77.568474,34.470208],[-77.539433,34.462349],[-77.53724,34.45922],[-77.532591,34.457374],[-77.517962,34.44049],[-77.491798,34.456105],[-77.462924,34.471361],[-77.322526,34.535581],[-77.240993,34.587514],[-77.209163,34.605039],[-77.169703,34.62203],[-77.136845,34.632933],[-77.108168,34.640597],[-77.112333,34.647668],[-77.113162,34.651034],[-77.111517,34.653449],[-77.10422,34.659061],[-77.097841,34.666915],[-77.096075,34.671247],[-77.096974,34.672408],[-77.104971,34.6746],[-77.110885,34.678092],[-77.109155,34.717881],[-77.12223,34.733],[-77.125648,34.756714],[-77.139948,34.759747],[-77.165988,34.785039],[-77.172106,34.780392],[-77.171136,34.790728],[-77.196259,34.810998],[-77.179402,34.829938],[-77.200268,34.833291],[-77.218946,34.877311],[-77.219505,34.878403],[-77.234167,34.886338],[-77.237359,34.899969],[-77.248335,34.900108],[-77.267435,34.925544],[-77.309383,34.937524],[-77.331556,34.939157],[-77.363316,34.925547],[-77.36677,34.908657],[-77.427712,34.936014],[-77.502773,34.969642],[-77.638969,34.984467],[-77.674807,34.973907]]]}},
{"type":"Feature","id":"USA:ADM2:US-NC.hoke","properties":{"shapeName":"Hoke","shapeISO":"","shapeGroup":"USA","shapeType":"ADM2","adm1ISO":"US-NC","parentISO":"US-NC","parentID":"USA:ADM1:US-NC","src_shape_id":"52423323B67745221671047"},"geometry":{"type":"Polygon","coordinates":[[[-79.097594,35.174232],[-79.107209,35.175935],[-79.124785,35.16658],[-79.127683,35.167901],[-79.128166,35.17157],[-79.131513,35.173906],[-79.129692,35.175535],[-79.132898,35.177752],[-79.140969,35.16918],[-79.154185,35.18061],[-79.167644,35.180949],[-79.175217,35.193067],[-79.21135,35.193984],[-79.229715,35.210609],[-79.243484,35.213802],[-79.255662,35.202933],[-79.281287,35.195299],[-79.310543,35.172971],[-79.33548,35.161595],[-79.403534,35.096362],[-79.405702,35.094457],[-79.458754,35.043646],[-79.457201,35.037565],[-79.449466,35.02709],[-79.431333,35.020138],[-79.417755,35.004736],[-79.398499,34.995232],[-79.378492,34.975672],[-79.353127,34.944249],[-79.348857,34.887453],[-79.337642,34.852709],[-79.347871,34.83856],[-79.191394,34.833724],[-79.166709,34.853014],[-79.062494,34.934247],[-79.03875,34.952722],[-79.035559,34.955204],[-79.03692,34.95696],[-79.034778,34.963126],[-79.056834,34.999831],[-79.090231,35.041938],[-79.089401,35.070449],[-79.101165,35.114339],[-79.112856,35.125919],[-79.100687,35.16526],[-79.097594,35.174232]]]}},
{"type":"Feature","id":"USA:ADM2:US-NC.bertie","properties":{"shapeName":"Bertie","shapeISO":"","shapeGroup":"USA","shapeType":"ADM2","adm1ISO":"US-NC","parentISO":"US-NC","parentID":"USA:ADM1:US-NC","src_shape_id":"52423323B7787272397887"},"geometry":{"type":"Polygon","coordinates":[[[-76.691915,35.944761],[-76.69756,35.951944],[-76.700192,35.96458],[-76.695454,35.973531],[-76.684924,35.983008],[-76.679659,35.991958],[-76.683871,36.000382],[-76.722998,36.066592],[-76.752102,36.147335],[-76.744438,36.212732],[-76.7202,36.243812],[-76.903385,36.242993],[-76.971401,36.238137],[-76.986161,36.242081],[-77.008386,36.23912],[-77.183146,36.242832],[-77.20847,36.246585],[-77.209217,36.245886],[-77.228801,36.217394],[-77.264066,36.21719],[-77.298252,36.207715],[-77.299719,36.181416],[-77.291521,36.168349],[-77.288274,36.169327],[-77.284709,36.168358],[-77.282572,36.166806],[-77.279983,36.163367],[-77.278233,36.158903],[-77.274292,36.156942],[-77.264471,36.159338],[-77.263007,36.157225],[-77.267146,36.150972],[-77.267176,36.148608],[-77.265866,36.145187],[-77.266299,36.142607],[-77.264552,36.139061],[-77.252168,36.13601],[-77.250522,36.132652],[-77.251955,36.129406],[-77.25469,36.125558],[-77.254623,36.122818],[-77.252968,36.121825],[-77.241172,36.121273],[-77.240347,36.118778],[-77.247502,36.118319],[-77.250722,36.117702],[-77.251772,36.115658],[-77.249487,36.113771],[-77.230277,36.105006],[-77.242072,36.09735],[-77.25063,36.098783],[-77.266732,36.100118],[-77.27528,36.099065],[-77.284028,36.096534],[-77.290783,36.092121],[-77.298341,36.090321],[-77.313227,36.089174],[-77.315301,36.087663],[-77.319992,36.078661],[-77.326374,36.076928],[-77.327802,36.074802],[-77.327571,36.071368],[-77.327124,36.068258],[-77.321904,36.057322],[-77.317522,36.055018],[-77.303677,36.049336],[-77.297388,36.047002],[-77.284902,36.040373],[-77.274472,36.033704],[-77.261868,36.029148],[-77.237734,36.019505],[-77.22764,36.014934],[-77.215843,36.014596],[-77.212507,36.01125],[-77.208584,36.008454],[-77.207226,36.002855],[-77.208842,35.999374],[-77.21267,35.995109],[-77.213217,35.992275],[-77.208482,35.991494],[-77.20461,35.993552],[-77.199299,35.993046],[-77.19568,35.990614],[-77.193914,35.984434],[-77.196588,35.982732],[-77.194985,35.978014],[-77.192637,35.975047],[-77.192082,35.971164],[-77.196182,35.968179],[-77.194776,35.961877],[-77.195368,35.960264],[-77.191437,35.959091],[-77.19858,35.954569],[-77.194949,35.951449],[-77.197418,35.94981],[-77.199001,35.950666],[-77.202112,35.94828],[-77.198089,35.938924],[-77.191985,35.934652],[-77.184042,35.930371],[-77.174866,35.928948],[-77.169262,35.931386],[-77.167386,35.935208],[-77.16032,35.937468],[-77.142997,35.934411],[-77.137052,35.936119],[-77.133863,35.93945],[-77.128838,35.93859],[-77.127637,35.934881],[-77.126788,35.929864],[-77.121652,35.925833],[-77.117263,35.928644],[-77.109255,35.929342],[-77.105488,35.932972],[-77.099685,35.930707],[-77.09751,35.928099],[-77.091674,35.927063],[-77.081034,35.934893],[-77.076401,35.935323],[-77.070298,35.935108],[-77.069072,35.940335],[-77.067054,35.94187],[-77.064214,35.93965],[-77.053645,35.944312],[-77.047779,35.944219],[-77.042212,35.939203],[-77.03876,35.930799],[-77.032507,35.929323],[-77.028937,35.924211],[-77.030169,35.917225],[-77.026771,35.91154],[-77.028237,35.904622],[-77.024076,35.892898],[-77.02574,35.891019],[-77.028129,35.892945],[-77.034536,35.891193],[-77.037993,35.876662],[-77.042465,35.875262],[-77.044458,35.872969],[-77.041058,35.870121],[-77.04333,35.863856],[-77.040943,35.860267],[-77.033053,35.857325],[-77.018923,35.861414],[-77.008255,35.860857],[-77.000027,35.862204],[-76.991695,35.865095],[-76.987776,35.872644],[-76.98399,35.876421],[-76.983041,35.875093],[-76.975936,35.878047],[-76.969993,35.881659],[-76.957825,35.885401],[-76.950344,35.891247],[-76.947385,35.896924],[-76.935194,35.900825],[-76.921346,35.897506],[-76.911945,35.882726],[-76.903677,35.871356],[-76.897695,35.866502],[-76.896246,35.860473],[-76.899591,35.854778],[-76.901653,35.844929],[-76.896596,35.834061],[-76.902594,35.822648],[-76.898956,35.820282],[-76.895989,35.819687],[-76.895423,35.816839],[-76.893299,35.81303],[-76.88866,35.81249],[-76.876531,35.813271],[-76.86327,35.823468],[-76.852421,35.83321],[-76.845795,35.839924],[-76.835053,35.849587],[-76.832469,35.862481],[-76.836625,35.874402],[-76.828374,35.886257],[-76.818815,35.886694],[-76.802043,35.880827],[-76.793441,35.871426],[-76.791484,35.869939],[-76.780987,35.863878],[-76.763168,35.864522],[-76.7606,35.864894],[-76.745413,35.870836],[-76.731545,35.887582],[-76.719991,35.917266],[-76.701834,35.92279],[-76.691915,35.944761]]]}},
{"type":"Feature","id":"USA:ADM2:US-NC.alleghany","properties":{"shapeName":"Alleghany","shapeISO":"","shapeGroup":"USA","shapeType":"ADM2","adm1ISO":"US-NC","parentISO":"US-NC","parentID":"USA:ADM1:US-NC","src_shape_id":"52423323B93536446386656"},"geometry":{"type":"Polygon","coordinates":[[[-80.967156,36.402027],[-80.947185,36.419081],[-80.973646,36.453481],[-80.926893,36.501265],[-80.918596,36.540359],[-80.901668,36.561756],[-80.944341,36.563065],[-80.945991,36.563203],[-81.003805,36.563636],[-81.011405,36.564436],[-81.058847,36.566983],[-81.083209,36.567335],[-81.124812,36.569234],[-81.141813,36.569534],[-81.171215,36.571033],[-81.176715,36.571933],[-81.249819,36.573232],[-81.262306,36.573931],[-81.307514,36.575031],[-81.353263,36.574731],[-81.353153,36.546084],[-81.326745,36.512559],[-81.314768,36.487836],[-81.272084,36.446855],[-81.262582,36.418671],[-81.266581,36.415255],[-81.26457,36.410261],[-81.262844,36.408041],[-81.266022,36.403014],[-81.26341,36.403651],[-81.260288,36.399121],[-81.254956,36.398826],[-81.255321,36.396461],[-81.245538,36.391026],[-81.246618,36.374198],[-81.253318,36.366683],[-81.243526,36.366064],[-81.220171,36.37761],[-81.189259,36.399358],[-81.162959,36.432522],[-81.138245,36.412486],[-81.128401,36.425906],[-81.095115,36.44078],[-81.077797,36.417813],[-81.044275,36.41107],[-81.043792,36.39333],[-81.026691,36.373202],[-81.013616,36.371277],[-80.990361,36.378359],[-80.981313,36.376499],[-80.967156,36.402027]]]}},
{"type":"Feature","id":"USA:ADM2:US-NC.lenoir","properties":{"shapeName":"Lenoir","shapeISO":"","shapeGroup":"USA","shapeType":"ADM2","adm1ISO":"US-NC","parentISO":"US-NC","parentID":"USA:ADM1:US-NC","src_shape_id":"52423323B80658823199099"},"geometry":{"type":"Polygon","coordinates":[[[-77.473694,35.228992],[-77.42691,35.255964],[-77.429039,35.266465],[-77.433436,35.273114],[-77.449615,35.299464],[-77.431093,35.313015],[-77.43139,35.329692],[-77.410925,35.337806],[-77.408622,35.339414],[-77.393936,35.342637],[-77.393162,35.340348],[-77.390988,35.340069],[-77.391669,35.345393],[-77.408076,35.353354],[-77.426193,35.349531],[-77.433579,35.368169],[-77.448167,35.371548],[-77.451203,35.394044],[-77.463433,35.399635],[-77.475517,35.426662],[-77.49357,35.411625],[-77.520728,35.417223],[-77.534175,35.398111],[-77.561464,35.387284],[-77.564688,35.387583],[-77.565149,35.386245],[-77.589325,35.37377],[-77.606959,35.379504],[-77.639103,35.354093],[-77.678521,35.347369],[-77.697518,35.377104],[-77.777671,35.367671],[-77.799299,35.368909],[-77.805625,35.369782],[-77.81807,35.357373],[-77.81929,35.351977],[-77.824182,35.343818],[-77.829111,35.262763],[-77.834251,35.177853],[-77.769179,35.145583],[-77.749179,35.098985],[-77.747619,35.060931],[-77.749144,35.057229],[-77.749068,35.055373],[-77.746039,35.022347],[-77.731028,35.008145],[-77.601284,35.071375],[-77.57942,35.095045],[-77.507465,35.172821],[-77.527184,35.243008],[-77.473694,35.228992]]]}},
{"type":"Feature","id":"USA:ADM2:US-NC.haywood","properties":{"shapeName":"Haywood","shapeISO":"","shapeGroup":"USA","shapeType":"ADM2","adm1ISO":"US-NC","parentISO":"US-NC","parentID":"USA:ADM1:US-NC","src_shape_id":"52423323B65247392842469"},"geometry":{"type":"Polygon","coordinates":[[[-82.962902,35.791742],[-82.964092,35.789987],[-82.969652,35.78967],[-82.974467,35.786797],[-82.978418,35.782617],[-82.983974,35.778017],[-82.992057,35.773955],[-82.995807,35.773135],[-83.001477,35.773759],[-83.006071,35.778411],[-83.012381,35.779825],[-83.036213,35.787412],[-83.04267,35.785414],[-83.046311,35.78586],[-83.048534,35.787713],[-83.052681,35.789555],[-83.058344,35.788248],[-83.061511,35.786781],[-83.063979,35.78665],[-83.072225,35.788317],[-83.074034,35.790023],[-83.078736,35.789479],[-83.085209,35.785801],[-83.086058,35.783634],[-83.097197,35.776074],[-83.100229,35.774772],[-83.102324,35.775078],[-83.110495,35.77092],[-83.113666,35.770218],[-83.120187,35.766241],[-83.127711,35.7681],[-83.146974,35.765131],[-83.148084,35.764302],[-83.154084,35.764287],[-83.159212,35.764899],[-83.161541,35.76337],[-83.165431,35.758707],[-83.164774,35.754625],[-83.170177,35.746114],[-83.177503,35.74392],[-83.18084,35.738889],[-83.182101,35.735499],[-83.185689,35.729897],[-83.188374,35.729805],[-83.198271,35.725501],[-83.203756,35.72656],[-83.214505,35.724441],[-83.219985,35.726608],[-83.222631,35.726145],[-83.232046,35.726105],[-83.240673,35.726767],[-83.243505,35.72254],[-83.251251,35.719923],[-83.255355,35.716237],[-83.25548,35.715098],[-83.254234,35.709485],[-83.256115,35.703968],[-83.25513,35.7015],[-83.255614,35.696068],[-83.214911,35.692119],[-83.207669,35.681606],[-83.181981,35.671334],[-83.202327,35.650259],[-83.175875,35.627507],[-83.175984,35.612457],[-83.185523,35.598278],[-83.182113,35.584544],[-83.166968,35.578697],[-83.155839,35.552629],[-83.171613,35.537653],[-83.174418,35.521397],[-83.186326,35.514375],[-83.16348,35.508957],[-83.161394,35.496501],[-83.137413,35.488825],[-83.137718,35.464083],[-83.109153,35.464123],[-83.091439,35.457538],[-83.090257,35.449048],[-83.079477,35.447572],[-83.080093,35.434756],[-83.056285,35.425982],[-83.044238,35.414699],[-83.043728,35.394402],[-83.024816,35.380188],[-83.006572,35.377334],[-82.990362,35.367623],[-82.964694,35.332927],[-82.964729,35.315296],[-82.927325,35.302809],[-82.920885,35.292044],[-82.910663,35.298718],[-82.908155,35.299299],[-82.899462,35.305474],[-82.894942,35.305494],[-82.893788,35.307326],[-82.87606,35.314632],[-82.831632,35.318597],[-82.80512,35.347973],[-82.79078,35.37341],[-82.774543,35.393315],[-82.745624,35.407352],[-82.745143,35.422974],[-82.781695,35.439549],[-82.799497,35.471234],[-82.778067,35.519659],[-82.765875,35.540798],[-82.777528,35.555626],[-82.765942,35.567629],[-82.773504,35.576356],[-82.774062,35.576491],[-82.797128,35.596153],[-82.81315,35.627938],[-82.837215,35.620021],[-82.844988,35.616229],[-82.845322,35.615405],[-82.853565,35.636827],[-82.864387,35.634658],[-82.877057,35.666515],[-82.888013,35.672729],[-82.883913,35.678242],[-82.901075,35.684936],[-82.898618,35.703743],[-82.910413,35.716191],[-82.917654,35.744815],[-82.947883,35.738952],[-82.957076,35.746707],[-82.950082,35.766366],[-82.962902,35.791742]]]}},
{"type":"Feature","id":"USA:ADM2:US-NC.yadkin","properties":{"shapeName":"Yadkin","shapeISO":"","shapeGroup":"USA","shapeType":"ADM2","adm1ISO":"US-NC","parentISO":"US-NC","parentID":"USA:ADM1:US-NC","src_shape_id":"52423323B7501124425209"},"geometry":{"type":"Polygon","coordinates":[[[-80.881594,36.055725],[-80.753927,36.052751],[-80.6932,36.051267],[-80.603903,36.047943],[-80.496286,36.046552],[-80.508548,36.057961],[-80.515837,36.09257],[-80.505535,36.109162],[-80.454385,36.122146],[-80.439107,36.139956],[-80.437588,36.17283],[-80.438527,36.175539],[-80.443049,36.179015],[-80.443191,36.183789],[-80.445486,36.210419],[-80.432658,36.218981],[-80.434395,36.222175],[-80.437422,36.229831],[-80.452325,36.241426],[-80.466731,36.259827],[-80.482507,36.256132],[-80.53418,36.258512],[-80.537033,36.279964],[-80.548007,36.285426],[-80.579733,36.277727],[-80.593256,36.269852],[-80.624248,36.286829],[-80.628508,36.27304],[-80.642989,36.272656],[-80.647728,36.257319],[-80.668219,36.250945],[-80.686019,36.268829],[-80.733995,36.267535],[-80.741814,36.277805],[-80.751781,36.263386],[-80.769559,36.275126],[-80.783048,36.253411],[-80.80836,36.254348],[-80.873208,36.236312],[-80.881594,36.055725]]]}},
{"type":"Feature","id":"USA:ADM2:US-NC.gates","properties":{"shapeName":"Gates","shapeISO":"","shapeGroup":"USA","shapeType":"ADM2","adm1ISO":"US-NC","parentISO":"US-NC","parentID":"USA:ADM1:US-NC","src_shape_id":"52423323B73755605771607"},"geometry":{"type":"Polygon","coordinates":[[[-76.915899,36.5521],[-76.916991,36.550749],[-76.91732,36.546053],[-76.916062,36.543844],[-76.914004,36.542668],[-76.916145,36.53895],[-76.921466,36.538456],[-76.903966,36.521398],[-76.906464,36.510699],[-76.919359,36.50541],[-76.933377,36.47263],[-76.950608,36.470797],[-76.945264,36.44021],[-76.94626,36.413829],[-76.933472,36.401877],[-76.907889,36.390739],[-76.896115,36.390451],[-76.821444,36.364134],[-76.795411,36.359724],[-76.779469,36.362476],[-76.761316,36.352419],[-76.735331,36.324068],[-76.696573,36.296145],[-76.675578,36.301269],[-76.669977,36.315221],[-76.654934,36.314104],[-76.654269,36.310613],[-76.640404,36.328835],[-76.594097,36.324796],[-76.570758,36.334302],[-76.559648,36.351063],[-76.55709,36.354902],[-76.539179,36.357288],[-76.453713,36.378099],[-76.491407,36.468655],[-76.491338,36.510684],[-76.541538,36.550321],[-76.575498,36.550751],[-76.738331,36.550992],[-76.74968,36.550388],[-76.781298,36.550666],[-76.80708,36.550613],[-76.915899,36.5521]]]}},
{"type":"Feature","id":"USA:ADM2:US-NC.new-hanover","properties":{"shapeName":"New Hanover","shapeISO":"","shapeGroup":"USA","shapeType":"ADM2","adm1ISO":"US-NC","parentISO":"US-NC","parentID":"USA:ADM1:US-NC","src_shape_id":"52423323B24644642941407"},"geometry":{"type":"Polygon","coordinates":[[[-78.029924,34.331775],[-78.027459,34.319663],[-78.007219,34.321375],[-78.017115,34.292776],[-77.987514,34.268276],[-77.961601,34.23949],[-77.956612,34.234439],[-77.961306,34.204876],[-77.95661,34.192495],[-77.95844,34.183131],[-77.953504,34.153554],[-77.936916,34.122829],[-77.931105,34.058891],[-77.932418,34.028496],[-77.941781,33.981044],[-77.948481,33.971281],[-77.937162,33.928925],[-77.927928,33.945272],[-77.915538,33.97173],[-77.878163,34.06797],[-77.874386,34.075678],[-77.870329,34.079228],[-77.841787,34.140754],[-77.829211,34.162625],[-77.764024,34.245648],[-77.740138,34.272553],[-77.715918,34.292725],[-77.7392,34.292759],[-77.751974,34.303337],[-77.752328,34.304234],[-77.792215,34.340758],[-77.815143,34.367015],[-77.81069,34.381941],[-77.822997,34.389366],[-77.856456,34.380304],[-77.879902,34.366289],[-77.895776,34.36382],[-77.899355,34.375175],[-77.918495,34.374847],[-77.928783,34.361551],[-77.940448,34.370031],[-77.957809,34.368639],[-77.962196,34.382862],[-77.975555,34.372351],[-77.986997,34.372063],[-77.97836,34.358928],[-77.993204,34.336835],[-78.029924,34.331775]]]}},
{"type":"Feature","id":"USA:ADM2:US-NC.alamance","properties":{"shapeName":"Alamance","shapeISO":"","shapeGroup":"USA","shapeType":"ADM2","adm1ISO":"US-NC","parentISO":"US-NC","parentID":"USA:ADM1:US-NC","src_shape_id":"52423323B75735385248620"},"geometry":{"type":"Polygon","coordinates":[[[-79.542431,35.84331],[-79.2373,35.844286],[-79.248961,35.86525],[-79.249541,35.876817],[-79.257379,35.902716],[-79.264629,35.907697],[-79.268246,35.909189],[-79.264527,35.914118],[-79.26242,36.022882],[-79.261748,36.041475],[-79.261219,36.061559],[-79.261749,36.061616],[-79.256985,36.243439],[-79.376214,36.246138],[-79.531868,36.24968],[-79.532413,36.24147],[-79.53672,36.151785],[-79.537741,36.120321],[-79.541731,35.899858],[-79.542431,35.84331]]]}},
{"type":"Feature","id":"USA:ADM2:US-NC.ashe","properties":{"shapeName":"Ashe","shapeISO":"","shapeGroup":"USA","shapeType":"ADM2","adm1ISO":"US-NC","parentISO":"US-NC","parentID":"USA:ADM1:US-NC","src_shape_id":"52423323B47317028722188"},"geometry":{"type":"Polygon","coordinates":[[[-81.253318,36.366683],[-81.246618,36.374198],[-81.245538,36.391026],[-81.255321,36.396461],[-81.254956,36.398826],[-81.260288,36.399121],[-81.26341,36.403651],[-81.266022,36.403014],[-81.262844,36.408041],[-81.26457,36.410261],[-81.266581,36.415255],[-81.262582,36.418671],[-81.272084,36.446855],[-81.314768,36.487836],[-81.326745,36.512559],[-81.353153,36.546084],[-81.353263,36.574731],[-81.374827,36.57468],[-81.442231,36.576829],[-81.476434,36.580428],[-81.489391,36.579033],[-81.499835,36.579827],[-81.521036,36.580527],[-81.600938,36.587026],[-81.677539,36.588124],[-81.680141,36.585525],[-81.67904,36.578925],[-81.67724,36.574413],[-81.67704,36.570725],[-81.67994,36.568625],[-81.68644,36.567925],[-81.69024,36.568725],[-81.69251,36.565755],[-81.692171,36.562702],[-81.690136,36.55965],[-81.689119,36.555919],[-81.690034,36.552161],[-81.693848,36.54909],[-81.697543,36.544366],[-81.699966,36.539721],[-81.699966,36.536836],[-81.707967,36.536216],[-81.708266,36.53212],[-81.707577,36.526108],[-81.702547,36.520324],[-81.697748,36.508455],[-81.697294,36.504894],[-81.700242,36.500482],[-81.699932,36.498025],[-81.697265,36.496148],[-81.695911,36.491587],[-81.697291,36.484745],[-81.696285,36.475506],[-81.694537,36.47329],[-81.695315,36.467919],[-81.697979,36.464748],[-81.708251,36.462224],[-81.714894,36.457227],[-81.715086,36.453372],[-81.714281,36.450985],[-81.714216,36.447052],[-81.715573,36.441287],[-81.715233,36.436539],[-81.716929,36.433147],[-81.717943,36.428769],[-81.720738,36.422544],[-81.729928,36.415429],[-81.734316,36.413349],[-81.738296,36.410763],[-81.739652,36.406693],[-81.739652,36.401606],[-81.737956,36.397197],[-81.733881,36.394577],[-81.730495,36.390414],[-81.63819,36.349613],[-81.585955,36.298851],[-81.566353,36.272209],[-81.552241,36.276394],[-81.486322,36.241263],[-81.477519,36.240257],[-81.464609,36.256892],[-81.442734,36.259854],[-81.413833,36.28123],[-81.414091,36.294739],[-81.388312,36.284689],[-81.366359,36.293677],[-81.366377,36.304328],[-81.361529,36.308608],[-81.363032,36.313257],[-81.366604,36.359108],[-81.361978,36.364721],[-81.349137,36.367683],[-81.343158,36.371268],[-81.332585,36.370766],[-81.321938,36.37324],[-81.321182,36.369709],[-81.306488,36.364433],[-81.291222,36.364437],[-81.282008,36.354599],[-81.25933,36.356319],[-81.249985,36.362651],[-81.253318,36.366683]]]}},
{"type":"Feature","id":"USA:ADM2:US-NC.rockingham","properties":{"shapeName":"Rockingham","shapeISO":"","shapeGroup":"USA","shapeType":"ADM2","adm1ISO":"US-NC","parentISO":"US-NC","parentID":"USA:ADM1:US-NC","src_shape_id":"52423323B98721671056324"},"geometry":{"type":"Polygon","coordinates":[[[-79.532413,36.24147],[-79.531868,36.24968],[-79.51365,36.540765],[-79.66683,36.541779],[-79.714843,36.54201],[-79.887265,36.542845],[-79.904665,36.542445],[-80.027342,36.542502],[-80.03321,36.3275],[-80.035122,36.257191],[-79.86741,36.25179],[-79.783954,36.248694],[-79.700568,36.245902],[-79.532413,36.24147]]]}},
{"type":"Feature","id":"USA:ADM2:US-NC.rowan","properties":{"shapeName":"Rowan","shapeISO":"","shapeGroup":"USA","shapeType":"ADM2","adm1ISO":"US-NC","parentISO":"US-NC","parentID":"USA:ADM1:US-NC","src_shape_id":"52423323B48930759923162"},"geometry":{"type":"Polygon","coordinates":[[[-80.182562,35.504158],[-80.209797,35.55227],[-80.208566,35.580616],[-80.231093,35.596017],[-80.250369,35.619395],[-80.288656,35.635676],[-80.308324,35.666908],[-80.331759,35.680496],[-80.329083,35.714712],[-80.33518,35.720796],[-80.373121,35.716643],[-80.423229,35.725871],[-80.44345,35.735173],[-80.453282,35.734583],[-80.458887,35.743038],[-80.477778,35.774445],[-80.494873,35.78155],[-80.501695,35.78314],[-80.506343,35.778465],[-80.507659,35.774758],[-80.520737,35.784421],[-80.534131,35.786267],[-80.53378,35.791331],[-80.543462,35.792696],[-80.546674,35.798225],[-80.554552,35.800268],[-80.556751,35.80362],[-80.562181,35.809945],[-80.567514,35.811828],[-80.569205,35.813376],[-80.570385,35.816303],[-80.584118,35.822327],[-80.590687,35.817255],[-80.631064,35.845345],[-80.671624,35.846753],[-80.668514,35.855486],[-80.691812,35.863515],[-80.707829,35.852936],[-80.718863,35.821653],[-80.771145,35.673434],[-80.74362,35.559556],[-80.736912,35.525435],[-80.737382,35.505811],[-80.716626,35.505649],[-80.675481,35.506517],[-80.618466,35.505073],[-80.609204,35.504755],[-80.544506,35.502895],[-80.497,35.502577],[-80.295424,35.502927],[-80.182562,35.504158]]]}},
{"type":"Feature","id":"USA:ADM2:US-NC.cabarrus","properties":{"shapeName":"Cabarrus","shapeISO":"","shapeGroup":"USA","shapeType":"ADM2","adm1ISO":"US-NC","parentISO":"US-NC","parentID":"USA:ADM1:US-NC","src_shape_id":"52423323B48956333130626"},"geometry":{"type":"Polygon","coordinates":[[[-80.295424,35.502927],[-80.497,35.502577],[-80.544506,35.502895],[-80.609204,35.504755],[-80.618466,35.505073],[-80.675481,35.506517],[-80.716626,35.505649],[-80.737382,35.505811],[-80.784278,35.505847],[-80.786867,35.493163],[-80.75217,35.414057],[-80.764298,35.40021],[-80.744413,35.380674],[-80.693657,35.346741],[-80.690079,35.337478],[-80.67032,35.278238],[-80.670164,35.276004],[-80.668651,35.274147],[-80.667173,35.268959],[-80.599736,35.234112],[-80.556452,35.211741],[-80.550352,35.208419],[-80.504988,35.185005],[-80.506174,35.192454],[-80.484359,35.216375],[-80.295424,35.502927]]]}},
{"type":"Feature","id":"USA:ADM2:US-NC.wilson","properties":{"shapeName":"Wilson","shapeISO":"","shapeGroup":"USA","shapeType":"ADM2","adm1ISO":"US-NC","parentISO":"US-NC","parentID":"USA:ADM1:US-NC","src_shape_id":"52423323B63255212949591"},"geometry":{"type":"Polygon","coordinates":[[[-77.828446,35.867215],[-77.844739,35.837625],[-77.873869,35.849738],[-77.915659,35.836457],[-77.931363,35.830085],[-78.092537,35.766671],[-78.147104,35.74581],[-78.181974,35.737963],[-78.192119,35.730552],[-78.167833,35.713312],[-78.162196,35.713193],[-78.160314,35.711025],[-78.161344,35.69816],[-78.151352,35.669221],[-78.127261,35.607183],[-78.124503,35.602835],[-78.115643,35.60044],[-78.064786,35.58527],[-78.058008,35.597813],[-77.99835,35.585604],[-77.92222,35.586013],[-77.835729,35.586408],[-77.822513,35.58539],[-77.806293,35.583443],[-77.700694,35.652302],[-77.670257,35.67221],[-77.665133,35.674942],[-77.674839,35.689111],[-77.693015,35.705472],[-77.718438,35.72883],[-77.735632,35.776731],[-77.751341,35.827801],[-77.828446,35.867215]]]}},
{"type":"Feature","id":"USA:ADM2:US-NC.sampson","properties":{"shapeName":"Sampson","shapeISO":"","shapeGroup":"USA","shapeType":"ADM2","adm1ISO":"US-NC","parentISO":"US-NC","parentID":"USA:ADM1:US-NC","src_shape_id":"52423323B72025487819763"},"geometry":{"type":"Polygon","coordinates":[[[-78.494708,34.856189],[-78.493454,34.843004],[-78.469465,34.830362],[-78.449759,34.813514],[-78.436942,34.784176],[-78.420388,34.765883],[-78.409712,34.765045],[-78.398786,34.750111],[-78.39075,34.74947],[-78.39198,34.741272],[-78.391913,34.729584],[-78.369607,34.700237],[-78.374365,34.700729],[-78.366731,34.693133],[-78.346723,34.690194],[-78.338691,34.674889],[-78.32354,34.665669],[-78.324564,34.649716],[-78.312739,34.643612],[-78.313992,34.63314],[-78.303242,34.600538],[-78.265937,34.583595],[-78.25173,34.562028],[-78.254443,34.553602],[-78.156522,34.679077],[-78.113474,34.707226],[-78.114009,34.721802],[-78.135222,34.710221],[-78.165248,34.727979],[-78.198644,34.741644],[-78.147131,34.902513],[-78.155216,35.014138],[-78.159835,35.079816],[-78.171847,35.093535],[-78.163015,35.137273],[-78.163422,35.189723],[-78.161847,35.20433],[-78.235674,35.223321],[-78.238278,35.223396],[-78.24431,35.225837],[-78.246405,35.226195],[-78.306582,35.287611],[-78.332767,35.28046],[-78.397728,35.262967],[-78.411737,35.25467],[-78.45017,35.258632],[-78.4919,35.263326],[-78.50982,35.281672],[-78.522277,35.295132],[-78.526653,35.303032],[-78.538352,35.316417],[-78.583454,35.296786],[-78.584642,35.273319],[-78.61713,35.245585],[-78.617063,35.228274],[-78.631368,35.213413],[-78.624379,35.20399],[-78.646388,35.196686],[-78.63572,35.191692],[-78.638839,35.182057],[-78.629527,35.171194],[-78.638679,35.165894],[-78.634745,35.140126],[-78.652542,35.121021],[-78.639481,35.115781],[-78.653969,35.107694],[-78.652605,35.10644],[-78.652466,35.103009],[-78.670719,35.092476],[-78.672295,35.085288],[-78.662958,35.077969],[-78.658381,35.041996],[-78.644997,35.008408],[-78.647036,34.992261],[-78.6149,34.962837],[-78.572835,34.937522],[-78.5578,34.915387],[-78.546077,34.915858],[-78.547519,34.902353],[-78.512702,34.880603],[-78.51311,34.869095],[-78.494708,34.856189]]]}},
{"type":"Feature","id":"USA:ADM2:US-NC.caldwell","properties":{"shapeName":"Caldwell","shapeISO":"","shapeGroup":"USA","shapeType":"ADM2","adm1ISO":"US-NC","parentISO":"US-NC","parentID":"USA:ADM1:US-NC","src_shape_id":"52423323B63018807912829"},"geometry":{"type":"Polygon","coordinates":[[[-81.334275,35.796288],[-81.343996,35.82417],[-81.333382,35.879157],[-81.342861,35.923369],[-81.328327,35.99659],[-81.344666,36.024949],[-81.380559,36.042104],[-81.396103,36.040738],[-81.389466,36.050135],[-81.402643,36.065694],[-81.424144,36.077808],[-81.444773,36.072138],[-81.458785,36.091389],[-81.516175,36.09741],[-81.545492,36.117482],[-81.659469,36.118403],[-81.674937,36.122558],[-81.81052,36.111518],[-81.761144,36.090136],[-81.758034,36.082537],[-81.758521,36.077171],[-81.756336,36.076656],[-81.754021,36.072895],[-81.735677,36.067591],[-81.807166,35.961962],[-81.804797,35.955023],[-81.801816,35.954078],[-81.795331,35.949785],[-81.792886,35.949898],[-81.777672,35.947446],[-81.776081,35.927021],[-81.758737,35.928473],[-81.744591,35.90869],[-81.709753,35.87501],[-81.639221,35.848353],[-81.630069,35.830384],[-81.610389,35.819619],[-81.600813,35.825103],[-81.555997,35.777545],[-81.4442,35.784308],[-81.440565,35.773416],[-81.426455,35.772011],[-81.399221,35.758567],[-81.37749,35.757505],[-81.363799,35.767809],[-81.353517,35.776275],[-81.355685,35.779728],[-81.334275,35.796288]]]}},
{"type":"Feature","id":"USA:ADM2:US-NC.wayne","properties":{"shapeName":"Wayne","shapeISO":"","shapeGroup":"USA","shapeType":"ADM2","adm1ISO":"US-NC","parentISO":"US-NC","parentID":"USA:ADM1:US-NC","src_shape_id":"52423323B99063612255377"},"geometry":{"type":"Polygon","coordinates":[[[-77.805625,35.369782],[-77.79996,35.382821],[-77.805538,35.407511],[-77.826746,35.424097],[-77.822862,35.572128],[-77.822513,35.58539],[-77.835729,35.586408],[-77.92222,35.586013],[-77.99835,35.585604],[-78.058008,35.597813],[-78.064786,35.58527],[-78.109688,35.501794],[-78.154912,35.417817],[-78.153674,35.391994],[-78.144204,35.386901],[-78.162445,35.367234],[-78.159912,35.356551],[-78.153245,35.350678],[-78.197608,35.340085],[-78.216548,35.339278],[-78.215915,35.334543],[-78.242089,35.319961],[-78.256753,35.325586],[-78.277102,35.315068],[-78.289713,35.315084],[-78.306582,35.287611],[-78.246405,35.226195],[-78.24431,35.225837],[-78.238278,35.223396],[-78.235674,35.223321],[-78.161847,35.20433],[-78.163422,35.189723],[-78.077391,35.175142],[-78.057843,35.185477],[-78.020414,35.193909],[-77.984275,35.183894],[-77.960627,35.165432],[-77.932216,35.1726],[-77.91094,35.164017],[-77.892201,35.146322],[-77.883734,35.16236],[-77.834251,35.177853],[-77.829111,35.262763],[-77.824182,35.343818],[-77.81929,35.351977],[-77.81807,35.357373],[-77.805625,35.369782]]]}},
{"type":"Feature","id":"USA:ADM2:US-NC.brunswick","properties":{"shapeName":"Brunswick","shapeISO":"","shapeGroup":"USA","shapeType":"ADM2","adm1ISO":"US-NC","parentISO":"US-NC","parentID":"USA:ADM1:US-NC","src_shape_id":"52423323B12833551098527"},"geometry":{"type":"Polygon","coordinates":[[[-78.162352,34.357014],[-78.19906,34.300958],[-78.22825,34.256327],[-78.254472,34.216325],[-78.374297,34.2049],[-78.366795,34.188781],[-78.393972,34.171591],[-78.427504,34.139824],[-78.43966,34.144767],[-78.509231,34.168875],[-78.524604,34.154113],[-78.54522,34.145754],[-78.539265,34.127469],[-78.549362,34.124993],[-78.560191,34.092059],[-78.557961,34.060186],[-78.582363,34.048545],[-78.578929,34.038453],[-78.640691,34.009861],[-78.626783,33.980917],[-78.648354,33.965547],[-78.642309,33.958486],[-78.650367,33.944345],[-78.615935,33.91553],[-78.541089,33.851119],[-78.509044,33.865522],[-78.383966,33.901953],[-78.276149,33.912371],[-78.177722,33.914279],[-78.136954,33.912185],[-78.095431,33.906038],[-78.018691,33.888296],[-78.009428,33.86783],[-78.009975,33.861413],[-78.006767,33.858711],[-77.970608,33.844524],[-77.960174,33.853322],[-77.956883,33.877797],[-77.94657,33.912268],[-77.937162,33.928925],[-77.948481,33.971281],[-77.941781,33.981044],[-77.932418,34.028496],[-77.931105,34.058891],[-77.936916,34.122829],[-77.953504,34.153554],[-77.95844,34.183131],[-77.95661,34.192495],[-77.961306,34.204876],[-77.956612,34.234439],[-77.961601,34.23949],[-77.987514,34.268276],[-78.017115,34.292776],[-78.007219,34.321375],[-78.027459,34.319663],[-78.029924,34.331775],[-78.078549,34.34024],[-78.092808,34.352389],[-78.137304,34.371718],[-78.162352,34.357014]]]}},
{"type":"Feature","id":"USA:ADM2:US-NC.tyrrell","properties":{"shapeName":"Tyrrell","shapeISO":"","shapeGroup":"USA","shapeType":"ADM2","adm1ISO":"US-NC","parentISO":"US-NC","parentID":"USA:ADM1:US-NC","src_shape_id":"52423323B39402203079771"},"geometry":{"type":"Polygon","coordinates":[[[-76.405973,35.697586],[-76.269249,35.690761],[-76.297901,35.608902],[-76.286137,35.604559],[-76.215321,35.598158],[-76.19585,35.620126],[-76.198756,35.634036],[-76.192608,35.646366],[-76.17785,35.655581],[-76.18178,35.66552],[-76.169904,35.673753],[-76.175863,35.690705],[-76.170103,35.698428],[-76.144655,35.702495],[-76.1319,35.69218],[-76.11827,35.691915],[-76.120672,35.683323],[-76.092629,35.669771],[-76.061097,35.675229],[-76.044447,35.665085],[-76.036395,35.690351],[-76.046815,35.717942],[-76.050487,35.806696],[-76.063205,35.85344],[-76.037118,35.889917],[-76.014355,35.920753],[-76.019952,35.934043],[-76.014161,35.957209],[-76.014687,35.960368],[-76.024164,35.970898],[-76.062073,35.993011],[-76.083133,35.989852],[-76.093699,35.993008],[-76.176587,35.993274],[-76.213968,35.988009],[-76.27241,35.972741],[-76.317689,35.946942],[-76.340329,35.943257],[-76.362968,35.942204],[-76.365212,35.944705],[-76.367705,35.930006],[-76.380011,35.914673],[-76.369648,35.88324],[-76.353556,35.861308],[-76.405605,35.786301],[-76.405973,35.697586]]]}},
{"type":"Feature","id":"USA:ADM2:US-NC.duplin","properties":{"shapeName":"Duplin","shapeISO":"","shapeGroup":"USA","shapeType":"ADM2","adm1ISO":"US-NC","parentISO":"US-NC","parentID":"USA:ADM1:US-NC","src_shape_id":"52423323B66062574427882"},"geometry":{"type":"Polygon","coordinates":[[[-77.731028,35.008145],[-77.746039,35.022347],[-77.749068,35.055373],[-77.749144,35.057229],[-77.747619,35.060931],[-77.749179,35.098985],[-77.769179,35.145583],[-77.834251,35.177853],[-77.883734,35.16236],[-77.892201,35.146322],[-77.91094,35.164017],[-77.932216,35.1726],[-77.960627,35.165432],[-77.984275,35.183894],[-78.020414,35.193909],[-78.057843,35.185477],[-78.077391,35.175142],[-78.163422,35.189723],[-78.163015,35.137273],[-78.171847,35.093535],[-78.159835,35.079816],[-78.155216,35.014138],[-78.147131,34.902513],[-78.198644,34.741644],[-78.165248,34.727979],[-78.135222,34.710221],[-78.114009,34.721802],[-78.066199,34.727874],[-78.030975,34.725005],[-78.012683,34.732637],[-77.992318,34.716219],[-77.974748,34.7145],[-77.9561,34.71526],[-77.938003,34.723234],[-77.92154,34.719753],[-77.680129,34.720602],[-77.680036,34.725957],[-77.67786,34.793101],[-77.677052,34.799632],[-77.672632,34.815717],[-77.651047,34.923348],[-77.653354,34.940542],[-77.675524,34.973531],[-77.674807,34.973907],[-77.731028,35.008145]]]}},
{"type":"Feature","id":"USA:ADM2:US-NC.swain","properties":{"shapeName":"Swain","shapeISO":"","shapeGroup":"USA","shapeType":"ADM2","adm1ISO":"US-NC","parentISO":"US-NC","parentID":"USA:ADM1:US-NC","src_shape_id":"52423323B8638287595623"},"geometry":{"type":"Polygon","coordinates":[[[-83.255614,35.696068],[-83.258121,35.691931],[-83.261256,35.689172],[-83.269281,35.68541],[-83.271382,35.681483],[-83.275484,35.67947],[-83.281182,35.677809],[-83.289169,35.674516],[-83.290686,35.672645],[-83.291079,35.667138],[-83.29368,35.661926],[-83.297158,35.657757],[-83.302283,35.656071],[-83.310494,35.654459],[-83.312761,35.654816],[-83.317909,35.659022],[-83.321105,35.662822],[-83.334969,35.665478],[-83.337687,35.663081],[-83.347266,35.660481],[-83.351564,35.659865],[-83.355541,35.654639],[-83.356206,35.650026],[-83.358213,35.647284],[-83.366945,35.638735],[-83.370373,35.638211],[-83.373716,35.638942],[-83.376789,35.636645],[-83.377988,35.634503],[-83.380255,35.634712],[-83.388726,35.633591],[-83.388606,35.632359],[-83.392656,35.625102],[-83.39663,35.622727],[-83.403573,35.62132],[-83.411856,35.616927],[-83.420374,35.613474],[-83.42158,35.611193],[-83.432302,35.609948],[-83.441201,35.611746],[-83.445806,35.61181],[-83.447141,35.608671],[-83.452435,35.602925],[-83.455726,35.598052],[-83.462682,35.592607],[-83.471366,35.590311],[-83.472672,35.589132],[-83.472688,35.586559],[-83.479086,35.583323],[-83.478527,35.579209],[-83.480621,35.57664],[-83.485531,35.568211],[-83.491651,35.566874],[-83.498339,35.562988],[-83.517568,35.562878],[-83.520473,35.565609],[-83.534173,35.564675],[-83.54083,35.565709],[-83.552171,35.564353],[-83.559268,35.564803],[-83.566094,35.566],[-83.572428,35.565525],[-83.576349,35.564026],[-83.582004,35.562691],[-83.585594,35.562948],[-83.587144,35.564024],[-83.587831,35.56697],[-83.594274,35.572919],[-83.601858,35.578235],[-83.60481,35.579347],[-83.608893,35.579458],[-83.615316,35.574033],[-83.629738,35.567896],[-83.632362,35.5691],[-83.635836,35.568176],[-83.640502,35.566082],[-83.645485,35.565832],[-83.653163,35.568316],[-83.657937,35.569218],[-83.660929,35.568214],[-83.663028,35.56915],[-83.666276,35.569396],[-83.673097,35.568981],[-83.676272,35.570296],[-83.684158,35.568855],[-83.697831,35.568359],[-83.702103,35.567641],[-83.707203,35.56854],[-83.720791,35.563354],[-83.723463,35.561881],[-83.732951,35.563156],[-83.735673,35.565462],[-83.749898,35.561153],[-83.756921,35.563611],[-83.759679,35.562499],[-83.76461,35.561545],[-83.77174,35.562125],[-83.773096,35.557472],[-83.780133,35.550394],[-83.786806,35.547207],[-83.802438,35.541595],[-83.808717,35.536422],[-83.809802,35.534317],[-83.825594,35.523836],[-83.827432,35.52466],[-83.831899,35.524773],[-83.840207,35.521567],[-83.848506,35.519266],[-83.853902,35.521066],[-83.859265,35.521858],[-83.866417,35.520917],[-83.872634,35.521152],[-83.880078,35.518752],[-83.882567,35.517189],[-83.884266,35.512761],[-83.892078,35.503096],[-83.895673,35.501875],[-83.901385,35.49656],[-83.900204,35.494198],[-83.901531,35.491033],[-83.905616,35.489067],[-83.908044,35.484404],[-83.909269,35.479721],[-83.911777,35.476035],[-83.916805,35.473619],[-83.924899,35.473891],[-83.929747,35.473337],[-83.937019,35.471518],[-83.942176,35.467261],[-83.942991,35.465091],[-83.949393,35.461171],[-83.952886,35.460642],[-83.939423,35.448607],[-83.927702,35.450654],[-83.914081,35.465061],[-83.873798,35.46042],[-83.864583,35.448319],[-83.844911,35.453128],[-83.806715,35.444831],[-83.80364,35.4551],[-83.774479,35.443482],[-83.757237,35.44171],[-83.731877,35.447202],[-83.657894,35.432268],[-83.645018,35.432036],[-83.643451,35.443203],[-83.618698,35.43612],[-83.610818,35.427052],[-83.58576,35.434839],[-83.582562,35.410496],[-83.597553,35.371439],[-83.601005,35.370531],[-83.601635,35.369012],[-83.621255,35.34513],[-83.660511,35.335633],[-83.690653,35.316954],[-83.695347,35.297543],[-83.680118,35.279507],[-83.672819,35.282803],[-83.51184,35.297956],[-83.486669,35.305437],[-83.471364,35.29741],[-83.432458,35.32519],[-83.410753,35.316564],[-83.399568,35.327777],[-83.364232,35.326],[-83.339613,35.331],[-83.331512,35.354269],[-83.341147,35.397385],[-83.360708,35.41182],[-83.363736,35.426653],[-83.35173,35.468099],[-83.335633,35.474716],[-83.318346,35.465269],[-83.308935,35.47933],[-83.285282,35.488907],[-83.281522,35.499016],[-83.236077,35.524571],[-83.216252,35.526012],[-83.210611,35.519332],[-83.186326,35.514375],[-83.174418,35.521397],[-83.171613,35.537653],[-83.155839,35.552629],[-83.166968,35.578697],[-83.182113,35.584544],[-83.185523,35.598278],[-83.175984,35.612457],[-83.175875,35.627507],[-83.202327,35.650259],[-83.181981,35.671334],[-83.207669,35.681606],[-83.214911,35.692119],[-83.255614,35.696068]]]}},
{"type":"Feature","id":"USA:ADM2:US-NC.avery","properties":{"shapeName":"Avery","shapeISO":"","shapeGroup":"USA","shapeType":"ADM2","adm1ISO":"US-NC","parentISO":"US-NC","parentID":"USA:ADM1:US-NC","src_shape_id":"52423323B91612624851462"},"geometry":{"type":"Polygon","coordinates":[[[-82.080949,36.105769],[-82.068689,36.065277],[-82.039179,36.007781],[-82.049302,36.007934],[-82.058768,35.987167],[-82.034108,35.942064],[-81.981958,35.911368],[-81.954606,35.926656],[-81.962991,35.94179],[-81.944005,35.959309],[-81.899875,35.999916],[-81.878078,35.986756],[-81.873042,35.977555],[-81.84454,35.974983],[-81.807166,35.961962],[-81.735677,36.067591],[-81.754021,36.072895],[-81.756336,36.076656],[-81.758521,36.077171],[-81.758034,36.082537],[-81.761144,36.090136],[-81.81052,36.111518],[-81.826789,36.163841],[-81.829805,36.169269],[-81.835651,36.168503],[-81.857151,36.193682],[-81.885387,36.189458],[-81.903781,36.20817],[-81.907452,36.223747],[-81.91098,36.228519],[-81.897023,36.24295],[-81.897801,36.277497],[-81.918115,36.28712],[-81.933023,36.26485],[-81.938901,36.256074],[-81.960105,36.228138],[-82.026644,36.130229],[-82.026344,36.129229],[-82.028744,36.124329],[-82.033145,36.120429],[-82.037945,36.121129],[-82.043945,36.125428],[-82.054146,36.126828],[-82.056046,36.123928],[-82.056046,36.120728],[-82.061346,36.113128],[-82.067146,36.112027],[-82.079747,36.106527],[-82.080949,36.105769]]]}},
{"type":"Feature","id":"USA:ADM2:US-NC.camden","properties":{"shapeName":"Camden","shapeISO":"","shapeGroup":"USA","shapeType":"ADM2","adm1ISO":"US-NC","parentISO":"US-NC","parentID":"USA:ADM1:US-NC","src_shape_id":"52423323B68904174883849"},"geometry":{"type":"Polygon","coordinates":[[[-76.541538,36.550321],[-76.491338,36.510684],[-76.437288,36.467853],[-76.410657,36.456339],[-76.394751,36.454556],[-76.367356,36.43936],[-76.367431,36.431229],[-76.347412,36.428173],[-76.345571,36.421409],[-76.320576,36.426308],[-76.32308,36.417396],[-76.302238,36.400881],[-76.291544,36.386636],[-76.258893,36.384281],[-76.254706,36.362834],[-76.238246,36.371595],[-76.225117,36.346437],[-76.21418,36.341606],[-76.213637,36.326866],[-76.192209,36.328147],[-76.181465,36.322387],[-76.198371,36.317812],[-76.202063,36.304716],[-76.217455,36.299381],[-76.185952,36.29291],[-76.184704,36.298173],[-76.161386,36.291035],[-76.132007,36.28778],[-76.081482,36.237942],[-76.05431,36.229169],[-76.04384,36.210133],[-76.029088,36.202043],[-76.018938,36.188325],[-76.016986,36.186374],[-75.995193,36.178079],[-75.939049,36.165525],[-75.924656,36.163598],[-75.92003,36.16486],[-75.905001,36.164195],[-75.91719,36.172638],[-75.936438,36.180887],[-75.956029,36.198072],[-75.945374,36.222475],[-75.95706,36.24791],[-75.964622,36.25444],[-75.959384,36.255658],[-75.96106,36.268178],[-75.949089,36.273851],[-75.948428,36.285275],[-75.964853,36.28845],[-75.969627,36.306319],[-75.994541,36.308801],[-76.007916,36.328655],[-76.02058,36.333386],[-76.016709,36.344331],[-76.0308,36.338508],[-76.028609,36.348775],[-76.050757,36.359826],[-76.063691,36.347458],[-76.075897,36.346684],[-76.114579,36.35782],[-76.121812,36.371095],[-76.147628,36.39447],[-76.157474,36.398185],[-76.158534,36.42534],[-76.313305,36.550559],[-76.376695,36.550725],[-76.46527,36.550958],[-76.491485,36.550739],[-76.541538,36.550321]]]}},
{"type":"Feature","id":"USA:ADM2:US-NC.hertford","properties":{"shapeName":"Hertford","shapeISO":"","shapeGroup":"USA","shapeType":"ADM2","adm1ISO":"US-NC","parentISO":"US-NC","parentID":"USA:ADM1:US-NC","src_shape_id":"52423323B21555121079401"},"geometry":{"type":"Polygon","coordinates":[[[-76.7202,36.243812],[-76.693255,36.278364],[-76.691642,36.277324],[-76.694815,36.28503],[-76.696573,36.296145],[-76.735331,36.324068],[-76.761316,36.352419],[-76.779469,36.362476],[-76.795411,36.359724],[-76.821444,36.364134],[-76.896115,36.390451],[-76.907889,36.390739],[-76.933472,36.401877],[-76.94626,36.413829],[-76.945264,36.44021],[-76.950608,36.470797],[-76.933377,36.47263],[-76.919359,36.50541],[-76.906464,36.510699],[-76.903966,36.521398],[-76.921466,36.538456],[-76.916145,36.53895],[-76.914004,36.542668],[-76.916062,36.543844],[-77.095064,36.544633],[-77.124814,36.543993],[-77.152693,36.544085],[-77.164372,36.546313],[-77.148687,36.534149],[-77.147872,36.524992],[-77.093226,36.518223],[-77.082476,36.511476],[-77.085434,36.499968],[-77.074224,36.499408],[-77.066445,36.482921],[-77.091504,36.471758],[-77.099932,36.479102],[-77.122961,36.471225],[-77.13723,36.45539],[-77.13135,36.437833],[-77.190885,36.287346],[-77.208608,36.246845],[-77.20847,36.246585],[-77.183146,36.242832],[-77.008386,36.23912],[-76.986161,36.242081],[-76.971401,36.238137],[-76.903385,36.242993],[-76.7202,36.243812]]]}},
{"type":"Feature","id":"USA:ADM2:US-NC.jackson","properties":{"shapeName":"Jackson","shapeISO":"","shapeGroup":"USA","shapeType":"ADM2","adm1ISO":"US-NC","parentISO":"US-NC","parentID":"USA:ADM1:US-NC","src_shape_id":"52423323B32071814901819"},"geometry":{"type":"Polygon","coordinates":[[[-83.00867,35.027587],[-83.032462,35.037741],[-83.039191,35.048116],[-83.056893,35.053834],[-83.044946,35.077134],[-83.021036,35.095642],[-82.98322,35.131927],[-82.980907,35.148358],[-82.994813,35.153528],[-82.996631,35.163585],[-82.981215,35.167647],[-82.986923,35.187645],[-82.968809,35.194599],[-82.95987,35.215175],[-82.935917,35.224867],[-82.927238,35.23731],[-82.919245,35.271128],[-82.920885,35.292044],[-82.927325,35.302809],[-82.964729,35.315296],[-82.964694,35.332927],[-82.990362,35.367623],[-83.006572,35.377334],[-83.024816,35.380188],[-83.043728,35.394402],[-83.044238,35.414699],[-83.056285,35.425982],[-83.080093,35.434756],[-83.079477,35.447572],[-83.090257,35.449048],[-83.091439,35.457538],[-83.109153,35.464123],[-83.137718,35.464083],[-83.137413,35.488825],[-83.161394,35.496501],[-83.16348,35.508957],[-83.186326,35.514375],[-83.210611,35.519332],[-83.216252,35.526012],[-83.236077,35.524571],[-83.281522,35.499016],[-83.285282,35.488907],[-83.308935,35.47933],[-83.318346,35.465269],[-83.335633,35.474716],[-83.35173,35.468099],[-83.363736,35.426653],[-83.360708,35.41182],[-83.341147,35.397385],[-83.331512,35.354269],[-83.339613,35.331],[-83.331886,35.31596],[-83.321091,35.311895],[-83.322646,35.301458],[-83.31204,35.281613],[-83.315934,35.264803],[-83.29848,35.255768],[-83.291157,35.23378],[-83.276959,35.228052],[-83.245218,35.231473],[-83.241316,35.23893],[-83.224336,35.238652],[-83.216616,35.222732],[-83.218629,35.193319],[-83.224487,35.187608],[-83.2238,35.157393],[-83.187081,35.134001],[-83.17756,35.108907],[-83.147718,35.09377],[-83.143364,35.078798],[-83.143482,35.077884],[-83.148761,35.078622],[-83.152697,35.077949],[-83.157927,35.078052],[-83.158117,35.075048],[-83.163121,35.072755],[-83.164598,35.071385],[-83.172261,35.068673],[-83.167294,35.058218],[-83.163742,35.056648],[-83.148478,35.053889],[-83.108617,35.000666],[-83.00867,35.027587]]]}},
{"type":"Feature","id":"USA:ADM2:US-NC.rutherford","properties":{"shapeName":"Rutherford","shapeISO":"","shapeGroup":"USA","shapeType":"ADM2","adm1ISO":"US-NC","parentISO":"US-NC","parentID":"USA:ADM1:US-NC","src_shape_id":"52423323B2648092614406"},"geometry":{"type":"Polygon","coordinates":[[[-82.261309,35.393205],[-82.239119,35.402564],[-82.226821,35.395482],[-82.204556,35.403637],[-82.185154,35.396626],[-82.171716,35.408821],[-82.153143,35.408082],[-82.129213,35.396859],[-82.107661,35.381091],[-82.079666,35.352985],[-82.077079,35.34198],[-82.056887,35.336953],[-82.029521,35.301509],[-82.001171,35.283016],[-81.995723,35.270622],[-81.968792,35.257771],[-81.963873,35.249457],[-81.965334,35.244513],[-81.965683,35.231069],[-81.96281,35.226867],[-81.965171,35.223149],[-81.970886,35.211596],[-81.969349,35.187236],[-81.925616,35.185512],[-81.87469,35.184127],[-81.802085,35.181402],[-81.768112,35.180395],[-81.759545,35.222653],[-81.702857,35.357311],[-81.691993,35.580048],[-81.705288,35.581126],[-81.717418,35.604613],[-81.721705,35.606315],[-81.724686,35.604785],[-81.737202,35.601978],[-81.73901,35.604194],[-81.741284,35.604852],[-81.753411,35.613595],[-81.772186,35.59263],[-81.796697,35.583793],[-81.822272,35.580441],[-81.824126,35.57499],[-81.842472,35.54227],[-81.904958,35.541924],[-81.91268,35.537984],[-81.967623,35.526014],[-82.002787,35.551854],[-82.028855,35.535985],[-82.039847,35.532711],[-82.063314,35.533095],[-82.09577,35.531673],[-82.150542,35.518009],[-82.169053,35.527818],[-82.220519,35.520032],[-82.231524,35.519952],[-82.232927,35.519534],[-82.22434,35.498276],[-82.252401,35.461166],[-82.265799,35.467825],[-82.280567,35.443076],[-82.270232,35.400556],[-82.261309,35.393205]]]}},
{"type":"Feature","id":"USA:ADM2:US-NC.stokes","properties":{"shapeName":"Stokes","shapeISO":"","shapeGroup":"USA","shapeType":"ADM2","adm1ISO":"US-NC","parentISO":"US-NC","parentID":"USA:ADM1:US-NC","src_shape_id":"52423323B34539030227097"},"geometry":{"type":"Polygon","coordinates":[[[-80.035122,36.257191],[-80.03321,36.3275],[-80.027342,36.542502],[-80.053462,36.542544],[-80.122186,36.542653],[-80.171639,36.543226],[-80.225411,36.543755],[-80.228266,36.543874],[-80.295246,36.54398],[-80.431608,36.550226],[-80.440103,36.550637],[-80.451699,36.261509],[-80.370398,36.260857],[-80.035122,36.257191]]]}},
{"type":"Feature","id":"USA:ADM2:US-NC.burke","properties":{"shapeName":"Burke","shapeISO":"","shapeGroup":"USA","shapeType":"ADM2","adm1ISO":"US-NC","parentISO":"US-NC","parentID":"USA:ADM1:US-NC","src_shape_id":"52423323B91095890674954"},"geometry":{"type":"Polygon","coordinates":[[[-81.363799,35.767809],[-81.37749,35.757505],[-81.399221,35.758567],[-81.426455,35.772011],[-81.440565,35.773416],[-81.4442,35.784308],[-81.555997,35.777545],[-81.600813,35.825103],[-81.610389,35.819619],[-81.630069,35.830384],[-81.639221,35.848353],[-81.709753,35.87501],[-81.744591,35.90869],[-81.758737,35.928473],[-81.776081,35.927021],[-81.777672,35.947446],[-81.792886,35.949898],[-81.795331,35.949785],[-81.801816,35.954078],[-81.804797,35.955023],[-81.807166,35.961962],[-81.84454,35.974983],[-81.873042,35.977555],[-81.878078,35.986756],[-81.899875,35.999916],[-81.944005,35.959309],[-81.939317,35.955666],[-81.937552,35.955462],[-81.936497,35.951911],[-81.934206,35.95029],[-81.933743,35.948277],[-81.928475,35.931538],[-81.910308,35.905561],[-81.906656,35.883383],[-81.924989,35.843077],[-81.939711,35.837719],[-81.951364,35.823148],[-81.972779,35.821318],[-81.986943,35.80693],[-81.924412,35.761807],[-81.902912,35.744933],[-81.869392,35.719631],[-81.824126,35.57499],[-81.822272,35.580441],[-81.796697,35.583793],[-81.772186,35.59263],[-81.753411,35.613595],[-81.741284,35.604852],[-81.73901,35.604194],[-81.737202,35.601978],[-81.724686,35.604785],[-81.721705,35.606315],[-81.717418,35.604613],[-81.705288,35.581126],[-81.691993,35.580048],[-81.691059,35.584583],[-81.674228,35.568811],[-81.64897,35.561617],[-81.597739,35.571261],[-81.566783,35.558455],[-81.545302,35.564728],[-81.537602,35.564235],[-81.535406,35.568144],[-81.506812,35.607963],[-81.476146,35.636787],[-81.475054,35.636384],[-81.455779,35.655999],[-81.432901,35.677854],[-81.389553,35.734135],[-81.363799,35.767809]]]}},
{"type":"Feature","id":"USA:ADM2:US-NC.polk","properties":{"shapeName":"Polk","shapeISO":"","shapeGroup":"USA","shapeType":"ADM2","adm1ISO":"US-NC","parentISO":"US-NC","parentID":"USA:ADM1:US-NC","src_shape_id":"52423323B70248035417131"},"geometry":{"type":"Polygon","coordinates":[[[-82.215944,35.196036],[-82.195487,35.194958],[-82.176878,35.193797],[-82.138951,35.193129],[-82.08959,35.190705],[-82.001426,35.1885],[-81.969349,35.187236],[-81.970886,35.211596],[-81.965171,35.223149],[-81.96281,35.226867],[-81.965683,35.231069],[-81.965334,35.244513],[-81.963873,35.249457],[-81.968792,35.257771],[-81.995723,35.270622],[-82.001171,35.283016],[-82.029521,35.301509],[-82.056887,35.336953],[-82.077079,35.34198],[-82.079666,35.352985],[-82.107661,35.381091],[-82.129213,35.396859],[-82.153143,35.408082],[-82.171716,35.408821],[-82.185154,35.396626],[-82.204556,35.403637],[-82.226821,35.395482],[-82.239119,35.402564],[-82.261309,35.393205],[-82.261467,35.388456],[-82.281053,35.366065],[-82.280027,35.365482],[-82.305269,35.332637],[-82.310433,35.314715],[-82.327684,35.308926],[-82.346854,35.279732],[-82.3495,35.246252],[-82.352371,35.244365],[-82.359156,35.244496],[-82.351158,35.225356],[-82.353658,35.192229],[-82.344558,35.193122],[-82.341198,35.191517],[-82.340137,35.189195],[-82.338017,35.189017],[-82.333938,35.190668],[-82.330783,35.189039],[-82.330553,35.186774],[-82.326921,35.185063],[-82.323354,35.184796],[-82.317875,35.187865],[-82.315875,35.190685],[-82.30717,35.193019],[-82.295358,35.194972],[-82.288457,35.198612],[-82.28252,35.199865],[-82.274924,35.200078],[-82.257519,35.198643],[-82.230919,35.196791],[-82.215944,35.196036]]]}},
{"type":"Feature","id":"USA:ADM2:US-NC.pasquotank","properties":{"shapeName":"Pasquotank","shapeISO":"","shapeGroup":"USA","shapeType":"ADM2","adm1ISO":"US-NC","parentISO":"US-NC","parentID":"USA:ADM1:US-NC","src_shape_id":"52423323B46156622998042"},"geometry":{"type":"Polygon","coordinates":[[[-76.453713,36.378099],[-76.447634,36.363745],[-76.391947,36.287492],[-76.376641,36.275328],[-76.374882,36.258661],[-76.347451,36.249796],[-76.337294,36.240797],[-76.317232,36.240177],[-76.303324,36.221721],[-76.290673,36.223504],[-76.273318,36.189069],[-76.268743,36.189771],[-76.254066,36.184197],[-76.247879,36.175155],[-76.236934,36.170396],[-76.228185,36.158494],[-76.206875,36.137528],[-76.178948,36.123431],[-76.092557,36.135801],[-76.071674,36.14019],[-76.064226,36.143782],[-76.059272,36.149292],[-76.059922,36.155147],[-76.065452,36.165231],[-76.080108,36.199447],[-76.115853,36.214226],[-76.149488,36.263909],[-76.17138,36.265813],[-76.188719,36.281249],[-76.185952,36.29291],[-76.217455,36.299381],[-76.202063,36.304716],[-76.198371,36.317812],[-76.181465,36.322387],[-76.192209,36.328147],[-76.213637,36.326866],[-76.21418,36.341606],[-76.225117,36.346437],[-76.238246,36.371595],[-76.254706,36.362834],[-76.258893,36.384281],[-76.291544,36.386636],[-76.302238,36.400881],[-76.32308,36.417396],[-76.320576,36.426308],[-76.345571,36.421409],[-76.347412,36.428173],[-76.367431,36.431229],[-76.367356,36.43936],[-76.394751,36.454556],[-76.410657,36.456339],[-76.437288,36.467853],[-76.491338,36.510684],[-76.491407,36.468655],[-76.453713,36.378099]]]}},
{"type":"Feature","id":"USA:ADM2:US-NC.mcdowell","properties":{"shapeName":"McDowell","shapeISO":"","shapeGroup":"USA","shapeType":"ADM2","adm1ISO":"US-NC","parentISO":"US-NC","parentID":"USA:ADM1:US-NC","src_shape_id":"52423323B54593628096375"},"geometry":{"type":"Polygon","coordinates":[[[-81.981958,35.911368],[-81.980172,35.885053],[-81.999413,35.874014],[-82.013611,35.885225],[-82.048043,35.853236],[-82.073717,35.848312],[-82.099409,35.851678],[-82.120583,35.825019],[-82.133488,35.823316],[-82.167899,35.789145],[-82.164325,35.771099],[-82.193406,35.735321],[-82.242769,35.712455],[-82.257846,35.698859],[-82.275403,35.704445],[-82.28873,35.696298],[-82.293729,35.686842],[-82.280551,35.667247],[-82.286711,35.653075],[-82.264948,35.61405],[-82.270515,35.611545],[-82.271497,35.611952],[-82.277669,35.610173],[-82.280436,35.608766],[-82.282091,35.604612],[-82.291817,35.59509],[-82.251255,35.55995],[-82.219985,35.553148],[-82.169053,35.527818],[-82.150542,35.518009],[-82.09577,35.531673],[-82.063314,35.533095],[-82.039847,35.532711],[-82.028855,35.535985],[-82.002787,35.551854],[-81.967623,35.526014],[-81.91268,35.537984],[-81.904958,35.541924],[-81.842472,35.54227],[-81.824126,35.57499],[-81.869392,35.719631],[-81.902912,35.744933],[-81.924412,35.761807],[-81.986943,35.80693],[-81.972779,35.821318],[-81.951364,35.823148],[-81.939711,35.837719],[-81.924989,35.843077],[-81.906656,35.883383],[-81.910308,35.905561],[-81.928475,35.931538],[-81.933743,35.948277],[-81.934206,35.95029],[-81.936497,35.951911],[-81.937552,35.955462],[-81.939317,35.955666],[-81.944005,35.959309],[-81.962991,35.94179],[-81.954606,35.926656],[-81.981958,35.911368]]]}},
{"type":"Feature","id":"USA:ADM2:US-NC.harnett","properties":{"shapeName":"Harnett","shapeISO":"","shapeGroup":"USA","shapeType":"ADM2","adm1ISO":"US-NC","parentISO":"US-NC","parentID":"USA:ADM1:US-NC","src_shape_id":"52423323B77740585629691"},"geometry":{"type":"Polygon","coordinates":[[[-78.61713,35.245585],[-78.584642,35.273319],[-78.583454,35.296786],[-78.538352,35.316417],[-78.529854,35.334942],[-78.567698,35.367695],[-78.573948,35.388156],[-78.595097,35.401955],[-78.613367,35.438396],[-78.627539,35.458469],[-78.649594,35.471441],[-78.662148,35.496299],[-78.675495,35.496383],[-78.68952,35.515941],[-78.708905,35.519465],[-78.740564,35.528714],[-78.755334,35.533144],[-78.83735,35.559165],[-78.914737,35.583679],[-78.969643,35.521676],[-79.076639,35.414575],[-79.183559,35.307168],[-79.223024,35.26814],[-79.193753,35.250237],[-79.165111,35.240932],[-79.152083,35.214508],[-79.095811,35.192075],[-79.027042,35.207886],[-78.99804,35.214137],[-78.97799,35.211915],[-78.935645,35.218766],[-78.925178,35.223845],[-78.878393,35.231609],[-78.87606,35.241543],[-78.859268,35.242701],[-78.847161,35.252993],[-78.824918,35.259655],[-78.804779,35.257174],[-78.794283,35.266108],[-78.781855,35.260904],[-78.725567,35.266907],[-78.718509,35.259696],[-78.61713,35.245585]]]}},
{"type":"Feature","id":"USA:ADM2:US-NC.macon","properties":{"shapeName":"Macon","shapeISO":"","shapeGroup":"USA","shapeType":"ADM2","adm1ISO":"US-NC","parentISO":"US-NC","parentID":"USA:ADM1:US-NC","src_shape_id":"52423323B76161354561754"},"geometry":{"type":"Polygon","coordinates":[[[-83.680118,35.279507],[-83.684068,35.276362],[-83.702776,35.248527],[-83.691668,35.242769],[-83.696787,35.225392],[-83.728363,35.199899],[-83.711342,35.195666],[-83.731539,35.178586],[-83.738133,35.155957],[-83.726828,35.145276],[-83.714446,35.15529],[-83.699203,35.152637],[-83.68436,35.157773],[-83.666225,35.150048],[-83.659828,35.160311],[-83.641778,35.13924],[-83.635716,35.121587],[-83.619064,35.128389],[-83.617913,35.105967],[-83.586621,35.091589],[-83.585124,35.08191],[-83.562236,35.059431],[-83.566732,35.051568],[-83.557363,35.038643],[-83.542998,35.038381],[-83.521254,35.018253],[-83.527046,35.009334],[-83.519053,34.996611],[-83.510601,35.005164],[-83.482956,34.99349],[-83.322772,34.995881],[-83.190414,34.999463],[-83.108617,35.000666],[-83.148478,35.053889],[-83.163742,35.056648],[-83.167294,35.058218],[-83.172261,35.068673],[-83.164598,35.071385],[-83.163121,35.072755],[-83.158117,35.075048],[-83.157927,35.078052],[-83.152697,35.077949],[-83.148761,35.078622],[-83.143482,35.077884],[-83.143364,35.078798],[-83.147718,35.09377],[-83.17756,35.108907],[-83.187081,35.134001],[-83.2238,35.157393],[-83.224487,35.187608],[-83.218629,35.193319],[-83.216616,35.222732],[-83.224336,35.238652],[-83.241316,35.23893],[-83.245218,35.231473],[-83.276959,35.228052],[-83.291157,35.23378],[-83.29848,35.255768],[-83.315934,35.264803],[-83.31204,35.281613],[-83.322646,35.301458],[-83.321091,35.311895],[-83.331886,35.31596],[-83.339613,35.331],[-83.364232,35.326],[-83.399568,35.327777],[-83.410753,35.316564],[-83.432458,35.32519],[-83.471364,35.29741],[-83.486669,35.305437],[-83.51184,35.297956],[-83.672819,35.282803],[-83.680118,35.279507]]]}},
{"type":"Feature","id":"USA:ADM2:US-NC.graham","properties":{"shapeName":"Graham","shapeISO":"","shapeGroup":"USA","shapeType":"ADM2","adm1ISO":"US-NC","parentISO":"US-NC","parentID":"USA:ADM1:US-NC","src_shape_id":"52423323B76614514394942"},"geometry":{"type":"Polygon","coordinates":[[[-83.952886,35.460642],[-83.95542,35.463463],[-83.957825,35.464218],[-83.96106,35.46376],[-83.961404,35.459503],[-83.965233,35.455406],[-83.971443,35.455152],[-83.973175,35.452589],[-83.973061,35.448928],[-83.97829,35.447827],[-83.983237,35.442357],[-83.992572,35.438072],[-83.996623,35.433768],[-83.998158,35.430793],[-83.999246,35.426147],[-84.002254,35.422555],[-84.00531,35.42089],[-84.01171,35.41539],[-84.014711,35.41199],[-84.020637,35.40985],[-84.021786,35.407425],[-84.021511,35.40419],[-84.018111,35.39909],[-84.014111,35.39779],[-84.008211,35.39039],[-84.011211,35.38439],[-84.008311,35.37889],[-84.00759,35.371668],[-84.015125,35.364875],[-84.019197,35.359576],[-84.020192,35.35751],[-84.02346,35.354224],[-84.035347,35.35084],[-84.038085,35.34837],[-84.032434,35.336852],[-84.029381,35.333204],[-84.030413,35.33049],[-84.032213,35.32859],[-84.032483,35.325325],[-84.035514,35.31779],[-84.035714,35.31289],[-84.035014,35.31199],[-84.028714,35.31039],[-84.026514,35.30929],[-84.021414,35.30139],[-84.023514,35.29579],[-84.029089,35.292195],[-84.009761,35.273248],[-84.010223,35.255947],[-84.000924,35.249635],[-84.001051,35.233295],[-83.968536,35.218081],[-83.94615,35.219833],[-83.903576,35.235253],[-83.893304,35.233242],[-83.873742,35.244112],[-83.831433,35.256124],[-83.82277,35.250295],[-83.795163,35.25747],[-83.773551,35.24575],[-83.734318,35.244996],[-83.713148,35.257696],[-83.702776,35.248527],[-83.684068,35.276362],[-83.680118,35.279507],[-83.695347,35.297543],[-83.690653,35.316954],[-83.660511,35.335633],[-83.621255,35.34513],[-83.601635,35.369012],[-83.601005,35.370531],[-83.597553,35.371439],[-83.582562,35.410496],[-83.58576,35.434839],[-83.610818,35.427052],[-83.618698,35.43612],[-83.643451,35.443203],[-83.645018,35.432036],[-83.657894,35.432268],[-83.731877,35.447202],[-83.757237,35.44171],[-83.774479,35.443482],[-83.80364,35.4551],[-83.806715,35.444831],[-83.844911,35.453128],[-83.864583,35.448319],[-83.873798,35.46042],[-83.914081,35.465061],[-83.927702,35.450654],[-83.939423,35.448607],[-83.952886,35.460642]]]}},
{"type":"Feature","id":"USA:ADM2:US-NC.perquimans","properties":{"shapeName":"Perquimans","shapeISO":"","shapeGroup":"USA","shapeType":"ADM2","adm1ISO":"US-NC","parentISO":"US-NC","parentID":"USA:ADM1:US-NC","src_shape_id":"52423323B57598865741188"},"geometry":{"type":"Polygon","coordinates":[[[-76.559648,36.351063],[-76.562031,36.321591],[-76.56875,36.309276],[-76.565633,36.292999],[-76.573257,36.257178],[-76.590109,36.238869],[-76.570852,36.107887],[-76.539066,36.094579],[-76.517534,36.097408],[-76.491232,36.084899],[-76.480596,36.093166],[-76.461048,36.087665],[-76.445593,36.07591],[-76.411862,36.075342],[-76.41088,36.078041],[-76.355071,36.086465],[-76.33717,36.086465],[-76.331904,36.083833],[-76.32348,36.084886],[-76.304,36.092783],[-76.298735,36.101207],[-76.334967,36.11091],[-76.34642,36.12103],[-76.375894,36.120427],[-76.456063,36.183584],[-76.454416,36.189908],[-76.447814,36.192521],[-76.393502,36.163258],[-76.373573,36.138215],[-76.329923,36.133403],[-76.265039,36.104893],[-76.238714,36.098575],[-76.216601,36.095416],[-76.191717,36.107204],[-76.228529,36.130654],[-76.247403,36.16183],[-76.263584,36.171824],[-76.276992,36.184959],[-76.273318,36.189069],[-76.290673,36.223504],[-76.303324,36.221721],[-76.317232,36.240177],[-76.337294,36.240797],[-76.347451,36.249796],[-76.374882,36.258661],[-76.376641,36.275328],[-76.391947,36.287492],[-76.447634,36.363745],[-76.453713,36.378099],[-76.539179,36.357288],[-76.55709,36.354902],[-76.559648,36.351063]]]}},
{"type":"Feature","id":"USA:ADM2:US-NC.cherokee","properties":{"shapeName":"Cherokee","shapeISO":"","shapeGroup":"USA","shapeType":"ADM2","adm1ISO":"US-NC","parentISO":"US-NC","parentID":"USA:ADM1:US-NC","src_shape_id":"52423323B12938899253379"},"geometry":{"type":"Polygon","coordinates":[[[-84.129456,34.987511],[-84.029958,34.987328],[-84.005264,34.987447],[-84.004582,34.994458],[-83.979851,35.005874],[-83.956454,35.026522],[-83.966087,35.043981],[-83.956382,35.054349],[-83.943508,35.056074],[-83.930658,35.069274],[-83.907487,35.07849],[-83.883106,35.106103],[-83.863349,35.121441],[-83.855497,35.137963],[-83.841301,35.143751],[-83.816565,35.13923],[-83.772945,35.155865],[-83.745965,35.160809],[-83.738133,35.155957],[-83.731539,35.178586],[-83.711342,35.195666],[-83.728363,35.199899],[-83.696787,35.225392],[-83.691668,35.242769],[-83.702776,35.248527],[-83.713148,35.257696],[-83.734318,35.244996],[-83.773551,35.24575],[-83.795163,35.25747],[-83.82277,35.250295],[-83.831433,35.256124],[-83.873742,35.244112],[-83.893304,35.233242],[-83.903576,35.235253],[-83.94615,35.219833],[-83.968536,35.218081],[-84.001051,35.233295],[-84.000924,35.249635],[-84.010223,35.255947],[-84.009761,35.273248],[-84.029089,35.292195],[-84.036015,35.28869],[-84.042715,35.27839],[-84.052616,35.269989],[-84.055716,35.268189],[-84.063716,35.266689],[-84.070616,35.263789],[-84.074717,35.263189],[-84.081121,35.261153],[-84.082917,35.257089],[-84.092217,35.249988],[-84.097512,35.247389],[-84.102274,35.248122],[-84.108453,35.250337],[-84.113318,35.248988],[-84.115283,35.250445],[-84.121154,35.250651],[-84.125619,35.249388],[-84.127319,35.244421],[-84.130574,35.243371],[-84.133303,35.243686],[-84.139719,35.246187],[-84.143128,35.246886],[-84.15532,35.246487],[-84.15892,35.245887],[-84.16132,35.243487],[-84.16862,35.245787],[-84.17042,35.245786],[-84.17702,35.242386],[-84.17852,35.240686],[-84.188421,35.239986],[-84.192221,35.243086],[-84.199121,35.243686],[-84.201721,35.247786],[-84.202883,35.255779],[-84.205521,35.259686],[-84.211822,35.266085],[-84.216322,35.267985],[-84.223722,35.269085],[-84.227822,35.267885],[-84.231822,35.264785],[-84.240223,35.255185],[-84.243023,35.253185],[-84.252823,35.249484],[-84.257723,35.246184],[-84.260323,35.241884],[-84.275424,35.234784],[-84.282524,35.227884],[-84.283224,35.226584],[-84.287986,35.224475],[-84.290244,35.225579],[-84.292324,35.206696],[-84.295242,35.182449],[-84.29801,35.167475],[-84.304813,35.121709],[-84.308441,35.09318],[-84.310026,35.07889],[-84.321873,34.988415],[-84.129456,34.987511]]]}},
{"type":"Feature","id":"USA:ADM2:US-NC.granville","properties":{"shapeName":"Granville","shapeISO":"","shapeGroup":"USA","shapeType":"ADM2","adm1ISO":"US-NC","parentISO":"US-NC","parentID":"USA:ADM1:US-NC","src_shape_id":"52423323B28325681082817"},"geometry":{"type":"Polygon","coordinates":[[[-78.456973,36.542481],[-78.470795,36.542323],[-78.509968,36.541072],[-78.533016,36.541011],[-78.605307,36.541099],[-78.66332,36.542018],[-78.734125,36.54191],[-78.765433,36.541734],[-78.796274,36.54172],[-78.794848,36.526446],[-78.802338,36.235801],[-78.802522,36.213496],[-78.804693,36.094558],[-78.807626,36.087695],[-78.77746,36.071511],[-78.751276,36.070841],[-78.718791,36.075925],[-78.683227,36.074491],[-78.55383,36.024355],[-78.546417,36.021833],[-78.544815,36.080853],[-78.496617,36.175206],[-78.508335,36.18293],[-78.509213,36.265701],[-78.511227,36.454815],[-78.500932,36.486964],[-78.497786,36.514484],[-78.47291,36.521239],[-78.456973,36.542481]]]}},
{"type":"Feature","id":"USA:ADM2:US-NC.iredell","properties":{"shapeName":"Iredell","shapeISO":"","shapeGroup":"USA","shapeType":"ADM2","adm1ISO":"US-NC","parentISO":"US-NC","parentID":"USA:ADM1:US-NC","src_shape_id":"52423323B78922386378350"},"geometry":{"type":"Polygon","coordinates":[[[-80.960028,35.547027],[-80.939688,35.529536],[-80.956583,35.531578],[-80.962145,35.498663],[-80.947347,35.48848],[-80.906726,35.514792],[-80.859436,35.511484],[-80.798111,35.507094],[-80.784278,35.505847],[-80.737382,35.505811],[-80.736912,35.525435],[-80.74362,35.559556],[-80.771145,35.673434],[-80.718863,35.821653],[-80.707829,35.852936],[-80.7038,35.907577],[-80.6932,36.051267],[-80.753927,36.052751],[-80.881594,36.055725],[-80.94884,36.057108],[-80.975678,36.058817],[-81.028836,36.045659],[-81.003403,35.996744],[-81.005544,35.958294],[-81.041342,35.857862],[-81.07927,35.808428],[-81.10951,35.776601],[-81.067866,35.738107],[-81.061331,35.710648],[-81.005324,35.710216],[-80.966308,35.67032],[-80.951244,35.64142],[-80.927543,35.622985],[-80.925291,35.61949],[-80.943559,35.605397],[-80.933364,35.592397],[-80.951298,35.58128],[-80.960028,35.547027]]]}},
{"type":"Feature","id":"USA:ADM2:US-NC.bladen","properties":{"shapeName":"Bladen","shapeISO":"","shapeGroup":"USA","shapeType":"ADM2","adm1ISO":"US-NC","parentISO":"US-NC","parentID":"USA:ADM1:US-NC","src_shape_id":"52423323B8015598177606"},"geometry":{"type":"Polygon","coordinates":[[[-78.902001,34.835275],[-78.885894,34.811094],[-78.869999,34.778699],[-78.854384,34.73575],[-78.837623,34.717745],[-78.821423,34.709337],[-78.805724,34.689209],[-78.809434,34.668283],[-78.818114,34.664327],[-78.8187,34.649777],[-78.834437,34.62159],[-78.83142,34.611137],[-78.84362,34.578483],[-78.861673,34.563586],[-78.856649,34.524148],[-78.844441,34.508103],[-78.846372,34.500177],[-78.863417,34.498041],[-78.868964,34.484785],[-78.863368,34.484754],[-78.858066,34.474418],[-78.825221,34.461769],[-78.672883,34.469793],[-78.667591,34.469652],[-78.666724,34.466079],[-78.659285,34.453597],[-78.648376,34.460876],[-78.635354,34.454482],[-78.622095,34.450146],[-78.618322,34.447743],[-78.594015,34.43145],[-78.552716,34.420785],[-78.445322,34.377407],[-78.420734,34.378097],[-78.396917,34.370754],[-78.365704,34.37281],[-78.334571,34.367543],[-78.256087,34.399476],[-78.176503,34.465363],[-78.202876,34.475612],[-78.212109,34.488401],[-78.235623,34.492536],[-78.25547,34.508621],[-78.2546,34.520415],[-78.272229,34.538388],[-78.254443,34.553602],[-78.25173,34.562028],[-78.265937,34.583595],[-78.303242,34.600538],[-78.313992,34.63314],[-78.312739,34.643612],[-78.324564,34.649716],[-78.32354,34.665669],[-78.338691,34.674889],[-78.346723,34.690194],[-78.366731,34.693133],[-78.374365,34.700729],[-78.369607,34.700237],[-78.391913,34.729584],[-78.39198,34.741272],[-78.39075,34.74947],[-78.398786,34.750111],[-78.409712,34.765045],[-78.420388,34.765883],[-78.436942,34.784176],[-78.449759,34.813514],[-78.469465,34.830362],[-78.493454,34.843004],[-78.494708,34.856189],[-78.51202,34.84893],[-78.516126,34.845926],[-78.533636,34.851136],[-78.7996,34.850864],[-78.842861,34.847418],[-78.902001,34.835275]]]}},
{"type":"Feature","id":"USA:ADM2:US-NC.nash","properties":{"shapeName":"Nash","shapeISO":"","shapeGroup":"USA","shapeType":"ADM2","adm1ISO":"US-NC","parentISO":"US-NC","parentID":"USA:ADM1:US-NC","src_shape_id":"52423323B12414310346130"},"geometry":{"type":"Polygon","coordinates":[[[-78.255975,35.818127],[-78.256031,35.817979],[-78.256201,35.817389],[-78.243878,35.791956],[-78.250649,35.773277],[-78.219771,35.755076],[-78.205923,35.730755],[-78.204,35.727909],[-78.192119,35.730552],[-78.181974,35.737963],[-78.147104,35.74581],[-78.092537,35.766671],[-77.931363,35.830085],[-77.915659,35.836457],[-77.873869,35.849738],[-77.844739,35.837625],[-77.828446,35.867215],[-77.81958,35.88407],[-77.77906,35.981303],[-77.770383,36.009645],[-77.740453,36.063492],[-77.706968,36.11551],[-77.704042,36.142524],[-77.698026,36.153096],[-77.720744,36.133891],[-77.749011,36.156957],[-77.770258,36.146139],[-77.773851,36.145933],[-77.774007,36.14256],[-77.778192,36.144047],[-77.783121,36.141395],[-77.804337,36.149738],[-77.807519,36.138392],[-77.821894,36.144784],[-77.860525,36.148844],[-77.886402,36.144001],[-77.901141,36.162901],[-77.923034,36.166904],[-77.91796,36.181543],[-77.944006,36.192599],[-77.950737,36.180665],[-77.967386,36.194215],[-77.978587,36.175436],[-77.987652,36.189539],[-78.006553,36.20264],[-78.052675,36.133865],[-78.171588,35.955066],[-78.184199,35.935496],[-78.255975,35.818127]]]}},
{"type":"Feature","id":"USA:ADM2:US-NC.edgecombe","properties":{"shapeName":"Edgecombe","shapeISO":"","shapeGroup":"USA","shapeType":"ADM2","adm1ISO":"US-NC","parentISO":"US-NC","parentID":"USA:ADM1:US-NC","src_shape_id":"52423323B70191096340294"},"geometry":{"type":"Polygon","coordinates":[[[-77.665133,35.674942],[-77.655748,35.680353],[-77.59348,35.717732],[-77.531264,35.753535],[-77.515534,35.761993],[-77.472288,35.801102],[-77.44609,35.808735],[-77.425491,35.805378],[-77.409616,35.826411],[-77.390156,35.833069],[-77.350371,35.819235],[-77.349838,35.856087],[-77.349435,35.867421],[-77.34242,35.905269],[-77.409202,35.998695],[-77.402616,36.004973],[-77.42114,36.003616],[-77.44164,36.01469],[-77.439303,36.021219],[-77.475074,36.037825],[-77.517648,36.036782],[-77.529204,36.039274],[-77.539985,36.060364],[-77.528354,36.069396],[-77.540702,36.096092],[-77.562721,36.097127],[-77.626533,36.111444],[-77.628077,36.119487],[-77.62948,36.12181],[-77.644678,36.138194],[-77.670297,36.137295],[-77.678535,36.15438],[-77.698026,36.153096],[-77.704042,36.142524],[-77.706968,36.11551],[-77.740453,36.063492],[-77.770383,36.009645],[-77.77906,35.981303],[-77.81958,35.88407],[-77.828446,35.867215],[-77.751341,35.827801],[-77.735632,35.776731],[-77.718438,35.72883],[-77.693015,35.705472],[-77.674839,35.689111],[-77.665133,35.674942]]]}},
{"type":"Feature","id":"USA:ADM2:US-NC.greene","properties":{"shapeName":"Greene","shapeISO":"","shapeGroup":"USA","shapeType":"ADM2","adm1ISO":"US-NC","parentISO":"US-NC","parentID":"USA:ADM1:US-NC","src_shape_id":"52423323B20033821816181"},"geometry":{"type":"Polygon","coordinates":[[[-77.475517,35.426662],[-77.476745,35.445419],[-77.492661,35.461474],[-77.494118,35.47743],[-77.511787,35.497843],[-77.505284,35.518257],[-77.52389,35.518542],[-77.525012,35.528146],[-77.560325,35.533498],[-77.570835,35.548849],[-77.593047,35.56415],[-77.610372,35.567559],[-77.66244,35.619259],[-77.681624,35.630769],[-77.689027,35.649601],[-77.700694,35.652302],[-77.806293,35.583443],[-77.822513,35.58539],[-77.822862,35.572128],[-77.826746,35.424097],[-77.805538,35.407511],[-77.79996,35.382821],[-77.805625,35.369782],[-77.799299,35.368909],[-77.777671,35.367671],[-77.697518,35.377104],[-77.678521,35.347369],[-77.639103,35.354093],[-77.606959,35.379504],[-77.589325,35.37377],[-77.565149,35.386245],[-77.564688,35.387583],[-77.561464,35.387284],[-77.534175,35.398111],[-77.520728,35.417223],[-77.49357,35.411625],[-77.475517,35.426662]]]}},
{"type":"Feature","id":"USA:ADM2:US-NC.union","properties":{"shapeName":"Union","shapeISO":"","shapeGroup":"USA","shapeType":"ADM2","adm1ISO":"US-NC","parentISO":"US-NC","parentID":"USA:ADM1:US-NC","src_shape_id":"52423323B12415258614636"},"geometry":{"type":"Polygon","coordinates":[[[-80.504988,35.185005],[-80.550352,35.208419],[-80.567283,35.194701],[-80.635376,35.140039],[-80.695994,35.091666],[-80.700998,35.087609],[-80.736469,35.06012],[-80.767558,35.036293],[-80.773165,35.032956],[-80.804509,35.027756],[-80.811159,35.021487],[-80.821013,35.017333],[-80.840388,35.001644],[-80.821563,34.979702],[-80.782045,34.935789],[-80.786521,34.902299],[-80.797546,34.819793],[-80.777715,34.819704],[-80.72695,34.819275],[-80.646604,34.818599],[-80.62608,34.818224],[-80.561713,34.817488],[-80.499791,34.817268],[-80.491817,34.816805],[-80.451663,34.816403],[-80.399874,34.815135],[-80.32081,34.814088],[-80.29952,34.999308],[-80.297288,35.018706],[-80.276832,35.195729],[-80.296705,35.193386],[-80.322128,35.173045],[-80.356985,35.164947],[-80.368577,35.179084],[-80.388331,35.165869],[-80.428195,35.167585],[-80.439868,35.161049],[-80.468189,35.166701],[-80.481144,35.180082],[-80.505374,35.184097],[-80.504988,35.185005]]]}},
{"type":"Feature","id":"USA:ADM2:US-NC.watauga","properties":{"shapeName":"Watauga","shapeISO":"","shapeGroup":"USA","shapeType":"ADM2","adm1ISO":"US-NC","parentISO":"US-NC","parentID":"USA:ADM1:US-NC","src_shape_id":"52423323B71278285569772"},"geometry":{"type":"Polygon","coordinates":[[[-81.477519,36.240257],[-81.486322,36.241263],[-81.552241,36.276394],[-81.566353,36.272209],[-81.585955,36.298851],[-81.63819,36.349613],[-81.730495,36.390414],[-81.729817,36.38804],[-81.730741,36.38295],[-81.732191,36.379901],[-81.732869,36.376509],[-81.731182,36.374069],[-81.726086,36.3689],[-81.724051,36.3643],[-81.723712,36.358534],[-81.722695,36.354804],[-81.718286,36.350395],[-81.713877,36.349377],[-81.707789,36.346014],[-81.705303,36.341859],[-81.707442,36.335178],[-81.713198,36.334115],[-81.721019,36.338652],[-81.725942,36.340371],[-81.73098,36.341194],[-81.734904,36.340898],[-81.739502,36.339764],[-81.744465,36.337785],[-81.754424,36.337051],[-81.762375,36.338863],[-81.766106,36.338524],[-81.768981,36.341049],[-81.777976,36.346325],[-81.781322,36.347663],[-81.787472,36.348699],[-81.790185,36.351751],[-81.791881,36.354804],[-81.795273,36.357856],[-81.800816,36.35808],[-81.808259,36.354128],[-81.812908,36.351073],[-81.822497,36.348826],[-81.833206,36.347346],[-81.841272,36.343328],[-81.845642,36.340367],[-81.850893,36.337507],[-81.857337,36.334794],[-81.863152,36.330216],[-81.87434,36.319197],[-81.876186,36.316082],[-81.879386,36.313774],[-81.887247,36.3092],[-81.894573,36.30719],[-81.897705,36.307453],[-81.908141,36.30202],[-81.918115,36.28712],[-81.897801,36.277497],[-81.897023,36.24295],[-81.91098,36.228519],[-81.907452,36.223747],[-81.903781,36.20817],[-81.885387,36.189458],[-81.857151,36.193682],[-81.835651,36.168503],[-81.829805,36.169269],[-81.826789,36.163841],[-81.81052,36.111518],[-81.674937,36.122558],[-81.659469,36.118403],[-81.545492,36.117482],[-81.500405,36.142519],[-81.455795,36.200448],[-81.46207,36.208151],[-81.465699,36.227105],[-81.477519,36.240257]]]}},
{"type":"Feature","id":"USA:ADM2:US-NC.yancey","properties":{"shapeName":"Yancey","shapeISO":"","shapeGroup":"USA","shapeType":"ADM2","adm1ISO":"US-NC","parentISO":"US-NC","parentID":"USA:ADM1:US-NC","src_shape_id":"52423323B67190379796857"},"geometry":{"type":"Polygon","coordinates":[[[-82.408606,35.818185],[-82.361838,35.821077],[-82.338303,35.796156],[-82.346195,35.786186],[-82.335058,35.749403],[-82.313069,35.73361],[-82.284737,35.725533],[-82.279173,35.717253],[-82.275403,35.704445],[-82.257846,35.698859],[-82.242769,35.712455],[-82.193406,35.735321],[-82.164325,35.771099],[-82.167899,35.789145],[-82.133488,35.823316],[-82.143511,35.825458],[-82.150084,35.841663],[-82.140296,35.842622],[-82.149929,35.892352],[-82.142697,35.908397],[-82.154808,35.914778],[-82.152723,35.928309],[-82.169728,35.928624],[-82.197744,35.952679],[-82.186316,35.960965],[-82.191829,35.96946],[-82.191709,35.990643],[-82.204124,36.00361],[-82.193207,36.002482],[-82.197838,36.015339],[-82.234323,36.013016],[-82.237985,36.004731],[-82.25397,36.005328],[-82.250569,35.988914],[-82.273324,36.002942],[-82.268074,36.016632],[-82.288604,36.028137],[-82.301871,36.045252],[-82.312439,36.026111],[-82.338205,36.030095],[-82.336452,36.052718],[-82.352412,36.084603],[-82.380085,36.070747],[-82.399079,36.081925],[-82.399422,36.071643],[-82.416665,36.072781],[-82.460662,36.007816],[-82.464562,36.006515],[-82.474194,36.000115],[-82.482296,35.99783],[-82.48367,35.993873],[-82.487455,35.991564],[-82.50021,35.982568],[-82.505458,35.977678],[-82.496218,35.956651],[-82.480102,35.948218],[-82.498552,35.9302],[-82.490364,35.921222],[-82.494785,35.909491],[-82.474779,35.909252],[-82.453957,35.899879],[-82.439232,35.879227],[-82.417556,35.85937],[-82.41964,35.843342],[-82.408606,35.818185]]]}},
{"type":"Feature","id":"USA:ADM2:US-NC.johnston","properties":{"shapeName":"Johnston","shapeISO":"","shapeGroup":"USA","shapeType":"ADM2","adm1ISO":"US-NC","parentISO":"US-NC","parentID":"USA:ADM1:US-NC","src_shape_id":"52423323B84526796546447"},"geometry":{"type":"Polygon","coordinates":[[[-78.708905,35.519465],[-78.68952,35.515941],[-78.675495,35.496383],[-78.662148,35.496299],[-78.649594,35.471441],[-78.627539,35.458469],[-78.613367,35.438396],[-78.595097,35.401955],[-78.573948,35.388156],[-78.567698,35.367695],[-78.529854,35.334942],[-78.538352,35.316417],[-78.526653,35.303032],[-78.522277,35.295132],[-78.50982,35.281672],[-78.4919,35.263326],[-78.45017,35.258632],[-78.411737,35.25467],[-78.397728,35.262967],[-78.332767,35.28046],[-78.306582,35.287611],[-78.289713,35.315084],[-78.277102,35.315068],[-78.256753,35.325586],[-78.242089,35.319961],[-78.215915,35.334543],[-78.216548,35.339278],[-78.197608,35.340085],[-78.153245,35.350678],[-78.159912,35.356551],[-78.162445,35.367234],[-78.144204,35.386901],[-78.153674,35.391994],[-78.154912,35.417817],[-78.109688,35.501794],[-78.064786,35.58527],[-78.115643,35.60044],[-78.124503,35.602835],[-78.127261,35.607183],[-78.151352,35.669221],[-78.161344,35.69816],[-78.160314,35.711025],[-78.162196,35.713193],[-78.167833,35.713312],[-78.192119,35.730552],[-78.204,35.727909],[-78.205923,35.730755],[-78.219771,35.755076],[-78.250649,35.773277],[-78.243878,35.791956],[-78.256201,35.817389],[-78.324902,35.778645],[-78.460109,35.705664],[-78.471588,35.704907],[-78.473738,35.701527],[-78.642705,35.570072],[-78.663826,35.553773],[-78.682926,35.538858],[-78.694367,35.530086],[-78.708905,35.519465]]]}},
{"type":"Feature","id":"USA:ADM2:US-NC.pitt","properties":{"shapeName":"Pitt","shapeISO":"","shapeGroup":"USA","shapeType":"ADM2","adm1ISO":"US-NC","parentISO":"US-NC","parentID":"USA:ADM1:US-NC","src_shape_id":"52423323B49517709144014"},"geometry":{"type":"Polygon","coordinates":[[[-77.189117,35.418369],[-77.191232,35.435033],[-77.173843,35.456603],[-77.17618,35.518819],[-77.127398,35.55377],[-77.100805,35.551462],[-77.084722,35.552757],[-77.091285,35.569304],[-77.110455,35.569637],[-77.109899,35.58313],[-77.125509,35.584666],[-77.121917,35.592204],[-77.150759,35.602757],[-77.142392,35.617887],[-77.172768,35.639107],[-77.177455,35.669373],[-77.167095,35.672629],[-77.169851,35.684346],[-77.195774,35.699786],[-77.185708,35.719722],[-77.170258,35.719052],[-77.174002,35.732838],[-77.216851,35.76025],[-77.259794,35.765229],[-77.255202,35.786359],[-77.350371,35.819235],[-77.390156,35.833069],[-77.409616,35.826411],[-77.425491,35.805378],[-77.44609,35.808735],[-77.472288,35.801102],[-77.515534,35.761993],[-77.531264,35.753535],[-77.59348,35.717732],[-77.655748,35.680353],[-77.665133,35.674942],[-77.670257,35.67221],[-77.700694,35.652302],[-77.689027,35.649601],[-77.681624,35.630769],[-77.66244,35.619259],[-77.610372,35.567559],[-77.593047,35.56415],[-77.570835,35.548849],[-77.560325,35.533498],[-77.525012,35.528146],[-77.52389,35.518542],[-77.505284,35.518257],[-77.511787,35.497843],[-77.494118,35.47743],[-77.492661,35.461474],[-77.476745,35.445419],[-77.475517,35.426662],[-77.463433,35.399635],[-77.451203,35.394044],[-77.448167,35.371548],[-77.433579,35.368169],[-77.426193,35.349531],[-77.408076,35.353354],[-77.391669,35.345393],[-77.390988,35.340069],[-77.352552,35.327743],[-77.295881,35.37917],[-77.269294,35.36916],[-77.260047,35.351625],[-77.237946,35.361549],[-77.238185,35.365018],[-77.239324,35.366336],[-77.238308,35.370286],[-77.236849,35.371594],[-77.238469,35.375562],[-77.237481,35.377887],[-77.239651,35.381368],[-77.228276,35.399311],[-77.217878,35.40165],[-77.215595,35.400952],[-77.21539,35.398985],[-77.211218,35.398191],[-77.206869,35.398945],[-77.202388,35.39838],[-77.199299,35.400413],[-77.199487,35.401954],[-77.194813,35.410129],[-77.189117,35.418369]]]}},
{"type":"Feature","id":"USA:ADM2:US-NC.dare","properties":{"shapeName":"Dare","shapeISO":"","shapeGroup":"USA","shapeType":"ADM2","adm1ISO":"US-NC","parentISO":"US-NC","parentID":"USA:ADM1:US-NC","src_shape_id":"52423323B7185899041346"},"geometry":{"type":"MultiPolygon","coordinates":[[[[-75.726809,35.935851],[-75.727253,35.933627],[-75.723784,35.925576],[-75.702167,35.915435],[-75.696873,35.909563],[-75.697674,35.901646],[-75.681417,35.883987],[-75.672832,35.88243],[-75.663358,35.869842],[-75.6606,35.862548],[-75.660088,35.838617],[-75.675056,35.830211],[-75.667893,35.823547],[-75.638982,35.818646],[-75.624237,35.809394],[-75.620456,35.80926],[-75.614363,35.815666],[-75.619774,35.847613],[-75.616835,35.856338],[-75.636547,35.88561],[-75.65348,35.904693],[-75.662021,35.906529],[-75.66294,35.916173],[-75.659542,35.919571],[-75.675247,35.929031],[-75.68636,35.93298],[-75.691152,35.936939],[-75.705325,35.93941],[-75.718268,35.939721],[-75.726809,35.935851]]],[[[-75.753767,35.199619],[-75.749408,35.185214],[-75.728899,35.190341],[-75.672675,35.208478],[-75.635495,35.220267],[-75.610103,35.227521],[-75.580178,35.231149],[-75.560227,35.232055],[-75.533629,35.225832],[-75.525922,35.233846],[-75.50219,35.320019],[-75.486773,35.391659],[-75.471357,35.479622],[-75.462493,35.553563],[-75.458661,35.596604],[-75.47913,35.678641],[-75.496088,35.728522],[-75.502429,35.74292],[-75.519012,35.769094],[-75.523448,35.773575],[-75.528914,35.771454],[-75.517506,35.735963],[-75.515747,35.721678],[-75.507387,35.680571],[-75.498677,35.666288],[-75.489428,35.642706],[-75.483885,35.621217],[-75.478612,35.599325],[-75.478612,35.553076],[-75.482239,35.538567],[-75.48753,35.525896],[-75.48962,35.508478],[-75.488587,35.497759],[-75.48768,35.485063],[-75.494935,35.454231],[-75.500376,35.424305],[-75.506724,35.387125],[-75.512612,35.36286],[-75.518513,35.336342],[-75.523954,35.318205],[-75.529395,35.288279],[-75.535743,35.272863],[-75.561035,35.266015],[-75.581937,35.263924],[-75.585421,35.266363],[-75.596917,35.269498],[-75.597962,35.266711],[-75.599007,35.25626],[-75.61538,35.248945],[-75.63036,35.238494],[-75.640936,35.233869],[-75.664514,35.227521],[-75.675396,35.228428],[-75.681918,35.23292],[-75.684008,35.23292],[-75.687492,35.231178],[-75.694439,35.222987],[-75.698974,35.221173],[-75.708949,35.213919],[-75.718017,35.209384],[-75.734173,35.204354],[-75.745222,35.203037],[-75.753767,35.199619]]],[[[-75.794362,36.227335],[-75.793288,36.226439],[-75.776842,36.1894],[-75.758932,36.152222],[-75.75552,36.14017],[-75.754241,36.129838],[-75.750252,36.121083],[-75.739722,36.075277],[-75.739459,36.066853],[-75.741565,36.055533],[-75.740512,36.046846],[-75.73709,36.040791],[-75.726823,36.040528],[-75.722611,36.037369],[-75.722084,36.032367],[-75.72656,36.021047],[-75.727086,36.010517],[-75.723664,36.003146],[-75.678911,35.993932],[-75.671803,35.985245],[-75.668381,35.978401],[-75.667072,35.971388],[-75.660226,35.969618],[-75.647207,35.954332],[-75.636547,35.936035],[-75.629724,35.924641],[-75.623327,35.9091],[-75.622911,35.892328],[-75.601252,35.867309],[-75.58888,35.844933],[-75.575993,35.823096],[-75.569338,35.814847],[-75.563063,35.799272],[-75.552019,35.795037],[-75.548331,35.785355],[-75.543261,35.779698],[-75.53643,35.780125],[-75.533014,35.787384],[-75.538741,35.797403],[-75.552301,35.82218],[-75.569796,35.863308],[-75.658539,36.020437],[-75.696744,36.077504],[-75.718312,36.113681],[-75.738433,36.154289],[-75.759639,36.204712],[-75.772512,36.229447],[-75.773331,36.231536],[-75.794362,36.227335]]],[[[-75.869871,35.58275],[-75.859638,35.586648],[-75.851769,35.57878],[-75.837156,35.570911],[-75.79725,35.574283],[-75.77533,35.579342],[-75.77814,35.592269],[-75.762965,35.60351],[-75.747227,35.610255],[-75.729804,35.625992],[-75.729804,35.628802],[-75.737111,35.638357],[-75.742169,35.655219],[-75.741607,35.67208],[-75.713504,35.694],[-75.712942,35.698497],[-75.71519,35.708052],[-75.719125,35.714234],[-75.724745,35.742899],[-75.735424,35.767629],[-75.739359,35.771001],[-75.738235,35.778308],[-75.732614,35.790673],[-75.726691,35.811368],[-75.727218,35.82271],[-75.734589,35.839273],[-75.748278,35.852435],[-75.753016,35.871389],[-75.751963,35.878234],[-75.768811,35.9014],[-75.778815,35.918248],[-75.7825,35.928251],[-75.7825,35.935622],[-75.800928,35.944573],[-75.80514,35.95405],[-75.809352,35.959315],[-75.849892,35.976163],[-75.860422,35.978269],[-75.879376,35.978796],[-75.899384,35.977216],[-75.938345,35.965107],[-75.947295,35.959842],[-75.946769,35.95563],[-75.94361,35.952471],[-75.937818,35.950891],[-75.926762,35.940361],[-75.927288,35.931937],[-75.929921,35.928778],[-75.934133,35.928251],[-75.947822,35.920354],[-75.962564,35.9014],[-75.966249,35.899294],[-75.977832,35.897188],[-75.98715,35.836974],[-75.986902,35.768201],[-76.013023,35.670072],[-76.014003,35.668872],[-75.901344,35.668959],[-75.891955,35.643335],[-75.876705,35.625184],[-75.879822,35.606863],[-75.869871,35.58275]]]]}},
{"type":"Feature","id":"USA:ADM2:US-NC.currituck","properties":{"shapeName":"Currituck","shapeISO":"","shapeGroup":"USA","shapeType":"ADM2","adm1ISO":"US-NC","parentISO":"US-NC","parentID":"USA:ADM1:US-NC","src_shape_id":"52423323B36348632800300"},"geometry":{"type":"Polygon","coordinates":[[[-76.313305,36.550559],[-76.158534,36.42534],[-76.157474,36.398185],[-76.147628,36.39447],[-76.121812,36.371095],[-76.114579,36.35782],[-76.075897,36.346684],[-76.063691,36.347458],[-76.050757,36.359826],[-76.028609,36.348775],[-76.0308,36.338508],[-76.016709,36.344331],[-76.02058,36.333386],[-76.007916,36.328655],[-75.994541,36.308801],[-75.969627,36.306319],[-75.964853,36.28845],[-75.948428,36.285275],[-75.949089,36.273851],[-75.96106,36.268178],[-75.959384,36.255658],[-75.949842,36.257877],[-75.922346,36.244129],[-75.91066,36.212164],[-75.882989,36.186814],[-75.863916,36.159233],[-75.866325,36.141417],[-75.867794,36.127269],[-75.847787,36.101997],[-75.836086,36.092623],[-75.799781,36.072647],[-75.793976,36.071717],[-75.791639,36.082274],[-75.80038,36.112735],[-75.813446,36.136878],[-75.822533,36.145964],[-75.823917,36.158339],[-75.839926,36.177117],[-75.841224,36.193819],[-75.838369,36.200136],[-75.84884,36.216577],[-75.858705,36.222635],[-75.864156,36.235529],[-75.867358,36.25249],[-75.86182,36.266422],[-75.860522,36.280614],[-75.864935,36.284681],[-75.872723,36.282777],[-75.882156,36.284681],[-75.888213,36.293421],[-75.895287,36.319622],[-75.915333,36.352342],[-75.91776,36.3536],[-75.923333,36.36187],[-75.923513,36.367803],[-75.916951,36.383174],[-75.916411,36.389017],[-75.923603,36.425795],[-75.928371,36.428595],[-75.932696,36.427634],[-75.936448,36.423086],[-75.940678,36.418857],[-75.962287,36.417247],[-75.980052,36.435471],[-75.989871,36.436815],[-76.003914,36.441871],[-76.012339,36.447469],[-76.020218,36.458627],[-76.031951,36.482503],[-76.042558,36.510572],[-76.026396,36.516493],[-76.022477,36.527097],[-75.99621,36.528145],[-75.986228,36.525662],[-75.980542,36.512787],[-75.989793,36.49395],[-75.975295,36.485542],[-75.972547,36.494678],[-75.960071,36.495032],[-75.935475,36.490608],[-75.927335,36.482822],[-75.924129,36.482131],[-75.917285,36.485816],[-75.913073,36.486343],[-75.907281,36.485816],[-75.89991,36.482131],[-75.891486,36.460544],[-75.888327,36.44159],[-75.88043,36.435799],[-75.864108,36.430534],[-75.851472,36.415792],[-75.852525,36.384728],[-75.851472,36.379463],[-75.84726,36.372092],[-75.843048,36.371039],[-75.836203,36.363142],[-75.831597,36.346425],[-75.83186,36.339054],[-75.841337,36.328524],[-75.845286,36.305621],[-75.837915,36.294565],[-75.833966,36.292195],[-75.822909,36.291669],[-75.814485,36.285351],[-75.808167,36.259552],[-75.811853,36.247706],[-75.81159,36.244021],[-75.79853,36.230807],[-75.794362,36.227335],[-75.773331,36.231536],[-75.796412,36.290358],[-75.818737,36.357586],[-75.834977,36.422657],[-75.856903,36.500162],[-75.867046,36.550761],[-75.952849,36.55056],[-76.026752,36.55056],[-76.034753,36.55066],[-76.122354,36.550628],[-76.313305,36.550559]]]}},
{"type":"Feature","id":"USA:ADM2:US-NC.mitchell","properties":{"shapeName":"Mitchell","shapeISO":"","shapeGroup":"USA","shapeType":"ADM2","adm1ISO":"US-NC","parentISO":"US-NC","parentID":"USA:ADM1:US-NC","src_shape_id":"52423323B85327388246138"},"geometry":{"type":"Polygon","coordinates":[[[-82.222056,36.156918],[-82.224856,36.150018],[-82.228292,36.146629],[-82.234811,36.141727],[-82.236419,36.139933],[-82.241557,36.137118],[-82.244465,36.132784],[-82.247525,36.130872],[-82.251857,36.132217],[-82.253257,36.133717],[-82.260357,36.133717],[-82.265694,36.127621],[-82.268754,36.127047],[-82.274058,36.129417],[-82.278658,36.128517],[-82.280358,36.128817],[-82.288459,36.135417],[-82.289459,36.135717],[-82.297659,36.133517],[-82.302859,36.131317],[-82.307259,36.128517],[-82.308659,36.126517],[-82.31816,36.120917],[-82.321452,36.119558],[-82.325173,36.11937],[-82.329181,36.117434],[-82.332293,36.116942],[-82.33676,36.114916],[-82.346861,36.115216],[-82.349961,36.117116],[-82.355161,36.115616],[-82.360361,36.111616],[-82.360923,36.110621],[-82.36657,36.107657],[-82.375562,36.105616],[-82.378762,36.102816],[-82.380462,36.099316],[-82.389962,36.096916],[-82.404462,36.087616],[-82.409462,36.083416],[-82.416665,36.072781],[-82.399422,36.071643],[-82.399079,36.081925],[-82.380085,36.070747],[-82.352412,36.084603],[-82.336452,36.052718],[-82.338205,36.030095],[-82.312439,36.026111],[-82.301871,36.045252],[-82.288604,36.028137],[-82.268074,36.016632],[-82.273324,36.002942],[-82.250569,35.988914],[-82.25397,36.005328],[-82.237985,36.004731],[-82.234323,36.013016],[-82.197838,36.015339],[-82.193207,36.002482],[-82.204124,36.00361],[-82.191709,35.990643],[-82.191829,35.96946],[-82.186316,35.960965],[-82.197744,35.952679],[-82.169728,35.928624],[-82.152723,35.928309],[-82.154808,35.914778],[-82.142697,35.908397],[-82.149929,35.892352],[-82.140296,35.842622],[-82.150084,35.841663],[-82.143511,35.825458],[-82.133488,35.823316],[-82.120583,35.825019],[-82.099409,35.851678],[-82.073717,35.848312],[-82.048043,35.853236],[-82.013611,35.885225],[-81.999413,35.874014],[-81.980172,35.885053],[-81.981958,35.911368],[-82.034108,35.942064],[-82.058768,35.987167],[-82.049302,36.007934],[-82.039179,36.007781],[-82.068689,36.065277],[-82.080949,36.105769],[-82.085947,36.106027],[-82.098548,36.105726],[-82.101648,36.106226],[-82.105448,36.108126],[-82.109149,36.107225],[-82.115249,36.104625],[-82.12715,36.104424],[-82.13065,36.106424],[-82.137978,36.119583],[-82.13655,36.123724],[-82.136551,36.128824],[-82.140851,36.136223],[-82.144151,36.144223],[-82.147952,36.149523],[-82.155952,36.148122],[-82.160887,36.146555],[-82.172153,36.146421],[-82.175614,36.143877],[-82.178865,36.143303],[-82.182553,36.143721],[-82.187854,36.147893],[-82.195354,36.15002],[-82.204876,36.157074],[-82.211255,36.159019],[-82.213856,36.159119],[-82.222056,36.156918]]]}},
{"type":"Feature","id":"USA:ADM2:US-NC.davie","properties":{"shapeName":"Davie","shapeISO":"","shapeGroup":"USA","shapeType":"ADM2","adm1ISO":"US-NC","parentISO":"US-NC","parentID":"USA:ADM1:US-NC","src_shape_id":"52423323B1235583382537"},"geometry":{"type":"Polygon","coordinates":[[[-80.496286,36.046552],[-80.603903,36.047943],[-80.6932,36.051267],[-80.7038,35.907577],[-80.707829,35.852936],[-80.691812,35.863515],[-80.668514,35.855486],[-80.671624,35.846753],[-80.631064,35.845345],[-80.590687,35.817255],[-80.584118,35.822327],[-80.570385,35.816303],[-80.569205,35.813376],[-80.567514,35.811828],[-80.562181,35.809945],[-80.556751,35.80362],[-80.554552,35.800268],[-80.546674,35.798225],[-80.543462,35.792696],[-80.53378,35.791331],[-80.534131,35.786267],[-80.520737,35.784421],[-80.507659,35.774758],[-80.506343,35.778465],[-80.501695,35.78314],[-80.494873,35.78155],[-80.477778,35.774445],[-80.458887,35.743038],[-80.450661,35.765764],[-80.476705,35.7891],[-80.464452,35.80499],[-80.47234,35.82555],[-80.487556,35.833241],[-80.478394,35.843336],[-80.46153,35.826723],[-80.446995,35.836535],[-80.42926,35.829954],[-80.423323,35.851971],[-80.398826,35.841354],[-80.385787,35.854594],[-80.391595,35.869852],[-80.416536,35.880476],[-80.407862,35.891488],[-80.370012,35.885754],[-80.365083,35.893915],[-80.375077,35.912373],[-80.36839,35.928405],[-80.375579,35.941442],[-80.377754,35.961852],[-80.39431,35.972769],[-80.420704,35.986789],[-80.417919,36.015556],[-80.453151,36.043872],[-80.463595,36.062548],[-80.496286,36.046552]]]}},
{"type":"Feature","id":"USA:ADM2:US-NC.hyde","properties":{"shapeName":"Hyde","shapeISO":"","shapeGroup":"USA","shapeType":"ADM2","adm1ISO":"US-NC","parentISO":"US-NC","parentID":"USA:ADM1:US-NC","src_shape_id":"52423323B51150866941712"},"geometry":{"type":"MultiPolygon","coordinates":[[[[-75.753767,35.199619],[-75.754291,35.199409],[-75.785731,35.194251],[-75.793285,35.188527],[-75.801446,35.183086],[-75.812904,35.178575],[-75.819174,35.176833],[-75.839533,35.172204],[-75.893944,35.15044],[-75.910267,35.142278],[-75.923869,35.135024],[-75.954702,35.119607],[-75.966491,35.117794],[-75.973501,35.121094],[-75.983952,35.120049],[-75.989177,35.115172],[-75.990571,35.108553],[-75.989177,35.100889],[-75.991882,35.092402],[-76.000951,35.084241],[-76.013563,35.068839],[-76.014956,35.065356],[-76.013147,35.061862],[-76.001512,35.067237],[-75.982814,35.08152],[-75.96377,35.092402],[-75.944727,35.105098],[-75.912987,35.119607],[-75.84044,35.151347],[-75.769707,35.180366],[-75.749408,35.185214],[-75.753767,35.199619]]],[[[-76.637515,35.705222],[-76.601984,35.670062],[-76.606121,35.64674],[-76.577571,35.61125],[-76.551063,35.596639],[-76.534873,35.595687],[-76.532974,35.59388],[-76.539013,35.582944],[-76.518994,35.578745],[-76.516346,35.576917],[-76.513221,35.576122],[-76.505556,35.58104],[-76.467765,35.555825],[-76.456429,35.550553],[-76.476708,35.511714],[-76.586351,35.508964],[-76.540294,35.410664],[-76.499253,35.381499],[-76.485764,35.371382],[-76.472275,35.371382],[-76.462158,35.380375],[-76.455413,35.383748],[-76.448668,35.383748],[-76.436303,35.378127],[-76.431807,35.36239],[-76.420566,35.359017],[-76.409325,35.353397],[-76.408201,35.350024],[-76.399208,35.3489],[-76.387967,35.356769],[-76.382346,35.356769],[-76.374477,35.355645],[-76.365485,35.3489],[-76.349747,35.345528],[-76.340754,35.346652],[-76.335134,35.355645],[-76.327265,35.356769],[-76.304783,35.355645],[-76.282301,35.345528],[-76.265439,35.34328],[-76.257571,35.344404],[-76.253074,35.350024],[-76.235089,35.350024],[-76.205862,35.336535],[-76.182256,35.336535],[-76.168766,35.332039],[-76.165394,35.328666],[-76.149657,35.326418],[-76.142912,35.328667],[-76.142912,35.338783],[-76.132795,35.349462],[-76.12324,35.351149],[-76.092889,35.361266],[-76.069283,35.37082],[-76.059728,35.383748],[-76.060852,35.39274],[-76.063663,35.398361],[-76.063663,35.405106],[-76.059728,35.410164],[-76.050173,35.415785],[-76.037246,35.414098],[-76.025443,35.408478],[-76.020947,35.410726],[-76.014764,35.416909],[-76.011392,35.423091],[-76.012516,35.432646],[-76.009706,35.442201],[-75.997903,35.453442],[-75.99453,35.463559],[-75.995654,35.475362],[-75.987224,35.484355],[-75.963055,35.49391],[-75.961931,35.49672],[-75.964742,35.504589],[-75.96418,35.511333],[-75.954625,35.526509],[-75.950128,35.531005],[-75.945632,35.534377],[-75.916405,35.538312],[-75.908536,35.546181],[-75.908536,35.555173],[-75.90685,35.559108],[-75.895047,35.573159],[-75.869871,35.58275],[-75.879822,35.606863],[-75.876705,35.625184],[-75.891955,35.643335],[-75.901344,35.668959],[-76.014003,35.668872],[-76.029865,35.64945],[-76.040152,35.651317],[-76.046363,35.659074],[-76.044447,35.665085],[-76.061097,35.675229],[-76.092629,35.669771],[-76.120672,35.683323],[-76.11827,35.691915],[-76.1319,35.69218],[-76.144655,35.702495],[-76.170103,35.698428],[-76.175863,35.690705],[-76.169904,35.673753],[-76.18178,35.66552],[-76.17785,35.655581],[-76.192608,35.646366],[-76.198756,35.634036],[-76.19585,35.620126],[-76.215321,35.598158],[-76.286137,35.604559],[-76.297901,35.608902],[-76.269249,35.690761],[-76.405973,35.697586],[-76.545623,35.705091],[-76.637515,35.705222]]]]}},
{"type":"Feature","id":"USA:ADM2:US-NC.beaufort","properties":{"shapeName":"Beaufort","shapeISO":"","shapeGroup":"USA","shapeType":"ADM2","adm1ISO":"US-NC","parentISO":"US-NC","parentID":"USA:ADM1:US-NC","src_shape_id":"52423323B44486980116087"},"geometry":{"type":"Polygon","coordinates":[[[-76.895921,35.253896],[-76.845507,35.216066],[-76.632563,35.235331],[-76.612188,35.279327],[-76.618862,35.30015],[-76.617498,35.3289],[-76.606756,35.337145],[-76.664029,35.345703],[-76.89194,35.433656],[-76.966663,35.437817],[-77.02664,35.490576],[-77.024595,35.515152],[-76.942024,35.473536],[-76.830899,35.447956],[-76.759236,35.418913],[-76.710085,35.427162],[-76.606043,35.38712],[-76.580189,35.38712],[-76.601474,35.460845],[-76.63447,35.510339],[-76.600443,35.538523],[-76.556792,35.528899],[-76.483582,35.538179],[-76.471209,35.557427],[-76.467765,35.555825],[-76.505556,35.58104],[-76.513221,35.576122],[-76.516346,35.576917],[-76.518994,35.578745],[-76.539013,35.582944],[-76.532974,35.59388],[-76.534873,35.595687],[-76.551063,35.596639],[-76.577571,35.61125],[-76.606121,35.64674],[-76.601984,35.670062],[-76.637515,35.705222],[-76.844622,35.705726],[-76.847266,35.719989],[-76.900399,35.696591],[-76.985844,35.658855],[-77.034648,35.678959],[-77.163842,35.73948],[-77.174002,35.732838],[-77.170258,35.719052],[-77.185708,35.719722],[-77.195774,35.699786],[-77.169851,35.684346],[-77.167095,35.672629],[-77.177455,35.669373],[-77.172768,35.639107],[-77.142392,35.617887],[-77.150759,35.602757],[-77.121917,35.592204],[-77.125509,35.584666],[-77.109899,35.58313],[-77.110455,35.569637],[-77.091285,35.569304],[-77.084722,35.552757],[-77.100805,35.551462],[-77.127398,35.55377],[-77.17618,35.518819],[-77.173843,35.456603],[-77.191232,35.435033],[-77.189117,35.418369],[-76.958889,35.30102],[-76.895921,35.253896]]]}},
{"type":"Feature","id":"USA:ADM2:US-NC.caswell","properties":{"shapeName":"Caswell","shapeISO":"","shapeGroup":"USA","shapeType":"ADM2","adm1ISO":"US-NC","parentISO":"US-NC","parentID":"USA:ADM1:US-NC","src_shape_id":"52423323B10780727675908"},"geometry":{"type":"Polygon","coordinates":[[[-79.154,36.241882],[-79.138334,36.541745],[-79.208689,36.541578],[-79.218457,36.5415],[-79.249743,36.541146],[-79.34312,36.541184],[-79.44569,36.541225],[-79.470035,36.541032],[-79.51365,36.540765],[-79.531868,36.24968],[-79.376214,36.246138],[-79.256985,36.243439],[-79.154,36.241882]]]}},
{"type":"Feature","id":"USA:ADM2:US-NC.davidson","properties":{"shapeName":"Davidson","shapeISO":"","shapeGroup":"USA","shapeType":"ADM2","adm1ISO":"US-NC","parentISO":"US-NC","parentID":"USA:ADM1:US-NC","src_shape_id":"52423323B73587469313041"},"geometry":{"type":"Polygon","coordinates":[[[-80.046872,35.9207],[-80.046296,35.939658],[-80.043241,36.010765],[-80.137531,36.024978],[-80.213733,36.026815],[-80.213845,35.996706],[-80.322735,35.996573],[-80.336219,35.994367],[-80.39431,35.972769],[-80.377754,35.961852],[-80.375579,35.941442],[-80.36839,35.928405],[-80.375077,35.912373],[-80.365083,35.893915],[-80.370012,35.885754],[-80.407862,35.891488],[-80.416536,35.880476],[-80.391595,35.869852],[-80.385787,35.854594],[-80.398826,35.841354],[-80.423323,35.851971],[-80.42926,35.829954],[-80.446995,35.836535],[-80.46153,35.826723],[-80.478394,35.843336],[-80.487556,35.833241],[-80.47234,35.82555],[-80.464452,35.80499],[-80.476705,35.7891],[-80.450661,35.765764],[-80.458887,35.743038],[-80.453282,35.734583],[-80.44345,35.735173],[-80.423229,35.725871],[-80.373121,35.716643],[-80.33518,35.720796],[-80.329083,35.714712],[-80.331759,35.680496],[-80.308324,35.666908],[-80.288656,35.635676],[-80.250369,35.619395],[-80.231093,35.596017],[-80.208566,35.580616],[-80.209797,35.55227],[-80.182562,35.504158],[-80.128981,35.504782],[-80.066845,35.505668],[-80.06456,35.566763],[-80.05605,35.755852],[-80.05344,35.80165],[-80.048713,35.882655],[-80.046872,35.9207]]]}},
{"type":"Feature","id":"USA:ADM2:US-NC.person","properties":{"shapeName":"Person","shapeISO":"","shapeGroup":"USA","shapeType":"ADM2","adm1ISO":"US-NC","parentISO":"US-NC","parentID":"USA:ADM1:US-NC","src_shape_id":"52423323B78779547574002"},"geometry":{"type":"Polygon","coordinates":[[[-78.9506,36.239327],[-78.945823,36.239235],[-78.802338,36.235801],[-78.794848,36.526446],[-78.796274,36.54172],[-78.914546,36.541979],[-78.97058,36.542161],[-78.979177,36.542104],[-79.124739,36.541575],[-79.138334,36.541745],[-79.154,36.241882],[-79.128356,36.241541],[-78.9506,36.239327]]]}},
{"type":"Feature","id":"USA:ADM2:US-NC.mecklenburg","properties":{"shapeName":"Mecklenburg","shapeISO":"","shapeGroup":"USA","shapeType":"ADM2","adm1ISO":"US-NC","parentISO":"US-NC","parentID":"USA:ADM1:US-NC","src_shape_id":"52423323B53065741974506"},"geometry":{"type":"Polygon","coordinates":[[[-81.042873,35.149255],[-81.047094,35.145164],[-81.047829,35.14375],[-81.051207,35.133244],[-81.050423,35.131055],[-81.038971,35.126306],[-81.036762,35.122559],[-81.033008,35.113754],[-81.032809,35.108056],[-81.034961,35.104112],[-81.037372,35.102548],[-81.046527,35.100624],[-81.050082,35.098824],[-81.052081,35.096283],[-81.057239,35.086136],[-81.058032,35.073197],[-81.057651,35.06244],[-81.055698,35.060128],[-81.050021,35.055253],[-81.041492,35.04471],[-80.957873,35.092646],[-80.934953,35.107416],[-80.906236,35.076426],[-80.88489,35.053517],[-80.840388,35.001644],[-80.821013,35.017333],[-80.811159,35.021487],[-80.804509,35.027756],[-80.773165,35.032956],[-80.767558,35.036293],[-80.736469,35.06012],[-80.700998,35.087609],[-80.695994,35.091666],[-80.635376,35.140039],[-80.567283,35.194701],[-80.550352,35.208419],[-80.556452,35.211741],[-80.599736,35.234112],[-80.667173,35.268959],[-80.668651,35.274147],[-80.670164,35.276004],[-80.67032,35.278238],[-80.690079,35.337478],[-80.693657,35.346741],[-80.744413,35.380674],[-80.764298,35.40021],[-80.75217,35.414057],[-80.786867,35.493163],[-80.784278,35.505847],[-80.798111,35.507094],[-80.859436,35.511484],[-80.906726,35.514792],[-80.947347,35.48848],[-80.951593,35.470185],[-80.942383,35.455154],[-80.958639,35.431704],[-80.955711,35.40163],[-80.954863,35.400085],[-80.986894,35.378153],[-80.973273,35.364197],[-80.962899,35.375114],[-80.923045,35.359924],[-80.943635,35.350589],[-80.962144,35.347053],[-80.972673,35.350264],[-80.999997,35.306216],[-81.015053,35.268662],[-81.009145,35.245779],[-81.010818,35.235971],[-81.013946,35.225784],[-81.00239,35.180824],[-81.009513,35.153133],[-81.017115,35.154325],[-81.042873,35.149255]]]}},
{"type":"Feature","id":"USA:ADM2:US-NC.transylvania","properties":{"shapeName":"Transylvania","shapeISO":"","shapeGroup":"USA","shapeType":"ADM2","adm1ISO":"US-NC","parentISO":"US-NC","parentID":"USA:ADM1:US-NC","src_shape_id":"52423323B19490558712126"},"geometry":{"type":"Polygon","coordinates":[[[-82.574234,35.143649],[-82.591468,35.164873],[-82.603972,35.221798],[-82.604271,35.258947],[-82.616198,35.260252],[-82.61019,35.288206],[-82.619252,35.303715],[-82.647141,35.328728],[-82.745143,35.422974],[-82.745624,35.407352],[-82.774543,35.393315],[-82.79078,35.37341],[-82.80512,35.347973],[-82.831632,35.318597],[-82.87606,35.314632],[-82.893788,35.307326],[-82.894942,35.305494],[-82.899462,35.305474],[-82.908155,35.299299],[-82.910663,35.298718],[-82.920885,35.292044],[-82.919245,35.271128],[-82.927238,35.23731],[-82.935917,35.224867],[-82.95987,35.215175],[-82.968809,35.194599],[-82.986923,35.187645],[-82.981215,35.167647],[-82.996631,35.163585],[-82.994813,35.153528],[-82.980907,35.148358],[-82.98322,35.131927],[-83.021036,35.095642],[-83.044946,35.077134],[-83.056893,35.053834],[-83.039191,35.048116],[-83.032462,35.037741],[-83.00867,35.027587],[-82.999871,35.029957],[-82.897503,35.056028],[-82.80977,35.078755],[-82.787871,35.085031],[-82.783287,35.085607],[-82.778655,35.083582],[-82.776361,35.081356],[-82.777411,35.076892],[-82.779932,35.072213],[-82.779932,35.070442],[-82.781977,35.066824],[-82.77738,35.06415],[-82.77005,35.065483],[-82.764468,35.068184],[-82.757708,35.068026],[-82.754166,35.069636],[-82.751269,35.07347],[-82.751106,35.075756],[-82.749495,35.078494],[-82.746435,35.079138],[-82.741765,35.078333],[-82.738383,35.07946],[-82.735908,35.082708],[-82.729687,35.087834],[-82.728965,35.091985],[-82.727014,35.094149],[-82.723466,35.094348],[-82.720446,35.093272],[-82.715301,35.09295],[-82.70392,35.097658],[-82.698606,35.097175],[-82.694902,35.098463],[-82.689638,35.104124],[-82.68846,35.106354],[-82.688782,35.108609],[-82.691359,35.113279],[-82.690553,35.116178],[-82.686742,35.119797],[-82.686044,35.124552],[-82.680891,35.126162],[-82.676865,35.125357],[-82.672517,35.119399],[-82.669618,35.11811],[-82.662385,35.11813],[-82.657862,35.119399],[-82.653514,35.121975],[-82.65142,35.124874],[-82.6453,35.128417],[-82.642241,35.129222],[-82.632578,35.12584],[-82.629035,35.126162],[-82.62644,35.12791],[-82.621189,35.134642],[-82.614406,35.136708],[-82.60971,35.139046],[-82.602362,35.139043],[-82.598144,35.137736],[-82.592434,35.139009],[-82.588162,35.142935],[-82.586039,35.143149],[-82.580691,35.141749],[-82.574234,35.143649]]]}},
{"type":"Feature","id":"USA:ADM2:US-NC.pamlico","properties":{"shapeName":"Pamlico","shapeISO":"","shapeGroup":"USA","shapeType":"ADM2","adm1ISO":"US-NC","parentISO":"US-NC","parentID":"USA:ADM1:US-NC","src_shape_id":"52423323B84079682288186"},"geometry":{"type":"Polygon","coordinates":[[[-76.958467,35.047654],[-76.801428,34.964376],[-76.639766,35.051013],[-76.631897,35.056633],[-76.622904,35.06113],[-76.613912,35.06113],[-76.600422,35.067874],[-76.575692,35.092605],[-76.568947,35.097101],[-76.561079,35.108342],[-76.557706,35.116211],[-76.546465,35.122955],[-76.536348,35.142065],[-76.536348,35.149934],[-76.539721,35.166795],[-76.536348,35.174664],[-76.521735,35.19265],[-76.504874,35.207263],[-76.494757,35.212884],[-76.491384,35.220752],[-76.49026,35.233118],[-76.483516,35.240986],[-76.477895,35.243235],[-76.467778,35.26122],[-76.467778,35.276958],[-76.472275,35.294943],[-76.482391,35.314053],[-76.500377,35.321922],[-76.548714,35.328666],[-76.554334,35.332039],[-76.588057,35.333163],[-76.602671,35.336535],[-76.606756,35.337145],[-76.617498,35.3289],[-76.618862,35.30015],[-76.612188,35.279327],[-76.632563,35.235331],[-76.845507,35.216066],[-76.895921,35.253896],[-76.906083,35.235952],[-76.932592,35.230293],[-76.962932,35.197864],[-76.970304,35.163664],[-76.987563,35.153708],[-76.969387,35.129639],[-76.940729,35.11858],[-76.931115,35.117205],[-76.938577,35.089732],[-76.93501,35.084779],[-76.934071,35.077176],[-76.936151,35.061917],[-76.942863,35.051365],[-76.955172,35.050261],[-76.958467,35.047654]]]}},
{"type":"Feature","id":"USA:ADM2:US-NC.clay","properties":{"shapeName":"Clay","shapeISO":"","shapeGroup":"USA","shapeType":"ADM2","adm1ISO":"US-NC","parentISO":"US-NC","parentID":"USA:ADM1:US-NC","src_shape_id":"52423323B90263119803595"},"geometry":{"type":"Polygon","coordinates":[[[-83.549385,34.992499],[-83.482956,34.99349],[-83.510601,35.005164],[-83.519053,34.996611],[-83.527046,35.009334],[-83.521254,35.018253],[-83.542998,35.038381],[-83.557363,35.038643],[-83.566732,35.051568],[-83.562236,35.059431],[-83.585124,35.08191],[-83.586621,35.091589],[-83.617913,35.105967],[-83.619064,35.128389],[-83.635716,35.121587],[-83.641778,35.13924],[-83.659828,35.160311],[-83.666225,35.150048],[-83.68436,35.157773],[-83.699203,35.152637],[-83.714446,35.15529],[-83.726828,35.145276],[-83.738133,35.155957],[-83.745965,35.160809],[-83.772945,35.155865],[-83.816565,35.13923],[-83.841301,35.143751],[-83.855497,35.137963],[-83.863349,35.121441],[-83.883106,35.106103],[-83.907487,35.07849],[-83.930658,35.069274],[-83.943508,35.056074],[-83.956382,35.054349],[-83.966087,35.043981],[-83.956454,35.026522],[-83.979851,35.005874],[-84.004582,34.994458],[-84.005264,34.987447],[-83.936431,34.987491],[-83.831101,34.987296],[-83.749897,34.987698],[-83.619989,34.986599],[-83.620189,34.992098],[-83.549385,34.992499]]]}},
{"type":"Feature","id":"USA:ADM2:US-NC.lee","properties":{"shapeName":"Lee","shapeISO":"","shapeGroup":"USA","shapeType":"ADM2","adm1ISO":"US-NC","parentISO":"US-NC","parentID":"USA:ADM1:US-NC","src_shape_id":"52423323B85363344539389"},"geometry":{"type":"Polygon","coordinates":[[[-79.350097,35.517975],[-79.335881,35.49798],[-79.359768,35.469682],[-79.327752,35.43238],[-79.328891,35.423112],[-79.289564,35.400446],[-79.265479,35.345314],[-79.183559,35.307168],[-79.076639,35.414575],[-78.969643,35.521676],[-78.995641,35.542126],[-79.024004,35.548384],[-79.04703,35.570465],[-79.053072,35.596557],[-79.093462,35.619038],[-79.095904,35.621231],[-79.117099,35.628171],[-79.148499,35.618756],[-79.157535,35.603991],[-79.187957,35.579444],[-79.200237,35.577092],[-79.199889,35.558565],[-79.225637,35.551752],[-79.218743,35.565682],[-79.244666,35.569123],[-79.245202,35.552968],[-79.262708,35.535735],[-79.275544,35.531786],[-79.291762,35.543356],[-79.285178,35.555155],[-79.32312,35.544391],[-79.311237,35.53274],[-79.32193,35.524645],[-79.350097,35.517975]]]}},
{"type":"Feature","id":"USA:ADM2:US-NC.richmond","properties":{"shapeName":"Richmond","shapeISO":"","shapeGroup":"USA","shapeType":"ADM2","adm1ISO":"US-NC","parentISO":"US-NC","parentID":"USA:ADM1:US-NC","src_shape_id":"52423323B95417665649533"},"geometry":{"type":"Polygon","coordinates":[[[-80.075368,35.143088],[-80.066804,35.111141],[-80.039697,35.101589],[-80.022918,35.090051],[-79.992944,35.085597],[-79.975781,35.102979],[-79.946125,35.1186],[-79.923975,35.115437],[-79.912939,35.097134],[-79.908986,35.06697],[-79.883599,35.051729],[-79.8772,35.035317],[-79.892754,35.024406],[-79.899293,35.003681],[-79.867141,34.982267],[-79.863816,34.974215],[-79.872671,34.952845],[-79.849613,34.911369],[-79.848691,34.902615],[-79.863022,34.882486],[-79.880148,34.866805],[-79.902966,34.854552],[-79.913758,34.818929],[-79.927419,34.806558],[-79.870696,34.805385],[-79.77361,34.805938],[-79.744119,34.805658],[-79.692949,34.80498],[-79.688395,34.811347],[-79.654041,34.815071],[-79.634574,34.8255],[-79.614048,34.815316],[-79.622932,34.826824],[-79.61737,34.839289],[-79.62656,34.852291],[-79.616003,34.865935],[-79.561859,34.910357],[-79.568391,34.927508],[-79.581733,34.935449],[-79.585537,34.954965],[-79.574831,34.974089],[-79.572597,34.974654],[-79.569888,34.976737],[-79.573426,34.992217],[-79.513488,35.024639],[-79.458754,35.043646],[-79.481875,35.058885],[-79.501307,35.064242],[-79.575934,35.069911],[-79.582782,35.083967],[-79.573315,35.122457],[-79.589082,35.138981],[-79.609412,35.148978],[-79.614307,35.163686],[-79.642132,35.157724],[-79.673497,35.175381],[-79.694368,35.179649],[-79.712724,35.173175],[-79.740027,35.176279],[-79.743286,35.17461],[-79.792014,35.175959],[-79.812865,35.179907],[-79.836142,35.177239],[-79.851271,35.183862],[-79.898613,35.161721],[-79.944274,35.164176],[-79.949576,35.157509],[-79.983295,35.158484],[-80.018912,35.140265],[-80.02335,35.137131],[-80.075368,35.143088]]]}},
{"type":"Feature","id":"USA:ADM2:US-NC.chowan","properties":{"shapeName":"Chowan","shapeISO":"","shapeGroup":"USA","shapeType":"ADM2","adm1ISO":"US-NC","parentISO":"US-NC","parentID":"USA:ADM1:US-NC","src_shape_id":"52423323B33793433125252"},"geometry":{"type":"Polygon","coordinates":[[[-76.696573,36.296145],[-76.694815,36.28503],[-76.691642,36.277324],[-76.675464,36.266889],[-76.719403,36.199448],[-76.721447,36.147845],[-76.676486,36.043619],[-76.653334,36.035131],[-76.631747,36.03829],[-76.615425,36.037764],[-76.603842,36.033025],[-76.589627,36.015651],[-76.580676,36.007227],[-76.575938,36.006174],[-76.563302,36.009859],[-76.547507,36.009859],[-76.514337,36.005647],[-76.491961,36.01802],[-76.459318,36.024338],[-76.458791,36.028023],[-76.45142,36.03908],[-76.442996,36.042765],[-76.420883,36.060667],[-76.412986,36.07225],[-76.411862,36.075342],[-76.445593,36.07591],[-76.461048,36.087665],[-76.480596,36.093166],[-76.491232,36.084899],[-76.517534,36.097408],[-76.539066,36.094579],[-76.570852,36.107887],[-76.590109,36.238869],[-76.573257,36.257178],[-76.565633,36.292999],[-76.56875,36.309276],[-76.562031,36.321591],[-76.559648,36.351063],[-76.570758,36.334302],[-76.594097,36.324796],[-76.640404,36.328835],[-76.654269,36.310613],[-76.654934,36.314104],[-76.669977,36.315221],[-76.675578,36.301269],[-76.696573,36.296145]]]}},
{"type":"Feature","id":"USA:ADM2:US-NC.buncombe","properties":{"shapeName":"Buncombe","shapeISO":"","shapeGroup":"USA","shapeType":"ADM2","adm1ISO":"US-NC","parentISO":"US-NC","parentID":"USA:ADM1:US-NC","src_shape_id":"52423323B179276843030"},"geometry":{"type":"Polygon","coordinates":[[[-82.265799,35.467825],[-82.252401,35.461166],[-82.22434,35.498276],[-82.232927,35.519534],[-82.231524,35.519952],[-82.220519,35.520032],[-82.169053,35.527818],[-82.219985,35.553148],[-82.251255,35.55995],[-82.291817,35.59509],[-82.282091,35.604612],[-82.280436,35.608766],[-82.277669,35.610173],[-82.271497,35.611952],[-82.270515,35.611545],[-82.264948,35.61405],[-82.286711,35.653075],[-82.280551,35.667247],[-82.293729,35.686842],[-82.28873,35.696298],[-82.275403,35.704445],[-82.279173,35.717253],[-82.284737,35.725533],[-82.313069,35.73361],[-82.335058,35.749403],[-82.346195,35.786186],[-82.338303,35.796156],[-82.361838,35.821077],[-82.408606,35.818185],[-82.417884,35.813366],[-82.431732,35.81194],[-82.435339,35.808597],[-82.463832,35.809623],[-82.476103,35.798326],[-82.509962,35.803136],[-82.514656,35.80325],[-82.518586,35.800416],[-82.525242,35.798715],[-82.63182,35.752835],[-82.644872,35.747311],[-82.677034,35.734861],[-82.712351,35.732896],[-82.713768,35.717831],[-82.730979,35.72241],[-82.751759,35.710499],[-82.749984,35.706465],[-82.794786,35.695812],[-82.80706,35.685881],[-82.848368,35.701728],[-82.883913,35.678242],[-82.888013,35.672729],[-82.877057,35.666515],[-82.864387,35.634658],[-82.853565,35.636827],[-82.845322,35.615405],[-82.844988,35.616229],[-82.837215,35.620021],[-82.81315,35.627938],[-82.797128,35.596153],[-82.774062,35.576491],[-82.773504,35.576356],[-82.765942,35.567629],[-82.777528,35.555626],[-82.765875,35.540798],[-82.778067,35.519659],[-82.799497,35.471234],[-82.781695,35.439549],[-82.745143,35.422974],[-82.700743,35.454325],[-82.673347,35.45946],[-82.653042,35.455038],[-82.621753,35.4357],[-82.608072,35.443213],[-82.589317,35.437009],[-82.587803,35.435565],[-82.582493,35.433622],[-82.548829,35.444312],[-82.546954,35.425166],[-82.532717,35.416622],[-82.535096,35.444318],[-82.533791,35.444671],[-82.495212,35.445193],[-82.456131,35.449657],[-82.448282,35.45794],[-82.417515,35.474508],[-82.363137,35.460967],[-82.368162,35.467185],[-82.369327,35.485525],[-82.358936,35.489179],[-82.332826,35.500227],[-82.265799,35.467825]]]}},
{"type":"Feature","id":"USA:ADM2:US-NC.anson","properties":{"shapeName":"Anson","shapeISO":"","shapeGroup":"USA","shapeType":"ADM2","adm1ISO":"US-NC","parentISO":"US-NC","parentID":"USA:ADM1:US-NC","src_shape_id":"52423323B73600596363110"},"geometry":{"type":"Polygon","coordinates":[[[-80.276832,35.195729],[-80.297288,35.018706],[-80.29952,34.999308],[-80.32081,34.814088],[-80.233963,34.812938],[-80.159255,34.811397],[-80.077226,34.809723],[-80.072915,34.809743],[-80.000544,34.808148],[-79.928012,34.80657],[-79.927419,34.806558],[-79.913758,34.818929],[-79.902966,34.854552],[-79.880148,34.866805],[-79.863022,34.882486],[-79.848691,34.902615],[-79.849613,34.911369],[-79.872671,34.952845],[-79.863816,34.974215],[-79.867141,34.982267],[-79.899293,35.003681],[-79.892754,35.024406],[-79.8772,35.035317],[-79.883599,35.051729],[-79.908986,35.06697],[-79.912939,35.097134],[-79.923975,35.115437],[-79.946125,35.1186],[-79.975781,35.102979],[-79.992944,35.085597],[-80.022918,35.090051],[-80.039697,35.101589],[-80.066804,35.111141],[-80.075368,35.143088],[-80.093322,35.163933],[-80.107447,35.173671],[-80.112647,35.193889],[-80.129055,35.187588],[-80.124484,35.17696],[-80.136236,35.167493],[-80.153892,35.174954],[-80.165382,35.164794],[-80.159854,35.151183],[-80.172822,35.147854],[-80.190641,35.155545],[-80.194923,35.165388],[-80.20713,35.156583],[-80.225005,35.156248],[-80.242103,35.18158],[-80.254022,35.211258],[-80.276832,35.195729]]]}},
{"type":"Feature","id":"USA:ADM2:US-NC.cleveland","properties":{"shapeName":"Cleveland","shapeISO":"","shapeGroup":"USA","shapeType":"ADM2","adm1ISO":"US-NC","parentISO":"US-NC","parentID":"USA:ADM1:US-NC","src_shape_id":"52423323B32747612056401"},"geometry":{"type":"Polygon","coordinates":[[[-81.455603,35.419818],[-81.458806,35.423688],[-81.473684,35.456743],[-81.513007,35.523324],[-81.515424,35.558304],[-81.537602,35.564235],[-81.545302,35.564728],[-81.566783,35.558455],[-81.597739,35.571261],[-81.64897,35.561617],[-81.674228,35.568811],[-81.691059,35.584583],[-81.691993,35.580048],[-81.702857,35.357311],[-81.759545,35.222653],[-81.768112,35.180395],[-81.716262,35.178859],[-81.64671,35.175876],[-81.581684,35.173087],[-81.494268,35.169889],[-81.493404,35.169958],[-81.44563,35.168031],[-81.366603,35.164896],[-81.328043,35.163412],[-81.323671,35.189612],[-81.324267,35.241276],[-81.322393,35.256022],[-81.354768,35.278902],[-81.366124,35.31342],[-81.356685,35.330611],[-81.366026,35.336136],[-81.398927,35.353145],[-81.455603,35.419818]]]}},
{"type":"Feature","id":"USA:ADM2:US-NC.moore","properties":{"shapeName":"Moore","shapeISO":"","shapeGroup":"USA","shapeType":"ADM2","adm1ISO":"US-NC","parentISO":"US-NC","parentID":"USA:ADM1:US-NC","src_shape_id":"52423323B34987104881159"},"geometry":{"type":"Polygon","coordinates":[[[-79.76796,35.511491],[-79.764195,35.475742],[-79.754838,35.452474],[-79.709916,35.301282],[-79.711981,35.275889],[-79.697776,35.251386],[-79.673008,35.245403],[-79.65507,35.18979],[-79.62761,35.170143],[-79.615454,35.167565],[-79.614307,35.163686],[-79.609412,35.148978],[-79.589082,35.138981],[-79.573315,35.122457],[-79.582782,35.083967],[-79.575934,35.069911],[-79.501307,35.064242],[-79.481875,35.058885],[-79.458754,35.043646],[-79.405702,35.094457],[-79.403534,35.096362],[-79.33548,35.161595],[-79.310543,35.172971],[-79.281287,35.195299],[-79.255662,35.202933],[-79.243484,35.213802],[-79.229715,35.210609],[-79.21135,35.193984],[-79.175217,35.193067],[-79.167644,35.180949],[-79.154185,35.18061],[-79.140969,35.16918],[-79.132898,35.177752],[-79.129692,35.175535],[-79.131513,35.173906],[-79.128166,35.17157],[-79.127683,35.167901],[-79.124785,35.16658],[-79.107209,35.175935],[-79.097594,35.174232],[-79.098264,35.187736],[-79.095811,35.192075],[-79.152083,35.214508],[-79.165111,35.240932],[-79.193753,35.250237],[-79.223024,35.26814],[-79.183559,35.307168],[-79.265479,35.345314],[-79.289564,35.400446],[-79.328891,35.423112],[-79.327752,35.43238],[-79.359768,35.469682],[-79.335881,35.49798],[-79.350097,35.517975],[-79.381967,35.517574],[-79.555807,35.515046],[-79.72446,35.512276],[-79.76796,35.511491]]]}},
{"type":"Feature","id":"USA:ADM2:US-NC.martin","properties":{"shapeName":"Martin","shapeISO":"","shapeGroup":"USA","shapeType":"ADM2","adm1ISO":"US-NC","parentISO":"US-NC","parentID":"USA:ADM1:US-NC","src_shape_id":"52423323B59070607035282"},"geometry":{"type":"Polygon","coordinates":[[[-76.7606,35.864894],[-76.763168,35.864522],[-76.780987,35.863878],[-76.791484,35.869939],[-76.793441,35.871426],[-76.802043,35.880827],[-76.818815,35.886694],[-76.828374,35.886257],[-76.836625,35.874402],[-76.832469,35.862481],[-76.835053,35.849587],[-76.845795,35.839924],[-76.852421,35.83321],[-76.86327,35.823468],[-76.876531,35.813271],[-76.88866,35.81249],[-76.893299,35.81303],[-76.895423,35.816839],[-76.895989,35.819687],[-76.898956,35.820282],[-76.902594,35.822648],[-76.896596,35.834061],[-76.901653,35.844929],[-76.899591,35.854778],[-76.896246,35.860473],[-76.897695,35.866502],[-76.903677,35.871356],[-76.911945,35.882726],[-76.921346,35.897506],[-76.935194,35.900825],[-76.947385,35.896924],[-76.950344,35.891247],[-76.957825,35.885401],[-76.969993,35.881659],[-76.975936,35.878047],[-76.983041,35.875093],[-76.98399,35.876421],[-76.987776,35.872644],[-76.991695,35.865095],[-77.000027,35.862204],[-77.008255,35.860857],[-77.018923,35.861414],[-77.033053,35.857325],[-77.040943,35.860267],[-77.04333,35.863856],[-77.041058,35.870121],[-77.044458,35.872969],[-77.042465,35.875262],[-77.037993,35.876662],[-77.034536,35.891193],[-77.028129,35.892945],[-77.02574,35.891019],[-77.024076,35.892898],[-77.028237,35.904622],[-77.026771,35.91154],[-77.030169,35.917225],[-77.028937,35.924211],[-77.032507,35.929323],[-77.03876,35.930799],[-77.042212,35.939203],[-77.047779,35.944219],[-77.053645,35.944312],[-77.064214,35.93965],[-77.067054,35.94187],[-77.069072,35.940335],[-77.070298,35.935108],[-77.076401,35.935323],[-77.081034,35.934893],[-77.091674,35.927063],[-77.09751,35.928099],[-77.099685,35.930707],[-77.105488,35.932972],[-77.109255,35.929342],[-77.117263,35.928644],[-77.121652,35.925833],[-77.126788,35.929864],[-77.127637,35.934881],[-77.128838,35.93859],[-77.133863,35.93945],[-77.137052,35.936119],[-77.142997,35.934411],[-77.16032,35.937468],[-77.167386,35.935208],[-77.169262,35.931386],[-77.174866,35.928948],[-77.184042,35.930371],[-77.191985,35.934652],[-77.198089,35.938924],[-77.202112,35.94828],[-77.199001,35.950666],[-77.197418,35.94981],[-77.194949,35.951449],[-77.19858,35.954569],[-77.191437,35.959091],[-77.195368,35.960264],[-77.194776,35.961877],[-77.196182,35.968179],[-77.192082,35.971164],[-77.192637,35.975047],[-77.194985,35.978014],[-77.196588,35.982732],[-77.193914,35.984434],[-77.19568,35.990614],[-77.199299,35.993046],[-77.20461,35.993552],[-77.208482,35.991494],[-77.213217,35.992275],[-77.21267,35.995109],[-77.208842,35.999374],[-77.207226,36.002855],[-77.208584,36.008454],[-77.212507,36.01125],[-77.215843,36.014596],[-77.22764,36.014934],[-77.237734,36.019505],[-77.261868,36.029148],[-77.274472,36.033704],[-77.284902,36.040373],[-77.297388,36.047002],[-77.303677,36.049336],[-77.317522,36.055018],[-77.321904,36.057322],[-77.327124,36.068258],[-77.327571,36.071368],[-77.336821,36.066869],[-77.339811,36.066191],[-77.339281,36.064714],[-77.402616,36.004973],[-77.409202,35.998695],[-77.34242,35.905269],[-77.349435,35.867421],[-77.349838,35.856087],[-77.350371,35.819235],[-77.255202,35.786359],[-77.259794,35.765229],[-77.216851,35.76025],[-77.174002,35.732838],[-77.163842,35.73948],[-77.034648,35.678959],[-76.985844,35.658855],[-76.900399,35.696591],[-76.847266,35.719989],[-76.83133,35.730709],[-76.817039,35.748841],[-76.80429,35.781959],[-76.792963,35.789912],[-76.802398,35.804844],[-76.782009,35.826987],[-76.78924,35.838115],[-76.777406,35.857846],[-76.7606,35.864894]]]}},
{"type":"Feature","id":"USA:ADM2:US-NC.northampton","properties":{"shapeName":"Northampton","shapeISO":"","shapeGroup":"USA","shapeType":"ADM2","adm1ISO":"US-NC","parentISO":"US-NC","parentID":"USA:ADM1:US-NC","src_shape_id":"52423323B28238125667725"},"geometry":{"type":"Polygon","coordinates":[[[-77.899526,36.504266],[-77.892792,36.511979],[-77.840337,36.502535],[-77.817455,36.500489],[-77.789135,36.491217],[-77.774028,36.481703],[-77.742617,36.479882],[-77.730719,36.486483],[-77.709669,36.487083],[-77.681142,36.479184],[-77.644369,36.480235],[-77.630745,36.450607],[-77.609367,36.436617],[-77.591219,36.430828],[-77.58929,36.423495],[-77.555277,36.417971],[-77.544511,36.391968],[-77.547014,36.373921],[-77.579923,36.350083],[-77.5857,36.335517],[-77.571388,36.314093],[-77.54111,36.303271],[-77.495098,36.308388],[-77.468787,36.321194],[-77.441665,36.32436],[-77.41442,36.293479],[-77.409686,36.263807],[-77.380561,36.249272],[-77.377568,36.234589],[-77.386597,36.213555],[-77.350973,36.191539],[-77.328372,36.191914],[-77.301474,36.165159],[-77.291521,36.168349],[-77.299719,36.181416],[-77.298252,36.207715],[-77.264066,36.21719],[-77.228801,36.217394],[-77.209217,36.245886],[-77.20847,36.246585],[-77.208608,36.246845],[-77.190885,36.287346],[-77.13135,36.437833],[-77.13723,36.45539],[-77.122961,36.471225],[-77.099932,36.479102],[-77.091504,36.471758],[-77.066445,36.482921],[-77.074224,36.499408],[-77.085434,36.499968],[-77.082476,36.511476],[-77.093226,36.518223],[-77.147872,36.524992],[-77.148687,36.534149],[-77.164372,36.546313],[-77.169662,36.547322],[-77.190177,36.546171],[-77.205158,36.544588],[-77.296877,36.544746],[-77.749708,36.545527],[-77.767126,36.545421],[-77.868049,36.544805],[-77.899773,36.54467],[-77.8999,36.523602],[-77.899526,36.504266]]]}},
{"type":"Feature","id":"USA:ADM2:US-NC.alexander","properties":{"shapeName":"Alexander","shapeISO":"","shapeGroup":"USA","shapeType":"ADM2","adm1ISO":"US-NC","parentISO":"US-NC","parentID":"USA:ADM1:US-NC","src_shape_id":"52423323B44414006635896"},"geometry":{"type":"Polygon","coordinates":[[[-81.10951,35.776601],[-81.07927,35.808428],[-81.041342,35.857862],[-81.005544,35.958294],[-81.003403,35.996744],[-81.028836,36.045659],[-81.048511,36.041087],[-81.057575,36.031557],[-81.098116,36.028169],[-81.104929,36.035511],[-81.137457,36.036431],[-81.166667,36.025675],[-81.190283,36.037219],[-81.219345,36.029832],[-81.238002,36.030852],[-81.24438,36.024839],[-81.263599,36.025825],[-81.301421,36.004298],[-81.328327,35.99659],[-81.342861,35.923369],[-81.333382,35.879157],[-81.343996,35.82417],[-81.334275,35.796288],[-81.299542,35.798345],[-81.255046,35.808279],[-81.249001,35.815723],[-81.226249,35.809659],[-81.19041,35.822392],[-81.143056,35.827894],[-81.128417,35.78939],[-81.10951,35.776601]]]}},
{"type":"Feature","id":"USA:ADM2:US-NC.columbus","properties":{"shapeName":"Columbus","shapeISO":"","shapeGroup":"USA","shapeType":"ADM2","adm1ISO":"US-NC","parentISO":"US-NC","parentID":"USA:ADM1:US-NC","src_shape_id":"52423323B52623684418934"},"geometry":{"type":"Polygon","coordinates":[[[-79.071247,34.29931],[-78.995763,34.235961],[-78.963695,34.209048],[-78.909884,34.163888],[-78.87475,34.134402],[-78.811713,34.081013],[-78.769486,34.045249],[-78.712209,33.996739],[-78.710144,33.994695],[-78.702774,33.989275],[-78.662533,33.954527],[-78.650367,33.944345],[-78.642309,33.958486],[-78.648354,33.965547],[-78.626783,33.980917],[-78.640691,34.009861],[-78.578929,34.038453],[-78.582363,34.048545],[-78.557961,34.060186],[-78.560191,34.092059],[-78.549362,34.124993],[-78.539265,34.127469],[-78.54522,34.145754],[-78.524604,34.154113],[-78.509231,34.168875],[-78.43966,34.144767],[-78.427504,34.139824],[-78.393972,34.171591],[-78.366795,34.188781],[-78.374297,34.2049],[-78.254472,34.216325],[-78.22825,34.256327],[-78.19906,34.300958],[-78.162352,34.357014],[-78.202534,34.353313],[-78.209973,34.368047],[-78.235684,34.37472],[-78.256087,34.399476],[-78.334571,34.367543],[-78.365704,34.37281],[-78.396917,34.370754],[-78.420734,34.378097],[-78.445322,34.377407],[-78.552716,34.420785],[-78.594015,34.43145],[-78.618322,34.447743],[-78.622095,34.450146],[-78.635354,34.454482],[-78.648376,34.460876],[-78.659285,34.453597],[-78.666724,34.466079],[-78.667591,34.469652],[-78.672883,34.469793],[-78.825221,34.461769],[-78.858066,34.474418],[-78.863368,34.484754],[-78.868964,34.484785],[-78.895841,34.462123],[-78.917077,34.453286],[-78.935358,34.455169],[-78.960014,34.442691],[-78.97119,34.427477],[-78.968409,34.397144],[-78.998447,34.391105],[-79.011402,34.38107],[-79.00164,34.363505],[-79.010896,34.352163],[-79.025193,34.351991],[-79.045408,34.310718],[-79.052884,34.314642],[-79.071247,34.29931]]]}},
{"type":"Feature","id":"USA:ADM2:US-NC.scotland","properties":{"shapeName":"Scotland","shapeISO":"","shapeGroup":"USA","shapeType":"ADM2","adm1ISO":"US-NC","parentISO":"US-NC","parentID":"USA:ADM1:US-NC","src_shape_id":"52423323B8498333390768"},"geometry":{"type":"Polygon","coordinates":[[[-79.347871,34.83856],[-79.337642,34.852709],[-79.348857,34.887453],[-79.353127,34.944249],[-79.378492,34.975672],[-79.398499,34.995232],[-79.417755,35.004736],[-79.431333,35.020138],[-79.449466,35.02709],[-79.457201,35.037565],[-79.458754,35.043646],[-79.513488,35.024639],[-79.573426,34.992217],[-79.569888,34.976737],[-79.572597,34.974654],[-79.574831,34.974089],[-79.585537,34.954965],[-79.581733,34.935449],[-79.568391,34.927508],[-79.561859,34.910357],[-79.616003,34.865935],[-79.62656,34.852291],[-79.61737,34.839289],[-79.622932,34.826824],[-79.614048,34.815316],[-79.634574,34.8255],[-79.654041,34.815071],[-79.688395,34.811347],[-79.692949,34.80498],[-79.675302,34.804751],[-79.63158,34.768842],[-79.561694,34.712003],[-79.554457,34.70637],[-79.519046,34.677328],[-79.490204,34.653826],[-79.479308,34.644647],[-79.471602,34.637207],[-79.461566,34.630305],[-79.331009,34.774425],[-79.357371,34.819043],[-79.352227,34.826088],[-79.349176,34.838485],[-79.347871,34.83856]]]}},
{"type":"Feature","id":"USA:ADM2:US-NC.carteret","properties":{"shapeName":"Carteret","shapeISO":"","shapeGroup":"USA","shapeType":"ADM2","adm1ISO":"US-NC","parentISO":"US-NC","parentID":"USA:ADM1:US-NC","src_shape_id":"52423323B7621511423784"},"geometry":{"type":"Polygon","coordinates":[[[-77.165988,34.785039],[-77.139948,34.759747],[-77.125648,34.756714],[-77.12223,34.733],[-77.109155,34.717881],[-77.110885,34.678092],[-77.104971,34.6746],[-77.096974,34.672408],[-77.096075,34.671247],[-77.097841,34.666915],[-77.10422,34.659061],[-77.111517,34.653449],[-77.113162,34.651034],[-77.112333,34.647668],[-77.108168,34.640597],[-77.031107,34.661191],[-76.990264,34.66963],[-76.906259,34.682827],[-76.817455,34.693729],[-76.770046,34.696906],[-76.726971,34.696697],[-76.693753,34.692516],[-76.676314,34.693158],[-76.662647,34.685531],[-76.642941,34.677625],[-76.618721,34.672557],[-76.579469,34.660181],[-76.549345,34.645592],[-76.550425,34.630796],[-76.553808,34.628259],[-76.555198,34.616],[-76.535948,34.588584],[-76.524201,34.615423],[-76.49407,34.661977],[-76.450456,34.714457],[-76.386806,34.784586],[-76.310212,34.852316],[-76.23309,34.905484],[-76.137271,34.987865],[-76.073002,35.030516],[-76.035935,35.058994],[-76.03865,35.065052],[-76.043623,35.070024],[-76.064935,35.077128],[-76.069908,35.075708],[-76.093351,35.048712],[-76.111822,35.034504],[-76.160129,34.99117],[-76.194938,34.962754],[-76.233674,34.925933],[-76.273988,34.897305],[-76.32281,34.861167],[-76.341281,34.842696],[-76.362593,34.824226],[-76.373249,34.817122],[-76.402561,34.791364],[-76.413302,34.779001],[-76.432319,34.765126],[-76.439734,34.758487],[-76.443778,34.746438],[-76.523305,34.652278],[-76.673539,34.707577],[-76.673621,34.714917],[-76.616569,34.714066],[-76.620608,34.784396],[-76.604798,34.787489],[-76.582423,34.767764],[-76.586238,34.698812],[-76.524714,34.681971],[-76.519523,34.707115],[-76.512688,34.72034],[-76.49985,34.729352],[-76.498428,34.732061],[-76.501927,34.742695],[-76.485355,34.754912],[-76.472531,34.770692],[-76.463018,34.785083],[-76.449466,34.81484],[-76.436869,34.818743],[-76.429378,34.830238],[-76.424034,34.832595],[-76.418567,34.826742],[-76.41524,34.827718],[-76.41215,34.832205],[-76.411611,34.841275],[-76.410011,34.861464],[-76.398577,34.866534],[-76.393136,34.857563],[-76.386481,34.855418],[-76.382202,34.856978],[-76.377156,34.86756],[-76.368276,34.872888],[-76.347675,34.872178],[-76.333822,34.882123],[-76.319969,34.897752],[-76.311444,34.910184],[-76.284094,34.936824],[-76.2777,34.940021],[-76.274858,34.953874],[-76.275569,34.960978],[-76.290693,34.969066],[-76.296526,34.976252],[-76.29619,34.986697],[-76.293853,34.991955],[-76.290932,34.994292],[-76.288711,34.997208],[-76.288356,35.005733],[-76.293684,35.00964],[-76.318548,35.020652],[-76.352292,35.033084],[-76.364369,35.03486],[-76.364369,35.031308],[-76.360817,35.02598],[-76.350161,35.016744],[-76.329559,34.986908],[-76.326363,34.976252],[-76.332046,34.970924],[-76.395627,34.975186],[-76.398468,34.976607],[-76.406283,34.987263],[-76.425463,35.001471],[-76.431857,35.030952],[-76.432567,35.049068],[-76.435764,35.057948],[-76.46347,35.076418],[-76.468798,35.075352],[-76.474523,35.070123],[-76.480143,35.052137],[-76.49026,35.034151],[-76.491384,35.01729],[-76.495881,35.011669],[-76.502625,35.007173],[-76.539721,35.000428],[-76.566699,34.99818],[-76.588057,34.991435],[-76.635074,34.989123],[-76.683745,34.962956],[-76.652573,34.937602],[-76.662677,34.91186],[-76.682976,34.899276],[-76.692897,34.869292],[-76.75801,34.846292],[-76.883203,34.8449],[-76.882197,34.836711],[-76.954775,34.824515],[-76.95444,34.809073],[-77.058074,34.810904],[-77.078265,34.811329],[-77.090261,34.802766],[-77.167771,34.791007],[-77.165988,34.785039]]]}},
{"type":"Feature","id":"USA:ADM2:US-NC.halifax","properties":{"shapeName":"Halifax","shapeISO":"","shapeGroup":"USA","shapeType":"ADM2","adm1ISO":"US-NC","parentISO":"US-NC","parentID":"USA:ADM1:US-NC","src_shape_id":"52423323B7774526001257"},"geometry":{"type":"Polygon","coordinates":[[[-78.006553,36.20264],[-77.987652,36.189539],[-77.978587,36.175436],[-77.967386,36.194215],[-77.950737,36.180665],[-77.944006,36.192599],[-77.91796,36.181543],[-77.923034,36.166904],[-77.901141,36.162901],[-77.886402,36.144001],[-77.860525,36.148844],[-77.821894,36.144784],[-77.807519,36.138392],[-77.804337,36.149738],[-77.783121,36.141395],[-77.778192,36.144047],[-77.774007,36.14256],[-77.773851,36.145933],[-77.770258,36.146139],[-77.749011,36.156957],[-77.720744,36.133891],[-77.698026,36.153096],[-77.678535,36.15438],[-77.670297,36.137295],[-77.644678,36.138194],[-77.62948,36.12181],[-77.628077,36.119487],[-77.626533,36.111444],[-77.562721,36.097127],[-77.540702,36.096092],[-77.528354,36.069396],[-77.539985,36.060364],[-77.529204,36.039274],[-77.517648,36.036782],[-77.475074,36.037825],[-77.439303,36.021219],[-77.44164,36.01469],[-77.42114,36.003616],[-77.402616,36.004973],[-77.339281,36.064714],[-77.339811,36.066191],[-77.336821,36.066869],[-77.327571,36.071368],[-77.327802,36.074802],[-77.326374,36.076928],[-77.319992,36.078661],[-77.315301,36.087663],[-77.313227,36.089174],[-77.298341,36.090321],[-77.290783,36.092121],[-77.284028,36.096534],[-77.27528,36.099065],[-77.266732,36.100118],[-77.25063,36.098783],[-77.242072,36.09735],[-77.230277,36.105006],[-77.249487,36.113771],[-77.251772,36.115658],[-77.250722,36.117702],[-77.247502,36.118319],[-77.240347,36.118778],[-77.241172,36.121273],[-77.252968,36.121825],[-77.254623,36.122818],[-77.25469,36.125558],[-77.251955,36.129406],[-77.250522,36.132652],[-77.252168,36.13601],[-77.264552,36.139061],[-77.266299,36.142607],[-77.265866,36.145187],[-77.267176,36.148608],[-77.267146,36.150972],[-77.263007,36.157225],[-77.264471,36.159338],[-77.274292,36.156942],[-77.278233,36.158903],[-77.279983,36.163367],[-77.282572,36.166806],[-77.284709,36.168358],[-77.288274,36.169327],[-77.291521,36.168349],[-77.301474,36.165159],[-77.328372,36.191914],[-77.350973,36.191539],[-77.386597,36.213555],[-77.377568,36.234589],[-77.380561,36.249272],[-77.409686,36.263807],[-77.41442,36.293479],[-77.441665,36.32436],[-77.468787,36.321194],[-77.495098,36.308388],[-77.54111,36.303271],[-77.571388,36.314093],[-77.5857,36.335517],[-77.579923,36.350083],[-77.547014,36.373921],[-77.544511,36.391968],[-77.555277,36.417971],[-77.58929,36.423495],[-77.591219,36.430828],[-77.609367,36.436617],[-77.630745,36.450607],[-77.644369,36.480235],[-77.681142,36.479184],[-77.709669,36.487083],[-77.730719,36.486483],[-77.742617,36.479882],[-77.774028,36.481703],[-77.789135,36.491217],[-77.817455,36.500489],[-77.840337,36.502535],[-77.892792,36.511979],[-77.899526,36.504266],[-77.909247,36.473944],[-77.911965,36.382453],[-77.937605,36.313492],[-77.942408,36.298533],[-77.944724,36.294325],[-77.961421,36.269771],[-78.006553,36.20264]]]}}
]}