{"type":"FeatureCollection","bbox":[7.772651,49.395538,10.235999,51.65745],"features":[
{"type":"Feature","id":"DEU:ADM3:DE-HE.darmstadt-kreisfreie-stadt","properties":{"shapeName":"Darmstadt, Kreisfreie Stadt","shapeISO":"","shapeGroup":"DEU","shapeType":"ADM3","adm1ISO":"DE-HE","parentISO":"DE-HE","parentID":"DEU:ADM1:DE-HE","src_shape_id":"24449704B7725696435683"},"geometry":{"type":"Polygon","coordinates":[[[8.6745,49.951452],[8.673439,49.949908],[8.669601,49.950711],[8.666017,49.945963],[8.655757,49.944121],[8.651526,49.944377],[8.649862,49.945391],[8.640284,49.9439],[8.635788,49.944403],[8.630825,49.943628],[8.627081,49.942173],[8.627266,49.938773],[8.630567,49.939223],[8.632739,49.935038],[8.630284,49.932594],[8.623973,49.932455],[8.624176,49.926284],[8.627264,49.92539],[8.62512,49.918376],[8.625628,49.916741],[8.618928,49.915884],[8.619645,49.912566],[8.625108,49.913628],[8.626221,49.911398],[8.630955,49.910276],[8.628085,49.906431],[8.627014,49.902751],[8.630769,49.901526],[8.632705,49.899425],[8.629594,49.89599],[8.62643,49.894704],[8.623806,49.896982],[8.621948,49.892039],[8.616461,49.889887],[8.617192,49.887037],[8.610121,49.885967],[8.605588,49.884351],[8.604783,49.882664],[8.59933,49.882141],[8.596467,49.868783],[8.595822,49.861737],[8.591451,49.859959],[8.590289,49.856425],[8.586281,49.857176],[8.582202,49.856746],[8.583016,49.854301],[8.569093,49.852643],[8.570439,49.849318],[8.566134,49.850784],[8.561891,49.850055],[8.56307,49.848104],[8.568404,49.843227],[8.561827,49.843097],[8.565128,49.835503],[8.566079,49.831271],[8.576458,49.834031],[8.584291,49.835432],[8.590358,49.835969],[8.59009,49.837131],[8.595571,49.837979],[8.598831,49.836754],[8.603164,49.837041],[8.611461,49.834628],[8.620294,49.816981],[8.622433,49.810717],[8.626463,49.806184],[8.629808,49.804713],[8.640306,49.803434],[8.642839,49.802712],[8.646008,49.797784],[8.649146,49.797819],[8.654621,49.796547],[8.656956,49.797638],[8.66034,49.802895],[8.668618,49.806745],[8.675487,49.804939],[8.677834,49.808649],[8.670431,49.812676],[8.674251,49.813586],[8.679851,49.818266],[8.680143,49.821357],[8.677288,49.820796],[8.672161,49.822381],[8.672012,49.824974],[8.674631,49.826875],[8.671951,49.829649],[8.674017,49.830924],[8.672767,49.834117],[8.674135,49.836191],[8.689082,49.844142],[8.696339,49.847633],[8.705478,49.851458],[8.706949,49.854505],[8.712101,49.857421],[8.712246,49.858395],[8.71691,49.861348],[8.727036,49.863064],[8.729128,49.86297],[8.730889,49.865436],[8.730833,49.868414],[8.726777,49.869982],[8.728723,49.872634],[8.72886,49.874875],[8.725929,49.877058],[8.727439,49.879125],[8.726386,49.882357],[8.727054,49.883862],[8.732964,49.88785],[8.738281,49.889832],[8.740159,49.892156],[8.741249,49.896177],[8.748943,49.900625],[8.749599,49.904396],[8.747273,49.906988],[8.746912,49.91187],[8.740624,49.915889],[8.737212,49.918808],[8.740831,49.919911],[8.740522,49.927475],[8.738505,49.929253],[8.729846,49.933024],[8.735677,49.944313],[8.735021,49.947936],[8.7318,49.952753],[8.725708,49.954208],[8.723258,49.952208],[8.718656,49.952523],[8.714988,49.951151],[8.711704,49.951328],[8.706009,49.949695],[8.701301,49.95005],[8.699521,49.949136],[8.694999,49.949264],[8.69269,49.948256],[8.686929,49.948365],[8.682109,49.950517],[8.6745,49.951452]]]}},
{"type":"Feature","id":"DEU:ADM3:DE-HE.frankfurt-am-main-kreisfreie-stadt","properties":{"shapeName":"Frankfurt am Main, Kreisfreie Stadt","shapeISO":"","shapeGroup":"DEU","shapeType":"ADM3","adm1ISO":"DE-HE","parentISO":"DE-HE","parentID":"DEU:ADM1:DE-HE","src_shape_id":"24449704B90557041617889"},"geometry":{"type":"Polygon","coordinates":[[[8.711376,50.226257],[8.710882,50.222272],[8.701457,50.217066],[8.700385,50.217958],[8.695431,50.216197],[8.693991,50.216796],[8.686881,50.21383],[8.685414,50.215148],[8.681769,50.212552],[8.672459,50.217201],[8.668904,50.216991],[8.661002,50.208847],[8.653202,50.208646],[8.644077,50.202002],[8.641269,50.20067],[8.638575,50.201441],[8.635817,50.197431],[8.61996,50.188253],[8.61537,50.184199],[8.60831,50.182661],[8.603865,50.180976],[8.604855,50.178994],[8.608709,50.175863],[8.604692,50.173996],[8.602213,50.171498],[8.596721,50.173207],[8.591971,50.167296],[8.588675,50.168429],[8.590239,50.159545],[8.59128,50.160312],[8.59697,50.15801],[8.600767,50.15729],[8.591172,50.140624],[8.577388,50.133871],[8.572974,50.132533],[8.565362,50.131037],[8.557292,50.127084],[8.530542,50.11587],[8.525401,50.117627],[8.5219,50.120338],[8.51366,50.121897],[8.51164,50.119332],[8.512516,50.117476],[8.508088,50.116579],[8.496084,50.105875],[8.48766,50.1075],[8.479474,50.110416],[8.475977,50.108752],[8.480998,50.105213],[8.475652,50.101285],[8.472633,50.099908],[8.473463,50.098501],[8.478535,50.096376],[8.478729,50.094139],[8.481829,50.091543],[8.488563,50.088255],[8.490299,50.084919],[8.495112,50.084572],[8.499039,50.082012],[8.501735,50.081429],[8.50135,50.075692],[8.506588,50.072829],[8.510973,50.067913],[8.517613,50.065019],[8.520716,50.061707],[8.526106,50.065553],[8.526043,50.06947],[8.522651,50.0763],[8.522973,50.079944],[8.525796,50.08366],[8.530968,50.0811],[8.538877,50.079607],[8.541405,50.075978],[8.541524,50.071741],[8.544504,50.06902],[8.551163,50.069287],[8.552951,50.066608],[8.552261,50.061979],[8.55305,50.056376],[8.554896,50.055013],[8.5593,50.048851],[8.548201,50.04651],[8.54113,50.044112],[8.518997,50.03464],[8.515892,50.032705],[8.518484,50.027538],[8.51588,50.026989],[8.518845,50.020569],[8.53182,50.021298],[8.541082,50.024338],[8.561955,50.025666],[8.564427,50.026493],[8.569629,50.025546],[8.5737,50.020267],[8.576182,50.015574],[8.581014,50.017294],[8.591321,50.017692],[8.590906,50.025893],[8.592044,50.031645],[8.595227,50.038997],[8.597241,50.042442],[8.605493,50.039465],[8.608114,50.043487],[8.615618,50.048748],[8.619355,50.050738],[8.623922,50.05447],[8.632307,50.054424],[8.642063,50.053377],[8.650082,50.05421],[8.653701,50.05569],[8.664262,50.05551],[8.674971,50.057274],[8.679233,50.058422],[8.686452,50.059084],[8.699724,50.059224],[8.705828,50.061078],[8.717834,50.062406],[8.718363,50.065069],[8.72315,50.06837],[8.729263,50.075679],[8.732617,50.080617],[8.731221,50.081289],[8.734563,50.086164],[8.741619,50.089573],[8.743175,50.092526],[8.748864,50.094331],[8.749819,50.096128],[8.749113,50.099071],[8.745525,50.101003],[8.741903,50.103962],[8.736814,50.103891],[8.727255,50.105183],[8.726282,50.108554],[8.735122,50.111301],[8.744817,50.115101],[8.750207,50.115565],[8.75524,50.114642],[8.763341,50.109836],[8.768426,50.108484],[8.775007,50.108751],[8.779091,50.110621],[8.781164,50.113028],[8.779661,50.11772],[8.770734,50.126072],[8.769614,50.129941],[8.772089,50.133717],[8.776231,50.135705],[8.780646,50.136735],[8.780629,50.140581],[8.78215,50.142742],[8.782509,50.155608],[8.783568,50.158441],[8.790568,50.158755],[8.790636,50.163658],[8.794176,50.163009],[8.794967,50.167089],[8.797698,50.167517],[8.800135,50.169506],[8.79951,50.173231],[8.796352,50.174552],[8.79429,50.172668],[8.789865,50.176049],[8.779215,50.177185],[8.778684,50.180228],[8.763028,50.17911],[8.762997,50.17271],[8.760287,50.172489],[8.751135,50.169101],[8.743653,50.164576],[8.738684,50.162583],[8.737589,50.163376],[8.732642,50.161923],[8.728941,50.163116],[8.722785,50.163615],[8.717749,50.168991],[8.714616,50.170319],[8.709217,50.175976],[8.708465,50.179169],[8.702212,50.180691],[8.704492,50.184497],[8.707707,50.183621],[8.711163,50.188589],[8.705586,50.191859],[8.712678,50.194868],[8.718363,50.196162],[8.719691,50.198856],[8.72908,50.202376],[8.731813,50.206505],[8.731373,50.21188],[8.733292,50.212332],[8.733472,50.215386],[8.73107,50.217725],[8.723997,50.220073],[8.721559,50.221466],[8.719324,50.22531],[8.711376,50.226257]]]}},
{"type":"Feature","id":"DEU:ADM3:DE-HE.offenbach-am-main-kreisfreie-stadt","properties":{"shapeName":"Offenbach am Main, Kreisfreie Stadt","shapeISO":"","shapeGroup":"DEU","shapeType":"ADM3","adm1ISO":"DE-HE","parentISO":"DE-HE","parentID":"DEU:ADM1:DE-HE","src_shape_id":"24449704B62616574022565"},"geometry":{"type":"Polygon","coordinates":[[[8.717834,50.062406],[8.720141,50.06165],[8.739026,50.062483],[8.743359,50.060993],[8.747728,50.062689],[8.75098,50.062091],[8.760461,50.058978],[8.762129,50.055439],[8.751374,50.0537],[8.758096,50.047278],[8.763572,50.046956],[8.774153,50.049997],[8.779377,50.052784],[8.778921,50.058015],[8.781693,50.058088],[8.781207,50.061295],[8.782122,50.062827],[8.786363,50.061909],[8.79125,50.063589],[8.790179,50.069479],[8.821888,50.069571],[8.825881,50.07053],[8.829024,50.070225],[8.83679,50.070842],[8.843303,50.086902],[8.828878,50.089517],[8.823344,50.091608],[8.819089,50.096403],[8.822779,50.099643],[8.821909,50.101313],[8.818611,50.102767],[8.81725,50.105222],[8.813887,50.106541],[8.815168,50.108686],[8.814344,50.110602],[8.814673,50.114715],[8.810344,50.117972],[8.808827,50.120073],[8.809059,50.12221],[8.8182,50.12337],[8.817499,50.128913],[8.817965,50.13351],[8.806619,50.134053],[8.798612,50.135167],[8.788053,50.137134],[8.780646,50.136735],[8.776231,50.135705],[8.772089,50.133717],[8.769614,50.129941],[8.770734,50.126072],[8.779661,50.11772],[8.781164,50.113028],[8.779091,50.110621],[8.775007,50.108751],[8.768426,50.108484],[8.763341,50.109836],[8.75524,50.114642],[8.750207,50.115565],[8.744817,50.115101],[8.735122,50.111301],[8.726282,50.108554],[8.727255,50.105183],[8.736814,50.103891],[8.741903,50.103962],[8.745525,50.101003],[8.749113,50.099071],[8.749819,50.096128],[8.748864,50.094331],[8.743175,50.092526],[8.741619,50.089573],[8.734563,50.086164],[8.731221,50.081289],[8.732617,50.080617],[8.729263,50.075679],[8.72315,50.06837],[8.718363,50.065069],[8.717834,50.062406]]]}},
{"type":"Feature","id":"DEU:ADM3:DE-HE.wiesbaden-kreisfreie-stadt","properties":{"shapeName":"Wiesbaden, Kreisfreie Stadt","shapeISO":"","shapeGroup":"DEU","shapeType":"ADM3","adm1ISO":"DE-HE","parentISO":"DE-HE","parentID":"DEU:ADM1:DE-HE","src_shape_id":"24449704B89647765726926"},"geometry":{"type":"Polygon","coordinates":[[[8.327267,50.145731],[8.323879,50.149874],[8.32178,50.151058],[8.315204,50.151788],[8.310934,50.149303],[8.306889,50.149917],[8.304036,50.151538],[8.302049,50.149586],[8.29493,50.148068],[8.283321,50.14725],[8.282456,50.150749],[8.277662,50.150354],[8.275789,50.151623],[8.268139,50.150178],[8.262423,50.150471],[8.254272,50.148699],[8.242143,50.148225],[8.242367,50.144201],[8.238589,50.141054],[8.23533,50.141014],[8.231521,50.138533],[8.22333,50.13625],[8.217998,50.133102],[8.209554,50.131952],[8.202629,50.127448],[8.1962,50.125557],[8.191423,50.123245],[8.185306,50.121073],[8.181387,50.122347],[8.180023,50.124462],[8.181749,50.125811],[8.165558,50.123838],[8.159976,50.124395],[8.152741,50.119233],[8.151176,50.116068],[8.147521,50.1144],[8.142496,50.113549],[8.132003,50.103376],[8.119441,50.097966],[8.117791,50.09515],[8.112335,50.093749],[8.115117,50.08963],[8.122888,50.091187],[8.126745,50.091006],[8.130372,50.092342],[8.138075,50.087721],[8.135404,50.086019],[8.132348,50.081383],[8.125112,50.083726],[8.114542,50.084388],[8.110536,50.083926],[8.110375,50.080187],[8.111523,50.07823],[8.111556,50.073154],[8.118478,50.074577],[8.122735,50.074747],[8.132431,50.07078],[8.136376,50.067405],[8.138485,50.0669],[8.142937,50.062041],[8.152526,50.056852],[8.157473,50.054841],[8.159697,50.053093],[8.169576,50.043288],[8.175136,50.034255],[8.180949,50.035206],[8.190038,50.035296],[8.205362,50.03413],[8.214531,50.032531],[8.222199,50.031712],[8.229467,50.031425],[8.236404,50.030131],[8.244558,50.027628],[8.264555,50.015701],[8.27235,50.010296],[8.277557,50.005356],[8.285588,49.997018],[8.288245,49.995134],[8.297498,49.994629],[8.305042,49.997259],[8.315418,50.001674],[8.31862,50.001949],[8.33064,50.000539],[8.332621,50.005667],[8.33237,50.011797],[8.331539,50.016911],[8.33418,50.016889],[8.333956,50.019945],[8.336266,50.022905],[8.333167,50.024674],[8.332287,50.026428],[8.336967,50.02886],[8.352249,50.034297],[8.35288,50.033021],[8.360226,50.034654],[8.369181,50.038754],[8.365029,50.040315],[8.380178,50.046357],[8.373045,50.051526],[8.366079,50.049995],[8.361482,50.051086],[8.359475,50.053127],[8.362897,50.05411],[8.358597,50.058008],[8.360371,50.059274],[8.355042,50.062025],[8.356329,50.06486],[8.354838,50.06629],[8.365052,50.071414],[8.365571,50.070377],[8.371818,50.066815],[8.374945,50.06746],[8.384208,50.077063],[8.386065,50.080227],[8.385857,50.08217],[8.382488,50.084763],[8.379973,50.088374],[8.379629,50.091613],[8.381395,50.093086],[8.377431,50.096937],[8.380409,50.102285],[8.375455,50.102607],[8.372849,50.100537],[8.370442,50.10054],[8.362661,50.098203],[8.362041,50.102097],[8.360539,50.105832],[8.355543,50.104108],[8.35357,50.10485],[8.352026,50.108059],[8.344326,50.119442],[8.344692,50.122023],[8.348633,50.125247],[8.350079,50.128551],[8.345231,50.130773],[8.343931,50.12857],[8.336924,50.128229],[8.335664,50.129535],[8.330084,50.131297],[8.326594,50.130465],[8.323627,50.135296],[8.324228,50.137747],[8.318213,50.137564],[8.316892,50.139641],[8.321202,50.1426],[8.327267,50.145731]]]}},
{"type":"Feature","id":"DEU:ADM3:DE-HE.bergstrae","properties":{"shapeName":"Bergstraße","shapeISO":"","shapeGroup":"DEU","shapeType":"ADM3","adm1ISO":"DE-HE","parentISO":"DE-HE","parentID":"DEU:ADM1:DE-HE","src_shape_id":"24449704B12486114102211"},"geometry":{"type":"MultiPolygon","coordinates":[[[[8.581375,49.51978],[8.583186,49.521854],[8.585818,49.522403],[8.591295,49.52128],[8.593095,49.525378],[8.596556,49.5308],[8.601317,49.531375],[8.608048,49.528304],[8.608241,49.530807],[8.606928,49.533539],[8.613335,49.541116],[8.616948,49.542427],[8.6213,49.54501],[8.618466,49.548481],[8.617639,49.554046],[8.616401,49.556482],[8.6112,49.563436],[8.608762,49.570758],[8.608874,49.575597],[8.604345,49.58876],[8.603232,49.593294],[8.594074,49.592771],[8.590725,49.596739],[8.591065,49.600345],[8.589315,49.604515],[8.595297,49.605474],[8.593889,49.610947],[8.601061,49.61145],[8.613725,49.614429],[8.632964,49.617511],[8.642875,49.619743],[8.650424,49.620884],[8.652606,49.61838],[8.661972,49.621333],[8.666048,49.621329],[8.670307,49.623798],[8.676576,49.624503],[8.679441,49.625665],[8.686617,49.622721],[8.692314,49.623739],[8.69372,49.622231],[8.692285,49.620481],[8.684835,49.614224],[8.683176,49.616321],[8.678879,49.613868],[8.679295,49.611857],[8.684376,49.610052],[8.684755,49.613035],[8.686894,49.613207],[8.687804,49.61042],[8.686369,49.60848],[8.678034,49.609876],[8.677341,49.613528],[8.672986,49.613341],[8.67214,49.611194],[8.674508,49.607561],[8.679996,49.607091],[8.680379,49.604659],[8.682128,49.603472],[8.691515,49.604743],[8.69288,49.602885],[8.695515,49.603365],[8.697998,49.599757],[8.696757,49.596565],[8.696334,49.5921],[8.687591,49.591213],[8.683477,49.589752],[8.683019,49.588413],[8.683151,49.580568],[8.68467,49.575562],[8.684307,49.570222],[8.691537,49.563767],[8.691991,49.560163],[8.691121,49.556054],[8.696913,49.551465],[8.698615,49.549004],[8.703883,49.550028],[8.705794,49.547966],[8.703849,49.544706],[8.705215,49.539266],[8.703476,49.538374],[8.70265,49.535328],[8.707009,49.536351],[8.710094,49.532243],[8.71396,49.532016],[8.715215,49.533583],[8.718693,49.533008],[8.722621,49.531109],[8.721228,49.529143],[8.724609,49.525894],[8.73595,49.524846],[8.735513,49.521315],[8.726687,49.520986],[8.727711,49.518339],[8.737227,49.519288],[8.740429,49.52319],[8.750928,49.521841],[8.755057,49.51853],[8.759374,49.516518],[8.766459,49.514738],[8.770721,49.516522],[8.772119,49.517985],[8.776781,49.517872],[8.781854,49.514664],[8.787451,49.514006],[8.791785,49.514272],[8.796199,49.51231],[8.798129,49.51851],[8.802746,49.521951],[8.811397,49.526766],[8.815231,49.523852],[8.816454,49.525554],[8.821874,49.524636],[8.818659,49.521217],[8.820255,49.518241],[8.82078,49.513278],[8.818684,49.511761],[8.819099,49.509939],[8.816922,49.506964],[8.818195,49.50444],[8.830036,49.494433],[8.831185,49.49209],[8.833855,49.490683],[8.839046,49.493768],[8.840015,49.497472],[8.84455,49.498402],[8.848502,49.502173],[8.852216,49.501256],[8.856782,49.501232],[8.862503,49.503217],[8.873265,49.504229],[8.877581,49.505564],[8.886001,49.505802],[8.892427,49.502906],[8.895945,49.50265],[8.899573,49.503656],[8.903167,49.512197],[8.905263,49.513774],[8.90596,49.516164],[8.909687,49.520706],[8.910865,49.523089],[8.9053,49.525289],[8.902649,49.527137],[8.893741,49.529696],[8.891725,49.532023],[8.892721,49.539425],[8.889441,49.540728],[8.887783,49.543989],[8.889589,49.547425],[8.888811,49.55248],[8.882715,49.556856],[8.882472,49.559552],[8.884327,49.562368],[8.882054,49.56454],[8.883437,49.566602],[8.880409,49.568149],[8.880869,49.569703],[8.885206,49.574051],[8.887439,49.577178],[8.884886,49.579823],[8.884321,49.584656],[8.882307,49.588965],[8.882961,49.5909],[8.88301,49.598459],[8.878865,49.604339],[8.87323,49.606786],[8.888828,49.606578],[8.888367,49.609163],[8.880719,49.612959],[8.876158,49.614315],[8.875749,49.616992],[8.880598,49.62009],[8.884727,49.621978],[8.879833,49.630032],[8.877887,49.635519],[8.876393,49.637166],[8.87243,49.637982],[8.868582,49.640716],[8.864156,49.642083],[8.865096,49.646532],[8.873265,49.650821],[8.882566,49.650842],[8.884197,49.65129],[8.886738,49.654519],[8.886528,49.657467],[8.884465,49.659436],[8.881165,49.659469],[8.874826,49.658371],[8.87126,49.659291],[8.86877,49.657105],[8.862118,49.655452],[8.853442,49.66104],[8.84489,49.659809],[8.837989,49.661775],[8.834963,49.663425],[8.834575,49.666218],[8.832681,49.667261],[8.831476,49.673173],[8.82883,49.674664],[8.825029,49.674707],[8.818797,49.676072],[8.814953,49.679678],[8.810768,49.681541],[8.805648,49.682023],[8.794563,49.684844],[8.795621,49.688603],[8.787239,49.691042],[8.784448,49.693438],[8.797652,49.695059],[8.799293,49.696479],[8.800098,49.700774],[8.799701,49.703333],[8.806871,49.707337],[8.804209,49.708827],[8.800708,49.708963],[8.79314,49.715302],[8.790573,49.716433],[8.786319,49.725134],[8.790553,49.727078],[8.79486,49.730851],[8.797509,49.731296],[8.797329,49.738294],[8.790357,49.736002],[8.790352,49.731134],[8.785948,49.731193],[8.778919,49.726317],[8.775984,49.725328],[8.770973,49.728861],[8.764737,49.728232],[8.761906,49.726874],[8.756637,49.726364],[8.749004,49.72253],[8.74588,49.722176],[8.742971,49.723525],[8.738836,49.72311],[8.734098,49.725466],[8.733265,49.730349],[8.732112,49.731861],[8.727513,49.733463],[8.725451,49.735888],[8.723439,49.74032],[8.719667,49.741655],[8.715239,49.741253],[8.70906,49.743081],[8.708002,49.74499],[8.701485,49.750282],[8.701306,49.754622],[8.691137,49.750617],[8.68913,49.748245],[8.685174,49.747111],[8.679834,49.744011],[8.681379,49.742839],[8.6813,49.739445],[8.683654,49.737431],[8.682883,49.735335],[8.685854,49.732549],[8.686188,49.73053],[8.677045,49.727574],[8.673598,49.725183],[8.667819,49.727717],[8.661798,49.728799],[8.657431,49.727596],[8.651728,49.72437],[8.646908,49.726653],[8.641721,49.727059],[8.636517,49.724895],[8.63254,49.726818],[8.625962,49.728537],[8.622241,49.728889],[8.616584,49.732566],[8.608078,49.733846],[8.605953,49.731417],[8.602489,49.729505],[8.596279,49.734459],[8.593906,49.733042],[8.589361,49.727962],[8.584126,49.726669],[8.578048,49.72724],[8.574094,49.726045],[8.57222,49.726817],[8.563039,49.724998],[8.561199,49.725072],[8.55927,49.728792],[8.55562,49.728072],[8.548719,49.724039],[8.547074,49.7215],[8.546519,49.717089],[8.540194,49.7175],[8.536149,49.723687],[8.532833,49.724373],[8.528578,49.723442],[8.525519,49.724931],[8.513228,49.724557],[8.494848,49.72292],[8.48361,49.725483],[8.480292,49.727857],[8.47409,49.729201],[8.471367,49.729217],[8.475066,49.733025],[8.470998,49.734645],[8.464227,49.73095],[8.466572,49.728707],[8.458041,49.726249],[8.45706,49.728419],[8.452351,49.728469],[8.454723,49.731328],[8.448365,49.733662],[8.446378,49.7308],[8.441178,49.724855],[8.438206,49.722317],[8.430733,49.718563],[8.419333,49.715159],[8.409297,49.713589],[8.394709,49.710846],[8.388293,49.709284],[8.375002,49.704491],[8.363358,49.698638],[8.359815,49.695952],[8.357267,49.692142],[8.356157,49.682886],[8.356488,49.677987],[8.363088,49.666277],[8.369631,49.659173],[8.372303,49.65304],[8.375759,49.640802],[8.380829,49.629296],[8.386011,49.622103],[8.38775,49.621382],[8.392851,49.615282],[8.396061,49.613146],[8.40414,49.609005],[8.410531,49.603416],[8.414774,49.595052],[8.422439,49.583385],[8.429815,49.584709],[8.438266,49.5839],[8.440613,49.587903],[8.440465,49.589412],[8.448628,49.590478],[8.464285,49.589528],[8.472864,49.585057],[8.475796,49.584452],[8.474352,49.580971],[8.479947,49.578587],[8.4799,49.574464],[8.495032,49.572997],[8.500809,49.56724],[8.517102,49.555396],[8.52626,49.547997],[8.532396,49.53636],[8.54156,49.52858],[8.550868,49.524494],[8.552579,49.52052],[8.557744,49.517919],[8.56312,49.517939],[8.573055,49.521493],[8.581375,49.51978]]],[[[8.67853,49.621934],[8.675113,49.621105],[8.672807,49.619448],[8.671864,49.615878],[8.67596,49.615953],[8.678153,49.616933],[8.68598,49.618355],[8.685868,49.621665],[8.67853,49.621934]]],[[[8.93188,49.470637],[8.930152,49.472631],[8.929812,49.475224],[8.926573,49.477495],[8.915463,49.482339],[8.911282,49.485132],[8.904589,49.485794],[8.899355,49.48455],[8.889942,49.479278],[8.889896,49.475462],[8.882495,49.470929],[8.876495,49.466686],[8.868245,49.464893],[8.862924,49.466679],[8.863235,49.469698],[8.86634,49.474593],[8.861278,49.478478],[8.860038,49.480791],[8.851932,49.483588],[8.848571,49.480543],[8.842598,49.477153],[8.840968,49.475563],[8.836387,49.47556],[8.832366,49.471954],[8.828248,49.470867],[8.826603,49.469349],[8.825132,49.464828],[8.823525,49.462678],[8.828733,49.460923],[8.832406,49.454939],[8.832512,49.4527],[8.834608,49.450383],[8.833006,49.446022],[8.833784,49.440962],[8.832618,49.436717],[8.836653,49.434378],[8.836453,49.430218],[8.830502,49.423229],[8.824992,49.421815],[8.819327,49.423288],[8.816641,49.423176],[8.81086,49.421263],[8.806588,49.419201],[8.805925,49.415706],[8.808341,49.412515],[8.805793,49.410133],[8.801489,49.410891],[8.804292,49.406893],[8.808294,49.406422],[8.803541,49.40357],[8.808395,49.401988],[8.814087,49.398394],[8.814612,49.396852],[8.822421,49.395552],[8.827513,49.402129],[8.828089,49.406979],[8.83188,49.408187],[8.835944,49.406708],[8.839281,49.40421],[8.843356,49.398176],[8.847302,49.395877],[8.851764,49.395538],[8.854645,49.396627],[8.862846,49.402127],[8.869321,49.408537],[8.871981,49.411805],[8.87636,49.414037],[8.888532,49.418315],[8.892389,49.420907],[8.895067,49.425538],[8.897294,49.433679],[8.899422,49.437174],[8.900949,49.443369],[8.904652,49.443279],[8.904644,49.441444],[8.909206,49.437855],[8.912567,49.437614],[8.919408,49.439366],[8.924739,49.441303],[8.926136,49.447522],[8.928333,49.449541],[8.940069,49.450317],[8.945711,49.452437],[8.950349,49.454993],[8.946924,49.459724],[8.941635,49.463178],[8.941483,49.464871],[8.935691,49.465543],[8.93188,49.470637]]]]}},
{"type":"Feature","id":"DEU:ADM3:DE-HE.darmstadt-dieburg","properties":{"shapeName":"Darmstadt-Dieburg","shapeISO":"","shapeGroup":"DEU","shapeType":"ADM3","adm1ISO":"DE-HE","parentISO":"DE-HE","parentID":"DEU:ADM1:DE-HE","src_shape_id":"24449704B71373077031100"},"geometry":{"type":"Polygon","coordinates":[[[9.016088,49.99134],[9.005307,49.995069],[9.000231,49.995758],[8.982491,49.994813],[8.969993,49.996221],[8.956461,49.996803],[8.948613,49.998578],[8.944446,50.001814],[8.944409,49.997791],[8.942957,49.99482],[8.938271,49.990031],[8.934328,49.98905],[8.929416,49.98684],[8.927266,49.984834],[8.919308,49.979771],[8.916804,49.976615],[8.908798,49.973887],[8.905221,49.972079],[8.899714,49.966153],[8.888269,49.966336],[8.876952,49.96589],[8.870894,49.964923],[8.860646,49.962646],[8.854322,49.960637],[8.850002,49.958218],[8.848247,49.956149],[8.840649,49.954014],[8.831272,49.950178],[8.822896,49.950388],[8.817149,49.950016],[8.811055,49.947318],[8.805761,49.952954],[8.800956,49.953168],[8.798211,49.95458],[8.791728,49.954146],[8.791445,49.956581],[8.783982,49.958916],[8.780873,49.959248],[8.774053,49.954978],[8.770664,49.95192],[8.76562,49.952528],[8.75531,49.949194],[8.741652,49.957929],[8.731618,49.957297],[8.728849,49.956732],[8.725708,49.954208],[8.7318,49.952753],[8.735021,49.947936],[8.735677,49.944313],[8.729846,49.933024],[8.738505,49.929253],[8.740522,49.927475],[8.740831,49.919911],[8.737212,49.918808],[8.740624,49.915889],[8.746912,49.91187],[8.747273,49.906988],[8.749599,49.904396],[8.748943,49.900625],[8.741249,49.896177],[8.740159,49.892156],[8.738281,49.889832],[8.732964,49.88785],[8.727054,49.883862],[8.726386,49.882357],[8.727439,49.879125],[8.725929,49.877058],[8.72886,49.874875],[8.728723,49.872634],[8.726777,49.869982],[8.730833,49.868414],[8.730889,49.865436],[8.729128,49.86297],[8.727036,49.863064],[8.71691,49.861348],[8.712246,49.858395],[8.712101,49.857421],[8.706949,49.854505],[8.705478,49.851458],[8.696339,49.847633],[8.689082,49.844142],[8.674135,49.836191],[8.672767,49.834117],[8.674017,49.830924],[8.671951,49.829649],[8.674631,49.826875],[8.672012,49.824974],[8.672161,49.822381],[8.677288,49.820796],[8.680143,49.821357],[8.679851,49.818266],[8.674251,49.813586],[8.670431,49.812676],[8.677834,49.808649],[8.675487,49.804939],[8.668618,49.806745],[8.66034,49.802895],[8.656956,49.797638],[8.654621,49.796547],[8.649146,49.797819],[8.646008,49.797784],[8.642839,49.802712],[8.640306,49.803434],[8.629808,49.804713],[8.626463,49.806184],[8.622433,49.810717],[8.620294,49.816981],[8.611461,49.834628],[8.603164,49.837041],[8.598831,49.836754],[8.595571,49.837979],[8.59009,49.837131],[8.590358,49.835969],[8.584291,49.835432],[8.576458,49.834031],[8.566079,49.831271],[8.565128,49.835503],[8.561827,49.843097],[8.568404,49.843227],[8.56307,49.848104],[8.561891,49.850055],[8.566134,49.850784],[8.570439,49.849318],[8.569093,49.852643],[8.583016,49.854301],[8.582202,49.856746],[8.586281,49.857176],[8.590289,49.856425],[8.591451,49.859959],[8.595822,49.861737],[8.596467,49.868783],[8.59933,49.882141],[8.604783,49.882664],[8.605588,49.884351],[8.610121,49.885967],[8.617192,49.887037],[8.616461,49.889887],[8.621948,49.892039],[8.623806,49.896982],[8.62643,49.894704],[8.629594,49.89599],[8.632705,49.899425],[8.630769,49.901526],[8.627014,49.902751],[8.628085,49.906431],[8.630955,49.910276],[8.626221,49.911398],[8.625108,49.913628],[8.619645,49.912566],[8.618928,49.915884],[8.625628,49.916741],[8.62512,49.918376],[8.627264,49.92539],[8.624176,49.926284],[8.623973,49.932455],[8.630284,49.932594],[8.632739,49.935038],[8.630567,49.939223],[8.627266,49.938773],[8.627081,49.942173],[8.630825,49.943628],[8.635788,49.944403],[8.640284,49.9439],[8.649862,49.945391],[8.651526,49.944377],[8.655757,49.944121],[8.666017,49.945963],[8.669601,49.950711],[8.673439,49.949908],[8.6745,49.951452],[8.669139,49.952917],[8.662615,49.95189],[8.658663,49.95214],[8.650812,49.954728],[8.646243,49.957369],[8.643361,49.957818],[8.633924,49.961643],[8.630627,49.964753],[8.627518,49.963482],[8.622,49.964354],[8.620113,49.965484],[8.602551,49.965049],[8.603418,49.961841],[8.602021,49.959118],[8.594313,49.959979],[8.597324,49.956916],[8.604888,49.954405],[8.589952,49.955694],[8.582671,49.955671],[8.584031,49.952733],[8.581346,49.952562],[8.583642,49.949092],[8.582609,49.946841],[8.584301,49.944655],[8.578825,49.943501],[8.566075,49.942907],[8.566504,49.933744],[8.569933,49.934117],[8.570852,49.922495],[8.563076,49.921391],[8.557638,49.922802],[8.552748,49.920675],[8.550007,49.920556],[8.5509,49.905818],[8.555395,49.905895],[8.554451,49.899869],[8.559795,49.89969],[8.560042,49.895698],[8.561816,49.895594],[8.56238,49.888583],[8.565825,49.887735],[8.56466,49.882538],[8.552844,49.881985],[8.553255,49.879423],[8.542544,49.877524],[8.53515,49.874539],[8.530605,49.873261],[8.525943,49.873045],[8.521178,49.871734],[8.519754,49.865718],[8.526245,49.858748],[8.527833,49.854374],[8.530225,49.852067],[8.531274,49.846901],[8.536038,49.838388],[8.541077,49.833282],[8.547838,49.825511],[8.549546,49.822214],[8.546003,49.817698],[8.546076,49.811184],[8.545054,49.80933],[8.549041,49.806042],[8.548081,49.800949],[8.545649,49.80105],[8.544418,49.798771],[8.536589,49.795729],[8.537264,49.79253],[8.536759,49.787569],[8.537378,49.785033],[8.535869,49.782283],[8.536378,49.778673],[8.540296,49.778731],[8.549004,49.777169],[8.543386,49.770703],[8.546977,49.766895],[8.560754,49.769775],[8.562409,49.766671],[8.561542,49.765082],[8.554681,49.760376],[8.556047,49.759342],[8.555499,49.753494],[8.556726,49.749295],[8.556464,49.739381],[8.558643,49.738393],[8.558008,49.735583],[8.559656,49.732947],[8.55927,49.728792],[8.561199,49.725072],[8.563039,49.724998],[8.57222,49.726817],[8.574094,49.726045],[8.578048,49.72724],[8.584126,49.726669],[8.589361,49.727962],[8.593906,49.733042],[8.596279,49.734459],[8.602489,49.729505],[8.605953,49.731417],[8.608078,49.733846],[8.616584,49.732566],[8.622241,49.728889],[8.625962,49.728537],[8.63254,49.726818],[8.636517,49.724895],[8.641721,49.727059],[8.646908,49.726653],[8.651728,49.72437],[8.657431,49.727596],[8.661798,49.728799],[8.667819,49.727717],[8.673598,49.725183],[8.677045,49.727574],[8.686188,49.73053],[8.685854,49.732549],[8.682883,49.735335],[8.683654,49.737431],[8.6813,49.739445],[8.681379,49.742839],[8.679834,49.744011],[8.685174,49.747111],[8.68913,49.748245],[8.691137,49.750617],[8.701306,49.754622],[8.701485,49.750282],[8.708002,49.74499],[8.70906,49.743081],[8.715239,49.741253],[8.719667,49.741655],[8.723439,49.74032],[8.725451,49.735888],[8.727513,49.733463],[8.732112,49.731861],[8.733265,49.730349],[8.734098,49.725466],[8.738836,49.72311],[8.742971,49.723525],[8.74588,49.722176],[8.749004,49.72253],[8.756637,49.726364],[8.761906,49.726874],[8.764737,49.728232],[8.770973,49.728861],[8.775984,49.725328],[8.778919,49.726317],[8.785948,49.731193],[8.790352,49.731134],[8.790357,49.736002],[8.797329,49.738294],[8.810486,49.739256],[8.813582,49.740823],[8.820929,49.748662],[8.826904,49.7545],[8.829342,49.754302],[8.831967,49.758273],[8.838289,49.761012],[8.842909,49.764373],[8.84308,49.767444],[8.841629,49.769205],[8.842776,49.772587],[8.845749,49.774187],[8.847285,49.777188],[8.845295,49.778068],[8.84742,49.780511],[8.854093,49.784864],[8.853524,49.787646],[8.854594,49.79002],[8.857474,49.789574],[8.859517,49.791234],[8.865928,49.792738],[8.865155,49.796268],[8.873,49.79733],[8.875537,49.795486],[8.873938,49.792241],[8.874542,49.788407],[8.881804,49.788205],[8.887601,49.790213],[8.889662,49.789298],[8.894501,49.791706],[8.899554,49.791489],[8.898313,49.789141],[8.906599,49.787008],[8.909344,49.788027],[8.917518,49.787161],[8.919647,49.795451],[8.926414,49.799299],[8.930641,49.798262],[8.931682,49.796851],[8.935293,49.796532],[8.938031,49.799483],[8.949339,49.79907],[8.950302,49.79794],[8.946105,49.796185],[8.941473,49.795438],[8.945266,49.792943],[8.950349,49.795631],[8.954026,49.795843],[8.958389,49.79377],[8.960989,49.795461],[8.964398,49.795372],[8.969676,49.798032],[8.969504,49.799286],[8.965532,49.80609],[8.965341,49.810658],[8.967225,49.813777],[8.971355,49.816476],[8.971112,49.81831],[8.973934,49.819644],[8.983993,49.821281],[8.990824,49.820215],[8.994067,49.822549],[8.999473,49.823944],[8.999522,49.825992],[9.002538,49.828404],[9.007752,49.831129],[9.012564,49.834995],[9.011812,49.839034],[9.005693,49.8469],[9.005014,49.855656],[9.014004,49.854352],[9.017981,49.852703],[9.022735,49.852441],[9.028155,49.854491],[9.028674,49.855712],[9.036196,49.850977],[9.036081,49.846504],[9.04077,49.847477],[9.043113,49.850336],[9.042448,49.852875],[9.043705,49.855543],[9.038253,49.857502],[9.033787,49.860444],[9.034301,49.863851],[9.033336,49.866467],[9.036582,49.86728],[9.038312,49.865645],[9.04209,49.866408],[9.05008,49.866315],[9.050453,49.867572],[9.045565,49.869852],[9.044021,49.872632],[9.038429,49.876218],[9.03723,49.879259],[9.037482,49.890606],[9.03555,49.899323],[9.033377,49.899489],[9.031072,49.903951],[9.031878,49.909361],[9.02336,49.910137],[9.026457,49.914405],[9.027329,49.917084],[9.02999,49.920337],[9.032264,49.924689],[9.029434,49.927424],[9.029476,49.931906],[9.02742,49.933913],[9.02589,49.938743],[9.025354,49.945648],[9.019036,49.94705],[9.026372,49.955091],[9.023626,49.960191],[9.02352,49.964785],[9.021755,49.968119],[9.020185,49.974584],[9.020033,49.97855],[9.020725,49.983662],[9.019718,49.98687],[9.015714,49.989023],[9.016088,49.99134]]]}},
{"type":"Feature","id":"DEU:ADM3:DE-HE.gro-gerau","properties":{"shapeName":"Groß-Gerau","shapeISO":"","shapeGroup":"DEU","shapeType":"ADM3","adm1ISO":"DE-HE","parentISO":"DE-HE","parentID":"DEU:ADM1:DE-HE","src_shape_id":"24449704B38174924859568"},"geometry":{"type":"Polygon","coordinates":[[[8.520716,50.061707],[8.511491,50.056983],[8.506083,50.051747],[8.49578,50.047875],[8.481156,50.043069],[8.475317,50.039979],[8.470876,50.035855],[8.46957,50.030468],[8.465438,50.025183],[8.462669,50.023279],[8.453089,50.018995],[8.438652,50.013211],[8.428941,50.009621],[8.424431,50.007055],[8.416131,50.000486],[8.412157,49.998127],[8.407382,49.99687],[8.402161,49.996513],[8.395788,49.997286],[8.37411,50.001808],[8.364647,50.002324],[8.354343,50.000042],[8.346246,49.999342],[8.33064,50.000539],[8.31862,50.001949],[8.315418,50.001674],[8.305042,49.997259],[8.297498,49.994629],[8.288245,49.995134],[8.290215,49.993521],[8.307717,49.984114],[8.322339,49.973592],[8.329441,49.966718],[8.334501,49.960698],[8.342164,49.949041],[8.343031,49.940506],[8.347756,49.930228],[8.353442,49.920019],[8.354723,49.913213],[8.352384,49.90592],[8.345594,49.8977],[8.343556,49.892873],[8.34258,49.888588],[8.342771,49.884397],[8.34401,49.880109],[8.34652,49.874819],[8.352725,49.868807],[8.357524,49.864901],[8.360626,49.863736],[8.370347,49.862775],[8.374561,49.861621],[8.379984,49.858977],[8.38433,49.854549],[8.385383,49.850905],[8.383556,49.844103],[8.378404,49.833251],[8.377737,49.828864],[8.378449,49.82482],[8.382593,49.819039],[8.393506,49.809983],[8.400055,49.803675],[8.408286,49.793524],[8.412072,49.786706],[8.414882,49.775831],[8.41755,49.772462],[8.424146,49.767925],[8.432658,49.765966],[8.443098,49.765723],[8.453691,49.766897],[8.466552,49.769197],[8.471984,49.768889],[8.475694,49.767588],[8.478559,49.765245],[8.47985,49.761765],[8.479379,49.759356],[8.477398,49.757178],[8.460332,49.745756],[8.454174,49.740994],[8.448365,49.733662],[8.454723,49.731328],[8.452351,49.728469],[8.45706,49.728419],[8.458041,49.726249],[8.466572,49.728707],[8.464227,49.73095],[8.470998,49.734645],[8.475066,49.733025],[8.471367,49.729217],[8.47409,49.729201],[8.480292,49.727857],[8.48361,49.725483],[8.494848,49.72292],[8.513228,49.724557],[8.525519,49.724931],[8.528578,49.723442],[8.532833,49.724373],[8.536149,49.723687],[8.540194,49.7175],[8.546519,49.717089],[8.547074,49.7215],[8.548719,49.724039],[8.55562,49.728072],[8.55927,49.728792],[8.559656,49.732947],[8.558008,49.735583],[8.558643,49.738393],[8.556464,49.739381],[8.556726,49.749295],[8.555499,49.753494],[8.556047,49.759342],[8.554681,49.760376],[8.561542,49.765082],[8.562409,49.766671],[8.560754,49.769775],[8.546977,49.766895],[8.543386,49.770703],[8.549004,49.777169],[8.540296,49.778731],[8.536378,49.778673],[8.535869,49.782283],[8.537378,49.785033],[8.536759,49.787569],[8.537264,49.79253],[8.536589,49.795729],[8.544418,49.798771],[8.545649,49.80105],[8.548081,49.800949],[8.549041,49.806042],[8.545054,49.80933],[8.546076,49.811184],[8.546003,49.817698],[8.549546,49.822214],[8.547838,49.825511],[8.541077,49.833282],[8.536038,49.838388],[8.531274,49.846901],[8.530225,49.852067],[8.527833,49.854374],[8.526245,49.858748],[8.519754,49.865718],[8.521178,49.871734],[8.525943,49.873045],[8.530605,49.873261],[8.53515,49.874539],[8.542544,49.877524],[8.553255,49.879423],[8.552844,49.881985],[8.56466,49.882538],[8.565825,49.887735],[8.56238,49.888583],[8.561816,49.895594],[8.560042,49.895698],[8.559795,49.89969],[8.554451,49.899869],[8.555395,49.905895],[8.5509,49.905818],[8.550007,49.920556],[8.552748,49.920675],[8.557638,49.922802],[8.563076,49.921391],[8.570852,49.922495],[8.569933,49.934117],[8.566504,49.933744],[8.566075,49.942907],[8.578825,49.943501],[8.584301,49.944655],[8.582609,49.946841],[8.583642,49.949092],[8.581346,49.952562],[8.584031,49.952733],[8.582671,49.955671],[8.589952,49.955694],[8.604888,49.954405],[8.597324,49.956916],[8.594313,49.959979],[8.602021,49.959118],[8.603418,49.961841],[8.602551,49.965049],[8.620113,49.965484],[8.621265,49.968113],[8.625644,49.968536],[8.630229,49.967972],[8.628352,49.975924],[8.625363,49.979169],[8.622131,49.984291],[8.618324,49.985965],[8.615065,49.989997],[8.609996,49.9934],[8.607762,49.996338],[8.603515,50.013161],[8.601293,50.015988],[8.597041,50.01787],[8.591321,50.017692],[8.581014,50.017294],[8.576182,50.015574],[8.5737,50.020267],[8.569629,50.025546],[8.564427,50.026493],[8.561955,50.025666],[8.541082,50.024338],[8.53182,50.021298],[8.518845,50.020569],[8.51588,50.026989],[8.518484,50.027538],[8.515892,50.032705],[8.518997,50.03464],[8.54113,50.044112],[8.548201,50.04651],[8.5593,50.048851],[8.554896,50.055013],[8.55305,50.056376],[8.552261,50.061979],[8.552951,50.066608],[8.551163,50.069287],[8.544504,50.06902],[8.541524,50.071741],[8.541405,50.075978],[8.538877,50.079607],[8.530968,50.0811],[8.525796,50.08366],[8.522973,50.079944],[8.522651,50.0763],[8.526043,50.06947],[8.526106,50.065553],[8.520716,50.061707]]]}},
{"type":"Feature","id":"DEU:ADM3:DE-HE.hochtaunuskreis","properties":{"shapeName":"Hochtaunuskreis","shapeISO":"","shapeGroup":"DEU","shapeType":"ADM3","adm1ISO":"DE-HE","parentISO":"DE-HE","parentID":"DEU:ADM1:DE-HE","src_shape_id":"24449704B81897632078804"},"geometry":{"type":"Polygon","coordinates":[[[8.711376,50.226257],[8.71193,50.229288],[8.701786,50.22941],[8.696665,50.231616],[8.689494,50.23639],[8.684164,50.23816],[8.690226,50.253151],[8.686054,50.253958],[8.686552,50.255973],[8.682634,50.25709],[8.675957,50.260233],[8.677779,50.262836],[8.673439,50.264342],[8.666162,50.265153],[8.660743,50.267706],[8.658739,50.272576],[8.66082,50.27863],[8.659771,50.279604],[8.662686,50.283358],[8.667006,50.283485],[8.668538,50.287662],[8.663717,50.288271],[8.66033,50.290222],[8.656522,50.289398],[8.65233,50.285964],[8.659294,50.282449],[8.657706,50.281047],[8.651068,50.281624],[8.639689,50.283429],[8.592266,50.2904],[8.599184,50.290964],[8.601373,50.292072],[8.616126,50.296599],[8.617563,50.299314],[8.621522,50.303636],[8.633217,50.310631],[8.634083,50.313854],[8.638435,50.313409],[8.639472,50.316322],[8.636333,50.318557],[8.639228,50.323563],[8.645668,50.322832],[8.649952,50.324339],[8.641656,50.333629],[8.635731,50.331274],[8.632786,50.33533],[8.633333,50.33713],[8.631055,50.340324],[8.626679,50.340361],[8.625722,50.342496],[8.623057,50.344082],[8.623961,50.347157],[8.619806,50.350815],[8.615305,50.350102],[8.613818,50.351419],[8.607289,50.352868],[8.60284,50.35644],[8.600342,50.359414],[8.603168,50.361558],[8.60979,50.363121],[8.612433,50.365599],[8.609806,50.367088],[8.608294,50.370264],[8.609996,50.37266],[8.606719,50.372957],[8.602672,50.371423],[8.599767,50.36898],[8.595357,50.36925],[8.591632,50.36845],[8.590633,50.369847],[8.587112,50.369572],[8.585205,50.373546],[8.579666,50.373408],[8.576562,50.372222],[8.576424,50.368692],[8.571495,50.367676],[8.56975,50.370266],[8.56661,50.371587],[8.561468,50.375794],[8.558623,50.373746],[8.551148,50.371794],[8.545108,50.369505],[8.541799,50.372239],[8.545786,50.376213],[8.545631,50.379027],[8.544091,50.380216],[8.537676,50.381345],[8.536476,50.383102],[8.537073,50.387675],[8.53612,50.391619],[8.530059,50.39247],[8.528326,50.394168],[8.515735,50.398169],[8.514139,50.399351],[8.510428,50.399206],[8.508153,50.396831],[8.502105,50.397127],[8.495904,50.395761],[8.489745,50.400741],[8.489885,50.403422],[8.487868,50.403851],[8.48193,50.402604],[8.481141,50.405348],[8.474228,50.407013],[8.478507,50.409937],[8.476828,50.411969],[8.470223,50.410686],[8.467215,50.415048],[8.458188,50.414979],[8.446463,50.411557],[8.445242,50.410473],[8.446351,50.407404],[8.436927,50.40815],[8.431639,50.407398],[8.425234,50.405597],[8.422005,50.404024],[8.416518,50.403259],[8.408902,50.400646],[8.40538,50.397836],[8.402451,50.397846],[8.401237,50.400434],[8.391995,50.404577],[8.389031,50.400661],[8.388357,50.398101],[8.390616,50.389501],[8.388254,50.385677],[8.382864,50.384057],[8.370074,50.382439],[8.361514,50.379848],[8.357153,50.375655],[8.348716,50.373496],[8.351136,50.371956],[8.349309,50.368335],[8.346118,50.367761],[8.346206,50.365847],[8.352502,50.362701],[8.3544,50.3609],[8.349482,50.358707],[8.345878,50.358022],[8.344411,50.356268],[8.335395,50.356808],[8.338929,50.350024],[8.331414,50.345184],[8.315194,50.340376],[8.3263,50.329218],[8.335133,50.330087],[8.341617,50.328579],[8.345576,50.324996],[8.348367,50.324476],[8.347909,50.32181],[8.350079,50.31925],[8.352414,50.318951],[8.353712,50.315945],[8.358627,50.316809],[8.360702,50.316333],[8.363366,50.312696],[8.361968,50.308644],[8.354077,50.305978],[8.342445,50.306479],[8.337699,50.305471],[8.336076,50.30344],[8.341598,50.2998],[8.3412,50.299011],[8.354557,50.29423],[8.360762,50.296209],[8.371546,50.295774],[8.369375,50.293143],[8.368863,50.288592],[8.378049,50.288033],[8.382138,50.283941],[8.382831,50.281352],[8.386082,50.280575],[8.38958,50.276814],[8.393716,50.27635],[8.395405,50.274716],[8.393666,50.27312],[8.398237,50.271299],[8.401957,50.272028],[8.404225,50.269351],[8.408547,50.268485],[8.40939,50.266565],[8.410799,50.258867],[8.407642,50.258042],[8.406221,50.254901],[8.408501,50.253371],[8.406485,50.250962],[8.398622,50.249303],[8.396649,50.247566],[8.39035,50.247393],[8.381388,50.245117],[8.378378,50.243328],[8.390684,50.239615],[8.396736,50.23546],[8.40182,50.230953],[8.405027,50.229509],[8.407287,50.222862],[8.405661,50.221869],[8.390712,50.218696],[8.373599,50.216058],[8.360297,50.214901],[8.358043,50.210791],[8.35577,50.209578],[8.354042,50.205621],[8.352458,50.20407],[8.354011,50.201516],[8.35997,50.202636],[8.366745,50.202294],[8.366531,50.198024],[8.362523,50.193156],[8.360024,50.192168],[8.358971,50.18968],[8.355431,50.187114],[8.359774,50.185305],[8.36774,50.190512],[8.372846,50.190139],[8.375841,50.189015],[8.378795,50.185992],[8.381741,50.186271],[8.383386,50.184907],[8.39017,50.184618],[8.396087,50.181747],[8.400144,50.18445],[8.401437,50.178704],[8.408575,50.178007],[8.404619,50.181229],[8.415065,50.185929],[8.416295,50.18506],[8.422739,50.188022],[8.428248,50.18579],[8.427264,50.184251],[8.432603,50.17919],[8.433909,50.179457],[8.44137,50.17582],[8.442783,50.173298],[8.443193,50.169363],[8.446321,50.169608],[8.446741,50.16769],[8.452253,50.163711],[8.454395,50.166],[8.455715,50.170155],[8.457898,50.169897],[8.458651,50.167066],[8.463858,50.165259],[8.464946,50.170904],[8.467977,50.17211],[8.475597,50.172848],[8.477467,50.171396],[8.483649,50.169006],[8.486757,50.165679],[8.490704,50.165626],[8.492429,50.164261],[8.49826,50.162572],[8.502667,50.159733],[8.510143,50.159881],[8.509515,50.162795],[8.510577,50.166873],[8.514802,50.168603],[8.519545,50.16728],[8.519351,50.16581],[8.524135,50.16367],[8.528517,50.166094],[8.532578,50.164481],[8.536551,50.164639],[8.533133,50.169315],[8.537214,50.169574],[8.540709,50.172136],[8.542304,50.171875],[8.544821,50.174709],[8.547477,50.17488],[8.548806,50.171545],[8.553474,50.166054],[8.557399,50.167047],[8.56057,50.166615],[8.564565,50.162452],[8.567127,50.158752],[8.571436,50.155476],[8.575598,50.158183],[8.584029,50.160429],[8.589534,50.158568],[8.590239,50.159545],[8.588675,50.168429],[8.591971,50.167296],[8.596721,50.173207],[8.602213,50.171498],[8.604692,50.173996],[8.608709,50.175863],[8.604855,50.178994],[8.603865,50.180976],[8.60831,50.182661],[8.61537,50.184199],[8.61996,50.188253],[8.635817,50.197431],[8.638575,50.201441],[8.641269,50.20067],[8.644077,50.202002],[8.653202,50.208646],[8.661002,50.208847],[8.668904,50.216991],[8.672459,50.217201],[8.681769,50.212552],[8.685414,50.215148],[8.686881,50.21383],[8.693991,50.216796],[8.695431,50.216197],[8.700385,50.217958],[8.701457,50.217066],[8.710882,50.222272],[8.711376,50.226257]]]}},
{"type":"Feature","id":"DEU:ADM3:DE-HE.main-kinzig-kreis","properties":{"shapeName":"Main-Kinzig-Kreis","shapeISO":"","shapeGroup":"DEU","shapeType":"ADM3","adm1ISO":"DE-HE","parentISO":"DE-HE","parentID":"DEU:ADM1:DE-HE","src_shape_id":"24449704B35488823473674"},"geometry":{"type":"Polygon","coordinates":[[[9.404985,50.087735],[9.413111,50.08406],[9.416102,50.083896],[9.423585,50.085611],[9.429396,50.08496],[9.43594,50.085031],[9.439027,50.08703],[9.44204,50.087391],[9.444989,50.089973],[9.451089,50.090525],[9.459746,50.089902],[9.462279,50.091113],[9.472177,50.092597],[9.478172,50.094774],[9.484132,50.095448],[9.488071,50.094313],[9.497589,50.095315],[9.499968,50.097252],[9.50892,50.094631],[9.512464,50.094356],[9.513971,50.097221],[9.51268,50.099432],[9.519177,50.10585],[9.51804,50.108747],[9.519259,50.114039],[9.51301,50.123847],[9.510007,50.131559],[9.508224,50.139138],[9.507571,50.145557],[9.510234,50.148127],[9.518059,50.148914],[9.521804,50.149972],[9.524354,50.153323],[9.531202,50.16085],[9.528152,50.168139],[9.524467,50.167443],[9.516978,50.167522],[9.505056,50.169264],[9.498105,50.175544],[9.498247,50.177222],[9.501193,50.182313],[9.500916,50.189853],[9.501479,50.193048],[9.508123,50.195331],[9.513085,50.193997],[9.515581,50.195269],[9.516205,50.199612],[9.510578,50.201873],[9.507129,50.207129],[9.503626,50.208584],[9.502065,50.212305],[9.505336,50.214509],[9.501215,50.222364],[9.497282,50.223959],[9.49477,50.226672],[9.497184,50.231228],[9.497958,50.234385],[9.501507,50.238375],[9.498681,50.23997],[9.501175,50.243474],[9.502738,50.243191],[9.507563,50.239273],[9.510027,50.236217],[9.514378,50.234077],[9.518347,50.233481],[9.533491,50.234492],[9.537199,50.232219],[9.537535,50.227417],[9.54203,50.224342],[9.545337,50.224936],[9.550481,50.228207],[9.556282,50.228473],[9.567012,50.231296],[9.576319,50.232389],[9.580086,50.226984],[9.580377,50.223594],[9.582899,50.221528],[9.586232,50.223263],[9.591616,50.223306],[9.59428,50.224819],[9.596173,50.222658],[9.604406,50.221904],[9.609625,50.224041],[9.614968,50.224829],[9.615246,50.222726],[9.620027,50.222798],[9.622701,50.223809],[9.623151,50.22904],[9.624487,50.230364],[9.631535,50.232316],[9.635816,50.235228],[9.646917,50.234969],[9.653727,50.23232],[9.663619,50.233733],[9.668176,50.239435],[9.663542,50.241515],[9.652961,50.244489],[9.649549,50.246155],[9.639013,50.248362],[9.636824,50.25145],[9.638854,50.253229],[9.643451,50.255117],[9.64196,50.256852],[9.645194,50.258407],[9.646524,50.261245],[9.648465,50.262373],[9.648437,50.265522],[9.653958,50.271013],[9.65584,50.271747],[9.662804,50.270934],[9.673189,50.27442],[9.680958,50.278156],[9.683126,50.27861],[9.690407,50.277619],[9.69603,50.27945],[9.703422,50.280752],[9.708402,50.286914],[9.713153,50.291734],[9.717801,50.292612],[9.719656,50.29509],[9.724862,50.294585],[9.730032,50.296248],[9.730343,50.297852],[9.735171,50.299528],[9.735849,50.301344],[9.73913,50.30259],[9.739575,50.306318],[9.743554,50.307901],[9.747467,50.313549],[9.7463,50.316743],[9.744427,50.3176],[9.7442,50.321042],[9.7469,50.321713],[9.748897,50.325154],[9.744427,50.328382],[9.744292,50.331238],[9.74603,50.334192],[9.746069,50.337363],[9.747436,50.3412],[9.744945,50.343441],[9.739901,50.349699],[9.733215,50.351787],[9.732914,50.35615],[9.722497,50.36006],[9.719575,50.359143],[9.717519,50.360329],[9.708556,50.359965],[9.701708,50.360478],[9.699229,50.359283],[9.690742,50.360766],[9.689371,50.361486],[9.686491,50.365729],[9.683363,50.368851],[9.682024,50.372945],[9.674893,50.372018],[9.670174,50.372803],[9.663619,50.375642],[9.651177,50.376333],[9.637239,50.381358],[9.631984,50.382495],[9.627584,50.385575],[9.628181,50.386477],[9.622209,50.390481],[9.615991,50.390258],[9.6129,50.393726],[9.605648,50.391663],[9.600684,50.391417],[9.597863,50.389524],[9.591418,50.388726],[9.58754,50.387424],[9.581863,50.386464],[9.577853,50.387038],[9.574306,50.385356],[9.565818,50.385767],[9.562045,50.384911],[9.563623,50.383281],[9.560827,50.381291],[9.555656,50.381599],[9.549232,50.38403],[9.546164,50.386812],[9.541784,50.387389],[9.53561,50.391806],[9.533144,50.394424],[9.530116,50.394506],[9.520393,50.397708],[9.519428,50.399428],[9.511641,50.402195],[9.509707,50.40441],[9.502135,50.408424],[9.49205,50.412365],[9.488554,50.412523],[9.487256,50.41396],[9.486757,50.418797],[9.484129,50.428294],[9.48486,50.435562],[9.482003,50.437362],[9.481477,50.439528],[9.479113,50.440686],[9.473632,50.442617],[9.469223,50.439352],[9.466693,50.440341],[9.463928,50.437913],[9.463641,50.436255],[9.45368,50.431792],[9.454307,50.428342],[9.451441,50.426093],[9.446808,50.425412],[9.444585,50.428397],[9.436433,50.430836],[9.441085,50.422435],[9.439045,50.417782],[9.435733,50.413271],[9.437946,50.409916],[9.434306,50.407129],[9.429343,50.406737],[9.418501,50.403751],[9.41208,50.404365],[9.400898,50.396061],[9.399347,50.391693],[9.39734,50.38989],[9.386695,50.39067],[9.381225,50.391606],[9.376752,50.395009],[9.369127,50.395403],[9.364922,50.394074],[9.365729,50.389196],[9.364524,50.386181],[9.356631,50.385474],[9.349258,50.385486],[9.348794,50.387996],[9.34694,50.38972],[9.351902,50.392484],[9.34596,50.396053],[9.339967,50.40079],[9.344,50.402802],[9.342945,50.40505],[9.348461,50.406905],[9.350219,50.411691],[9.353215,50.414834],[9.34969,50.416861],[9.350753,50.419697],[9.3533,50.419794],[9.360914,50.417719],[9.358575,50.421232],[9.354965,50.420837],[9.357045,50.426989],[9.354312,50.432824],[9.353777,50.436068],[9.346046,50.442758],[9.340682,50.445422],[9.339917,50.449572],[9.335956,50.451862],[9.327913,50.45224],[9.321074,50.454042],[9.316658,50.454239],[9.310347,50.456856],[9.303123,50.458935],[9.297537,50.463436],[9.288878,50.461815],[9.288886,50.45935],[9.284791,50.456739],[9.28501,50.453316],[9.290789,50.45002],[9.288048,50.444844],[9.286735,50.437298],[9.285472,50.430005],[9.290446,50.421764],[9.285678,50.421676],[9.282328,50.417058],[9.273723,50.416508],[9.273185,50.41284],[9.268531,50.412043],[9.26631,50.410795],[9.265352,50.405458],[9.259581,50.397918],[9.261872,50.39493],[9.25706,50.391687],[9.265712,50.388378],[9.262356,50.38434],[9.259186,50.384622],[9.255564,50.381101],[9.251745,50.374922],[9.259139,50.373067],[9.26128,50.374053],[9.270011,50.372678],[9.272782,50.371666],[9.270806,50.367604],[9.275002,50.364248],[9.276203,50.361849],[9.272089,50.360509],[9.267107,50.362741],[9.257109,50.360801],[9.258797,50.356082],[9.25749,50.353999],[9.256478,50.347077],[9.253906,50.344617],[9.253977,50.343038],[9.25742,50.341229],[9.260105,50.341771],[9.26549,50.340731],[9.268376,50.338449],[9.268343,50.334886],[9.269352,50.332845],[9.265703,50.328315],[9.263862,50.33203],[9.257984,50.333237],[9.250048,50.332341],[9.240555,50.329869],[9.236244,50.330191],[9.230888,50.333848],[9.225486,50.332411],[9.221919,50.328646],[9.213569,50.322965],[9.213804,50.320529],[9.205347,50.316798],[9.208603,50.314432],[9.216627,50.31445],[9.216394,50.308553],[9.212546,50.303849],[9.21124,50.301251],[9.210303,50.295894],[9.206115,50.291419],[9.208196,50.288704],[9.208391,50.285659],[9.205849,50.284844],[9.20133,50.281627],[9.195288,50.281106],[9.194349,50.280119],[9.189051,50.279582],[9.183095,50.282633],[9.176173,50.27903],[9.174332,50.277104],[9.173938,50.272623],[9.169008,50.271397],[9.159796,50.264504],[9.161137,50.258329],[9.163812,50.255075],[9.158226,50.251132],[9.149989,50.24766],[9.143635,50.249979],[9.13508,50.250231],[9.134239,50.251054],[9.127799,50.250334],[9.125256,50.252209],[9.121065,50.251024],[9.113416,50.245766],[9.10937,50.249227],[9.099519,50.245885],[9.092509,50.244728],[9.082592,50.24646],[9.080092,50.245133],[9.066421,50.24307],[9.063295,50.245114],[9.058852,50.244463],[9.055022,50.247004],[9.059224,50.24923],[9.057806,50.250075],[9.048577,50.248292],[9.045129,50.247236],[9.03967,50.248149],[9.037389,50.24687],[9.039523,50.243891],[9.0352,50.242382],[9.034904,50.238823],[9.026397,50.236239],[9.024857,50.233439],[9.026281,50.230532],[9.024349,50.22995],[9.019382,50.231298],[9.015507,50.23423],[9.017056,50.235669],[9.023297,50.237973],[9.019567,50.240156],[9.016655,50.239074],[9.011815,50.240658],[9.010306,50.237507],[9.006076,50.236822],[9.002447,50.237108],[9.000949,50.239112],[9.004266,50.242203],[9.008331,50.243994],[8.999558,50.248967],[8.995354,50.253601],[8.987177,50.251234],[8.98747,50.246028],[8.973954,50.243744],[8.971554,50.24676],[8.968199,50.244858],[8.957126,50.247378],[8.960861,50.252109],[8.962682,50.253235],[8.960623,50.255142],[8.956787,50.255608],[8.953114,50.258447],[8.953138,50.262086],[8.947698,50.264773],[8.943303,50.266031],[8.938921,50.264843],[8.936115,50.262249],[8.932007,50.262066],[8.92672,50.263423],[8.924092,50.265649],[8.924038,50.267256],[8.921201,50.271562],[8.918525,50.273788],[8.911443,50.276579],[8.904605,50.276961],[8.900849,50.275909],[8.896941,50.27311],[8.893604,50.274629],[8.886248,50.272501],[8.882497,50.273357],[8.867668,50.281076],[8.861144,50.278868],[8.85652,50.277929],[8.851363,50.275779],[8.84646,50.27467],[8.844868,50.270436],[8.84703,50.268037],[8.85556,50.26503],[8.856011,50.263798],[8.850777,50.260508],[8.85595,50.254915],[8.853107,50.253351],[8.855625,50.250861],[8.85225,50.249195],[8.844487,50.246896],[8.840871,50.241183],[8.837817,50.241022],[8.837563,50.238687],[8.832945,50.238728],[8.829702,50.237169],[8.828685,50.234985],[8.822498,50.235363],[8.822966,50.237601],[8.81681,50.237871],[8.816599,50.235528],[8.811758,50.235538],[8.810208,50.237288],[8.804372,50.22931],[8.811365,50.22808],[8.816847,50.215615],[8.822101,50.205505],[8.826292,50.201615],[8.821749,50.199236],[8.816658,50.1989],[8.813756,50.196317],[8.808759,50.197447],[8.799512,50.198763],[8.790824,50.196776],[8.789526,50.1947],[8.790241,50.190049],[8.793776,50.189994],[8.79317,50.184243],[8.78994,50.179785],[8.789865,50.176049],[8.79429,50.172668],[8.796352,50.174552],[8.79951,50.173231],[8.800135,50.169506],[8.797698,50.167517],[8.794967,50.167089],[8.794176,50.163009],[8.790636,50.163658],[8.790568,50.158755],[8.783568,50.158441],[8.782509,50.155608],[8.78215,50.142742],[8.780629,50.140581],[8.780646,50.136735],[8.788053,50.137134],[8.798612,50.135167],[8.806619,50.134053],[8.817965,50.13351],[8.821832,50.133053],[8.836813,50.129861],[8.845455,50.129348],[8.859605,50.126169],[8.886577,50.124858],[8.886395,50.122652],[8.884066,50.113791],[8.881105,50.110347],[8.878863,50.101451],[8.875173,50.099311],[8.874153,50.095219],[8.87993,50.093187],[8.881464,50.093316],[8.882693,50.086854],[8.881402,50.085729],[8.884179,50.083869],[8.88312,50.081731],[8.884897,50.080046],[8.889972,50.078535],[8.895947,50.07752],[8.901649,50.077213],[8.90364,50.075828],[8.908874,50.075289],[8.915229,50.078005],[8.917428,50.080429],[8.913524,50.085487],[8.916486,50.086277],[8.926656,50.086784],[8.93482,50.086077],[8.934888,50.087401],[8.939476,50.088256],[8.938632,50.089648],[8.943655,50.090464],[8.944215,50.083632],[8.948201,50.080248],[8.954657,50.07912],[8.973609,50.079346],[8.98543,50.076266],[8.98972,50.073722],[8.991248,50.071412],[8.99056,50.067119],[8.993741,50.066459],[8.995694,50.068339],[8.999283,50.069367],[8.998529,50.077325],[8.998783,50.081204],[8.998264,50.087811],[8.997391,50.09158],[9.000087,50.094719],[9.003095,50.095883],[9.00968,50.104131],[9.014272,50.10897],[9.018261,50.111604],[9.030079,50.112711],[9.037018,50.114372],[9.046706,50.115857],[9.053038,50.115649],[9.056295,50.116671],[9.06534,50.117028],[9.071327,50.119438],[9.077269,50.115926],[9.085353,50.117017],[9.089306,50.116804],[9.092655,50.120155],[9.094697,50.120237],[9.09823,50.126417],[9.108181,50.126008],[9.117457,50.126624],[9.121519,50.126061],[9.125794,50.123467],[9.138793,50.117269],[9.139074,50.116274],[9.144958,50.114112],[9.153609,50.117931],[9.153913,50.11465],[9.15641,50.111952],[9.154371,50.107393],[9.149993,50.104876],[9.143367,50.096983],[9.145826,50.095907],[9.148868,50.092746],[9.152971,50.092691],[9.155591,50.094998],[9.159396,50.095432],[9.162546,50.098186],[9.158747,50.100128],[9.166707,50.108913],[9.172291,50.113097],[9.174963,50.114199],[9.173052,50.116313],[9.174559,50.11948],[9.176929,50.119796],[9.183053,50.123052],[9.189897,50.126073],[9.191725,50.128317],[9.189982,50.13159],[9.186856,50.133255],[9.183269,50.137902],[9.194003,50.138583],[9.197669,50.140695],[9.201259,50.141014],[9.205852,50.142533],[9.209861,50.142885],[9.211496,50.146601],[9.219024,50.146812],[9.221866,50.149417],[9.226966,50.147269],[9.235982,50.146281],[9.241031,50.143513],[9.250662,50.140761],[9.25256,50.13948],[9.260355,50.138539],[9.267756,50.139861],[9.270282,50.141768],[9.273927,50.142662],[9.279443,50.141758],[9.285897,50.141665],[9.293823,50.139418],[9.297941,50.137176],[9.302793,50.13576],[9.307612,50.133408],[9.315396,50.13563],[9.32317,50.140543],[9.327428,50.14106],[9.33178,50.139425],[9.336155,50.136878],[9.339825,50.132272],[9.341584,50.131282],[9.350936,50.130675],[9.360625,50.131159],[9.365702,50.130795],[9.369242,50.131442],[9.373621,50.130964],[9.375639,50.129661],[9.3758,50.125865],[9.382746,50.119175],[9.384879,50.115921],[9.386514,50.110652],[9.392568,50.10254],[9.394463,50.097486],[9.400315,50.091262],[9.404985,50.087735]]]}},
{"type":"Feature","id":"DEU:ADM3:DE-HE.main-taunus-kreis","properties":{"shapeName":"Main-Taunus-Kreis","shapeISO":"","shapeGroup":"DEU","shapeType":"ADM3","adm1ISO":"DE-HE","parentISO":"DE-HE","parentID":"DEU:ADM1:DE-HE","src_shape_id":"24449704B39620931960474"},"geometry":{"type":"Polygon","coordinates":[[[8.590239,50.159545],[8.589534,50.158568],[8.584029,50.160429],[8.575598,50.158183],[8.571436,50.155476],[8.567127,50.158752],[8.564565,50.162452],[8.56057,50.166615],[8.557399,50.167047],[8.553474,50.166054],[8.548806,50.171545],[8.547477,50.17488],[8.544821,50.174709],[8.542304,50.171875],[8.540709,50.172136],[8.537214,50.169574],[8.533133,50.169315],[8.536551,50.164639],[8.532578,50.164481],[8.528517,50.166094],[8.524135,50.16367],[8.519351,50.16581],[8.519545,50.16728],[8.514802,50.168603],[8.510577,50.166873],[8.509515,50.162795],[8.510143,50.159881],[8.502667,50.159733],[8.49826,50.162572],[8.492429,50.164261],[8.490704,50.165626],[8.486757,50.165679],[8.483649,50.169006],[8.477467,50.171396],[8.475597,50.172848],[8.467977,50.17211],[8.464946,50.170904],[8.463858,50.165259],[8.458651,50.167066],[8.457898,50.169897],[8.455715,50.170155],[8.454395,50.166],[8.452253,50.163711],[8.446741,50.16769],[8.446321,50.169608],[8.443193,50.169363],[8.442783,50.173298],[8.44137,50.17582],[8.433909,50.179457],[8.432603,50.17919],[8.427264,50.184251],[8.428248,50.18579],[8.422739,50.188022],[8.416295,50.18506],[8.415065,50.185929],[8.404619,50.181229],[8.408575,50.178007],[8.401437,50.178704],[8.400144,50.18445],[8.396087,50.181747],[8.39017,50.184618],[8.383386,50.184907],[8.381741,50.186271],[8.378795,50.185992],[8.375841,50.189015],[8.372846,50.190139],[8.36774,50.190512],[8.359774,50.185305],[8.355431,50.187114],[8.358971,50.18968],[8.360024,50.192168],[8.362523,50.193156],[8.366531,50.198024],[8.366745,50.202294],[8.35997,50.202636],[8.354011,50.201516],[8.353476,50.197726],[8.354381,50.194484],[8.352624,50.193344],[8.352732,50.190961],[8.349452,50.190638],[8.342205,50.192446],[8.337069,50.191611],[8.341427,50.187688],[8.346183,50.187606],[8.352044,50.189139],[8.354562,50.1868],[8.359565,50.184356],[8.35774,50.182251],[8.352219,50.18222],[8.351597,50.179577],[8.344623,50.176343],[8.34687,50.172551],[8.351385,50.169738],[8.358208,50.170397],[8.360903,50.169385],[8.364219,50.163911],[8.368716,50.162946],[8.363811,50.160735],[8.364503,50.157643],[8.37061,50.159224],[8.369519,50.155774],[8.359265,50.156663],[8.356203,50.159297],[8.350337,50.161041],[8.346967,50.160679],[8.344696,50.158445],[8.34281,50.158829],[8.338715,50.157203],[8.338912,50.152896],[8.334871,50.151523],[8.331695,50.148042],[8.327267,50.145731],[8.321202,50.1426],[8.316892,50.139641],[8.318213,50.137564],[8.324228,50.137747],[8.323627,50.135296],[8.326594,50.130465],[8.330084,50.131297],[8.335664,50.129535],[8.336924,50.128229],[8.343931,50.12857],[8.345231,50.130773],[8.350079,50.128551],[8.348633,50.125247],[8.344692,50.122023],[8.344326,50.119442],[8.352026,50.108059],[8.35357,50.10485],[8.355543,50.104108],[8.360539,50.105832],[8.362041,50.102097],[8.362661,50.098203],[8.370442,50.10054],[8.372849,50.100537],[8.375455,50.102607],[8.380409,50.102285],[8.377431,50.096937],[8.381395,50.093086],[8.379629,50.091613],[8.379973,50.088374],[8.382488,50.084763],[8.385857,50.08217],[8.386065,50.080227],[8.384208,50.077063],[8.374945,50.06746],[8.371818,50.066815],[8.365571,50.070377],[8.365052,50.071414],[8.354838,50.06629],[8.356329,50.06486],[8.355042,50.062025],[8.360371,50.059274],[8.358597,50.058008],[8.362897,50.05411],[8.359475,50.053127],[8.361482,50.051086],[8.366079,50.049995],[8.373045,50.051526],[8.380178,50.046357],[8.365029,50.040315],[8.369181,50.038754],[8.360226,50.034654],[8.35288,50.033021],[8.352249,50.034297],[8.336967,50.02886],[8.332287,50.026428],[8.333167,50.024674],[8.336266,50.022905],[8.333956,50.019945],[8.33418,50.016889],[8.331539,50.016911],[8.33237,50.011797],[8.332621,50.005667],[8.33064,50.000539],[8.346246,49.999342],[8.354343,50.000042],[8.364647,50.002324],[8.37411,50.001808],[8.395788,49.997286],[8.402161,49.996513],[8.407382,49.99687],[8.412157,49.998127],[8.416131,50.000486],[8.424431,50.007055],[8.428941,50.009621],[8.438652,50.013211],[8.453089,50.018995],[8.462669,50.023279],[8.465438,50.025183],[8.46957,50.030468],[8.470876,50.035855],[8.475317,50.039979],[8.481156,50.043069],[8.49578,50.047875],[8.506083,50.051747],[8.511491,50.056983],[8.520716,50.061707],[8.517613,50.065019],[8.510973,50.067913],[8.506588,50.072829],[8.50135,50.075692],[8.501735,50.081429],[8.499039,50.082012],[8.495112,50.084572],[8.490299,50.084919],[8.488563,50.088255],[8.481829,50.091543],[8.478729,50.094139],[8.478535,50.096376],[8.473463,50.098501],[8.472633,50.099908],[8.475652,50.101285],[8.480998,50.105213],[8.475977,50.108752],[8.479474,50.110416],[8.48766,50.1075],[8.496084,50.105875],[8.508088,50.116579],[8.512516,50.117476],[8.51164,50.119332],[8.51366,50.121897],[8.5219,50.120338],[8.525401,50.117627],[8.530542,50.11587],[8.557292,50.127084],[8.565362,50.131037],[8.572974,50.132533],[8.577388,50.133871],[8.591172,50.140624],[8.600767,50.15729],[8.59697,50.15801],[8.59128,50.160312],[8.590239,50.159545]]]}},
{"type":"Feature","id":"DEU:ADM3:DE-HE.odenwaldkreis","properties":{"shapeName":"Odenwaldkreis","shapeISO":"","shapeGroup":"DEU","shapeType":"ADM3","adm1ISO":"DE-HE","parentISO":"DE-HE","parentID":"DEU:ADM1:DE-HE","src_shape_id":"24449704B65785150095676"},"geometry":{"type":"Polygon","coordinates":[[[9.08819,49.54874],[9.085549,49.55377],[9.082881,49.554915],[9.081994,49.557047],[9.076295,49.560909],[9.072206,49.565249],[9.073605,49.571862],[9.073074,49.574941],[9.078043,49.574804],[9.081169,49.56959],[9.080989,49.564945],[9.082632,49.561789],[9.089162,49.5608],[9.092314,49.561334],[9.098931,49.560554],[9.100057,49.563347],[9.100377,49.572268],[9.103006,49.577456],[9.102644,49.57931],[9.097342,49.584815],[9.091518,49.588599],[9.088813,49.592422],[9.087156,49.59643],[9.08299,49.601987],[9.073833,49.600783],[9.068566,49.602305],[9.06614,49.604045],[9.068475,49.608246],[9.068301,49.611129],[9.064975,49.61665],[9.06586,49.619659],[9.070352,49.623648],[9.073265,49.624459],[9.08011,49.629476],[9.08065,49.632272],[9.085872,49.636053],[9.091551,49.635152],[9.101144,49.641111],[9.102012,49.64221],[9.09917,49.646521],[9.100704,49.649033],[9.099544,49.653139],[9.102957,49.657752],[9.103419,49.660431],[9.099347,49.661884],[9.097679,49.663965],[9.08886,49.669023],[9.088631,49.675003],[9.089664,49.676791],[9.088174,49.68379],[9.088071,49.689592],[9.089638,49.693346],[9.094211,49.695868],[9.099645,49.695989],[9.11342,49.697877],[9.119121,49.697952],[9.126109,49.69998],[9.12813,49.702987],[9.127156,49.706616],[9.125335,49.706526],[9.122515,49.71198],[9.122543,49.714842],[9.130125,49.714682],[9.134014,49.716188],[9.135203,49.717745],[9.1363,49.724043],[9.141124,49.729501],[9.142405,49.734059],[9.144458,49.737797],[9.148369,49.741275],[9.14834,49.743262],[9.143205,49.745118],[9.144929,49.747602],[9.13188,49.753611],[9.12434,49.755976],[9.112294,49.756594],[9.106914,49.758661],[9.111034,49.766459],[9.113576,49.767894],[9.111847,49.769546],[9.113365,49.773731],[9.117876,49.773876],[9.119696,49.775467],[9.123398,49.776571],[9.127235,49.776482],[9.130784,49.779744],[9.133454,49.780997],[9.134491,49.783295],[9.12908,49.787689],[9.129988,49.790418],[9.128903,49.795834],[9.10814,49.79798],[9.103956,49.79514],[9.096701,49.79227],[9.094161,49.790124],[9.09088,49.790655],[9.090357,49.795948],[9.087345,49.798734],[9.087711,49.800786],[9.08678,49.805375],[9.084914,49.808723],[9.081881,49.811256],[9.08092,49.813873],[9.07835,49.815669],[9.076993,49.818223],[9.081617,49.824063],[9.086665,49.826438],[9.082824,49.832953],[9.077533,49.834612],[9.081029,49.83833],[9.090088,49.840968],[9.084731,49.847506],[9.080754,49.843659],[9.077255,49.84194],[9.074406,49.838247],[9.071284,49.836294],[9.070214,49.833251],[9.063957,49.831759],[9.058047,49.832594],[9.056228,49.834618],[9.059239,49.838742],[9.058408,49.841388],[9.05387,49.8391],[9.054797,49.842955],[9.060661,49.845063],[9.059516,49.847028],[9.053138,49.845804],[9.049192,49.842415],[9.045439,49.842268],[9.043228,49.844058],[9.041443,49.840084],[9.037652,49.842564],[9.036081,49.846504],[9.036196,49.850977],[9.028674,49.855712],[9.028155,49.854491],[9.022735,49.852441],[9.017981,49.852703],[9.014004,49.854352],[9.005014,49.855656],[9.005693,49.8469],[9.011812,49.839034],[9.012564,49.834995],[9.007752,49.831129],[9.002538,49.828404],[8.999522,49.825992],[8.999473,49.823944],[8.994067,49.822549],[8.990824,49.820215],[8.983993,49.821281],[8.973934,49.819644],[8.971112,49.81831],[8.971355,49.816476],[8.967225,49.813777],[8.965341,49.810658],[8.965532,49.80609],[8.969504,49.799286],[8.969676,49.798032],[8.964398,49.795372],[8.960989,49.795461],[8.958389,49.79377],[8.954026,49.795843],[8.950349,49.795631],[8.945266,49.792943],[8.941473,49.795438],[8.946105,49.796185],[8.950302,49.79794],[8.949339,49.79907],[8.938031,49.799483],[8.935293,49.796532],[8.931682,49.796851],[8.930641,49.798262],[8.926414,49.799299],[8.919647,49.795451],[8.917518,49.787161],[8.909344,49.788027],[8.906599,49.787008],[8.898313,49.789141],[8.899554,49.791489],[8.894501,49.791706],[8.889662,49.789298],[8.887601,49.790213],[8.881804,49.788205],[8.874542,49.788407],[8.873938,49.792241],[8.875537,49.795486],[8.873,49.79733],[8.865155,49.796268],[8.865928,49.792738],[8.859517,49.791234],[8.857474,49.789574],[8.854594,49.79002],[8.853524,49.787646],[8.854093,49.784864],[8.84742,49.780511],[8.845295,49.778068],[8.847285,49.777188],[8.845749,49.774187],[8.842776,49.772587],[8.841629,49.769205],[8.84308,49.767444],[8.842909,49.764373],[8.838289,49.761012],[8.831967,49.758273],[8.829342,49.754302],[8.826904,49.7545],[8.820929,49.748662],[8.813582,49.740823],[8.810486,49.739256],[8.797329,49.738294],[8.797509,49.731296],[8.79486,49.730851],[8.790553,49.727078],[8.786319,49.725134],[8.790573,49.716433],[8.79314,49.715302],[8.800708,49.708963],[8.804209,49.708827],[8.806871,49.707337],[8.799701,49.703333],[8.800098,49.700774],[8.799293,49.696479],[8.797652,49.695059],[8.784448,49.693438],[8.787239,49.691042],[8.795621,49.688603],[8.794563,49.684844],[8.805648,49.682023],[8.810768,49.681541],[8.814953,49.679678],[8.818797,49.676072],[8.825029,49.674707],[8.82883,49.674664],[8.831476,49.673173],[8.832681,49.667261],[8.834575,49.666218],[8.834963,49.663425],[8.837989,49.661775],[8.84489,49.659809],[8.853442,49.66104],[8.862118,49.655452],[8.86877,49.657105],[8.87126,49.659291],[8.874826,49.658371],[8.881165,49.659469],[8.884465,49.659436],[8.886528,49.657467],[8.886738,49.654519],[8.884197,49.65129],[8.882566,49.650842],[8.873265,49.650821],[8.865096,49.646532],[8.864156,49.642083],[8.868582,49.640716],[8.87243,49.637982],[8.876393,49.637166],[8.877887,49.635519],[8.879833,49.630032],[8.884727,49.621978],[8.880598,49.62009],[8.875749,49.616992],[8.876158,49.614315],[8.880719,49.612959],[8.888367,49.609163],[8.888828,49.606578],[8.87323,49.606786],[8.878865,49.604339],[8.88301,49.598459],[8.882961,49.5909],[8.882307,49.588965],[8.884321,49.584656],[8.884886,49.579823],[8.887439,49.577178],[8.885206,49.574051],[8.880869,49.569703],[8.880409,49.568149],[8.883437,49.566602],[8.882054,49.56454],[8.884327,49.562368],[8.882472,49.559552],[8.882715,49.556856],[8.888811,49.55248],[8.889589,49.547425],[8.887783,49.543989],[8.889441,49.540728],[8.892721,49.539425],[8.891725,49.532023],[8.893741,49.529696],[8.902649,49.527137],[8.9053,49.525289],[8.910865,49.523089],[8.909687,49.520706],[8.90596,49.516164],[8.905263,49.513774],[8.903167,49.512197],[8.899573,49.503656],[8.899091,49.500716],[8.896832,49.497606],[8.899759,49.494372],[8.898562,49.490513],[8.899887,49.487626],[8.899355,49.48455],[8.904589,49.485794],[8.911282,49.485132],[8.915463,49.482339],[8.926573,49.477495],[8.929812,49.475224],[8.930152,49.472631],[8.93188,49.470637],[8.934701,49.47262],[8.934567,49.476703],[8.93958,49.480929],[8.939787,49.483487],[8.943478,49.485753],[8.948377,49.484792],[8.952325,49.484839],[8.9506,49.487793],[8.951992,49.491727],[8.955224,49.493004],[8.957727,49.495485],[8.95411,49.500142],[8.951222,49.502712],[8.951832,49.505626],[8.963496,49.501483],[8.968003,49.5016],[8.977472,49.503415],[8.977766,49.507962],[8.979175,49.50918],[8.985834,49.51033],[8.987577,49.505694],[8.992256,49.503385],[8.997769,49.504897],[9.005084,49.504184],[9.008168,49.502339],[9.01218,49.502668],[9.013714,49.500737],[9.012508,49.499083],[9.016028,49.497777],[9.030166,49.498267],[9.040757,49.499069],[9.042551,49.501589],[9.042182,49.506514],[9.047406,49.510456],[9.049575,49.51365],[9.049399,49.518266],[9.051486,49.520602],[9.055514,49.521649],[9.064951,49.529606],[9.069716,49.526949],[9.078858,49.524941],[9.083904,49.526291],[9.088659,49.525523],[9.099554,49.526189],[9.101623,49.519737],[9.104961,49.517565],[9.106152,49.515105],[9.10497,49.511095],[9.107589,49.509895],[9.117347,49.512678],[9.11953,49.51221],[9.123867,49.516114],[9.126414,49.516946],[9.123745,49.518938],[9.12646,49.521607],[9.11775,49.527931],[9.115165,49.531259],[9.114952,49.533856],[9.108711,49.536536],[9.105231,49.535833],[9.104487,49.538118],[9.099619,49.538592],[9.096213,49.540978],[9.0932,49.541912],[9.088499,49.542024],[9.08725,49.544535],[9.08819,49.54874]]]}},
{"type":"Feature","id":"DEU:ADM3:DE-HE.offenbach-landkreis","properties":{"shapeName":"Offenbach, Landkreis","shapeISO":"","shapeGroup":"DEU","shapeType":"ADM3","adm1ISO":"DE-HE","parentISO":"DE-HE","parentID":"DEU:ADM1:DE-HE","src_shape_id":"24449704B89007621147061"},"geometry":{"type":"Polygon","coordinates":[[[8.99056,50.067119],[8.991248,50.071412],[8.98972,50.073722],[8.98543,50.076266],[8.973609,50.079346],[8.954657,50.07912],[8.948201,50.080248],[8.944215,50.083632],[8.943655,50.090464],[8.938632,50.089648],[8.939476,50.088256],[8.934888,50.087401],[8.93482,50.086077],[8.926656,50.086784],[8.916486,50.086277],[8.913524,50.085487],[8.917428,50.080429],[8.915229,50.078005],[8.908874,50.075289],[8.90364,50.075828],[8.901649,50.077213],[8.895947,50.07752],[8.889972,50.078535],[8.884897,50.080046],[8.88312,50.081731],[8.884179,50.083869],[8.881402,50.085729],[8.882693,50.086854],[8.881464,50.093316],[8.87993,50.093187],[8.874153,50.095219],[8.875173,50.099311],[8.878863,50.101451],[8.881105,50.110347],[8.884066,50.113791],[8.886395,50.122652],[8.886577,50.124858],[8.859605,50.126169],[8.845455,50.129348],[8.836813,50.129861],[8.821832,50.133053],[8.817965,50.13351],[8.817499,50.128913],[8.8182,50.12337],[8.809059,50.12221],[8.808827,50.120073],[8.810344,50.117972],[8.814673,50.114715],[8.814344,50.110602],[8.815168,50.108686],[8.813887,50.106541],[8.81725,50.105222],[8.818611,50.102767],[8.821909,50.101313],[8.822779,50.099643],[8.819089,50.096403],[8.823344,50.091608],[8.828878,50.089517],[8.843303,50.086902],[8.83679,50.070842],[8.829024,50.070225],[8.825881,50.07053],[8.821888,50.069571],[8.790179,50.069479],[8.79125,50.063589],[8.786363,50.061909],[8.782122,50.062827],[8.781207,50.061295],[8.781693,50.058088],[8.778921,50.058015],[8.779377,50.052784],[8.774153,50.049997],[8.763572,50.046956],[8.758096,50.047278],[8.751374,50.0537],[8.762129,50.055439],[8.760461,50.058978],[8.75098,50.062091],[8.747728,50.062689],[8.743359,50.060993],[8.739026,50.062483],[8.720141,50.06165],[8.717834,50.062406],[8.705828,50.061078],[8.699724,50.059224],[8.686452,50.059084],[8.679233,50.058422],[8.674971,50.057274],[8.664262,50.05551],[8.653701,50.05569],[8.650082,50.05421],[8.642063,50.053377],[8.632307,50.054424],[8.623922,50.05447],[8.619355,50.050738],[8.615618,50.048748],[8.608114,50.043487],[8.605493,50.039465],[8.597241,50.042442],[8.595227,50.038997],[8.592044,50.031645],[8.590906,50.025893],[8.591321,50.017692],[8.597041,50.01787],[8.601293,50.015988],[8.603515,50.013161],[8.607762,49.996338],[8.609996,49.9934],[8.615065,49.989997],[8.618324,49.985965],[8.622131,49.984291],[8.625363,49.979169],[8.628352,49.975924],[8.630229,49.967972],[8.625644,49.968536],[8.621265,49.968113],[8.620113,49.965484],[8.622,49.964354],[8.627518,49.963482],[8.630627,49.964753],[8.633924,49.961643],[8.643361,49.957818],[8.646243,49.957369],[8.650812,49.954728],[8.658663,49.95214],[8.662615,49.95189],[8.669139,49.952917],[8.6745,49.951452],[8.682109,49.950517],[8.686929,49.948365],[8.69269,49.948256],[8.694999,49.949264],[8.699521,49.949136],[8.701301,49.95005],[8.706009,49.949695],[8.711704,49.951328],[8.714988,49.951151],[8.718656,49.952523],[8.723258,49.952208],[8.725708,49.954208],[8.728849,49.956732],[8.731618,49.957297],[8.741652,49.957929],[8.75531,49.949194],[8.76562,49.952528],[8.770664,49.95192],[8.774053,49.954978],[8.780873,49.959248],[8.783982,49.958916],[8.791445,49.956581],[8.791728,49.954146],[8.798211,49.95458],[8.800956,49.953168],[8.805761,49.952954],[8.811055,49.947318],[8.817149,49.950016],[8.822896,49.950388],[8.831272,49.950178],[8.840649,49.954014],[8.848247,49.956149],[8.850002,49.958218],[8.854322,49.960637],[8.860646,49.962646],[8.870894,49.964923],[8.876952,49.96589],[8.888269,49.966336],[8.899714,49.966153],[8.905221,49.972079],[8.908798,49.973887],[8.916804,49.976615],[8.919308,49.979771],[8.927266,49.984834],[8.929416,49.98684],[8.934328,49.98905],[8.938271,49.990031],[8.942957,49.99482],[8.944409,49.997791],[8.944446,50.001814],[8.948613,49.998578],[8.956461,49.996803],[8.969993,49.996221],[8.982491,49.994813],[9.000231,49.995758],[9.005307,49.995069],[9.016088,49.99134],[9.0173,49.994119],[9.019474,49.99458],[9.022987,49.997054],[9.029418,49.992623],[9.03019,49.990604],[9.036552,49.9898],[9.046074,49.990008],[9.04882,49.992266],[9.047133,49.995412],[9.043184,49.998268],[9.040027,49.998607],[9.035538,50.001837],[9.036666,50.004808],[9.036116,50.008157],[9.039817,50.010373],[9.033542,50.016421],[9.031025,50.020132],[9.030144,50.027365],[9.032215,50.036265],[9.031344,50.039574],[9.025384,50.042962],[9.020166,50.044487],[9.012308,50.045951],[9.006362,50.045729],[8.991835,50.042029],[8.988803,50.041575],[8.9826,50.042419],[8.979162,50.044173],[8.975926,50.048765],[8.977877,50.053704],[8.984151,50.058125],[8.99056,50.067119]]]}},
{"type":"Feature","id":"DEU:ADM3:DE-HE.rheingau-taunus-kreis","properties":{"shapeName":"Rheingau-Taunus-Kreis","shapeISO":"","shapeGroup":"DEU","shapeType":"ADM3","adm1ISO":"DE-HE","parentISO":"DE-HE","parentID":"DEU:ADM1:DE-HE","src_shape_id":"24449704B25971146569722"},"geometry":{"type":"Polygon","coordinates":[[[8.327267,50.145731],[8.331695,50.148042],[8.334871,50.151523],[8.338912,50.152896],[8.338715,50.157203],[8.34281,50.158829],[8.344696,50.158445],[8.346967,50.160679],[8.350337,50.161041],[8.356203,50.159297],[8.359265,50.156663],[8.369519,50.155774],[8.37061,50.159224],[8.364503,50.157643],[8.363811,50.160735],[8.368716,50.162946],[8.364219,50.163911],[8.360903,50.169385],[8.358208,50.170397],[8.351385,50.169738],[8.34687,50.172551],[8.344623,50.176343],[8.351597,50.179577],[8.352219,50.18222],[8.35774,50.182251],[8.359565,50.184356],[8.354562,50.1868],[8.352044,50.189139],[8.346183,50.187606],[8.341427,50.187688],[8.337069,50.191611],[8.342205,50.192446],[8.349452,50.190638],[8.352732,50.190961],[8.352624,50.193344],[8.354381,50.194484],[8.353476,50.197726],[8.354011,50.201516],[8.352458,50.20407],[8.354042,50.205621],[8.35577,50.209578],[8.358043,50.210791],[8.360297,50.214901],[8.373599,50.216058],[8.390712,50.218696],[8.405661,50.221869],[8.407287,50.222862],[8.405027,50.229509],[8.40182,50.230953],[8.396736,50.23546],[8.390684,50.239615],[8.378378,50.243328],[8.381388,50.245117],[8.39035,50.247393],[8.396649,50.247566],[8.398622,50.249303],[8.406485,50.250962],[8.408501,50.253371],[8.406221,50.254901],[8.407642,50.258042],[8.410799,50.258867],[8.40939,50.266565],[8.408547,50.268485],[8.404225,50.269351],[8.401957,50.272028],[8.398237,50.271299],[8.393666,50.27312],[8.395405,50.274716],[8.393716,50.27635],[8.38958,50.276814],[8.386082,50.280575],[8.382831,50.281352],[8.382138,50.283941],[8.378049,50.288033],[8.368863,50.288592],[8.369375,50.293143],[8.371546,50.295774],[8.360762,50.296209],[8.354557,50.29423],[8.350616,50.294363],[8.348176,50.291806],[8.345415,50.283977],[8.328448,50.2839],[8.323984,50.28171],[8.323803,50.275882],[8.320495,50.274838],[8.31574,50.271957],[8.308194,50.270832],[8.301569,50.271048],[8.300966,50.276536],[8.294798,50.277093],[8.292515,50.276347],[8.289927,50.27852],[8.284413,50.276577],[8.283423,50.27762],[8.277445,50.276019],[8.265175,50.269957],[8.255947,50.264061],[8.253167,50.266131],[8.247859,50.265811],[8.246229,50.268776],[8.238287,50.278279],[8.231541,50.274983],[8.22984,50.277203],[8.22961,50.280312],[8.227896,50.283088],[8.224476,50.284933],[8.221256,50.291557],[8.21821,50.29169],[8.208946,50.289174],[8.198562,50.288615],[8.187183,50.284718],[8.181091,50.281225],[8.173582,50.279469],[8.169834,50.276287],[8.165578,50.277704],[8.143076,50.280467],[8.141976,50.281677],[8.136634,50.279755],[8.130337,50.280792],[8.126492,50.279774],[8.121914,50.277225],[8.113119,50.271492],[8.106785,50.26091],[8.103121,50.259789],[8.093376,50.263618],[8.092001,50.265245],[8.083675,50.261379],[8.080558,50.262178],[8.082993,50.265902],[8.074711,50.267194],[8.072088,50.273153],[8.067132,50.271985],[8.06418,50.27339],[8.061185,50.272624],[8.056534,50.272651],[8.049082,50.273892],[8.035892,50.271192],[8.035135,50.266063],[8.035775,50.264573],[8.029748,50.263264],[8.025587,50.261743],[8.025106,50.259932],[8.021651,50.258345],[8.024944,50.254194],[8.031521,50.255956],[8.037875,50.249107],[8.03498,50.245939],[8.038531,50.246198],[8.044089,50.24247],[8.049437,50.244367],[8.048395,50.240654],[8.051258,50.23986],[8.051695,50.237934],[8.056352,50.236098],[8.056122,50.233752],[8.046672,50.227636],[8.044179,50.227276],[8.04099,50.229233],[8.038051,50.226929],[8.041406,50.226361],[8.038733,50.224062],[8.032869,50.220821],[8.03696,50.218533],[8.035444,50.215662],[8.030576,50.215308],[8.023417,50.217512],[8.019914,50.217967],[8.016098,50.217164],[8.011773,50.218033],[8.012952,50.219626],[8.01153,50.222376],[8.00271,50.224381],[8.005556,50.227342],[8.005462,50.229122],[8.001059,50.228774],[7.999189,50.230426],[7.992549,50.232316],[7.997073,50.236196],[7.994436,50.236948],[7.99108,50.236452],[7.988596,50.238279],[7.98691,50.233047],[7.988869,50.231047],[7.98456,50.226856],[7.97784,50.22498],[7.973812,50.225242],[7.971336,50.222478],[7.96868,50.222302],[7.960171,50.220043],[7.953052,50.220398],[7.948095,50.217623],[7.95156,50.214261],[7.94691,50.211781],[7.947395,50.210072],[7.942283,50.208887],[7.938936,50.210063],[7.928195,50.207923],[7.9208,50.207964],[7.911142,50.20373],[7.907827,50.200756],[7.912512,50.195462],[7.9075,50.191861],[7.897546,50.189091],[7.894313,50.186359],[7.889624,50.183966],[7.88283,50.181317],[7.885032,50.176245],[7.887184,50.176366],[7.888663,50.173708],[7.886587,50.172968],[7.884014,50.169569],[7.892377,50.161801],[7.902735,50.158462],[7.908167,50.156263],[7.91158,50.15228],[7.916862,50.150499],[7.917342,50.14916],[7.922572,50.146514],[7.92987,50.145247],[7.932942,50.143884],[7.928033,50.141415],[7.92552,50.138703],[7.925603,50.137165],[7.922947,50.135017],[7.922435,50.131314],[7.923173,50.125992],[7.925062,50.123964],[7.9251,50.121219],[7.927564,50.11942],[7.92474,50.115494],[7.924557,50.112681],[7.926419,50.110625],[7.925298,50.109358],[7.92735,50.10303],[7.920364,50.10368],[7.919763,50.108903],[7.912929,50.115478],[7.909157,50.118405],[7.903224,50.121552],[7.900735,50.122252],[7.891658,50.118237],[7.890751,50.116911],[7.884717,50.114378],[7.881339,50.116676],[7.878715,50.115564],[7.875279,50.119447],[7.869329,50.119925],[7.865389,50.120851],[7.864264,50.124152],[7.860449,50.126113],[7.859979,50.127629],[7.854016,50.128329],[7.844918,50.123499],[7.844422,50.115628],[7.843091,50.111661],[7.838469,50.109953],[7.837721,50.107324],[7.834571,50.106098],[7.834579,50.103713],[7.838544,50.101662],[7.836282,50.099332],[7.831332,50.099496],[7.831433,50.092746],[7.834872,50.095293],[7.836754,50.094427],[7.833335,50.092268],[7.835102,50.089977],[7.83923,50.087481],[7.837194,50.084129],[7.83319,50.083171],[7.83156,50.08181],[7.82718,50.081572],[7.822089,50.08401],[7.820755,50.081386],[7.816751,50.080679],[7.814637,50.083421],[7.808523,50.084393],[7.803461,50.08458],[7.800636,50.082587],[7.799874,50.080498],[7.796209,50.076576],[7.788796,50.073123],[7.78653,50.071178],[7.787576,50.069276],[7.782176,50.066609],[7.773997,50.06654],[7.772651,50.061608],[7.77336,50.05687],[7.779659,50.051107],[7.792205,50.044183],[7.801678,50.040539],[7.805884,50.039342],[7.808701,50.036509],[7.827885,50.022798],[7.833358,50.019892],[7.848444,50.014995],[7.850557,50.013937],[7.857207,50.008185],[7.85873,50.004917],[7.859017,49.999774],[7.861307,49.995028],[7.86269,49.988236],[7.864396,49.982676],[7.868038,49.978682],[7.872231,49.975714],[7.878062,49.973132],[7.887255,49.971843],[7.921044,49.974366],[7.933276,49.974505],[7.936587,49.973846],[7.946944,49.97503],[7.957393,49.976974],[7.967402,49.977773],[7.971296,49.978664],[7.992948,49.986193],[8.005842,49.990137],[8.030268,50.000154],[8.036357,50.002312],[8.045986,50.004347],[8.05434,50.005129],[8.072524,50.00592],[8.07957,50.006899],[8.093182,50.010713],[8.099427,50.013161],[8.111426,50.018933],[8.131492,50.024743],[8.144957,50.026409],[8.151974,50.02804],[8.164832,50.031819],[8.175136,50.034255],[8.169576,50.043288],[8.159697,50.053093],[8.157473,50.054841],[8.152526,50.056852],[8.142937,50.062041],[8.138485,50.0669],[8.136376,50.067405],[8.132431,50.07078],[8.122735,50.074747],[8.118478,50.074577],[8.111556,50.073154],[8.111523,50.07823],[8.110375,50.080187],[8.110536,50.083926],[8.114542,50.084388],[8.125112,50.083726],[8.132348,50.081383],[8.135404,50.086019],[8.138075,50.087721],[8.130372,50.092342],[8.126745,50.091006],[8.122888,50.091187],[8.115117,50.08963],[8.112335,50.093749],[8.117791,50.09515],[8.119441,50.097966],[8.132003,50.103376],[8.142496,50.113549],[8.147521,50.1144],[8.151176,50.116068],[8.152741,50.119233],[8.159976,50.124395],[8.165558,50.123838],[8.181749,50.125811],[8.180023,50.124462],[8.181387,50.122347],[8.185306,50.121073],[8.191423,50.123245],[8.1962,50.125557],[8.202629,50.127448],[8.209554,50.131952],[8.217998,50.133102],[8.22333,50.13625],[8.231521,50.138533],[8.23533,50.141014],[8.238589,50.141054],[8.242367,50.144201],[8.242143,50.148225],[8.254272,50.148699],[8.262423,50.150471],[8.268139,50.150178],[8.275789,50.151623],[8.277662,50.150354],[8.282456,50.150749],[8.283321,50.14725],[8.29493,50.148068],[8.302049,50.149586],[8.304036,50.151538],[8.306889,50.149917],[8.310934,50.149303],[8.315204,50.151788],[8.32178,50.151058],[8.323879,50.149874],[8.327267,50.145731]]]}},
{"type":"Feature","id":"DEU:ADM3:DE-HE.wetteraukreis","properties":{"shapeName":"Wetteraukreis","shapeISO":"","shapeGroup":"DEU","shapeType":"ADM3","adm1ISO":"DE-HE","parentISO":"DE-HE","parentID":"DEU:ADM1:DE-HE","src_shape_id":"24449704B76089621469895"},"geometry":{"type":"Polygon","coordinates":[[[8.789865,50.176049],[8.78994,50.179785],[8.79317,50.184243],[8.793776,50.189994],[8.790241,50.190049],[8.789526,50.1947],[8.790824,50.196776],[8.799512,50.198763],[8.808759,50.197447],[8.813756,50.196317],[8.816658,50.1989],[8.821749,50.199236],[8.826292,50.201615],[8.822101,50.205505],[8.816847,50.215615],[8.811365,50.22808],[8.804372,50.22931],[8.810208,50.237288],[8.811758,50.235538],[8.816599,50.235528],[8.81681,50.237871],[8.822966,50.237601],[8.822498,50.235363],[8.828685,50.234985],[8.829702,50.237169],[8.832945,50.238728],[8.837563,50.238687],[8.837817,50.241022],[8.840871,50.241183],[8.844487,50.246896],[8.85225,50.249195],[8.855625,50.250861],[8.853107,50.253351],[8.85595,50.254915],[8.850777,50.260508],[8.856011,50.263798],[8.85556,50.26503],[8.84703,50.268037],[8.844868,50.270436],[8.84646,50.27467],[8.851363,50.275779],[8.85652,50.277929],[8.861144,50.278868],[8.867668,50.281076],[8.882497,50.273357],[8.886248,50.272501],[8.893604,50.274629],[8.896941,50.27311],[8.900849,50.275909],[8.904605,50.276961],[8.911443,50.276579],[8.918525,50.273788],[8.921201,50.271562],[8.924038,50.267256],[8.924092,50.265649],[8.92672,50.263423],[8.932007,50.262066],[8.936115,50.262249],[8.938921,50.264843],[8.943303,50.266031],[8.947698,50.264773],[8.953138,50.262086],[8.953114,50.258447],[8.956787,50.255608],[8.960623,50.255142],[8.962682,50.253235],[8.960861,50.252109],[8.957126,50.247378],[8.968199,50.244858],[8.971554,50.24676],[8.973954,50.243744],[8.98747,50.246028],[8.987177,50.251234],[8.995354,50.253601],[8.999558,50.248967],[9.008331,50.243994],[9.004266,50.242203],[9.000949,50.239112],[9.002447,50.237108],[9.006076,50.236822],[9.010306,50.237507],[9.011815,50.240658],[9.016655,50.239074],[9.019567,50.240156],[9.023297,50.237973],[9.017056,50.235669],[9.015507,50.23423],[9.019382,50.231298],[9.024349,50.22995],[9.026281,50.230532],[9.024857,50.233439],[9.026397,50.236239],[9.034904,50.238823],[9.0352,50.242382],[9.039523,50.243891],[9.037389,50.24687],[9.03967,50.248149],[9.045129,50.247236],[9.048577,50.248292],[9.057806,50.250075],[9.059224,50.24923],[9.055022,50.247004],[9.058852,50.244463],[9.063295,50.245114],[9.066421,50.24307],[9.080092,50.245133],[9.082592,50.24646],[9.092509,50.244728],[9.099519,50.245885],[9.10937,50.249227],[9.113416,50.245766],[9.121065,50.251024],[9.125256,50.252209],[9.127799,50.250334],[9.134239,50.251054],[9.13508,50.250231],[9.143635,50.249979],[9.149989,50.24766],[9.158226,50.251132],[9.163812,50.255075],[9.161137,50.258329],[9.159796,50.264504],[9.169008,50.271397],[9.173938,50.272623],[9.174332,50.277104],[9.176173,50.27903],[9.183095,50.282633],[9.189051,50.279582],[9.194349,50.280119],[9.195288,50.281106],[9.20133,50.281627],[9.205849,50.284844],[9.208391,50.285659],[9.208196,50.288704],[9.206115,50.291419],[9.210303,50.295894],[9.21124,50.301251],[9.212546,50.303849],[9.216394,50.308553],[9.216627,50.31445],[9.208603,50.314432],[9.205347,50.316798],[9.213804,50.320529],[9.213569,50.322965],[9.221919,50.328646],[9.225486,50.332411],[9.230888,50.333848],[9.236244,50.330191],[9.240555,50.329869],[9.250048,50.332341],[9.257984,50.333237],[9.263862,50.33203],[9.265703,50.328315],[9.269352,50.332845],[9.268343,50.334886],[9.268376,50.338449],[9.26549,50.340731],[9.260105,50.341771],[9.25742,50.341229],[9.253977,50.343038],[9.253906,50.344617],[9.256478,50.347077],[9.25749,50.353999],[9.258797,50.356082],[9.257109,50.360801],[9.267107,50.362741],[9.272089,50.360509],[9.276203,50.361849],[9.275002,50.364248],[9.270806,50.367604],[9.272782,50.371666],[9.270011,50.372678],[9.26128,50.374053],[9.259139,50.373067],[9.251745,50.374922],[9.255564,50.381101],[9.259186,50.384622],[9.262356,50.38434],[9.265712,50.388378],[9.25706,50.391687],[9.261872,50.39493],[9.259581,50.397918],[9.265352,50.405458],[9.26631,50.410795],[9.268531,50.412043],[9.273185,50.41284],[9.273723,50.416508],[9.282328,50.417058],[9.285678,50.421676],[9.290446,50.421764],[9.285472,50.430005],[9.286735,50.437298],[9.281058,50.438876],[9.278023,50.440706],[9.274693,50.439789],[9.271589,50.437785],[9.269937,50.440629],[9.270657,50.442185],[9.26546,50.444775],[9.26547,50.448662],[9.258557,50.456852],[9.259982,50.459476],[9.259528,50.46337],[9.256646,50.462666],[9.249699,50.462459],[9.24425,50.461139],[9.235348,50.460498],[9.227723,50.459221],[9.21885,50.456389],[9.210252,50.452703],[9.204929,50.451543],[9.195141,50.446717],[9.193213,50.44458],[9.190304,50.443774],[9.184404,50.445641],[9.179578,50.443858],[9.172527,50.44501],[9.164769,50.442274],[9.161033,50.439378],[9.155706,50.437435],[9.151732,50.434518],[9.150565,50.432131],[9.148023,50.430418],[9.144999,50.430525],[9.148107,50.433684],[9.147345,50.435664],[9.149507,50.437408],[9.153964,50.439155],[9.145927,50.442203],[9.144581,50.437082],[9.131444,50.435431],[9.122991,50.436851],[9.113999,50.436044],[9.107714,50.434706],[9.102159,50.436911],[9.097629,50.435622],[9.087425,50.438349],[9.087106,50.43942],[9.094686,50.443348],[9.09588,50.445837],[9.093947,50.449683],[9.091211,50.449713],[9.094378,50.457383],[9.085766,50.456891],[9.08078,50.459547],[9.076027,50.459164],[9.070302,50.456324],[9.061942,50.464749],[9.061772,50.468446],[9.05868,50.471158],[9.059128,50.475576],[9.062071,50.478474],[9.060882,50.480925],[9.06142,50.484991],[9.068986,50.488964],[9.072059,50.489956],[9.07671,50.493361],[9.077227,50.495374],[9.057705,50.500011],[9.047368,50.499663],[9.042425,50.49799],[9.039761,50.497176],[9.029303,50.497113],[9.024979,50.49595],[9.021667,50.493579],[9.017037,50.492594],[9.014364,50.490905],[9.005927,50.489504],[9.005671,50.490914],[9.008616,50.495434],[8.991687,50.49408],[8.978658,50.490399],[8.98322,50.488929],[8.985616,50.485072],[8.987503,50.479455],[8.984398,50.476489],[8.984048,50.473766],[8.980168,50.470782],[8.979591,50.465104],[8.988886,50.464129],[8.990026,50.459054],[8.986133,50.45696],[8.987776,50.453945],[8.983346,50.452254],[8.976799,50.451424],[8.97386,50.450075],[8.969493,50.450499],[8.963822,50.449758],[8.958143,50.447603],[8.956823,50.444444],[8.960819,50.443355],[8.963546,50.440443],[8.957454,50.43683],[8.953804,50.433398],[8.948131,50.431125],[8.947033,50.432775],[8.940807,50.432587],[8.939837,50.433741],[8.931619,50.434465],[8.929693,50.432648],[8.923011,50.43442],[8.918393,50.436831],[8.916647,50.436375],[8.911153,50.437883],[8.907105,50.438116],[8.903531,50.433636],[8.900407,50.427079],[8.88717,50.427713],[8.877397,50.43411],[8.873453,50.435287],[8.874792,50.438123],[8.872259,50.438834],[8.873819,50.441808],[8.868682,50.443229],[8.869345,50.444823],[8.862308,50.446577],[8.859611,50.443874],[8.858656,50.440963],[8.86044,50.440322],[8.855893,50.434543],[8.852781,50.432095],[8.840789,50.43323],[8.840249,50.431627],[8.822343,50.434034],[8.81753,50.433601],[8.817349,50.435102],[8.811413,50.435996],[8.799187,50.442449],[8.795247,50.452362],[8.805777,50.458242],[8.803812,50.461885],[8.802672,50.466899],[8.800055,50.466696],[8.796889,50.468821],[8.794226,50.469204],[8.793624,50.479176],[8.782419,50.47856],[8.776845,50.474523],[8.7682,50.470589],[8.765284,50.467458],[8.768202,50.465189],[8.764459,50.464601],[8.761851,50.467954],[8.763201,50.47001],[8.755641,50.470831],[8.755311,50.474372],[8.746353,50.474359],[8.739643,50.47849],[8.732884,50.47692],[8.723739,50.478336],[8.712071,50.474735],[8.708915,50.477217],[8.704141,50.477143],[8.699926,50.478092],[8.697778,50.479661],[8.693882,50.480473],[8.686905,50.485294],[8.685401,50.483142],[8.675446,50.483755],[8.674001,50.482455],[8.668807,50.483401],[8.66914,50.485212],[8.65903,50.483998],[8.64543,50.48369],[8.646121,50.48119],[8.632277,50.476736],[8.633983,50.473218],[8.630538,50.472964],[8.631019,50.46903],[8.627493,50.468684],[8.626749,50.464703],[8.618641,50.463653],[8.615464,50.463772],[8.612647,50.465778],[8.605335,50.462472],[8.599967,50.460997],[8.602301,50.457669],[8.597403,50.456418],[8.592108,50.453496],[8.588974,50.453128],[8.585085,50.447322],[8.576137,50.447427],[8.574492,50.445426],[8.57744,50.442631],[8.581149,50.44119],[8.584233,50.438505],[8.590044,50.436657],[8.591017,50.4349],[8.594128,50.433953],[8.598326,50.433986],[8.602218,50.431467],[8.598019,50.42661],[8.597104,50.423795],[8.600938,50.42292],[8.600239,50.420308],[8.597206,50.417886],[8.587642,50.41813],[8.582315,50.415764],[8.577542,50.415019],[8.56992,50.415737],[8.567789,50.415143],[8.561853,50.416979],[8.560131,50.41469],[8.55674,50.415281],[8.555552,50.417439],[8.548778,50.415474],[8.548057,50.416763],[8.539014,50.416736],[8.532938,50.412825],[8.528425,50.412288],[8.527931,50.410261],[8.521544,50.406184],[8.520347,50.402386],[8.515791,50.400928],[8.514139,50.399351],[8.515735,50.398169],[8.528326,50.394168],[8.530059,50.39247],[8.53612,50.391619],[8.537073,50.387675],[8.536476,50.383102],[8.537676,50.381345],[8.544091,50.380216],[8.545631,50.379027],[8.545786,50.376213],[8.541799,50.372239],[8.545108,50.369505],[8.551148,50.371794],[8.558623,50.373746],[8.561468,50.375794],[8.56661,50.371587],[8.56975,50.370266],[8.571495,50.367676],[8.576424,50.368692],[8.576562,50.372222],[8.579666,50.373408],[8.585205,50.373546],[8.587112,50.369572],[8.590633,50.369847],[8.591632,50.36845],[8.595357,50.36925],[8.599767,50.36898],[8.602672,50.371423],[8.606719,50.372957],[8.609996,50.37266],[8.608294,50.370264],[8.609806,50.367088],[8.612433,50.365599],[8.60979,50.363121],[8.603168,50.361558],[8.600342,50.359414],[8.60284,50.35644],[8.607289,50.352868],[8.613818,50.351419],[8.615305,50.350102],[8.619806,50.350815],[8.623961,50.347157],[8.623057,50.344082],[8.625722,50.342496],[8.626679,50.340361],[8.631055,50.340324],[8.633333,50.33713],[8.632786,50.33533],[8.635731,50.331274],[8.641656,50.333629],[8.649952,50.324339],[8.645668,50.322832],[8.639228,50.323563],[8.636333,50.318557],[8.639472,50.316322],[8.638435,50.313409],[8.634083,50.313854],[8.633217,50.310631],[8.621522,50.303636],[8.617563,50.299314],[8.616126,50.296599],[8.601373,50.292072],[8.599184,50.290964],[8.592266,50.2904],[8.639689,50.283429],[8.651068,50.281624],[8.657706,50.281047],[8.659294,50.282449],[8.65233,50.285964],[8.656522,50.289398],[8.66033,50.290222],[8.663717,50.288271],[8.668538,50.287662],[8.667006,50.283485],[8.662686,50.283358],[8.659771,50.279604],[8.66082,50.27863],[8.658739,50.272576],[8.660743,50.267706],[8.666162,50.265153],[8.673439,50.264342],[8.677779,50.262836],[8.675957,50.260233],[8.682634,50.25709],[8.686552,50.255973],[8.686054,50.253958],[8.690226,50.253151],[8.684164,50.23816],[8.689494,50.23639],[8.696665,50.231616],[8.701786,50.22941],[8.71193,50.229288],[8.711376,50.226257],[8.719324,50.22531],[8.721559,50.221466],[8.723997,50.220073],[8.73107,50.217725],[8.733472,50.215386],[8.733292,50.212332],[8.731373,50.21188],[8.731813,50.206505],[8.72908,50.202376],[8.719691,50.198856],[8.718363,50.196162],[8.712678,50.194868],[8.705586,50.191859],[8.711163,50.188589],[8.707707,50.183621],[8.704492,50.184497],[8.702212,50.180691],[8.708465,50.179169],[8.709217,50.175976],[8.714616,50.170319],[8.717749,50.168991],[8.722785,50.163615],[8.728941,50.163116],[8.732642,50.161923],[8.737589,50.163376],[8.738684,50.162583],[8.743653,50.164576],[8.751135,50.169101],[8.760287,50.172489],[8.762997,50.17271],[8.763028,50.17911],[8.778684,50.180228],[8.779215,50.177185],[8.789865,50.176049]]]}},
{"type":"Feature","id":"DEU:ADM3:DE-HE.gieen-landkreis","properties":{"shapeName":"Gießen, Landkreis","shapeISO":"","shapeGroup":"DEU","shapeType":"ADM3","adm1ISO":"DE-HE","parentISO":"DE-HE","parentID":"DEU:ADM1:DE-HE","src_shape_id":"24449704B912582487754"},"geometry":{"type":"Polygon","coordinates":[[[9.042425,50.49799],[9.040577,50.501612],[9.047615,50.503077],[9.046886,50.505201],[9.052023,50.507624],[9.061199,50.50781],[9.068368,50.511985],[9.072387,50.512548],[9.074787,50.517158],[9.07985,50.516825],[9.088664,50.517554],[9.092634,50.515569],[9.093665,50.516958],[9.101494,50.518979],[9.100196,50.522284],[9.103567,50.525232],[9.109436,50.531521],[9.108262,50.536879],[9.109384,50.53835],[9.113867,50.53971],[9.118947,50.539436],[9.127728,50.540901],[9.126539,50.54293],[9.129089,50.54419],[9.130344,50.547276],[9.130378,50.551201],[9.134058,50.553872],[9.134108,50.556986],[9.130184,50.557363],[9.12066,50.560822],[9.11903,50.564846],[9.110448,50.566927],[9.101868,50.567975],[9.092645,50.568322],[9.089646,50.567035],[9.082628,50.565932],[9.077417,50.5663],[9.074032,50.569372],[9.074599,50.572556],[9.069467,50.574931],[9.066939,50.579048],[9.062366,50.582336],[9.066012,50.585391],[9.067013,50.587861],[9.062497,50.587911],[9.059242,50.594412],[9.052,50.597778],[9.050125,50.599888],[9.043238,50.596135],[9.039662,50.595633],[9.040797,50.598393],[9.040132,50.601562],[9.030521,50.599163],[9.022733,50.599132],[9.019959,50.600434],[9.011536,50.597264],[9.006758,50.600334],[9.002476,50.601998],[9.008095,50.609846],[9.009754,50.611469],[9.006826,50.613699],[9.006175,50.618146],[9.004277,50.620875],[9.007548,50.621673],[9.005868,50.624207],[8.997721,50.624588],[8.999411,50.626589],[8.994628,50.629245],[8.988097,50.625587],[8.98258,50.627756],[8.976399,50.627674],[8.971614,50.629924],[8.966144,50.630203],[8.964755,50.631993],[8.96196,50.632217],[8.957991,50.636727],[8.958208,50.641283],[8.953992,50.642541],[8.943845,50.648453],[8.940641,50.653278],[8.949973,50.653179],[8.956801,50.65435],[8.957709,50.651707],[8.961611,50.647556],[8.967123,50.646064],[8.965824,50.649421],[8.966974,50.652352],[8.970585,50.657944],[8.972877,50.659279],[8.971591,50.660936],[8.969258,50.669068],[8.969573,50.672834],[8.971157,50.677661],[8.960857,50.682924],[8.95784,50.685043],[8.957307,50.687466],[8.9512,50.693909],[8.95103,50.69604],[8.948915,50.699162],[8.939199,50.705781],[8.931198,50.707274],[8.928143,50.707107],[8.923944,50.709309],[8.922152,50.709059],[8.918372,50.705606],[8.919277,50.703152],[8.917184,50.699245],[8.917234,50.696114],[8.915194,50.696086],[8.90856,50.692008],[8.904427,50.691906],[8.899668,50.688951],[8.89686,50.688643],[8.894116,50.691799],[8.889843,50.694107],[8.883248,50.692224],[8.874219,50.695185],[8.87075,50.695919],[8.86456,50.695877],[8.863019,50.700202],[8.856472,50.703844],[8.852025,50.705254],[8.845728,50.706212],[8.840497,50.707804],[8.837513,50.705346],[8.833248,50.706033],[8.823252,50.704874],[8.819237,50.703568],[8.814069,50.703063],[8.807318,50.700859],[8.804216,50.700813],[8.803873,50.696605],[8.80503,50.69556],[8.804321,50.691662],[8.795371,50.693879],[8.788041,50.692826],[8.781852,50.688531],[8.777564,50.68764],[8.774481,50.692076],[8.76918,50.693662],[8.766114,50.696487],[8.759397,50.694199],[8.7546,50.691751],[8.751811,50.689422],[8.747478,50.687476],[8.743757,50.68282],[8.741981,50.681821],[8.727086,50.680874],[8.723105,50.683518],[8.71729,50.684405],[8.711881,50.688047],[8.707609,50.684552],[8.705056,50.683468],[8.696975,50.684783],[8.688122,50.686931],[8.688275,50.688823],[8.685293,50.691198],[8.68019,50.693053],[8.674102,50.692201],[8.670164,50.696513],[8.670226,50.699286],[8.654561,50.703006],[8.650322,50.703389],[8.645899,50.701206],[8.648613,50.699135],[8.644393,50.69603],[8.640125,50.696448],[8.641261,50.692128],[8.63899,50.691866],[8.635766,50.687607],[8.635634,50.685271],[8.626335,50.685911],[8.626585,50.683908],[8.62488,50.681558],[8.625695,50.679618],[8.623333,50.675287],[8.619167,50.674603],[8.616094,50.676482],[8.609218,50.675453],[8.599586,50.676761],[8.595614,50.675959],[8.591385,50.676159],[8.58878,50.678967],[8.589357,50.680374],[8.59313,50.682326],[8.587656,50.688689],[8.586658,50.6923],[8.583546,50.692528],[8.57829,50.697301],[8.573193,50.699259],[8.570857,50.697825],[8.569912,50.694641],[8.562883,50.690451],[8.558535,50.688456],[8.557281,50.684538],[8.552528,50.684026],[8.553019,50.67768],[8.552241,50.674598],[8.548764,50.667848],[8.54679,50.667223],[8.548128,50.664204],[8.543858,50.658633],[8.538403,50.655003],[8.5321,50.653717],[8.530774,50.651939],[8.527348,50.650585],[8.52535,50.647598],[8.524788,50.64316],[8.523463,50.641346],[8.525184,50.637793],[8.524621,50.634048],[8.52014,50.632253],[8.519074,50.630344],[8.521827,50.626827],[8.526576,50.625596],[8.532165,50.622926],[8.53345,50.61626],[8.535803,50.617734],[8.535572,50.620564],[8.547118,50.61993],[8.547582,50.626446],[8.54876,50.627626],[8.554124,50.627006],[8.557152,50.623739],[8.560211,50.623099],[8.560309,50.619829],[8.565009,50.616334],[8.570964,50.618682],[8.576787,50.617854],[8.574229,50.613926],[8.575051,50.610885],[8.578284,50.608626],[8.585106,50.605067],[8.5968,50.596431],[8.598769,50.590755],[8.602358,50.588956],[8.604011,50.584939],[8.607791,50.58133],[8.608237,50.576788],[8.605314,50.575074],[8.605719,50.571385],[8.609681,50.569866],[8.616001,50.57014],[8.61783,50.56684],[8.615686,50.561809],[8.612103,50.561661],[8.611144,50.558819],[8.60524,50.553187],[8.600739,50.549909],[8.588584,50.547989],[8.591754,50.545062],[8.586811,50.544017],[8.584234,50.542093],[8.576681,50.539933],[8.571739,50.543001],[8.562434,50.540172],[8.562716,50.537792],[8.556528,50.535797],[8.558544,50.532816],[8.573601,50.533779],[8.577576,50.530867],[8.583003,50.531443],[8.58993,50.527085],[8.593742,50.525726],[8.594741,50.5272],[8.624207,50.524407],[8.631617,50.523411],[8.647479,50.520391],[8.650807,50.515107],[8.650288,50.512885],[8.64224,50.511864],[8.642112,50.509756],[8.638027,50.508835],[8.63332,50.510424],[8.631936,50.499817],[8.623079,50.500762],[8.620088,50.500399],[8.617019,50.49844],[8.614438,50.499811],[8.608947,50.500216],[8.603172,50.501696],[8.60322,50.503299],[8.59664,50.504082],[8.595526,50.502317],[8.590565,50.499373],[8.589012,50.497313],[8.584847,50.494958],[8.579871,50.493453],[8.573542,50.492627],[8.569961,50.490848],[8.563738,50.485389],[8.562956,50.48281],[8.557783,50.479294],[8.553134,50.477562],[8.555035,50.47565],[8.552957,50.472885],[8.548217,50.470879],[8.547705,50.468962],[8.540497,50.466958],[8.534543,50.467893],[8.529493,50.466734],[8.531263,50.463819],[8.530571,50.461892],[8.533728,50.454845],[8.536151,50.448214],[8.538731,50.447163],[8.538574,50.443136],[8.54117,50.440048],[8.544892,50.43402],[8.545034,50.4261],[8.545838,50.418813],[8.552057,50.419495],[8.552554,50.422114],[8.557901,50.422285],[8.562208,50.425103],[8.564567,50.421543],[8.562554,50.419808],[8.568415,50.418079],[8.57745,50.416574],[8.577542,50.415019],[8.582315,50.415764],[8.587642,50.41813],[8.597206,50.417886],[8.600239,50.420308],[8.600938,50.42292],[8.597104,50.423795],[8.598019,50.42661],[8.602218,50.431467],[8.598326,50.433986],[8.594128,50.433953],[8.591017,50.4349],[8.590044,50.436657],[8.584233,50.438505],[8.581149,50.44119],[8.57744,50.442631],[8.574492,50.445426],[8.576137,50.447427],[8.585085,50.447322],[8.588974,50.453128],[8.592108,50.453496],[8.597403,50.456418],[8.602301,50.457669],[8.599967,50.460997],[8.605335,50.462472],[8.612647,50.465778],[8.615464,50.463772],[8.618641,50.463653],[8.626749,50.464703],[8.627493,50.468684],[8.631019,50.46903],[8.630538,50.472964],[8.633983,50.473218],[8.632277,50.476736],[8.646121,50.48119],[8.64543,50.48369],[8.65903,50.483998],[8.66914,50.485212],[8.668807,50.483401],[8.674001,50.482455],[8.675446,50.483755],[8.685401,50.483142],[8.686905,50.485294],[8.693882,50.480473],[8.697778,50.479661],[8.699926,50.478092],[8.704141,50.477143],[8.708915,50.477217],[8.712071,50.474735],[8.723739,50.478336],[8.732884,50.47692],[8.739643,50.47849],[8.746353,50.474359],[8.755311,50.474372],[8.755641,50.470831],[8.763201,50.47001],[8.761851,50.467954],[8.764459,50.464601],[8.768202,50.465189],[8.765284,50.467458],[8.7682,50.470589],[8.776845,50.474523],[8.782419,50.47856],[8.793624,50.479176],[8.794226,50.469204],[8.796889,50.468821],[8.800055,50.466696],[8.802672,50.466899],[8.803812,50.461885],[8.805777,50.458242],[8.795247,50.452362],[8.799187,50.442449],[8.811413,50.435996],[8.817349,50.435102],[8.81753,50.433601],[8.822343,50.434034],[8.840249,50.431627],[8.840789,50.43323],[8.852781,50.432095],[8.855893,50.434543],[8.86044,50.440322],[8.858656,50.440963],[8.859611,50.443874],[8.862308,50.446577],[8.869345,50.444823],[8.868682,50.443229],[8.873819,50.441808],[8.872259,50.438834],[8.874792,50.438123],[8.873453,50.435287],[8.877397,50.43411],[8.88717,50.427713],[8.900407,50.427079],[8.903531,50.433636],[8.907105,50.438116],[8.911153,50.437883],[8.916647,50.436375],[8.918393,50.436831],[8.923011,50.43442],[8.929693,50.432648],[8.931619,50.434465],[8.939837,50.433741],[8.940807,50.432587],[8.947033,50.432775],[8.948131,50.431125],[8.953804,50.433398],[8.957454,50.43683],[8.963546,50.440443],[8.960819,50.443355],[8.956823,50.444444],[8.958143,50.447603],[8.963822,50.449758],[8.969493,50.450499],[8.97386,50.450075],[8.976799,50.451424],[8.983346,50.452254],[8.987776,50.453945],[8.986133,50.45696],[8.990026,50.459054],[8.988886,50.464129],[8.979591,50.465104],[8.980168,50.470782],[8.984048,50.473766],[8.984398,50.476489],[8.987503,50.479455],[8.985616,50.485072],[8.98322,50.488929],[8.978658,50.490399],[8.991687,50.49408],[9.008616,50.495434],[9.005671,50.490914],[9.005927,50.489504],[9.014364,50.490905],[9.017037,50.492594],[9.021667,50.493579],[9.024979,50.49595],[9.029303,50.497113],[9.039761,50.497176],[9.042425,50.49799]]]}},
{"type":"Feature","id":"DEU:ADM3:DE-HE.lahn-dill-kreis","properties":{"shapeName":"Lahn-Dill-Kreis","shapeISO":"","shapeGroup":"DEU","shapeType":"ADM3","adm1ISO":"DE-HE","parentISO":"DE-HE","parentID":"DEU:ADM1:DE-HE","src_shape_id":"24449704B9504957616135"},"geometry":{"type":"Polygon","coordinates":[[[8.514139,50.399351],[8.515791,50.400928],[8.520347,50.402386],[8.521544,50.406184],[8.527931,50.410261],[8.528425,50.412288],[8.532938,50.412825],[8.539014,50.416736],[8.548057,50.416763],[8.548778,50.415474],[8.555552,50.417439],[8.55674,50.415281],[8.560131,50.41469],[8.561853,50.416979],[8.567789,50.415143],[8.56992,50.415737],[8.577542,50.415019],[8.57745,50.416574],[8.568415,50.418079],[8.562554,50.419808],[8.564567,50.421543],[8.562208,50.425103],[8.557901,50.422285],[8.552554,50.422114],[8.552057,50.419495],[8.545838,50.418813],[8.545034,50.4261],[8.544892,50.43402],[8.54117,50.440048],[8.538574,50.443136],[8.538731,50.447163],[8.536151,50.448214],[8.533728,50.454845],[8.530571,50.461892],[8.531263,50.463819],[8.529493,50.466734],[8.534543,50.467893],[8.540497,50.466958],[8.547705,50.468962],[8.548217,50.470879],[8.552957,50.472885],[8.555035,50.47565],[8.553134,50.477562],[8.557783,50.479294],[8.562956,50.48281],[8.563738,50.485389],[8.569961,50.490848],[8.573542,50.492627],[8.579871,50.493453],[8.584847,50.494958],[8.589012,50.497313],[8.590565,50.499373],[8.595526,50.502317],[8.59664,50.504082],[8.60322,50.503299],[8.603172,50.501696],[8.608947,50.500216],[8.614438,50.499811],[8.617019,50.49844],[8.620088,50.500399],[8.623079,50.500762],[8.631936,50.499817],[8.63332,50.510424],[8.638027,50.508835],[8.642112,50.509756],[8.64224,50.511864],[8.650288,50.512885],[8.650807,50.515107],[8.647479,50.520391],[8.631617,50.523411],[8.624207,50.524407],[8.594741,50.5272],[8.593742,50.525726],[8.58993,50.527085],[8.583003,50.531443],[8.577576,50.530867],[8.573601,50.533779],[8.558544,50.532816],[8.556528,50.535797],[8.562716,50.537792],[8.562434,50.540172],[8.571739,50.543001],[8.576681,50.539933],[8.584234,50.542093],[8.586811,50.544017],[8.591754,50.545062],[8.588584,50.547989],[8.600739,50.549909],[8.60524,50.553187],[8.611144,50.558819],[8.612103,50.561661],[8.615686,50.561809],[8.61783,50.56684],[8.616001,50.57014],[8.609681,50.569866],[8.605719,50.571385],[8.605314,50.575074],[8.608237,50.576788],[8.607791,50.58133],[8.604011,50.584939],[8.602358,50.588956],[8.598769,50.590755],[8.5968,50.596431],[8.585106,50.605067],[8.578284,50.608626],[8.575051,50.610885],[8.574229,50.613926],[8.576787,50.617854],[8.570964,50.618682],[8.565009,50.616334],[8.560309,50.619829],[8.560211,50.623099],[8.557152,50.623739],[8.554124,50.627006],[8.54876,50.627626],[8.547582,50.626446],[8.547118,50.61993],[8.535572,50.620564],[8.535803,50.617734],[8.53345,50.61626],[8.532165,50.622926],[8.526576,50.625596],[8.521827,50.626827],[8.519074,50.630344],[8.52014,50.632253],[8.524621,50.634048],[8.525184,50.637793],[8.523463,50.641346],[8.524788,50.64316],[8.52535,50.647598],[8.527348,50.650585],[8.530774,50.651939],[8.5321,50.653717],[8.538403,50.655003],[8.543858,50.658633],[8.548128,50.664204],[8.54679,50.667223],[8.548764,50.667848],[8.552241,50.674598],[8.553019,50.67768],[8.552528,50.684026],[8.557281,50.684538],[8.558535,50.688456],[8.562883,50.690451],[8.569912,50.694641],[8.570857,50.697825],[8.573193,50.699259],[8.569306,50.700725],[8.569976,50.704057],[8.578005,50.706981],[8.568429,50.706839],[8.56312,50.707741],[8.560756,50.706867],[8.551602,50.707583],[8.550773,50.708249],[8.549875,50.714655],[8.547307,50.71842],[8.545608,50.719048],[8.544569,50.722172],[8.540385,50.724244],[8.543634,50.728583],[8.547729,50.736798],[8.544729,50.738673],[8.53968,50.739659],[8.538277,50.732885],[8.534014,50.73185],[8.530043,50.729925],[8.522216,50.732045],[8.520739,50.734765],[8.512405,50.736305],[8.505916,50.738129],[8.500287,50.737402],[8.498431,50.738027],[8.492127,50.735208],[8.49114,50.733519],[8.479832,50.730566],[8.476481,50.727491],[8.472095,50.724886],[8.462979,50.724834],[8.455048,50.722021],[8.452534,50.723084],[8.448948,50.727557],[8.44924,50.729956],[8.445762,50.729715],[8.443759,50.731713],[8.446093,50.733789],[8.443608,50.73514],[8.44466,50.737013],[8.44332,50.739095],[8.447717,50.742981],[8.440201,50.746142],[8.440767,50.747448],[8.438631,50.751164],[8.439653,50.753396],[8.439644,50.757464],[8.435274,50.759065],[8.433891,50.761469],[8.443814,50.770041],[8.446005,50.772834],[8.449469,50.775074],[8.4559,50.783343],[8.459317,50.785212],[8.458132,50.787648],[8.45564,50.788774],[8.454814,50.791091],[8.451962,50.794596],[8.448842,50.796431],[8.444444,50.797289],[8.441925,50.794184],[8.438196,50.792777],[8.431715,50.791617],[8.425336,50.794222],[8.416262,50.794065],[8.412752,50.794581],[8.411105,50.790914],[8.405853,50.790073],[8.400342,50.79325],[8.400642,50.796694],[8.397239,50.800656],[8.398002,50.803649],[8.393774,50.809108],[8.396691,50.815309],[8.397844,50.820613],[8.395614,50.825302],[8.396929,50.82922],[8.39541,50.831695],[8.398746,50.835257],[8.402761,50.837328],[8.401826,50.839075],[8.403249,50.843388],[8.399144,50.847551],[8.395701,50.848847],[8.39249,50.848789],[8.388612,50.84997],[8.384271,50.853815],[8.376602,50.854531],[8.371866,50.85673],[8.366432,50.857063],[8.360967,50.854064],[8.355722,50.854624],[8.35463,50.857025],[8.356134,50.860194],[8.355496,50.862001],[8.352678,50.865441],[8.345509,50.864526],[8.343083,50.8653],[8.336749,50.865713],[8.332508,50.864527],[8.323424,50.863214],[8.319781,50.861435],[8.31079,50.86177],[8.305473,50.861121],[8.30513,50.864472],[8.30191,50.865806],[8.30078,50.868035],[8.295572,50.871969],[8.291897,50.877156],[8.292017,50.882136],[8.285548,50.882799],[8.28368,50.882043],[8.276108,50.881248],[8.274924,50.882143],[8.269667,50.881876],[8.265534,50.879343],[8.261292,50.875457],[8.259571,50.871323],[8.252395,50.868144],[8.246696,50.863641],[8.24329,50.862891],[8.239577,50.85911],[8.23315,50.855285],[8.231314,50.85064],[8.226714,50.847867],[8.220868,50.845583],[8.214183,50.841572],[8.208766,50.836676],[8.203621,50.83607],[8.196172,50.832925],[8.193633,50.830516],[8.18885,50.829196],[8.182841,50.824873],[8.180541,50.822541],[8.18055,50.820074],[8.173923,50.817331],[8.174947,50.816172],[8.170822,50.808303],[8.165807,50.803476],[8.151675,50.797492],[8.148884,50.797355],[8.142473,50.79465],[8.138362,50.790281],[8.133006,50.789144],[8.130889,50.789767],[8.125512,50.788356],[8.127659,50.786414],[8.131097,50.781382],[8.129855,50.779445],[8.131709,50.777002],[8.136812,50.775207],[8.138795,50.772781],[8.138405,50.770378],[8.135641,50.767216],[8.143371,50.762566],[8.149481,50.76188],[8.151834,50.759854],[8.148634,50.755868],[8.152576,50.754525],[8.152937,50.751638],[8.154853,50.748271],[8.157926,50.748738],[8.164315,50.744503],[8.164156,50.740644],[8.166829,50.735711],[8.166182,50.732484],[8.163343,50.731103],[8.162213,50.728194],[8.158985,50.7261],[8.160481,50.725015],[8.156761,50.721081],[8.155403,50.718538],[8.150894,50.713302],[8.150389,50.705554],[8.142607,50.695448],[8.137414,50.693958],[8.136344,50.695537],[8.131279,50.69692],[8.126221,50.692632],[8.126864,50.689239],[8.125777,50.685814],[8.125814,50.683411],[8.1197,50.677146],[8.112584,50.675568],[8.11023,50.670901],[8.109688,50.665155],[8.110092,50.657251],[8.113961,50.652496],[8.118296,50.650785],[8.123786,50.645299],[8.127492,50.645087],[8.126501,50.641466],[8.130984,50.636237],[8.131985,50.636888],[8.140272,50.63171],[8.139179,50.629536],[8.141401,50.626737],[8.140374,50.624357],[8.137805,50.623396],[8.138682,50.620047],[8.137736,50.618222],[8.131492,50.612892],[8.126019,50.610093],[8.127958,50.607719],[8.143407,50.603507],[8.147508,50.602114],[8.149259,50.599368],[8.151592,50.599371],[8.154062,50.599679],[8.15511,50.597299],[8.155741,50.590071],[8.159157,50.582447],[8.164284,50.576912],[8.174702,50.5742],[8.186594,50.573431],[8.198654,50.56449],[8.206393,50.563744],[8.213562,50.576213],[8.217192,50.576462],[8.220746,50.582309],[8.22397,50.581268],[8.227517,50.585676],[8.232035,50.584937],[8.236749,50.5816],[8.23831,50.578273],[8.245342,50.579023],[8.249374,50.576914],[8.258028,50.574193],[8.261489,50.56886],[8.260449,50.565562],[8.261991,50.560497],[8.269057,50.554864],[8.271871,50.548275],[8.279436,50.54635],[8.278773,50.544834],[8.27943,50.540526],[8.282646,50.540012],[8.285045,50.537987],[8.282323,50.535217],[8.287599,50.532644],[8.289797,50.530076],[8.297719,50.527977],[8.302208,50.528151],[8.305578,50.526405],[8.308502,50.526292],[8.310292,50.519719],[8.314017,50.516747],[8.317811,50.516819],[8.323355,50.5148],[8.330444,50.513844],[8.334188,50.510413],[8.338412,50.511248],[8.344859,50.511045],[8.357151,50.509267],[8.358887,50.507724],[8.357444,50.50533],[8.359322,50.498811],[8.357145,50.49734],[8.357468,50.493988],[8.364659,50.493483],[8.363911,50.491317],[8.359753,50.489071],[8.361859,50.48496],[8.367268,50.483918],[8.37157,50.481747],[8.371914,50.475092],[8.375624,50.474476],[8.377412,50.472358],[8.382262,50.469594],[8.38522,50.465616],[8.385076,50.462715],[8.388187,50.45957],[8.391241,50.459674],[8.393045,50.456897],[8.402019,50.45955],[8.404658,50.457915],[8.414553,50.456431],[8.414098,50.459662],[8.417731,50.465324],[8.425628,50.471728],[8.433743,50.473017],[8.435762,50.473791],[8.439813,50.46972],[8.437185,50.46772],[8.432788,50.46143],[8.427678,50.458044],[8.423268,50.452221],[8.424278,50.446379],[8.428718,50.443815],[8.42862,50.441789],[8.431463,50.439054],[8.431042,50.437059],[8.432718,50.434524],[8.439108,50.429605],[8.443337,50.427644],[8.458358,50.423435],[8.46614,50.420215],[8.467215,50.415048],[8.470223,50.410686],[8.476828,50.411969],[8.478507,50.409937],[8.474228,50.407013],[8.481141,50.405348],[8.48193,50.402604],[8.487868,50.403851],[8.489885,50.403422],[8.489745,50.400741],[8.495904,50.395761],[8.502105,50.397127],[8.508153,50.396831],[8.510428,50.399206],[8.514139,50.399351]]]}},
{"type":"Feature","id":"DEU:ADM3:DE-HE.limburg-weilburg","properties":{"shapeName":"Limburg-Weilburg","shapeISO":"","shapeGroup":"DEU","shapeType":"ADM3","adm1ISO":"DE-HE","parentISO":"DE-HE","parentID":"DEU:ADM1:DE-HE","src_shape_id":"24449704B70066291706973"},"geometry":{"type":"Polygon","coordinates":[[[8.467215,50.415048],[8.46614,50.420215],[8.458358,50.423435],[8.443337,50.427644],[8.439108,50.429605],[8.432718,50.434524],[8.431042,50.437059],[8.431463,50.439054],[8.42862,50.441789],[8.428718,50.443815],[8.424278,50.446379],[8.423268,50.452221],[8.427678,50.458044],[8.432788,50.46143],[8.437185,50.46772],[8.439813,50.46972],[8.435762,50.473791],[8.433743,50.473017],[8.425628,50.471728],[8.417731,50.465324],[8.414098,50.459662],[8.414553,50.456431],[8.404658,50.457915],[8.402019,50.45955],[8.393045,50.456897],[8.391241,50.459674],[8.388187,50.45957],[8.385076,50.462715],[8.38522,50.465616],[8.382262,50.469594],[8.377412,50.472358],[8.375624,50.474476],[8.371914,50.475092],[8.37157,50.481747],[8.367268,50.483918],[8.361859,50.48496],[8.359753,50.489071],[8.363911,50.491317],[8.364659,50.493483],[8.357468,50.493988],[8.357145,50.49734],[8.359322,50.498811],[8.357444,50.50533],[8.358887,50.507724],[8.357151,50.509267],[8.344859,50.511045],[8.338412,50.511248],[8.334188,50.510413],[8.330444,50.513844],[8.323355,50.5148],[8.317811,50.516819],[8.314017,50.516747],[8.310292,50.519719],[8.308502,50.526292],[8.305578,50.526405],[8.302208,50.528151],[8.297719,50.527977],[8.289797,50.530076],[8.287599,50.532644],[8.282323,50.535217],[8.285045,50.537987],[8.282646,50.540012],[8.27943,50.540526],[8.278773,50.544834],[8.279436,50.54635],[8.271871,50.548275],[8.269057,50.554864],[8.261991,50.560497],[8.260449,50.565562],[8.261489,50.56886],[8.258028,50.574193],[8.249374,50.576914],[8.245342,50.579023],[8.23831,50.578273],[8.236749,50.5816],[8.232035,50.584937],[8.227517,50.585676],[8.22397,50.581268],[8.220746,50.582309],[8.217192,50.576462],[8.213562,50.576213],[8.206393,50.563744],[8.198654,50.56449],[8.186594,50.573431],[8.174702,50.5742],[8.164284,50.576912],[8.159157,50.582447],[8.155741,50.590071],[8.15511,50.597299],[8.154062,50.599679],[8.151592,50.599371],[8.152161,50.593675],[8.15003,50.589077],[8.147574,50.585894],[8.147142,50.582113],[8.140186,50.572015],[8.139672,50.566513],[8.136134,50.565477],[8.133351,50.561819],[8.131939,50.557028],[8.134194,50.556318],[8.137913,50.550948],[8.135825,50.550041],[8.126223,50.548538],[8.118992,50.54847],[8.116469,50.545303],[8.11117,50.543663],[8.112119,50.540289],[8.116076,50.53858],[8.120881,50.53966],[8.117738,50.534509],[8.115029,50.535848],[8.105355,50.534144],[8.103427,50.532628],[8.100831,50.53478],[8.090715,50.535388],[8.087304,50.538539],[8.080032,50.538468],[8.07693,50.539177],[8.070521,50.537998],[8.06905,50.545943],[8.066422,50.548931],[8.060301,50.549792],[8.056127,50.550991],[8.053811,50.552598],[8.049349,50.552801],[8.046104,50.557017],[8.041611,50.556993],[8.042909,50.553816],[8.037519,50.551504],[8.028375,50.550559],[8.029126,50.548552],[8.028294,50.544501],[8.018462,50.536485],[8.01721,50.536917],[8.009058,50.529494],[8.004647,50.53065],[8.002791,50.528359],[7.999234,50.527256],[7.992858,50.522112],[7.995681,50.519481],[7.996564,50.517232],[7.990756,50.514684],[7.989572,50.513064],[7.982937,50.511461],[7.984659,50.509635],[7.985882,50.503414],[7.989967,50.498569],[7.986696,50.496923],[7.978903,50.495384],[7.981235,50.493742],[7.980979,50.490631],[7.978732,50.4878],[7.979198,50.484641],[7.982057,50.482642],[7.985616,50.482584],[7.987385,50.478527],[7.985808,50.476638],[7.987668,50.472726],[7.9917,50.472238],[7.994821,50.470595],[7.994603,50.46834],[7.998737,50.465666],[7.999617,50.463121],[8.002132,50.462139],[8.010475,50.460573],[8.009523,50.458319],[8.010766,50.452692],[8.007516,50.450705],[8.00811,50.4488],[8.000115,50.447483],[8.001021,50.445306],[7.990633,50.443937],[7.989392,50.442892],[7.989392,50.439732],[7.975182,50.437621],[7.97512,50.4359],[7.97822,50.434348],[7.982824,50.436015],[7.988095,50.435509],[7.989033,50.433783],[7.985164,50.433383],[7.984583,50.431597],[7.987515,50.429491],[7.987782,50.427922],[7.983862,50.425864],[7.981588,50.420701],[7.981239,50.418001],[7.974933,50.414217],[7.966172,50.415213],[7.964192,50.412225],[7.964398,50.410231],[7.969375,50.409891],[7.971559,50.40622],[7.978329,50.406333],[7.982419,50.408097],[7.985487,50.405509],[7.990736,50.399546],[7.997086,50.398541],[8.007495,50.398794],[8.008876,50.400643],[8.014001,50.400943],[8.023757,50.400766],[8.021047,50.398745],[8.021248,50.393069],[8.020304,50.386144],[8.01456,50.384525],[8.017526,50.382753],[8.022358,50.382155],[8.029811,50.382873],[8.030509,50.381655],[8.037869,50.382524],[8.039755,50.38603],[8.042556,50.386054],[8.046405,50.378664],[8.048636,50.37557],[8.050936,50.379517],[8.053547,50.378853],[8.051003,50.375917],[8.057519,50.3734],[8.059757,50.375312],[8.0645,50.367724],[8.065891,50.367222],[8.067324,50.357755],[8.069977,50.358144],[8.071627,50.353723],[8.073084,50.354114],[8.075725,50.347661],[8.075581,50.343346],[8.077209,50.340427],[8.07667,50.33587],[8.072702,50.334265],[8.074385,50.329439],[8.083222,50.330714],[8.087878,50.329606],[8.09407,50.330348],[8.093595,50.328088],[8.097481,50.326621],[8.102678,50.327017],[8.102539,50.323666],[8.105658,50.323155],[8.107159,50.321574],[8.105731,50.318691],[8.105393,50.314552],[8.102414,50.309826],[8.104522,50.309294],[8.10435,50.307015],[8.111105,50.303183],[8.115519,50.302826],[8.118601,50.29968],[8.120575,50.295945],[8.119446,50.294652],[8.120923,50.291697],[8.120544,50.289235],[8.122848,50.287044],[8.11978,50.283037],[8.121914,50.277225],[8.126492,50.279774],[8.130337,50.280792],[8.136634,50.279755],[8.141976,50.281677],[8.143076,50.280467],[8.165578,50.277704],[8.169834,50.276287],[8.173582,50.279469],[8.181091,50.281225],[8.187183,50.284718],[8.198562,50.288615],[8.208946,50.289174],[8.21821,50.29169],[8.221256,50.291557],[8.224476,50.284933],[8.227896,50.283088],[8.22961,50.280312],[8.22984,50.277203],[8.231541,50.274983],[8.238287,50.278279],[8.246229,50.268776],[8.247859,50.265811],[8.253167,50.266131],[8.255947,50.264061],[8.265175,50.269957],[8.277445,50.276019],[8.283423,50.27762],[8.284413,50.276577],[8.289927,50.27852],[8.292515,50.276347],[8.294798,50.277093],[8.300966,50.276536],[8.301569,50.271048],[8.308194,50.270832],[8.31574,50.271957],[8.320495,50.274838],[8.323803,50.275882],[8.323984,50.28171],[8.328448,50.2839],[8.345415,50.283977],[8.348176,50.291806],[8.350616,50.294363],[8.354557,50.29423],[8.3412,50.299011],[8.341598,50.2998],[8.336076,50.30344],[8.337699,50.305471],[8.342445,50.306479],[8.354077,50.305978],[8.361968,50.308644],[8.363366,50.312696],[8.360702,50.316333],[8.358627,50.316809],[8.353712,50.315945],[8.352414,50.318951],[8.350079,50.31925],[8.347909,50.32181],[8.348367,50.324476],[8.345576,50.324996],[8.341617,50.328579],[8.335133,50.330087],[8.3263,50.329218],[8.315194,50.340376],[8.331414,50.345184],[8.338929,50.350024],[8.335395,50.356808],[8.344411,50.356268],[8.345878,50.358022],[8.349482,50.358707],[8.3544,50.3609],[8.352502,50.362701],[8.346206,50.365847],[8.346118,50.367761],[8.349309,50.368335],[8.351136,50.371956],[8.348716,50.373496],[8.357153,50.375655],[8.361514,50.379848],[8.370074,50.382439],[8.382864,50.384057],[8.388254,50.385677],[8.390616,50.389501],[8.388357,50.398101],[8.389031,50.400661],[8.391995,50.404577],[8.401237,50.400434],[8.402451,50.397846],[8.40538,50.397836],[8.408902,50.400646],[8.416518,50.403259],[8.422005,50.404024],[8.425234,50.405597],[8.431639,50.407398],[8.436927,50.40815],[8.446351,50.407404],[8.445242,50.410473],[8.446463,50.411557],[8.458188,50.414979],[8.467215,50.415048]]]}},
{"type":"Feature","id":"DEU:ADM3:DE-HE.marburg-biedenkopf","properties":{"shapeName":"Marburg-Biedenkopf","shapeISO":"","shapeGroup":"DEU","shapeType":"ADM3","adm1ISO":"DE-HE","parentISO":"DE-HE","parentID":"DEU:ADM1:DE-HE","src_shape_id":"24449704B50101601747418"},"geometry":{"type":"Polygon","coordinates":[[[8.918372,50.705606],[8.915677,50.708179],[8.907645,50.713028],[8.908081,50.716886],[8.905138,50.717961],[8.904529,50.719609],[8.909379,50.721214],[8.907467,50.722982],[8.911338,50.724964],[8.918299,50.726574],[8.923033,50.725793],[8.924236,50.728365],[8.928343,50.728943],[8.932178,50.731686],[8.937886,50.730215],[8.940973,50.730751],[8.93934,50.736336],[8.94047,50.738583],[8.946015,50.739873],[8.945886,50.743732],[8.952105,50.74782],[8.955776,50.74921],[8.95498,50.751395],[8.964823,50.755645],[8.96386,50.756642],[8.971832,50.759776],[8.976403,50.76237],[8.984964,50.76466],[8.992412,50.762263],[8.994825,50.762612],[9.002101,50.767889],[9.011806,50.770714],[9.015308,50.771136],[9.015212,50.787982],[9.018573,50.789438],[9.024142,50.794693],[9.026604,50.795408],[9.038864,50.79478],[9.045141,50.79656],[9.057309,50.797963],[9.063711,50.802173],[9.063787,50.803866],[9.069921,50.806668],[9.075578,50.807449],[9.081511,50.809514],[9.092804,50.807394],[9.09496,50.807678],[9.098908,50.811386],[9.095548,50.813083],[9.096374,50.816305],[9.094516,50.818083],[9.097441,50.820485],[9.097839,50.822847],[9.103522,50.828045],[9.108473,50.828807],[9.115241,50.831047],[9.121387,50.831751],[9.129853,50.830411],[9.134231,50.827934],[9.132964,50.825102],[9.134424,50.822789],[9.137454,50.825092],[9.139961,50.830233],[9.145807,50.832947],[9.148869,50.836645],[9.149409,50.841519],[9.14843,50.842594],[9.151587,50.847314],[9.146367,50.849474],[9.145732,50.851169],[9.141579,50.85221],[9.142814,50.85568],[9.141363,50.857642],[9.141807,50.861931],[9.136832,50.865744],[9.130277,50.868158],[9.128075,50.870499],[9.126923,50.874355],[9.121075,50.878254],[9.12252,50.880386],[9.109276,50.886582],[9.110277,50.89022],[9.11233,50.891514],[9.116846,50.889417],[9.124049,50.893394],[9.129567,50.895147],[9.129314,50.896026],[9.133521,50.899072],[9.130434,50.899531],[9.124379,50.904571],[9.121653,50.90965],[9.115002,50.914052],[9.109958,50.918978],[9.105633,50.918742],[9.10067,50.917183],[9.091903,50.920601],[9.090071,50.918912],[9.0913,50.91566],[9.090428,50.913107],[9.082113,50.91659],[9.078859,50.917509],[9.077845,50.915575],[9.079334,50.91157],[9.074642,50.910814],[9.071033,50.913298],[9.064812,50.91627],[9.06011,50.917327],[9.057232,50.919667],[9.055043,50.9182],[9.051512,50.920478],[9.045872,50.920552],[9.035901,50.914847],[9.039934,50.908797],[9.038543,50.906871],[9.032277,50.905631],[9.027143,50.902813],[9.024688,50.905715],[9.020333,50.907046],[9.016657,50.909189],[9.011867,50.910502],[9.016749,50.91479],[9.012298,50.916876],[9.012707,50.919625],[9.009419,50.922097],[9.010333,50.926023],[9.002675,50.925889],[8.999457,50.929598],[8.993024,50.9286],[8.989611,50.929299],[8.984749,50.928474],[8.979225,50.930278],[8.977157,50.929908],[8.973205,50.931856],[8.974877,50.934621],[8.97327,50.936743],[8.9746,50.938304],[8.971734,50.940129],[8.967416,50.945581],[8.953394,50.95065],[8.948173,50.951706],[8.941477,50.9568],[8.93892,50.959519],[8.939564,50.965378],[8.920985,50.967648],[8.917197,50.970987],[8.911467,50.971],[8.909001,50.969218],[8.912727,50.963478],[8.917223,50.960216],[8.915721,50.958288],[8.909606,50.955035],[8.910098,50.95387],[8.90536,50.951418],[8.90191,50.953401],[8.894805,50.953682],[8.893193,50.954568],[8.88159,50.954705],[8.877598,50.958042],[8.871252,50.958178],[8.864783,50.956945],[8.862668,50.957941],[8.858229,50.95813],[8.85465,50.961815],[8.851872,50.961388],[8.849647,50.964255],[8.839993,50.961063],[8.837002,50.958678],[8.833831,50.957518],[8.830429,50.958122],[8.821514,50.957571],[8.818137,50.959142],[8.81618,50.957693],[8.809962,50.957214],[8.802693,50.957478],[8.797341,50.958488],[8.792722,50.958294],[8.785779,50.95642],[8.783251,50.956878],[8.780952,50.959301],[8.777183,50.961414],[8.777451,50.967241],[8.774191,50.96676],[8.771579,50.969612],[8.771723,50.971843],[8.766025,50.978573],[8.75986,50.974944],[8.75398,50.972453],[8.749985,50.972204],[8.741283,50.968958],[8.735219,50.96538],[8.731828,50.964622],[8.731099,50.966632],[8.728062,50.969182],[8.727784,50.971229],[8.734082,50.974682],[8.730639,50.976367],[8.724249,50.976836],[8.721645,50.977805],[8.715334,50.977699],[8.713302,50.979387],[8.709047,50.981068],[8.706781,50.983202],[8.704684,50.989875],[8.707404,50.991816],[8.706146,50.993829],[8.700156,50.991182],[8.694121,50.99125],[8.689478,50.98999],[8.683898,50.992657],[8.682374,50.994434],[8.673137,50.996707],[8.669196,50.994093],[8.669662,50.992012],[8.664376,50.988643],[8.660444,50.983607],[8.661594,50.982005],[8.653299,50.981763],[8.6472,50.980613],[8.654973,50.979117],[8.655344,50.974073],[8.656312,50.971605],[8.647726,50.97206],[8.647147,50.96565],[8.643337,50.966113],[8.636182,50.964561],[8.63631,50.961377],[8.629296,50.959653],[8.619885,50.958016],[8.612377,50.954475],[8.606519,50.954515],[8.602104,50.951302],[8.59728,50.949283],[8.58675,50.950456],[8.580829,50.948595],[8.574261,50.948567],[8.571709,50.950667],[8.568817,50.950331],[8.562004,50.956185],[8.555937,50.955058],[8.547523,50.955907],[8.542064,50.954231],[8.535309,50.953901],[8.527788,50.954836],[8.523603,50.95607],[8.520617,50.95458],[8.516791,50.954748],[8.511917,50.956429],[8.500028,50.962472],[8.495352,50.960844],[8.488584,50.965416],[8.477892,50.969047],[8.475274,50.969578],[8.469218,50.969036],[8.459665,50.96665],[8.460271,50.960648],[8.461528,50.958969],[8.460252,50.957192],[8.459568,50.952319],[8.462277,50.949693],[8.449324,50.941083],[8.451079,50.938354],[8.450463,50.932951],[8.45503,50.930484],[8.454531,50.927586],[8.458676,50.921088],[8.456441,50.916531],[8.450262,50.917169],[8.448332,50.916046],[8.439768,50.916143],[8.433426,50.918239],[8.430348,50.916366],[8.426732,50.912521],[8.418996,50.909152],[8.405901,50.902139],[8.405215,50.89966],[8.396724,50.894516],[8.38803,50.891929],[8.387161,50.890342],[8.388796,50.886347],[8.387167,50.882942],[8.387857,50.879768],[8.385576,50.875793],[8.380376,50.875636],[8.371917,50.874266],[8.368538,50.871629],[8.366588,50.868551],[8.369201,50.864603],[8.367074,50.862925],[8.3586,50.86069],[8.355496,50.862001],[8.356134,50.860194],[8.35463,50.857025],[8.355722,50.854624],[8.360967,50.854064],[8.366432,50.857063],[8.371866,50.85673],[8.376602,50.854531],[8.384271,50.853815],[8.388612,50.84997],[8.39249,50.848789],[8.395701,50.848847],[8.399144,50.847551],[8.403249,50.843388],[8.401826,50.839075],[8.402761,50.837328],[8.398746,50.835257],[8.39541,50.831695],[8.396929,50.82922],[8.395614,50.825302],[8.397844,50.820613],[8.396691,50.815309],[8.393774,50.809108],[8.398002,50.803649],[8.397239,50.800656],[8.400642,50.796694],[8.400342,50.79325],[8.405853,50.790073],[8.411105,50.790914],[8.412752,50.794581],[8.416262,50.794065],[8.425336,50.794222],[8.431715,50.791617],[8.438196,50.792777],[8.441925,50.794184],[8.444444,50.797289],[8.448842,50.796431],[8.451962,50.794596],[8.454814,50.791091],[8.45564,50.788774],[8.458132,50.787648],[8.459317,50.785212],[8.4559,50.783343],[8.449469,50.775074],[8.446005,50.772834],[8.443814,50.770041],[8.433891,50.761469],[8.435274,50.759065],[8.439644,50.757464],[8.439653,50.753396],[8.438631,50.751164],[8.440767,50.747448],[8.440201,50.746142],[8.447717,50.742981],[8.44332,50.739095],[8.44466,50.737013],[8.443608,50.73514],[8.446093,50.733789],[8.443759,50.731713],[8.445762,50.729715],[8.44924,50.729956],[8.448948,50.727557],[8.452534,50.723084],[8.455048,50.722021],[8.462979,50.724834],[8.472095,50.724886],[8.476481,50.727491],[8.479832,50.730566],[8.49114,50.733519],[8.492127,50.735208],[8.498431,50.738027],[8.500287,50.737402],[8.505916,50.738129],[8.512405,50.736305],[8.520739,50.734765],[8.522216,50.732045],[8.530043,50.729925],[8.534014,50.73185],[8.538277,50.732885],[8.53968,50.739659],[8.544729,50.738673],[8.547729,50.736798],[8.543634,50.728583],[8.540385,50.724244],[8.544569,50.722172],[8.545608,50.719048],[8.547307,50.71842],[8.549875,50.714655],[8.550773,50.708249],[8.551602,50.707583],[8.560756,50.706867],[8.56312,50.707741],[8.568429,50.706839],[8.578005,50.706981],[8.569976,50.704057],[8.569306,50.700725],[8.573193,50.699259],[8.57829,50.697301],[8.583546,50.692528],[8.586658,50.6923],[8.587656,50.688689],[8.59313,50.682326],[8.589357,50.680374],[8.58878,50.678967],[8.591385,50.676159],[8.595614,50.675959],[8.599586,50.676761],[8.609218,50.675453],[8.616094,50.676482],[8.619167,50.674603],[8.623333,50.675287],[8.625695,50.679618],[8.62488,50.681558],[8.626585,50.683908],[8.626335,50.685911],[8.635634,50.685271],[8.635766,50.687607],[8.63899,50.691866],[8.641261,50.692128],[8.640125,50.696448],[8.644393,50.69603],[8.648613,50.699135],[8.645899,50.701206],[8.650322,50.703389],[8.654561,50.703006],[8.670226,50.699286],[8.670164,50.696513],[8.674102,50.692201],[8.68019,50.693053],[8.685293,50.691198],[8.688275,50.688823],[8.688122,50.686931],[8.696975,50.684783],[8.705056,50.683468],[8.707609,50.684552],[8.711881,50.688047],[8.71729,50.684405],[8.723105,50.683518],[8.727086,50.680874],[8.741981,50.681821],[8.743757,50.68282],[8.747478,50.687476],[8.751811,50.689422],[8.7546,50.691751],[8.759397,50.694199],[8.766114,50.696487],[8.76918,50.693662],[8.774481,50.692076],[8.777564,50.68764],[8.781852,50.688531],[8.788041,50.692826],[8.795371,50.693879],[8.804321,50.691662],[8.80503,50.69556],[8.803873,50.696605],[8.804216,50.700813],[8.807318,50.700859],[8.814069,50.703063],[8.819237,50.703568],[8.823252,50.704874],[8.833248,50.706033],[8.837513,50.705346],[8.840497,50.707804],[8.845728,50.706212],[8.852025,50.705254],[8.856472,50.703844],[8.863019,50.700202],[8.86456,50.695877],[8.87075,50.695919],[8.874219,50.695185],[8.883248,50.692224],[8.889843,50.694107],[8.894116,50.691799],[8.89686,50.688643],[8.899668,50.688951],[8.904427,50.691906],[8.90856,50.692008],[8.915194,50.696086],[8.917234,50.696114],[8.917184,50.699245],[8.919277,50.703152],[8.918372,50.705606]]]}},
{"type":"Feature","id":"DEU:ADM3:DE-HE.vogelsbergkreis","properties":{"shapeName":"Vogelsbergkreis","shapeISO":"","shapeGroup":"DEU","shapeType":"ADM3","adm1ISO":"DE-HE","parentISO":"DE-HE","parentID":"DEU:ADM1:DE-HE","src_shape_id":"24449704B11268099067857"},"geometry":{"type":"Polygon","coordinates":[[[9.479113,50.440686],[9.474544,50.447286],[9.471206,50.448498],[9.472444,50.449877],[9.46959,50.452758],[9.461105,50.452141],[9.461083,50.455039],[9.456684,50.456181],[9.457008,50.459573],[9.454356,50.462816],[9.454242,50.466915],[9.456628,50.467137],[9.458137,50.46991],[9.460583,50.471924],[9.459907,50.476975],[9.450786,50.47557],[9.438233,50.474483],[9.433825,50.474847],[9.429326,50.476119],[9.427292,50.479349],[9.429862,50.479841],[9.428743,50.483745],[9.434481,50.495094],[9.436564,50.498359],[9.445289,50.500788],[9.448685,50.505183],[9.449237,50.512],[9.446759,50.515531],[9.448038,50.51952],[9.447245,50.521547],[9.455196,50.526201],[9.454242,50.530524],[9.458364,50.536954],[9.462381,50.541715],[9.463501,50.549805],[9.471047,50.551565],[9.476578,50.551821],[9.479945,50.55482],[9.490245,50.557268],[9.490045,50.558679],[9.4944,50.559815],[9.495298,50.564691],[9.497879,50.568205],[9.493557,50.570777],[9.485951,50.571628],[9.478735,50.574021],[9.479181,50.5773],[9.481382,50.579367],[9.48295,50.584865],[9.481601,50.591027],[9.482294,50.592301],[9.488557,50.596838],[9.491337,50.601694],[9.493006,50.601637],[9.495595,50.605538],[9.500872,50.60741],[9.500469,50.611033],[9.495615,50.61337],[9.497321,50.615837],[9.493025,50.617834],[9.488267,50.621556],[9.480375,50.623591],[9.475409,50.625895],[9.473116,50.628547],[9.472565,50.633662],[9.474635,50.638013],[9.480974,50.64466],[9.481509,50.651135],[9.480883,50.653847],[9.470333,50.659855],[9.466069,50.660618],[9.472613,50.664347],[9.476092,50.662588],[9.479414,50.663463],[9.481567,50.66143],[9.483133,50.657782],[9.4886,50.654401],[9.486972,50.652461],[9.490066,50.649447],[9.494148,50.649158],[9.494354,50.642213],[9.499986,50.640885],[9.500664,50.637652],[9.503615,50.63779],[9.506009,50.636443],[9.510124,50.636599],[9.513055,50.637842],[9.520617,50.636925],[9.526491,50.638151],[9.531062,50.637452],[9.53546,50.63963],[9.539594,50.640618],[9.544922,50.637774],[9.544299,50.632937],[9.546217,50.631642],[9.552771,50.630293],[9.555498,50.628436],[9.552523,50.626445],[9.551131,50.623959],[9.552007,50.621887],[9.556285,50.621571],[9.561647,50.619428],[9.564973,50.617197],[9.57055,50.616954],[9.577949,50.612559],[9.579405,50.610438],[9.59035,50.607203],[9.601512,50.608029],[9.60798,50.607228],[9.608071,50.609416],[9.611329,50.609638],[9.612207,50.614709],[9.616809,50.617146],[9.618543,50.615935],[9.62303,50.619524],[9.631852,50.62202],[9.635017,50.622187],[9.638933,50.626167],[9.641732,50.627789],[9.636885,50.631625],[9.628602,50.635938],[9.623064,50.641111],[9.621017,50.645277],[9.620079,50.650599],[9.622658,50.65188],[9.624787,50.655656],[9.628564,50.657308],[9.629514,50.659372],[9.627961,50.660703],[9.636262,50.666337],[9.638569,50.671263],[9.642863,50.671844],[9.648025,50.676135],[9.650019,50.680867],[9.64247,50.680902],[9.638435,50.680098],[9.631933,50.683226],[9.629384,50.683207],[9.626466,50.684733],[9.622574,50.688339],[9.621567,50.695823],[9.618693,50.698382],[9.617231,50.703496],[9.612664,50.706673],[9.611144,50.709136],[9.611751,50.711498],[9.606954,50.720739],[9.6076,50.72473],[9.606825,50.727477],[9.607812,50.72996],[9.611464,50.735477],[9.609614,50.735102],[9.60512,50.73729],[9.607315,50.742616],[9.604486,50.748164],[9.604013,50.752849],[9.604563,50.757442],[9.603467,50.758343],[9.595018,50.760229],[9.592354,50.760083],[9.585601,50.761568],[9.583152,50.765607],[9.575348,50.764906],[9.571849,50.766075],[9.564468,50.764206],[9.558143,50.762051],[9.555436,50.75959],[9.544428,50.756782],[9.538303,50.752717],[9.536219,50.747653],[9.527731,50.742307],[9.521928,50.739246],[9.515962,50.738385],[9.5063,50.734649],[9.503857,50.735528],[9.503277,50.738763],[9.495444,50.74099],[9.495463,50.745399],[9.492037,50.749679],[9.494276,50.753926],[9.491112,50.754422],[9.489882,50.756281],[9.484463,50.757478],[9.478392,50.76331],[9.471997,50.765692],[9.467684,50.764421],[9.460423,50.76346],[9.455503,50.762188],[9.454494,50.763546],[9.457605,50.765914],[9.458993,50.77048],[9.460865,50.770506],[9.461066,50.773603],[9.457656,50.776947],[9.452091,50.773855],[9.450103,50.769518],[9.44778,50.769317],[9.44109,50.770876],[9.440759,50.772312],[9.434353,50.773216],[9.433281,50.77416],[9.435541,50.777106],[9.442244,50.780074],[9.446967,50.780207],[9.448863,50.781735],[9.442849,50.785289],[9.440785,50.792762],[9.441055,50.795644],[9.436517,50.792178],[9.429746,50.791549],[9.425143,50.790454],[9.42246,50.788593],[9.411124,50.790746],[9.404595,50.788894],[9.401713,50.785105],[9.401195,50.777971],[9.397917,50.77525],[9.390951,50.772845],[9.388544,50.77617],[9.385771,50.777592],[9.378201,50.776918],[9.376572,50.77888],[9.377233,50.781496],[9.374106,50.784003],[9.376313,50.784907],[9.3741,50.788944],[9.36539,50.790422],[9.36471,50.792911],[9.365603,50.796294],[9.36367,50.799874],[9.361423,50.79942],[9.35545,50.80036],[9.348992,50.800386],[9.345494,50.798668],[9.33679,50.796476],[9.330772,50.796249],[9.326507,50.797173],[9.322781,50.799637],[9.319412,50.799234],[9.317201,50.800723],[9.315773,50.806081],[9.319144,50.806457],[9.315722,50.810868],[9.312821,50.808796],[9.313794,50.805737],[9.306919,50.804677],[9.303834,50.806044],[9.298583,50.806309],[9.292214,50.803292],[9.286619,50.802443],[9.284383,50.805],[9.27897,50.804737],[9.275587,50.803747],[9.275229,50.8071],[9.271314,50.805853],[9.272101,50.801884],[9.268716,50.800462],[9.264292,50.802716],[9.26101,50.807759],[9.263079,50.810218],[9.26368,50.815596],[9.259874,50.817866],[9.253561,50.817827],[9.253468,50.816255],[9.248503,50.816401],[9.244434,50.817849],[9.241766,50.817014],[9.236685,50.819759],[9.240373,50.823513],[9.238351,50.824891],[9.232167,50.826498],[9.230494,50.820612],[9.228195,50.818977],[9.225344,50.821411],[9.226502,50.824333],[9.221267,50.823976],[9.217335,50.824718],[9.209594,50.822254],[9.201614,50.822315],[9.199763,50.823773],[9.191706,50.826575],[9.187668,50.827386],[9.183761,50.831542],[9.179905,50.831666],[9.172707,50.832943],[9.168345,50.832652],[9.167326,50.834762],[9.159896,50.833722],[9.158419,50.834659],[9.154644,50.833986],[9.148869,50.836645],[9.145807,50.832947],[9.139961,50.830233],[9.137454,50.825092],[9.134424,50.822789],[9.132964,50.825102],[9.134231,50.827934],[9.129853,50.830411],[9.121387,50.831751],[9.115241,50.831047],[9.108473,50.828807],[9.103522,50.828045],[9.097839,50.822847],[9.097441,50.820485],[9.094516,50.818083],[9.096374,50.816305],[9.095548,50.813083],[9.098908,50.811386],[9.09496,50.807678],[9.092804,50.807394],[9.081511,50.809514],[9.075578,50.807449],[9.069921,50.806668],[9.063787,50.803866],[9.063711,50.802173],[9.057309,50.797963],[9.045141,50.79656],[9.038864,50.79478],[9.026604,50.795408],[9.024142,50.794693],[9.018573,50.789438],[9.015212,50.787982],[9.015308,50.771136],[9.011806,50.770714],[9.002101,50.767889],[8.994825,50.762612],[8.992412,50.762263],[8.984964,50.76466],[8.976403,50.76237],[8.971832,50.759776],[8.96386,50.756642],[8.964823,50.755645],[8.95498,50.751395],[8.955776,50.74921],[8.952105,50.74782],[8.945886,50.743732],[8.946015,50.739873],[8.94047,50.738583],[8.93934,50.736336],[8.940973,50.730751],[8.937886,50.730215],[8.932178,50.731686],[8.928343,50.728943],[8.924236,50.728365],[8.923033,50.725793],[8.918299,50.726574],[8.911338,50.724964],[8.907467,50.722982],[8.909379,50.721214],[8.904529,50.719609],[8.905138,50.717961],[8.908081,50.716886],[8.907645,50.713028],[8.915677,50.708179],[8.918372,50.705606],[8.922152,50.709059],[8.923944,50.709309],[8.928143,50.707107],[8.931198,50.707274],[8.939199,50.705781],[8.948915,50.699162],[8.95103,50.69604],[8.9512,50.693909],[8.957307,50.687466],[8.95784,50.685043],[8.960857,50.682924],[8.971157,50.677661],[8.969573,50.672834],[8.969258,50.669068],[8.971591,50.660936],[8.972877,50.659279],[8.970585,50.657944],[8.966974,50.652352],[8.965824,50.649421],[8.967123,50.646064],[8.961611,50.647556],[8.957709,50.651707],[8.956801,50.65435],[8.949973,50.653179],[8.940641,50.653278],[8.943845,50.648453],[8.953992,50.642541],[8.958208,50.641283],[8.957991,50.636727],[8.96196,50.632217],[8.964755,50.631993],[8.966144,50.630203],[8.971614,50.629924],[8.976399,50.627674],[8.98258,50.627756],[8.988097,50.625587],[8.994628,50.629245],[8.999411,50.626589],[8.997721,50.624588],[9.005868,50.624207],[9.007548,50.621673],[9.004277,50.620875],[9.006175,50.618146],[9.006826,50.613699],[9.009754,50.611469],[9.008095,50.609846],[9.002476,50.601998],[9.006758,50.600334],[9.011536,50.597264],[9.019959,50.600434],[9.022733,50.599132],[9.030521,50.599163],[9.040132,50.601562],[9.040797,50.598393],[9.039662,50.595633],[9.043238,50.596135],[9.050125,50.599888],[9.052,50.597778],[9.059242,50.594412],[9.062497,50.587911],[9.067013,50.587861],[9.066012,50.585391],[9.062366,50.582336],[9.066939,50.579048],[9.069467,50.574931],[9.074599,50.572556],[9.074032,50.569372],[9.077417,50.5663],[9.082628,50.565932],[9.089646,50.567035],[9.092645,50.568322],[9.101868,50.567975],[9.110448,50.566927],[9.11903,50.564846],[9.12066,50.560822],[9.130184,50.557363],[9.134108,50.556986],[9.134058,50.553872],[9.130378,50.551201],[9.130344,50.547276],[9.129089,50.54419],[9.126539,50.54293],[9.127728,50.540901],[9.118947,50.539436],[9.113867,50.53971],[9.109384,50.53835],[9.108262,50.536879],[9.109436,50.531521],[9.103567,50.525232],[9.100196,50.522284],[9.101494,50.518979],[9.093665,50.516958],[9.092634,50.515569],[9.088664,50.517554],[9.07985,50.516825],[9.074787,50.517158],[9.072387,50.512548],[9.068368,50.511985],[9.061199,50.50781],[9.052023,50.507624],[9.046886,50.505201],[9.047615,50.503077],[9.040577,50.501612],[9.042425,50.49799],[9.047368,50.499663],[9.057705,50.500011],[9.077227,50.495374],[9.07671,50.493361],[9.072059,50.489956],[9.068986,50.488964],[9.06142,50.484991],[9.060882,50.480925],[9.062071,50.478474],[9.059128,50.475576],[9.05868,50.471158],[9.061772,50.468446],[9.061942,50.464749],[9.070302,50.456324],[9.076027,50.459164],[9.08078,50.459547],[9.085766,50.456891],[9.094378,50.457383],[9.091211,50.449713],[9.093947,50.449683],[9.09588,50.445837],[9.094686,50.443348],[9.087106,50.43942],[9.087425,50.438349],[9.097629,50.435622],[9.102159,50.436911],[9.107714,50.434706],[9.113999,50.436044],[9.122991,50.436851],[9.131444,50.435431],[9.144581,50.437082],[9.145927,50.442203],[9.153964,50.439155],[9.149507,50.437408],[9.147345,50.435664],[9.148107,50.433684],[9.144999,50.430525],[9.148023,50.430418],[9.150565,50.432131],[9.151732,50.434518],[9.155706,50.437435],[9.161033,50.439378],[9.164769,50.442274],[9.172527,50.44501],[9.179578,50.443858],[9.184404,50.445641],[9.190304,50.443774],[9.193213,50.44458],[9.195141,50.446717],[9.204929,50.451543],[9.210252,50.452703],[9.21885,50.456389],[9.227723,50.459221],[9.235348,50.460498],[9.24425,50.461139],[9.249699,50.462459],[9.256646,50.462666],[9.259528,50.46337],[9.259982,50.459476],[9.258557,50.456852],[9.26547,50.448662],[9.26546,50.444775],[9.270657,50.442185],[9.269937,50.440629],[9.271589,50.437785],[9.274693,50.439789],[9.278023,50.440706],[9.281058,50.438876],[9.286735,50.437298],[9.288048,50.444844],[9.290789,50.45002],[9.28501,50.453316],[9.284791,50.456739],[9.288886,50.45935],[9.288878,50.461815],[9.297537,50.463436],[9.303123,50.458935],[9.310347,50.456856],[9.316658,50.454239],[9.321074,50.454042],[9.327913,50.45224],[9.335956,50.451862],[9.339917,50.449572],[9.340682,50.445422],[9.346046,50.442758],[9.353777,50.436068],[9.354312,50.432824],[9.357045,50.426989],[9.354965,50.420837],[9.358575,50.421232],[9.360914,50.417719],[9.3533,50.419794],[9.350753,50.419697],[9.34969,50.416861],[9.353215,50.414834],[9.350219,50.411691],[9.348461,50.406905],[9.342945,50.40505],[9.344,50.402802],[9.339967,50.40079],[9.34596,50.396053],[9.351902,50.392484],[9.34694,50.38972],[9.348794,50.387996],[9.349258,50.385486],[9.356631,50.385474],[9.364524,50.386181],[9.365729,50.389196],[9.364922,50.394074],[9.369127,50.395403],[9.376752,50.395009],[9.381225,50.391606],[9.386695,50.39067],[9.39734,50.38989],[9.399347,50.391693],[9.400898,50.396061],[9.41208,50.404365],[9.418501,50.403751],[9.429343,50.406737],[9.434306,50.407129],[9.437946,50.409916],[9.435733,50.413271],[9.439045,50.417782],[9.441085,50.422435],[9.436433,50.430836],[9.444585,50.428397],[9.446808,50.425412],[9.451441,50.426093],[9.454307,50.428342],[9.45368,50.431792],[9.463641,50.436255],[9.463928,50.437913],[9.466693,50.440341],[9.469223,50.439352],[9.473632,50.442617],[9.479113,50.440686]]]}},
{"type":"Feature","id":"DEU:ADM3:DE-HE.kassel-kreisfreie-stadt","properties":{"shapeName":"Kassel, Kreisfreie Stadt","shapeISO":"","shapeGroup":"DEU","shapeType":"ADM3","adm1ISO":"DE-HE","parentISO":"DE-HE","parentID":"DEU:ADM1:DE-HE","src_shape_id":"24449704B76292363002710"},"geometry":{"type":"MultiPolygon","coordinates":[[[[9.557291,51.351379],[9.550043,51.353048],[9.544951,51.349195],[9.54077,51.339087],[9.5393,51.337377],[9.534984,51.338637],[9.531472,51.338284],[9.530812,51.340542],[9.524804,51.339959],[9.521823,51.34142],[9.516511,51.341234],[9.511127,51.342511],[9.510548,51.343973],[9.503943,51.342831],[9.503032,51.347014],[9.500054,51.350968],[9.495481,51.352423],[9.490403,51.348699],[9.484044,51.345873],[9.473236,51.346022],[9.46855,51.34269],[9.465506,51.342841],[9.465932,51.345004],[9.462795,51.34521],[9.460351,51.343398],[9.447785,51.34756],[9.439446,51.3478],[9.440037,51.349578],[9.432035,51.350783],[9.422472,51.354169],[9.416515,51.352935],[9.408273,51.35186],[9.404771,51.352215],[9.397343,51.35102],[9.39758,51.353668],[9.393562,51.352865],[9.389915,51.35095],[9.384133,51.350572],[9.380783,51.347687],[9.378611,51.35015],[9.374752,51.350482],[9.370011,51.3487],[9.371922,51.345767],[9.373593,51.340965],[9.372704,51.338156],[9.374803,51.334377],[9.379258,51.331248],[9.380662,51.328449],[9.380281,51.324639],[9.379091,51.323386],[9.381837,51.319765],[9.377497,51.317486],[9.366904,51.316562],[9.361353,51.315223],[9.356889,51.315965],[9.35576,51.312741],[9.357113,51.309155],[9.351519,51.307211],[9.357668,51.306021],[9.357607,51.303104],[9.362926,51.299287],[9.363583,51.295343],[9.362613,51.292805],[9.369505,51.293231],[9.369933,51.291598],[9.368699,51.287501],[9.374093,51.284008],[9.378047,51.282507],[9.382437,51.2855],[9.389352,51.285521],[9.387359,51.283666],[9.389152,51.281929],[9.39364,51.28144],[9.400294,51.281584],[9.403894,51.281042],[9.40625,51.279084],[9.413301,51.27636],[9.418349,51.273402],[9.425226,51.270694],[9.441747,51.268343],[9.448377,51.266927],[9.454407,51.267295],[9.459841,51.264176],[9.482835,51.261941],[9.482947,51.263558],[9.486039,51.265729],[9.486754,51.269739],[9.491006,51.270756],[9.491215,51.276033],[9.490464,51.283718],[9.498678,51.282461],[9.496757,51.278254],[9.498363,51.275982],[9.5014,51.275937],[9.507389,51.274385],[9.513132,51.274013],[9.512962,51.272311],[9.520187,51.272453],[9.529372,51.277597],[9.529642,51.278569],[9.523573,51.283341],[9.533532,51.28655],[9.537261,51.28816],[9.541811,51.285318],[9.557089,51.294003],[9.559554,51.297573],[9.55666,51.305018],[9.554115,51.308029],[9.554743,51.311031],[9.547426,51.312186],[9.546577,51.311586],[9.538539,51.314335],[9.530674,51.318185],[9.532621,51.319373],[9.540715,51.322373],[9.540044,51.325391],[9.543841,51.327327],[9.54785,51.328264],[9.565781,51.328125],[9.569441,51.331771],[9.569622,51.337747],[9.568025,51.340001],[9.561324,51.345275],[9.558534,51.348204],[9.557291,51.351379]]],[[[9.548441,51.358955],[9.550134,51.361884],[9.542993,51.364553],[9.538071,51.368291],[9.533297,51.368396],[9.531808,51.366755],[9.532162,51.36423],[9.53871,51.361098],[9.548441,51.358955]]]]}},
{"type":"Feature","id":"DEU:ADM3:DE-HE.fulda","properties":{"shapeName":"Fulda","shapeISO":"","shapeGroup":"DEU","shapeType":"ADM3","adm1ISO":"DE-HE","parentISO":"DE-HE","parentID":"DEU:ADM1:DE-HE","src_shape_id":"24449704B84714376451878"},"geometry":{"type":"Polygon","coordinates":[[[9.935655,50.419606],[9.943399,50.423288],[9.94669,50.423763],[9.952156,50.422448],[9.957837,50.423204],[9.962728,50.426547],[9.962092,50.42919],[9.966811,50.434531],[9.97287,50.436546],[9.973635,50.438691],[9.97857,50.442141],[9.985544,50.443423],[9.989985,50.447123],[9.991192,50.449662],[9.99369,50.451446],[9.992885,50.455228],[9.996236,50.45811],[9.99746,50.460986],[10.003292,50.462675],[10.005066,50.464222],[10.014991,50.46681],[10.018307,50.466455],[10.02032,50.469505],[10.022022,50.475468],[10.02807,50.479381],[10.033485,50.481121],[10.033337,50.484693],[10.032037,50.486397],[10.034914,50.488004],[10.034445,50.490133],[10.038012,50.491683],[10.041188,50.495188],[10.039476,50.49861],[10.037106,50.500022],[10.03882,50.501537],[10.039858,50.505666],[10.04215,50.509373],[10.039818,50.514033],[10.041338,50.51647],[10.042464,50.519101],[10.0422,50.522987],[10.03918,50.524405],[10.03833,50.529],[10.039693,50.532586],[10.04246,50.534001],[10.047899,50.539448],[10.047219,50.545519],[10.053927,50.551438],[10.056918,50.55468],[10.061829,50.556687],[10.057187,50.559927],[10.05394,50.560373],[10.050453,50.563203],[10.050091,50.565727],[10.046359,50.571255],[10.045109,50.575221],[10.04626,50.581482],[10.049808,50.584723],[10.049559,50.588351],[10.047612,50.594045],[10.049018,50.595598],[10.048798,50.598621],[10.047363,50.600793],[10.040272,50.604508],[10.037268,50.610884],[10.037191,50.612926],[10.041371,50.616407],[10.044239,50.617036],[10.047775,50.619461],[10.04547,50.621217],[10.050026,50.623777],[10.05519,50.623911],[10.057504,50.62612],[10.0605,50.626046],[10.067222,50.624146],[10.067979,50.621863],[10.072265,50.619632],[10.075478,50.620192],[10.08105,50.620025],[10.082096,50.631165],[10.082965,50.633705],[10.078584,50.634688],[10.079563,50.635978],[10.076798,50.638227],[10.071305,50.649169],[10.071786,50.650599],[10.070397,50.655079],[10.067369,50.657176],[10.064651,50.658742],[10.057212,50.666162],[10.056324,50.668077],[10.05403,50.671163],[10.048934,50.673933],[10.03135,50.675548],[10.02711,50.673851],[10.01991,50.673132],[10.001995,50.676603],[9.989541,50.674595],[9.977078,50.668355],[9.974677,50.66869],[9.973603,50.665947],[9.969296,50.667534],[9.963033,50.666541],[9.96069,50.668444],[9.951484,50.665927],[9.947575,50.662305],[9.950876,50.660318],[9.948992,50.658083],[9.949711,50.655873],[9.957001,50.65115],[9.968902,50.641259],[9.960899,50.636197],[9.960722,50.629484],[9.949895,50.62844],[9.945928,50.626826],[9.940086,50.628654],[9.934462,50.628674],[9.931423,50.629667],[9.926933,50.629812],[9.925341,50.632509],[9.922097,50.634507],[9.916114,50.636618],[9.91038,50.636348],[9.906106,50.640382],[9.902793,50.63948],[9.899723,50.637121],[9.886109,50.633936],[9.878551,50.634781],[9.878672,50.638688],[9.876976,50.641743],[9.883884,50.64948],[9.884603,50.655089],[9.882591,50.661647],[9.879554,50.666454],[9.881734,50.668634],[9.88234,50.670998],[9.881273,50.673379],[9.883665,50.67382],[9.888578,50.676867],[9.894678,50.68372],[9.898956,50.682402],[9.90201,50.68411],[9.906225,50.684191],[9.912656,50.688307],[9.912076,50.690808],[9.914542,50.691363],[9.91554,50.693696],[9.923142,50.694198],[9.920265,50.697825],[9.913971,50.700393],[9.910652,50.700691],[9.908891,50.704532],[9.911837,50.708702],[9.930634,50.722314],[9.935162,50.724118],[9.934299,50.726345],[9.935771,50.72855],[9.935795,50.734007],[9.9395,50.736567],[9.941503,50.739139],[9.940199,50.746169],[9.939614,50.75592],[9.933799,50.757537],[9.92665,50.756559],[9.922177,50.757708],[9.920126,50.759612],[9.923266,50.764719],[9.926176,50.76739],[9.919149,50.768247],[9.91027,50.772749],[9.907945,50.775547],[9.902597,50.776272],[9.89679,50.778679],[9.893974,50.778365],[9.889527,50.77656],[9.886824,50.778183],[9.888023,50.787368],[9.887964,50.790759],[9.88091,50.796031],[9.875583,50.796281],[9.866352,50.794865],[9.858764,50.794895],[9.842458,50.790411],[9.830782,50.792118],[9.829495,50.790616],[9.82029,50.793973],[9.814297,50.794145],[9.806067,50.796687],[9.807458,50.800546],[9.802356,50.803683],[9.797907,50.801209],[9.793647,50.803109],[9.789705,50.803642],[9.776438,50.799394],[9.77266,50.802214],[9.773899,50.804705],[9.771905,50.809633],[9.768126,50.808844],[9.766192,50.807185],[9.761511,50.806877],[9.761357,50.804914],[9.758644,50.804051],[9.758133,50.80052],[9.760152,50.796727],[9.753598,50.795524],[9.751481,50.798291],[9.747734,50.797304],[9.744822,50.794766],[9.740313,50.794466],[9.738033,50.792337],[9.730735,50.789841],[9.724842,50.790846],[9.724323,50.783626],[9.72753,50.781083],[9.721656,50.781127],[9.715555,50.774947],[9.715998,50.772523],[9.710327,50.770268],[9.708825,50.768177],[9.712545,50.765829],[9.712949,50.763736],[9.717796,50.76321],[9.719267,50.760944],[9.72314,50.760088],[9.724258,50.757657],[9.727007,50.755309],[9.727825,50.753029],[9.724094,50.751321],[9.721797,50.746177],[9.716394,50.743612],[9.709354,50.738939],[9.702498,50.738541],[9.692602,50.734559],[9.686028,50.742998],[9.681893,50.741052],[9.680537,50.739117],[9.682255,50.734954],[9.679393,50.728392],[9.669242,50.718929],[9.662982,50.717783],[9.656646,50.718583],[9.653478,50.720654],[9.651281,50.7239],[9.648481,50.729895],[9.639177,50.730521],[9.635885,50.728373],[9.629704,50.735174],[9.626754,50.737482],[9.619748,50.740552],[9.616384,50.737755],[9.611464,50.735477],[9.607812,50.72996],[9.606825,50.727477],[9.6076,50.72473],[9.606954,50.720739],[9.611751,50.711498],[9.611144,50.709136],[9.612664,50.706673],[9.617231,50.703496],[9.618693,50.698382],[9.621567,50.695823],[9.622574,50.688339],[9.626466,50.684733],[9.629384,50.683207],[9.631933,50.683226],[9.638435,50.680098],[9.64247,50.680902],[9.650019,50.680867],[9.648025,50.676135],[9.642863,50.671844],[9.638569,50.671263],[9.636262,50.666337],[9.627961,50.660703],[9.629514,50.659372],[9.628564,50.657308],[9.624787,50.655656],[9.622658,50.65188],[9.620079,50.650599],[9.621017,50.645277],[9.623064,50.641111],[9.628602,50.635938],[9.636885,50.631625],[9.641732,50.627789],[9.638933,50.626167],[9.635017,50.622187],[9.631852,50.62202],[9.62303,50.619524],[9.618543,50.615935],[9.616809,50.617146],[9.612207,50.614709],[9.611329,50.609638],[9.608071,50.609416],[9.60798,50.607228],[9.601512,50.608029],[9.59035,50.607203],[9.579405,50.610438],[9.577949,50.612559],[9.57055,50.616954],[9.564973,50.617197],[9.561647,50.619428],[9.556285,50.621571],[9.552007,50.621887],[9.551131,50.623959],[9.552523,50.626445],[9.555498,50.628436],[9.552771,50.630293],[9.546217,50.631642],[9.544299,50.632937],[9.544922,50.637774],[9.539594,50.640618],[9.53546,50.63963],[9.531062,50.637452],[9.526491,50.638151],[9.520617,50.636925],[9.513055,50.637842],[9.510124,50.636599],[9.506009,50.636443],[9.503615,50.63779],[9.500664,50.637652],[9.499986,50.640885],[9.494354,50.642213],[9.494148,50.649158],[9.490066,50.649447],[9.486972,50.652461],[9.4886,50.654401],[9.483133,50.657782],[9.481567,50.66143],[9.479414,50.663463],[9.476092,50.662588],[9.472613,50.664347],[9.466069,50.660618],[9.470333,50.659855],[9.480883,50.653847],[9.481509,50.651135],[9.480974,50.64466],[9.474635,50.638013],[9.472565,50.633662],[9.473116,50.628547],[9.475409,50.625895],[9.480375,50.623591],[9.488267,50.621556],[9.493025,50.617834],[9.497321,50.615837],[9.495615,50.61337],[9.500469,50.611033],[9.500872,50.60741],[9.495595,50.605538],[9.493006,50.601637],[9.491337,50.601694],[9.488557,50.596838],[9.482294,50.592301],[9.481601,50.591027],[9.48295,50.584865],[9.481382,50.579367],[9.479181,50.5773],[9.478735,50.574021],[9.485951,50.571628],[9.493557,50.570777],[9.497879,50.568205],[9.495298,50.564691],[9.4944,50.559815],[9.490045,50.558679],[9.490245,50.557268],[9.479945,50.55482],[9.476578,50.551821],[9.471047,50.551565],[9.463501,50.549805],[9.462381,50.541715],[9.458364,50.536954],[9.454242,50.530524],[9.455196,50.526201],[9.447245,50.521547],[9.448038,50.51952],[9.446759,50.515531],[9.449237,50.512],[9.448685,50.505183],[9.445289,50.500788],[9.436564,50.498359],[9.434481,50.495094],[9.428743,50.483745],[9.429862,50.479841],[9.427292,50.479349],[9.429326,50.476119],[9.433825,50.474847],[9.438233,50.474483],[9.450786,50.47557],[9.459907,50.476975],[9.460583,50.471924],[9.458137,50.46991],[9.456628,50.467137],[9.454242,50.466915],[9.454356,50.462816],[9.457008,50.459573],[9.456684,50.456181],[9.461083,50.455039],[9.461105,50.452141],[9.46959,50.452758],[9.472444,50.449877],[9.471206,50.448498],[9.474544,50.447286],[9.479113,50.440686],[9.481477,50.439528],[9.482003,50.437362],[9.48486,50.435562],[9.484129,50.428294],[9.486757,50.418797],[9.487256,50.41396],[9.488554,50.412523],[9.49205,50.412365],[9.502135,50.408424],[9.509707,50.40441],[9.511641,50.402195],[9.519428,50.399428],[9.520393,50.397708],[9.530116,50.394506],[9.533144,50.394424],[9.53561,50.391806],[9.541784,50.387389],[9.546164,50.386812],[9.549232,50.38403],[9.555656,50.381599],[9.560827,50.381291],[9.563623,50.383281],[9.562045,50.384911],[9.565818,50.385767],[9.574306,50.385356],[9.577853,50.387038],[9.581863,50.386464],[9.58754,50.387424],[9.591418,50.388726],[9.597863,50.389524],[9.600684,50.391417],[9.605648,50.391663],[9.6129,50.393726],[9.615991,50.390258],[9.622209,50.390481],[9.628181,50.386477],[9.627584,50.385575],[9.631984,50.382495],[9.637239,50.381358],[9.651177,50.376333],[9.663619,50.375642],[9.670174,50.372803],[9.674893,50.372018],[9.682024,50.372945],[9.683363,50.368851],[9.686491,50.365729],[9.689371,50.361486],[9.690742,50.360766],[9.699229,50.359283],[9.701708,50.360478],[9.708556,50.359965],[9.717519,50.360329],[9.719575,50.359143],[9.722497,50.36006],[9.732914,50.35615],[9.737515,50.359162],[9.743314,50.362175],[9.746204,50.36618],[9.744441,50.371702],[9.750036,50.378154],[9.754471,50.386911],[9.754231,50.391382],[9.75713,50.399418],[9.759293,50.402419],[9.757484,50.406104],[9.753407,50.410452],[9.751292,50.411527],[9.751561,50.414928],[9.754016,50.417538],[9.756797,50.41839],[9.758516,50.422805],[9.762064,50.425867],[9.765142,50.425007],[9.769696,50.425715],[9.777785,50.419345],[9.783251,50.41945],[9.786717,50.423388],[9.789425,50.425145],[9.795149,50.425151],[9.80259,50.423997],[9.809104,50.421418],[9.811265,50.417129],[9.808774,50.415144],[9.807988,50.412431],[9.813523,50.412959],[9.814818,50.411068],[9.821245,50.407936],[9.825707,50.406804],[9.838412,50.405475],[9.847515,50.400543],[9.860046,50.397474],[9.864178,50.401175],[9.865076,50.40459],[9.86912,50.407483],[9.869997,50.409269],[9.873323,50.408999],[9.877233,50.402947],[9.883101,50.398893],[9.890394,50.402891],[9.894255,50.403911],[9.901015,50.403784],[9.916964,50.410704],[9.919022,50.410553],[9.922687,50.412542],[9.926694,50.416503],[9.935655,50.419606]]]}},
{"type":"Feature","id":"DEU:ADM3:DE-HE.hersfeld-rotenburg","properties":{"shapeName":"Hersfeld-Rotenburg","shapeISO":"","shapeGroup":"DEU","shapeType":"ADM3","adm1ISO":"DE-HE","parentISO":"DE-HE","parentID":"DEU:ADM1:DE-HE","src_shape_id":"24449704B21625014531941"},"geometry":{"type":"Polygon","coordinates":[[[9.611464,50.735477],[9.616384,50.737755],[9.619748,50.740552],[9.626754,50.737482],[9.629704,50.735174],[9.635885,50.728373],[9.639177,50.730521],[9.648481,50.729895],[9.651281,50.7239],[9.653478,50.720654],[9.656646,50.718583],[9.662982,50.717783],[9.669242,50.718929],[9.679393,50.728392],[9.682255,50.734954],[9.680537,50.739117],[9.681893,50.741052],[9.686028,50.742998],[9.692602,50.734559],[9.702498,50.738541],[9.709354,50.738939],[9.716394,50.743612],[9.721797,50.746177],[9.724094,50.751321],[9.727825,50.753029],[9.727007,50.755309],[9.724258,50.757657],[9.72314,50.760088],[9.719267,50.760944],[9.717796,50.76321],[9.712949,50.763736],[9.712545,50.765829],[9.708825,50.768177],[9.710327,50.770268],[9.715998,50.772523],[9.715555,50.774947],[9.721656,50.781127],[9.72753,50.781083],[9.724323,50.783626],[9.724842,50.790846],[9.730735,50.789841],[9.738033,50.792337],[9.740313,50.794466],[9.744822,50.794766],[9.747734,50.797304],[9.751481,50.798291],[9.753598,50.795524],[9.760152,50.796727],[9.758133,50.80052],[9.758644,50.804051],[9.761357,50.804914],[9.761511,50.806877],[9.766192,50.807185],[9.768126,50.808844],[9.771905,50.809633],[9.773899,50.804705],[9.77266,50.802214],[9.776438,50.799394],[9.789705,50.803642],[9.793647,50.803109],[9.797907,50.801209],[9.802356,50.803683],[9.807458,50.800546],[9.806067,50.796687],[9.814297,50.794145],[9.82029,50.793973],[9.829495,50.790616],[9.830782,50.792118],[9.842458,50.790411],[9.858764,50.794895],[9.866352,50.794865],[9.875583,50.796281],[9.88091,50.796031],[9.887964,50.790759],[9.888023,50.787368],[9.886824,50.778183],[9.889527,50.77656],[9.893974,50.778365],[9.89679,50.778679],[9.902597,50.776272],[9.907945,50.775547],[9.91027,50.772749],[9.919149,50.768247],[9.926176,50.76739],[9.928921,50.769634],[9.927813,50.772559],[9.925526,50.774666],[9.928431,50.776594],[9.935473,50.775515],[9.941695,50.77523],[9.942349,50.777005],[9.945426,50.778928],[9.94875,50.778692],[9.947187,50.775542],[9.943318,50.771234],[9.950588,50.772052],[9.952258,50.773571],[9.951832,50.777267],[9.954092,50.779356],[9.94978,50.78038],[9.951398,50.782754],[9.955135,50.78555],[9.949432,50.788233],[9.949127,50.790022],[9.944066,50.794209],[9.94357,50.797698],[9.9456,50.801262],[9.953332,50.807894],[9.956677,50.809619],[9.954716,50.810969],[9.957437,50.812358],[9.956417,50.816051],[9.950234,50.815181],[9.95032,50.817624],[9.952253,50.821375],[9.962088,50.824374],[9.966832,50.826657],[9.970162,50.82986],[9.976816,50.833273],[9.980172,50.831688],[9.984265,50.831888],[9.983849,50.829619],[9.987653,50.828265],[9.993124,50.828535],[9.994646,50.825762],[9.997639,50.827688],[10.001949,50.828897],[10.001181,50.83037],[10.002963,50.833903],[10.006836,50.837682],[10.010844,50.834964],[10.01856,50.833448],[10.023055,50.831631],[10.028488,50.835808],[10.028166,50.839788],[10.026807,50.841283],[10.034464,50.842717],[10.037752,50.845295],[10.035884,50.847312],[10.03862,50.853115],[10.035993,50.853856],[10.031409,50.851895],[10.026837,50.850866],[10.021929,50.847857],[10.020981,50.852224],[10.018689,50.855671],[10.018704,50.858613],[10.021893,50.864486],[10.024282,50.867231],[10.033175,50.869409],[10.036932,50.871323],[10.03903,50.87376],[10.043618,50.874597],[10.044474,50.875966],[10.052559,50.879497],[10.055981,50.879772],[10.057214,50.886428],[10.056238,50.887397],[10.058445,50.890175],[10.054449,50.891501],[10.053457,50.890071],[10.049729,50.89115],[10.047868,50.88885],[10.041952,50.89334],[10.046767,50.895273],[10.047232,50.897807],[10.051028,50.898432],[10.038375,50.903382],[10.034231,50.910299],[10.028922,50.910277],[10.024851,50.911799],[10.024667,50.914471],[10.019645,50.916997],[10.016225,50.917547],[10.015636,50.920624],[10.011102,50.919975],[10.003664,50.921551],[9.999912,50.920099],[9.993013,50.91602],[9.985334,50.910234],[9.984492,50.906993],[9.97822,50.905299],[9.971464,50.907411],[9.968324,50.911465],[9.973105,50.916624],[9.981892,50.919948],[9.985793,50.924607],[9.985666,50.92792],[9.987701,50.927843],[9.98753,50.931042],[9.990333,50.935168],[9.982775,50.932737],[9.974856,50.931721],[9.96556,50.933581],[9.963722,50.932229],[9.966068,50.928755],[9.961759,50.926569],[9.960774,50.924315],[9.957144,50.9226],[9.949685,50.926508],[9.953332,50.927725],[9.955367,50.930192],[9.956556,50.933662],[9.954772,50.937189],[9.951894,50.938516],[9.950087,50.94225],[9.960282,50.942173],[9.963722,50.942755],[9.968315,50.941335],[9.975074,50.943423],[9.980937,50.940707],[9.982086,50.939055],[9.991006,50.943566],[9.99376,50.941288],[9.99808,50.939424],[9.999285,50.936644],[10.002563,50.938801],[10.00338,50.940632],[10.011401,50.934814],[10.013557,50.934735],[10.017563,50.937132],[10.016578,50.939632],[10.019415,50.940729],[10.024295,50.941084],[10.024901,50.943751],[10.027301,50.943418],[10.029644,50.940228],[10.029439,50.938113],[10.039324,50.939192],[10.047869,50.939091],[10.053616,50.939779],[10.062346,50.943784],[10.063865,50.945433],[10.061192,50.947973],[10.053161,50.946057],[10.047869,50.946119],[10.044797,50.947315],[10.04295,50.949842],[10.045561,50.950896],[10.042916,50.95376],[10.042037,50.957234],[10.036363,50.959029],[10.032161,50.959635],[10.03499,50.961761],[10.040949,50.967526],[10.039715,50.968779],[10.033445,50.97141],[10.033062,50.973494],[10.028064,50.975588],[10.024257,50.976201],[10.023239,50.978397],[10.019131,50.981722],[10.023493,50.984425],[10.021559,50.992949],[10.015184,50.995254],[10.012617,50.994005],[10.001635,50.992328],[9.996445,50.995682],[9.99004,50.997283],[9.986331,51.001306],[9.981334,51.001914],[9.982758,51.004601],[9.987473,51.005126],[9.988951,51.008183],[9.987179,51.010989],[9.98973,51.012333],[9.989633,51.014332],[9.994293,51.017834],[9.994914,51.023748],[10.002908,51.025977],[9.998103,51.029601],[9.991285,51.029445],[9.986519,51.030669],[9.986986,51.033123],[9.981493,51.033568],[9.978256,51.035965],[9.973309,51.036789],[9.970094,51.038376],[9.966553,51.03853],[9.960981,51.041492],[9.953991,51.047254],[9.949188,51.049103],[9.943781,51.050031],[9.939702,51.048527],[9.936606,51.04944],[9.934603,51.052263],[9.928915,51.052829],[9.923507,51.051489],[9.921502,51.048528],[9.921637,51.046864],[9.917912,51.044596],[9.913631,51.044539],[9.910795,51.046369],[9.905639,51.045533],[9.898187,51.046053],[9.894809,51.044464],[9.892418,51.048011],[9.886934,51.046181],[9.881183,51.046735],[9.876581,51.048568],[9.871536,51.049655],[9.86602,51.048711],[9.866704,51.05474],[9.864803,51.057986],[9.86565,51.061815],[9.86018,51.059878],[9.858434,51.060147],[9.857094,51.063118],[9.850378,51.065492],[9.847921,51.068628],[9.840768,51.069469],[9.82679,51.072251],[9.825668,51.075726],[9.821759,51.082254],[9.822983,51.08476],[9.81777,51.085568],[9.811673,51.082789],[9.807328,51.082466],[9.802306,51.081087],[9.797954,51.080791],[9.792843,51.082451],[9.787498,51.082653],[9.783349,51.082105],[9.777533,51.083158],[9.775163,51.0803],[9.768555,51.077272],[9.766146,51.075151],[9.761177,51.072367],[9.756499,51.072832],[9.753313,51.072065],[9.748061,51.069188],[9.74393,51.069468],[9.732287,51.074807],[9.722708,51.075399],[9.716173,51.079688],[9.703349,51.079494],[9.696035,51.078252],[9.693568,51.077174],[9.692946,51.075163],[9.686903,51.071963],[9.681635,51.067805],[9.678513,51.066712],[9.677931,51.0649],[9.669791,51.060145],[9.667071,51.062141],[9.658397,51.061701],[9.654181,51.058818],[9.646969,51.059665],[9.640957,51.056625],[9.637719,51.050938],[9.643407,51.049719],[9.639649,51.045584],[9.639963,51.040943],[9.632423,51.038107],[9.625586,51.032081],[9.623803,51.032068],[9.619482,51.029687],[9.614166,51.029359],[9.610196,51.028024],[9.607351,51.026094],[9.602519,51.025085],[9.600107,51.023663],[9.593215,51.0237],[9.590677,51.024364],[9.583633,51.02412],[9.580183,51.026882],[9.571682,51.028866],[9.573016,51.027104],[9.573407,51.023783],[9.578298,51.023349],[9.577777,51.021608],[9.573807,51.016781],[9.573125,51.013815],[9.564968,51.013678],[9.564805,51.012552],[9.576133,51.012426],[9.579123,51.011298],[9.578444,51.003122],[9.57604,50.999198],[9.572273,50.997198],[9.574798,50.994995],[9.574131,50.992704],[9.581509,50.991745],[9.567822,50.99089],[9.565344,50.991509],[9.559627,50.987243],[9.555548,50.981011],[9.555512,50.975071],[9.545995,50.970765],[9.549536,50.966924],[9.553341,50.965543],[9.556904,50.962008],[9.558131,50.958419],[9.561626,50.956774],[9.56276,50.954956],[9.56617,50.953985],[9.564414,50.948815],[9.563945,50.945154],[9.557643,50.943694],[9.544404,50.94391],[9.53781,50.944998],[9.533045,50.944545],[9.523855,50.941949],[9.520058,50.938336],[9.515558,50.936291],[9.512508,50.93577],[9.510267,50.934024],[9.505248,50.932298],[9.50391,50.930316],[9.507511,50.927674],[9.504525,50.924841],[9.510063,50.9202],[9.50906,50.9185],[9.505679,50.916852],[9.501496,50.912749],[9.498294,50.912091],[9.489309,50.907001],[9.485575,50.90597],[9.485643,50.903478],[9.484165,50.898831],[9.482093,50.896635],[9.483005,50.893989],[9.486492,50.890645],[9.49114,50.888877],[9.493884,50.885679],[9.496509,50.885602],[9.498796,50.882526],[9.501532,50.880625],[9.496647,50.877595],[9.496316,50.875154],[9.497832,50.872756],[9.495769,50.871496],[9.49466,50.868904],[9.496554,50.866588],[9.500755,50.86776],[9.500982,50.863626],[9.505139,50.860947],[9.502347,50.85959],[9.504242,50.857927],[9.506298,50.853257],[9.509614,50.850179],[9.510771,50.847065],[9.509013,50.841897],[9.519048,50.839823],[9.505444,50.833354],[9.50859,50.832957],[9.510532,50.828611],[9.507591,50.822112],[9.508171,50.818737],[9.50315,50.81505],[9.497344,50.81521],[9.496576,50.813634],[9.491364,50.815057],[9.487627,50.814459],[9.481601,50.811911],[9.478903,50.809287],[9.474168,50.806339],[9.467351,50.805209],[9.461614,50.801301],[9.460666,50.799182],[9.455792,50.798067],[9.444188,50.797602],[9.441055,50.795644],[9.440785,50.792762],[9.442849,50.785289],[9.448863,50.781735],[9.446967,50.780207],[9.442244,50.780074],[9.435541,50.777106],[9.433281,50.77416],[9.434353,50.773216],[9.440759,50.772312],[9.44109,50.770876],[9.44778,50.769317],[9.450103,50.769518],[9.452091,50.773855],[9.457656,50.776947],[9.461066,50.773603],[9.460865,50.770506],[9.458993,50.77048],[9.457605,50.765914],[9.454494,50.763546],[9.455503,50.762188],[9.460423,50.76346],[9.467684,50.764421],[9.471997,50.765692],[9.478392,50.76331],[9.484463,50.757478],[9.489882,50.756281],[9.491112,50.754422],[9.494276,50.753926],[9.492037,50.749679],[9.495463,50.745399],[9.495444,50.74099],[9.503277,50.738763],[9.503857,50.735528],[9.5063,50.734649],[9.515962,50.738385],[9.521928,50.739246],[9.527731,50.742307],[9.536219,50.747653],[9.538303,50.752717],[9.544428,50.756782],[9.555436,50.75959],[9.558143,50.762051],[9.564468,50.764206],[9.571849,50.766075],[9.575348,50.764906],[9.583152,50.765607],[9.585601,50.761568],[9.592354,50.760083],[9.595018,50.760229],[9.603467,50.758343],[9.604563,50.757442],[9.604013,50.752849],[9.604486,50.748164],[9.607315,50.742616],[9.60512,50.73729],[9.609614,50.735102],[9.611464,50.735477]]]}},
{"type":"Feature","id":"DEU:ADM3:DE-HE.kassel-landkreis","properties":{"shapeName":"Kassel, Landkreis","shapeISO":"","shapeGroup":"DEU","shapeType":"ADM3","adm1ISO":"DE-HE","parentISO":"DE-HE","parentID":"DEU:ADM1:DE-HE","src_shape_id":"24449704B38822815001263"},"geometry":{"type":"Polygon","coordinates":[[[9.557291,51.351379],[9.555818,51.354534],[9.551964,51.35749],[9.548441,51.358955],[9.53871,51.361098],[9.532162,51.36423],[9.531808,51.366755],[9.533297,51.368396],[9.538071,51.368291],[9.542993,51.364553],[9.550134,51.361884],[9.558816,51.360416],[9.566188,51.361158],[9.569823,51.362645],[9.577149,51.36999],[9.576858,51.371635],[9.573077,51.373036],[9.562949,51.374125],[9.560862,51.374972],[9.559346,51.378802],[9.559954,51.381398],[9.565157,51.387855],[9.572392,51.390638],[9.57537,51.394162],[9.57811,51.400949],[9.579345,51.401769],[9.587512,51.402669],[9.590018,51.401096],[9.591336,51.398416],[9.593776,51.397985],[9.598055,51.399089],[9.605383,51.403895],[9.609855,51.404766],[9.610017,51.407823],[9.61414,51.407616],[9.622677,51.406236],[9.630582,51.406106],[9.628852,51.408867],[9.631145,51.411601],[9.633438,51.411366],[9.637657,51.414223],[9.642956,51.416322],[9.643582,51.418261],[9.639684,51.42202],[9.634297,51.426083],[9.631611,51.432641],[9.632486,51.435886],[9.630951,51.437015],[9.62996,51.441064],[9.627621,51.444209],[9.628628,51.451024],[9.630837,51.453023],[9.629649,51.454175],[9.630149,51.458209],[9.635022,51.461727],[9.642965,51.465996],[9.644231,51.467661],[9.643308,51.470038],[9.639922,51.473153],[9.630868,51.474985],[9.625879,51.476712],[9.617518,51.48293],[9.60965,51.491103],[9.606434,51.495649],[9.605117,51.498887],[9.596102,51.509408],[9.586334,51.516305],[9.586525,51.519753],[9.589454,51.522547],[9.596295,51.523067],[9.601974,51.521032],[9.608917,51.522183],[9.614703,51.52573],[9.618832,51.530103],[9.621575,51.535151],[9.622097,51.541382],[9.618851,51.544876],[9.615192,51.546801],[9.612128,51.550782],[9.60931,51.556905],[9.6129,51.557868],[9.614506,51.555424],[9.617605,51.554898],[9.621046,51.551541],[9.622443,51.548673],[9.62572,51.548643],[9.630635,51.550461],[9.63664,51.551162],[9.64431,51.550741],[9.647755,51.552511],[9.645016,51.559356],[9.636378,51.558933],[9.629688,51.565362],[9.626494,51.570089],[9.625199,51.573669],[9.625825,51.580205],[9.626831,51.581976],[9.630463,51.583847],[9.634004,51.584485],[9.640572,51.58232],[9.644877,51.582243],[9.644801,51.580164],[9.649385,51.579784],[9.656914,51.575546],[9.660114,51.572708],[9.668071,51.570263],[9.672378,51.568404],[9.684004,51.566533],[9.685972,51.568679],[9.688352,51.574455],[9.690948,51.576315],[9.688081,51.580002],[9.685331,51.582017],[9.679809,51.587961],[9.672257,51.587369],[9.668638,51.591676],[9.665313,51.591696],[9.661056,51.59303],[9.652376,51.603863],[9.649529,51.606272],[9.640699,51.607396],[9.637835,51.608805],[9.636092,51.616205],[9.636621,51.623416],[9.630413,51.62486],[9.632235,51.626002],[9.627076,51.62896],[9.627312,51.630995],[9.631618,51.634166],[9.625999,51.636914],[9.617526,51.633905],[9.614291,51.631519],[9.609645,51.629576],[9.604339,51.628844],[9.592362,51.628527],[9.589372,51.626448],[9.584039,51.625881],[9.580796,51.62716],[9.576794,51.625596],[9.571808,51.624786],[9.565233,51.625391],[9.560617,51.6306],[9.556969,51.632955],[9.555193,51.636333],[9.551508,51.638364],[9.545503,51.639971],[9.541806,51.639338],[9.539592,51.637606],[9.534377,51.631421],[9.525136,51.62675],[9.522864,51.6262],[9.515027,51.62627],[9.508871,51.626876],[9.496498,51.630986],[9.495444,51.632959],[9.49193,51.634722],[9.491966,51.639625],[9.494898,51.646353],[9.497708,51.649454],[9.498645,51.65226],[9.497011,51.65616],[9.492137,51.65745],[9.476242,51.655442],[9.468821,51.654163],[9.460151,51.650596],[9.453276,51.645749],[9.450626,51.647863],[9.440457,51.650394],[9.437008,51.648213],[9.444924,51.644199],[9.441508,51.642459],[9.432789,51.634097],[9.426669,51.630814],[9.420131,51.629184],[9.41058,51.628358],[9.398906,51.626271],[9.39041,51.626704],[9.382643,51.62628],[9.378267,51.626733],[9.371935,51.625566],[9.371267,51.619244],[9.358031,51.620259],[9.353785,51.618958],[9.337098,51.614702],[9.336979,51.611992],[9.340269,51.609334],[9.344387,51.607629],[9.349659,51.604289],[9.350359,51.602298],[9.355596,51.599704],[9.356268,51.597677],[9.367393,51.594122],[9.370645,51.594063],[9.373523,51.591014],[9.369346,51.591082],[9.365309,51.584961],[9.354327,51.581742],[9.350875,51.577695],[9.347475,51.575665],[9.347817,51.573563],[9.346066,51.570261],[9.341286,51.566885],[9.338344,51.565606],[9.336225,51.563201],[9.335557,51.559973],[9.331119,51.556825],[9.325129,51.553445],[9.317031,51.552366],[9.319968,51.547032],[9.318896,51.544403],[9.316112,51.5438],[9.316387,51.54041],[9.31428,51.537636],[9.311084,51.53735],[9.311717,51.533201],[9.309969,51.530911],[9.314868,51.527169],[9.314468,51.524771],[9.315851,51.523019],[9.310326,51.518887],[9.308325,51.512643],[9.302957,51.512121],[9.301467,51.514484],[9.294777,51.514673],[9.282285,51.514373],[9.280773,51.5127],[9.275798,51.511266],[9.274259,51.508398],[9.26943,51.507126],[9.26655,51.503926],[9.265791,51.501312],[9.262076,51.498742],[9.256781,51.498893],[9.251808,51.497927],[9.242088,51.49768],[9.240232,51.497208],[9.239058,51.494377],[9.234079,51.490909],[9.228518,51.490659],[9.223656,51.487381],[9.223516,51.485184],[9.216641,51.481165],[9.217558,51.479461],[9.217521,51.475356],[9.218962,51.472731],[9.21769,51.468735],[9.216466,51.459594],[9.211427,51.461539],[9.203201,51.461999],[9.1851,51.466334],[9.17435,51.462947],[9.174458,51.460698],[9.171451,51.459099],[9.168189,51.455364],[9.164989,51.452988],[9.162642,51.450001],[9.161645,51.444168],[9.155411,51.442675],[9.155265,51.439272],[9.159594,51.430557],[9.16091,51.423428],[9.156123,51.422743],[9.153443,51.420877],[9.161556,51.420025],[9.161933,51.418967],[9.15719,51.416771],[9.158741,51.413928],[9.155487,51.41399],[9.153301,51.416907],[9.150086,51.418571],[9.147645,51.415447],[9.14523,51.416832],[9.140473,51.412701],[9.143403,51.411448],[9.14621,51.407008],[9.152766,51.406193],[9.152711,51.404123],[9.159666,51.400287],[9.163492,51.399468],[9.169267,51.393783],[9.16655,51.389775],[9.168128,51.385942],[9.16586,51.384829],[9.165729,51.38278],[9.1683,51.381472],[9.169844,51.378808],[9.172857,51.377042],[9.174385,51.371408],[9.167891,51.370795],[9.166422,51.368898],[9.161087,51.36944],[9.160506,51.367175],[9.161284,51.362666],[9.166295,51.361595],[9.167311,51.359037],[9.161524,51.359844],[9.162321,51.358134],[9.159673,51.35679],[9.154205,51.35679],[9.152739,51.360126],[9.150587,51.359853],[9.148842,51.363338],[9.145895,51.363171],[9.143667,51.364459],[9.143135,51.37223],[9.138055,51.371434],[9.133536,51.369681],[9.127006,51.368327],[9.123532,51.366193],[9.115733,51.364109],[9.101653,51.364356],[9.103867,51.358677],[9.108656,51.356656],[9.108884,51.350539],[9.113699,51.347645],[9.117768,51.34709],[9.120319,51.348272],[9.122229,51.346854],[9.125449,51.34682],[9.128975,51.344693],[9.125193,51.338089],[9.112711,51.335125],[9.110283,51.332298],[9.106149,51.331727],[9.101983,51.332199],[9.100203,51.330271],[9.10422,51.326638],[9.105916,51.321853],[9.11237,51.319761],[9.109553,51.316659],[9.111212,51.314564],[9.108432,51.31226],[9.110168,51.309124],[9.109553,51.306032],[9.105005,51.303575],[9.108516,51.300431],[9.111136,51.295423],[9.108469,51.289632],[9.113172,51.288833],[9.114895,51.285434],[9.115811,51.281225],[9.120146,51.280196],[9.126733,51.276782],[9.121358,51.275657],[9.111938,51.272621],[9.094326,51.268209],[9.092925,51.266185],[9.096595,51.262486],[9.094094,51.258901],[9.095859,51.254144],[9.099478,51.250669],[9.106854,51.247635],[9.111833,51.244175],[9.119155,51.245252],[9.12469,51.243301],[9.129296,51.244147],[9.130512,51.236494],[9.127985,51.23327],[9.128623,51.229156],[9.127139,51.222201],[9.131177,51.217452],[9.138423,51.216646],[9.140604,51.212657],[9.143426,51.21072],[9.147479,51.210271],[9.152532,51.207468],[9.15355,51.204978],[9.158486,51.203259],[9.162929,51.199642],[9.163617,51.197485],[9.167104,51.19645],[9.174194,51.189916],[9.174254,51.187847],[9.172571,51.184598],[9.175211,51.181928],[9.176842,51.174451],[9.189525,51.170418],[9.196687,51.173819],[9.203607,51.174597],[9.205618,51.172307],[9.209226,51.173841],[9.214763,51.174955],[9.220083,51.177721],[9.220752,51.180446],[9.228847,51.178672],[9.230139,51.18116],[9.227024,51.182623],[9.225288,51.184716],[9.223659,51.189243],[9.223539,51.192022],[9.221469,51.19595],[9.230013,51.198242],[9.235167,51.20057],[9.240079,51.199382],[9.245433,51.196326],[9.249574,51.197297],[9.257131,51.198008],[9.265473,51.197772],[9.266788,51.199468],[9.264572,51.202541],[9.265185,51.204924],[9.267828,51.206669],[9.267347,51.211793],[9.26859,51.215163],[9.276975,51.214486],[9.273577,51.222675],[9.280638,51.228237],[9.278794,51.229676],[9.273231,51.229753],[9.270744,51.23329],[9.272824,51.234841],[9.275296,51.23404],[9.283959,51.234364],[9.281582,51.240791],[9.277481,51.23759],[9.272966,51.239738],[9.280205,51.24309],[9.276314,51.247944],[9.2793,51.250908],[9.282475,51.25136],[9.284571,51.25413],[9.288565,51.252928],[9.294599,51.249546],[9.298086,51.245697],[9.302304,51.248788],[9.307171,51.247407],[9.312316,51.250921],[9.317029,51.252041],[9.32911,51.252946],[9.329613,51.254234],[9.326604,51.256215],[9.331387,51.257327],[9.338307,51.255008],[9.346325,51.254926],[9.353767,51.251477],[9.355906,51.249063],[9.356614,51.244211],[9.358673,51.242098],[9.357083,51.237989],[9.358294,51.235976],[9.364079,51.233864],[9.369413,51.234374],[9.376092,51.232621],[9.380134,51.233784],[9.395546,51.231807],[9.399243,51.232436],[9.400057,51.229582],[9.402662,51.227285],[9.403806,51.223761],[9.406983,51.223314],[9.407202,51.221257],[9.410203,51.220213],[9.413418,51.221473],[9.41893,51.227193],[9.422688,51.227039],[9.429622,51.224737],[9.433496,51.227525],[9.43842,51.227174],[9.443079,51.22897],[9.452076,51.228262],[9.450038,51.225452],[9.451394,51.222531],[9.464936,51.226943],[9.466979,51.225305],[9.460065,51.222437],[9.460626,51.221722],[9.467565,51.222845],[9.473834,51.225069],[9.471176,51.22025],[9.471364,51.218884],[9.47934,51.219754],[9.479752,51.216662],[9.482512,51.213015],[9.49052,51.212995],[9.496472,51.214027],[9.502825,51.214369],[9.504228,51.215775],[9.508688,51.215579],[9.510501,51.217223],[9.515249,51.218262],[9.516152,51.222274],[9.518318,51.222841],[9.524925,51.218055],[9.525376,51.215683],[9.52766,51.212679],[9.530974,51.211753],[9.544576,51.215572],[9.546505,51.21554],[9.553548,51.213332],[9.554395,51.211545],[9.552306,51.209897],[9.563204,51.208545],[9.563746,51.210561],[9.567794,51.210337],[9.567198,51.208475],[9.564138,51.206731],[9.563185,51.202376],[9.557477,51.197717],[9.571967,51.190013],[9.56357,51.188903],[9.561513,51.186538],[9.570044,51.18841],[9.572824,51.185098],[9.576867,51.186255],[9.578118,51.182414],[9.577352,51.180635],[9.580364,51.178202],[9.583563,51.177094],[9.587484,51.17716],[9.598644,51.173783],[9.603954,51.170881],[9.611394,51.177677],[9.623649,51.182161],[9.635957,51.183098],[9.634986,51.185268],[9.624979,51.192815],[9.62935,51.194116],[9.629329,51.195241],[9.633891,51.196319],[9.634465,51.198545],[9.6298,51.199878],[9.628801,51.202759],[9.634865,51.202435],[9.633323,51.205222],[9.636803,51.209108],[9.6416,51.210709],[9.650244,51.209638],[9.650929,51.212873],[9.656651,51.214093],[9.659986,51.218994],[9.667101,51.220934],[9.668075,51.216955],[9.673856,51.216538],[9.676448,51.219388],[9.674634,51.220322],[9.672902,51.223652],[9.676141,51.226141],[9.677718,51.232185],[9.68389,51.232489],[9.680092,51.234892],[9.687348,51.244471],[9.703693,51.244259],[9.713236,51.24283],[9.717226,51.243432],[9.722209,51.239462],[9.726032,51.238875],[9.729218,51.242045],[9.736843,51.242303],[9.738654,51.244455],[9.744244,51.245382],[9.745813,51.24847],[9.749746,51.24997],[9.753985,51.250267],[9.755085,51.257607],[9.759452,51.260649],[9.755019,51.262556],[9.750243,51.261278],[9.742683,51.261382],[9.740446,51.263023],[9.730182,51.26111],[9.727656,51.265195],[9.72571,51.264894],[9.724538,51.260978],[9.715291,51.262764],[9.719071,51.265705],[9.71794,51.266408],[9.713026,51.262713],[9.709103,51.262354],[9.700107,51.262617],[9.693028,51.26228],[9.688644,51.264517],[9.690013,51.268216],[9.694676,51.274708],[9.687741,51.270143],[9.6851,51.267012],[9.679389,51.267962],[9.674399,51.271103],[9.670352,51.272028],[9.665591,51.274361],[9.657678,51.276428],[9.645224,51.278857],[9.648674,51.280007],[9.651135,51.281968],[9.650088,51.284282],[9.644565,51.284726],[9.645011,51.288033],[9.650015,51.292109],[9.653187,51.29601],[9.653257,51.297648],[9.648137,51.298241],[9.649558,51.302093],[9.654338,51.305965],[9.657503,51.30525],[9.671661,51.305707],[9.674372,51.309155],[9.67971,51.308002],[9.683001,51.306458],[9.686112,51.306419],[9.688134,51.30404],[9.69181,51.306312],[9.699412,51.302967],[9.704336,51.302829],[9.710374,51.301528],[9.713913,51.299723],[9.721295,51.297085],[9.724042,51.297544],[9.729251,51.296768],[9.728708,51.294003],[9.730464,51.292567],[9.734259,51.292482],[9.732304,51.295232],[9.730358,51.297496],[9.724062,51.298912],[9.720192,51.298607],[9.708664,51.303847],[9.700043,51.304356],[9.695504,51.307006],[9.688806,51.308282],[9.686515,51.310408],[9.683828,51.309907],[9.678911,51.310958],[9.675237,51.315683],[9.669386,51.317711],[9.667997,51.316249],[9.664291,51.316555],[9.66223,51.311713],[9.657232,51.312613],[9.65375,51.314576],[9.649691,51.315149],[9.645657,51.316641],[9.643428,51.314499],[9.638723,51.314923],[9.635771,51.317072],[9.634455,51.311604],[9.628524,51.311903],[9.629795,51.321032],[9.632933,51.324429],[9.637382,51.321502],[9.638543,51.322392],[9.633366,51.325854],[9.628951,51.326919],[9.617242,51.327929],[9.606827,51.325844],[9.606001,51.327709],[9.601837,51.327677],[9.596693,51.331462],[9.594923,51.334588],[9.58396,51.338354],[9.581657,51.342196],[9.577119,51.340703],[9.568025,51.340001],[9.569622,51.337747],[9.569441,51.331771],[9.565781,51.328125],[9.54785,51.328264],[9.543841,51.327327],[9.540044,51.325391],[9.540715,51.322373],[9.532621,51.319373],[9.530674,51.318185],[9.538539,51.314335],[9.546577,51.311586],[9.547426,51.312186],[9.554743,51.311031],[9.554115,51.308029],[9.55666,51.305018],[9.559554,51.297573],[9.557089,51.294003],[9.541811,51.285318],[9.537261,51.28816],[9.533532,51.28655],[9.523573,51.283341],[9.529642,51.278569],[9.529372,51.277597],[9.520187,51.272453],[9.512962,51.272311],[9.513132,51.274013],[9.507389,51.274385],[9.5014,51.275937],[9.498363,51.275982],[9.496757,51.278254],[9.498678,51.282461],[9.490464,51.283718],[9.491215,51.276033],[9.491006,51.270756],[9.486754,51.269739],[9.486039,51.265729],[9.482947,51.263558],[9.482835,51.261941],[9.459841,51.264176],[9.454407,51.267295],[9.448377,51.266927],[9.441747,51.268343],[9.425226,51.270694],[9.418349,51.273402],[9.413301,51.27636],[9.40625,51.279084],[9.403894,51.281042],[9.400294,51.281584],[9.39364,51.28144],[9.389152,51.281929],[9.387359,51.283666],[9.389352,51.285521],[9.382437,51.2855],[9.378047,51.282507],[9.374093,51.284008],[9.368699,51.287501],[9.369933,51.291598],[9.369505,51.293231],[9.362613,51.292805],[9.363583,51.295343],[9.362926,51.299287],[9.357607,51.303104],[9.357668,51.306021],[9.351519,51.307211],[9.357113,51.309155],[9.35576,51.312741],[9.356889,51.315965],[9.361353,51.315223],[9.366904,51.316562],[9.377497,51.317486],[9.381837,51.319765],[9.379091,51.323386],[9.380281,51.324639],[9.380662,51.328449],[9.379258,51.331248],[9.374803,51.334377],[9.372704,51.338156],[9.373593,51.340965],[9.371922,51.345767],[9.370011,51.3487],[9.374752,51.350482],[9.378611,51.35015],[9.380783,51.347687],[9.384133,51.350572],[9.389915,51.35095],[9.393562,51.352865],[9.39758,51.353668],[9.397343,51.35102],[9.404771,51.352215],[9.408273,51.35186],[9.416515,51.352935],[9.422472,51.354169],[9.432035,51.350783],[9.440037,51.349578],[9.439446,51.3478],[9.447785,51.34756],[9.460351,51.343398],[9.462795,51.34521],[9.465932,51.345004],[9.465506,51.342841],[9.46855,51.34269],[9.473236,51.346022],[9.484044,51.345873],[9.490403,51.348699],[9.495481,51.352423],[9.500054,51.350968],[9.503032,51.347014],[9.503943,51.342831],[9.510548,51.343973],[9.511127,51.342511],[9.516511,51.341234],[9.521823,51.34142],[9.524804,51.339959],[9.530812,51.340542],[9.531472,51.338284],[9.534984,51.338637],[9.5393,51.337377],[9.54077,51.339087],[9.544951,51.349195],[9.550043,51.353048],[9.557291,51.351379]]]}},
{"type":"Feature","id":"DEU:ADM3:DE-HE.schwalm-eder-kreis","properties":{"shapeName":"Schwalm-Eder-Kreis","shapeISO":"","shapeGroup":"DEU","shapeType":"ADM3","adm1ISO":"DE-HE","parentISO":"DE-HE","parentID":"DEU:ADM1:DE-HE","src_shape_id":"24449704B81297409685986"},"geometry":{"type":"Polygon","coordinates":[[[9.148869,50.836645],[9.154644,50.833986],[9.158419,50.834659],[9.159896,50.833722],[9.167326,50.834762],[9.168345,50.832652],[9.172707,50.832943],[9.179905,50.831666],[9.183761,50.831542],[9.187668,50.827386],[9.191706,50.826575],[9.199763,50.823773],[9.201614,50.822315],[9.209594,50.822254],[9.217335,50.824718],[9.221267,50.823976],[9.226502,50.824333],[9.225344,50.821411],[9.228195,50.818977],[9.230494,50.820612],[9.232167,50.826498],[9.238351,50.824891],[9.240373,50.823513],[9.236685,50.819759],[9.241766,50.817014],[9.244434,50.817849],[9.248503,50.816401],[9.253468,50.816255],[9.253561,50.817827],[9.259874,50.817866],[9.26368,50.815596],[9.263079,50.810218],[9.26101,50.807759],[9.264292,50.802716],[9.268716,50.800462],[9.272101,50.801884],[9.271314,50.805853],[9.275229,50.8071],[9.275587,50.803747],[9.27897,50.804737],[9.284383,50.805],[9.286619,50.802443],[9.292214,50.803292],[9.298583,50.806309],[9.303834,50.806044],[9.306919,50.804677],[9.313794,50.805737],[9.312821,50.808796],[9.315722,50.810868],[9.319144,50.806457],[9.315773,50.806081],[9.317201,50.800723],[9.319412,50.799234],[9.322781,50.799637],[9.326507,50.797173],[9.330772,50.796249],[9.33679,50.796476],[9.345494,50.798668],[9.348992,50.800386],[9.35545,50.80036],[9.361423,50.79942],[9.36367,50.799874],[9.365603,50.796294],[9.36471,50.792911],[9.36539,50.790422],[9.3741,50.788944],[9.376313,50.784907],[9.374106,50.784003],[9.377233,50.781496],[9.376572,50.77888],[9.378201,50.776918],[9.385771,50.777592],[9.388544,50.77617],[9.390951,50.772845],[9.397917,50.77525],[9.401195,50.777971],[9.401713,50.785105],[9.404595,50.788894],[9.411124,50.790746],[9.42246,50.788593],[9.425143,50.790454],[9.429746,50.791549],[9.436517,50.792178],[9.441055,50.795644],[9.444188,50.797602],[9.455792,50.798067],[9.460666,50.799182],[9.461614,50.801301],[9.467351,50.805209],[9.474168,50.806339],[9.478903,50.809287],[9.481601,50.811911],[9.487627,50.814459],[9.491364,50.815057],[9.496576,50.813634],[9.497344,50.81521],[9.50315,50.81505],[9.508171,50.818737],[9.507591,50.822112],[9.510532,50.828611],[9.50859,50.832957],[9.505444,50.833354],[9.519048,50.839823],[9.509013,50.841897],[9.510771,50.847065],[9.509614,50.850179],[9.506298,50.853257],[9.504242,50.857927],[9.502347,50.85959],[9.505139,50.860947],[9.500982,50.863626],[9.500755,50.86776],[9.496554,50.866588],[9.49466,50.868904],[9.495769,50.871496],[9.497832,50.872756],[9.496316,50.875154],[9.496647,50.877595],[9.501532,50.880625],[9.498796,50.882526],[9.496509,50.885602],[9.493884,50.885679],[9.49114,50.888877],[9.486492,50.890645],[9.483005,50.893989],[9.482093,50.896635],[9.484165,50.898831],[9.485643,50.903478],[9.485575,50.90597],[9.489309,50.907001],[9.498294,50.912091],[9.501496,50.912749],[9.505679,50.916852],[9.50906,50.9185],[9.510063,50.9202],[9.504525,50.924841],[9.507511,50.927674],[9.50391,50.930316],[9.505248,50.932298],[9.510267,50.934024],[9.512508,50.93577],[9.515558,50.936291],[9.520058,50.938336],[9.523855,50.941949],[9.533045,50.944545],[9.53781,50.944998],[9.544404,50.94391],[9.557643,50.943694],[9.563945,50.945154],[9.564414,50.948815],[9.56617,50.953985],[9.56276,50.954956],[9.561626,50.956774],[9.558131,50.958419],[9.556904,50.962008],[9.553341,50.965543],[9.549536,50.966924],[9.545995,50.970765],[9.555512,50.975071],[9.555548,50.981011],[9.559627,50.987243],[9.565344,50.991509],[9.567822,50.99089],[9.581509,50.991745],[9.574131,50.992704],[9.574798,50.994995],[9.572273,50.997198],[9.57604,50.999198],[9.578444,51.003122],[9.579123,51.011298],[9.576133,51.012426],[9.564805,51.012552],[9.564968,51.013678],[9.573125,51.013815],[9.573807,51.016781],[9.577777,51.021608],[9.578298,51.023349],[9.573407,51.023783],[9.573016,51.027104],[9.571682,51.028866],[9.580183,51.026882],[9.583633,51.02412],[9.590677,51.024364],[9.593215,51.0237],[9.600107,51.023663],[9.602519,51.025085],[9.607351,51.026094],[9.610196,51.028024],[9.614166,51.029359],[9.619482,51.029687],[9.623803,51.032068],[9.625586,51.032081],[9.632423,51.038107],[9.639963,51.040943],[9.639649,51.045584],[9.643407,51.049719],[9.637719,51.050938],[9.640957,51.056625],[9.646969,51.059665],[9.654181,51.058818],[9.658397,51.061701],[9.667071,51.062141],[9.669791,51.060145],[9.677931,51.0649],[9.678513,51.066712],[9.681635,51.067805],[9.686903,51.071963],[9.692946,51.075163],[9.693568,51.077174],[9.696035,51.078252],[9.703349,51.079494],[9.716173,51.079688],[9.722708,51.075399],[9.732287,51.074807],[9.74393,51.069468],[9.748061,51.069188],[9.753313,51.072065],[9.756499,51.072832],[9.761177,51.072367],[9.766146,51.075151],[9.768555,51.077272],[9.775163,51.0803],[9.777533,51.083158],[9.775173,51.086077],[9.777523,51.089304],[9.77489,51.09321],[9.774746,51.100552],[9.776129,51.102621],[9.774915,51.104368],[9.779623,51.109481],[9.77881,51.112166],[9.780937,51.115067],[9.779883,51.123132],[9.776396,51.132153],[9.777385,51.137477],[9.773271,51.146287],[9.766913,51.148532],[9.76143,51.148795],[9.759218,51.15022],[9.755298,51.148071],[9.751196,51.144717],[9.74439,51.145393],[9.741678,51.143306],[9.73815,51.145577],[9.731263,51.144254],[9.729387,51.147142],[9.721268,51.15252],[9.712844,51.151519],[9.714782,51.155329],[9.710266,51.157557],[9.703024,51.158525],[9.703927,51.160924],[9.700887,51.16335],[9.693139,51.166915],[9.691611,51.168821],[9.694726,51.176526],[9.690224,51.18022],[9.689962,51.182909],[9.685286,51.185063],[9.679107,51.184687],[9.669071,51.183122],[9.662595,51.184983],[9.653105,51.182522],[9.64667,51.183645],[9.642987,51.182286],[9.635957,51.183098],[9.623649,51.182161],[9.611394,51.177677],[9.603954,51.170881],[9.598644,51.173783],[9.587484,51.17716],[9.583563,51.177094],[9.580364,51.178202],[9.577352,51.180635],[9.578118,51.182414],[9.576867,51.186255],[9.572824,51.185098],[9.570044,51.18841],[9.561513,51.186538],[9.56357,51.188903],[9.571967,51.190013],[9.557477,51.197717],[9.563185,51.202376],[9.564138,51.206731],[9.567198,51.208475],[9.567794,51.210337],[9.563746,51.210561],[9.563204,51.208545],[9.552306,51.209897],[9.554395,51.211545],[9.553548,51.213332],[9.546505,51.21554],[9.544576,51.215572],[9.530974,51.211753],[9.52766,51.212679],[9.525376,51.215683],[9.524925,51.218055],[9.518318,51.222841],[9.516152,51.222274],[9.515249,51.218262],[9.510501,51.217223],[9.508688,51.215579],[9.504228,51.215775],[9.502825,51.214369],[9.496472,51.214027],[9.49052,51.212995],[9.482512,51.213015],[9.479752,51.216662],[9.47934,51.219754],[9.471364,51.218884],[9.471176,51.22025],[9.473834,51.225069],[9.467565,51.222845],[9.460626,51.221722],[9.460065,51.222437],[9.466979,51.225305],[9.464936,51.226943],[9.451394,51.222531],[9.450038,51.225452],[9.452076,51.228262],[9.443079,51.22897],[9.43842,51.227174],[9.433496,51.227525],[9.429622,51.224737],[9.422688,51.227039],[9.41893,51.227193],[9.413418,51.221473],[9.410203,51.220213],[9.407202,51.221257],[9.406983,51.223314],[9.403806,51.223761],[9.402662,51.227285],[9.400057,51.229582],[9.399243,51.232436],[9.395546,51.231807],[9.380134,51.233784],[9.376092,51.232621],[9.369413,51.234374],[9.364079,51.233864],[9.358294,51.235976],[9.357083,51.237989],[9.358673,51.242098],[9.356614,51.244211],[9.355906,51.249063],[9.353767,51.251477],[9.346325,51.254926],[9.338307,51.255008],[9.331387,51.257327],[9.326604,51.256215],[9.329613,51.254234],[9.32911,51.252946],[9.317029,51.252041],[9.312316,51.250921],[9.307171,51.247407],[9.302304,51.248788],[9.298086,51.245697],[9.294599,51.249546],[9.288565,51.252928],[9.284571,51.25413],[9.282475,51.25136],[9.2793,51.250908],[9.276314,51.247944],[9.280205,51.24309],[9.272966,51.239738],[9.277481,51.23759],[9.281582,51.240791],[9.283959,51.234364],[9.275296,51.23404],[9.272824,51.234841],[9.270744,51.23329],[9.273231,51.229753],[9.278794,51.229676],[9.280638,51.228237],[9.273577,51.222675],[9.276975,51.214486],[9.26859,51.215163],[9.267347,51.211793],[9.267828,51.206669],[9.265185,51.204924],[9.264572,51.202541],[9.266788,51.199468],[9.265473,51.197772],[9.257131,51.198008],[9.249574,51.197297],[9.245433,51.196326],[9.240079,51.199382],[9.235167,51.20057],[9.230013,51.198242],[9.221469,51.19595],[9.223539,51.192022],[9.223659,51.189243],[9.225288,51.184716],[9.227024,51.182623],[9.230139,51.18116],[9.228847,51.178672],[9.220752,51.180446],[9.220083,51.177721],[9.214763,51.174955],[9.209226,51.173841],[9.205618,51.172307],[9.203607,51.174597],[9.196687,51.173819],[9.189525,51.170418],[9.190554,51.166965],[9.189853,51.164429],[9.191347,51.161188],[9.186956,51.159069],[9.188595,51.156784],[9.192033,51.157182],[9.194897,51.156098],[9.190583,51.149238],[9.195802,51.144293],[9.19547,51.143399],[9.201066,51.13871],[9.205644,51.136484],[9.204364,51.134603],[9.210389,51.131128],[9.214247,51.129704],[9.221354,51.128189],[9.216181,51.122373],[9.214151,51.122351],[9.206056,51.111697],[9.200687,51.105852],[9.197576,51.103666],[9.194935,51.098975],[9.190215,51.097096],[9.181974,51.095419],[9.181273,51.096419],[9.17024,51.091462],[9.168834,51.089169],[9.169236,51.08615],[9.16477,51.085442],[9.162971,51.089336],[9.15882,51.088644],[9.160197,51.084472],[9.166197,51.082498],[9.167494,51.077644],[9.155472,51.074474],[9.154015,51.066628],[9.151548,51.062559],[9.14835,51.060578],[9.147423,51.058597],[9.143398,51.055607],[9.140826,51.054687],[9.135244,51.055161],[9.128785,51.053871],[9.127669,51.05204],[9.122234,51.049942],[9.114738,51.050933],[9.105376,51.048896],[9.096755,51.045831],[9.098767,51.038],[9.103085,51.031122],[9.09588,51.028228],[9.097197,51.027137],[9.095908,51.023549],[9.087805,51.021156],[9.083828,51.015735],[9.077876,51.011559],[9.072949,51.00502],[9.068035,51.005239],[9.061061,51.002912],[9.048078,50.996236],[9.040863,50.991664],[9.035536,50.989671],[9.035113,50.988163],[9.027142,50.98503],[9.022152,50.98503],[9.018439,50.982103],[9.014458,50.976427],[9.008834,50.973098],[9.00928,50.972078],[9.018807,50.96743],[9.017907,50.966167],[9.019605,50.962076],[9.03381,50.954481],[9.032971,50.948126],[9.036762,50.944916],[9.030938,50.944103],[9.032201,50.938737],[9.028921,50.939264],[9.025809,50.937245],[9.007739,50.940045],[8.998897,50.937134],[8.992673,50.939673],[8.986922,50.940004],[8.984897,50.937401],[8.979795,50.936716],[8.976791,50.935561],[8.9746,50.938304],[8.97327,50.936743],[8.974877,50.934621],[8.973205,50.931856],[8.977157,50.929908],[8.979225,50.930278],[8.984749,50.928474],[8.989611,50.929299],[8.993024,50.9286],[8.999457,50.929598],[9.002675,50.925889],[9.010333,50.926023],[9.009419,50.922097],[9.012707,50.919625],[9.012298,50.916876],[9.016749,50.91479],[9.011867,50.910502],[9.016657,50.909189],[9.020333,50.907046],[9.024688,50.905715],[9.027143,50.902813],[9.032277,50.905631],[9.038543,50.906871],[9.039934,50.908797],[9.035901,50.914847],[9.045872,50.920552],[9.051512,50.920478],[9.055043,50.9182],[9.057232,50.919667],[9.06011,50.917327],[9.064812,50.91627],[9.071033,50.913298],[9.074642,50.910814],[9.079334,50.91157],[9.077845,50.915575],[9.078859,50.917509],[9.082113,50.91659],[9.090428,50.913107],[9.0913,50.91566],[9.090071,50.918912],[9.091903,50.920601],[9.10067,50.917183],[9.105633,50.918742],[9.109958,50.918978],[9.115002,50.914052],[9.121653,50.90965],[9.124379,50.904571],[9.130434,50.899531],[9.133521,50.899072],[9.129314,50.896026],[9.129567,50.895147],[9.124049,50.893394],[9.116846,50.889417],[9.11233,50.891514],[9.110277,50.89022],[9.109276,50.886582],[9.12252,50.880386],[9.121075,50.878254],[9.126923,50.874355],[9.128075,50.870499],[9.130277,50.868158],[9.136832,50.865744],[9.141807,50.861931],[9.141363,50.857642],[9.142814,50.85568],[9.141579,50.85221],[9.145732,50.851169],[9.146367,50.849474],[9.151587,50.847314],[9.14843,50.842594],[9.149409,50.841519],[9.148869,50.836645]]]}},
{"type":"Feature","id":"DEU:ADM3:DE-HE.waldeck-frankenberg","properties":{"shapeName":"Waldeck-Frankenberg","shapeISO":"","shapeGroup":"DEU","shapeType":"ADM3","adm1ISO":"DE-HE","parentISO":"DE-HE","parentID":"DEU:ADM1:DE-HE","src_shape_id":"24449704B5258237949646"},"geometry":{"type":"Polygon","coordinates":[[[8.9746,50.938304],[8.976791,50.935561],[8.979795,50.936716],[8.984897,50.937401],[8.986922,50.940004],[8.992673,50.939673],[8.998897,50.937134],[9.007739,50.940045],[9.025809,50.937245],[9.028921,50.939264],[9.032201,50.938737],[9.030938,50.944103],[9.036762,50.944916],[9.032971,50.948126],[9.03381,50.954481],[9.019605,50.962076],[9.017907,50.966167],[9.018807,50.96743],[9.00928,50.972078],[9.008834,50.973098],[9.014458,50.976427],[9.018439,50.982103],[9.022152,50.98503],[9.027142,50.98503],[9.035113,50.988163],[9.035536,50.989671],[9.040863,50.991664],[9.048078,50.996236],[9.061061,51.002912],[9.068035,51.005239],[9.072949,51.00502],[9.077876,51.011559],[9.083828,51.015735],[9.087805,51.021156],[9.095908,51.023549],[9.097197,51.027137],[9.09588,51.028228],[9.103085,51.031122],[9.098767,51.038],[9.096755,51.045831],[9.105376,51.048896],[9.114738,51.050933],[9.122234,51.049942],[9.127669,51.05204],[9.128785,51.053871],[9.135244,51.055161],[9.140826,51.054687],[9.143398,51.055607],[9.147423,51.058597],[9.14835,51.060578],[9.151548,51.062559],[9.154015,51.066628],[9.155472,51.074474],[9.167494,51.077644],[9.166197,51.082498],[9.160197,51.084472],[9.15882,51.088644],[9.162971,51.089336],[9.16477,51.085442],[9.169236,51.08615],[9.168834,51.089169],[9.17024,51.091462],[9.181273,51.096419],[9.181974,51.095419],[9.190215,51.097096],[9.194935,51.098975],[9.197576,51.103666],[9.200687,51.105852],[9.206056,51.111697],[9.214151,51.122351],[9.216181,51.122373],[9.221354,51.128189],[9.214247,51.129704],[9.210389,51.131128],[9.204364,51.134603],[9.205644,51.136484],[9.201066,51.13871],[9.19547,51.143399],[9.195802,51.144293],[9.190583,51.149238],[9.194897,51.156098],[9.192033,51.157182],[9.188595,51.156784],[9.186956,51.159069],[9.191347,51.161188],[9.189853,51.164429],[9.190554,51.166965],[9.189525,51.170418],[9.176842,51.174451],[9.175211,51.181928],[9.172571,51.184598],[9.174254,51.187847],[9.174194,51.189916],[9.167104,51.19645],[9.163617,51.197485],[9.162929,51.199642],[9.158486,51.203259],[9.15355,51.204978],[9.152532,51.207468],[9.147479,51.210271],[9.143426,51.21072],[9.140604,51.212657],[9.138423,51.216646],[9.131177,51.217452],[9.127139,51.222201],[9.128623,51.229156],[9.127985,51.23327],[9.130512,51.236494],[9.129296,51.244147],[9.12469,51.243301],[9.119155,51.245252],[9.111833,51.244175],[9.106854,51.247635],[9.099478,51.250669],[9.095859,51.254144],[9.094094,51.258901],[9.096595,51.262486],[9.092925,51.266185],[9.094326,51.268209],[9.111938,51.272621],[9.121358,51.275657],[9.126733,51.276782],[9.120146,51.280196],[9.115811,51.281225],[9.114895,51.285434],[9.113172,51.288833],[9.108469,51.289632],[9.111136,51.295423],[9.108516,51.300431],[9.105005,51.303575],[9.109553,51.306032],[9.110168,51.309124],[9.108432,51.31226],[9.111212,51.314564],[9.109553,51.316659],[9.11237,51.319761],[9.105916,51.321853],[9.10422,51.326638],[9.100203,51.330271],[9.101983,51.332199],[9.106149,51.331727],[9.110283,51.332298],[9.112711,51.335125],[9.125193,51.338089],[9.128975,51.344693],[9.125449,51.34682],[9.122229,51.346854],[9.120319,51.348272],[9.117768,51.34709],[9.113699,51.347645],[9.108884,51.350539],[9.108656,51.356656],[9.103867,51.358677],[9.101653,51.364356],[9.115733,51.364109],[9.123532,51.366193],[9.127006,51.368327],[9.133536,51.369681],[9.138055,51.371434],[9.143135,51.37223],[9.143667,51.364459],[9.145895,51.363171],[9.148842,51.363338],[9.150587,51.359853],[9.152739,51.360126],[9.154205,51.35679],[9.159673,51.35679],[9.162321,51.358134],[9.161524,51.359844],[9.167311,51.359037],[9.166295,51.361595],[9.161284,51.362666],[9.160506,51.367175],[9.161087,51.36944],[9.166422,51.368898],[9.167891,51.370795],[9.174385,51.371408],[9.172857,51.377042],[9.169844,51.378808],[9.1683,51.381472],[9.165729,51.38278],[9.16586,51.384829],[9.168128,51.385942],[9.16655,51.389775],[9.169267,51.393783],[9.163492,51.399468],[9.159666,51.400287],[9.152711,51.404123],[9.152766,51.406193],[9.14621,51.407008],[9.143403,51.411448],[9.140473,51.412701],[9.14523,51.416832],[9.147645,51.415447],[9.150086,51.418571],[9.153301,51.416907],[9.155487,51.41399],[9.158741,51.413928],[9.15719,51.416771],[9.161933,51.418967],[9.161556,51.420025],[9.153443,51.420877],[9.156123,51.422743],[9.16091,51.423428],[9.159594,51.430557],[9.155265,51.439272],[9.155411,51.442675],[9.149299,51.442015],[9.140938,51.446639],[9.135749,51.450187],[9.131804,51.44629],[9.129052,51.446366],[9.102594,51.443202],[9.09433,51.444598],[9.089445,51.446573],[9.086416,51.449083],[9.084677,51.456441],[9.086937,51.461165],[9.082342,51.46209],[9.077185,51.464872],[9.079819,51.468224],[9.089494,51.483925],[9.092084,51.48733],[9.092329,51.494388],[9.086531,51.498061],[9.076522,51.503475],[9.06887,51.501203],[9.066915,51.499294],[9.060663,51.498703],[9.057477,51.502515],[9.049987,51.501944],[9.039286,51.501922],[9.034082,51.504004],[9.028527,51.508792],[9.025231,51.510207],[9.02331,51.5127],[9.022898,51.517235],[9.020976,51.518611],[9.017649,51.518239],[9.014589,51.516129],[9.004933,51.512406],[9.001609,51.512557],[8.970815,51.506656],[8.941495,51.499804],[8.935137,51.49776],[8.927475,51.493499],[8.920328,51.493162],[8.913335,51.491554],[8.896963,51.485932],[8.894264,51.483296],[8.890377,51.481928],[8.890938,51.47765],[8.894091,51.471236],[8.899102,51.468793],[8.902457,51.465702],[8.906625,51.465413],[8.913263,51.459211],[8.91473,51.455561],[8.913996,51.452617],[8.919359,51.449126],[8.91971,51.445983],[8.921783,51.446054],[8.921448,51.439903],[8.91907,51.439115],[8.918188,51.436719],[8.918787,51.430285],[8.927204,51.430307],[8.934156,51.431291],[8.944215,51.429615],[8.948109,51.428219],[8.947004,51.420586],[8.945427,51.418803],[8.95153,51.413493],[8.950201,51.412247],[8.942764,51.411948],[8.940763,51.410322],[8.942154,51.406449],[8.940326,51.403002],[8.943078,51.396871],[8.938858,51.393574],[8.939502,51.389499],[8.929474,51.3904],[8.915928,51.392837],[8.907942,51.392504],[8.900118,51.392902],[8.889581,51.392722],[8.883102,51.390032],[8.87578,51.385585],[8.873019,51.384746],[8.864809,51.380636],[8.85402,51.377138],[8.847999,51.379015],[8.842845,51.381984],[8.837994,51.383293],[8.836584,51.388501],[8.827252,51.385246],[8.823375,51.389825],[8.818483,51.388693],[8.810959,51.390082],[8.803993,51.390798],[8.791503,51.38744],[8.787789,51.38753],[8.78176,51.38573],[8.774552,51.385585],[8.770454,51.384751],[8.768013,51.382881],[8.762271,51.379974],[8.760322,51.378271],[8.755565,51.376994],[8.750152,51.377271],[8.745048,51.375272],[8.738322,51.374848],[8.732851,51.372417],[8.727724,51.372249],[8.716296,51.374785],[8.710335,51.374236],[8.702212,51.375856],[8.700535,51.37738],[8.693811,51.376785],[8.679723,51.373117],[8.676691,51.370532],[8.680296,51.366997],[8.680972,51.364812],[8.683477,51.362178],[8.680839,51.359497],[8.674739,51.358902],[8.672102,51.356485],[8.666599,51.355697],[8.666971,51.35261],[8.66231,51.352171],[8.659662,51.348389],[8.65556,51.349611],[8.654412,51.347046],[8.654719,51.340832],[8.653654,51.33979],[8.643846,51.341075],[8.637788,51.343613],[8.634918,51.342616],[8.630544,51.339568],[8.621098,51.336528],[8.619651,51.333607],[8.620409,51.330892],[8.617492,51.32721],[8.613287,51.327428],[8.608782,51.32607],[8.605048,51.323695],[8.603314,51.320409],[8.603775,51.315828],[8.601593,51.313012],[8.597914,51.310921],[8.597973,51.309168],[8.59446,51.306384],[8.592638,51.303858],[8.587068,51.302145],[8.585965,51.298241],[8.580946,51.296728],[8.57051,51.289282],[8.566378,51.287773],[8.562875,51.283286],[8.556348,51.277495],[8.567815,51.270259],[8.572295,51.269478],[8.578218,51.267478],[8.580598,51.264079],[8.583531,51.258052],[8.585337,51.257047],[8.584951,51.254601],[8.589357,51.250011],[8.593563,51.247497],[8.59729,51.247179],[8.604248,51.247805],[8.609212,51.246688],[8.611533,51.247086],[8.620222,51.25169],[8.625391,51.253311],[8.628458,51.257608],[8.628341,51.260505],[8.633513,51.262072],[8.641379,51.263349],[8.652593,51.263454],[8.656457,51.265126],[8.658449,51.264658],[8.663441,51.266982],[8.667915,51.267881],[8.677456,51.267732],[8.682302,51.268896],[8.685311,51.270806],[8.685451,51.273814],[8.690017,51.274469],[8.692552,51.276407],[8.695834,51.274307],[8.707087,51.274948],[8.721998,51.273744],[8.723589,51.269304],[8.721827,51.267747],[8.725745,51.265485],[8.733359,51.26407],[8.736585,51.26222],[8.736137,51.26044],[8.732016,51.257183],[8.73174,51.253892],[8.727598,51.250103],[8.729327,51.248533],[8.731443,51.244062],[8.730817,51.240092],[8.732779,51.23726],[8.738207,51.232158],[8.737419,51.22805],[8.741697,51.218423],[8.750043,51.214129],[8.759241,51.211513],[8.760945,51.210395],[8.768194,51.208874],[8.765013,51.203931],[8.757408,51.202648],[8.750536,51.199215],[8.748647,51.19429],[8.748913,51.190258],[8.750014,51.189203],[8.750004,51.181464],[8.752748,51.179052],[8.758214,51.177182],[8.752646,51.175245],[8.748598,51.172511],[8.747314,51.170134],[8.748402,51.168611],[8.742763,51.165953],[8.736943,51.16393],[8.73494,51.160434],[8.717675,51.151528],[8.713314,51.1517],[8.711119,51.148737],[8.707565,51.146659],[8.708252,51.145526],[8.702314,51.142482],[8.694337,51.136382],[8.693815,51.133279],[8.692162,51.132834],[8.691944,51.12907],[8.697126,51.126036],[8.696308,51.123531],[8.700793,51.123312],[8.703085,51.119171],[8.701741,51.116577],[8.707701,51.116272],[8.712715,51.117528],[8.713956,51.116116],[8.718848,51.115696],[8.719505,51.110153],[8.706886,51.107791],[8.703609,51.108622],[8.699003,51.108317],[8.692192,51.109184],[8.68351,51.106737],[8.677903,51.104273],[8.671446,51.100527],[8.666995,51.099224],[8.659344,51.095378],[8.656632,51.094903],[8.648524,51.095027],[8.637908,51.096361],[8.620572,51.100187],[8.607499,51.100723],[8.601461,51.102035],[8.594034,51.102439],[8.585246,51.102007],[8.578427,51.102572],[8.564632,51.101668],[8.558367,51.103454],[8.55102,51.102764],[8.549085,51.101868],[8.545349,51.097242],[8.540484,51.096009],[8.528123,51.096952],[8.526438,51.095898],[8.522611,51.09046],[8.517594,51.09114],[8.513975,51.086884],[8.508539,51.085684],[8.505998,51.082293],[8.501733,51.079466],[8.50323,51.074577],[8.506235,51.072468],[8.511346,51.071223],[8.515085,51.071647],[8.522227,51.069014],[8.52564,51.066021],[8.527573,51.062894],[8.522519,51.053808],[8.519729,51.0535],[8.517603,51.051204],[8.514876,51.050528],[8.507514,51.044276],[8.505144,51.041433],[8.509804,51.037643],[8.514335,51.038827],[8.514299,51.041004],[8.516603,51.043222],[8.520681,51.043003],[8.520606,51.040752],[8.525111,51.038902],[8.522838,51.036289],[8.52389,51.032698],[8.526802,51.029678],[8.531342,51.029323],[8.535785,51.022161],[8.538782,51.019448],[8.534483,51.018197],[8.530628,51.01824],[8.530761,51.013778],[8.524561,51.009938],[8.514076,51.009237],[8.516562,51.005805],[8.511275,51.003339],[8.510545,51.001752],[8.501415,50.998454],[8.497055,50.993051],[8.497847,50.991885],[8.495757,50.988096],[8.49314,50.987952],[8.487369,50.98553],[8.476989,50.978312],[8.473368,50.975035],[8.473583,50.972853],[8.477339,50.971318],[8.477892,50.969047],[8.488584,50.965416],[8.495352,50.960844],[8.500028,50.962472],[8.511917,50.956429],[8.516791,50.954748],[8.520617,50.95458],[8.523603,50.95607],[8.527788,50.954836],[8.535309,50.953901],[8.542064,50.954231],[8.547523,50.955907],[8.555937,50.955058],[8.562004,50.956185],[8.568817,50.950331],[8.571709,50.950667],[8.574261,50.948567],[8.580829,50.948595],[8.58675,50.950456],[8.59728,50.949283],[8.602104,50.951302],[8.606519,50.954515],[8.612377,50.954475],[8.619885,50.958016],[8.629296,50.959653],[8.63631,50.961377],[8.636182,50.964561],[8.643337,50.966113],[8.647147,50.96565],[8.647726,50.97206],[8.656312,50.971605],[8.655344,50.974073],[8.654973,50.979117],[8.6472,50.980613],[8.653299,50.981763],[8.661594,50.982005],[8.660444,50.983607],[8.664376,50.988643],[8.669662,50.992012],[8.669196,50.994093],[8.673137,50.996707],[8.682374,50.994434],[8.683898,50.992657],[8.689478,50.98999],[8.694121,50.99125],[8.700156,50.991182],[8.706146,50.993829],[8.707404,50.991816],[8.704684,50.989875],[8.706781,50.983202],[8.709047,50.981068],[8.713302,50.979387],[8.715334,50.977699],[8.721645,50.977805],[8.724249,50.976836],[8.730639,50.976367],[8.734082,50.974682],[8.727784,50.971229],[8.728062,50.969182],[8.731099,50.966632],[8.731828,50.964622],[8.735219,50.96538],[8.741283,50.968958],[8.749985,50.972204],[8.75398,50.972453],[8.75986,50.974944],[8.766025,50.978573],[8.771723,50.971843],[8.771579,50.969612],[8.774191,50.96676],[8.777451,50.967241],[8.777183,50.961414],[8.780952,50.959301],[8.783251,50.956878],[8.785779,50.95642],[8.792722,50.958294],[8.797341,50.958488],[8.802693,50.957478],[8.809962,50.957214],[8.81618,50.957693],[8.818137,50.959142],[8.821514,50.957571],[8.830429,50.958122],[8.833831,50.957518],[8.837002,50.958678],[8.839993,50.961063],[8.849647,50.964255],[8.851872,50.961388],[8.85465,50.961815],[8.858229,50.95813],[8.862668,50.957941],[8.864783,50.956945],[8.871252,50.958178],[8.877598,50.958042],[8.88159,50.954705],[8.893193,50.954568],[8.894805,50.953682],[8.90191,50.953401],[8.90536,50.951418],[8.910098,50.95387],[8.909606,50.955035],[8.915721,50.958288],[8.917223,50.960216],[8.912727,50.963478],[8.909001,50.969218],[8.911467,50.971],[8.917197,50.970987],[8.920985,50.967648],[8.939564,50.965378],[8.93892,50.959519],[8.941477,50.9568],[8.948173,50.951706],[8.953394,50.95065],[8.967416,50.945581],[8.971734,50.940129],[8.9746,50.938304]]]}},
{"type":"Feature","id":"DEU:ADM3:DE-HE.werra-meiner-kreis","properties":{"shapeName":"Werra-Meißner-Kreis","shapeISO":"","shapeGroup":"DEU","shapeType":"ADM3","adm1ISO":"DE-HE","parentISO":"DE-HE","parentID":"DEU:ADM1:DE-HE","src_shape_id":"24449704B72111143080721"},"geometry":{"type":"Polygon","coordinates":[[[10.021559,50.992949],[10.022036,50.995552],[10.024921,50.996763],[10.025326,50.999087],[10.02828,51.003031],[10.027675,51.006457],[10.032434,51.011047],[10.0364,51.012376],[10.041859,51.012838],[10.045489,51.012138],[10.050856,51.013135],[10.057107,51.012763],[10.065666,51.009415],[10.071284,51.011268],[10.077568,51.010259],[10.084419,51.009741],[10.094267,51.007355],[10.103531,51.004534],[10.107185,51.006745],[10.106906,51.008458],[10.115484,51.01151],[10.120843,51.011701],[10.128827,51.008451],[10.129166,51.007193],[10.133082,51.004819],[10.128839,51.003234],[10.127766,50.999909],[10.131585,50.998897],[10.132016,50.99678],[10.144184,50.993959],[10.149745,50.993976],[10.15737,50.996239],[10.166243,50.997615],[10.168177,51.001749],[10.170895,51.001578],[10.172884,50.999497],[10.169571,50.998524],[10.172641,50.996581],[10.176141,50.998348],[10.17736,50.996152],[10.182349,50.998487],[10.18652,50.999389],[10.190786,50.999068],[10.192233,51.001991],[10.195292,51.003336],[10.196953,51.006633],[10.202905,51.008106],[10.202181,51.012009],[10.201212,51.013898],[10.193816,51.015993],[10.192622,51.018532],[10.195369,51.020939],[10.203123,51.018633],[10.204206,51.02019],[10.208556,51.018971],[10.212613,51.022925],[10.215186,51.026419],[10.205398,51.030939],[10.202206,51.037058],[10.198514,51.038551],[10.198847,51.04009],[10.191867,51.042322],[10.184765,51.045695],[10.184671,51.049032],[10.181567,51.048007],[10.177436,51.048815],[10.171073,51.049183],[10.160216,51.053372],[10.153152,51.055007],[10.14647,51.055068],[10.145453,51.056849],[10.14059,51.058491],[10.140802,51.060406],[10.147022,51.061404],[10.147122,51.063186],[10.144259,51.066002],[10.151502,51.069416],[10.153496,51.072414],[10.149755,51.075345],[10.151266,51.077972],[10.148311,51.079691],[10.148052,51.083712],[10.144695,51.084814],[10.146579,51.087505],[10.149999,51.088765],[10.155923,51.093245],[10.157115,51.096317],[10.16568,51.0995],[10.163899,51.100983],[10.163967,51.103148],[10.159104,51.105225],[10.160415,51.10805],[10.167204,51.108097],[10.172097,51.105429],[10.175488,51.106905],[10.175726,51.109529],[10.173263,51.111322],[10.174631,51.116867],[10.170304,51.118941],[10.159997,51.119482],[10.153792,51.118459],[10.152422,51.119948],[10.149245,51.120362],[10.146794,51.123125],[10.14398,51.124691],[10.139985,51.124707],[10.139725,51.12762],[10.135433,51.129785],[10.133992,51.132956],[10.130822,51.135191],[10.126412,51.136585],[10.120728,51.13693],[10.118322,51.139573],[10.127827,51.14376],[10.127876,51.145923],[10.137501,51.145014],[10.146597,51.144553],[10.151488,51.147153],[10.152606,51.148684],[10.157607,51.148014],[10.163088,51.15129],[10.168739,51.153268],[10.176567,51.14674],[10.177454,51.141671],[10.179435,51.140717],[10.184905,51.14112],[10.185877,51.138437],[10.183428,51.137917],[10.185236,51.132494],[10.178483,51.130761],[10.179215,51.127647],[10.182142,51.125656],[10.189621,51.121978],[10.188526,51.119879],[10.189455,51.116767],[10.192326,51.114918],[10.199959,51.112972],[10.202774,51.115337],[10.209346,51.118169],[10.20619,51.122111],[10.210717,51.122905],[10.210713,51.125964],[10.206579,51.126188],[10.206375,51.128235],[10.204035,51.132732],[10.204424,51.136718],[10.208162,51.139981],[10.210429,51.140643],[10.210013,51.144083],[10.209058,51.143505],[10.203763,51.146254],[10.200378,51.149931],[10.201411,51.151819],[10.207757,51.154766],[10.207323,51.164917],[10.210408,51.165753],[10.212784,51.16778],[10.226992,51.173363],[10.229846,51.174912],[10.233413,51.178863],[10.235999,51.184767],[10.234499,51.187521],[10.230482,51.188129],[10.220192,51.185745],[10.214138,51.187044],[10.211253,51.190437],[10.206942,51.190649],[10.197014,51.192057],[10.195827,51.192826],[10.19703,51.196542],[10.187748,51.204231],[10.18259,51.207101],[10.178764,51.208063],[10.177488,51.209597],[10.168445,51.21219],[10.164137,51.21205],[10.163605,51.210049],[10.160571,51.208269],[10.152737,51.207099],[10.149791,51.206189],[10.1438,51.212875],[10.143781,51.215417],[10.14189,51.218725],[10.138402,51.220135],[10.136261,51.218133],[10.129241,51.219143],[10.123972,51.218269],[10.121921,51.21687],[10.113172,51.215206],[10.111128,51.219481],[10.105019,51.221863],[10.096333,51.220592],[10.091729,51.222589],[10.091333,51.226216],[10.087925,51.226753],[10.085776,51.225171],[10.080958,51.223948],[10.076434,51.223735],[10.072382,51.22478],[10.067095,51.227793],[10.067635,51.230615],[10.071118,51.23586],[10.070796,51.238054],[10.072782,51.24041],[10.078995,51.242781],[10.07288,51.244004],[10.069059,51.243761],[10.066493,51.245637],[10.069077,51.246704],[10.0676,51.248898],[10.063713,51.250797],[10.063291,51.252053],[10.055312,51.253479],[10.049466,51.255371],[10.050117,51.258716],[10.047104,51.259504],[10.047906,51.26125],[10.046554,51.264501],[10.050373,51.265116],[10.052535,51.267552],[10.054687,51.266332],[10.057452,51.267656],[10.060124,51.273662],[10.059916,51.275865],[10.053718,51.279],[10.049294,51.277681],[10.04141,51.280392],[10.029987,51.277882],[10.023934,51.282032],[10.019955,51.282763],[10.013699,51.28262],[10.010347,51.283461],[10.004331,51.286983],[9.997261,51.284908],[9.991332,51.286556],[9.985282,51.28353],[9.977937,51.284751],[9.971981,51.284896],[9.976116,51.289692],[9.975381,51.292747],[9.970537,51.294701],[9.969853,51.300271],[9.961063,51.30455],[9.95675,51.304707],[9.950313,51.30313],[9.944838,51.303652],[9.940202,51.306581],[9.939311,51.308029],[9.942566,51.312091],[9.948771,51.31699],[9.94892,51.318871],[9.946872,51.320832],[9.948053,51.324139],[9.947567,51.326395],[9.944122,51.328628],[9.944745,51.33178],[9.941797,51.335599],[9.932742,51.338426],[9.929937,51.339969],[9.932821,51.346038],[9.930256,51.347807],[9.930474,51.350636],[9.925469,51.353793],[9.925874,51.359329],[9.923293,51.368043],[9.925462,51.372121],[9.928289,51.372364],[9.928339,51.375299],[9.926596,51.376326],[9.932888,51.380584],[9.931646,51.381378],[9.930314,51.385742],[9.931109,51.392733],[9.92786,51.392654],[9.927294,51.395387],[9.921344,51.399586],[9.915737,51.401682],[9.909806,51.40544],[9.905706,51.409882],[9.913393,51.410631],[9.912739,51.41231],[9.909136,51.413894],[9.906021,51.421139],[9.898587,51.417412],[9.89001,51.415335],[9.883152,51.414966],[9.882818,51.413012],[9.884626,51.410205],[9.881069,51.407254],[9.881953,51.405648],[9.878315,51.404477],[9.877423,51.406668],[9.873193,51.410928],[9.868535,51.413791],[9.865156,51.414699],[9.860258,51.41407],[9.853284,51.414815],[9.850743,51.414414],[9.851249,51.412176],[9.85385,51.410391],[9.852674,51.405004],[9.850864,51.403843],[9.850539,51.401376],[9.857726,51.394523],[9.860053,51.393654],[9.855888,51.386101],[9.85592,51.384806],[9.860081,51.381292],[9.859421,51.379184],[9.868359,51.37423],[9.865276,51.371613],[9.85613,51.372505],[9.853213,51.372232],[9.850017,51.374192],[9.840107,51.383593],[9.841785,51.387867],[9.839342,51.391037],[9.839531,51.39364],[9.841208,51.395071],[9.840158,51.397811],[9.840637,51.402642],[9.835871,51.402077],[9.829652,51.404236],[9.826543,51.40753],[9.821486,51.409957],[9.81627,51.410466],[9.80351,51.410401],[9.794137,51.40716],[9.792787,51.401384],[9.79649,51.398141],[9.800127,51.399188],[9.80137,51.395992],[9.799523,51.393516],[9.801815,51.389418],[9.80145,51.386915],[9.796891,51.386033],[9.794228,51.388424],[9.791351,51.389113],[9.780408,51.389091],[9.779746,51.388178],[9.765861,51.385978],[9.760998,51.383455],[9.756603,51.382285],[9.752284,51.374691],[9.749557,51.373531],[9.745484,51.373246],[9.743502,51.371063],[9.738459,51.369213],[9.731616,51.368412],[9.725984,51.370805],[9.7232,51.370498],[9.716289,51.367816],[9.704968,51.365806],[9.702144,51.364572],[9.702031,51.361116],[9.703983,51.358146],[9.707187,51.356328],[9.712913,51.355116],[9.714274,51.351985],[9.720611,51.348528],[9.720858,51.346703],[9.724873,51.342051],[9.726961,51.34085],[9.726267,51.337741],[9.729142,51.335862],[9.736841,51.328957],[9.735858,51.322382],[9.738248,51.319429],[9.745434,51.31898],[9.748077,51.321562],[9.754947,51.3265],[9.756507,51.328651],[9.760034,51.328997],[9.768307,51.332549],[9.76424,51.333595],[9.763108,51.336161],[9.772456,51.336291],[9.77061,51.330458],[9.767409,51.327613],[9.76351,51.325339],[9.765636,51.324426],[9.772366,51.329281],[9.775202,51.325196],[9.771091,51.318207],[9.7682,51.306726],[9.761098,51.305647],[9.732304,51.295232],[9.734259,51.292482],[9.730464,51.292567],[9.728708,51.294003],[9.729251,51.296768],[9.724042,51.297544],[9.721295,51.297085],[9.713913,51.299723],[9.710374,51.301528],[9.704336,51.302829],[9.699412,51.302967],[9.69181,51.306312],[9.688134,51.30404],[9.686112,51.306419],[9.683001,51.306458],[9.67971,51.308002],[9.674372,51.309155],[9.671661,51.305707],[9.657503,51.30525],[9.654338,51.305965],[9.649558,51.302093],[9.648137,51.298241],[9.653257,51.297648],[9.653187,51.29601],[9.650015,51.292109],[9.645011,51.288033],[9.644565,51.284726],[9.650088,51.284282],[9.651135,51.281968],[9.648674,51.280007],[9.645224,51.278857],[9.657678,51.276428],[9.665591,51.274361],[9.670352,51.272028],[9.674399,51.271103],[9.679389,51.267962],[9.6851,51.267012],[9.687741,51.270143],[9.694676,51.274708],[9.690013,51.268216],[9.688644,51.264517],[9.693028,51.26228],[9.700107,51.262617],[9.709103,51.262354],[9.713026,51.262713],[9.71794,51.266408],[9.719071,51.265705],[9.715291,51.262764],[9.724538,51.260978],[9.72571,51.264894],[9.727656,51.265195],[9.730182,51.26111],[9.740446,51.263023],[9.742683,51.261382],[9.750243,51.261278],[9.755019,51.262556],[9.759452,51.260649],[9.755085,51.257607],[9.753985,51.250267],[9.749746,51.24997],[9.745813,51.24847],[9.744244,51.245382],[9.738654,51.244455],[9.736843,51.242303],[9.729218,51.242045],[9.726032,51.238875],[9.722209,51.239462],[9.717226,51.243432],[9.713236,51.24283],[9.703693,51.244259],[9.687348,51.244471],[9.680092,51.234892],[9.68389,51.232489],[9.677718,51.232185],[9.676141,51.226141],[9.672902,51.223652],[9.674634,51.220322],[9.676448,51.219388],[9.673856,51.216538],[9.668075,51.216955],[9.667101,51.220934],[9.659986,51.218994],[9.656651,51.214093],[9.650929,51.212873],[9.650244,51.209638],[9.6416,51.210709],[9.636803,51.209108],[9.633323,51.205222],[9.634865,51.202435],[9.628801,51.202759],[9.6298,51.199878],[9.634465,51.198545],[9.633891,51.196319],[9.629329,51.195241],[9.62935,51.194116],[9.624979,51.192815],[9.634986,51.185268],[9.635957,51.183098],[9.642987,51.182286],[9.64667,51.183645],[9.653105,51.182522],[9.662595,51.184983],[9.669071,51.183122],[9.679107,51.184687],[9.685286,51.185063],[9.689962,51.182909],[9.690224,51.18022],[9.694726,51.176526],[9.691611,51.168821],[9.693139,51.166915],[9.700887,51.16335],[9.703927,51.160924],[9.703024,51.158525],[9.710266,51.157557],[9.714782,51.155329],[9.712844,51.151519],[9.721268,51.15252],[9.729387,51.147142],[9.731263,51.144254],[9.73815,51.145577],[9.741678,51.143306],[9.74439,51.145393],[9.751196,51.144717],[9.755298,51.148071],[9.759218,51.15022],[9.76143,51.148795],[9.766913,51.148532],[9.773271,51.146287],[9.777385,51.137477],[9.776396,51.132153],[9.779883,51.123132],[9.780937,51.115067],[9.77881,51.112166],[9.779623,51.109481],[9.774915,51.104368],[9.776129,51.102621],[9.774746,51.100552],[9.77489,51.09321],[9.777523,51.089304],[9.775173,51.086077],[9.777533,51.083158],[9.783349,51.082105],[9.787498,51.082653],[9.792843,51.082451],[9.797954,51.080791],[9.802306,51.081087],[9.807328,51.082466],[9.811673,51.082789],[9.81777,51.085568],[9.822983,51.08476],[9.821759,51.082254],[9.825668,51.075726],[9.82679,51.072251],[9.840768,51.069469],[9.847921,51.068628],[9.850378,51.065492],[9.857094,51.063118],[9.858434,51.060147],[9.86018,51.059878],[9.86565,51.061815],[9.864803,51.057986],[9.866704,51.05474],[9.86602,51.048711],[9.871536,51.049655],[9.876581,51.048568],[9.881183,51.046735],[9.886934,51.046181],[9.892418,51.048011],[9.894809,51.044464],[9.898187,51.046053],[9.905639,51.045533],[9.910795,51.046369],[9.913631,51.044539],[9.917912,51.044596],[9.921637,51.046864],[9.921502,51.048528],[9.923507,51.051489],[9.928915,51.052829],[9.934603,51.052263],[9.936606,51.04944],[9.939702,51.048527],[9.943781,51.050031],[9.949188,51.049103],[9.953991,51.047254],[9.960981,51.041492],[9.966553,51.03853],[9.970094,51.038376],[9.973309,51.036789],[9.978256,51.035965],[9.981493,51.033568],[9.986986,51.033123],[9.986519,51.030669],[9.991285,51.029445],[9.998103,51.029601],[10.002908,51.025977],[9.994914,51.023748],[9.994293,51.017834],[9.989633,51.014332],[9.98973,51.012333],[9.987179,51.010989],[9.988951,51.008183],[9.987473,51.005126],[9.982758,51.004601],[9.981334,51.001914],[9.986331,51.001306],[9.99004,50.997283],[9.996445,50.995682],[10.001635,50.992328],[10.012617,50.994005],[10.015184,50.995254],[10.021559,50.992949]]]}}
]}