{"type":"FeatureCollection","bbox":[6.639255,51.295232,11.597785,53.89232],"features":[
{"type":"Feature","id":"DEU:ADM3:DE-NI.braunschweig-kreisfreie-stadt","properties":{"shapeName":"Braunschweig, Kreisfreie Stadt","shapeISO":"","shapeGroup":"DEU","shapeType":"ADM3","adm1ISO":"DE-NI","parentISO":"DE-NI","parentID":"DEU:ADM1:DE-NI","src_shape_id":"24449704B97397018428857"},"geometry":{"type":"Polygon","coordinates":[[[10.609443,52.344196],[10.612395,52.346132],[10.612976,52.348529],[10.608702,52.348489],[10.607215,52.3457],[10.603779,52.347416],[10.596809,52.346322],[10.597091,52.349576],[10.590292,52.350408],[10.589914,52.351919],[10.581789,52.351732],[10.575376,52.350692],[10.575019,52.352122],[10.568926,52.351933],[10.567407,52.347833],[10.563806,52.347575],[10.558451,52.345071],[10.556005,52.342893],[10.552191,52.342973],[10.553078,52.340498],[10.551831,52.336081],[10.5492,52.335797],[10.546905,52.333049],[10.547975,52.331609],[10.538401,52.327933],[10.531837,52.328672],[10.527603,52.327888],[10.527266,52.331878],[10.528646,52.339044],[10.529925,52.341364],[10.53437,52.344243],[10.536477,52.3446],[10.544264,52.349094],[10.530469,52.349534],[10.524831,52.352794],[10.521055,52.357508],[10.516251,52.356838],[10.510075,52.356958],[10.50683,52.355784],[10.506385,52.353065],[10.502996,52.351503],[10.503715,52.349924],[10.496155,52.34817],[10.496554,52.346362],[10.48488,52.350367],[10.481024,52.350122],[10.478822,52.352487],[10.475657,52.351081],[10.477033,52.3449],[10.476302,52.339117],[10.478065,52.336833],[10.483549,52.334282],[10.48448,52.333052],[10.493057,52.330882],[10.484435,52.328626],[10.485119,52.320415],[10.456946,52.327142],[10.44896,52.328748],[10.450195,52.32668],[10.446277,52.325707],[10.445713,52.324322],[10.441526,52.321437],[10.432158,52.324405],[10.430292,52.326813],[10.426367,52.328096],[10.424067,52.330228],[10.419852,52.3277],[10.41696,52.327786],[10.416216,52.32542],[10.41841,52.321761],[10.412414,52.318222],[10.424587,52.311819],[10.422395,52.308642],[10.424187,52.307887],[10.423824,52.302685],[10.424548,52.296993],[10.426664,52.290356],[10.423394,52.289962],[10.422495,52.288048],[10.419376,52.2877],[10.418365,52.285925],[10.426184,52.284962],[10.426969,52.287406],[10.440653,52.285569],[10.441184,52.281305],[10.439907,52.280982],[10.438126,52.276692],[10.43623,52.276047],[10.430216,52.276688],[10.427818,52.275971],[10.42728,52.269041],[10.421334,52.269104],[10.42146,52.267292],[10.428209,52.267053],[10.430527,52.265512],[10.430389,52.263057],[10.434112,52.263347],[10.435484,52.257205],[10.447135,52.25757],[10.451678,52.259003],[10.453009,52.256784],[10.451183,52.254955],[10.446698,52.252691],[10.445225,52.248872],[10.433372,52.248318],[10.432831,52.245458],[10.428348,52.245695],[10.428119,52.242824],[10.43297,52.242813],[10.433735,52.230258],[10.436012,52.225906],[10.433875,52.225095],[10.430204,52.221532],[10.432288,52.215735],[10.439667,52.2032],[10.468059,52.204062],[10.468526,52.202091],[10.477165,52.204704],[10.484463,52.208231],[10.490412,52.20185],[10.490412,52.199507],[10.493136,52.198198],[10.494935,52.193534],[10.497764,52.194031],[10.501188,52.191857],[10.505107,52.186735],[10.506503,52.186993],[10.513039,52.188372],[10.515118,52.191726],[10.518324,52.193561],[10.522705,52.191943],[10.525214,52.192696],[10.528875,52.191625],[10.533807,52.192559],[10.53868,52.191775],[10.538463,52.194051],[10.541622,52.199444],[10.545776,52.204337],[10.55021,52.202924],[10.55272,52.206327],[10.56296,52.202729],[10.57063,52.202419],[10.570412,52.203561],[10.577565,52.204827],[10.576053,52.208977],[10.572696,52.21351],[10.574745,52.216991],[10.573896,52.221367],[10.576462,52.223407],[10.581127,52.220647],[10.58475,52.222286],[10.589099,52.223039],[10.593329,52.222057],[10.598302,52.222801],[10.60034,52.226112],[10.601032,52.232571],[10.598779,52.233694],[10.600238,52.23957],[10.599089,52.243465],[10.59736,52.243494],[10.594164,52.249459],[10.592295,52.251552],[10.601998,52.251718],[10.609228,52.253906],[10.61266,52.256603],[10.611878,52.260399],[10.614378,52.263553],[10.619993,52.263863],[10.617861,52.26713],[10.613017,52.270345],[10.613867,52.277006],[10.626577,52.277412],[10.626648,52.281401],[10.631599,52.282702],[10.635112,52.285495],[10.63819,52.285485],[10.638761,52.289985],[10.636976,52.290812],[10.638492,52.295794],[10.642989,52.295424],[10.640018,52.302119],[10.630817,52.301401],[10.630659,52.302453],[10.623077,52.303585],[10.620338,52.305468],[10.614075,52.311742],[10.618557,52.31431],[10.621726,52.32218],[10.627098,52.321832],[10.628777,52.323562],[10.628284,52.328987],[10.624121,52.330301],[10.622919,52.331745],[10.625042,52.335153],[10.620929,52.339713],[10.608921,52.335569],[10.601645,52.33752],[10.600952,52.34236],[10.608325,52.343199],[10.609443,52.344196]]]}},
{"type":"Feature","id":"DEU:ADM3:DE-NI.salzgitter-kreisfreie-stadt","properties":{"shapeName":"Salzgitter, Kreisfreie Stadt","shapeISO":"","shapeGroup":"DEU","shapeType":"ADM3","adm1ISO":"DE-NI","parentISO":"DE-NI","parentID":"DEU:ADM1:DE-NI","src_shape_id":"24449704B33300792473642"},"geometry":{"type":"Polygon","coordinates":[[[10.430204,52.221532],[10.427737,52.221689],[10.410877,52.21936],[10.406755,52.222775],[10.400959,52.2149],[10.400685,52.212625],[10.403002,52.211232],[10.40079,52.209777],[10.392074,52.209769],[10.391469,52.203724],[10.374196,52.203041],[10.373476,52.198955],[10.368767,52.192041],[10.366963,52.186541],[10.35721,52.186336],[10.349338,52.18164],[10.347442,52.176123],[10.339439,52.17561],[10.319558,52.176667],[10.32031,52.178535],[10.321177,52.186175],[10.318057,52.18948],[10.304355,52.188058],[10.306601,52.184464],[10.30178,52.182029],[10.294461,52.180218],[10.28847,52.175486],[10.283922,52.174965],[10.274355,52.176907],[10.273824,52.177896],[10.265674,52.178851],[10.265413,52.181382],[10.262924,52.183624],[10.257476,52.183023],[10.257537,52.174354],[10.252229,52.174957],[10.249914,52.176678],[10.243383,52.176026],[10.243548,52.173994],[10.240448,52.171671],[10.235839,52.171236],[10.234005,52.170196],[10.230609,52.17053],[10.233031,52.15923],[10.235014,52.15947],[10.237052,52.150181],[10.238773,52.147469],[10.244828,52.142381],[10.248664,52.140271],[10.243018,52.135676],[10.239696,52.134483],[10.235229,52.131001],[10.233028,52.13013],[10.240493,52.120788],[10.245638,52.121506],[10.24638,52.119452],[10.251127,52.116464],[10.251855,52.110679],[10.253571,52.107512],[10.265882,52.110377],[10.270923,52.104336],[10.28241,52.107485],[10.284732,52.106544],[10.286305,52.104053],[10.303651,52.10677],[10.306855,52.105583],[10.310121,52.098782],[10.317627,52.100336],[10.322555,52.093979],[10.325037,52.086562],[10.328627,52.086963],[10.33145,52.081642],[10.331875,52.07864],[10.335885,52.07045],[10.339576,52.064126],[10.343103,52.059927],[10.346193,52.052276],[10.345649,52.049244],[10.340764,52.048671],[10.335344,52.04682],[10.337634,52.042856],[10.328198,52.042186],[10.327389,52.044092],[10.320973,52.043516],[10.321896,52.046072],[10.320444,52.048156],[10.315503,52.047123],[10.309502,52.044712],[10.306412,52.050351],[10.302399,52.050083],[10.301312,52.051509],[10.294059,52.050545],[10.291419,52.046944],[10.284267,52.047476],[10.285217,52.044158],[10.287763,52.043591],[10.290998,52.039549],[10.287596,52.039733],[10.284805,52.035876],[10.286169,52.033829],[10.290165,52.030774],[10.294209,52.029917],[10.298564,52.031121],[10.310548,52.031806],[10.312085,52.030523],[10.318243,52.029516],[10.322318,52.027939],[10.323403,52.026321],[10.329737,52.025332],[10.331761,52.021701],[10.327793,52.020937],[10.326672,52.017907],[10.318177,52.016869],[10.319513,52.014586],[10.326093,52.013031],[10.336523,52.015096],[10.334285,52.017117],[10.333804,52.021137],[10.342815,52.016814],[10.350677,52.019882],[10.35381,52.020363],[10.358187,52.019352],[10.365773,52.015338],[10.367887,52.017096],[10.365537,52.02365],[10.372347,52.024479],[10.374651,52.023436],[10.37788,52.026156],[10.383548,52.025275],[10.384845,52.027481],[10.391408,52.030662],[10.398621,52.028483],[10.404849,52.029257],[10.40591,52.030632],[10.40299,52.032502],[10.411689,52.03644],[10.409075,52.039942],[10.415794,52.040769],[10.416946,52.042581],[10.42509,52.046919],[10.426487,52.048665],[10.433297,52.050612],[10.437412,52.050407],[10.438497,52.054343],[10.437676,52.056229],[10.450888,52.055657],[10.451166,52.053921],[10.454667,52.052163],[10.463679,52.050711],[10.464135,52.047685],[10.467316,52.04806],[10.469205,52.04573],[10.472618,52.046828],[10.476659,52.045915],[10.481555,52.046307],[10.480069,52.051219],[10.484795,52.051388],[10.48543,52.056207],[10.486964,52.061974],[10.479089,52.059669],[10.472943,52.058811],[10.46661,52.059438],[10.466914,52.061995],[10.463313,52.065071],[10.462112,52.067822],[10.462182,52.073809],[10.457053,52.072981],[10.457593,52.076995],[10.447989,52.090106],[10.443726,52.090292],[10.442401,52.092312],[10.446225,52.0961],[10.440233,52.104309],[10.433041,52.110012],[10.429046,52.111927],[10.432314,52.11847],[10.431191,52.121821],[10.432952,52.12623],[10.432407,52.129125],[10.433996,52.132077],[10.440197,52.139869],[10.443035,52.138314],[10.452266,52.145649],[10.466847,52.15794],[10.469201,52.159479],[10.484289,52.171723],[10.492326,52.172493],[10.493036,52.17498],[10.500019,52.175732],[10.498509,52.181087],[10.507711,52.183875],[10.506503,52.186993],[10.505107,52.186735],[10.501188,52.191857],[10.497764,52.194031],[10.494935,52.193534],[10.493136,52.198198],[10.490412,52.199507],[10.490412,52.20185],[10.484463,52.208231],[10.477165,52.204704],[10.468526,52.202091],[10.468059,52.204062],[10.439667,52.2032],[10.432288,52.215735],[10.430204,52.221532]]]}},
{"type":"Feature","id":"DEU:ADM3:DE-NI.wolfsburg-kreisfreie-stadt","properties":{"shapeName":"Wolfsburg, Kreisfreie Stadt","shapeISO":"","shapeGroup":"DEU","shapeType":"ADM3","adm1ISO":"DE-NI","parentISO":"DE-NI","parentID":"DEU:ADM1:DE-NI","src_shape_id":"24449704B78108087750349"},"geometry":{"type":"Polygon","coordinates":[[[10.890571,52.46012],[10.889132,52.462265],[10.880905,52.465412],[10.879784,52.467107],[10.882452,52.469407],[10.875977,52.473187],[10.875249,52.474569],[10.869834,52.474508],[10.864638,52.475711],[10.857683,52.475402],[10.855414,52.474338],[10.85523,52.470698],[10.852853,52.470657],[10.853403,52.475839],[10.84059,52.478628],[10.834252,52.479229],[10.822499,52.48333],[10.819013,52.487321],[10.817066,52.488151],[10.795796,52.483332],[10.789454,52.489417],[10.788378,52.489329],[10.78536,52.49422],[10.781473,52.49508],[10.778275,52.491521],[10.771573,52.486147],[10.759407,52.480125],[10.755958,52.476527],[10.753027,52.474788],[10.750269,52.469792],[10.746328,52.46887],[10.743586,52.466743],[10.741934,52.463055],[10.741805,52.458343],[10.743004,52.456337],[10.746297,52.454466],[10.745688,52.449994],[10.741651,52.449791],[10.73864,52.446171],[10.740728,52.444118],[10.738397,52.443089],[10.732467,52.443226],[10.731227,52.445252],[10.733102,52.44648],[10.729744,52.44887],[10.737125,52.450178],[10.725851,52.45135],[10.727123,52.448611],[10.724086,52.448688],[10.724606,52.451471],[10.700815,52.453994],[10.700669,52.457582],[10.69159,52.462067],[10.686638,52.461791],[10.685332,52.459264],[10.673865,52.462417],[10.664482,52.449202],[10.657831,52.449651],[10.647243,52.444075],[10.651255,52.439711],[10.652965,52.432242],[10.651158,52.427319],[10.653517,52.420355],[10.653028,52.419124],[10.656886,52.411609],[10.65752,52.404842],[10.65924,52.403668],[10.661153,52.399087],[10.661408,52.39441],[10.670439,52.396158],[10.675641,52.389829],[10.669973,52.385767],[10.670488,52.379334],[10.677893,52.38056],[10.688714,52.380179],[10.691474,52.378666],[10.692572,52.375895],[10.700626,52.37227],[10.710972,52.371254],[10.715366,52.371836],[10.718657,52.369049],[10.720527,52.365894],[10.722357,52.358106],[10.724107,52.35415],[10.733898,52.3546],[10.742028,52.356035],[10.746519,52.354182],[10.756058,52.351125],[10.757737,52.348421],[10.762666,52.347529],[10.7698,52.344527],[10.774774,52.338967],[10.780574,52.339915],[10.784836,52.339316],[10.792712,52.339656],[10.797462,52.338582],[10.800559,52.33902],[10.804786,52.347306],[10.822259,52.345452],[10.82391,52.344124],[10.819608,52.341884],[10.813316,52.342434],[10.814819,52.335172],[10.806851,52.331793],[10.806368,52.329942],[10.815163,52.327976],[10.826132,52.328513],[10.828167,52.327743],[10.83594,52.326832],[10.839806,52.321658],[10.842194,52.321103],[10.840223,52.316738],[10.846469,52.315946],[10.851253,52.317794],[10.846996,52.321521],[10.845168,52.324314],[10.855222,52.322297],[10.858854,52.324272],[10.860668,52.329764],[10.858966,52.332645],[10.861651,52.333255],[10.867815,52.331714],[10.875811,52.335711],[10.874729,52.33831],[10.880803,52.342976],[10.883114,52.341899],[10.887109,52.345375],[10.88036,52.347879],[10.880219,52.349658],[10.875164,52.352967],[10.853194,52.363224],[10.861338,52.363866],[10.868151,52.370608],[10.873938,52.370356],[10.875745,52.372041],[10.880197,52.373736],[10.88139,52.375873],[10.872333,52.37877],[10.869025,52.380426],[10.86713,52.384164],[10.868316,52.387218],[10.873666,52.390709],[10.872563,52.392431],[10.875339,52.394908],[10.882855,52.395996],[10.884651,52.398013],[10.896406,52.397247],[10.898775,52.400854],[10.900256,52.405319],[10.900254,52.408377],[10.904936,52.410627],[10.906861,52.413769],[10.891338,52.414666],[10.885209,52.41339],[10.88152,52.413762],[10.877254,52.415245],[10.87687,52.416781],[10.882748,52.416681],[10.895378,52.418357],[10.89403,52.422824],[10.882159,52.421206],[10.881459,52.423843],[10.882798,52.42732],[10.882309,52.430352],[10.893047,52.432853],[10.890011,52.434563],[10.880701,52.434625],[10.875744,52.435739],[10.877333,52.438603],[10.883007,52.438851],[10.887735,52.447152],[10.886063,52.45294],[10.88898,52.453254],[10.891367,52.456871],[10.890571,52.46012]]]}},
{"type":"Feature","id":"DEU:ADM3:DE-NI.gifhorn","properties":{"shapeName":"Gifhorn","shapeISO":"","shapeGroup":"DEU","shapeType":"ADM3","adm1ISO":"DE-NI","parentISO":"DE-NI","parentID":"DEU:ADM1:DE-NI","src_shape_id":"24449704B48445934083586"},"geometry":{"type":"Polygon","coordinates":[[[10.609443,52.344196],[10.617745,52.346149],[10.616752,52.350153],[10.618551,52.351427],[10.619066,52.357131],[10.60926,52.359507],[10.608743,52.36418],[10.618326,52.365889],[10.6162,52.37294],[10.609321,52.372453],[10.60471,52.373834],[10.604657,52.376037],[10.608319,52.379859],[10.613809,52.382852],[10.616625,52.383304],[10.621442,52.382651],[10.623494,52.385644],[10.627076,52.384694],[10.63595,52.383553],[10.636879,52.384539],[10.647639,52.385724],[10.649001,52.37912],[10.661781,52.379038],[10.663408,52.377608],[10.671232,52.377966],[10.670488,52.379334],[10.669973,52.385767],[10.675641,52.389829],[10.670439,52.396158],[10.661408,52.39441],[10.661153,52.399087],[10.65924,52.403668],[10.65752,52.404842],[10.656886,52.411609],[10.653028,52.419124],[10.653517,52.420355],[10.651158,52.427319],[10.652965,52.432242],[10.651255,52.439711],[10.647243,52.444075],[10.657831,52.449651],[10.664482,52.449202],[10.673865,52.462417],[10.685332,52.459264],[10.686638,52.461791],[10.69159,52.462067],[10.700669,52.457582],[10.700815,52.453994],[10.724606,52.451471],[10.724086,52.448688],[10.727123,52.448611],[10.725851,52.45135],[10.737125,52.450178],[10.729744,52.44887],[10.733102,52.44648],[10.731227,52.445252],[10.732467,52.443226],[10.738397,52.443089],[10.740728,52.444118],[10.73864,52.446171],[10.741651,52.449791],[10.745688,52.449994],[10.746297,52.454466],[10.743004,52.456337],[10.741805,52.458343],[10.741934,52.463055],[10.743586,52.466743],[10.746328,52.46887],[10.750269,52.469792],[10.753027,52.474788],[10.755958,52.476527],[10.759407,52.480125],[10.771573,52.486147],[10.778275,52.491521],[10.781473,52.49508],[10.78536,52.49422],[10.788378,52.489329],[10.789454,52.489417],[10.795796,52.483332],[10.817066,52.488151],[10.819013,52.487321],[10.822499,52.48333],[10.834252,52.479229],[10.84059,52.478628],[10.853403,52.475839],[10.852853,52.470657],[10.85523,52.470698],[10.855414,52.474338],[10.857683,52.475402],[10.864638,52.475711],[10.869834,52.474508],[10.875249,52.474569],[10.875977,52.473187],[10.882452,52.469407],[10.879784,52.467107],[10.880905,52.465412],[10.889132,52.462265],[10.890571,52.46012],[10.899041,52.460847],[10.905575,52.45973],[10.910433,52.466718],[10.922443,52.470867],[10.926101,52.471546],[10.934543,52.471795],[10.934493,52.475788],[10.935759,52.476869],[10.940981,52.476601],[10.942786,52.480703],[10.941552,52.483648],[10.944249,52.486808],[10.943556,52.49235],[10.949994,52.495606],[10.951125,52.495278],[10.959499,52.496714],[10.97484,52.501363],[10.981703,52.497057],[10.993326,52.49683],[11.005455,52.495772],[11.008782,52.496748],[10.99656,52.505504],[10.979264,52.518407],[10.973201,52.523629],[10.963769,52.532523],[10.95987,52.534867],[10.954732,52.540084],[10.948433,52.547347],[10.942337,52.555949],[10.943039,52.560493],[10.937576,52.5674],[10.937705,52.568641],[10.941438,52.571875],[10.940145,52.575211],[10.941689,52.579745],[10.944241,52.581848],[10.947436,52.58255],[10.939716,52.588831],[10.945323,52.591694],[10.95326,52.592868],[10.955206,52.59534],[10.957883,52.595872],[10.959519,52.599892],[10.964793,52.602071],[10.971653,52.603329],[10.975629,52.606825],[10.974255,52.609942],[10.97673,52.612866],[10.977266,52.616056],[10.976968,52.624142],[10.971981,52.624854],[10.968583,52.626297],[10.964248,52.625855],[10.945174,52.620216],[10.943397,52.614913],[10.938321,52.613875],[10.930323,52.61142],[10.92716,52.609262],[10.921412,52.610437],[10.925026,52.614597],[10.915627,52.617399],[10.913103,52.624098],[10.90878,52.626397],[10.904841,52.627076],[10.902101,52.63576],[10.898673,52.638425],[10.896868,52.642709],[10.8906,52.647378],[10.883551,52.651021],[10.881378,52.654866],[10.879384,52.655714],[10.877529,52.660931],[10.877759,52.663832],[10.873723,52.666029],[10.87026,52.669285],[10.865664,52.67217],[10.859372,52.674841],[10.85765,52.677873],[10.853208,52.680881],[10.849845,52.684136],[10.846092,52.690138],[10.844092,52.690518],[10.841653,52.693926],[10.838273,52.695215],[10.836207,52.698871],[10.833129,52.700939],[10.833351,52.703122],[10.835836,52.705737],[10.836159,52.707701],[10.832382,52.711051],[10.829703,52.716135],[10.82446,52.717975],[10.81649,52.715836],[10.808369,52.715451],[10.804146,52.713995],[10.798338,52.713698],[10.796505,52.714681],[10.793644,52.726299],[10.793282,52.729968],[10.788822,52.732236],[10.788494,52.735014],[10.790241,52.736766],[10.790544,52.743868],[10.79179,52.747533],[10.789374,52.751714],[10.786875,52.753164],[10.778133,52.754043],[10.775635,52.755805],[10.775483,52.762361],[10.769609,52.768882],[10.768233,52.76848],[10.762717,52.774887],[10.762117,52.777001],[10.756182,52.782877],[10.755377,52.786808],[10.759314,52.79583],[10.754149,52.795886],[10.749241,52.796669],[10.747631,52.795371],[10.743825,52.789314],[10.723185,52.78333],[10.713149,52.782523],[10.709149,52.783215],[10.70373,52.781948],[10.694672,52.781699],[10.69376,52.778511],[10.690622,52.778121],[10.68834,52.775158],[10.682592,52.775625],[10.682831,52.772383],[10.674662,52.77324],[10.67401,52.769935],[10.670451,52.770278],[10.66962,52.765208],[10.660957,52.767423],[10.64878,52.769803],[10.641584,52.772554],[10.636319,52.772218],[10.632145,52.774192],[10.632937,52.776556],[10.618848,52.786362],[10.601948,52.795656],[10.599689,52.79341],[10.593669,52.794638],[10.591081,52.798065],[10.591028,52.799959],[10.584752,52.808976],[10.579611,52.815224],[10.57547,52.817003],[10.570978,52.820584],[10.556426,52.830699],[10.552464,52.832398],[10.532567,52.834222],[10.536512,52.830749],[10.531009,52.827955],[10.523872,52.832431],[10.478667,52.816337],[10.471458,52.814381],[10.458864,52.809113],[10.457953,52.810377],[10.445804,52.81589],[10.44441,52.815763],[10.429397,52.803042],[10.419893,52.799898],[10.419415,52.793532],[10.399773,52.775616],[10.395986,52.775371],[10.395801,52.762216],[10.403662,52.759525],[10.403444,52.758764],[10.390827,52.747295],[10.385552,52.741688],[10.380948,52.734922],[10.366559,52.729491],[10.366846,52.725281],[10.364173,52.724381],[10.362937,52.721998],[10.373073,52.711986],[10.373578,52.709842],[10.370495,52.702398],[10.375306,52.699787],[10.378347,52.694772],[10.367241,52.691999],[10.368675,52.689691],[10.374898,52.690906],[10.377798,52.689583],[10.384499,52.6906],[10.386646,52.684875],[10.38575,52.681786],[10.387248,52.678856],[10.392415,52.679004],[10.390475,52.673837],[10.399505,52.6691],[10.399918,52.66555],[10.405979,52.65753],[10.395689,52.645436],[10.389216,52.643059],[10.382777,52.635584],[10.38009,52.635391],[10.37957,52.632662],[10.386768,52.629165],[10.381743,52.628708],[10.392997,52.62134],[10.398894,52.620572],[10.402196,52.617031],[10.406262,52.614975],[10.413142,52.610125],[10.412092,52.605971],[10.417397,52.606596],[10.413413,52.603157],[10.412659,52.600853],[10.402013,52.596491],[10.403155,52.593112],[10.40104,52.592755],[10.3989,52.590139],[10.401224,52.588849],[10.399463,52.585098],[10.391896,52.582701],[10.387746,52.582102],[10.381052,52.579155],[10.381596,52.573014],[10.384676,52.568493],[10.387811,52.568722],[10.407667,52.572137],[10.410868,52.572958],[10.410597,52.564124],[10.408591,52.563496],[10.403107,52.56382],[10.398193,52.565008],[10.39604,52.564215],[10.39823,52.561618],[10.396272,52.560066],[10.400564,52.55882],[10.397347,52.55658],[10.393499,52.558308],[10.392437,52.55517],[10.381752,52.560002],[10.378283,52.560511],[10.383084,52.547072],[10.377664,52.549486],[10.377162,52.552053],[10.355512,52.56179],[10.351662,52.56116],[10.346482,52.557193],[10.352033,52.55476],[10.346494,52.545665],[10.33588,52.548458],[10.33549,52.545798],[10.339556,52.544647],[10.33775,52.540275],[10.334392,52.53903],[10.330667,52.540885],[10.325861,52.539457],[10.325812,52.541472],[10.320871,52.540743],[10.321794,52.538416],[10.316929,52.539165],[10.316974,52.535363],[10.31064,52.535875],[10.309956,52.53292],[10.304697,52.533896],[10.304041,52.531984],[10.310949,52.530353],[10.309533,52.529089],[10.308449,52.525331],[10.306235,52.522522],[10.3006,52.523088],[10.300726,52.524716],[10.289171,52.527546],[10.283504,52.52805],[10.280523,52.525047],[10.278792,52.524815],[10.281526,52.520794],[10.282856,52.516799],[10.268486,52.517087],[10.264711,52.518285],[10.260112,52.518249],[10.259564,52.515954],[10.26852,52.515977],[10.268891,52.512244],[10.273742,52.51064],[10.276336,52.507821],[10.288988,52.506333],[10.283153,52.497024],[10.280237,52.496587],[10.280411,52.494241],[10.278736,52.491752],[10.280652,52.490494],[10.278284,52.488634],[10.277128,52.485967],[10.272722,52.486173],[10.272232,52.482841],[10.27483,52.48191],[10.276036,52.479259],[10.28161,52.474845],[10.289806,52.47325],[10.2913,52.471877],[10.290497,52.469092],[10.293027,52.466434],[10.293451,52.464254],[10.298944,52.462795],[10.298802,52.460889],[10.303397,52.458721],[10.299237,52.455469],[10.29412,52.45753],[10.295689,52.459667],[10.288125,52.462087],[10.286176,52.46089],[10.287449,52.457024],[10.283134,52.455081],[10.282162,52.452828],[10.285834,52.450149],[10.287508,52.451384],[10.293464,52.450156],[10.291912,52.447902],[10.300167,52.447379],[10.307512,52.444745],[10.3109,52.444049],[10.315519,52.444505],[10.319486,52.441668],[10.322677,52.436569],[10.326617,52.43726],[10.333451,52.429449],[10.339085,52.432009],[10.343799,52.432464],[10.347548,52.431422],[10.347643,52.428417],[10.352503,52.422352],[10.358926,52.423934],[10.35956,52.422316],[10.364522,52.417222],[10.368831,52.411352],[10.374544,52.398941],[10.37518,52.395244],[10.377993,52.390617],[10.376274,52.390426],[10.378245,52.38658],[10.373888,52.386908],[10.378289,52.378601],[10.384379,52.370681],[10.405263,52.374701],[10.404853,52.3758],[10.425027,52.378894],[10.425067,52.369512],[10.421061,52.369662],[10.419487,52.368399],[10.414038,52.3666],[10.417538,52.362553],[10.41941,52.361585],[10.424724,52.355365],[10.420114,52.353644],[10.418657,52.355316],[10.401935,52.351769],[10.409866,52.344356],[10.408153,52.341881],[10.408393,52.339768],[10.418358,52.333804],[10.41946,52.330999],[10.424067,52.330228],[10.426367,52.328096],[10.430292,52.326813],[10.432158,52.324405],[10.441526,52.321437],[10.445713,52.324322],[10.446277,52.325707],[10.450195,52.32668],[10.44896,52.328748],[10.456946,52.327142],[10.485119,52.320415],[10.484435,52.328626],[10.493057,52.330882],[10.48448,52.333052],[10.483549,52.334282],[10.478065,52.336833],[10.476302,52.339117],[10.477033,52.3449],[10.475657,52.351081],[10.478822,52.352487],[10.481024,52.350122],[10.48488,52.350367],[10.496554,52.346362],[10.496155,52.34817],[10.503715,52.349924],[10.502996,52.351503],[10.506385,52.353065],[10.50683,52.355784],[10.510075,52.356958],[10.516251,52.356838],[10.521055,52.357508],[10.524831,52.352794],[10.530469,52.349534],[10.544264,52.349094],[10.536477,52.3446],[10.53437,52.344243],[10.529925,52.341364],[10.528646,52.339044],[10.527266,52.331878],[10.527603,52.327888],[10.531837,52.328672],[10.538401,52.327933],[10.547975,52.331609],[10.546905,52.333049],[10.5492,52.335797],[10.551831,52.336081],[10.553078,52.340498],[10.552191,52.342973],[10.556005,52.342893],[10.558451,52.345071],[10.563806,52.347575],[10.567407,52.347833],[10.568926,52.351933],[10.575019,52.352122],[10.575376,52.350692],[10.581789,52.351732],[10.589914,52.351919],[10.590292,52.350408],[10.597091,52.349576],[10.596809,52.346322],[10.603779,52.347416],[10.607215,52.3457],[10.608702,52.348489],[10.612976,52.348529],[10.612395,52.346132],[10.609443,52.344196]]]}},
{"type":"Feature","id":"DEU:ADM3:DE-NI.goslar","properties":{"shapeName":"Goslar","shapeISO":"","shapeGroup":"DEU","shapeType":"ADM3","adm1ISO":"DE-NI","parentISO":"DE-NI","parentID":"DEU:ADM1:DE-NI","src_shape_id":"24449704B67643508541575"},"geometry":{"type":"Polygon","coordinates":[[[10.286169,52.033829],[10.286791,52.028489],[10.282033,52.025069],[10.275095,52.02316],[10.27133,52.019888],[10.26664,52.017094],[10.266152,52.015771],[10.260397,52.015102],[10.259205,52.013076],[10.248313,52.010368],[10.241974,52.00935],[10.235118,52.006178],[10.2333,52.004698],[10.228961,52.003764],[10.224425,52.005908],[10.223365,52.008175],[10.213843,52.006411],[10.208038,52.007376],[10.204089,52.007234],[10.202723,52.004433],[10.196699,52.003132],[10.193639,52.000811],[10.196786,51.996658],[10.199306,51.994509],[10.196076,51.989302],[10.195454,51.982212],[10.19789,51.979511],[10.198129,51.974294],[10.202596,51.97195],[10.200433,51.969434],[10.206056,51.966911],[10.198878,51.960862],[10.1939,51.961423],[10.193933,51.957094],[10.190639,51.955529],[10.180298,51.956122],[10.166728,51.958181],[10.163502,51.955605],[10.160718,51.955351],[10.150963,51.956347],[10.148084,51.955848],[10.139956,51.957761],[10.137547,51.956827],[10.131045,51.95916],[10.129989,51.962308],[10.118044,51.95709],[10.101605,51.961237],[10.087023,51.960315],[10.081491,51.957066],[10.081706,51.95388],[10.074375,51.949601],[10.075379,51.946736],[10.074842,51.943186],[10.070919,51.940379],[10.075441,51.937588],[10.077616,51.935302],[10.074529,51.931836],[10.074397,51.929371],[10.065526,51.92736],[10.065644,51.924592],[10.07128,51.922409],[10.073421,51.920614],[10.08987,51.913402],[10.101249,51.906636],[10.106181,51.902393],[10.102538,51.894197],[10.10255,51.889745],[10.098847,51.888899],[10.099269,51.885938],[10.098318,51.883532],[10.100323,51.88016],[10.099071,51.879001],[10.105089,51.876917],[10.112564,51.878084],[10.11549,51.876555],[10.11822,51.872273],[10.117601,51.868574],[10.11512,51.86118],[10.115272,51.855235],[10.113106,51.852043],[10.11622,51.849615],[10.116297,51.847331],[10.111347,51.847072],[10.109802,51.844314],[10.106745,51.84344],[10.109322,51.83957],[10.107588,51.836566],[10.110803,51.834743],[10.117167,51.83552],[10.120037,51.834344],[10.130898,51.833913],[10.14114,51.831846],[10.143275,51.828648],[10.140773,51.825404],[10.140596,51.822271],[10.13774,51.819367],[10.138562,51.816338],[10.137091,51.813329],[10.14095,51.813593],[10.139547,51.809361],[10.141288,51.807531],[10.138545,51.805705],[10.140986,51.803062],[10.145355,51.80218],[10.152686,51.803611],[10.155922,51.802249],[10.154327,51.800814],[10.156347,51.798841],[10.154518,51.797084],[10.153715,51.793543],[10.157926,51.794842],[10.161971,51.795195],[10.16536,51.801305],[10.164992,51.804623],[10.169796,51.808261],[10.170902,51.81186],[10.179899,51.810099],[10.182097,51.80882],[10.189765,51.810564],[10.197271,51.813453],[10.19628,51.817512],[10.197418,51.822989],[10.202663,51.826825],[10.206595,51.821439],[10.211922,51.816299],[10.215127,51.816192],[10.217988,51.819279],[10.216207,51.821865],[10.219136,51.822863],[10.220722,51.82686],[10.223318,51.829736],[10.227661,51.829418],[10.231035,51.832088],[10.234336,51.832595],[10.238104,51.831326],[10.241113,51.833177],[10.244991,51.830262],[10.246291,51.824362],[10.253054,51.823782],[10.257104,51.820577],[10.260508,51.820012],[10.260497,51.818085],[10.26573,51.816143],[10.27016,51.813439],[10.267563,51.81072],[10.269466,51.808092],[10.26845,51.806953],[10.263774,51.806203],[10.265577,51.803985],[10.265816,51.801122],[10.263466,51.796937],[10.265239,51.7953],[10.277567,51.792086],[10.278208,51.79084],[10.275745,51.788394],[10.275095,51.785475],[10.276091,51.783771],[10.279911,51.781393],[10.281227,51.779274],[10.279374,51.775902],[10.291892,51.778448],[10.298848,51.77631],[10.304069,51.772864],[10.303813,51.768375],[10.307837,51.766474],[10.313881,51.76612],[10.315908,51.76767],[10.320893,51.768321],[10.324809,51.767517],[10.332226,51.770522],[10.337152,51.768732],[10.342263,51.770152],[10.34351,51.771729],[10.348786,51.769821],[10.351678,51.767061],[10.356715,51.766868],[10.358165,51.768676],[10.363688,51.771555],[10.363652,51.773741],[10.367112,51.776606],[10.364482,51.778583],[10.378727,51.78895],[10.394213,51.789056],[10.396396,51.788146],[10.398636,51.783741],[10.40599,51.781939],[10.408467,51.780558],[10.414885,51.780684],[10.420084,51.77777],[10.420775,51.774822],[10.42457,51.772238],[10.432072,51.771927],[10.436334,51.772325],[10.439002,51.773526],[10.451914,51.770782],[10.45537,51.76779],[10.461127,51.766105],[10.467813,51.766836],[10.477365,51.765608],[10.482337,51.766232],[10.492819,51.766521],[10.498452,51.764136],[10.498759,51.759204],[10.497048,51.756541],[10.490984,51.753981],[10.487493,51.747618],[10.483276,51.746019],[10.484007,51.7413],[10.489942,51.739031],[10.491656,51.736912],[10.492005,51.733045],[10.494004,51.731948],[10.494907,51.729235],[10.488967,51.728398],[10.487988,51.727105],[10.488081,51.723284],[10.489741,51.718873],[10.484729,51.713634],[10.47978,51.713755],[10.478248,51.711874],[10.480357,51.708066],[10.485148,51.704253],[10.480667,51.701068],[10.472701,51.698377],[10.46596,51.696876],[10.470519,51.695259],[10.47389,51.695617],[10.476418,51.694332],[10.479558,51.695142],[10.48635,51.694059],[10.490799,51.694027],[10.494486,51.692656],[10.49657,51.688887],[10.495557,51.683453],[10.497164,51.681564],[10.499146,51.674736],[10.504615,51.669788],[10.504991,51.664328],[10.504296,51.663185],[10.511008,51.662753],[10.516985,51.665114],[10.51943,51.670057],[10.523675,51.672648],[10.531338,51.670216],[10.537746,51.668775],[10.542161,51.671805],[10.552785,51.675192],[10.556229,51.67573],[10.56771,51.679818],[10.570341,51.67808],[10.582736,51.674635],[10.59337,51.679887],[10.599179,51.677519],[10.602191,51.6778],[10.607498,51.675524],[10.607892,51.672051],[10.606739,51.667635],[10.610503,51.66351],[10.614472,51.663791],[10.61961,51.663217],[10.622038,51.663819],[10.622452,51.668914],[10.626927,51.670116],[10.634717,51.664426],[10.63562,51.660945],[10.6436,51.655589],[10.640635,51.653395],[10.64076,51.651811],[10.645451,51.648792],[10.649347,51.647811],[10.650893,51.64263],[10.65595,51.642517],[10.661782,51.64456],[10.667525,51.645436],[10.668064,51.643742],[10.677283,51.638376],[10.681286,51.637911],[10.691472,51.639757],[10.698685,51.639484],[10.701372,51.642188],[10.696011,51.642988],[10.691702,51.646504],[10.689104,51.65106],[10.685878,51.654358],[10.68288,51.660624],[10.670507,51.666913],[10.668953,51.673149],[10.669008,51.676316],[10.6663,51.679603],[10.666628,51.686666],[10.664338,51.688726],[10.665306,51.692455],[10.667549,51.696676],[10.672617,51.696966],[10.67189,51.700016],[10.669829,51.702511],[10.668668,51.709422],[10.661375,51.715171],[10.656562,51.718107],[10.649337,51.718552],[10.646576,51.72288],[10.642328,51.725004],[10.643345,51.728994],[10.641066,51.732254],[10.635733,51.734524],[10.633472,51.736329],[10.631154,51.741477],[10.631021,51.745678],[10.631785,51.749339],[10.628862,51.756089],[10.626097,51.759017],[10.622916,51.760233],[10.613859,51.761789],[10.605946,51.762444],[10.600997,51.764886],[10.593025,51.767664],[10.5912,51.768988],[10.589945,51.7722],[10.58152,51.780006],[10.580437,51.78275],[10.584082,51.785221],[10.585088,51.787631],[10.584836,51.792651],[10.583731,51.799183],[10.582253,51.800236],[10.577101,51.807958],[10.574262,51.811387],[10.577838,51.815772],[10.576967,51.818257],[10.578637,51.821214],[10.577854,51.825839],[10.580353,51.830479],[10.58843,51.835786],[10.586085,51.839554],[10.580032,51.840934],[10.576971,51.842987],[10.579101,51.848257],[10.584469,51.853057],[10.589262,51.852703],[10.593622,51.853644],[10.60151,51.85415],[10.603431,51.855273],[10.606175,51.861136],[10.611383,51.863713],[10.612843,51.866536],[10.615984,51.867468],[10.618154,51.869553],[10.625177,51.871201],[10.630017,51.871403],[10.633495,51.872964],[10.635337,51.876623],[10.639183,51.879659],[10.640571,51.881898],[10.643337,51.883325],[10.644681,51.88559],[10.649322,51.889105],[10.650439,51.891845],[10.649489,51.893239],[10.650439,51.899292],[10.648895,51.907173],[10.646938,51.909218],[10.64238,51.912075],[10.638159,51.915966],[10.613314,51.921515],[10.618111,51.931477],[10.616823,51.934186],[10.613553,51.935818],[10.61326,51.939468],[10.616681,51.940036],[10.618186,51.943243],[10.621141,51.943393],[10.622478,51.947541],[10.624618,51.948328],[10.633047,51.948499],[10.634919,51.950755],[10.647547,51.953625],[10.650698,51.956134],[10.6478,51.959581],[10.641704,51.962628],[10.635378,51.959065],[10.628886,51.958416],[10.622461,51.958337],[10.619941,51.957679],[10.61882,51.962796],[10.619617,51.966936],[10.614578,51.967093],[10.614397,51.968712],[10.606237,51.968666],[10.606737,51.975202],[10.606233,51.977287],[10.603366,51.977347],[10.596406,51.97498],[10.58908,51.975084],[10.58569,51.97623],[10.586779,51.982732],[10.571603,51.995579],[10.561227,52.004066],[10.558475,52.006082],[10.555056,52.003025],[10.557715,52.001453],[10.55906,51.998477],[10.556071,51.995449],[10.549589,51.994303],[10.544421,51.991711],[10.538097,51.985735],[10.535341,51.982533],[10.537319,51.979537],[10.532088,51.976337],[10.534051,51.971902],[10.532928,51.970517],[10.518498,51.974846],[10.500743,51.979093],[10.501792,51.984356],[10.496529,51.989455],[10.493984,51.988508],[10.487441,51.990867],[10.483507,51.990831],[10.481745,51.996062],[10.47923,52.000131],[10.479976,52.001975],[10.478902,52.005018],[10.485118,52.008326],[10.484155,52.010476],[10.487949,52.011926],[10.48948,52.014383],[10.48873,52.016734],[10.495229,52.017637],[10.494685,52.019905],[10.498972,52.019695],[10.499009,52.022],[10.489682,52.022256],[10.484029,52.024535],[10.485535,52.026067],[10.485373,52.030886],[10.482185,52.030542],[10.480063,52.03185],[10.476715,52.031505],[10.474683,52.036342],[10.475743,52.037187],[10.467189,52.041762],[10.466979,52.043313],[10.469205,52.04573],[10.467316,52.04806],[10.464135,52.047685],[10.463679,52.050711],[10.454667,52.052163],[10.451166,52.053921],[10.450888,52.055657],[10.437676,52.056229],[10.438497,52.054343],[10.437412,52.050407],[10.433297,52.050612],[10.426487,52.048665],[10.42509,52.046919],[10.416946,52.042581],[10.415794,52.040769],[10.409075,52.039942],[10.411689,52.03644],[10.40299,52.032502],[10.40591,52.030632],[10.404849,52.029257],[10.398621,52.028483],[10.391408,52.030662],[10.384845,52.027481],[10.383548,52.025275],[10.37788,52.026156],[10.374651,52.023436],[10.372347,52.024479],[10.365537,52.02365],[10.367887,52.017096],[10.365773,52.015338],[10.358187,52.019352],[10.35381,52.020363],[10.350677,52.019882],[10.342815,52.016814],[10.333804,52.021137],[10.334285,52.017117],[10.336523,52.015096],[10.326093,52.013031],[10.319513,52.014586],[10.318177,52.016869],[10.326672,52.017907],[10.327793,52.020937],[10.331761,52.021701],[10.329737,52.025332],[10.323403,52.026321],[10.322318,52.027939],[10.318243,52.029516],[10.312085,52.030523],[10.310548,52.031806],[10.298564,52.031121],[10.294209,52.029917],[10.290165,52.030774],[10.286169,52.033829]]]}},
{"type":"Feature","id":"DEU:ADM3:DE-NI.helmstedt","properties":{"shapeName":"Helmstedt","shapeISO":"","shapeGroup":"DEU","shapeType":"ADM3","adm1ISO":"DE-NI","parentISO":"DE-NI","parentID":"DEU:ADM1:DE-NI","src_shape_id":"24449704B39650484605729"},"geometry":{"type":"Polygon","coordinates":[[[10.642989,52.295424],[10.647106,52.297017],[10.64727,52.299034],[10.65114,52.298202],[10.651384,52.300945],[10.654494,52.301166],[10.654693,52.299088],[10.660228,52.299448],[10.660933,52.298562],[10.667335,52.298126],[10.668411,52.295787],[10.6744,52.296659],[10.676052,52.299058],[10.69548,52.300469],[10.695523,52.30193],[10.715622,52.303257],[10.719441,52.301253],[10.732746,52.293164],[10.729787,52.291313],[10.727049,52.287011],[10.73054,52.286648],[10.731182,52.283339],[10.730467,52.279881],[10.735168,52.27873],[10.735417,52.275923],[10.733646,52.273687],[10.735577,52.271287],[10.734369,52.268928],[10.7288,52.266171],[10.724572,52.262825],[10.728427,52.262113],[10.731379,52.259123],[10.735233,52.257405],[10.738813,52.252128],[10.739768,52.24636],[10.749365,52.239363],[10.753221,52.238602],[10.756148,52.236874],[10.757736,52.233153],[10.759481,52.232049],[10.761306,52.224505],[10.76539,52.224617],[10.769275,52.222861],[10.775011,52.219194],[10.779849,52.217627],[10.782823,52.21324],[10.781975,52.210544],[10.784799,52.206062],[10.788389,52.205807],[10.797504,52.20806],[10.802444,52.204621],[10.804652,52.204201],[10.808922,52.205674],[10.813685,52.206346],[10.816489,52.203415],[10.815654,52.200416],[10.817195,52.198982],[10.817737,52.194691],[10.819982,52.194685],[10.82204,52.191394],[10.82858,52.191231],[10.831794,52.188398],[10.836153,52.186236],[10.840196,52.182825],[10.839295,52.177899],[10.844185,52.176392],[10.845984,52.174381],[10.851924,52.176306],[10.854957,52.178726],[10.857558,52.176559],[10.858809,52.173767],[10.863202,52.176101],[10.868888,52.180887],[10.880919,52.179626],[10.885166,52.180071],[10.884274,52.173184],[10.886347,52.167565],[10.889278,52.163076],[10.888089,52.15924],[10.884744,52.156291],[10.883734,52.150979],[10.880903,52.14641],[10.876414,52.146334],[10.872869,52.135602],[10.870781,52.130825],[10.868252,52.127533],[10.870947,52.125124],[10.870271,52.122841],[10.866282,52.122934],[10.86388,52.121396],[10.859296,52.122713],[10.853469,52.117585],[10.851123,52.118357],[10.8462,52.11668],[10.83961,52.116564],[10.835744,52.117313],[10.835644,52.111727],[10.834139,52.111713],[10.835564,52.106888],[10.833817,52.103709],[10.843259,52.102603],[10.842249,52.098405],[10.827079,52.101137],[10.824956,52.100379],[10.820744,52.093419],[10.817723,52.091529],[10.815587,52.088944],[10.805356,52.08961],[10.801639,52.089189],[10.798548,52.080209],[10.793917,52.079699],[10.792562,52.075691],[10.794144,52.074302],[10.799356,52.061111],[10.801489,52.047997],[10.810138,52.047978],[10.821113,52.048561],[10.828707,52.047749],[10.840353,52.050199],[10.849544,52.050172],[10.859291,52.052113],[10.871212,52.057581],[10.876505,52.058959],[10.88116,52.059323],[10.890238,52.059122],[10.897513,52.058405],[10.910736,52.058675],[10.917593,52.058489],[10.93133,52.059088],[10.93494,52.059714],[10.962177,52.057623],[10.964415,52.056643],[10.965396,52.059887],[10.969007,52.067545],[10.972514,52.07211],[10.973132,52.073978],[10.971539,52.078288],[10.970941,52.085393],[10.967098,52.088375],[10.959535,52.087748],[10.95151,52.091233],[10.946177,52.09244],[10.942485,52.094145],[10.940505,52.096248],[10.943363,52.098846],[10.94216,52.10309],[10.956102,52.105953],[10.965668,52.107115],[10.976878,52.105729],[10.980252,52.108085],[10.992624,52.113514],[10.997882,52.114978],[11.011826,52.121544],[11.014614,52.125987],[11.01747,52.12826],[11.022911,52.129264],[11.027567,52.129365],[11.028305,52.131179],[11.037782,52.134066],[11.044135,52.133666],[11.046337,52.136935],[11.045039,52.143554],[11.052444,52.149317],[11.060431,52.153726],[11.054618,52.160256],[11.061481,52.165243],[11.061766,52.16696],[11.059537,52.171102],[11.060337,52.172387],[11.053706,52.172786],[11.045307,52.171815],[11.035924,52.171728],[11.019245,52.178087],[11.014309,52.181906],[11.012626,52.188345],[11.014575,52.194965],[11.013647,52.199556],[11.017686,52.198253],[11.02458,52.201096],[11.022053,52.202452],[11.021395,52.204979],[11.026658,52.208233],[11.024314,52.209377],[11.029448,52.211448],[11.031714,52.210439],[11.037483,52.210813],[11.044682,52.21415],[11.044883,52.215056],[11.058,52.217391],[11.066532,52.218179],[11.077185,52.218677],[11.078858,52.22465],[11.086244,52.228634],[11.082856,52.232561],[11.079964,52.234349],[11.078564,52.23942],[11.073268,52.24324],[11.069573,52.241715],[11.058907,52.240652],[11.059675,52.242561],[11.052367,52.253736],[11.055957,52.257246],[11.056313,52.258728],[11.05113,52.262799],[11.050275,52.266005],[11.052168,52.267364],[11.042944,52.272011],[11.036167,52.272273],[11.029067,52.270121],[11.025255,52.276452],[11.020082,52.282139],[11.013801,52.286649],[11.012507,52.29132],[11.021837,52.296595],[11.029577,52.297362],[11.036489,52.30002],[11.039223,52.301672],[11.03559,52.303415],[11.037289,52.306296],[11.036015,52.310396],[11.033355,52.310037],[11.030951,52.313113],[11.02721,52.314433],[11.02519,52.316955],[11.020229,52.319118],[11.019718,52.321428],[11.011617,52.328241],[11.005756,52.328925],[11.001077,52.327481],[10.999983,52.329712],[11.004795,52.330749],[11.002083,52.336585],[10.987912,52.335016],[10.983674,52.341686],[10.985724,52.343049],[10.992552,52.344377],[10.993826,52.342017],[11.000552,52.343188],[11.007046,52.345684],[11.015226,52.346181],[11.022981,52.347433],[11.022491,52.345408],[11.030368,52.345907],[11.032461,52.344736],[11.037599,52.345541],[11.042707,52.347659],[11.04394,52.349339],[11.053076,52.349069],[11.057474,52.350333],[11.061614,52.357453],[11.063808,52.354154],[11.068684,52.355478],[11.069461,52.35793],[11.067,52.369877],[11.073741,52.371701],[11.07448,52.374403],[11.069853,52.374524],[11.066544,52.3732],[11.063518,52.374919],[11.065035,52.376854],[11.059618,52.38111],[11.054499,52.381386],[11.048688,52.386953],[11.046753,52.38787],[11.039004,52.38891],[11.041867,52.386384],[11.0363,52.38521],[11.034208,52.388574],[11.02577,52.390624],[11.022946,52.392635],[11.020274,52.391171],[11.018505,52.388492],[11.015214,52.388763],[11.018905,52.392165],[11.016484,52.394862],[11.018695,52.397042],[11.007917,52.405064],[11.005579,52.408872],[11.000002,52.410953],[10.992596,52.41289],[10.994628,52.415113],[10.989436,52.41859],[10.989408,52.420303],[10.986407,52.42261],[10.981424,52.425068],[10.973309,52.430492],[10.966842,52.432302],[10.962261,52.434738],[10.960531,52.436806],[10.956395,52.444752],[10.948796,52.448592],[10.947822,52.453949],[10.933746,52.460952],[10.934678,52.464465],[10.934543,52.471795],[10.926101,52.471546],[10.922443,52.470867],[10.910433,52.466718],[10.905575,52.45973],[10.899041,52.460847],[10.890571,52.46012],[10.891367,52.456871],[10.88898,52.453254],[10.886063,52.45294],[10.887735,52.447152],[10.883007,52.438851],[10.877333,52.438603],[10.875744,52.435739],[10.880701,52.434625],[10.890011,52.434563],[10.893047,52.432853],[10.882309,52.430352],[10.882798,52.42732],[10.881459,52.423843],[10.882159,52.421206],[10.89403,52.422824],[10.895378,52.418357],[10.882748,52.416681],[10.87687,52.416781],[10.877254,52.415245],[10.88152,52.413762],[10.885209,52.41339],[10.891338,52.414666],[10.906861,52.413769],[10.904936,52.410627],[10.900254,52.408377],[10.900256,52.405319],[10.898775,52.400854],[10.896406,52.397247],[10.884651,52.398013],[10.882855,52.395996],[10.875339,52.394908],[10.872563,52.392431],[10.873666,52.390709],[10.868316,52.387218],[10.86713,52.384164],[10.869025,52.380426],[10.872333,52.37877],[10.88139,52.375873],[10.880197,52.373736],[10.875745,52.372041],[10.873938,52.370356],[10.868151,52.370608],[10.861338,52.363866],[10.853194,52.363224],[10.875164,52.352967],[10.880219,52.349658],[10.88036,52.347879],[10.887109,52.345375],[10.883114,52.341899],[10.880803,52.342976],[10.874729,52.33831],[10.875811,52.335711],[10.867815,52.331714],[10.861651,52.333255],[10.858966,52.332645],[10.860668,52.329764],[10.858854,52.324272],[10.855222,52.322297],[10.845168,52.324314],[10.846996,52.321521],[10.851253,52.317794],[10.846469,52.315946],[10.840223,52.316738],[10.842194,52.321103],[10.839806,52.321658],[10.83594,52.326832],[10.828167,52.327743],[10.826132,52.328513],[10.815163,52.327976],[10.806368,52.329942],[10.806851,52.331793],[10.814819,52.335172],[10.813316,52.342434],[10.819608,52.341884],[10.82391,52.344124],[10.822259,52.345452],[10.804786,52.347306],[10.800559,52.33902],[10.797462,52.338582],[10.792712,52.339656],[10.784836,52.339316],[10.780574,52.339915],[10.774774,52.338967],[10.7698,52.344527],[10.762666,52.347529],[10.757737,52.348421],[10.756058,52.351125],[10.746519,52.354182],[10.742028,52.356035],[10.733898,52.3546],[10.724107,52.35415],[10.722357,52.358106],[10.720527,52.365894],[10.718657,52.369049],[10.715366,52.371836],[10.710972,52.371254],[10.700626,52.37227],[10.692572,52.375895],[10.691474,52.378666],[10.688714,52.380179],[10.677893,52.38056],[10.670488,52.379334],[10.671232,52.377966],[10.663408,52.377608],[10.661781,52.379038],[10.649001,52.37912],[10.647639,52.385724],[10.636879,52.384539],[10.63595,52.383553],[10.627076,52.384694],[10.623494,52.385644],[10.621442,52.382651],[10.616625,52.383304],[10.613809,52.382852],[10.608319,52.379859],[10.604657,52.376037],[10.60471,52.373834],[10.609321,52.372453],[10.6162,52.37294],[10.618326,52.365889],[10.608743,52.36418],[10.60926,52.359507],[10.619066,52.357131],[10.618551,52.351427],[10.616752,52.350153],[10.617745,52.346149],[10.609443,52.344196],[10.608325,52.343199],[10.600952,52.34236],[10.601645,52.33752],[10.608921,52.335569],[10.620929,52.339713],[10.625042,52.335153],[10.622919,52.331745],[10.624121,52.330301],[10.628284,52.328987],[10.628777,52.323562],[10.627098,52.321832],[10.621726,52.32218],[10.618557,52.31431],[10.614075,52.311742],[10.620338,52.305468],[10.623077,52.303585],[10.630659,52.302453],[10.630817,52.301401],[10.640018,52.302119],[10.642989,52.295424]]]}},
{"type":"Feature","id":"DEU:ADM3:DE-NI.northeim","properties":{"shapeName":"Northeim","shapeISO":"","shapeGroup":"DEU","shapeType":"ADM3","adm1ISO":"DE-NI","parentISO":"DE-NI","parentID":"DEU:ADM1:DE-NI","src_shape_id":"24449704B67423622024986"},"geometry":{"type":"MultiPolygon","coordinates":[[[[9.685331,51.582017],[9.688023,51.585241],[9.693187,51.589367],[9.702026,51.591892],[9.70551,51.595847],[9.711059,51.59745],[9.71508,51.599654],[9.717656,51.599392],[9.722387,51.601529],[9.724355,51.604753],[9.726708,51.606586],[9.72667,51.608871],[9.728576,51.612374],[9.732645,51.613579],[9.73718,51.613509],[9.743129,51.614499],[9.751888,51.611247],[9.75872,51.610314],[9.76157,51.608998],[9.766578,51.60903],[9.774745,51.607509],[9.779739,51.608397],[9.778757,51.610081],[9.790139,51.607389],[9.793728,51.611123],[9.797487,51.611608],[9.796421,51.604998],[9.79963,51.605184],[9.802294,51.601691],[9.804403,51.603399],[9.807072,51.601732],[9.806533,51.59921],[9.815249,51.598856],[9.817807,51.599318],[9.819309,51.603666],[9.825379,51.603521],[9.828875,51.606518],[9.829318,51.609823],[9.832704,51.609446],[9.831327,51.612695],[9.835351,51.613284],[9.843585,51.609417],[9.849176,51.608431],[9.857895,51.60802],[9.862014,51.608969],[9.861008,51.610673],[9.866441,51.61171],[9.870308,51.613143],[9.871593,51.612178],[9.878673,51.611163],[9.882914,51.612751],[9.885652,51.611379],[9.888908,51.611727],[9.890572,51.60849],[9.897355,51.606906],[9.90027,51.60372],[9.901344,51.607167],[9.915302,51.607746],[9.916154,51.606297],[9.915164,51.602992],[9.920244,51.60312],[9.922103,51.6042],[9.929349,51.604159],[9.934084,51.602789],[9.940057,51.602073],[9.942083,51.603689],[9.946056,51.604904],[9.95161,51.605614],[9.955152,51.612719],[9.957322,51.613683],[9.956256,51.615864],[9.950123,51.618733],[9.952582,51.620957],[9.956573,51.620027],[9.959806,51.617871],[9.966512,51.617449],[9.978176,51.614785],[9.989678,51.613575],[9.998635,51.613812],[10.000948,51.611941],[10.003809,51.613012],[10.013165,51.614439],[10.016825,51.616452],[10.019876,51.615285],[10.023052,51.618366],[10.028208,51.618702],[10.03151,51.617883],[10.038204,51.617679],[10.042127,51.621693],[10.047379,51.616836],[10.053078,51.615457],[10.058271,51.61131],[10.064052,51.610447],[10.067391,51.611178],[10.070684,51.609183],[10.073889,51.612311],[10.075057,51.61469],[10.080545,51.615805],[10.082291,51.617077],[10.095568,51.620292],[10.100104,51.62217],[10.103369,51.622352],[10.111387,51.620101],[10.113872,51.61608],[10.113935,51.613759],[10.119765,51.614696],[10.124671,51.618216],[10.129281,51.623366],[10.132587,51.628129],[10.132114,51.631684],[10.133272,51.636192],[10.135628,51.636298],[10.13783,51.64073],[10.142557,51.639228],[10.146005,51.640347],[10.150047,51.638548],[10.155481,51.638124],[10.157762,51.642419],[10.159254,51.643414],[10.162047,51.649299],[10.159843,51.648824],[10.15325,51.649757],[10.155481,51.65331],[10.154345,51.656829],[10.156727,51.660692],[10.149175,51.662857],[10.15013,51.664373],[10.141408,51.666825],[10.140814,51.668766],[10.144447,51.670824],[10.14686,51.673402],[10.151969,51.672461],[10.154382,51.674915],[10.154831,51.680726],[10.15221,51.680527],[10.143767,51.683073],[10.139588,51.692761],[10.136698,51.69398],[10.140194,51.695473],[10.138633,51.697666],[10.134981,51.698178],[10.135459,51.701671],[10.137247,51.705695],[10.139092,51.706629],[10.137621,51.709556],[10.12749,51.714794],[10.120326,51.714286],[10.115315,51.712533],[10.113953,51.714445],[10.115902,51.716781],[10.121745,51.717871],[10.11925,51.723467],[10.116599,51.726958],[10.119451,51.727776],[10.123891,51.726824],[10.129696,51.72682],[10.131699,51.728068],[10.131663,51.732556],[10.136524,51.733462],[10.135642,51.734989],[10.140157,51.737539],[10.142066,51.739875],[10.144899,51.739749],[10.147395,51.745918],[10.152683,51.747213],[10.147963,51.750547],[10.149811,51.75404],[10.143707,51.756082],[10.142301,51.758343],[10.147107,51.763772],[10.150187,51.768961],[10.151811,51.777127],[10.153955,51.77894],[10.157097,51.77781],[10.159943,51.779392],[10.156688,51.782858],[10.15318,51.783596],[10.153237,51.785964],[10.156584,51.786261],[10.158244,51.788052],[10.153584,51.791636],[10.153715,51.793543],[10.154518,51.797084],[10.156347,51.798841],[10.154327,51.800814],[10.155922,51.802249],[10.152686,51.803611],[10.145355,51.80218],[10.140986,51.803062],[10.138545,51.805705],[10.141288,51.807531],[10.139547,51.809361],[10.14095,51.813593],[10.137091,51.813329],[10.138562,51.816338],[10.13774,51.819367],[10.140596,51.822271],[10.140773,51.825404],[10.143275,51.828648],[10.14114,51.831846],[10.130898,51.833913],[10.120037,51.834344],[10.117167,51.83552],[10.110803,51.834743],[10.107588,51.836566],[10.109322,51.83957],[10.106745,51.84344],[10.109802,51.844314],[10.111347,51.847072],[10.116297,51.847331],[10.11622,51.849615],[10.113106,51.852043],[10.115272,51.855235],[10.11512,51.86118],[10.117601,51.868574],[10.11822,51.872273],[10.11549,51.876555],[10.112564,51.878084],[10.105089,51.876917],[10.099071,51.879001],[10.100323,51.88016],[10.098318,51.883532],[10.099269,51.885938],[10.098847,51.888899],[10.10255,51.889745],[10.102538,51.894197],[10.106181,51.902393],[10.101249,51.906636],[10.08987,51.913402],[10.073421,51.920614],[10.07128,51.922409],[10.065644,51.924592],[10.065526,51.92736],[10.059484,51.931017],[10.056998,51.933894],[10.054333,51.934264],[10.050995,51.936302],[10.04352,51.942451],[10.041508,51.942949],[10.033581,51.947799],[10.031571,51.947283],[10.0308,51.944578],[10.024405,51.939232],[10.021848,51.940745],[10.018158,51.94004],[10.01398,51.940546],[10.004273,51.942615],[10.003224,51.938388],[9.99485,51.939219],[9.992389,51.936041],[9.992182,51.933609],[10.00003,51.932684],[10.001129,51.926973],[10.005185,51.924381],[10.007131,51.918247],[10.012313,51.918907],[10.013988,51.913005],[10.011471,51.912632],[10.008564,51.908098],[10.004564,51.90922],[10.001344,51.908938],[10.00068,51.90666],[9.993464,51.905034],[9.984107,51.902162],[9.985284,51.900224],[9.978578,51.900411],[9.969196,51.896906],[9.960835,51.901906],[9.95865,51.904658],[9.94951,51.908835],[9.944895,51.913023],[9.941919,51.911102],[9.939692,51.907691],[9.935911,51.90529],[9.931127,51.904043],[9.925537,51.903369],[9.917859,51.910186],[9.916871,51.913483],[9.911704,51.91263],[9.897102,51.905918],[9.894896,51.906158],[9.892821,51.905078],[9.894811,51.900943],[9.893353,51.900556],[9.888766,51.904795],[9.881817,51.909079],[9.877132,51.906573],[9.872951,51.908566],[9.870742,51.907427],[9.878028,51.903162],[9.879803,51.90107],[9.873576,51.898123],[9.869568,51.898489],[9.867848,51.896552],[9.860322,51.898601],[9.859021,51.897047],[9.852876,51.896645],[9.848592,51.895263],[9.847983,51.894032],[9.838718,51.891304],[9.834402,51.888176],[9.8294,51.886277],[9.812833,51.884317],[9.802919,51.884029],[9.796727,51.877099],[9.798414,51.876365],[9.793716,51.871002],[9.795105,51.870435],[9.788325,51.86631],[9.784024,51.864458],[9.780519,51.865571],[9.776416,51.864106],[9.767826,51.866033],[9.764037,51.865803],[9.758455,51.866978],[9.748875,51.872401],[9.746384,51.87449],[9.738507,51.877939],[9.728071,51.880489],[9.718417,51.881497],[9.711203,51.880046],[9.705215,51.877532],[9.710109,51.872734],[9.705591,51.870605],[9.701192,51.867421],[9.70039,51.865904],[9.689938,51.861272],[9.68666,51.860212],[9.68608,51.856392],[9.68221,51.853878],[9.684492,51.849738],[9.688452,51.848433],[9.687954,51.846208],[9.682625,51.839667],[9.677027,51.838423],[9.668378,51.835691],[9.660032,51.832426],[9.657296,51.833079],[9.656155,51.836102],[9.652266,51.836117],[9.648275,51.830529],[9.642681,51.828337],[9.645993,51.826824],[9.646671,51.821593],[9.642877,51.818039],[9.640443,51.818534],[9.634446,51.816726],[9.629809,51.816686],[9.625677,51.814352],[9.616552,51.810937],[9.607167,51.806094],[9.601523,51.802771],[9.593324,51.797035],[9.586178,51.793336],[9.582593,51.792111],[9.579181,51.789787],[9.578494,51.785758],[9.580265,51.780838],[9.581359,51.775511],[9.580066,51.773065],[9.573483,51.772159],[9.572226,51.76823],[9.570127,51.765902],[9.561348,51.762723],[9.563527,51.759664],[9.564485,51.75538],[9.561066,51.745421],[9.557455,51.739913],[9.547989,51.740764],[9.538319,51.738951],[9.530765,51.736319],[9.520808,51.733829],[9.514497,51.73009],[9.50319,51.727719],[9.499042,51.7253],[9.489905,51.718297],[9.483664,51.715884],[9.479071,51.713398],[9.472834,51.709217],[9.46674,51.705717],[9.451413,51.699367],[9.440781,51.695742],[9.437374,51.690979],[9.439474,51.688142],[9.43711,51.681715],[9.440048,51.679915],[9.439633,51.677608],[9.433697,51.674696],[9.428803,51.674599],[9.423345,51.673119],[9.423938,51.666449],[9.427464,51.666652],[9.42837,51.661306],[9.436113,51.66305],[9.435571,51.659258],[9.437128,51.65353],[9.426793,51.650838],[9.4245,51.651195],[9.418773,51.648731],[9.417318,51.647269],[9.431565,51.650908],[9.434653,51.651179],[9.440457,51.650394],[9.450626,51.647863],[9.453276,51.645749],[9.460151,51.650596],[9.468821,51.654163],[9.476242,51.655442],[9.492137,51.65745],[9.497011,51.65616],[9.498645,51.65226],[9.497708,51.649454],[9.494898,51.646353],[9.491966,51.639625],[9.49193,51.634722],[9.495444,51.632959],[9.496498,51.630986],[9.508871,51.626876],[9.515027,51.62627],[9.522864,51.6262],[9.525136,51.62675],[9.534377,51.631421],[9.539592,51.637606],[9.541806,51.639338],[9.545503,51.639971],[9.551508,51.638364],[9.555193,51.636333],[9.556969,51.632955],[9.560617,51.6306],[9.565233,51.625391],[9.571808,51.624786],[9.576794,51.625596],[9.580796,51.62716],[9.584039,51.625881],[9.589372,51.626448],[9.592362,51.628527],[9.604339,51.628844],[9.609645,51.629576],[9.614291,51.631519],[9.617526,51.633905],[9.625999,51.636914],[9.631618,51.634166],[9.627312,51.630995],[9.627076,51.62896],[9.632235,51.626002],[9.630413,51.62486],[9.636621,51.623416],[9.636092,51.616205],[9.637835,51.608805],[9.640699,51.607396],[9.649529,51.606272],[9.652376,51.603863],[9.661056,51.59303],[9.665313,51.591696],[9.668638,51.591676],[9.672257,51.587369],[9.679809,51.587961],[9.685331,51.582017]]],[[[9.647755,51.552511],[9.651198,51.552077],[9.65475,51.555917],[9.659387,51.55802],[9.661965,51.558353],[9.660965,51.562529],[9.668858,51.563476],[9.672378,51.568404],[9.668071,51.570263],[9.660114,51.572708],[9.656914,51.575546],[9.649385,51.579784],[9.644801,51.580164],[9.644877,51.582243],[9.640572,51.58232],[9.634004,51.584485],[9.630463,51.583847],[9.626831,51.581976],[9.625825,51.580205],[9.625199,51.573669],[9.626494,51.570089],[9.629688,51.565362],[9.636378,51.558933],[9.645016,51.559356],[9.647755,51.552511]]]]}},
{"type":"Feature","id":"DEU:ADM3:DE-NI.peine","properties":{"shapeName":"Peine","shapeISO":"","shapeGroup":"DEU","shapeType":"ADM3","adm1ISO":"DE-NI","parentISO":"DE-NI","parentID":"DEU:ADM1:DE-NI","src_shape_id":"24449704B58849880716091"},"geometry":{"type":"Polygon","coordinates":[[[10.424067,52.330228],[10.41946,52.330999],[10.418358,52.333804],[10.408393,52.339768],[10.408153,52.341881],[10.409866,52.344356],[10.401935,52.351769],[10.418657,52.355316],[10.420114,52.353644],[10.424724,52.355365],[10.41941,52.361585],[10.417538,52.362553],[10.414038,52.3666],[10.419487,52.368399],[10.421061,52.369662],[10.425067,52.369512],[10.425027,52.378894],[10.404853,52.3758],[10.405263,52.374701],[10.384379,52.370681],[10.378289,52.378601],[10.373888,52.386908],[10.378245,52.38658],[10.376274,52.390426],[10.377993,52.390617],[10.37518,52.395244],[10.374544,52.398941],[10.368831,52.411352],[10.364522,52.417222],[10.35956,52.422316],[10.358926,52.423934],[10.352503,52.422352],[10.347643,52.428417],[10.347548,52.431422],[10.343799,52.432464],[10.339085,52.432009],[10.333451,52.429449],[10.326617,52.43726],[10.322677,52.436569],[10.319486,52.441668],[10.315519,52.444505],[10.3109,52.444049],[10.307512,52.444745],[10.300167,52.447379],[10.291912,52.447902],[10.289951,52.448501],[10.28138,52.448311],[10.280496,52.445502],[10.273058,52.443762],[10.263021,52.439296],[10.256314,52.438573],[10.251954,52.436641],[10.253038,52.432271],[10.254294,52.430748],[10.254201,52.4214],[10.250089,52.419875],[10.247435,52.421098],[10.244604,52.424185],[10.237194,52.425275],[10.233499,52.426885],[10.22386,52.427711],[10.218669,52.429286],[10.21393,52.427562],[10.207657,52.429427],[10.202191,52.425916],[10.199806,52.416753],[10.197654,52.412989],[10.198643,52.410257],[10.197606,52.406981],[10.191905,52.404772],[10.190548,52.402727],[10.185122,52.400411],[10.179891,52.396017],[10.176065,52.396502],[10.173372,52.394929],[10.166694,52.395557],[10.160295,52.398336],[10.139941,52.396848],[10.137282,52.394736],[10.130702,52.393997],[10.131507,52.383666],[10.142109,52.381107],[10.143016,52.377962],[10.145575,52.378096],[10.145895,52.372076],[10.143925,52.370453],[10.144638,52.368813],[10.154984,52.363797],[10.150156,52.363189],[10.148752,52.359753],[10.136082,52.357724],[10.136678,52.354383],[10.133537,52.353628],[10.125638,52.354221],[10.132545,52.350141],[10.135983,52.351991],[10.139858,52.352061],[10.140642,52.349599],[10.134811,52.343155],[10.138832,52.34172],[10.140576,52.339454],[10.125524,52.33787],[10.13253,52.328547],[10.126165,52.327918],[10.125742,52.322729],[10.119302,52.321971],[10.118958,52.325825],[10.111327,52.325845],[10.111563,52.329164],[10.115391,52.329563],[10.115442,52.331045],[10.104559,52.331312],[10.098049,52.332524],[10.096666,52.34194],[10.083758,52.339159],[10.083083,52.336427],[10.078133,52.333229],[10.082068,52.324256],[10.079643,52.320171],[10.080328,52.311607],[10.077523,52.307742],[10.079685,52.306666],[10.075316,52.300158],[10.070577,52.298408],[10.070056,52.304146],[10.061115,52.30137],[10.061528,52.29492],[10.040443,52.29367],[10.03412,52.291465],[10.034468,52.283766],[10.033494,52.281165],[10.033973,52.278439],[10.032659,52.275498],[10.030598,52.275067],[10.030546,52.270602],[10.029021,52.269128],[10.029737,52.266443],[10.028617,52.263661],[10.023138,52.261536],[10.018819,52.261625],[10.010583,52.260113],[10.011289,52.257017],[10.008497,52.256403],[9.999687,52.257824],[10.000432,52.251227],[10.003327,52.248444],[9.997147,52.243737],[9.999418,52.239852],[9.995125,52.237217],[9.996717,52.232403],[9.998499,52.23026],[10.00722,52.231043],[10.022676,52.230751],[10.032129,52.230298],[10.04058,52.231428],[10.047366,52.23109],[10.051156,52.227425],[10.058556,52.224784],[10.062446,52.224232],[10.064712,52.222074],[10.076851,52.225418],[10.073894,52.228304],[10.081213,52.228779],[10.08381,52.229877],[10.09374,52.23059],[10.102029,52.230227],[10.112062,52.233102],[10.124213,52.23417],[10.132317,52.234345],[10.135609,52.236467],[10.138318,52.234719],[10.143441,52.235385],[10.145107,52.231726],[10.146721,52.231881],[10.148001,52.227993],[10.160731,52.225589],[10.172998,52.231608],[10.17673,52.232114],[10.178056,52.233595],[10.184545,52.233736],[10.189698,52.231799],[10.193687,52.229298],[10.201641,52.22887],[10.210977,52.225727],[10.209305,52.223726],[10.211477,52.221737],[10.214207,52.222038],[10.221372,52.2183],[10.231815,52.21632],[10.232017,52.215138],[10.24583,52.214353],[10.248865,52.213323],[10.248619,52.205072],[10.249842,52.202871],[10.252862,52.203055],[10.257406,52.197137],[10.259176,52.197791],[10.263958,52.188498],[10.256153,52.186235],[10.257476,52.183023],[10.262924,52.183624],[10.265413,52.181382],[10.265674,52.178851],[10.273824,52.177896],[10.274355,52.176907],[10.283922,52.174965],[10.28847,52.175486],[10.294461,52.180218],[10.30178,52.182029],[10.306601,52.184464],[10.304355,52.188058],[10.318057,52.18948],[10.321177,52.186175],[10.32031,52.178535],[10.319558,52.176667],[10.339439,52.17561],[10.347442,52.176123],[10.349338,52.18164],[10.35721,52.186336],[10.366963,52.186541],[10.368767,52.192041],[10.373476,52.198955],[10.374196,52.203041],[10.391469,52.203724],[10.392074,52.209769],[10.40079,52.209777],[10.403002,52.211232],[10.400685,52.212625],[10.400959,52.2149],[10.406755,52.222775],[10.410877,52.21936],[10.427737,52.221689],[10.430204,52.221532],[10.433875,52.225095],[10.436012,52.225906],[10.433735,52.230258],[10.43297,52.242813],[10.428119,52.242824],[10.428348,52.245695],[10.432831,52.245458],[10.433372,52.248318],[10.445225,52.248872],[10.446698,52.252691],[10.451183,52.254955],[10.453009,52.256784],[10.451678,52.259003],[10.447135,52.25757],[10.435484,52.257205],[10.434112,52.263347],[10.430389,52.263057],[10.430527,52.265512],[10.428209,52.267053],[10.42146,52.267292],[10.421334,52.269104],[10.42728,52.269041],[10.427818,52.275971],[10.430216,52.276688],[10.43623,52.276047],[10.438126,52.276692],[10.439907,52.280982],[10.441184,52.281305],[10.440653,52.285569],[10.426969,52.287406],[10.426184,52.284962],[10.418365,52.285925],[10.419376,52.2877],[10.422495,52.288048],[10.423394,52.289962],[10.426664,52.290356],[10.424548,52.296993],[10.423824,52.302685],[10.424187,52.307887],[10.422395,52.308642],[10.424587,52.311819],[10.412414,52.318222],[10.41841,52.321761],[10.416216,52.32542],[10.41696,52.327786],[10.419852,52.3277],[10.424067,52.330228]]]}},
{"type":"Feature","id":"DEU:ADM3:DE-NI.wolfenbuttel","properties":{"shapeName":"Wolfenbüttel","shapeISO":"","shapeGroup":"DEU","shapeType":"ADM3","adm1ISO":"DE-NI","parentISO":"DE-NI","parentID":"DEU:ADM1:DE-NI","src_shape_id":"24449704B87545488159631"},"geometry":{"type":"MultiPolygon","coordinates":[[[[10.234005,52.170196],[10.233761,52.17825],[10.231652,52.177394],[10.223092,52.176561],[10.219176,52.178959],[10.211882,52.179761],[10.206283,52.178105],[10.198441,52.175077],[10.19945,52.172055],[10.194684,52.170939],[10.19558,52.168359],[10.190971,52.166751],[10.188987,52.164916],[10.189405,52.162397],[10.185291,52.155822],[10.184694,52.149674],[10.180137,52.14915],[10.179631,52.14772],[10.181017,52.141878],[10.176286,52.141208],[10.176264,52.138258],[10.187367,52.13993],[10.188934,52.138616],[10.192603,52.138679],[10.192252,52.134397],[10.193557,52.13154],[10.194591,52.125344],[10.197116,52.123967],[10.200095,52.124262],[10.200077,52.119917],[10.192476,52.119547],[10.194017,52.116586],[10.183973,52.116853],[10.185325,52.113775],[10.181462,52.113609],[10.182591,52.111417],[10.175169,52.109392],[10.177645,52.104334],[10.179741,52.103498],[10.179243,52.091125],[10.1853,52.091519],[10.185417,52.085827],[10.189487,52.085657],[10.192739,52.0841],[10.196695,52.083488],[10.199482,52.080159],[10.197789,52.071495],[10.202752,52.059384],[10.195992,52.062158],[10.195525,52.060355],[10.198727,52.055332],[10.200822,52.050877],[10.198997,52.046684],[10.193178,52.044574],[10.197272,52.037543],[10.200359,52.035079],[10.200079,52.032145],[10.201214,52.024595],[10.202461,52.022935],[10.202808,52.01822],[10.20225,52.015197],[10.203781,52.012097],[10.204089,52.007234],[10.208038,52.007376],[10.213843,52.006411],[10.223365,52.008175],[10.224425,52.005908],[10.228961,52.003764],[10.2333,52.004698],[10.235118,52.006178],[10.241974,52.00935],[10.248313,52.010368],[10.259205,52.013076],[10.260397,52.015102],[10.266152,52.015771],[10.26664,52.017094],[10.27133,52.019888],[10.275095,52.02316],[10.282033,52.025069],[10.286791,52.028489],[10.286169,52.033829],[10.284805,52.035876],[10.287596,52.039733],[10.290998,52.039549],[10.287763,52.043591],[10.285217,52.044158],[10.284267,52.047476],[10.291419,52.046944],[10.294059,52.050545],[10.301312,52.051509],[10.302399,52.050083],[10.306412,52.050351],[10.309502,52.044712],[10.315503,52.047123],[10.320444,52.048156],[10.321896,52.046072],[10.320973,52.043516],[10.327389,52.044092],[10.328198,52.042186],[10.337634,52.042856],[10.335344,52.04682],[10.340764,52.048671],[10.345649,52.049244],[10.346193,52.052276],[10.343103,52.059927],[10.339576,52.064126],[10.335885,52.07045],[10.331875,52.07864],[10.33145,52.081642],[10.328627,52.086963],[10.325037,52.086562],[10.322555,52.093979],[10.317627,52.100336],[10.310121,52.098782],[10.306855,52.105583],[10.303651,52.10677],[10.286305,52.104053],[10.284732,52.106544],[10.28241,52.107485],[10.270923,52.104336],[10.265882,52.110377],[10.253571,52.107512],[10.251855,52.110679],[10.251127,52.116464],[10.24638,52.119452],[10.245638,52.121506],[10.240493,52.120788],[10.233028,52.13013],[10.235229,52.131001],[10.239696,52.134483],[10.243018,52.135676],[10.248664,52.140271],[10.244828,52.142381],[10.238773,52.147469],[10.237052,52.150181],[10.235014,52.15947],[10.233031,52.15923],[10.230609,52.17053],[10.234005,52.170196]]],[[[10.506503,52.186993],[10.507711,52.183875],[10.498509,52.181087],[10.500019,52.175732],[10.493036,52.17498],[10.492326,52.172493],[10.484289,52.171723],[10.469201,52.159479],[10.466847,52.15794],[10.452266,52.145649],[10.443035,52.138314],[10.440197,52.139869],[10.433996,52.132077],[10.432407,52.129125],[10.432952,52.12623],[10.431191,52.121821],[10.432314,52.11847],[10.429046,52.111927],[10.433041,52.110012],[10.440233,52.104309],[10.446225,52.0961],[10.442401,52.092312],[10.443726,52.090292],[10.447989,52.090106],[10.457593,52.076995],[10.457053,52.072981],[10.462182,52.073809],[10.462112,52.067822],[10.463313,52.065071],[10.466914,52.061995],[10.46661,52.059438],[10.472943,52.058811],[10.479089,52.059669],[10.486964,52.061974],[10.48543,52.056207],[10.484795,52.051388],[10.480069,52.051219],[10.481555,52.046307],[10.476659,52.045915],[10.472618,52.046828],[10.469205,52.04573],[10.466979,52.043313],[10.467189,52.041762],[10.475743,52.037187],[10.474683,52.036342],[10.476715,52.031505],[10.480063,52.03185],[10.482185,52.030542],[10.485373,52.030886],[10.485535,52.026067],[10.484029,52.024535],[10.489682,52.022256],[10.499009,52.022],[10.498972,52.019695],[10.494685,52.019905],[10.495229,52.017637],[10.48873,52.016734],[10.48948,52.014383],[10.487949,52.011926],[10.484155,52.010476],[10.485118,52.008326],[10.478902,52.005018],[10.479976,52.001975],[10.47923,52.000131],[10.481745,51.996062],[10.483507,51.990831],[10.487441,51.990867],[10.493984,51.988508],[10.496529,51.989455],[10.501792,51.984356],[10.500743,51.979093],[10.518498,51.974846],[10.532928,51.970517],[10.534051,51.971902],[10.532088,51.976337],[10.537319,51.979537],[10.535341,51.982533],[10.538097,51.985735],[10.544421,51.991711],[10.549589,51.994303],[10.556071,51.995449],[10.55906,51.998477],[10.557715,52.001453],[10.555056,52.003025],[10.558475,52.006082],[10.561227,52.004066],[10.570344,52.006073],[10.574741,52.006361],[10.57297,52.010446],[10.591595,52.011342],[10.59228,52.014204],[10.5966,52.014366],[10.595804,52.010082],[10.600478,52.009736],[10.600194,52.007166],[10.606169,52.008064],[10.611902,52.010047],[10.613589,52.008516],[10.621436,52.010334],[10.626456,52.012209],[10.627955,52.011497],[10.633513,52.012894],[10.638972,52.015325],[10.638498,52.017751],[10.642217,52.022916],[10.647029,52.022808],[10.649321,52.023768],[10.655492,52.024687],[10.656865,52.028524],[10.65438,52.033154],[10.65174,52.032786],[10.647887,52.041721],[10.655966,52.042652],[10.662961,52.044295],[10.666863,52.043786],[10.678699,52.046607],[10.687385,52.048138],[10.703939,52.049943],[10.722114,52.049659],[10.733118,52.048165],[10.738624,52.047864],[10.744073,52.04879],[10.757353,52.048259],[10.759893,52.045085],[10.764664,52.045371],[10.76465,52.047971],[10.773897,52.050001],[10.782143,52.050458],[10.787394,52.050185],[10.791237,52.048979],[10.801489,52.047997],[10.799356,52.061111],[10.794144,52.074302],[10.792562,52.075691],[10.793917,52.079699],[10.798548,52.080209],[10.801639,52.089189],[10.805356,52.08961],[10.815587,52.088944],[10.817723,52.091529],[10.820744,52.093419],[10.824956,52.100379],[10.827079,52.101137],[10.842249,52.098405],[10.843259,52.102603],[10.833817,52.103709],[10.835564,52.106888],[10.834139,52.111713],[10.835644,52.111727],[10.835744,52.117313],[10.83961,52.116564],[10.8462,52.11668],[10.851123,52.118357],[10.853469,52.117585],[10.859296,52.122713],[10.86388,52.121396],[10.866282,52.122934],[10.870271,52.122841],[10.870947,52.125124],[10.868252,52.127533],[10.870781,52.130825],[10.872869,52.135602],[10.876414,52.146334],[10.880903,52.14641],[10.883734,52.150979],[10.884744,52.156291],[10.888089,52.15924],[10.889278,52.163076],[10.886347,52.167565],[10.884274,52.173184],[10.885166,52.180071],[10.880919,52.179626],[10.868888,52.180887],[10.863202,52.176101],[10.858809,52.173767],[10.857558,52.176559],[10.854957,52.178726],[10.851924,52.176306],[10.845984,52.174381],[10.844185,52.176392],[10.839295,52.177899],[10.840196,52.182825],[10.836153,52.186236],[10.831794,52.188398],[10.82858,52.191231],[10.82204,52.191394],[10.819982,52.194685],[10.817737,52.194691],[10.817195,52.198982],[10.815654,52.200416],[10.816489,52.203415],[10.813685,52.206346],[10.808922,52.205674],[10.804652,52.204201],[10.802444,52.204621],[10.797504,52.20806],[10.788389,52.205807],[10.784799,52.206062],[10.781975,52.210544],[10.782823,52.21324],[10.779849,52.217627],[10.775011,52.219194],[10.769275,52.222861],[10.76539,52.224617],[10.761306,52.224505],[10.759481,52.232049],[10.757736,52.233153],[10.756148,52.236874],[10.753221,52.238602],[10.749365,52.239363],[10.739768,52.24636],[10.738813,52.252128],[10.735233,52.257405],[10.731379,52.259123],[10.728427,52.262113],[10.724572,52.262825],[10.7288,52.266171],[10.734369,52.268928],[10.735577,52.271287],[10.733646,52.273687],[10.735417,52.275923],[10.735168,52.27873],[10.730467,52.279881],[10.731182,52.283339],[10.73054,52.286648],[10.727049,52.287011],[10.729787,52.291313],[10.732746,52.293164],[10.719441,52.301253],[10.715622,52.303257],[10.695523,52.30193],[10.69548,52.300469],[10.676052,52.299058],[10.6744,52.296659],[10.668411,52.295787],[10.667335,52.298126],[10.660933,52.298562],[10.660228,52.299448],[10.654693,52.299088],[10.654494,52.301166],[10.651384,52.300945],[10.65114,52.298202],[10.64727,52.299034],[10.647106,52.297017],[10.642989,52.295424],[10.638492,52.295794],[10.636976,52.290812],[10.638761,52.289985],[10.63819,52.285485],[10.635112,52.285495],[10.631599,52.282702],[10.626648,52.281401],[10.626577,52.277412],[10.613867,52.277006],[10.613017,52.270345],[10.617861,52.26713],[10.619993,52.263863],[10.614378,52.263553],[10.611878,52.260399],[10.61266,52.256603],[10.609228,52.253906],[10.601998,52.251718],[10.592295,52.251552],[10.594164,52.249459],[10.59736,52.243494],[10.599089,52.243465],[10.600238,52.23957],[10.598779,52.233694],[10.601032,52.232571],[10.60034,52.226112],[10.598302,52.222801],[10.593329,52.222057],[10.589099,52.223039],[10.58475,52.222286],[10.581127,52.220647],[10.576462,52.223407],[10.573896,52.221367],[10.574745,52.216991],[10.572696,52.21351],[10.576053,52.208977],[10.577565,52.204827],[10.570412,52.203561],[10.57063,52.202419],[10.56296,52.202729],[10.55272,52.206327],[10.55021,52.202924],[10.545776,52.204337],[10.541622,52.199444],[10.538463,52.194051],[10.53868,52.191775],[10.533807,52.192559],[10.528875,52.191625],[10.525214,52.192696],[10.522705,52.191943],[10.518324,52.193561],[10.515118,52.191726],[10.513039,52.188372],[10.506503,52.186993]]]]}},
{"type":"Feature","id":"DEU:ADM3:DE-NI.gottingen","properties":{"shapeName":"Göttingen","shapeISO":"","shapeGroup":"DEU","shapeType":"ADM3","adm1ISO":"DE-NI","parentISO":"DE-NI","parentID":"DEU:ADM1:DE-NI","src_shape_id":"24449704B36685369765138"},"geometry":{"type":"Polygon","coordinates":[[[9.568025,51.340001],[9.577119,51.340703],[9.581657,51.342196],[9.58396,51.338354],[9.594923,51.334588],[9.596693,51.331462],[9.601837,51.327677],[9.606001,51.327709],[9.606827,51.325844],[9.617242,51.327929],[9.628951,51.326919],[9.633366,51.325854],[9.638543,51.322392],[9.637382,51.321502],[9.632933,51.324429],[9.629795,51.321032],[9.628524,51.311903],[9.634455,51.311604],[9.635771,51.317072],[9.638723,51.314923],[9.643428,51.314499],[9.645657,51.316641],[9.649691,51.315149],[9.65375,51.314576],[9.657232,51.312613],[9.66223,51.311713],[9.664291,51.316555],[9.667997,51.316249],[9.669386,51.317711],[9.675237,51.315683],[9.678911,51.310958],[9.683828,51.309907],[9.686515,51.310408],[9.688806,51.308282],[9.695504,51.307006],[9.700043,51.304356],[9.708664,51.303847],[9.720192,51.298607],[9.724062,51.298912],[9.730358,51.297496],[9.732304,51.295232],[9.761098,51.305647],[9.7682,51.306726],[9.771091,51.318207],[9.775202,51.325196],[9.772366,51.329281],[9.765636,51.324426],[9.76351,51.325339],[9.767409,51.327613],[9.77061,51.330458],[9.772456,51.336291],[9.763108,51.336161],[9.76424,51.333595],[9.768307,51.332549],[9.760034,51.328997],[9.756507,51.328651],[9.754947,51.3265],[9.748077,51.321562],[9.745434,51.31898],[9.738248,51.319429],[9.735858,51.322382],[9.736841,51.328957],[9.729142,51.335862],[9.726267,51.337741],[9.726961,51.34085],[9.724873,51.342051],[9.720858,51.346703],[9.720611,51.348528],[9.714274,51.351985],[9.712913,51.355116],[9.707187,51.356328],[9.703983,51.358146],[9.702031,51.361116],[9.702144,51.364572],[9.704968,51.365806],[9.716289,51.367816],[9.7232,51.370498],[9.725984,51.370805],[9.731616,51.368412],[9.738459,51.369213],[9.743502,51.371063],[9.745484,51.373246],[9.749557,51.373531],[9.752284,51.374691],[9.756603,51.382285],[9.760998,51.383455],[9.765861,51.385978],[9.779746,51.388178],[9.780408,51.389091],[9.791351,51.389113],[9.794228,51.388424],[9.796891,51.386033],[9.80145,51.386915],[9.801815,51.389418],[9.799523,51.393516],[9.80137,51.395992],[9.800127,51.399188],[9.79649,51.398141],[9.792787,51.401384],[9.794137,51.40716],[9.80351,51.410401],[9.81627,51.410466],[9.821486,51.409957],[9.826543,51.40753],[9.829652,51.404236],[9.835871,51.402077],[9.840637,51.402642],[9.840158,51.397811],[9.841208,51.395071],[9.839531,51.39364],[9.839342,51.391037],[9.841785,51.387867],[9.840107,51.383593],[9.850017,51.374192],[9.853213,51.372232],[9.85613,51.372505],[9.865276,51.371613],[9.868359,51.37423],[9.859421,51.379184],[9.860081,51.381292],[9.85592,51.384806],[9.855888,51.386101],[9.860053,51.393654],[9.857726,51.394523],[9.850539,51.401376],[9.850864,51.403843],[9.852674,51.405004],[9.85385,51.410391],[9.851249,51.412176],[9.850743,51.414414],[9.853284,51.414815],[9.860258,51.41407],[9.865156,51.414699],[9.868535,51.413791],[9.873193,51.410928],[9.877423,51.406668],[9.878315,51.404477],[9.881953,51.405648],[9.881069,51.407254],[9.884626,51.410205],[9.882818,51.413012],[9.883152,51.414966],[9.89001,51.415335],[9.898587,51.417412],[9.906021,51.421139],[9.909136,51.413894],[9.912739,51.41231],[9.913393,51.410631],[9.905706,51.409882],[9.909806,51.40544],[9.915737,51.401682],[9.921344,51.399586],[9.927294,51.395387],[9.92786,51.392654],[9.931109,51.392733],[9.930314,51.385742],[9.931646,51.381378],[9.932888,51.380584],[9.926596,51.376326],[9.928339,51.375299],[9.941998,51.378429],[9.947614,51.382065],[9.951849,51.387667],[9.956543,51.391092],[9.962189,51.392403],[9.965943,51.395477],[9.980565,51.397866],[9.987396,51.397923],[9.989753,51.401924],[9.995255,51.404119],[10.000375,51.403655],[10.00078,51.407778],[10.005578,51.408419],[10.007608,51.411001],[10.007201,51.412663],[10.009671,51.417163],[10.008955,51.419598],[10.011063,51.420782],[10.017202,51.419151],[10.026271,51.418968],[10.034273,51.420734],[10.037844,51.420005],[10.042286,51.423536],[10.041443,51.425561],[10.04284,51.427566],[10.050134,51.429308],[10.05194,51.431543],[10.049223,51.434982],[10.058275,51.435251],[10.061025,51.432462],[10.059694,51.428287],[10.064558,51.426106],[10.065725,51.42351],[10.064432,51.420192],[10.069108,51.418438],[10.072581,51.418394],[10.07522,51.419517],[10.079583,51.425306],[10.079146,51.43369],[10.080108,51.43456],[10.090838,51.435655],[10.099219,51.433599],[10.104475,51.433616],[10.109608,51.431891],[10.116933,51.43023],[10.121105,51.434157],[10.131755,51.43553],[10.140394,51.429718],[10.146228,51.429016],[10.150399,51.429425],[10.15447,51.431533],[10.141098,51.43719],[10.142518,51.439738],[10.140005,51.442614],[10.142183,51.444649],[10.15215,51.447144],[10.155819,51.443619],[10.158806,51.446755],[10.167618,51.444445],[10.174306,51.446256],[10.174883,51.448771],[10.180195,51.455789],[10.177202,51.457436],[10.182432,51.461211],[10.186012,51.462174],[10.185834,51.465083],[10.182124,51.465844],[10.178129,51.468204],[10.178252,51.470016],[10.183883,51.472245],[10.187503,51.47794],[10.19009,51.478874],[10.190194,51.480664],[10.194154,51.481501],[10.201975,51.48652],[10.205722,51.487243],[10.211339,51.481659],[10.218202,51.47854],[10.215386,51.472586],[10.216946,51.470075],[10.221005,51.471913],[10.224396,51.470892],[10.225295,51.473494],[10.233173,51.470846],[10.237153,51.475219],[10.237759,51.477464],[10.2437,51.478563],[10.244678,51.483735],[10.250044,51.483641],[10.252222,51.48458],[10.262548,51.485922],[10.26552,51.487435],[10.272759,51.488221],[10.272047,51.490618],[10.277213,51.491513],[10.284429,51.49444],[10.288829,51.494018],[10.292655,51.492522],[10.29967,51.493896],[10.301446,51.495927],[10.2991,51.498608],[10.29985,51.504951],[10.301237,51.507561],[10.30528,51.50893],[10.308818,51.51514],[10.315049,51.515601],[10.319219,51.51458],[10.328503,51.517164],[10.342275,51.519497],[10.344321,51.523899],[10.343528,51.52668],[10.347717,51.529267],[10.348125,51.532173],[10.352435,51.535135],[10.360772,51.538082],[10.361674,51.540473],[10.366785,51.542169],[10.368393,51.54458],[10.366829,51.54652],[10.368831,51.5502],[10.371167,51.551695],[10.371879,51.554018],[10.365365,51.555891],[10.366834,51.556801],[10.374126,51.558611],[10.376363,51.561612],[10.378624,51.562707],[10.378999,51.568573],[10.377577,51.571261],[10.378942,51.574383],[10.377563,51.575895],[10.377609,51.57922],[10.376158,51.583369],[10.372542,51.584459],[10.370023,51.587536],[10.377329,51.588709],[10.39026,51.586055],[10.397809,51.587681],[10.406303,51.5865],[10.412279,51.588268],[10.415802,51.588568],[10.425761,51.592074],[10.432044,51.592306],[10.438532,51.590336],[10.444382,51.589656],[10.446677,51.588515],[10.450974,51.584026],[10.455408,51.583452],[10.458468,51.584119],[10.462914,51.582123],[10.467039,51.583381],[10.468275,51.581837],[10.471481,51.582009],[10.476724,51.579545],[10.481706,51.578097],[10.488551,51.574779],[10.495696,51.572788],[10.501242,51.566761],[10.503488,51.562391],[10.506057,51.563468],[10.509399,51.55902],[10.509581,51.556792],[10.518974,51.553763],[10.522365,51.555248],[10.529697,51.556589],[10.534052,51.559359],[10.54546,51.555734],[10.560269,51.557068],[10.566623,51.559781],[10.569985,51.563342],[10.576492,51.562681],[10.577368,51.565965],[10.584416,51.565906],[10.590252,51.568898],[10.592872,51.573447],[10.598136,51.575719],[10.599334,51.578461],[10.604264,51.579575],[10.612038,51.579235],[10.614308,51.577971],[10.621637,51.575774],[10.62161,51.575031],[10.627955,51.572065],[10.625424,51.569561],[10.6266,51.567757],[10.633033,51.565861],[10.636525,51.562227],[10.641974,51.56299],[10.645524,51.562778],[10.644767,51.560017],[10.651729,51.55878],[10.652558,51.560207],[10.656796,51.558302],[10.660293,51.563497],[10.658384,51.566657],[10.659125,51.568051],[10.665532,51.574472],[10.666307,51.578099],[10.663786,51.579632],[10.659123,51.580061],[10.658364,51.581897],[10.649572,51.582367],[10.643716,51.584543],[10.638675,51.584117],[10.638142,51.589407],[10.636146,51.593449],[10.634445,51.594306],[10.633084,51.598455],[10.634017,51.601314],[10.632792,51.602224],[10.635172,51.605982],[10.633496,51.607903],[10.641186,51.607073],[10.648312,51.608062],[10.643094,51.611973],[10.642917,51.613376],[10.6393,51.615608],[10.639179,51.62115],[10.642074,51.622574],[10.645945,51.622468],[10.656764,51.624355],[10.659019,51.626095],[10.665542,51.627971],[10.672937,51.629503],[10.678853,51.628323],[10.681572,51.629769],[10.677166,51.631267],[10.675306,51.636754],[10.677283,51.638376],[10.668064,51.643742],[10.667525,51.645436],[10.661782,51.64456],[10.65595,51.642517],[10.650893,51.64263],[10.649347,51.647811],[10.645451,51.648792],[10.64076,51.651811],[10.640635,51.653395],[10.6436,51.655589],[10.63562,51.660945],[10.634717,51.664426],[10.626927,51.670116],[10.622452,51.668914],[10.622038,51.663819],[10.61961,51.663217],[10.614472,51.663791],[10.610503,51.66351],[10.606739,51.667635],[10.607892,51.672051],[10.607498,51.675524],[10.602191,51.6778],[10.599179,51.677519],[10.59337,51.679887],[10.582736,51.674635],[10.570341,51.67808],[10.56771,51.679818],[10.556229,51.67573],[10.552785,51.675192],[10.542161,51.671805],[10.537746,51.668775],[10.531338,51.670216],[10.523675,51.672648],[10.51943,51.670057],[10.516985,51.665114],[10.511008,51.662753],[10.504296,51.663185],[10.504991,51.664328],[10.504615,51.669788],[10.499146,51.674736],[10.497164,51.681564],[10.495557,51.683453],[10.49657,51.688887],[10.494486,51.692656],[10.490799,51.694027],[10.48635,51.694059],[10.479558,51.695142],[10.476418,51.694332],[10.47389,51.695617],[10.470519,51.695259],[10.46596,51.696876],[10.472701,51.698377],[10.480667,51.701068],[10.485148,51.704253],[10.480357,51.708066],[10.478248,51.711874],[10.47978,51.713755],[10.484729,51.713634],[10.489741,51.718873],[10.488081,51.723284],[10.487988,51.727105],[10.488967,51.728398],[10.494907,51.729235],[10.494004,51.731948],[10.492005,51.733045],[10.491656,51.736912],[10.489942,51.739031],[10.484007,51.7413],[10.483276,51.746019],[10.487493,51.747618],[10.490984,51.753981],[10.497048,51.756541],[10.498759,51.759204],[10.498452,51.764136],[10.492819,51.766521],[10.482337,51.766232],[10.477365,51.765608],[10.467813,51.766836],[10.461127,51.766105],[10.45537,51.76779],[10.451914,51.770782],[10.439002,51.773526],[10.436334,51.772325],[10.432072,51.771927],[10.42457,51.772238],[10.420775,51.774822],[10.420084,51.77777],[10.414885,51.780684],[10.408467,51.780558],[10.40599,51.781939],[10.398636,51.783741],[10.396396,51.788146],[10.394213,51.789056],[10.378727,51.78895],[10.364482,51.778583],[10.367112,51.776606],[10.363652,51.773741],[10.363688,51.771555],[10.358165,51.768676],[10.356715,51.766868],[10.351678,51.767061],[10.348786,51.769821],[10.34351,51.771729],[10.342263,51.770152],[10.337152,51.768732],[10.332226,51.770522],[10.324809,51.767517],[10.320893,51.768321],[10.315908,51.76767],[10.313881,51.76612],[10.307837,51.766474],[10.303813,51.768375],[10.304069,51.772864],[10.298848,51.77631],[10.291892,51.778448],[10.279374,51.775902],[10.281227,51.779274],[10.279911,51.781393],[10.276091,51.783771],[10.275095,51.785475],[10.275745,51.788394],[10.278208,51.79084],[10.277567,51.792086],[10.265239,51.7953],[10.263466,51.796937],[10.265816,51.801122],[10.265577,51.803985],[10.263774,51.806203],[10.26845,51.806953],[10.269466,51.808092],[10.267563,51.81072],[10.27016,51.813439],[10.26573,51.816143],[10.260497,51.818085],[10.260508,51.820012],[10.257104,51.820577],[10.253054,51.823782],[10.246291,51.824362],[10.244991,51.830262],[10.241113,51.833177],[10.238104,51.831326],[10.234336,51.832595],[10.231035,51.832088],[10.227661,51.829418],[10.223318,51.829736],[10.220722,51.82686],[10.219136,51.822863],[10.216207,51.821865],[10.217988,51.819279],[10.215127,51.816192],[10.211922,51.816299],[10.206595,51.821439],[10.202663,51.826825],[10.197418,51.822989],[10.19628,51.817512],[10.197271,51.813453],[10.189765,51.810564],[10.182097,51.80882],[10.179899,51.810099],[10.170902,51.81186],[10.169796,51.808261],[10.164992,51.804623],[10.16536,51.801305],[10.161971,51.795195],[10.157926,51.794842],[10.153715,51.793543],[10.153584,51.791636],[10.158244,51.788052],[10.156584,51.786261],[10.153237,51.785964],[10.15318,51.783596],[10.156688,51.782858],[10.159943,51.779392],[10.157097,51.77781],[10.153955,51.77894],[10.151811,51.777127],[10.150187,51.768961],[10.147107,51.763772],[10.142301,51.758343],[10.143707,51.756082],[10.149811,51.75404],[10.147963,51.750547],[10.152683,51.747213],[10.147395,51.745918],[10.144899,51.739749],[10.142066,51.739875],[10.140157,51.737539],[10.135642,51.734989],[10.136524,51.733462],[10.131663,51.732556],[10.131699,51.728068],[10.129696,51.72682],[10.123891,51.726824],[10.119451,51.727776],[10.116599,51.726958],[10.11925,51.723467],[10.121745,51.717871],[10.115902,51.716781],[10.113953,51.714445],[10.115315,51.712533],[10.120326,51.714286],[10.12749,51.714794],[10.137621,51.709556],[10.139092,51.706629],[10.137247,51.705695],[10.135459,51.701671],[10.134981,51.698178],[10.138633,51.697666],[10.140194,51.695473],[10.136698,51.69398],[10.139588,51.692761],[10.143767,51.683073],[10.15221,51.680527],[10.154831,51.680726],[10.154382,51.674915],[10.151969,51.672461],[10.14686,51.673402],[10.144447,51.670824],[10.140814,51.668766],[10.141408,51.666825],[10.15013,51.664373],[10.149175,51.662857],[10.156727,51.660692],[10.154345,51.656829],[10.155481,51.65331],[10.15325,51.649757],[10.159843,51.648824],[10.162047,51.649299],[10.159254,51.643414],[10.157762,51.642419],[10.155481,51.638124],[10.150047,51.638548],[10.146005,51.640347],[10.142557,51.639228],[10.13783,51.64073],[10.135628,51.636298],[10.133272,51.636192],[10.132114,51.631684],[10.132587,51.628129],[10.129281,51.623366],[10.124671,51.618216],[10.119765,51.614696],[10.113935,51.613759],[10.113872,51.61608],[10.111387,51.620101],[10.103369,51.622352],[10.100104,51.62217],[10.095568,51.620292],[10.082291,51.617077],[10.080545,51.615805],[10.075057,51.61469],[10.073889,51.612311],[10.070684,51.609183],[10.067391,51.611178],[10.064052,51.610447],[10.058271,51.61131],[10.053078,51.615457],[10.047379,51.616836],[10.042127,51.621693],[10.038204,51.617679],[10.03151,51.617883],[10.028208,51.618702],[10.023052,51.618366],[10.019876,51.615285],[10.016825,51.616452],[10.013165,51.614439],[10.003809,51.613012],[10.000948,51.611941],[9.998635,51.613812],[9.989678,51.613575],[9.978176,51.614785],[9.966512,51.617449],[9.959806,51.617871],[9.956573,51.620027],[9.952582,51.620957],[9.950123,51.618733],[9.956256,51.615864],[9.957322,51.613683],[9.955152,51.612719],[9.95161,51.605614],[9.946056,51.604904],[9.942083,51.603689],[9.940057,51.602073],[9.934084,51.602789],[9.929349,51.604159],[9.922103,51.6042],[9.920244,51.60312],[9.915164,51.602992],[9.916154,51.606297],[9.915302,51.607746],[9.901344,51.607167],[9.90027,51.60372],[9.897355,51.606906],[9.890572,51.60849],[9.888908,51.611727],[9.885652,51.611379],[9.882914,51.612751],[9.878673,51.611163],[9.871593,51.612178],[9.870308,51.613143],[9.866441,51.61171],[9.861008,51.610673],[9.862014,51.608969],[9.857895,51.60802],[9.849176,51.608431],[9.843585,51.609417],[9.835351,51.613284],[9.831327,51.612695],[9.832704,51.609446],[9.829318,51.609823],[9.828875,51.606518],[9.825379,51.603521],[9.819309,51.603666],[9.817807,51.599318],[9.815249,51.598856],[9.806533,51.59921],[9.807072,51.601732],[9.804403,51.603399],[9.802294,51.601691],[9.79963,51.605184],[9.796421,51.604998],[9.797487,51.611608],[9.793728,51.611123],[9.790139,51.607389],[9.778757,51.610081],[9.779739,51.608397],[9.774745,51.607509],[9.766578,51.60903],[9.76157,51.608998],[9.75872,51.610314],[9.751888,51.611247],[9.743129,51.614499],[9.73718,51.613509],[9.732645,51.613579],[9.728576,51.612374],[9.72667,51.608871],[9.726708,51.606586],[9.724355,51.604753],[9.722387,51.601529],[9.717656,51.599392],[9.71508,51.599654],[9.711059,51.59745],[9.70551,51.595847],[9.702026,51.591892],[9.693187,51.589367],[9.688023,51.585241],[9.685331,51.582017],[9.688081,51.580002],[9.690948,51.576315],[9.688352,51.574455],[9.685972,51.568679],[9.684004,51.566533],[9.672378,51.568404],[9.668858,51.563476],[9.660965,51.562529],[9.661965,51.558353],[9.659387,51.55802],[9.65475,51.555917],[9.651198,51.552077],[9.647755,51.552511],[9.64431,51.550741],[9.63664,51.551162],[9.630635,51.550461],[9.62572,51.548643],[9.622443,51.548673],[9.621046,51.551541],[9.617605,51.554898],[9.614506,51.555424],[9.6129,51.557868],[9.60931,51.556905],[9.612128,51.550782],[9.615192,51.546801],[9.618851,51.544876],[9.622097,51.541382],[9.621575,51.535151],[9.618832,51.530103],[9.614703,51.52573],[9.608917,51.522183],[9.601974,51.521032],[9.596295,51.523067],[9.589454,51.522547],[9.586525,51.519753],[9.586334,51.516305],[9.596102,51.509408],[9.605117,51.498887],[9.606434,51.495649],[9.60965,51.491103],[9.617518,51.48293],[9.625879,51.476712],[9.630868,51.474985],[9.639922,51.473153],[9.643308,51.470038],[9.644231,51.467661],[9.642965,51.465996],[9.635022,51.461727],[9.630149,51.458209],[9.629649,51.454175],[9.630837,51.453023],[9.628628,51.451024],[9.627621,51.444209],[9.62996,51.441064],[9.630951,51.437015],[9.632486,51.435886],[9.631611,51.432641],[9.634297,51.426083],[9.639684,51.42202],[9.643582,51.418261],[9.642956,51.416322],[9.637657,51.414223],[9.633438,51.411366],[9.631145,51.411601],[9.628852,51.408867],[9.630582,51.406106],[9.622677,51.406236],[9.61414,51.407616],[9.610017,51.407823],[9.609855,51.404766],[9.605383,51.403895],[9.598055,51.399089],[9.593776,51.397985],[9.591336,51.398416],[9.590018,51.401096],[9.587512,51.402669],[9.579345,51.401769],[9.57811,51.400949],[9.57537,51.394162],[9.572392,51.390638],[9.565157,51.387855],[9.559954,51.381398],[9.559346,51.378802],[9.560862,51.374972],[9.562949,51.374125],[9.573077,51.373036],[9.576858,51.371635],[9.577149,51.36999],[9.569823,51.362645],[9.566188,51.361158],[9.558816,51.360416],[9.550134,51.361884],[9.548441,51.358955],[9.551964,51.35749],[9.555818,51.354534],[9.557291,51.351379],[9.558534,51.348204],[9.561324,51.345275],[9.568025,51.340001]]]}},
{"type":"Feature","id":"DEU:ADM3:DE-NI.diepholz","properties":{"shapeName":"Diepholz","shapeISO":"","shapeGroup":"DEU","shapeType":"ADM3","adm1ISO":"DE-NI","parentISO":"DE-NI","parentID":"DEU:ADM1:DE-NI","src_shape_id":"24449704B91626558272399"},"geometry":{"type":"Polygon","coordinates":[[[8.711424,53.04463],[8.706067,53.042052],[8.703304,53.038459],[8.700735,53.037423],[8.690393,53.038952],[8.689077,53.036118],[8.686748,53.034707],[8.684184,53.035757],[8.684469,53.028783],[8.681471,53.029143],[8.678775,53.018277],[8.674024,53.018691],[8.672122,53.020033],[8.664005,53.019772],[8.660636,53.015097],[8.657161,53.008995],[8.65956,53.008704],[8.656764,53.002904],[8.652299,52.997412],[8.642158,52.988145],[8.648732,52.980821],[8.643051,52.977166],[8.647279,52.971258],[8.648821,52.971138],[8.651931,52.966498],[8.655896,52.963059],[8.657502,52.96901],[8.674798,52.968176],[8.68205,52.968085],[8.681818,52.967011],[8.688331,52.966751],[8.68538,52.962781],[8.684612,52.960367],[8.683913,52.949532],[8.685863,52.946998],[8.685947,52.940938],[8.689509,52.936818],[8.690931,52.931497],[8.693378,52.928413],[8.692827,52.924034],[8.694027,52.920149],[8.691233,52.918966],[8.690623,52.913857],[8.688048,52.91462],[8.687819,52.917674],[8.680791,52.916724],[8.68202,52.914314],[8.679104,52.912858],[8.673125,52.912822],[8.672537,52.915539],[8.668425,52.91728],[8.660897,52.916766],[8.653318,52.917631],[8.649941,52.916546],[8.651642,52.91388],[8.644685,52.911749],[8.648549,52.905679],[8.653151,52.904454],[8.657339,52.901397],[8.653773,52.900842],[8.651938,52.90395],[8.646857,52.904391],[8.646596,52.902205],[8.641981,52.897948],[8.643188,52.893913],[8.64676,52.886568],[8.639547,52.884078],[8.640039,52.877975],[8.640846,52.876531],[8.637436,52.871154],[8.643505,52.861563],[8.639658,52.861002],[8.627759,52.857181],[8.631432,52.855292],[8.63367,52.85091],[8.627415,52.850821],[8.606631,52.845287],[8.58861,52.841575],[8.560241,52.834603],[8.543065,52.830799],[8.53938,52.831117],[8.546947,52.819265],[8.536974,52.818233],[8.535827,52.816079],[8.530291,52.816444],[8.532072,52.814185],[8.531021,52.810999],[8.526603,52.810547],[8.516142,52.807804],[8.514306,52.806229],[8.491693,52.799632],[8.485367,52.798483],[8.478654,52.797885],[8.467695,52.798367],[8.46375,52.800103],[8.459277,52.801056],[8.457242,52.799154],[8.456895,52.794799],[8.455062,52.79179],[8.450462,52.787814],[8.450164,52.785912],[8.452454,52.783198],[8.45462,52.777893],[8.45688,52.776551],[8.462448,52.774931],[8.463735,52.771669],[8.459548,52.767124],[8.457778,52.762852],[8.46232,52.758841],[8.466627,52.757295],[8.469261,52.752865],[8.467142,52.748593],[8.469626,52.742651],[8.466792,52.741535],[8.471036,52.737394],[8.471996,52.735548],[8.465585,52.733509],[8.462236,52.733433],[8.452212,52.726947],[8.445648,52.723075],[8.410174,52.723424],[8.37489,52.708359],[8.363997,52.703431],[8.33844,52.692314],[8.335544,52.686929],[8.325311,52.686934],[8.318484,52.689156],[8.314829,52.689216],[8.310358,52.687075],[8.308974,52.683337],[8.30827,52.677921],[8.30922,52.667941],[8.30404,52.664991],[8.304345,52.66173],[8.300091,52.659326],[8.293795,52.650476],[8.295321,52.64572],[8.301304,52.624335],[8.303525,52.617292],[8.307356,52.60125],[8.312139,52.583497],[8.314369,52.580479],[8.322899,52.573922],[8.329241,52.572264],[8.332648,52.577202],[8.336403,52.577127],[8.343968,52.574815],[8.340242,52.570707],[8.340356,52.566193],[8.339506,52.563829],[8.34182,52.560632],[8.348784,52.554864],[8.349646,52.553206],[8.348933,52.549001],[8.346242,52.544491],[8.343409,52.541426],[8.340204,52.539956],[8.333075,52.538105],[8.328946,52.538926],[8.326448,52.537433],[8.322556,52.539081],[8.319529,52.538505],[8.313524,52.535348],[8.311044,52.530974],[8.311853,52.529216],[8.311227,52.521189],[8.312039,52.512414],[8.311841,52.504993],[8.308315,52.500987],[8.308324,52.499112],[8.308183,52.495071],[8.312058,52.494478],[8.306187,52.490236],[8.307098,52.481969],[8.304149,52.472917],[8.301418,52.471368],[8.3,52.46689],[8.297154,52.464529],[8.297214,52.456498],[8.303433,52.459005],[8.30692,52.456054],[8.311374,52.458952],[8.317246,52.455109],[8.326131,52.451671],[8.334304,52.454112],[8.345691,52.452823],[8.352428,52.450505],[8.352778,52.448128],[8.359687,52.444031],[8.371126,52.445296],[8.374085,52.444376],[8.37721,52.444917],[8.385907,52.445017],[8.386366,52.447778],[8.400104,52.450927],[8.40549,52.449732],[8.406898,52.44726],[8.41111,52.447167],[8.414838,52.44598],[8.417778,52.44927],[8.425321,52.45173],[8.42884,52.447963],[8.436976,52.451571],[8.445638,52.456325],[8.448845,52.457037],[8.449845,52.459654],[8.45429,52.461007],[8.456906,52.468573],[8.458595,52.477121],[8.458794,52.481802],[8.460264,52.49032],[8.458861,52.491672],[8.472523,52.498848],[8.481629,52.496977],[8.484748,52.49905],[8.48749,52.502609],[8.508849,52.514693],[8.516577,52.509315],[8.556858,52.499096],[8.55742,52.500733],[8.560603,52.501117],[8.575464,52.505862],[8.617256,52.519873],[8.65255,52.531443],[8.665985,52.522424],[8.667245,52.520382],[8.671481,52.517395],[8.684336,52.519046],[8.689315,52.518664],[8.688161,52.515933],[8.684122,52.514395],[8.685803,52.512207],[8.688497,52.512254],[8.698653,52.508807],[8.698652,52.506517],[8.702062,52.503473],[8.698753,52.50164],[8.703009,52.500438],[8.725127,52.508915],[8.731792,52.512635],[8.733296,52.509512],[8.74249,52.518224],[8.739153,52.519746],[8.745339,52.525769],[8.750135,52.526487],[8.751617,52.522472],[8.768167,52.520858],[8.773684,52.524634],[8.772242,52.525702],[8.769574,52.535066],[8.771202,52.537041],[8.775942,52.537066],[8.775469,52.533061],[8.813514,52.530456],[8.815118,52.537326],[8.82894,52.535812],[8.829047,52.537094],[8.825728,52.542355],[8.839243,52.545795],[8.844285,52.54152],[8.852305,52.532244],[8.860271,52.536593],[8.855335,52.540869],[8.860254,52.543419],[8.857459,52.545677],[8.855722,52.54865],[8.863416,52.550253],[8.864609,52.54829],[8.870653,52.549658],[8.868645,52.552536],[8.872777,52.552934],[8.872399,52.554791],[8.881737,52.555848],[8.885113,52.554217],[8.887555,52.551855],[8.89367,52.552948],[8.900053,52.558779],[8.898857,52.562269],[8.89688,52.571293],[8.898761,52.593038],[8.901239,52.597745],[8.883714,52.601939],[8.873399,52.606523],[8.870562,52.610398],[8.875471,52.610138],[8.87274,52.614488],[8.87286,52.622444],[8.876707,52.622166],[8.881542,52.627622],[8.883093,52.630809],[8.89307,52.629497],[8.908089,52.630493],[8.925711,52.632013],[8.932855,52.630847],[8.934002,52.634819],[8.936722,52.636087],[8.935587,52.638943],[8.939479,52.639517],[8.946106,52.642989],[8.951953,52.644151],[8.954172,52.642204],[8.967424,52.650649],[8.971206,52.644139],[8.979988,52.649716],[8.977315,52.652689],[8.986025,52.658195],[8.989396,52.653897],[8.993292,52.656257],[9.004394,52.651875],[9.010407,52.663999],[9.013766,52.663736],[9.014347,52.66644],[9.01899,52.666056],[9.017221,52.672051],[9.019598,52.67246],[9.017631,52.678087],[9.01914,52.680432],[9.017715,52.684406],[9.025716,52.686841],[9.029898,52.692333],[9.028814,52.694335],[9.025718,52.696252],[9.023784,52.69517],[9.019876,52.697707],[9.022015,52.700628],[9.014822,52.703435],[9.015526,52.706224],[9.009649,52.708391],[9.008487,52.711323],[9.015442,52.716273],[9.022507,52.71623],[9.032193,52.717205],[9.037777,52.719124],[9.04037,52.721182],[9.043765,52.721628],[9.045191,52.725065],[9.048924,52.72824],[9.05157,52.72879],[9.053077,52.731805],[9.0517,52.733931],[9.058047,52.739783],[9.058197,52.7422],[9.055536,52.747237],[9.057212,52.749392],[9.058661,52.754285],[9.055672,52.755003],[9.05411,52.76037],[9.056473,52.761279],[9.062314,52.761395],[9.060952,52.763473],[9.061039,52.769932],[9.063485,52.773735],[9.057845,52.774643],[9.058314,52.779574],[9.050901,52.780676],[9.05214,52.783451],[9.047038,52.784829],[9.046129,52.788637],[9.055616,52.792581],[9.054734,52.795397],[9.061552,52.796989],[9.060371,52.800356],[9.067429,52.803857],[9.066132,52.807259],[9.05501,52.807469],[9.052349,52.808993],[9.045556,52.811142],[9.036679,52.817528],[9.043018,52.817946],[9.044368,52.815696],[9.048177,52.814968],[9.053131,52.81554],[9.052613,52.816856],[9.057999,52.817379],[9.059408,52.820606],[9.054446,52.820286],[9.060478,52.82426],[9.057025,52.827394],[9.047586,52.830626],[9.048267,52.833903],[9.041948,52.836461],[9.034423,52.838655],[9.035918,52.841583],[9.038716,52.843558],[9.045768,52.841574],[9.047876,52.843407],[9.053871,52.841813],[9.058565,52.849426],[9.05596,52.85009],[9.057096,52.852873],[9.064094,52.850871],[9.064881,52.852794],[9.071403,52.851109],[9.073902,52.849164],[9.078059,52.850687],[9.079031,52.849277],[9.089693,52.852962],[9.093685,52.853462],[9.093354,52.858305],[9.096983,52.861476],[9.109694,52.863142],[9.102643,52.880443],[9.107755,52.881419],[9.107039,52.88664],[9.111441,52.890957],[9.115283,52.892206],[9.115997,52.896953],[9.115513,52.898704],[9.111742,52.899779],[9.109468,52.903961],[9.100423,52.904058],[9.100615,52.902461],[9.093217,52.900243],[9.089853,52.90176],[9.089103,52.904305],[9.086957,52.905368],[9.079595,52.902126],[9.07777,52.904317],[9.075916,52.908791],[9.073922,52.910224],[9.072971,52.91435],[9.071084,52.917061],[9.06727,52.919075],[9.061985,52.922862],[9.058505,52.922885],[9.041183,52.924871],[9.038167,52.920995],[9.036159,52.92143],[9.038526,52.925673],[9.032699,52.926146],[9.03016,52.923281],[9.021074,52.926233],[9.010445,52.926218],[9.009379,52.925178],[9.004171,52.927005],[9.001225,52.924502],[8.998113,52.918421],[8.99389,52.912371],[8.994544,52.908802],[8.99029,52.902579],[8.991183,52.89989],[8.990036,52.897351],[8.985607,52.894652],[8.981804,52.888527],[8.979412,52.888842],[8.970834,52.89256],[8.9717,52.893456],[8.96556,52.897816],[8.963831,52.895909],[8.952131,52.888909],[8.95012,52.894172],[8.952622,52.895408],[8.950955,52.898189],[8.946269,52.897257],[8.944495,52.898543],[8.941867,52.902984],[8.936465,52.908865],[8.935113,52.916414],[8.931772,52.915111],[8.931275,52.917802],[8.932554,52.919259],[8.930575,52.922458],[8.930196,52.926457],[8.927112,52.929501],[8.92195,52.936161],[8.91633,52.944352],[8.912092,52.947322],[8.905882,52.959205],[8.903698,52.96771],[8.905422,52.973571],[8.907973,52.977945],[8.907301,52.978695],[8.910278,52.983659],[8.916833,52.980543],[8.924702,52.986148],[8.927259,52.986649],[8.929321,52.989499],[8.932546,52.990982],[8.931281,52.993226],[8.931301,52.99884],[8.926532,53.000936],[8.91943,53.002927],[8.919801,53.004143],[8.92767,53.009601],[8.915827,53.011021],[8.90634,53.012399],[8.897477,53.012999],[8.891157,53.01539],[8.886532,53.02167],[8.878232,53.027107],[8.871005,53.030484],[8.867235,53.033004],[8.865951,53.035046],[8.867006,53.040833],[8.863378,53.040496],[8.861867,53.036178],[8.864098,53.033441],[8.86499,53.027147],[8.868606,53.024921],[8.866756,53.022117],[8.856937,53.021491],[8.851532,53.019278],[8.850792,53.016608],[8.847535,53.017677],[8.849841,53.023371],[8.841213,53.021269],[8.838098,53.018421],[8.830522,53.021231],[8.82342,53.020927],[8.818218,53.022842],[8.815222,53.026553],[8.81143,53.028213],[8.809484,53.030904],[8.794221,53.03549],[8.789371,53.037646],[8.785334,53.038642],[8.781426,53.038623],[8.778298,53.039667],[8.776612,53.043105],[8.772699,53.045118],[8.770705,53.053407],[8.765907,53.052449],[8.762225,53.050832],[8.761868,53.048884],[8.763765,53.046942],[8.758512,53.043918],[8.754737,53.042841],[8.757184,53.040886],[8.756271,53.038781],[8.751785,53.038151],[8.742762,53.040734],[8.737959,53.037355],[8.730081,53.035524],[8.721466,53.040533],[8.718621,53.040289],[8.711424,53.04463]]]}},
{"type":"Feature","id":"DEU:ADM3:DE-NI.hameln-pyrmont","properties":{"shapeName":"Hameln-Pyrmont","shapeISO":"","shapeGroup":"DEU","shapeType":"ADM3","adm1ISO":"DE-NI","parentISO":"DE-NI","parentID":"DEU:ADM1:DE-NI","src_shape_id":"24449704B80337645952533"},"geometry":{"type":"Polygon","coordinates":[[[9.628812,52.131133],[9.623245,52.133017],[9.613586,52.135057],[9.61383,52.138954],[9.604938,52.139941],[9.599015,52.144637],[9.595626,52.144314],[9.593638,52.148079],[9.589817,52.148492],[9.582648,52.15268],[9.578617,52.153863],[9.572423,52.159284],[9.567303,52.162168],[9.564161,52.164824],[9.556398,52.16747],[9.545624,52.16644],[9.535778,52.163078],[9.530594,52.160626],[9.522181,52.160053],[9.515984,52.161226],[9.514152,52.159358],[9.51139,52.16252],[9.504423,52.161161],[9.500702,52.167677],[9.496638,52.166756],[9.494263,52.172778],[9.496122,52.173416],[9.496103,52.176823],[9.494035,52.17845],[9.498746,52.184015],[9.501493,52.18452],[9.505514,52.189015],[9.504859,52.190863],[9.507005,52.198454],[9.501414,52.199082],[9.499001,52.200277],[9.499738,52.205163],[9.497296,52.206731],[9.491543,52.208559],[9.492058,52.209667],[9.497548,52.208323],[9.500602,52.206693],[9.507217,52.204798],[9.512439,52.207],[9.515357,52.209479],[9.516411,52.212168],[9.50714,52.213594],[9.503558,52.222631],[9.507487,52.221791],[9.49709,52.236924],[9.496726,52.239457],[9.489831,52.240957],[9.490718,52.242868],[9.487772,52.245418],[9.478273,52.246192],[9.474219,52.247902],[9.471383,52.251424],[9.467206,52.253242],[9.463915,52.255619],[9.465086,52.258248],[9.46756,52.259052],[9.470625,52.262829],[9.468627,52.265333],[9.453184,52.270601],[9.44831,52.27432],[9.443924,52.267617],[9.444131,52.265725],[9.440636,52.263279],[9.440833,52.259889],[9.43618,52.258922],[9.435204,52.257429],[9.4312,52.25751],[9.422098,52.255045],[9.420983,52.252624],[9.414974,52.249725],[9.409569,52.250014],[9.409352,52.248741],[9.400568,52.249746],[9.393491,52.249531],[9.390617,52.245421],[9.392806,52.242203],[9.38938,52.241496],[9.383069,52.241905],[9.380648,52.236653],[9.379452,52.232066],[9.376534,52.233148],[9.371464,52.231825],[9.372939,52.228816],[9.372674,52.226292],[9.368613,52.223035],[9.367765,52.220836],[9.36232,52.219294],[9.355556,52.223409],[9.354319,52.225209],[9.354829,52.229241],[9.350226,52.229048],[9.340312,52.225353],[9.34012,52.222325],[9.334974,52.216306],[9.324701,52.212283],[9.322211,52.214544],[9.317266,52.216821],[9.312607,52.216156],[9.312648,52.217994],[9.303328,52.218274],[9.297348,52.220843],[9.295195,52.219402],[9.292228,52.220719],[9.287187,52.219798],[9.286067,52.220711],[9.281463,52.219486],[9.283071,52.216761],[9.281015,52.214729],[9.274306,52.214186],[9.27171,52.215349],[9.267187,52.215825],[9.260744,52.215272],[9.252939,52.209095],[9.248482,52.210665],[9.247775,52.207653],[9.242596,52.20702],[9.246883,52.20193],[9.24017,52.201537],[9.234998,52.200655],[9.23461,52.203452],[9.223548,52.202783],[9.221963,52.197738],[9.219586,52.198172],[9.217361,52.195862],[9.207227,52.193862],[9.205987,52.191978],[9.201839,52.192729],[9.198785,52.189493],[9.193684,52.19178],[9.1913,52.188002],[9.184993,52.186213],[9.18258,52.184502],[9.170845,52.186223],[9.169848,52.189938],[9.162148,52.189293],[9.160344,52.185962],[9.157729,52.185339],[9.155301,52.181822],[9.159842,52.17822],[9.160889,52.173995],[9.163064,52.171716],[9.168922,52.169542],[9.173143,52.169778],[9.174464,52.167615],[9.170123,52.161813],[9.176039,52.157818],[9.178393,52.153938],[9.184719,52.1503],[9.18751,52.146465],[9.194756,52.142246],[9.190278,52.141378],[9.185972,52.137253],[9.181983,52.138048],[9.165183,52.145517],[9.16193,52.144616],[9.165172,52.141545],[9.160202,52.140433],[9.16353,52.13814],[9.168558,52.139458],[9.174595,52.138197],[9.17134,52.13585],[9.170685,52.133656],[9.176293,52.134065],[9.177039,52.13211],[9.182309,52.131377],[9.185884,52.132577],[9.184656,52.119161],[9.177351,52.117954],[9.171512,52.116243],[9.16655,52.113543],[9.164536,52.109004],[9.165997,52.107102],[9.165529,52.102546],[9.161928,52.098342],[9.159415,52.097435],[9.155605,52.09783],[9.154689,52.091792],[9.161716,52.090755],[9.162758,52.089996],[9.170833,52.088201],[9.176087,52.086117],[9.177269,52.083759],[9.181296,52.080871],[9.190441,52.069601],[9.181348,52.067866],[9.179433,52.062129],[9.174432,52.060427],[9.175145,52.055052],[9.172169,52.047371],[9.175678,52.04461],[9.177259,52.041229],[9.17332,52.040614],[9.176893,52.033719],[9.178517,52.033988],[9.181039,52.029994],[9.189039,52.026278],[9.190131,52.020548],[9.19359,52.016566],[9.195459,52.01558],[9.197353,52.011671],[9.19117,52.010127],[9.187056,52.006553],[9.179262,52.00269],[9.185052,51.999766],[9.18996,51.999892],[9.196794,51.996917],[9.193623,51.99466],[9.187814,51.993445],[9.183704,51.990943],[9.183053,51.985763],[9.180443,51.984074],[9.17469,51.983259],[9.176231,51.980353],[9.179407,51.979875],[9.184092,51.977579],[9.184662,51.97548],[9.187813,51.972816],[9.188058,51.968896],[9.18582,51.966181],[9.188207,51.964714],[9.198616,51.962346],[9.206634,51.962568],[9.208896,51.959855],[9.211228,51.960766],[9.210906,51.96399],[9.209427,51.967202],[9.212613,51.967379],[9.216922,51.973624],[9.224153,51.972941],[9.229318,51.974742],[9.238556,51.976756],[9.240773,51.974557],[9.255358,51.976537],[9.261717,51.976801],[9.269997,51.973909],[9.266084,51.971575],[9.268409,51.970168],[9.274375,51.973604],[9.277309,51.970161],[9.27462,51.969405],[9.274604,51.966733],[9.277427,51.965772],[9.277576,51.96186],[9.284631,51.95998],[9.284353,51.956208],[9.271394,51.95513],[9.27281,51.952293],[9.271729,51.949736],[9.268371,51.946849],[9.263913,51.948054],[9.263088,51.946434],[9.27379,51.944026],[9.27707,51.943853],[9.278641,51.940127],[9.273373,51.940082],[9.275132,51.936855],[9.272069,51.932304],[9.277794,51.928297],[9.281409,51.927542],[9.285546,51.923893],[9.295578,51.92003],[9.30055,51.920737],[9.303936,51.922889],[9.308862,51.922962],[9.308893,51.928801],[9.307945,51.931113],[9.31442,51.930602],[9.326,51.932444],[9.326236,51.933593],[9.335566,51.934526],[9.344336,51.933293],[9.348486,51.933303],[9.353625,51.934473],[9.357364,51.938759],[9.361545,51.939792],[9.366787,51.943167],[9.360783,51.947139],[9.35974,51.948772],[9.363674,51.950142],[9.361205,51.954494],[9.351134,51.956611],[9.348484,51.959779],[9.342925,51.960178],[9.341445,51.966547],[9.345938,51.968552],[9.34837,51.974949],[9.351651,51.975253],[9.357998,51.977215],[9.360396,51.976878],[9.364024,51.972608],[9.367986,51.974174],[9.378173,51.9755],[9.384572,51.977974],[9.38646,51.977049],[9.395768,51.976299],[9.406354,51.977401],[9.411438,51.979983],[9.416049,51.981056],[9.416738,51.983127],[9.42114,51.983085],[9.426036,51.981177],[9.431392,51.982035],[9.43698,51.981689],[9.444168,51.983948],[9.448198,51.989219],[9.455173,51.989433],[9.456019,51.99384],[9.457298,51.995884],[9.466428,51.998278],[9.467514,52.001406],[9.474899,52.000518],[9.480375,52.000735],[9.482564,52.002083],[9.481819,52.003923],[9.489068,52.006708],[9.489649,52.010358],[9.485607,52.011835],[9.486949,52.015049],[9.490697,52.014361],[9.493462,52.018332],[9.500466,52.01907],[9.503105,52.020822],[9.507004,52.020651],[9.506754,52.018751],[9.50947,52.017901],[9.515092,52.01773],[9.528836,52.020133],[9.532453,52.019243],[9.536219,52.020707],[9.539056,52.022968],[9.537368,52.026274],[9.534931,52.028625],[9.533717,52.032952],[9.534252,52.035196],[9.53144,52.037242],[9.540924,52.037661],[9.553847,52.039815],[9.56286,52.044123],[9.567893,52.0441],[9.57083,52.041105],[9.574051,52.040287],[9.576957,52.03746],[9.577291,52.03277],[9.580568,52.029157],[9.581807,52.025841],[9.588776,52.017267],[9.59028,52.016267],[9.596491,52.008362],[9.598239,52.006857],[9.601473,52.001291],[9.607362,51.995592],[9.612681,51.993338],[9.622363,51.986249],[9.625762,51.986012],[9.627154,51.983785],[9.633501,51.977034],[9.634482,51.976654],[9.638783,51.970878],[9.646755,51.964414],[9.647811,51.964799],[9.649943,51.966829],[9.648291,51.971062],[9.649243,51.972591],[9.645723,51.974401],[9.646115,51.976136],[9.641389,51.978877],[9.639288,51.981119],[9.636126,51.979868],[9.634268,51.983125],[9.636621,51.984995],[9.633765,51.986687],[9.637874,51.988845],[9.644252,51.99526],[9.646152,51.998827],[9.649592,51.998015],[9.651346,52.002606],[9.645421,52.003857],[9.643506,52.006679],[9.644684,52.008984],[9.643289,52.013587],[9.644262,52.015927],[9.643154,52.019185],[9.651227,52.019925],[9.649967,52.021962],[9.654137,52.023109],[9.654808,52.02767],[9.657982,52.027905],[9.660509,52.030412],[9.660782,52.03269],[9.65064,52.037943],[9.651207,52.050371],[9.656128,52.048562],[9.661126,52.045728],[9.662546,52.046251],[9.653325,52.050954],[9.648023,52.051377],[9.643169,52.05451],[9.6489,52.059637],[9.647773,52.06303],[9.653825,52.060646],[9.654849,52.066328],[9.653583,52.069989],[9.651148,52.072203],[9.651837,52.074393],[9.655148,52.075307],[9.659159,52.07789],[9.660093,52.084793],[9.661875,52.084962],[9.662428,52.089769],[9.667402,52.088509],[9.66721,52.090981],[9.669528,52.092778],[9.674798,52.094506],[9.675409,52.096562],[9.68302,52.100211],[9.681451,52.106965],[9.674867,52.103974],[9.672583,52.107886],[9.67022,52.108971],[9.664529,52.108731],[9.663959,52.109669],[9.658422,52.111634],[9.652778,52.112373],[9.645113,52.115885],[9.640054,52.124896],[9.639632,52.126749],[9.636334,52.128757],[9.631146,52.12872],[9.628812,52.131133]]]}},
{"type":"Feature","id":"DEU:ADM3:DE-NI.hildesheim","properties":{"shapeName":"Hildesheim","shapeISO":"","shapeGroup":"DEU","shapeType":"ADM3","adm1ISO":"DE-NI","parentISO":"DE-NI","parentID":"DEU:ADM1:DE-NI","src_shape_id":"24449704B50568751816991"},"geometry":{"type":"Polygon","coordinates":[[[10.257476,52.183023],[10.256153,52.186235],[10.263958,52.188498],[10.259176,52.197791],[10.257406,52.197137],[10.252862,52.203055],[10.249842,52.202871],[10.248619,52.205072],[10.248865,52.213323],[10.24583,52.214353],[10.232017,52.215138],[10.231815,52.21632],[10.221372,52.2183],[10.214207,52.222038],[10.211477,52.221737],[10.209305,52.223726],[10.210977,52.225727],[10.201641,52.22887],[10.193687,52.229298],[10.189698,52.231799],[10.184545,52.233736],[10.178056,52.233595],[10.17673,52.232114],[10.172998,52.231608],[10.160731,52.225589],[10.148001,52.227993],[10.146721,52.231881],[10.145107,52.231726],[10.143441,52.235385],[10.138318,52.234719],[10.135609,52.236467],[10.132317,52.234345],[10.124213,52.23417],[10.112062,52.233102],[10.102029,52.230227],[10.09374,52.23059],[10.08381,52.229877],[10.081213,52.228779],[10.073894,52.228304],[10.076851,52.225418],[10.064712,52.222074],[10.062446,52.224232],[10.058556,52.224784],[10.051156,52.227425],[10.047366,52.23109],[10.04058,52.231428],[10.032129,52.230298],[10.022676,52.230751],[10.00722,52.231043],[9.998499,52.23026],[9.996717,52.232403],[9.995125,52.237217],[9.999418,52.239852],[9.997147,52.243737],[10.003327,52.248444],[10.000432,52.251227],[9.999687,52.257824],[10.008497,52.256403],[10.011289,52.257017],[10.010583,52.260113],[10.018819,52.261625],[10.023138,52.261536],[10.028617,52.263661],[10.029737,52.266443],[10.029021,52.269128],[10.030546,52.270602],[10.030598,52.275067],[10.032659,52.275498],[10.033973,52.278439],[10.033494,52.281165],[10.034468,52.283766],[10.03075,52.282469],[10.023442,52.282058],[10.017924,52.279844],[10.010955,52.281425],[10.003907,52.282055],[9.99637,52.283717],[9.99715,52.287301],[10.001082,52.288059],[10.004564,52.290027],[10.004493,52.293964],[10.006454,52.295493],[10.003528,52.296884],[9.998114,52.289992],[9.98488,52.291046],[9.985786,52.292891],[9.971916,52.293861],[9.972437,52.290706],[9.97166,52.285711],[9.969433,52.284725],[9.955447,52.285659],[9.955322,52.284029],[9.950702,52.28428],[9.949689,52.282569],[9.944301,52.282727],[9.942844,52.281092],[9.937349,52.282749],[9.934829,52.281682],[9.928198,52.280954],[9.91974,52.28137],[9.919828,52.280253],[9.912771,52.280657],[9.916457,52.272117],[9.910161,52.272599],[9.912093,52.267239],[9.905917,52.267604],[9.905829,52.265355],[9.902163,52.265454],[9.899751,52.26161],[9.888403,52.261804],[9.888389,52.262839],[9.880585,52.263266],[9.876342,52.262705],[9.875519,52.26601],[9.872336,52.270392],[9.856592,52.266135],[9.844491,52.265513],[9.840113,52.265634],[9.837795,52.262381],[9.833691,52.262358],[9.831836,52.265651],[9.826374,52.26518],[9.828182,52.262138],[9.820498,52.259841],[9.806537,52.255126],[9.791398,52.25134],[9.790523,52.2427],[9.784314,52.24245],[9.780825,52.24168],[9.775923,52.239438],[9.777403,52.237567],[9.776564,52.235116],[9.768988,52.233433],[9.768963,52.231364],[9.785964,52.23337],[9.787653,52.226077],[9.790049,52.225794],[9.788081,52.233513],[9.799591,52.2349],[9.800729,52.229871],[9.81802,52.228442],[9.815696,52.225562],[9.816706,52.222855],[9.81616,52.219725],[9.814687,52.218403],[9.813956,52.21445],[9.818844,52.213624],[9.816059,52.211917],[9.810737,52.212274],[9.810368,52.208745],[9.803916,52.205542],[9.802904,52.201911],[9.805192,52.200558],[9.802328,52.197482],[9.803481,52.193919],[9.802537,52.189485],[9.805218,52.187646],[9.796531,52.188139],[9.795702,52.191543],[9.789354,52.193431],[9.788257,52.191307],[9.781701,52.190782],[9.782319,52.187335],[9.779325,52.183891],[9.781281,52.182618],[9.777193,52.178444],[9.781293,52.177273],[9.784305,52.175044],[9.781773,52.173601],[9.774699,52.173011],[9.769609,52.170474],[9.763492,52.170009],[9.76417,52.174012],[9.760916,52.174387],[9.759017,52.176858],[9.748832,52.177847],[9.749899,52.18057],[9.744168,52.181173],[9.744247,52.186948],[9.738848,52.186877],[9.738742,52.189692],[9.736704,52.189931],[9.73671,52.193034],[9.738338,52.198176],[9.72806,52.199388],[9.722399,52.198445],[9.71562,52.19869],[9.71397,52.197985],[9.701353,52.198519],[9.6957,52.197904],[9.695581,52.19639],[9.691637,52.195269],[9.687083,52.191979],[9.685576,52.189513],[9.693632,52.186753],[9.692871,52.18579],[9.698921,52.184354],[9.702554,52.179823],[9.707531,52.177902],[9.70832,52.17611],[9.711212,52.175563],[9.716146,52.17278],[9.722608,52.172337],[9.727028,52.170681],[9.726595,52.168342],[9.719836,52.157333],[9.712096,52.154215],[9.704006,52.151877],[9.704922,52.14967],[9.698542,52.146119],[9.69204,52.144869],[9.693112,52.140862],[9.691,52.140761],[9.693513,52.135957],[9.681267,52.133328],[9.677613,52.133303],[9.671819,52.132097],[9.673597,52.128957],[9.671477,52.128358],[9.666597,52.132255],[9.660968,52.133124],[9.657859,52.132068],[9.647481,52.13132],[9.646605,52.132807],[9.636094,52.133028],[9.628812,52.131133],[9.631146,52.12872],[9.636334,52.128757],[9.639632,52.126749],[9.640054,52.124896],[9.645113,52.115885],[9.652778,52.112373],[9.658422,52.111634],[9.663959,52.109669],[9.664529,52.108731],[9.67022,52.108971],[9.672583,52.107886],[9.674867,52.103974],[9.681451,52.106965],[9.68302,52.100211],[9.675409,52.096562],[9.674798,52.094506],[9.669528,52.092778],[9.66721,52.090981],[9.667402,52.088509],[9.662428,52.089769],[9.661875,52.084962],[9.660093,52.084793],[9.659159,52.07789],[9.655148,52.075307],[9.651837,52.074393],[9.651148,52.072203],[9.653583,52.069989],[9.654849,52.066328],[9.653825,52.060646],[9.647773,52.06303],[9.6489,52.059637],[9.643169,52.05451],[9.648023,52.051377],[9.653325,52.050954],[9.662546,52.046251],[9.661126,52.045728],[9.656128,52.048562],[9.651207,52.050371],[9.65064,52.037943],[9.660782,52.03269],[9.660509,52.030412],[9.657982,52.027905],[9.654808,52.02767],[9.654137,52.023109],[9.649967,52.021962],[9.651227,52.019925],[9.643154,52.019185],[9.644262,52.015927],[9.643289,52.013587],[9.644684,52.008984],[9.643506,52.006679],[9.645421,52.003857],[9.651346,52.002606],[9.649592,51.998015],[9.646152,51.998827],[9.644252,51.99526],[9.637874,51.988845],[9.633765,51.986687],[9.636621,51.984995],[9.634268,51.983125],[9.636126,51.979868],[9.639288,51.981119],[9.641389,51.978877],[9.646115,51.976136],[9.645723,51.974401],[9.649243,51.972591],[9.648291,51.971062],[9.649943,51.966829],[9.647811,51.964799],[9.652502,51.965453],[9.662546,51.968619],[9.670535,51.965274],[9.673587,51.960962],[9.67872,51.95923],[9.687141,51.955224],[9.691089,51.960028],[9.694,51.962575],[9.698112,51.964699],[9.710304,51.967514],[9.710141,51.972131],[9.71158,51.978282],[9.714755,51.982827],[9.720099,51.981838],[9.721314,51.979795],[9.730161,51.978647],[9.740157,51.978943],[9.739842,51.979887],[9.744652,51.98284],[9.746857,51.981452],[9.75816,51.982144],[9.758726,51.983155],[9.76641,51.981022],[9.768187,51.978275],[9.770383,51.978495],[9.773296,51.974439],[9.775507,51.973264],[9.777863,51.969396],[9.780387,51.96734],[9.775024,51.963357],[9.786695,51.958291],[9.79181,51.95896],[9.80239,51.953607],[9.806973,51.952843],[9.812788,51.949575],[9.817826,51.945592],[9.824577,51.943128],[9.824078,51.935389],[9.829377,51.931594],[9.837401,51.928633],[9.84249,51.930114],[9.849187,51.929953],[9.84927,51.927443],[9.862218,51.917916],[9.869424,51.917576],[9.871509,51.915141],[9.876748,51.913909],[9.881319,51.914706],[9.889206,51.910125],[9.894896,51.906158],[9.897102,51.905918],[9.911704,51.91263],[9.916871,51.913483],[9.917859,51.910186],[9.925537,51.903369],[9.931127,51.904043],[9.935911,51.90529],[9.939692,51.907691],[9.941919,51.911102],[9.944895,51.913023],[9.94951,51.908835],[9.95865,51.904658],[9.960835,51.901906],[9.969196,51.896906],[9.978578,51.900411],[9.985284,51.900224],[9.984107,51.902162],[9.993464,51.905034],[10.00068,51.90666],[10.001344,51.908938],[10.004564,51.90922],[10.008564,51.908098],[10.011471,51.912632],[10.013988,51.913005],[10.012313,51.918907],[10.007131,51.918247],[10.005185,51.924381],[10.001129,51.926973],[10.00003,51.932684],[9.992182,51.933609],[9.992389,51.936041],[9.99485,51.939219],[10.003224,51.938388],[10.004273,51.942615],[10.01398,51.940546],[10.018158,51.94004],[10.021848,51.940745],[10.024405,51.939232],[10.0308,51.944578],[10.031571,51.947283],[10.033581,51.947799],[10.041508,51.942949],[10.04352,51.942451],[10.050995,51.936302],[10.054333,51.934264],[10.056998,51.933894],[10.059484,51.931017],[10.065526,51.92736],[10.074397,51.929371],[10.074529,51.931836],[10.077616,51.935302],[10.075441,51.937588],[10.070919,51.940379],[10.074842,51.943186],[10.075379,51.946736],[10.074375,51.949601],[10.081706,51.95388],[10.081491,51.957066],[10.087023,51.960315],[10.101605,51.961237],[10.118044,51.95709],[10.129989,51.962308],[10.131045,51.95916],[10.137547,51.956827],[10.139956,51.957761],[10.148084,51.955848],[10.150963,51.956347],[10.160718,51.955351],[10.163502,51.955605],[10.166728,51.958181],[10.180298,51.956122],[10.190639,51.955529],[10.193933,51.957094],[10.1939,51.961423],[10.198878,51.960862],[10.206056,51.966911],[10.200433,51.969434],[10.202596,51.97195],[10.198129,51.974294],[10.19789,51.979511],[10.195454,51.982212],[10.196076,51.989302],[10.199306,51.994509],[10.196786,51.996658],[10.193639,52.000811],[10.196699,52.003132],[10.202723,52.004433],[10.204089,52.007234],[10.203781,52.012097],[10.20225,52.015197],[10.202808,52.01822],[10.202461,52.022935],[10.201214,52.024595],[10.200079,52.032145],[10.200359,52.035079],[10.197272,52.037543],[10.193178,52.044574],[10.198997,52.046684],[10.200822,52.050877],[10.198727,52.055332],[10.195525,52.060355],[10.195992,52.062158],[10.202752,52.059384],[10.197789,52.071495],[10.199482,52.080159],[10.196695,52.083488],[10.192739,52.0841],[10.189487,52.085657],[10.185417,52.085827],[10.1853,52.091519],[10.179243,52.091125],[10.179741,52.103498],[10.177645,52.104334],[10.175169,52.109392],[10.182591,52.111417],[10.181462,52.113609],[10.185325,52.113775],[10.183973,52.116853],[10.194017,52.116586],[10.192476,52.119547],[10.200077,52.119917],[10.200095,52.124262],[10.197116,52.123967],[10.194591,52.125344],[10.193557,52.13154],[10.192252,52.134397],[10.192603,52.138679],[10.188934,52.138616],[10.187367,52.13993],[10.176264,52.138258],[10.176286,52.141208],[10.181017,52.141878],[10.179631,52.14772],[10.180137,52.14915],[10.184694,52.149674],[10.185291,52.155822],[10.189405,52.162397],[10.188987,52.164916],[10.190971,52.166751],[10.19558,52.168359],[10.194684,52.170939],[10.19945,52.172055],[10.198441,52.175077],[10.206283,52.178105],[10.211882,52.179761],[10.219176,52.178959],[10.223092,52.176561],[10.231652,52.177394],[10.233761,52.17825],[10.234005,52.170196],[10.235839,52.171236],[10.240448,52.171671],[10.243548,52.173994],[10.243383,52.176026],[10.249914,52.176678],[10.252229,52.174957],[10.257537,52.174354],[10.257476,52.183023]]]}},
{"type":"Feature","id":"DEU:ADM3:DE-NI.holzminden","properties":{"shapeName":"Holzminden","shapeISO":"","shapeGroup":"DEU","shapeType":"ADM3","adm1ISO":"DE-NI","parentISO":"DE-NI","parentID":"DEU:ADM1:DE-NI","src_shape_id":"24449704B53915908685994"},"geometry":{"type":"Polygon","coordinates":[[[9.894896,51.906158],[9.889206,51.910125],[9.881319,51.914706],[9.876748,51.913909],[9.871509,51.915141],[9.869424,51.917576],[9.862218,51.917916],[9.84927,51.927443],[9.849187,51.929953],[9.84249,51.930114],[9.837401,51.928633],[9.829377,51.931594],[9.824078,51.935389],[9.824577,51.943128],[9.817826,51.945592],[9.812788,51.949575],[9.806973,51.952843],[9.80239,51.953607],[9.79181,51.95896],[9.786695,51.958291],[9.775024,51.963357],[9.780387,51.96734],[9.777863,51.969396],[9.775507,51.973264],[9.773296,51.974439],[9.770383,51.978495],[9.768187,51.978275],[9.76641,51.981022],[9.758726,51.983155],[9.75816,51.982144],[9.746857,51.981452],[9.744652,51.98284],[9.739842,51.979887],[9.740157,51.978943],[9.730161,51.978647],[9.721314,51.979795],[9.720099,51.981838],[9.714755,51.982827],[9.71158,51.978282],[9.710141,51.972131],[9.710304,51.967514],[9.698112,51.964699],[9.694,51.962575],[9.691089,51.960028],[9.687141,51.955224],[9.67872,51.95923],[9.673587,51.960962],[9.670535,51.965274],[9.662546,51.968619],[9.652502,51.965453],[9.647811,51.964799],[9.646755,51.964414],[9.638783,51.970878],[9.634482,51.976654],[9.633501,51.977034],[9.627154,51.983785],[9.625762,51.986012],[9.622363,51.986249],[9.612681,51.993338],[9.607362,51.995592],[9.601473,52.001291],[9.598239,52.006857],[9.596491,52.008362],[9.59028,52.016267],[9.588776,52.017267],[9.581807,52.025841],[9.580568,52.029157],[9.577291,52.03277],[9.576957,52.03746],[9.574051,52.040287],[9.57083,52.041105],[9.567893,52.0441],[9.56286,52.044123],[9.553847,52.039815],[9.540924,52.037661],[9.53144,52.037242],[9.534252,52.035196],[9.533717,52.032952],[9.534931,52.028625],[9.537368,52.026274],[9.539056,52.022968],[9.536219,52.020707],[9.532453,52.019243],[9.528836,52.020133],[9.515092,52.01773],[9.50947,52.017901],[9.506754,52.018751],[9.507004,52.020651],[9.503105,52.020822],[9.500466,52.01907],[9.493462,52.018332],[9.490697,52.014361],[9.486949,52.015049],[9.485607,52.011835],[9.489649,52.010358],[9.489068,52.006708],[9.481819,52.003923],[9.482564,52.002083],[9.480375,52.000735],[9.474899,52.000518],[9.467514,52.001406],[9.466428,51.998278],[9.457298,51.995884],[9.456019,51.99384],[9.455173,51.989433],[9.448198,51.989219],[9.444168,51.983948],[9.43698,51.981689],[9.431392,51.982035],[9.426036,51.981177],[9.42114,51.983085],[9.416738,51.983127],[9.416049,51.981056],[9.411438,51.979983],[9.406354,51.977401],[9.395768,51.976299],[9.38646,51.977049],[9.384572,51.977974],[9.378173,51.9755],[9.367986,51.974174],[9.364024,51.972608],[9.360396,51.976878],[9.357998,51.977215],[9.351651,51.975253],[9.34837,51.974949],[9.345938,51.968552],[9.341445,51.966547],[9.342925,51.960178],[9.348484,51.959779],[9.351134,51.956611],[9.361205,51.954494],[9.363674,51.950142],[9.35974,51.948772],[9.360783,51.947139],[9.366787,51.943167],[9.361545,51.939792],[9.357364,51.938759],[9.353625,51.934473],[9.348486,51.933303],[9.344336,51.933293],[9.335566,51.934526],[9.326236,51.933593],[9.326,51.932444],[9.31442,51.930602],[9.307945,51.931113],[9.308893,51.928801],[9.308862,51.922962],[9.315183,51.922668],[9.318448,51.918416],[9.322984,51.917247],[9.332153,51.916957],[9.335312,51.912078],[9.340842,51.908002],[9.341278,51.902861],[9.342859,51.898486],[9.345153,51.89634],[9.343288,51.892471],[9.345219,51.889152],[9.342243,51.886101],[9.344327,51.880201],[9.340057,51.878315],[9.340329,51.875646],[9.339049,51.872269],[9.339202,51.869688],[9.337639,51.863141],[9.337786,51.860822],[9.335757,51.856052],[9.332498,51.854932],[9.323344,51.855061],[9.325974,51.853925],[9.3347,51.853611],[9.343815,51.857435],[9.348074,51.860814],[9.353138,51.862797],[9.3576,51.863335],[9.362866,51.864879],[9.366457,51.864778],[9.375142,51.863242],[9.378912,51.86119],[9.383668,51.861604],[9.392852,51.860358],[9.396307,51.858414],[9.402627,51.856229],[9.406563,51.85558],[9.413735,51.856617],[9.423531,51.855906],[9.431395,51.85692],[9.437367,51.856222],[9.443448,51.859614],[9.449088,51.85982],[9.452525,51.860793],[9.457169,51.860689],[9.45963,51.861727],[9.461421,51.85647],[9.459914,51.854361],[9.455738,51.8515],[9.445457,51.847549],[9.441188,51.844344],[9.434844,51.841733],[9.433086,51.839882],[9.435818,51.83548],[9.441246,51.831219],[9.436723,51.827814],[9.440521,51.824933],[9.436317,51.820946],[9.431719,51.818278],[9.431308,51.816557],[9.428054,51.814277],[9.42733,51.810492],[9.430547,51.810692],[9.430901,51.804883],[9.435897,51.80473],[9.440817,51.803452],[9.436367,51.797015],[9.448157,51.794799],[9.436592,51.789253],[9.436049,51.787035],[9.429772,51.784981],[9.42362,51.780122],[9.414428,51.773893],[9.413007,51.772054],[9.409551,51.771041],[9.407322,51.763571],[9.403136,51.761004],[9.402697,51.759372],[9.397108,51.757881],[9.390823,51.758173],[9.384336,51.757851],[9.384129,51.750912],[9.381111,51.748068],[9.37759,51.746253],[9.375365,51.743614],[9.376073,51.740778],[9.378878,51.738096],[9.381676,51.736827],[9.390138,51.734487],[9.394416,51.731971],[9.394754,51.729977],[9.387628,51.722731],[9.387204,51.719929],[9.389097,51.715925],[9.393385,51.711107],[9.397915,51.707667],[9.401228,51.704189],[9.401609,51.700954],[9.400571,51.698715],[9.397002,51.695684],[9.387858,51.690668],[9.386709,51.6891],[9.389319,51.684752],[9.393205,51.682496],[9.394971,51.680417],[9.395757,51.674727],[9.395106,51.672903],[9.391928,51.671488],[9.386412,51.670411],[9.381679,51.668108],[9.379039,51.66542],[9.37791,51.657392],[9.375938,51.653976],[9.374662,51.649846],[9.379581,51.649203],[9.382291,51.646646],[9.386312,51.646018],[9.401248,51.647328],[9.403849,51.648036],[9.417318,51.647269],[9.418773,51.648731],[9.4245,51.651195],[9.426793,51.650838],[9.437128,51.65353],[9.435571,51.659258],[9.436113,51.66305],[9.42837,51.661306],[9.427464,51.666652],[9.423938,51.666449],[9.423345,51.673119],[9.428803,51.674599],[9.433697,51.674696],[9.439633,51.677608],[9.440048,51.679915],[9.43711,51.681715],[9.439474,51.688142],[9.437374,51.690979],[9.440781,51.695742],[9.451413,51.699367],[9.46674,51.705717],[9.472834,51.709217],[9.479071,51.713398],[9.483664,51.715884],[9.489905,51.718297],[9.499042,51.7253],[9.50319,51.727719],[9.514497,51.73009],[9.520808,51.733829],[9.530765,51.736319],[9.538319,51.738951],[9.547989,51.740764],[9.557455,51.739913],[9.561066,51.745421],[9.564485,51.75538],[9.563527,51.759664],[9.561348,51.762723],[9.570127,51.765902],[9.572226,51.76823],[9.573483,51.772159],[9.580066,51.773065],[9.581359,51.775511],[9.580265,51.780838],[9.578494,51.785758],[9.579181,51.789787],[9.582593,51.792111],[9.586178,51.793336],[9.593324,51.797035],[9.601523,51.802771],[9.607167,51.806094],[9.616552,51.810937],[9.625677,51.814352],[9.629809,51.816686],[9.634446,51.816726],[9.640443,51.818534],[9.642877,51.818039],[9.646671,51.821593],[9.645993,51.826824],[9.642681,51.828337],[9.648275,51.830529],[9.652266,51.836117],[9.656155,51.836102],[9.657296,51.833079],[9.660032,51.832426],[9.668378,51.835691],[9.677027,51.838423],[9.682625,51.839667],[9.687954,51.846208],[9.688452,51.848433],[9.684492,51.849738],[9.68221,51.853878],[9.68608,51.856392],[9.68666,51.860212],[9.689938,51.861272],[9.70039,51.865904],[9.701192,51.867421],[9.705591,51.870605],[9.710109,51.872734],[9.705215,51.877532],[9.711203,51.880046],[9.718417,51.881497],[9.728071,51.880489],[9.738507,51.877939],[9.746384,51.87449],[9.748875,51.872401],[9.758455,51.866978],[9.764037,51.865803],[9.767826,51.866033],[9.776416,51.864106],[9.780519,51.865571],[9.784024,51.864458],[9.788325,51.86631],[9.795105,51.870435],[9.793716,51.871002],[9.798414,51.876365],[9.796727,51.877099],[9.802919,51.884029],[9.812833,51.884317],[9.8294,51.886277],[9.834402,51.888176],[9.838718,51.891304],[9.847983,51.894032],[9.848592,51.895263],[9.852876,51.896645],[9.859021,51.897047],[9.860322,51.898601],[9.867848,51.896552],[9.869568,51.898489],[9.873576,51.898123],[9.879803,51.90107],[9.878028,51.903162],[9.870742,51.907427],[9.872951,51.908566],[9.877132,51.906573],[9.881817,51.909079],[9.888766,51.904795],[9.893353,51.900556],[9.894811,51.900943],[9.892821,51.905078],[9.894896,51.906158]]]}},
{"type":"Feature","id":"DEU:ADM3:DE-NI.nienburg-weser","properties":{"shapeName":"Nienburg (Weser)","shapeISO":"","shapeGroup":"DEU","shapeType":"ADM3","adm1ISO":"DE-NI","parentISO":"DE-NI","parentID":"DEU:ADM1:DE-NI","src_shape_id":"24449704B58735187040715"},"geometry":{"type":"Polygon","coordinates":[[[8.703009,52.500438],[8.698549,52.486698],[8.708921,52.477516],[8.708644,52.473751],[8.710288,52.467605],[8.710312,52.460294],[8.70672,52.458061],[8.704722,52.455403],[8.704686,52.449291],[8.703291,52.444067],[8.705307,52.439302],[8.707202,52.437558],[8.713427,52.434628],[8.716646,52.432148],[8.718081,52.429363],[8.717068,52.425116],[8.709913,52.424101],[8.707526,52.422447],[8.704773,52.417289],[8.706253,52.416287],[8.705375,52.412942],[8.710902,52.408215],[8.708285,52.400808],[8.70994,52.398386],[8.707486,52.395351],[8.715236,52.392569],[8.71674,52.395288],[8.724914,52.400929],[8.7294,52.397937],[8.735006,52.395617],[8.737717,52.391371],[8.746087,52.387872],[8.774623,52.395599],[8.786784,52.398706],[8.795261,52.397756],[8.815253,52.394817],[8.855101,52.389234],[8.858377,52.39375],[8.861741,52.395035],[8.864159,52.394672],[8.86695,52.396252],[8.869663,52.394758],[8.868558,52.392664],[8.879483,52.395549],[8.88497,52.395172],[8.889183,52.395981],[8.892039,52.402274],[8.891675,52.405366],[8.896027,52.40609],[8.897715,52.401585],[8.903666,52.401913],[8.903105,52.40458],[8.921593,52.402795],[8.923821,52.40169],[8.932474,52.401242],[8.937105,52.401906],[8.935209,52.404643],[8.944139,52.408393],[8.947049,52.41613],[8.952622,52.415264],[8.957962,52.416161],[8.957421,52.418619],[8.961452,52.419123],[8.962946,52.422334],[8.962193,52.424996],[8.969187,52.427424],[8.980734,52.428425],[8.984754,52.432703],[8.982509,52.434699],[8.983292,52.439395],[8.985927,52.442882],[8.986727,52.445514],[8.985201,52.446957],[8.978418,52.450722],[8.987255,52.452033],[8.989461,52.451775],[8.997209,52.455437],[8.99892,52.457563],[9.012089,52.457311],[9.013149,52.459956],[9.017038,52.46017],[9.017904,52.463866],[9.016607,52.467329],[9.020085,52.469878],[9.02252,52.470186],[9.021599,52.473117],[9.02295,52.477262],[9.026515,52.479959],[9.033535,52.48107],[9.038287,52.479905],[9.044076,52.482646],[9.044825,52.484262],[9.041288,52.487489],[9.046756,52.492661],[9.046142,52.494282],[9.048803,52.495943],[9.052294,52.500114],[9.054179,52.500154],[9.065845,52.496201],[9.070106,52.498465],[9.07274,52.498661],[9.07825,52.497085],[9.085658,52.495839],[9.090493,52.495848],[9.095156,52.498112],[9.101462,52.493913],[9.107776,52.490812],[9.112376,52.485782],[9.131974,52.483983],[9.133552,52.481986],[9.136709,52.475546],[9.125853,52.476007],[9.123289,52.47461],[9.125618,52.468296],[9.11287,52.461898],[9.112588,52.460546],[9.105857,52.457275],[9.102923,52.456926],[9.09453,52.442824],[9.110523,52.435427],[9.112032,52.4328],[9.110908,52.428906],[9.112415,52.427543],[9.105215,52.427388],[9.105946,52.425183],[9.110357,52.423192],[9.112037,52.420803],[9.116036,52.421406],[9.123767,52.421548],[9.125252,52.411993],[9.158014,52.408139],[9.162054,52.410906],[9.169172,52.412433],[9.181191,52.412861],[9.188203,52.414666],[9.193506,52.413826],[9.199073,52.414423],[9.200825,52.415751],[9.208754,52.418708],[9.21471,52.422794],[9.217466,52.427155],[9.217882,52.4303],[9.223176,52.433914],[9.237943,52.43586],[9.243684,52.435399],[9.246797,52.436095],[9.253265,52.434746],[9.257526,52.436358],[9.256962,52.438447],[9.260476,52.440025],[9.272846,52.439774],[9.278559,52.440237],[9.272938,52.447724],[9.267179,52.451606],[9.272908,52.454741],[9.280143,52.457792],[9.277229,52.460381],[9.268454,52.463551],[9.259529,52.465793],[9.253317,52.464137],[9.244486,52.46685],[9.240739,52.468477],[9.24037,52.47055],[9.242397,52.475776],[9.251791,52.474303],[9.257445,52.472791],[9.258802,52.475851],[9.267446,52.476154],[9.265185,52.479316],[9.260615,52.488297],[9.262073,52.49036],[9.26623,52.490973],[9.263367,52.493012],[9.261545,52.501689],[9.262039,52.505645],[9.269115,52.50775],[9.268109,52.508945],[9.259588,52.508443],[9.257878,52.512191],[9.258154,52.514473],[9.255468,52.517497],[9.248721,52.517474],[9.238117,52.52897],[9.241498,52.530381],[9.248871,52.535431],[9.253678,52.536021],[9.259564,52.538825],[9.26023,52.540165],[9.263955,52.540941],[9.269974,52.544905],[9.277366,52.547362],[9.287451,52.548128],[9.292841,52.549443],[9.304982,52.550873],[9.316046,52.554142],[9.318465,52.555281],[9.329068,52.555112],[9.335592,52.553766],[9.336339,52.55568],[9.339561,52.557159],[9.346757,52.558514],[9.351619,52.555388],[9.359828,52.560119],[9.363697,52.559295],[9.368535,52.56095],[9.369959,52.566522],[9.373207,52.568898],[9.370591,52.571063],[9.365395,52.573908],[9.358234,52.574145],[9.354779,52.576054],[9.352579,52.575348],[9.344288,52.58012],[9.342785,52.58175],[9.345876,52.585141],[9.341561,52.587126],[9.342178,52.590082],[9.34761,52.591897],[9.341796,52.593615],[9.342562,52.602508],[9.350834,52.602345],[9.354328,52.606395],[9.356372,52.607609],[9.367566,52.610665],[9.38752,52.612724],[9.389179,52.615448],[9.389215,52.618214],[9.410283,52.61612],[9.423586,52.617865],[9.425286,52.617151],[9.428515,52.620633],[9.435606,52.621704],[9.438842,52.623617],[9.437072,52.624966],[9.437572,52.627408],[9.441354,52.630266],[9.441952,52.632807],[9.449503,52.633343],[9.450877,52.637573],[9.453343,52.637053],[9.458169,52.638028],[9.460371,52.640959],[9.465446,52.639117],[9.467417,52.641192],[9.471569,52.639729],[9.469826,52.63761],[9.478788,52.635255],[9.483236,52.633308],[9.490695,52.632315],[9.49497,52.634721],[9.497714,52.632458],[9.496912,52.629858],[9.509969,52.624605],[9.516879,52.622928],[9.522865,52.623242],[9.52001,52.626706],[9.530902,52.629493],[9.533565,52.631108],[9.534725,52.633332],[9.537841,52.645038],[9.535116,52.6561],[9.534659,52.660066],[9.524986,52.660322],[9.5245,52.662819],[9.517815,52.672486],[9.512021,52.672498],[9.510904,52.678912],[9.503935,52.679053],[9.507467,52.689878],[9.506901,52.693879],[9.509917,52.695732],[9.510684,52.700888],[9.507822,52.701098],[9.506835,52.704229],[9.504052,52.703513],[9.496468,52.703385],[9.481194,52.704994],[9.480722,52.724291],[9.48091,52.727061],[9.469754,52.728441],[9.461764,52.728085],[9.448139,52.7267],[9.440536,52.726894],[9.4356,52.725808],[9.423352,52.724548],[9.419429,52.724616],[9.41138,52.726371],[9.402356,52.731318],[9.40196,52.733496],[9.377881,52.733869],[9.369568,52.736093],[9.368025,52.730662],[9.34814,52.714819],[9.331935,52.714996],[9.322139,52.72089],[9.324904,52.722781],[9.334362,52.72444],[9.350347,52.725752],[9.344836,52.738484],[9.334815,52.739458],[9.331324,52.741019],[9.338368,52.744425],[9.340146,52.749529],[9.341837,52.750655],[9.338831,52.75389],[9.333487,52.754269],[9.328555,52.758385],[9.326477,52.756889],[9.32378,52.758005],[9.318843,52.757838],[9.317167,52.759439],[9.323056,52.761833],[9.323334,52.76457],[9.325602,52.767712],[9.32421,52.772951],[9.304395,52.774518],[9.306262,52.780984],[9.302273,52.780493],[9.301131,52.783575],[9.30548,52.788233],[9.303647,52.791858],[9.30375,52.795611],[9.305176,52.798611],[9.300214,52.798377],[9.297045,52.80111],[9.30147,52.806719],[9.306921,52.807627],[9.306963,52.811611],[9.301201,52.813078],[9.291134,52.81362],[9.29307,52.817517],[9.287835,52.816514],[9.269636,52.814736],[9.269839,52.811516],[9.274205,52.811872],[9.271141,52.805058],[9.250957,52.803071],[9.245937,52.805262],[9.242264,52.806009],[9.239059,52.811068],[9.236228,52.811181],[9.238937,52.819537],[9.241807,52.821267],[9.231739,52.822448],[9.225034,52.820267],[9.225153,52.818665],[9.221022,52.814728],[9.210612,52.814375],[9.209879,52.81559],[9.203367,52.813929],[9.201151,52.815614],[9.196518,52.81471],[9.192288,52.816067],[9.194244,52.819015],[9.195594,52.825096],[9.19683,52.827131],[9.200978,52.830216],[9.202072,52.833438],[9.199957,52.837755],[9.201371,52.840434],[9.204083,52.841772],[9.215624,52.843512],[9.220526,52.846586],[9.219057,52.84948],[9.212198,52.851413],[9.20439,52.851881],[9.20117,52.853131],[9.197224,52.856372],[9.190233,52.854846],[9.186183,52.854632],[9.181697,52.855996],[9.180354,52.860193],[9.183624,52.862608],[9.19067,52.863612],[9.198492,52.862738],[9.201853,52.863417],[9.205598,52.867097],[9.2112,52.8715],[9.210876,52.8745],[9.208062,52.876622],[9.200921,52.877426],[9.196691,52.879522],[9.195214,52.882003],[9.189939,52.88396],[9.183107,52.884282],[9.176853,52.886624],[9.175885,52.892171],[9.170177,52.900084],[9.170598,52.905403],[9.166783,52.909534],[9.164605,52.907369],[9.160261,52.906908],[9.164254,52.901728],[9.167621,52.899611],[9.165851,52.89759],[9.161399,52.895789],[9.162257,52.893973],[9.15638,52.894106],[9.152472,52.893404],[9.148429,52.894962],[9.13942,52.89683],[9.139401,52.894546],[9.130774,52.895967],[9.115997,52.896953],[9.115283,52.892206],[9.111441,52.890957],[9.107039,52.88664],[9.107755,52.881419],[9.102643,52.880443],[9.109694,52.863142],[9.096983,52.861476],[9.093354,52.858305],[9.093685,52.853462],[9.089693,52.852962],[9.079031,52.849277],[9.078059,52.850687],[9.073902,52.849164],[9.071403,52.851109],[9.064881,52.852794],[9.064094,52.850871],[9.057096,52.852873],[9.05596,52.85009],[9.058565,52.849426],[9.053871,52.841813],[9.047876,52.843407],[9.045768,52.841574],[9.038716,52.843558],[9.035918,52.841583],[9.034423,52.838655],[9.041948,52.836461],[9.048267,52.833903],[9.047586,52.830626],[9.057025,52.827394],[9.060478,52.82426],[9.054446,52.820286],[9.059408,52.820606],[9.057999,52.817379],[9.052613,52.816856],[9.053131,52.81554],[9.048177,52.814968],[9.044368,52.815696],[9.043018,52.817946],[9.036679,52.817528],[9.045556,52.811142],[9.052349,52.808993],[9.05501,52.807469],[9.066132,52.807259],[9.067429,52.803857],[9.060371,52.800356],[9.061552,52.796989],[9.054734,52.795397],[9.055616,52.792581],[9.046129,52.788637],[9.047038,52.784829],[9.05214,52.783451],[9.050901,52.780676],[9.058314,52.779574],[9.057845,52.774643],[9.063485,52.773735],[9.061039,52.769932],[9.060952,52.763473],[9.062314,52.761395],[9.056473,52.761279],[9.05411,52.76037],[9.055672,52.755003],[9.058661,52.754285],[9.057212,52.749392],[9.055536,52.747237],[9.058197,52.7422],[9.058047,52.739783],[9.0517,52.733931],[9.053077,52.731805],[9.05157,52.72879],[9.048924,52.72824],[9.045191,52.725065],[9.043765,52.721628],[9.04037,52.721182],[9.037777,52.719124],[9.032193,52.717205],[9.022507,52.71623],[9.015442,52.716273],[9.008487,52.711323],[9.009649,52.708391],[9.015526,52.706224],[9.014822,52.703435],[9.022015,52.700628],[9.019876,52.697707],[9.023784,52.69517],[9.025718,52.696252],[9.028814,52.694335],[9.029898,52.692333],[9.025716,52.686841],[9.017715,52.684406],[9.01914,52.680432],[9.017631,52.678087],[9.019598,52.67246],[9.017221,52.672051],[9.01899,52.666056],[9.014347,52.66644],[9.013766,52.663736],[9.010407,52.663999],[9.004394,52.651875],[8.993292,52.656257],[8.989396,52.653897],[8.986025,52.658195],[8.977315,52.652689],[8.979988,52.649716],[8.971206,52.644139],[8.967424,52.650649],[8.954172,52.642204],[8.951953,52.644151],[8.946106,52.642989],[8.939479,52.639517],[8.935587,52.638943],[8.936722,52.636087],[8.934002,52.634819],[8.932855,52.630847],[8.925711,52.632013],[8.908089,52.630493],[8.89307,52.629497],[8.883093,52.630809],[8.881542,52.627622],[8.876707,52.622166],[8.87286,52.622444],[8.87274,52.614488],[8.875471,52.610138],[8.870562,52.610398],[8.873399,52.606523],[8.883714,52.601939],[8.901239,52.597745],[8.898761,52.593038],[8.89688,52.571293],[8.898857,52.562269],[8.900053,52.558779],[8.89367,52.552948],[8.887555,52.551855],[8.885113,52.554217],[8.881737,52.555848],[8.872399,52.554791],[8.872777,52.552934],[8.868645,52.552536],[8.870653,52.549658],[8.864609,52.54829],[8.863416,52.550253],[8.855722,52.54865],[8.857459,52.545677],[8.860254,52.543419],[8.855335,52.540869],[8.860271,52.536593],[8.852305,52.532244],[8.844285,52.54152],[8.839243,52.545795],[8.825728,52.542355],[8.829047,52.537094],[8.82894,52.535812],[8.815118,52.537326],[8.813514,52.530456],[8.775469,52.533061],[8.775942,52.537066],[8.771202,52.537041],[8.769574,52.535066],[8.772242,52.525702],[8.773684,52.524634],[8.768167,52.520858],[8.751617,52.522472],[8.750135,52.526487],[8.745339,52.525769],[8.739153,52.519746],[8.74249,52.518224],[8.733296,52.509512],[8.731792,52.512635],[8.725127,52.508915],[8.703009,52.500438]]]}},
{"type":"Feature","id":"DEU:ADM3:DE-NI.schaumburg","properties":{"shapeName":"Schaumburg","shapeISO":"","shapeGroup":"DEU","shapeType":"ADM3","adm1ISO":"DE-NI","parentISO":"DE-NI","parentID":"DEU:ADM1:DE-NI","src_shape_id":"24449704B14747762571645"},"geometry":{"type":"Polygon","coordinates":[[[9.44831,52.27432],[9.441728,52.274856],[9.440445,52.273918],[9.434454,52.277364],[9.427017,52.279303],[9.422674,52.281855],[9.421686,52.283312],[9.414813,52.287981],[9.412921,52.290986],[9.41405,52.29347],[9.408952,52.296806],[9.408562,52.300193],[9.410202,52.302124],[9.408798,52.304999],[9.410795,52.310989],[9.410581,52.313173],[9.407808,52.314947],[9.407393,52.321077],[9.404775,52.321273],[9.398477,52.333426],[9.403416,52.335028],[9.406627,52.335219],[9.410017,52.337714],[9.413984,52.33516],[9.421201,52.34099],[9.425132,52.347313],[9.43135,52.353907],[9.42753,52.356844],[9.435149,52.364096],[9.428819,52.363967],[9.427299,52.362398],[9.422451,52.362656],[9.426842,52.367303],[9.424149,52.371646],[9.419778,52.381116],[9.415682,52.391498],[9.420698,52.391975],[9.418076,52.39402],[9.41722,52.397232],[9.413544,52.401481],[9.410968,52.403005],[9.410764,52.404818],[9.404323,52.405381],[9.399928,52.406735],[9.383108,52.398431],[9.375242,52.395444],[9.378815,52.394272],[9.37898,52.391755],[9.353628,52.390558],[9.353785,52.388699],[9.350785,52.387648],[9.352747,52.383898],[9.341095,52.384082],[9.336476,52.385953],[9.333377,52.385601],[9.333022,52.387849],[9.327646,52.387632],[9.330183,52.385402],[9.324982,52.383284],[9.323508,52.386512],[9.321676,52.387159],[9.317798,52.39152],[9.319334,52.394976],[9.317884,52.396866],[9.319398,52.399951],[9.319696,52.403428],[9.324529,52.406804],[9.328994,52.407969],[9.331782,52.412656],[9.335092,52.41258],[9.335733,52.414804],[9.343464,52.417578],[9.346119,52.419381],[9.344252,52.420589],[9.349072,52.422404],[9.355082,52.421759],[9.361837,52.423729],[9.366811,52.424352],[9.368449,52.426446],[9.364796,52.430666],[9.365116,52.433143],[9.36842,52.433417],[9.368654,52.435847],[9.376009,52.434774],[9.39277,52.432987],[9.393436,52.434045],[9.382776,52.436468],[9.378708,52.435725],[9.376922,52.43839],[9.374361,52.440016],[9.368816,52.43875],[9.366391,52.439972],[9.361938,52.438856],[9.357885,52.439069],[9.358021,52.437294],[9.349455,52.441943],[9.346438,52.444226],[9.339696,52.442332],[9.338658,52.443971],[9.318041,52.440442],[9.310608,52.441035],[9.308321,52.439679],[9.299868,52.437555],[9.295115,52.437553],[9.284874,52.438547],[9.283686,52.440886],[9.273919,52.453861],[9.272908,52.454741],[9.267179,52.451606],[9.272938,52.447724],[9.278559,52.440237],[9.272846,52.439774],[9.260476,52.440025],[9.256962,52.438447],[9.257526,52.436358],[9.253265,52.434746],[9.246797,52.436095],[9.243684,52.435399],[9.237943,52.43586],[9.223176,52.433914],[9.217882,52.4303],[9.217466,52.427155],[9.21471,52.422794],[9.208754,52.418708],[9.200825,52.415751],[9.199073,52.414423],[9.193506,52.413826],[9.188203,52.414666],[9.181191,52.412861],[9.169172,52.412433],[9.162054,52.410906],[9.158014,52.408139],[9.125252,52.411993],[9.123847,52.405457],[9.121596,52.401662],[9.117432,52.397147],[9.112374,52.39766],[9.112321,52.395252],[9.107038,52.391672],[9.100184,52.388912],[9.099158,52.387283],[9.095461,52.386662],[9.09518,52.385029],[9.098823,52.383472],[9.096498,52.381674],[9.100721,52.380625],[9.098353,52.376424],[9.098799,52.372948],[9.09787,52.371424],[9.091652,52.368403],[9.088927,52.366284],[9.088339,52.363938],[9.085201,52.359997],[9.085912,52.357469],[9.08366,52.354789],[9.077543,52.35406],[9.072541,52.348253],[9.059175,52.346861],[9.057768,52.344487],[9.059221,52.341752],[9.057925,52.339577],[9.047306,52.340529],[9.039758,52.341798],[9.033647,52.344609],[9.027357,52.345611],[9.02551,52.342809],[9.025306,52.33695],[9.018908,52.330988],[9.016217,52.331999],[9.009577,52.331215],[9.007703,52.325722],[8.998321,52.326215],[8.997185,52.319881],[8.997772,52.318417],[8.991036,52.31476],[8.989751,52.308973],[8.990109,52.306171],[8.98912,52.300212],[8.98528,52.295729],[8.985315,52.293381],[8.988077,52.287569],[8.982986,52.284104],[8.978742,52.282448],[8.963537,52.279027],[8.967936,52.276998],[8.972107,52.273453],[8.978691,52.274478],[8.977873,52.270927],[8.972775,52.265542],[8.972735,52.263689],[8.980119,52.261255],[9.004221,52.257493],[9.005998,52.256282],[9.006508,52.252844],[9.009279,52.252926],[9.024986,52.251214],[9.027337,52.250123],[9.03297,52.249526],[9.039668,52.245526],[9.04408,52.244675],[9.049444,52.241766],[9.053119,52.240515],[9.058008,52.23747],[9.062934,52.236909],[9.066902,52.235607],[9.07645,52.233768],[9.074153,52.229171],[9.069888,52.226788],[9.066151,52.226077],[9.058264,52.22209],[9.051748,52.220213],[9.046903,52.221027],[9.042429,52.226217],[9.036436,52.225352],[9.034065,52.21764],[9.038747,52.215953],[9.045856,52.210785],[9.046101,52.207703],[9.043405,52.204144],[9.045013,52.199656],[9.048524,52.19566],[9.043086,52.19043],[9.045349,52.183773],[9.040344,52.184666],[9.026868,52.184591],[9.021111,52.183836],[9.018244,52.186014],[9.017469,52.189117],[9.019638,52.192175],[9.01359,52.195375],[9.010543,52.191433],[9.007952,52.189655],[9.001152,52.190362],[8.998137,52.192105],[8.996052,52.194922],[8.991688,52.196288],[8.985834,52.194599],[8.993836,52.191843],[8.992866,52.189061],[8.996273,52.185649],[9.001046,52.187796],[9.001332,52.183158],[9.005297,52.181249],[9.008416,52.180917],[9.007812,52.178372],[9.012423,52.177908],[9.011816,52.172973],[9.017396,52.171933],[9.021603,52.171999],[9.020054,52.167864],[9.01619,52.169246],[9.012669,52.162411],[9.014021,52.156886],[9.01731,52.156063],[9.017539,52.147744],[9.011489,52.139617],[9.011016,52.13577],[9.017792,52.132427],[9.021084,52.134141],[9.029634,52.137359],[9.032716,52.137892],[9.036256,52.140076],[9.039944,52.13861],[9.044386,52.1396],[9.04399,52.141475],[9.051393,52.145901],[9.053366,52.148228],[9.063024,52.148469],[9.071615,52.148259],[9.071043,52.142297],[9.067803,52.140252],[9.081783,52.141102],[9.084912,52.137361],[9.094024,52.134895],[9.095619,52.136885],[9.098922,52.135817],[9.09914,52.133021],[9.103838,52.133337],[9.107039,52.132385],[9.112443,52.134949],[9.116078,52.138446],[9.119279,52.138006],[9.1277,52.138499],[9.129082,52.13533],[9.14184,52.135503],[9.144705,52.13491],[9.151503,52.129126],[9.153344,52.129147],[9.156798,52.125065],[9.155723,52.122858],[9.159335,52.11984],[9.155845,52.11434],[9.149818,52.113103],[9.146204,52.113242],[9.144517,52.111514],[9.146924,52.109202],[9.14059,52.108005],[9.135863,52.105837],[9.136354,52.099726],[9.132923,52.097734],[9.134648,52.094281],[9.14385,52.099658],[9.14831,52.099502],[9.150779,52.098009],[9.155605,52.09783],[9.159415,52.097435],[9.161928,52.098342],[9.165529,52.102546],[9.165997,52.107102],[9.164536,52.109004],[9.16655,52.113543],[9.171512,52.116243],[9.177351,52.117954],[9.184656,52.119161],[9.185884,52.132577],[9.182309,52.131377],[9.177039,52.13211],[9.176293,52.134065],[9.170685,52.133656],[9.17134,52.13585],[9.174595,52.138197],[9.168558,52.139458],[9.16353,52.13814],[9.160202,52.140433],[9.165172,52.141545],[9.16193,52.144616],[9.165183,52.145517],[9.181983,52.138048],[9.185972,52.137253],[9.190278,52.141378],[9.194756,52.142246],[9.18751,52.146465],[9.184719,52.1503],[9.178393,52.153938],[9.176039,52.157818],[9.170123,52.161813],[9.174464,52.167615],[9.173143,52.169778],[9.168922,52.169542],[9.163064,52.171716],[9.160889,52.173995],[9.159842,52.17822],[9.155301,52.181822],[9.157729,52.185339],[9.160344,52.185962],[9.162148,52.189293],[9.169848,52.189938],[9.170845,52.186223],[9.18258,52.184502],[9.184993,52.186213],[9.1913,52.188002],[9.193684,52.19178],[9.198785,52.189493],[9.201839,52.192729],[9.205987,52.191978],[9.207227,52.193862],[9.217361,52.195862],[9.219586,52.198172],[9.221963,52.197738],[9.223548,52.202783],[9.23461,52.203452],[9.234998,52.200655],[9.24017,52.201537],[9.246883,52.20193],[9.242596,52.20702],[9.247775,52.207653],[9.248482,52.210665],[9.252939,52.209095],[9.260744,52.215272],[9.267187,52.215825],[9.27171,52.215349],[9.274306,52.214186],[9.281015,52.214729],[9.283071,52.216761],[9.281463,52.219486],[9.286067,52.220711],[9.287187,52.219798],[9.292228,52.220719],[9.295195,52.219402],[9.297348,52.220843],[9.303328,52.218274],[9.312648,52.217994],[9.312607,52.216156],[9.317266,52.216821],[9.322211,52.214544],[9.324701,52.212283],[9.334974,52.216306],[9.34012,52.222325],[9.340312,52.225353],[9.350226,52.229048],[9.354829,52.229241],[9.354319,52.225209],[9.355556,52.223409],[9.36232,52.219294],[9.367765,52.220836],[9.368613,52.223035],[9.372674,52.226292],[9.372939,52.228816],[9.371464,52.231825],[9.376534,52.233148],[9.379452,52.232066],[9.380648,52.236653],[9.383069,52.241905],[9.38938,52.241496],[9.392806,52.242203],[9.390617,52.245421],[9.393491,52.249531],[9.400568,52.249746],[9.409352,52.248741],[9.409569,52.250014],[9.414974,52.249725],[9.420983,52.252624],[9.422098,52.255045],[9.4312,52.25751],[9.435204,52.257429],[9.43618,52.258922],[9.440833,52.259889],[9.440636,52.263279],[9.444131,52.265725],[9.443924,52.267617],[9.44831,52.27432]]]}},
{"type":"Feature","id":"DEU:ADM3:DE-NI.region-hannover","properties":{"shapeName":"Region Hannover","shapeISO":"","shapeGroup":"DEU","shapeType":"ADM3","adm1ISO":"DE-NI","parentISO":"DE-NI","parentID":"DEU:ADM1:DE-NI","src_shape_id":"24449704B56583571101803"},"geometry":{"type":"Polygon","coordinates":[[[10.273742,52.51064],[10.272175,52.508776],[10.270697,52.503782],[10.267628,52.501564],[10.26776,52.496159],[10.270928,52.495276],[10.270541,52.492439],[10.267358,52.488308],[10.264219,52.49025],[10.259906,52.488961],[10.254923,52.493104],[10.252387,52.490994],[10.248269,52.492292],[10.246682,52.491059],[10.239795,52.495907],[10.236359,52.494522],[10.232442,52.496333],[10.223415,52.498378],[10.215811,52.500755],[10.219361,52.504748],[10.208223,52.506451],[10.201374,52.509902],[10.199229,52.507348],[10.188706,52.511209],[10.185685,52.509724],[10.177794,52.513428],[10.171728,52.50413],[10.167553,52.504298],[10.1654,52.502115],[10.156206,52.50524],[10.145208,52.50036],[10.141798,52.498021],[10.134598,52.498976],[10.130901,52.50431],[10.121263,52.508926],[10.117354,52.510126],[10.112635,52.510272],[10.111841,52.507194],[10.103512,52.510349],[10.093786,52.516707],[10.092722,52.522175],[10.084459,52.523787],[10.080785,52.52569],[10.078261,52.529264],[10.077946,52.53376],[10.07682,52.537253],[10.063598,52.537791],[10.046059,52.536608],[10.041868,52.533752],[10.040957,52.536219],[10.033758,52.540747],[10.030662,52.539066],[10.025338,52.539117],[10.021772,52.537386],[10.014377,52.538022],[9.999025,52.536619],[9.991721,52.536894],[9.987377,52.536309],[9.988709,52.540076],[9.992116,52.5394],[9.994928,52.544399],[9.966831,52.550177],[9.965343,52.553758],[9.980025,52.561874],[9.984174,52.56233],[9.984932,52.565801],[9.982591,52.566853],[9.985653,52.572272],[9.991443,52.571364],[9.990115,52.575432],[9.9904,52.578465],[9.98315,52.577991],[9.982307,52.580614],[9.977479,52.578953],[9.979134,52.57731],[9.97404,52.57679],[9.966858,52.578203],[9.968844,52.580251],[9.970504,52.585207],[9.967787,52.587651],[9.966738,52.590257],[9.957564,52.590536],[9.95504,52.589935],[9.951653,52.590871],[9.952575,52.58705],[9.945767,52.58757],[9.937841,52.589102],[9.936321,52.590226],[9.923013,52.59171],[9.91246,52.592451],[9.907435,52.597282],[9.900446,52.593351],[9.895952,52.593574],[9.896291,52.59599],[9.88198,52.590611],[9.87685,52.590723],[9.881237,52.59877],[9.889019,52.603225],[9.884644,52.603469],[9.883519,52.604857],[9.878113,52.605252],[9.865892,52.604652],[9.856043,52.603422],[9.847646,52.607981],[9.838109,52.597429],[9.830884,52.595657],[9.824384,52.597008],[9.82535,52.600504],[9.836135,52.604772],[9.835407,52.605549],[9.828269,52.606795],[9.824888,52.604278],[9.81506,52.604738],[9.814937,52.606352],[9.80424,52.60698],[9.805859,52.608602],[9.800082,52.609932],[9.802111,52.614588],[9.791653,52.619208],[9.784995,52.621616],[9.775031,52.622569],[9.768158,52.629531],[9.763123,52.629473],[9.746455,52.631803],[9.740517,52.63123],[9.734624,52.638303],[9.728261,52.633765],[9.715491,52.634541],[9.713219,52.632533],[9.713034,52.623788],[9.706508,52.620748],[9.709298,52.616147],[9.711566,52.614324],[9.707319,52.613535],[9.707094,52.610797],[9.709478,52.610141],[9.706369,52.60706],[9.705366,52.604152],[9.7033,52.602034],[9.698896,52.600182],[9.694792,52.599856],[9.694116,52.601426],[9.682564,52.600563],[9.677389,52.601504],[9.676641,52.59969],[9.669669,52.601178],[9.667324,52.600226],[9.658963,52.601895],[9.652292,52.605491],[9.650891,52.607194],[9.643791,52.605887],[9.642547,52.607598],[9.646223,52.608496],[9.638721,52.620768],[9.640561,52.622685],[9.635106,52.625787],[9.641175,52.633721],[9.646022,52.633765],[9.657894,52.632778],[9.662448,52.633511],[9.639931,52.635349],[9.63528,52.638185],[9.626608,52.639435],[9.621709,52.638991],[9.619423,52.641877],[9.620725,52.645289],[9.614272,52.647169],[9.610461,52.646022],[9.607109,52.647378],[9.600113,52.647088],[9.600721,52.6499],[9.603007,52.652986],[9.602097,52.655406],[9.594997,52.65828],[9.591333,52.657586],[9.589826,52.660478],[9.595009,52.66154],[9.595425,52.663144],[9.592785,52.664391],[9.587752,52.663789],[9.585311,52.665215],[9.586721,52.66703],[9.586003,52.669483],[9.587361,52.673869],[9.589947,52.674408],[9.587639,52.677047],[9.570107,52.676486],[9.5687,52.675144],[9.548318,52.672415],[9.548035,52.670918],[9.544402,52.670593],[9.539579,52.671311],[9.541031,52.668257],[9.537324,52.667691],[9.537872,52.665664],[9.541771,52.666078],[9.542634,52.663523],[9.538731,52.663125],[9.537945,52.664903],[9.534115,52.664523],[9.534659,52.660066],[9.535116,52.6561],[9.537841,52.645038],[9.534725,52.633332],[9.533565,52.631108],[9.530902,52.629493],[9.52001,52.626706],[9.522865,52.623242],[9.516879,52.622928],[9.509969,52.624605],[9.496912,52.629858],[9.497714,52.632458],[9.49497,52.634721],[9.490695,52.632315],[9.483236,52.633308],[9.478788,52.635255],[9.469826,52.63761],[9.471569,52.639729],[9.467417,52.641192],[9.465446,52.639117],[9.460371,52.640959],[9.458169,52.638028],[9.453343,52.637053],[9.450877,52.637573],[9.449503,52.633343],[9.441952,52.632807],[9.441354,52.630266],[9.437572,52.627408],[9.437072,52.624966],[9.438842,52.623617],[9.435606,52.621704],[9.428515,52.620633],[9.425286,52.617151],[9.423586,52.617865],[9.410283,52.61612],[9.389215,52.618214],[9.389179,52.615448],[9.38752,52.612724],[9.367566,52.610665],[9.356372,52.607609],[9.354328,52.606395],[9.350834,52.602345],[9.342562,52.602508],[9.341796,52.593615],[9.34761,52.591897],[9.342178,52.590082],[9.341561,52.587126],[9.345876,52.585141],[9.342785,52.58175],[9.344288,52.58012],[9.352579,52.575348],[9.354779,52.576054],[9.358234,52.574145],[9.365395,52.573908],[9.370591,52.571063],[9.373207,52.568898],[9.369959,52.566522],[9.368535,52.56095],[9.363697,52.559295],[9.359828,52.560119],[9.351619,52.555388],[9.346757,52.558514],[9.339561,52.557159],[9.336339,52.55568],[9.335592,52.553766],[9.329068,52.555112],[9.318465,52.555281],[9.316046,52.554142],[9.304982,52.550873],[9.292841,52.549443],[9.287451,52.548128],[9.277366,52.547362],[9.269974,52.544905],[9.263955,52.540941],[9.26023,52.540165],[9.259564,52.538825],[9.253678,52.536021],[9.248871,52.535431],[9.241498,52.530381],[9.238117,52.52897],[9.248721,52.517474],[9.255468,52.517497],[9.258154,52.514473],[9.257878,52.512191],[9.259588,52.508443],[9.268109,52.508945],[9.269115,52.50775],[9.262039,52.505645],[9.261545,52.501689],[9.263367,52.493012],[9.26623,52.490973],[9.262073,52.49036],[9.260615,52.488297],[9.265185,52.479316],[9.267446,52.476154],[9.258802,52.475851],[9.257445,52.472791],[9.251791,52.474303],[9.242397,52.475776],[9.24037,52.47055],[9.240739,52.468477],[9.244486,52.46685],[9.253317,52.464137],[9.259529,52.465793],[9.268454,52.463551],[9.277229,52.460381],[9.280143,52.457792],[9.272908,52.454741],[9.273919,52.453861],[9.283686,52.440886],[9.284874,52.438547],[9.295115,52.437553],[9.299868,52.437555],[9.308321,52.439679],[9.310608,52.441035],[9.318041,52.440442],[9.338658,52.443971],[9.339696,52.442332],[9.346438,52.444226],[9.349455,52.441943],[9.358021,52.437294],[9.357885,52.439069],[9.361938,52.438856],[9.366391,52.439972],[9.368816,52.43875],[9.374361,52.440016],[9.376922,52.43839],[9.378708,52.435725],[9.382776,52.436468],[9.393436,52.434045],[9.39277,52.432987],[9.376009,52.434774],[9.368654,52.435847],[9.36842,52.433417],[9.365116,52.433143],[9.364796,52.430666],[9.368449,52.426446],[9.366811,52.424352],[9.361837,52.423729],[9.355082,52.421759],[9.349072,52.422404],[9.344252,52.420589],[9.346119,52.419381],[9.343464,52.417578],[9.335733,52.414804],[9.335092,52.41258],[9.331782,52.412656],[9.328994,52.407969],[9.324529,52.406804],[9.319696,52.403428],[9.319398,52.399951],[9.317884,52.396866],[9.319334,52.394976],[9.317798,52.39152],[9.321676,52.387159],[9.323508,52.386512],[9.324982,52.383284],[9.330183,52.385402],[9.327646,52.387632],[9.333022,52.387849],[9.333377,52.385601],[9.336476,52.385953],[9.341095,52.384082],[9.352747,52.383898],[9.350785,52.387648],[9.353785,52.388699],[9.353628,52.390558],[9.37898,52.391755],[9.378815,52.394272],[9.375242,52.395444],[9.383108,52.398431],[9.399928,52.406735],[9.404323,52.405381],[9.410764,52.404818],[9.410968,52.403005],[9.413544,52.401481],[9.41722,52.397232],[9.418076,52.39402],[9.420698,52.391975],[9.415682,52.391498],[9.419778,52.381116],[9.424149,52.371646],[9.426842,52.367303],[9.422451,52.362656],[9.427299,52.362398],[9.428819,52.363967],[9.435149,52.364096],[9.42753,52.356844],[9.43135,52.353907],[9.425132,52.347313],[9.421201,52.34099],[9.413984,52.33516],[9.410017,52.337714],[9.406627,52.335219],[9.403416,52.335028],[9.398477,52.333426],[9.404775,52.321273],[9.407393,52.321077],[9.407808,52.314947],[9.410581,52.313173],[9.410795,52.310989],[9.408798,52.304999],[9.410202,52.302124],[9.408562,52.300193],[9.408952,52.296806],[9.41405,52.29347],[9.412921,52.290986],[9.414813,52.287981],[9.421686,52.283312],[9.422674,52.281855],[9.427017,52.279303],[9.434454,52.277364],[9.440445,52.273918],[9.441728,52.274856],[9.44831,52.27432],[9.453184,52.270601],[9.468627,52.265333],[9.470625,52.262829],[9.46756,52.259052],[9.465086,52.258248],[9.463915,52.255619],[9.467206,52.253242],[9.471383,52.251424],[9.474219,52.247902],[9.478273,52.246192],[9.487772,52.245418],[9.490718,52.242868],[9.489831,52.240957],[9.496726,52.239457],[9.49709,52.236924],[9.507487,52.221791],[9.503558,52.222631],[9.50714,52.213594],[9.516411,52.212168],[9.515357,52.209479],[9.512439,52.207],[9.507217,52.204798],[9.500602,52.206693],[9.497548,52.208323],[9.492058,52.209667],[9.491543,52.208559],[9.497296,52.206731],[9.499738,52.205163],[9.499001,52.200277],[9.501414,52.199082],[9.507005,52.198454],[9.504859,52.190863],[9.505514,52.189015],[9.501493,52.18452],[9.498746,52.184015],[9.494035,52.17845],[9.496103,52.176823],[9.496122,52.173416],[9.494263,52.172778],[9.496638,52.166756],[9.500702,52.167677],[9.504423,52.161161],[9.51139,52.16252],[9.514152,52.159358],[9.515984,52.161226],[9.522181,52.160053],[9.530594,52.160626],[9.535778,52.163078],[9.545624,52.16644],[9.556398,52.16747],[9.564161,52.164824],[9.567303,52.162168],[9.572423,52.159284],[9.578617,52.153863],[9.582648,52.15268],[9.589817,52.148492],[9.593638,52.148079],[9.595626,52.144314],[9.599015,52.144637],[9.604938,52.139941],[9.61383,52.138954],[9.613586,52.135057],[9.623245,52.133017],[9.628812,52.131133],[9.636094,52.133028],[9.646605,52.132807],[9.647481,52.13132],[9.657859,52.132068],[9.660968,52.133124],[9.666597,52.132255],[9.671477,52.128358],[9.673597,52.128957],[9.671819,52.132097],[9.677613,52.133303],[9.681267,52.133328],[9.693513,52.135957],[9.691,52.140761],[9.693112,52.140862],[9.69204,52.144869],[9.698542,52.146119],[9.704922,52.14967],[9.704006,52.151877],[9.712096,52.154215],[9.719836,52.157333],[9.726595,52.168342],[9.727028,52.170681],[9.722608,52.172337],[9.716146,52.17278],[9.711212,52.175563],[9.70832,52.17611],[9.707531,52.177902],[9.702554,52.179823],[9.698921,52.184354],[9.692871,52.18579],[9.693632,52.186753],[9.685576,52.189513],[9.687083,52.191979],[9.691637,52.195269],[9.695581,52.19639],[9.6957,52.197904],[9.701353,52.198519],[9.71397,52.197985],[9.71562,52.19869],[9.722399,52.198445],[9.72806,52.199388],[9.738338,52.198176],[9.73671,52.193034],[9.736704,52.189931],[9.738742,52.189692],[9.738848,52.186877],[9.744247,52.186948],[9.744168,52.181173],[9.749899,52.18057],[9.748832,52.177847],[9.759017,52.176858],[9.760916,52.174387],[9.76417,52.174012],[9.763492,52.170009],[9.769609,52.170474],[9.774699,52.173011],[9.781773,52.173601],[9.784305,52.175044],[9.781293,52.177273],[9.777193,52.178444],[9.781281,52.182618],[9.779325,52.183891],[9.782319,52.187335],[9.781701,52.190782],[9.788257,52.191307],[9.789354,52.193431],[9.795702,52.191543],[9.796531,52.188139],[9.805218,52.187646],[9.802537,52.189485],[9.803481,52.193919],[9.802328,52.197482],[9.805192,52.200558],[9.802904,52.201911],[9.803916,52.205542],[9.810368,52.208745],[9.810737,52.212274],[9.816059,52.211917],[9.818844,52.213624],[9.813956,52.21445],[9.814687,52.218403],[9.81616,52.219725],[9.816706,52.222855],[9.815696,52.225562],[9.81802,52.228442],[9.800729,52.229871],[9.799591,52.2349],[9.788081,52.233513],[9.790049,52.225794],[9.787653,52.226077],[9.785964,52.23337],[9.768963,52.231364],[9.768988,52.233433],[9.776564,52.235116],[9.777403,52.237567],[9.775923,52.239438],[9.780825,52.24168],[9.784314,52.24245],[9.790523,52.2427],[9.791398,52.25134],[9.806537,52.255126],[9.820498,52.259841],[9.828182,52.262138],[9.826374,52.26518],[9.831836,52.265651],[9.833691,52.262358],[9.837795,52.262381],[9.840113,52.265634],[9.844491,52.265513],[9.856592,52.266135],[9.872336,52.270392],[9.875519,52.26601],[9.876342,52.262705],[9.880585,52.263266],[9.888389,52.262839],[9.888403,52.261804],[9.899751,52.26161],[9.902163,52.265454],[9.905829,52.265355],[9.905917,52.267604],[9.912093,52.267239],[9.910161,52.272599],[9.916457,52.272117],[9.912771,52.280657],[9.919828,52.280253],[9.91974,52.28137],[9.928198,52.280954],[9.934829,52.281682],[9.937349,52.282749],[9.942844,52.281092],[9.944301,52.282727],[9.949689,52.282569],[9.950702,52.28428],[9.955322,52.284029],[9.955447,52.285659],[9.969433,52.284725],[9.97166,52.285711],[9.972437,52.290706],[9.971916,52.293861],[9.985786,52.292891],[9.98488,52.291046],[9.998114,52.289992],[10.003528,52.296884],[10.006454,52.295493],[10.004493,52.293964],[10.004564,52.290027],[10.001082,52.288059],[9.99715,52.287301],[9.99637,52.283717],[10.003907,52.282055],[10.010955,52.281425],[10.017924,52.279844],[10.023442,52.282058],[10.03075,52.282469],[10.034468,52.283766],[10.03412,52.291465],[10.040443,52.29367],[10.061528,52.29492],[10.061115,52.30137],[10.070056,52.304146],[10.070577,52.298408],[10.075316,52.300158],[10.079685,52.306666],[10.077523,52.307742],[10.080328,52.311607],[10.079643,52.320171],[10.082068,52.324256],[10.078133,52.333229],[10.083083,52.336427],[10.083758,52.339159],[10.096666,52.34194],[10.098049,52.332524],[10.104559,52.331312],[10.115442,52.331045],[10.115391,52.329563],[10.111563,52.329164],[10.111327,52.325845],[10.118958,52.325825],[10.119302,52.321971],[10.125742,52.322729],[10.126165,52.327918],[10.13253,52.328547],[10.125524,52.33787],[10.140576,52.339454],[10.138832,52.34172],[10.134811,52.343155],[10.140642,52.349599],[10.139858,52.352061],[10.135983,52.351991],[10.132545,52.350141],[10.125638,52.354221],[10.133537,52.353628],[10.136678,52.354383],[10.136082,52.357724],[10.148752,52.359753],[10.150156,52.363189],[10.154984,52.363797],[10.144638,52.368813],[10.143925,52.370453],[10.145895,52.372076],[10.145575,52.378096],[10.143016,52.377962],[10.142109,52.381107],[10.131507,52.383666],[10.130702,52.393997],[10.137282,52.394736],[10.139941,52.396848],[10.160295,52.398336],[10.166694,52.395557],[10.173372,52.394929],[10.176065,52.396502],[10.179891,52.396017],[10.185122,52.400411],[10.190548,52.402727],[10.191905,52.404772],[10.197606,52.406981],[10.198643,52.410257],[10.197654,52.412989],[10.199806,52.416753],[10.202191,52.425916],[10.207657,52.429427],[10.21393,52.427562],[10.218669,52.429286],[10.22386,52.427711],[10.233499,52.426885],[10.237194,52.425275],[10.244604,52.424185],[10.247435,52.421098],[10.250089,52.419875],[10.254201,52.4214],[10.254294,52.430748],[10.253038,52.432271],[10.251954,52.436641],[10.256314,52.438573],[10.263021,52.439296],[10.273058,52.443762],[10.280496,52.445502],[10.28138,52.448311],[10.289951,52.448501],[10.291912,52.447902],[10.293464,52.450156],[10.287508,52.451384],[10.285834,52.450149],[10.282162,52.452828],[10.283134,52.455081],[10.287449,52.457024],[10.286176,52.46089],[10.288125,52.462087],[10.295689,52.459667],[10.29412,52.45753],[10.299237,52.455469],[10.303397,52.458721],[10.298802,52.460889],[10.298944,52.462795],[10.293451,52.464254],[10.293027,52.466434],[10.290497,52.469092],[10.2913,52.471877],[10.289806,52.47325],[10.28161,52.474845],[10.276036,52.479259],[10.27483,52.48191],[10.272232,52.482841],[10.272722,52.486173],[10.277128,52.485967],[10.278284,52.488634],[10.280652,52.490494],[10.278736,52.491752],[10.280411,52.494241],[10.280237,52.496587],[10.283153,52.497024],[10.288988,52.506333],[10.276336,52.507821],[10.273742,52.51064]]]}},
{"type":"Feature","id":"DEU:ADM3:DE-NI.celle","properties":{"shapeName":"Celle","shapeISO":"","shapeGroup":"DEU","shapeType":"ADM3","adm1ISO":"DE-NI","parentISO":"DE-NI","parentID":"DEU:ADM1:DE-NI","src_shape_id":"24449704B9718639386642"},"geometry":{"type":"Polygon","coordinates":[[[10.44441,52.815763],[10.438458,52.816237],[10.432098,52.812233],[10.42363,52.809287],[10.416945,52.80566],[10.413503,52.80554],[10.401764,52.814037],[10.379266,52.816879],[10.364706,52.839877],[10.342419,52.843725],[10.329095,52.841388],[10.320962,52.836701],[10.318555,52.837066],[10.313948,52.842429],[10.322946,52.846258],[10.31645,52.85419],[10.318293,52.861738],[10.308361,52.86252],[10.303151,52.865588],[10.308923,52.871518],[10.31214,52.872426],[10.305406,52.874952],[10.298279,52.868637],[10.282963,52.877484],[10.280922,52.881544],[10.271216,52.904812],[10.250005,52.921834],[10.244327,52.929109],[10.246657,52.932084],[10.236851,52.936133],[10.222668,52.927896],[10.214131,52.927139],[10.211095,52.928221],[10.209498,52.926689],[10.190884,52.922741],[10.192257,52.926303],[10.192137,52.929899],[10.164601,52.936211],[10.163033,52.937034],[10.156644,52.916636],[10.148941,52.91579],[10.14906,52.914379],[10.135488,52.915072],[10.132159,52.911483],[10.12635,52.912463],[10.117233,52.912507],[10.119704,52.900108],[10.119253,52.898394],[10.11317,52.899497],[10.10069,52.905154],[10.091975,52.901735],[10.086606,52.903452],[10.086365,52.905348],[10.083268,52.905787],[10.083351,52.908062],[10.076625,52.905432],[10.07012,52.906119],[10.066619,52.901937],[10.058045,52.897938],[10.03878,52.894073],[10.034304,52.892644],[10.033984,52.891268],[10.017107,52.885592],[10.005008,52.878917],[9.999001,52.873948],[9.979499,52.870144],[9.97507,52.866893],[9.972369,52.867334],[9.972474,52.87111],[9.957221,52.874685],[9.953125,52.877922],[9.950082,52.884076],[9.948942,52.888864],[9.944738,52.891653],[9.916978,52.888548],[9.913751,52.888626],[9.900802,52.890946],[9.890944,52.891103],[9.888557,52.90037],[9.876538,52.895463],[9.87359,52.897779],[9.881495,52.900994],[9.885749,52.901139],[9.881582,52.90574],[9.879543,52.903927],[9.867848,52.902233],[9.863716,52.900409],[9.865971,52.898312],[9.865238,52.896537],[9.861386,52.892893],[9.863612,52.89073],[9.864288,52.88637],[9.853517,52.883754],[9.85588,52.879927],[9.850807,52.879737],[9.843984,52.878188],[9.841321,52.876196],[9.838723,52.872483],[9.840671,52.870772],[9.840976,52.86833],[9.839631,52.86567],[9.852557,52.859733],[9.855017,52.850935],[9.857287,52.845939],[9.858283,52.841009],[9.853248,52.840601],[9.847342,52.833271],[9.832319,52.83012],[9.831737,52.819682],[9.826487,52.819419],[9.825791,52.817392],[9.827008,52.814404],[9.82545,52.802626],[9.821153,52.800327],[9.824217,52.796856],[9.822307,52.792763],[9.825427,52.786504],[9.816083,52.781768],[9.820426,52.77995],[9.825881,52.781993],[9.828901,52.780075],[9.827108,52.775424],[9.828035,52.772998],[9.825521,52.762546],[9.82978,52.754768],[9.831431,52.746129],[9.82274,52.748026],[9.816022,52.744243],[9.80097,52.744094],[9.800708,52.745806],[9.792751,52.743751],[9.793768,52.742211],[9.790271,52.738965],[9.771706,52.735643],[9.751679,52.732283],[9.755595,52.723944],[9.759521,52.716766],[9.760906,52.715353],[9.756623,52.712953],[9.742875,52.710782],[9.734399,52.712014],[9.730397,52.711466],[9.725827,52.706518],[9.733217,52.697841],[9.737925,52.697146],[9.738392,52.693193],[9.734306,52.693024],[9.732192,52.687092],[9.732266,52.683275],[9.733923,52.682515],[9.732202,52.678793],[9.729259,52.676124],[9.731568,52.674564],[9.738779,52.673598],[9.740012,52.6702],[9.742325,52.667476],[9.742626,52.664424],[9.745872,52.655954],[9.745698,52.651442],[9.734624,52.638303],[9.740517,52.63123],[9.746455,52.631803],[9.763123,52.629473],[9.768158,52.629531],[9.775031,52.622569],[9.784995,52.621616],[9.791653,52.619208],[9.802111,52.614588],[9.800082,52.609932],[9.805859,52.608602],[9.80424,52.60698],[9.814937,52.606352],[9.81506,52.604738],[9.824888,52.604278],[9.828269,52.606795],[9.835407,52.605549],[9.836135,52.604772],[9.82535,52.600504],[9.824384,52.597008],[9.830884,52.595657],[9.838109,52.597429],[9.847646,52.607981],[9.856043,52.603422],[9.865892,52.604652],[9.878113,52.605252],[9.883519,52.604857],[9.884644,52.603469],[9.889019,52.603225],[9.881237,52.59877],[9.87685,52.590723],[9.88198,52.590611],[9.896291,52.59599],[9.895952,52.593574],[9.900446,52.593351],[9.907435,52.597282],[9.91246,52.592451],[9.923013,52.59171],[9.936321,52.590226],[9.937841,52.589102],[9.945767,52.58757],[9.952575,52.58705],[9.951653,52.590871],[9.95504,52.589935],[9.957564,52.590536],[9.966738,52.590257],[9.967787,52.587651],[9.970504,52.585207],[9.968844,52.580251],[9.966858,52.578203],[9.97404,52.57679],[9.979134,52.57731],[9.977479,52.578953],[9.982307,52.580614],[9.98315,52.577991],[9.9904,52.578465],[9.990115,52.575432],[9.991443,52.571364],[9.985653,52.572272],[9.982591,52.566853],[9.984932,52.565801],[9.984174,52.56233],[9.980025,52.561874],[9.965343,52.553758],[9.966831,52.550177],[9.994928,52.544399],[9.992116,52.5394],[9.988709,52.540076],[9.987377,52.536309],[9.991721,52.536894],[9.999025,52.536619],[10.014377,52.538022],[10.021772,52.537386],[10.025338,52.539117],[10.030662,52.539066],[10.033758,52.540747],[10.040957,52.536219],[10.041868,52.533752],[10.046059,52.536608],[10.063598,52.537791],[10.07682,52.537253],[10.077946,52.53376],[10.078261,52.529264],[10.080785,52.52569],[10.084459,52.523787],[10.092722,52.522175],[10.093786,52.516707],[10.103512,52.510349],[10.111841,52.507194],[10.112635,52.510272],[10.117354,52.510126],[10.121263,52.508926],[10.130901,52.50431],[10.134598,52.498976],[10.141798,52.498021],[10.145208,52.50036],[10.156206,52.50524],[10.1654,52.502115],[10.167553,52.504298],[10.171728,52.50413],[10.177794,52.513428],[10.185685,52.509724],[10.188706,52.511209],[10.199229,52.507348],[10.201374,52.509902],[10.208223,52.506451],[10.219361,52.504748],[10.215811,52.500755],[10.223415,52.498378],[10.232442,52.496333],[10.236359,52.494522],[10.239795,52.495907],[10.246682,52.491059],[10.248269,52.492292],[10.252387,52.490994],[10.254923,52.493104],[10.259906,52.488961],[10.264219,52.49025],[10.267358,52.488308],[10.270541,52.492439],[10.270928,52.495276],[10.26776,52.496159],[10.267628,52.501564],[10.270697,52.503782],[10.272175,52.508776],[10.273742,52.51064],[10.268891,52.512244],[10.26852,52.515977],[10.259564,52.515954],[10.260112,52.518249],[10.264711,52.518285],[10.268486,52.517087],[10.282856,52.516799],[10.281526,52.520794],[10.278792,52.524815],[10.280523,52.525047],[10.283504,52.52805],[10.289171,52.527546],[10.300726,52.524716],[10.3006,52.523088],[10.306235,52.522522],[10.308449,52.525331],[10.309533,52.529089],[10.310949,52.530353],[10.304041,52.531984],[10.304697,52.533896],[10.309956,52.53292],[10.31064,52.535875],[10.316974,52.535363],[10.316929,52.539165],[10.321794,52.538416],[10.320871,52.540743],[10.325812,52.541472],[10.325861,52.539457],[10.330667,52.540885],[10.334392,52.53903],[10.33775,52.540275],[10.339556,52.544647],[10.33549,52.545798],[10.33588,52.548458],[10.346494,52.545665],[10.352033,52.55476],[10.346482,52.557193],[10.351662,52.56116],[10.355512,52.56179],[10.377162,52.552053],[10.377664,52.549486],[10.383084,52.547072],[10.378283,52.560511],[10.381752,52.560002],[10.392437,52.55517],[10.393499,52.558308],[10.397347,52.55658],[10.400564,52.55882],[10.396272,52.560066],[10.39823,52.561618],[10.39604,52.564215],[10.398193,52.565008],[10.403107,52.56382],[10.408591,52.563496],[10.410597,52.564124],[10.410868,52.572958],[10.407667,52.572137],[10.387811,52.568722],[10.384676,52.568493],[10.381596,52.573014],[10.381052,52.579155],[10.387746,52.582102],[10.391896,52.582701],[10.399463,52.585098],[10.401224,52.588849],[10.3989,52.590139],[10.40104,52.592755],[10.403155,52.593112],[10.402013,52.596491],[10.412659,52.600853],[10.413413,52.603157],[10.417397,52.606596],[10.412092,52.605971],[10.413142,52.610125],[10.406262,52.614975],[10.402196,52.617031],[10.398894,52.620572],[10.392997,52.62134],[10.381743,52.628708],[10.386768,52.629165],[10.37957,52.632662],[10.38009,52.635391],[10.382777,52.635584],[10.389216,52.643059],[10.395689,52.645436],[10.405979,52.65753],[10.399918,52.66555],[10.399505,52.6691],[10.390475,52.673837],[10.392415,52.679004],[10.387248,52.678856],[10.38575,52.681786],[10.386646,52.684875],[10.384499,52.6906],[10.377798,52.689583],[10.374898,52.690906],[10.368675,52.689691],[10.367241,52.691999],[10.378347,52.694772],[10.375306,52.699787],[10.370495,52.702398],[10.373578,52.709842],[10.373073,52.711986],[10.362937,52.721998],[10.364173,52.724381],[10.366846,52.725281],[10.366559,52.729491],[10.380948,52.734922],[10.385552,52.741688],[10.390827,52.747295],[10.403444,52.758764],[10.403662,52.759525],[10.395801,52.762216],[10.395986,52.775371],[10.399773,52.775616],[10.419415,52.793532],[10.419893,52.799898],[10.429397,52.803042],[10.44441,52.815763]]]}},
{"type":"Feature","id":"DEU:ADM3:DE-NI.cuxhaven","properties":{"shapeName":"Cuxhaven","shapeISO":"","shapeGroup":"DEU","shapeType":"ADM3","adm1ISO":"DE-NI","parentISO":"DE-NI","parentID":"DEU:ADM1:DE-NI","src_shape_id":"24449704B13986593393984"},"geometry":{"type":"Polygon","coordinates":[[[8.492652,53.47242],[8.492358,53.431698],[8.492626,53.419007],[8.496472,53.402429],[8.497854,53.378375],[8.499987,53.366848],[8.50767,53.359187],[8.512364,53.353095],[8.514591,53.34735],[8.518153,53.323344],[8.517434,53.317243],[8.511763,53.305551],[8.503391,53.293538],[8.507206,53.293133],[8.508094,53.291753],[8.517498,53.293192],[8.518455,53.287929],[8.520252,53.285],[8.522699,53.288978],[8.526387,53.289046],[8.529634,53.287907],[8.533097,53.287967],[8.536362,53.28677],[8.544064,53.285301],[8.548796,53.285835],[8.5551,53.291905],[8.557045,53.294741],[8.564068,53.297819],[8.5685,53.295927],[8.574873,53.29636],[8.580115,53.294515],[8.585907,53.293726],[8.591111,53.290905],[8.596238,53.288939],[8.596444,53.286251],[8.60635,53.286431],[8.611531,53.288139],[8.61358,53.287595],[8.624838,53.28676],[8.622463,53.282993],[8.62719,53.281204],[8.644144,53.285786],[8.654482,53.286113],[8.661441,53.283052],[8.659814,53.287858],[8.663423,53.290796],[8.66738,53.289453],[8.672161,53.290955],[8.676942,53.289002],[8.681085,53.292629],[8.678288,53.293463],[8.674872,53.296227],[8.679901,53.297505],[8.68337,53.297152],[8.687601,53.298546],[8.694904,53.299553],[8.696837,53.297415],[8.700754,53.299261],[8.7043,53.298498],[8.706877,53.300431],[8.709391,53.299441],[8.715923,53.298762],[8.723621,53.299343],[8.724177,53.301194],[8.728424,53.301192],[8.727956,53.305006],[8.723859,53.306844],[8.721697,53.314661],[8.738553,53.315866],[8.740875,53.3175],[8.752171,53.318093],[8.756143,53.323175],[8.759566,53.325471],[8.765083,53.321503],[8.767392,53.320826],[8.771735,53.322253],[8.767676,53.323904],[8.76742,53.325833],[8.762721,53.331512],[8.76509,53.339609],[8.756621,53.342854],[8.754018,53.344577],[8.755577,53.346945],[8.753703,53.348743],[8.752312,53.355811],[8.747853,53.35792],[8.742967,53.357598],[8.73581,53.358408],[8.736182,53.361564],[8.759912,53.367611],[8.76375,53.370524],[8.772174,53.371893],[8.7795,53.373667],[8.783276,53.375509],[8.785063,53.378644],[8.789813,53.38023],[8.793149,53.385292],[8.78847,53.388371],[8.794752,53.38971],[8.810127,53.387576],[8.8119,53.386846],[8.821429,53.3889],[8.82817,53.389576],[8.831129,53.388897],[8.832455,53.391576],[8.844414,53.392681],[8.853563,53.39213],[8.857571,53.393541],[8.860381,53.393183],[8.868107,53.395722],[8.895999,53.385176],[8.91071,53.38],[8.911414,53.380926],[8.901948,53.384489],[8.902503,53.386385],[8.905828,53.389448],[8.916422,53.385467],[8.923716,53.392528],[8.952037,53.407518],[8.950201,53.410366],[8.954221,53.411558],[8.937088,53.421202],[8.930419,53.428857],[8.927591,53.433027],[8.927578,53.43472],[8.921516,53.436316],[8.915083,53.43651],[8.914152,53.43921],[8.910301,53.437453],[8.907259,53.438435],[8.916337,53.444462],[8.923168,53.447442],[8.930408,53.449369],[8.950979,53.456991],[8.950644,53.458305],[8.958379,53.457677],[8.964617,53.455436],[8.966266,53.455956],[8.965668,53.464581],[8.97111,53.464442],[8.973031,53.469419],[8.967863,53.472456],[8.956485,53.472565],[8.954595,53.491983],[8.963791,53.494525],[8.965634,53.501182],[8.961714,53.506796],[8.958171,53.507595],[8.951109,53.507626],[8.945402,53.508814],[8.941986,53.508391],[8.936441,53.509947],[8.933468,53.508749],[8.921697,53.511547],[8.920167,53.513838],[8.915067,53.514357],[8.913365,53.513445],[8.906801,53.51523],[8.904836,53.514539],[8.896576,53.516913],[8.898751,53.519296],[8.901648,53.519666],[8.904077,53.522115],[8.906756,53.526428],[8.910739,53.526751],[8.921377,53.531749],[8.922656,53.531837],[8.932661,53.536386],[8.936188,53.532823],[8.941089,53.532567],[8.951358,53.530726],[8.96361,53.529792],[8.966932,53.53057],[8.967153,53.533719],[8.978009,53.538239],[8.982066,53.536123],[8.98605,53.539138],[8.981311,53.542666],[8.978155,53.542303],[8.974989,53.544759],[8.97294,53.548563],[8.974046,53.550051],[8.977445,53.550123],[8.978888,53.552037],[8.979165,53.557101],[8.984205,53.556704],[8.995573,53.558237],[9.000182,53.55691],[9.011096,53.556007],[9.016821,53.554886],[9.026006,53.55491],[9.033612,53.557481],[9.037913,53.558395],[9.041179,53.561593],[9.049097,53.564761],[9.050406,53.568746],[9.052478,53.571108],[9.060447,53.570855],[9.06038,53.572245],[9.068646,53.572135],[9.074183,53.570784],[9.078449,53.568403],[9.078501,53.566804],[9.083506,53.566098],[9.082689,53.563347],[9.088136,53.561558],[9.09151,53.562738],[9.098451,53.559043],[9.105004,53.556609],[9.107154,53.554504],[9.10994,53.555191],[9.115632,53.555129],[9.122734,53.560161],[9.121974,53.570838],[9.135063,53.583853],[9.143644,53.593141],[9.148607,53.592396],[9.15243,53.594307],[9.152675,53.596161],[9.14973,53.599058],[9.154392,53.600745],[9.155904,53.60219],[9.152179,53.606355],[9.165749,53.606826],[9.167126,53.608491],[9.174062,53.610492],[9.173992,53.613053],[9.175985,53.614638],[9.179799,53.614957],[9.188262,53.611642],[9.190538,53.614658],[9.185984,53.617827],[9.187399,53.621738],[9.200146,53.623466],[9.203962,53.622911],[9.202498,53.619662],[9.204623,53.618139],[9.209834,53.617742],[9.218022,53.619444],[9.21944,53.622906],[9.225343,53.623466],[9.228271,53.624543],[9.230083,53.626891],[9.227621,53.630385],[9.230496,53.633315],[9.232727,53.633169],[9.23534,53.63044],[9.238296,53.629187],[9.243788,53.628767],[9.25817,53.629388],[9.257198,53.633966],[9.253144,53.635923],[9.252589,53.63996],[9.254156,53.641117],[9.260146,53.642936],[9.263229,53.642872],[9.267925,53.640922],[9.273586,53.641668],[9.278145,53.643519],[9.27986,53.646223],[9.279521,53.648336],[9.274407,53.650025],[9.271782,53.653157],[9.272332,53.656396],[9.274996,53.66092],[9.274334,53.664904],[9.278824,53.66754],[9.279231,53.668733],[9.275979,53.671911],[9.271461,53.673126],[9.267382,53.672943],[9.259021,53.676925],[9.250703,53.676508],[9.248572,53.675417],[9.249056,53.668313],[9.246637,53.667504],[9.239579,53.66931],[9.22895,53.670999],[9.219608,53.673147],[9.216318,53.676027],[9.211338,53.677959],[9.207861,53.68042],[9.207816,53.681941],[9.213695,53.683571],[9.217175,53.68646],[9.220725,53.692931],[9.236726,53.697758],[9.242698,53.699104],[9.255387,53.703255],[9.250694,53.706508],[9.256131,53.709133],[9.279183,53.721061],[9.286805,53.723733],[9.29858,53.729636],[9.275897,53.742576],[9.268697,53.758285],[9.261682,53.768097],[9.223647,53.755599],[9.221854,53.755213],[9.209492,53.764766],[9.202929,53.766885],[9.202586,53.768868],[9.188539,53.771461],[9.186268,53.773342],[9.186227,53.779739],[9.181179,53.780028],[9.180335,53.783414],[9.174923,53.782782],[9.174744,53.786661],[9.169057,53.787068],[9.167347,53.785926],[9.168197,53.779978],[9.15948,53.781744],[9.153663,53.786354],[9.150022,53.785353],[9.146681,53.785954],[9.143705,53.788438],[9.145075,53.790744],[9.142578,53.792478],[9.141933,53.800771],[9.137111,53.799378],[9.129577,53.797994],[9.124007,53.797574],[9.124031,53.801214],[9.119157,53.80125],[9.116597,53.803485],[9.107832,53.804645],[9.106864,53.801696],[9.10039,53.801004],[9.100577,53.808383],[9.096107,53.8072],[9.094522,53.805035],[9.091766,53.804824],[9.091952,53.807805],[9.084653,53.810331],[9.083638,53.808312],[9.076832,53.80993],[9.074812,53.804897],[9.065636,53.805457],[9.06501,53.80972],[9.065878,53.811482],[9.057771,53.812759],[9.051698,53.812315],[9.051366,53.815069],[9.047698,53.815764],[9.040279,53.812882],[9.033533,53.819335],[9.029918,53.825565],[9.028403,53.828002],[9.025081,53.83079],[9.018513,53.834841],[9.009022,53.836464],[8.997493,53.837922],[8.988358,53.839955],[8.982915,53.83927],[8.978509,53.83996],[8.953261,53.836926],[8.943608,53.835421],[8.933326,53.832677],[8.921447,53.830732],[8.910526,53.830022],[8.906159,53.828788],[8.897053,53.830179],[8.891662,53.828885],[8.883206,53.829345],[8.873155,53.829428],[8.865119,53.830464],[8.859594,53.829892],[8.85368,53.831121],[8.842438,53.831899],[8.838048,53.833172],[8.83246,53.833216],[8.827936,53.831705],[8.823256,53.831119],[8.802861,53.832625],[8.798884,53.832571],[8.784614,53.834657],[8.774858,53.837422],[8.773997,53.838438],[8.753433,53.846133],[8.747078,53.848973],[8.74549,53.851374],[8.739868,53.852472],[8.72885,53.8567],[8.73105,53.85864],[8.728479,53.859705],[8.720401,53.864676],[8.718629,53.867052],[8.702246,53.878711],[8.696483,53.876867],[8.693135,53.876575],[8.685582,53.88156],[8.683228,53.885848],[8.683729,53.889135],[8.68844,53.890345],[8.687173,53.891908],[8.67882,53.89232],[8.669285,53.891666],[8.64061,53.886809],[8.631964,53.884226],[8.627109,53.882186],[8.614914,53.882118],[8.601142,53.874289],[8.604882,53.872337],[8.60463,53.870974],[8.596712,53.865851],[8.587354,53.857662],[8.58215,53.85237],[8.574624,53.843423],[8.573153,53.84468],[8.56606,53.845958],[8.549856,53.82115],[8.541967,53.80714],[8.537722,53.792592],[8.538573,53.791536],[8.543936,53.790187],[8.543906,53.787481],[8.541013,53.786007],[8.539178,53.788811],[8.533913,53.777896],[8.528542,53.767652],[8.518501,53.751471],[8.521953,53.750573],[8.519196,53.746512],[8.513178,53.741365],[8.510347,53.738084],[8.505512,53.729783],[8.505146,53.728037],[8.497729,53.717684],[8.498991,53.716254],[8.495288,53.711545],[8.492462,53.706803],[8.489313,53.703128],[8.486054,53.697682],[8.483351,53.694784],[8.48279,53.688183],[8.483311,53.686279],[8.482955,53.676273],[8.484506,53.665629],[8.483953,53.655913],[8.491383,53.64619],[8.495447,53.641736],[8.498876,53.635246],[8.503428,53.629836],[8.504783,53.6271],[8.50795,53.623861],[8.513283,53.617119],[8.515729,53.612692],[8.52041,53.606205],[8.524171,53.606693],[8.532472,53.604929],[8.533651,53.607618],[8.554828,53.603144],[8.558769,53.603907],[8.562864,53.601517],[8.577481,53.598406],[8.580714,53.596987],[8.58978,53.594889],[8.594015,53.593067],[8.6014,53.595563],[8.607068,53.598493],[8.61271,53.602924],[8.623296,53.605333],[8.625716,53.605413],[8.64192,53.604187],[8.650632,53.602565],[8.647088,53.599897],[8.637956,53.595067],[8.642716,53.592559],[8.633272,53.586916],[8.627403,53.582426],[8.627126,53.57912],[8.618011,53.578716],[8.616803,53.57437],[8.619902,53.573231],[8.625154,53.567315],[8.63086,53.55569],[8.636078,53.553692],[8.646354,53.555546],[8.644111,53.549204],[8.645227,53.540473],[8.642052,53.541683],[8.641522,53.536399],[8.638656,53.534954],[8.639775,53.525289],[8.644273,53.522391],[8.645903,53.518802],[8.649158,53.519579],[8.652134,53.516017],[8.648232,53.514303],[8.650555,53.510782],[8.644917,53.509322],[8.637848,53.505691],[8.637863,53.50322],[8.631272,53.50158],[8.631876,53.49881],[8.62633,53.496123],[8.623028,53.493534],[8.619532,53.489289],[8.610148,53.48614],[8.606131,53.485938],[8.605905,53.484234],[8.601182,53.484349],[8.597174,53.486076],[8.591174,53.484716],[8.583014,53.486603],[8.579261,53.485565],[8.575342,53.485908],[8.56959,53.487499],[8.563615,53.485607],[8.54748,53.482395],[8.540931,53.481581],[8.538197,53.48036],[8.531422,53.480558],[8.523674,53.477917],[8.518634,53.474446],[8.515545,53.476801],[8.511604,53.476665],[8.507191,53.473294],[8.50579,53.471178],[8.492652,53.47242]],[[8.647233,53.610028],[8.653535,53.610051],[8.660884,53.607086],[8.657717,53.602986],[8.653642,53.602871],[8.652522,53.604706],[8.646141,53.60479],[8.642628,53.609213],[8.647233,53.610028]]]}},
{"type":"Feature","id":"DEU:ADM3:DE-NI.harburg","properties":{"shapeName":"Harburg","shapeISO":"","shapeGroup":"DEU","shapeType":"ADM3","adm1ISO":"DE-NI","parentISO":"DE-NI","parentID":"DEU:ADM1:DE-NI","src_shape_id":"24449704B58473503462577"},"geometry":{"type":"MultiPolygon","coordinates":[[[[9.768861,53.505279],[9.7694,53.504572],[9.765255,53.494823],[9.758455,53.495832],[9.756994,53.494991],[9.746925,53.49619],[9.743679,53.492484],[9.739651,53.492934],[9.738072,53.490965],[9.743617,53.490146],[9.750191,53.489889],[9.749732,53.48492],[9.760293,53.484208],[9.759717,53.480861],[9.76779,53.481889],[9.770133,53.479558],[9.771169,53.472047],[9.7672,53.471072],[9.770445,53.458085],[9.776148,53.46014],[9.780248,53.456278],[9.783694,53.445597],[9.783427,53.440461],[9.776998,53.439944],[9.775199,53.436969],[9.765892,53.435999],[9.756723,53.436641],[9.752027,53.437383],[9.749892,53.43931],[9.742425,53.436866],[9.740741,53.437885],[9.726711,53.422593],[9.718919,53.423308],[9.705109,53.415724],[9.696973,53.415041],[9.68842,53.414795],[9.688351,53.413269],[9.675865,53.409116],[9.670513,53.408369],[9.666717,53.409422],[9.65184,53.409777],[9.649301,53.406363],[9.649398,53.40137],[9.646385,53.400802],[9.643606,53.396383],[9.646532,53.394678],[9.642471,53.392631],[9.631778,53.392642],[9.626209,53.391381],[9.62211,53.388826],[9.623148,53.386835],[9.619596,53.386064],[9.620533,53.383467],[9.616488,53.379052],[9.618246,53.370077],[9.61703,53.366924],[9.609652,53.37001],[9.60208,53.368885],[9.5958,53.364692],[9.59588,53.362266],[9.583659,53.358212],[9.574881,53.346983],[9.570004,53.343216],[9.565992,53.341154],[9.562704,53.337588],[9.574533,53.330413],[9.580821,53.320119],[9.584088,53.313983],[9.585116,53.310589],[9.584151,53.309302],[9.58653,53.306758],[9.593775,53.307218],[9.595842,53.306368],[9.596815,53.298304],[9.601591,53.299647],[9.602057,53.294392],[9.603654,53.294815],[9.604452,53.288517],[9.597945,53.288446],[9.597579,53.29389],[9.589576,53.291563],[9.590649,53.283167],[9.591808,53.280766],[9.595583,53.280264],[9.593866,53.27697],[9.597754,53.276055],[9.59863,53.26986],[9.598001,53.268381],[9.601278,53.259129],[9.607417,53.243182],[9.60165,53.240156],[9.614333,53.237552],[9.615529,53.236958],[9.623089,53.227475],[9.624234,53.227142],[9.648038,53.223948],[9.6826,53.219482],[9.691316,53.218259],[9.725647,53.214247],[9.73616,53.211459],[9.737382,53.208715],[9.740185,53.208804],[9.743942,53.207329],[9.745727,53.201633],[9.75519,53.197952],[9.76047,53.1971],[9.765299,53.195408],[9.768316,53.195566],[9.785256,53.193837],[9.789443,53.192077],[9.789116,53.19022],[9.794308,53.187718],[9.799064,53.186954],[9.825897,53.196965],[9.828041,53.200411],[9.832931,53.202969],[9.832083,53.205498],[9.846697,53.210199],[9.851411,53.210175],[9.857324,53.203364],[9.857374,53.202187],[9.875941,53.197447],[9.883242,53.194508],[9.887653,53.195207],[9.892797,53.191904],[9.896957,53.186505],[9.903446,53.183555],[9.913182,53.173909],[9.934806,53.173891],[9.947084,53.178165],[9.956274,53.18087],[9.967969,53.180011],[9.980659,53.179868],[9.9846,53.179336],[9.991328,53.177198],[9.997624,53.174192],[10.001244,53.173563],[9.997791,53.164472],[9.996885,53.159346],[10.025731,53.158278],[10.029249,53.157477],[10.032402,53.152697],[10.036865,53.149208],[10.038297,53.153603],[10.041215,53.152249],[10.048692,53.150669],[10.051299,53.147206],[10.056753,53.14208],[10.061404,53.138526],[10.060907,53.136812],[10.071356,53.135969],[10.070204,53.131028],[10.073967,53.131213],[10.075396,53.129005],[10.080979,53.12969],[10.081891,53.132766],[10.090247,53.139196],[10.092097,53.139963],[10.098559,53.135997],[10.100175,53.13726],[10.093502,53.141292],[10.098608,53.146953],[10.099378,53.149034],[10.109457,53.157214],[10.109603,53.168429],[10.111664,53.170385],[10.123563,53.171384],[10.127349,53.172942],[10.132895,53.172643],[10.134138,53.176215],[10.140179,53.177937],[10.140883,53.178986],[10.153915,53.183019],[10.159758,53.183823],[10.163756,53.185097],[10.168048,53.189439],[10.1792,53.182698],[10.18259,53.17921],[10.184724,53.18097],[10.190041,53.183478],[10.193682,53.183749],[10.199561,53.18676],[10.202942,53.184414],[10.205537,53.181162],[10.211081,53.182509],[10.212927,53.187827],[10.214816,53.186535],[10.232226,53.193239],[10.235776,53.193325],[10.233897,53.19575],[10.232933,53.202169],[10.233467,53.204629],[10.236452,53.206901],[10.233844,53.209793],[10.226159,53.209799],[10.217551,53.214961],[10.216454,53.218978],[10.214315,53.222833],[10.209363,53.227041],[10.202623,53.224742],[10.198393,53.22619],[10.199329,53.229212],[10.202745,53.23039],[10.200137,53.231878],[10.201917,53.23327],[10.197104,53.23489],[10.198163,53.237432],[10.205759,53.235064],[10.206171,53.238656],[10.208635,53.243022],[10.212111,53.251803],[10.221677,53.250108],[10.222543,53.248262],[10.22671,53.247487],[10.230935,53.248537],[10.249422,53.254786],[10.255514,53.257486],[10.257836,53.260701],[10.25381,53.264308],[10.246203,53.265424],[10.244465,53.270985],[10.240363,53.271367],[10.25,53.282354],[10.259683,53.288764],[10.25786,53.290207],[10.250418,53.29066],[10.242459,53.284532],[10.230254,53.286501],[10.225267,53.287667],[10.225807,53.290059],[10.21172,53.293672],[10.219794,53.308533],[10.224262,53.310007],[10.225828,53.313601],[10.228795,53.315439],[10.23561,53.31795],[10.242735,53.316897],[10.251951,53.317859],[10.256432,53.314766],[10.264149,53.323214],[10.263426,53.326466],[10.260924,53.331045],[10.26565,53.333773],[10.267553,53.329787],[10.271131,53.329057],[10.274224,53.330109],[10.280368,53.330631],[10.289979,53.328348],[10.294205,53.327914],[10.295782,53.333274],[10.307959,53.331505],[10.310475,53.334473],[10.316953,53.333674],[10.322679,53.333747],[10.325628,53.334875],[10.325453,53.338266],[10.323765,53.339185],[10.320756,53.3565],[10.323483,53.357888],[10.323356,53.35964],[10.331353,53.358384],[10.335092,53.358938],[10.344679,53.358267],[10.35235,53.358259],[10.35325,53.360029],[10.360014,53.358828],[10.36088,53.360922],[10.366033,53.360186],[10.366454,53.363012],[10.371096,53.362307],[10.372356,53.36774],[10.367066,53.367173],[10.36386,53.36883],[10.364252,53.370976],[10.370283,53.370544],[10.379672,53.365984],[10.383054,53.364941],[10.385395,53.366442],[10.389293,53.365708],[10.390173,53.368175],[10.396293,53.366374],[10.404798,53.366219],[10.407941,53.364936],[10.404804,53.363469],[10.40371,53.360229],[10.411051,53.359852],[10.414275,53.357619],[10.417097,53.357883],[10.422832,53.355528],[10.426718,53.358316],[10.428638,53.35558],[10.440273,53.355114],[10.440585,53.357812],[10.432435,53.360627],[10.435598,53.364092],[10.43792,53.362277],[10.442203,53.363061],[10.444132,53.365721],[10.443668,53.367385],[10.451511,53.367604],[10.45704,53.368459],[10.462526,53.373573],[10.471015,53.380195],[10.469184,53.385844],[10.459139,53.388978],[10.444011,53.392863],[10.419277,53.402142],[10.412636,53.405388],[10.397947,53.411455],[10.386555,53.418944],[10.378104,53.423811],[10.375434,53.42483],[10.367746,53.426249],[10.355923,53.426141],[10.338183,53.424955],[10.330768,53.424967],[10.325267,53.426743],[10.316039,53.431643],[10.311729,53.432957],[10.307954,53.433201],[10.303004,53.432261],[10.287177,53.425395],[10.283331,53.424157],[10.264049,53.420141],[10.260041,53.418524],[10.25457,53.414991],[10.250746,53.41023],[10.243786,53.399573],[10.236568,53.395754],[10.231798,53.395078],[10.223761,53.395274],[10.213014,53.396503],[10.205653,53.397826],[10.195766,53.398516],[10.181975,53.396428],[10.175689,53.396583],[10.169017,53.398021],[10.16431,53.399985],[10.157832,53.403517],[10.152192,53.40733],[10.144642,53.416526],[10.139594,53.420554],[10.136396,53.422232],[10.129894,53.423735],[10.121814,53.423639],[10.116475,53.424217],[10.108736,53.426674],[10.103506,53.430833],[10.096848,53.440393],[10.09347,53.443888],[10.084602,53.450401],[10.078293,53.45366],[10.069409,53.455363],[10.064617,53.457234],[10.051811,53.463919],[10.048404,53.461287],[10.043411,53.4587],[10.042038,53.456808],[10.044051,53.454865],[10.041097,53.451549],[10.049322,53.449701],[10.045739,53.446741],[10.035876,53.447046],[10.032432,53.443923],[10.023712,53.4457],[10.020945,53.446863],[10.014613,53.442201],[10.025661,53.43811],[10.029273,53.435164],[10.022903,53.432229],[10.021588,53.430617],[10.014772,53.429251],[10.007391,53.428566],[10.00158,53.424831],[9.99639,53.426113],[9.992983,53.420087],[9.988976,53.420573],[9.984433,53.415414],[9.974889,53.414735],[9.977558,53.419249],[9.975455,53.421451],[9.970929,53.423759],[9.964359,53.422176],[9.96104,53.424094],[9.963273,53.427321],[9.949212,53.43095],[9.947351,53.427466],[9.942016,53.421052],[9.932325,53.421179],[9.924552,53.419624],[9.916487,53.414068],[9.906566,53.415791],[9.907941,53.418727],[9.911405,53.421791],[9.916453,53.424866],[9.91408,53.429998],[9.919761,53.433828],[9.921486,53.43655],[9.916664,53.442674],[9.914557,53.442647],[9.913899,53.448429],[9.911546,53.449274],[9.908473,53.45339],[9.904813,53.45551],[9.899237,53.457597],[9.895945,53.457385],[9.888775,53.450647],[9.885819,53.450061],[9.873373,53.442378],[9.867654,53.443549],[9.867406,53.440866],[9.861543,53.439543],[9.860013,53.436576],[9.863881,53.433457],[9.864542,53.430722],[9.862387,53.429877],[9.859136,53.434054],[9.856494,53.435039],[9.844394,53.444935],[9.836649,53.45091],[9.813608,53.462427],[9.807466,53.462828],[9.805944,53.467102],[9.803386,53.466971],[9.803015,53.469485],[9.799804,53.469637],[9.800472,53.475308],[9.799692,53.47789],[9.800788,53.488237],[9.802255,53.489782],[9.802426,53.493252],[9.79904,53.49299],[9.792981,53.493953],[9.782232,53.491464],[9.784525,53.500012],[9.768861,53.505279]]],[[[10.254986,53.299909],[10.253077,53.300588],[10.249017,53.296957],[10.250671,53.296251],[10.254986,53.299909]]]]}},
{"type":"Feature","id":"DEU:ADM3:DE-NI.luchow-dannenberg","properties":{"shapeName":"Lüchow-Dannenberg","shapeISO":"","shapeGroup":"DEU","shapeType":"ADM3","adm1ISO":"DE-NI","parentISO":"DE-NI","parentID":"DEU:ADM1:DE-NI","src_shape_id":"24449704B50547812773180"},"geometry":{"type":"Polygon","coordinates":[[[11.265732,53.121978],[11.261203,53.126285],[11.247943,53.135035],[11.242837,53.137887],[11.232796,53.141777],[11.226407,53.14328],[11.214659,53.144383],[11.20688,53.142217],[11.200079,53.137591],[11.197171,53.136169],[11.18953,53.134681],[11.184574,53.136421],[11.181312,53.14105],[11.178585,53.149443],[11.176376,53.152628],[11.171862,53.156644],[11.167481,53.159707],[11.159649,53.164037],[11.152124,53.166981],[11.144488,53.168513],[11.139625,53.168422],[11.130356,53.165683],[11.122771,53.160275],[11.119071,53.156617],[11.114538,53.151121],[11.106925,53.143237],[11.102287,53.140777],[11.094426,53.13859],[11.089864,53.138127],[11.084083,53.138848],[11.077562,53.141068],[11.070719,53.144154],[11.051212,53.154907],[11.044634,53.158291],[11.028559,53.167233],[11.026157,53.168898],[11.016761,53.177728],[11.012242,53.181315],[11.003828,53.185003],[10.991893,53.188391],[10.979886,53.194146],[10.942615,53.21161],[10.934717,53.215776],[10.92055,53.225928],[10.917806,53.227421],[10.91008,53.230187],[10.894378,53.234748],[10.884197,53.238911],[10.862363,53.250067],[10.859217,53.248351],[10.868967,53.2423],[10.868071,53.239817],[10.869681,53.238052],[10.865918,53.231312],[10.863615,53.231018],[10.863267,53.225199],[10.867336,53.221029],[10.868804,53.217741],[10.87569,53.210128],[10.875166,53.208421],[10.8778,53.206773],[10.875918,53.205246],[10.871138,53.203962],[10.866466,53.198836],[10.866297,53.195625],[10.867523,53.194466],[10.872055,53.193739],[10.8826,53.19418],[10.883599,53.195948],[10.886598,53.196823],[10.89042,53.196106],[10.893945,53.196744],[10.895094,53.193959],[10.890261,53.190154],[10.889515,53.18792],[10.885995,53.186608],[10.885616,53.184566],[10.890469,53.183638],[10.903471,53.180033],[10.900854,53.178118],[10.899618,53.174731],[10.900647,53.169374],[10.906374,53.164573],[10.907752,53.159291],[10.907672,53.15407],[10.906609,53.152226],[10.907782,53.14918],[10.898711,53.148022],[10.891435,53.149418],[10.889865,53.151099],[10.884285,53.151782],[10.873867,53.150493],[10.872146,53.148974],[10.864515,53.145714],[10.860214,53.146624],[10.853594,53.143353],[10.845991,53.142233],[10.840105,53.142735],[10.838334,53.141841],[10.827923,53.142068],[10.820407,53.143535],[10.81886,53.14459],[10.810968,53.144925],[10.808924,53.1419],[10.804073,53.141744],[10.804328,53.143792],[10.801446,53.144474],[10.794215,53.142009],[10.785892,53.13798],[10.782327,53.131963],[10.778857,53.128187],[10.776004,53.126917],[10.772036,53.122199],[10.754824,53.123338],[10.75468,53.12163],[10.750509,53.121243],[10.755098,53.111211],[10.767766,53.112021],[10.776396,53.113999],[10.773403,53.109511],[10.767071,53.107392],[10.762257,53.102852],[10.767641,53.099602],[10.767816,53.097259],[10.780096,53.095524],[10.78882,53.095809],[10.796081,53.094129],[10.803918,53.091548],[10.816094,53.084047],[10.828682,53.078562],[10.830231,53.076534],[10.833256,53.077025],[10.836524,53.065096],[10.841417,53.057133],[10.841495,53.049575],[10.839962,53.044474],[10.854796,53.042996],[10.861178,53.044041],[10.861122,53.040831],[10.865963,53.039969],[10.865893,53.037963],[10.870957,53.036535],[10.871882,53.025027],[10.871626,53.019129],[10.875013,53.017662],[10.88226,53.017928],[10.890487,53.017668],[10.888572,53.013476],[10.888195,53.009512],[10.888978,53.006518],[10.888142,53.003516],[10.892682,52.998176],[10.885186,52.994302],[10.880436,52.992896],[10.864458,52.99306],[10.862768,52.989606],[10.863598,52.98732],[10.857568,52.984029],[10.850885,52.981516],[10.843707,52.980822],[10.841074,52.979627],[10.842413,52.975514],[10.845365,52.97405],[10.849773,52.968268],[10.85007,52.965451],[10.85338,52.960506],[10.858853,52.961959],[10.87347,52.963746],[10.872835,52.96069],[10.86032,52.955963],[10.859427,52.950572],[10.855845,52.947525],[10.851856,52.939981],[10.852068,52.936936],[10.856574,52.934211],[10.854442,52.933409],[10.862405,52.929115],[10.856457,52.927662],[10.854772,52.926087],[10.850185,52.929993],[10.842968,52.932039],[10.84225,52.929269],[10.843029,52.926352],[10.835683,52.924603],[10.831752,52.922133],[10.831329,52.920254],[10.823403,52.917059],[10.819437,52.913783],[10.813112,52.905941],[10.81426,52.901858],[10.810163,52.901155],[10.804569,52.897408],[10.809398,52.891191],[10.814889,52.887941],[10.82376,52.88502],[10.822996,52.883832],[10.827064,52.881445],[10.82552,52.876209],[10.817065,52.875946],[10.813783,52.8716],[10.804068,52.866916],[10.807282,52.865623],[10.81808,52.865852],[10.829667,52.861579],[10.832989,52.860922],[10.831959,52.85428],[10.839458,52.853971],[10.841556,52.852205],[10.845672,52.851433],[10.854675,52.851906],[10.860371,52.851652],[10.859205,52.853344],[10.863307,52.85514],[10.868929,52.855361],[10.874172,52.852704],[10.874542,52.84992],[10.876842,52.847748],[10.883905,52.846584],[10.884684,52.845796],[10.890617,52.845896],[10.892875,52.847982],[10.895201,52.853185],[10.895182,52.855563],[10.900147,52.854917],[10.906395,52.854896],[10.915025,52.853178],[10.926422,52.854057],[10.939634,52.853336],[10.948492,52.859875],[10.957813,52.867771],[10.95746,52.869588],[10.960482,52.871564],[10.964701,52.872869],[10.964749,52.874649],[10.967543,52.875468],[10.968082,52.879321],[10.974093,52.877429],[10.976236,52.878632],[10.979462,52.878307],[10.985508,52.882033],[10.990097,52.888188],[10.988785,52.892217],[10.989558,52.896993],[10.989054,52.899053],[10.993561,52.903528],[10.992573,52.906457],[10.994792,52.907099],[10.99805,52.910366],[11.000491,52.911261],[11.006283,52.911643],[11.012065,52.909865],[11.029775,52.911974],[11.035475,52.91159],[11.039049,52.913399],[11.050953,52.912023],[11.058455,52.910146],[11.067073,52.909504],[11.071553,52.910519],[11.075244,52.912333],[11.078747,52.912964],[11.098676,52.912877],[11.096009,52.909186],[11.093187,52.899471],[11.096884,52.897979],[11.106406,52.896223],[11.113148,52.895722],[11.119721,52.896867],[11.135298,52.897649],[11.154667,52.901865],[11.156282,52.906052],[11.179038,52.901886],[11.187857,52.900684],[11.198332,52.90031],[11.220645,52.897666],[11.219169,52.892681],[11.224528,52.891336],[11.230627,52.891349],[11.235764,52.888614],[11.237959,52.884404],[11.237943,52.880608],[11.239387,52.879457],[11.245366,52.87865],[11.248539,52.879344],[11.255144,52.879275],[11.259309,52.879991],[11.267239,52.880141],[11.270801,52.881489],[11.270928,52.883372],[11.27657,52.887532],[11.283275,52.887746],[11.286219,52.888755],[11.294213,52.887133],[11.294877,52.882019],[11.293549,52.879001],[11.295411,52.874907],[11.308964,52.877757],[11.31425,52.878236],[11.319857,52.880873],[11.336863,52.886361],[11.338478,52.888668],[11.347677,52.888541],[11.354535,52.890363],[11.363051,52.894335],[11.363937,52.896096],[11.369299,52.897316],[11.374694,52.900236],[11.383263,52.901217],[11.387607,52.903532],[11.391232,52.901905],[11.40447,52.903776],[11.409077,52.905083],[11.413927,52.909044],[11.414427,52.91041],[11.423743,52.916471],[11.426075,52.919924],[11.432891,52.91975],[11.433606,52.92081],[11.445125,52.927995],[11.454444,52.933397],[11.462672,52.935873],[11.470062,52.938926],[11.48208,52.939686],[11.491763,52.941634],[11.505027,52.941033],[11.492343,52.959663],[11.501977,52.983827],[11.503104,52.991839],[11.505593,52.995216],[11.506428,52.999745],[11.509558,53.00309],[11.512491,53.007445],[11.513946,53.006543],[11.519057,53.006693],[11.525387,53.008239],[11.527132,53.007996],[11.53313,53.003406],[11.536096,53.002725],[11.54338,52.999452],[11.547689,52.998715],[11.556417,52.998666],[11.560444,53.0038],[11.55209,53.004728],[11.55925,53.01308],[11.563746,53.012843],[11.565177,53.015312],[11.569131,53.01855],[11.571501,53.019132],[11.57734,53.022605],[11.596424,53.032783],[11.597785,53.035926],[11.589194,53.035052],[11.579991,53.036347],[11.565347,53.041006],[11.55973,53.044399],[11.551914,53.051372],[11.545781,53.05262],[11.539882,53.051718],[11.529765,53.048156],[11.520618,53.046901],[11.511168,53.047931],[11.502138,53.050122],[11.493605,53.054647],[11.471025,53.070103],[11.460923,53.075775],[11.452104,53.07802],[11.446201,53.078461],[11.43856,53.077855],[11.427836,53.074764],[11.42351,53.074212],[11.413247,53.07384],[11.402589,53.072373],[11.396186,53.070199],[11.386527,53.065613],[11.377955,53.062358],[11.366026,53.059045],[11.357579,53.05594],[11.353055,53.054733],[11.346491,53.054184],[11.340204,53.054757],[11.334423,53.056931],[11.331341,53.058746],[11.323163,53.065069],[11.316681,53.072142],[11.309774,53.077861],[11.303541,53.080471],[11.29463,53.08355],[11.287695,53.086758],[11.277902,53.093413],[11.271219,53.099011],[11.267754,53.104193],[11.268545,53.114427],[11.267643,53.119278],[11.265732,53.121978]]]}},
{"type":"Feature","id":"DEU:ADM3:DE-NI.luneburg-landkreis","properties":{"shapeName":"Lüneburg, Landkreis","shapeISO":"","shapeGroup":"DEU","shapeType":"ADM3","adm1ISO":"DE-NI","parentISO":"DE-NI","parentID":"DEU:ADM1:DE-NI","src_shape_id":"24449704B50655543542415"},"geometry":{"type":"Polygon","coordinates":[[[10.595047,53.363928],[10.591152,53.362286],[10.58015,53.359831],[10.574325,53.360196],[10.567452,53.362388],[10.560462,53.366838],[10.556738,53.368479],[10.55303,53.368934],[10.526369,53.370238],[10.509869,53.372047],[10.498919,53.37446],[10.482217,53.380337],[10.469184,53.385844],[10.471015,53.380195],[10.462526,53.373573],[10.45704,53.368459],[10.451511,53.367604],[10.443668,53.367385],[10.444132,53.365721],[10.442203,53.363061],[10.43792,53.362277],[10.435598,53.364092],[10.432435,53.360627],[10.440585,53.357812],[10.440273,53.355114],[10.428638,53.35558],[10.426718,53.358316],[10.422832,53.355528],[10.417097,53.357883],[10.414275,53.357619],[10.411051,53.359852],[10.40371,53.360229],[10.404804,53.363469],[10.407941,53.364936],[10.404798,53.366219],[10.396293,53.366374],[10.390173,53.368175],[10.389293,53.365708],[10.385395,53.366442],[10.383054,53.364941],[10.379672,53.365984],[10.370283,53.370544],[10.364252,53.370976],[10.36386,53.36883],[10.367066,53.367173],[10.372356,53.36774],[10.371096,53.362307],[10.366454,53.363012],[10.366033,53.360186],[10.36088,53.360922],[10.360014,53.358828],[10.35325,53.360029],[10.35235,53.358259],[10.344679,53.358267],[10.335092,53.358938],[10.331353,53.358384],[10.323356,53.35964],[10.323483,53.357888],[10.320756,53.3565],[10.323765,53.339185],[10.325453,53.338266],[10.325628,53.334875],[10.322679,53.333747],[10.316953,53.333674],[10.310475,53.334473],[10.307959,53.331505],[10.295782,53.333274],[10.294205,53.327914],[10.289979,53.328348],[10.280368,53.330631],[10.274224,53.330109],[10.271131,53.329057],[10.267553,53.329787],[10.26565,53.333773],[10.260924,53.331045],[10.263426,53.326466],[10.264149,53.323214],[10.256432,53.314766],[10.251951,53.317859],[10.242735,53.316897],[10.23561,53.31795],[10.228795,53.315439],[10.225828,53.313601],[10.224262,53.310007],[10.219794,53.308533],[10.21172,53.293672],[10.225807,53.290059],[10.225267,53.287667],[10.230254,53.286501],[10.242459,53.284532],[10.250418,53.29066],[10.25786,53.290207],[10.259683,53.288764],[10.25,53.282354],[10.240363,53.271367],[10.244465,53.270985],[10.246203,53.265424],[10.25381,53.264308],[10.257836,53.260701],[10.255514,53.257486],[10.249422,53.254786],[10.230935,53.248537],[10.22671,53.247487],[10.222543,53.248262],[10.221677,53.250108],[10.212111,53.251803],[10.208635,53.243022],[10.206171,53.238656],[10.205759,53.235064],[10.198163,53.237432],[10.197104,53.23489],[10.201917,53.23327],[10.200137,53.231878],[10.202745,53.23039],[10.199329,53.229212],[10.198393,53.22619],[10.202623,53.224742],[10.209363,53.227041],[10.214315,53.222833],[10.216454,53.218978],[10.217551,53.214961],[10.226159,53.209799],[10.233844,53.209793],[10.236452,53.206901],[10.233467,53.204629],[10.232933,53.202169],[10.233897,53.19575],[10.235776,53.193325],[10.232226,53.193239],[10.214816,53.186535],[10.212927,53.187827],[10.211081,53.182509],[10.205537,53.181162],[10.202942,53.184414],[10.199561,53.18676],[10.193682,53.183749],[10.190041,53.183478],[10.184724,53.18097],[10.18259,53.17921],[10.1792,53.182698],[10.168048,53.189439],[10.163756,53.185097],[10.159758,53.183823],[10.153915,53.183019],[10.140883,53.178986],[10.140179,53.177937],[10.134138,53.176215],[10.132895,53.172643],[10.127349,53.172942],[10.123563,53.171384],[10.111664,53.170385],[10.109603,53.168429],[10.109457,53.157214],[10.099378,53.149034],[10.098608,53.146953],[10.093502,53.141292],[10.100175,53.13726],[10.098559,53.135997],[10.092097,53.139963],[10.090247,53.139196],[10.081891,53.132766],[10.080979,53.12969],[10.075396,53.129005],[10.076122,53.126269],[10.082306,53.124626],[10.096634,53.117048],[10.100198,53.113259],[10.105501,53.115047],[10.108816,53.111813],[10.10787,53.110659],[10.111837,53.108092],[10.11758,53.105557],[10.10549,53.099496],[10.099487,53.098835],[10.094486,53.096107],[10.0999,53.090048],[10.101565,53.08928],[10.063825,53.072183],[10.065677,53.069921],[10.072837,53.073694],[10.077041,53.065908],[10.072239,53.065071],[10.067404,53.065227],[10.060307,53.061881],[10.051859,53.065577],[10.045636,53.069477],[10.03609,53.062063],[10.042171,53.05991],[10.042604,53.052061],[10.054441,53.050526],[10.058187,53.047118],[10.063334,53.047263],[10.069276,53.043002],[10.082964,53.043049],[10.09119,53.04344],[10.091052,53.045278],[10.10574,53.045859],[10.126572,53.046142],[10.145756,53.047148],[10.153632,53.056772],[10.15804,53.063537],[10.164887,53.066323],[10.169109,53.071958],[10.176476,53.075074],[10.198692,53.078771],[10.199616,53.072418],[10.199233,53.069522],[10.201885,53.067938],[10.211788,53.067734],[10.212569,53.071383],[10.210907,53.071892],[10.211872,53.076339],[10.220395,53.076099],[10.233627,53.080069],[10.229895,53.084562],[10.232396,53.085574],[10.237023,53.084622],[10.248031,53.085591],[10.252956,53.087029],[10.259692,53.087627],[10.267387,53.090967],[10.27075,53.093067],[10.27308,53.093237],[10.276124,53.095908],[10.297845,53.089518],[10.313949,53.088663],[10.329215,53.114119],[10.344221,53.112865],[10.346468,53.115759],[10.358465,53.114418],[10.368267,53.114857],[10.375852,53.113236],[10.385127,53.113877],[10.389345,53.113564],[10.393994,53.119823],[10.393591,53.123034],[10.390308,53.123602],[10.388651,53.126582],[10.391739,53.128985],[10.397038,53.131416],[10.398883,53.13513],[10.397636,53.137979],[10.399305,53.14038],[10.388376,53.140658],[10.387924,53.142222],[10.392271,53.143538],[10.391565,53.145075],[10.396994,53.150392],[10.402362,53.150252],[10.405871,53.152799],[10.41408,53.152778],[10.419869,53.15147],[10.436814,53.159129],[10.4384,53.158959],[10.4436,53.162494],[10.44171,53.166529],[10.441736,53.169864],[10.447579,53.174514],[10.452888,53.175828],[10.462733,53.174951],[10.464483,53.176345],[10.464331,53.179284],[10.470176,53.186305],[10.476355,53.188078],[10.482341,53.188133],[10.492847,53.189518],[10.501871,53.1959],[10.509027,53.203872],[10.522781,53.197264],[10.521538,53.194136],[10.534481,53.188735],[10.534747,53.185873],[10.53874,53.183454],[10.53911,53.178968],[10.537775,53.174061],[10.542621,53.17343],[10.552601,53.174945],[10.563761,53.174365],[10.566613,53.179504],[10.56923,53.180186],[10.572983,53.178413],[10.572486,53.176992],[10.576852,53.175959],[10.58,53.174289],[10.580866,53.170502],[10.591819,53.174161],[10.598489,53.179122],[10.601338,53.182501],[10.6016,53.185039],[10.59937,53.186363],[10.606783,53.191549],[10.622062,53.189022],[10.632529,53.18781],[10.633714,53.188897],[10.64046,53.187568],[10.640071,53.183119],[10.646257,53.184999],[10.645784,53.186485],[10.653064,53.18864],[10.658529,53.189532],[10.662067,53.182975],[10.660579,53.177098],[10.658777,53.176243],[10.641031,53.174278],[10.636039,53.172996],[10.629198,53.173599],[10.627679,53.168279],[10.628374,53.163923],[10.63248,53.159129],[10.639993,53.158544],[10.64118,53.160232],[10.644276,53.160346],[10.644553,53.158062],[10.650538,53.158792],[10.656693,53.157157],[10.661589,53.154526],[10.665591,53.154411],[10.668959,53.155809],[10.673589,53.152717],[10.676273,53.152539],[10.692423,53.148488],[10.695114,53.149994],[10.699979,53.146845],[10.696671,53.143119],[10.701457,53.141914],[10.703684,53.142951],[10.703789,53.14507],[10.715067,53.145032],[10.71728,53.143015],[10.722746,53.141039],[10.727629,53.138097],[10.744631,53.122963],[10.754824,53.123338],[10.772036,53.122199],[10.776004,53.126917],[10.778857,53.128187],[10.782327,53.131963],[10.785892,53.13798],[10.794215,53.142009],[10.801446,53.144474],[10.804328,53.143792],[10.804073,53.141744],[10.808924,53.1419],[10.810968,53.144925],[10.81886,53.14459],[10.820407,53.143535],[10.827923,53.142068],[10.838334,53.141841],[10.840105,53.142735],[10.845991,53.142233],[10.853594,53.143353],[10.860214,53.146624],[10.864515,53.145714],[10.872146,53.148974],[10.873867,53.150493],[10.884285,53.151782],[10.889865,53.151099],[10.891435,53.149418],[10.898711,53.148022],[10.907782,53.14918],[10.906609,53.152226],[10.907672,53.15407],[10.907752,53.159291],[10.906374,53.164573],[10.900647,53.169374],[10.899618,53.174731],[10.900854,53.178118],[10.903471,53.180033],[10.890469,53.183638],[10.885616,53.184566],[10.885995,53.186608],[10.889515,53.18792],[10.890261,53.190154],[10.895094,53.193959],[10.893945,53.196744],[10.89042,53.196106],[10.886598,53.196823],[10.883599,53.195948],[10.8826,53.19418],[10.872055,53.193739],[10.867523,53.194466],[10.866297,53.195625],[10.866466,53.198836],[10.871138,53.203962],[10.875918,53.205246],[10.8778,53.206773],[10.875166,53.208421],[10.87569,53.210128],[10.868804,53.217741],[10.867336,53.221029],[10.863267,53.225199],[10.863615,53.231018],[10.865918,53.231312],[10.869681,53.238052],[10.868071,53.239817],[10.868967,53.2423],[10.859217,53.248351],[10.862363,53.250067],[10.884197,53.238911],[10.894378,53.234748],[10.91008,53.230187],[10.917806,53.227421],[10.92055,53.225928],[10.934717,53.215776],[10.942615,53.21161],[10.979886,53.194146],[10.991893,53.188391],[11.003828,53.185003],[11.012242,53.181315],[11.016761,53.177728],[11.026157,53.168898],[11.028559,53.167233],[11.044634,53.158291],[11.051212,53.154907],[11.070719,53.144154],[11.077562,53.141068],[11.084083,53.138848],[11.089864,53.138127],[11.094426,53.13859],[11.102287,53.140777],[11.106925,53.143237],[11.114538,53.151121],[11.119071,53.156617],[11.122771,53.160275],[11.130356,53.165683],[11.139625,53.168422],[11.144488,53.168513],[11.152124,53.166981],[11.159649,53.164037],[11.167481,53.159707],[11.171862,53.156644],[11.179414,53.158616],[11.182225,53.16243],[11.189082,53.16562],[11.190951,53.171525],[11.195328,53.176739],[11.194784,53.180229],[11.191604,53.182558],[11.179891,53.186677],[11.162893,53.187858],[11.136704,53.191842],[11.14499,53.197779],[11.136511,53.199405],[11.138487,53.202505],[11.133743,53.202388],[11.126413,53.204095],[11.11994,53.203652],[11.11552,53.20451],[11.106706,53.208078],[11.102627,53.210848],[11.093549,53.212985],[11.090079,53.214257],[11.087065,53.218357],[11.080145,53.220521],[11.078538,53.223665],[11.074425,53.225204],[11.071853,53.230213],[11.067733,53.231275],[11.062258,53.235453],[11.058543,53.241385],[11.056818,53.245994],[11.051463,53.251538],[11.047636,53.25477],[11.047572,53.257282],[11.042039,53.261416],[11.03945,53.262455],[11.035812,53.269673],[11.032993,53.273371],[11.027156,53.279283],[11.022857,53.280973],[11.018754,53.281494],[11.013901,53.280661],[11.009041,53.282079],[11.0092,53.285527],[11.008359,53.291761],[11.003563,53.294671],[11.008654,53.299072],[11.008024,53.301627],[11.002258,53.305201],[11.003565,53.308253],[11.002937,53.311709],[10.998503,53.315693],[10.999076,53.321024],[10.995666,53.321146],[10.991438,53.325969],[10.988502,53.3245],[10.982661,53.327536],[10.988001,53.333427],[10.959361,53.338525],[10.955539,53.333461],[10.945101,53.33616],[10.941515,53.337943],[10.935741,53.338611],[10.932426,53.34051],[10.933743,53.343076],[10.930689,53.344429],[10.928245,53.348118],[10.9241,53.347675],[10.919361,53.34842],[10.912919,53.340496],[10.909679,53.337694],[10.905038,53.337548],[10.899241,53.334196],[10.88073,53.334563],[10.879713,53.333171],[10.88055,53.33023],[10.886232,53.328414],[10.889021,53.326302],[10.880535,53.321098],[10.878337,53.323307],[10.874488,53.323571],[10.871587,53.326281],[10.866043,53.326912],[10.866556,53.325041],[10.871187,53.322679],[10.87024,53.317716],[10.86751,53.316098],[10.863362,53.315854],[10.857364,53.316585],[10.853414,53.315865],[10.85084,53.314284],[10.850791,53.309997],[10.839717,53.308167],[10.836283,53.306604],[10.830589,53.307572],[10.828648,53.306912],[10.826198,53.312392],[10.821619,53.312189],[10.816749,53.313199],[10.810597,53.31335],[10.79794,53.314819],[10.792305,53.315947],[10.78677,53.318764],[10.783516,53.319347],[10.776112,53.32339],[10.771591,53.325324],[10.770711,53.328678],[10.766788,53.330466],[10.763987,53.32907],[10.759654,53.329987],[10.758112,53.333262],[10.762362,53.336066],[10.763463,53.338424],[10.759289,53.339859],[10.754324,53.338814],[10.751236,53.340789],[10.746656,53.340285],[10.74058,53.342429],[10.738086,53.342344],[10.735765,53.347267],[10.729926,53.355316],[10.726918,53.357818],[10.705267,53.368703],[10.700693,53.370023],[10.693048,53.370424],[10.684646,53.368189],[10.680071,53.367482],[10.663096,53.367767],[10.655027,53.368182],[10.642344,53.370304],[10.630704,53.370773],[10.614864,53.3696],[10.607769,53.368312],[10.600852,53.366323],[10.595047,53.363928]],[[10.254986,53.299909],[10.250671,53.296251],[10.249017,53.296957],[10.253077,53.300588],[10.254986,53.299909]]]}},
{"type":"Feature","id":"DEU:ADM3:DE-NI.osterholz","properties":{"shapeName":"Osterholz","shapeISO":"","shapeGroup":"DEU","shapeType":"ADM3","adm1ISO":"DE-NI","parentISO":"DE-NI","parentID":"DEU:ADM1:DE-NI","src_shape_id":"24449704B47497081980031"},"geometry":{"type":"Polygon","coordinates":[[[8.984185,53.126071],[8.982529,53.130339],[8.986572,53.130137],[8.988736,53.128941],[8.994792,53.129313],[9.003726,53.129018],[9.004576,53.129972],[9.017471,53.127882],[9.036847,53.125076],[9.03629,53.132125],[9.039206,53.13293],[9.057862,53.133777],[9.064048,53.14445],[9.065906,53.152177],[9.071453,53.151298],[9.060702,53.171427],[9.035604,53.184273],[9.040375,53.186041],[9.033743,53.19165],[9.032952,53.194284],[9.028931,53.196348],[9.029435,53.197829],[9.02828,53.213629],[9.030547,53.214348],[9.029497,53.219361],[9.030797,53.221229],[9.027473,53.223111],[9.026124,53.239768],[9.025764,53.24723],[9.020562,53.250738],[9.02091,53.252169],[9.018644,53.254711],[9.007724,53.257409],[9.001165,53.262341],[9.000571,53.265687],[8.99514,53.269728],[8.991866,53.269886],[8.992395,53.276338],[8.995501,53.278468],[8.997632,53.276296],[9.000552,53.276834],[8.997121,53.279821],[9.001559,53.285602],[9.002022,53.287846],[9.012531,53.300523],[9.006267,53.302488],[8.997503,53.30381],[8.991673,53.305884],[8.98913,53.307699],[8.992634,53.310565],[8.996277,53.315976],[8.99838,53.316141],[8.999746,53.31901],[8.995753,53.319812],[8.99745,53.322939],[8.982543,53.331602],[8.981656,53.332948],[8.975643,53.336586],[8.972494,53.336008],[8.970815,53.337342],[8.964352,53.335187],[8.961708,53.333078],[8.940632,53.342143],[8.94705,53.353524],[8.938049,53.359055],[8.942212,53.362856],[8.939977,53.366158],[8.906965,53.374235],[8.908612,53.378157],[8.91071,53.38],[8.895999,53.385176],[8.868107,53.395722],[8.860381,53.393183],[8.857571,53.393541],[8.853563,53.39213],[8.844414,53.392681],[8.832455,53.391576],[8.831129,53.388897],[8.82817,53.389576],[8.821429,53.3889],[8.8119,53.386846],[8.810127,53.387576],[8.794752,53.38971],[8.78847,53.388371],[8.793149,53.385292],[8.789813,53.38023],[8.785063,53.378644],[8.783276,53.375509],[8.7795,53.373667],[8.772174,53.371893],[8.76375,53.370524],[8.759912,53.367611],[8.736182,53.361564],[8.73581,53.358408],[8.742967,53.357598],[8.747853,53.35792],[8.752312,53.355811],[8.753703,53.348743],[8.755577,53.346945],[8.754018,53.344577],[8.756621,53.342854],[8.76509,53.339609],[8.762721,53.331512],[8.76742,53.325833],[8.767676,53.323904],[8.771735,53.322253],[8.767392,53.320826],[8.765083,53.321503],[8.759566,53.325471],[8.756143,53.323175],[8.752171,53.318093],[8.740875,53.3175],[8.738553,53.315866],[8.721697,53.314661],[8.723859,53.306844],[8.727956,53.305006],[8.728424,53.301192],[8.724177,53.301194],[8.723621,53.299343],[8.715923,53.298762],[8.709391,53.299441],[8.706877,53.300431],[8.7043,53.298498],[8.700754,53.299261],[8.696837,53.297415],[8.694904,53.299553],[8.687601,53.298546],[8.68337,53.297152],[8.679901,53.297505],[8.674872,53.296227],[8.678288,53.293463],[8.681085,53.292629],[8.676942,53.289002],[8.672161,53.290955],[8.66738,53.289453],[8.663423,53.290796],[8.659814,53.287858],[8.661441,53.283052],[8.654482,53.286113],[8.644144,53.285786],[8.62719,53.281204],[8.622463,53.282993],[8.624838,53.28676],[8.61358,53.287595],[8.611531,53.288139],[8.60635,53.286431],[8.596444,53.286251],[8.596238,53.288939],[8.591111,53.290905],[8.585907,53.293726],[8.580115,53.294515],[8.574873,53.29636],[8.5685,53.295927],[8.564068,53.297819],[8.557045,53.294741],[8.5551,53.291905],[8.548796,53.285835],[8.544064,53.285301],[8.536362,53.28677],[8.533097,53.287967],[8.529634,53.287907],[8.526387,53.289046],[8.522699,53.288978],[8.520252,53.285],[8.518455,53.287929],[8.517498,53.293192],[8.508094,53.291753],[8.507206,53.293133],[8.503391,53.293538],[8.511763,53.305551],[8.517434,53.317243],[8.518153,53.323344],[8.514591,53.34735],[8.512364,53.353095],[8.50767,53.359187],[8.499987,53.366848],[8.501532,53.351059],[8.500075,53.343747],[8.49128,53.329187],[8.489958,53.318584],[8.492189,53.310124],[8.492551,53.296967],[8.489943,53.286027],[8.482808,53.259682],[8.480735,53.24637],[8.481526,53.234943],[8.485331,53.22712],[8.489674,53.228154],[8.492139,53.227331],[8.504608,53.228919],[8.5059,53.227861],[8.512641,53.227557],[8.517334,53.228497],[8.51867,53.22615],[8.521094,53.226451],[8.520697,53.222935],[8.523813,53.220559],[8.526412,53.220944],[8.530235,53.21609],[8.536351,53.215316],[8.540782,53.215378],[8.543671,53.213068],[8.546731,53.212973],[8.553699,53.207806],[8.566405,53.21356],[8.572282,53.210769],[8.578478,53.21727],[8.58199,53.216767],[8.599039,53.212546],[8.599229,53.210913],[8.596966,53.20747],[8.588592,53.202682],[8.581746,53.200327],[8.581098,53.198707],[8.584219,53.196964],[8.580098,53.193126],[8.581284,53.189934],[8.590148,53.188535],[8.59243,53.184311],[8.596576,53.183685],[8.599261,53.186537],[8.606892,53.187663],[8.609147,53.18883],[8.609011,53.192011],[8.616375,53.193465],[8.617641,53.194671],[8.622121,53.195279],[8.621773,53.197126],[8.625923,53.197082],[8.627994,53.198372],[8.632037,53.19553],[8.634392,53.196141],[8.638745,53.193034],[8.637722,53.191732],[8.64775,53.187865],[8.652339,53.188393],[8.653601,53.183269],[8.657479,53.182159],[8.65903,53.177282],[8.663828,53.176244],[8.670389,53.177272],[8.671365,53.178995],[8.674706,53.178919],[8.675729,53.175176],[8.679429,53.176175],[8.678467,53.177734],[8.688089,53.179208],[8.691201,53.18143],[8.697524,53.183097],[8.699358,53.185479],[8.702449,53.181236],[8.701196,53.178197],[8.706293,53.175421],[8.709578,53.17697],[8.711558,53.182087],[8.714396,53.183002],[8.728652,53.180224],[8.730475,53.175441],[8.733555,53.172896],[8.737417,53.17287],[8.741127,53.168383],[8.740526,53.165452],[8.743496,53.16411],[8.747437,53.165857],[8.755406,53.163723],[8.761739,53.165135],[8.768654,53.160864],[8.775396,53.158684],[8.775982,53.1613],[8.781405,53.163408],[8.786507,53.163408],[8.78841,53.161007],[8.792814,53.16319],[8.795092,53.1619],[8.799864,53.161148],[8.808858,53.162631],[8.813173,53.161656],[8.814258,53.163416],[8.819246,53.162468],[8.822104,53.16364],[8.829612,53.163294],[8.8275,53.160999],[8.83143,53.15992],[8.834975,53.157163],[8.840156,53.157018],[8.841855,53.148234],[8.845537,53.146956],[8.845589,53.145577],[8.853228,53.143393],[8.858651,53.137909],[8.861448,53.137875],[8.861276,53.134447],[8.864428,53.131702],[8.867618,53.132752],[8.874382,53.133777],[8.887254,53.133372],[8.890521,53.133999],[8.898855,53.134382],[8.90393,53.138176],[8.906514,53.137401],[8.908923,53.133215],[8.912143,53.132619],[8.917936,53.138259],[8.921026,53.139657],[8.922612,53.142572],[8.920908,53.144654],[8.930809,53.147542],[8.936767,53.15117],[8.940009,53.15211],[8.945083,53.152013],[8.946787,53.149904],[8.956631,53.147241],[8.960518,53.142121],[8.97071,53.134076],[8.980214,53.131578],[8.984185,53.126071]]]}},
{"type":"Feature","id":"DEU:ADM3:DE-NI.rotenburg-wumme","properties":{"shapeName":"Rotenburg (Wümme)","shapeISO":"","shapeGroup":"DEU","shapeType":"ADM3","adm1ISO":"DE-NI","parentISO":"DE-NI","parentID":"DEU:ADM1:DE-NI","src_shape_id":"24449704B40112273193215"},"geometry":{"type":"Polygon","coordinates":[[[8.91071,53.38],[8.908612,53.378157],[8.906965,53.374235],[8.939977,53.366158],[8.942212,53.362856],[8.938049,53.359055],[8.94705,53.353524],[8.940632,53.342143],[8.961708,53.333078],[8.964352,53.335187],[8.970815,53.337342],[8.972494,53.336008],[8.975643,53.336586],[8.981656,53.332948],[8.982543,53.331602],[8.99745,53.322939],[8.995753,53.319812],[8.999746,53.31901],[8.99838,53.316141],[8.996277,53.315976],[8.992634,53.310565],[8.98913,53.307699],[8.991673,53.305884],[8.997503,53.30381],[9.006267,53.302488],[9.012531,53.300523],[9.002022,53.287846],[9.001559,53.285602],[8.997121,53.279821],[9.000552,53.276834],[8.997632,53.276296],[8.995501,53.278468],[8.992395,53.276338],[8.991866,53.269886],[8.99514,53.269728],[9.000571,53.265687],[9.001165,53.262341],[9.007724,53.257409],[9.018644,53.254711],[9.02091,53.252169],[9.020562,53.250738],[9.025764,53.24723],[9.026124,53.239768],[9.027473,53.223111],[9.030797,53.221229],[9.029497,53.219361],[9.030547,53.214348],[9.02828,53.213629],[9.029435,53.197829],[9.028931,53.196348],[9.032952,53.194284],[9.033743,53.19165],[9.040375,53.186041],[9.035604,53.184273],[9.060702,53.171427],[9.071453,53.151298],[9.109296,53.144144],[9.110329,53.146666],[9.119567,53.151194],[9.125005,53.153296],[9.12622,53.156061],[9.131505,53.157402],[9.133219,53.160324],[9.132702,53.16759],[9.139205,53.166185],[9.142261,53.166525],[9.144965,53.169108],[9.152937,53.1672],[9.153529,53.167908],[9.163526,53.170769],[9.172591,53.171829],[9.174959,53.17368],[9.168437,53.1801],[9.175713,53.184476],[9.182461,53.18303],[9.177949,53.179753],[9.179953,53.177797],[9.18558,53.17841],[9.192372,53.174263],[9.19571,53.169827],[9.187376,53.166527],[9.182946,53.164263],[9.177191,53.166602],[9.175108,53.166723],[9.174018,53.169633],[9.16658,53.168231],[9.166157,53.163911],[9.172132,53.161198],[9.182919,53.160128],[9.187304,53.160076],[9.185664,53.157352],[9.188471,53.155018],[9.193689,53.147477],[9.189062,53.144155],[9.183863,53.143506],[9.181941,53.140761],[9.178277,53.138816],[9.179774,53.134247],[9.178778,53.13206],[9.173057,53.126919],[9.181596,53.121761],[9.182555,53.118175],[9.181866,53.116199],[9.171005,53.110165],[9.168322,53.107947],[9.171955,53.10675],[9.169841,53.105154],[9.169206,53.102201],[9.166081,53.100977],[9.164379,53.102362],[9.152893,53.10314],[9.153337,53.097127],[9.160187,53.090951],[9.158679,53.088351],[9.155648,53.086701],[9.161317,53.082172],[9.162721,53.07823],[9.168874,53.072228],[9.17769,53.072847],[9.185862,53.063691],[9.182378,53.057396],[9.187788,53.048068],[9.20436,53.036024],[9.204845,53.038884],[9.215314,53.04142],[9.222098,53.042552],[9.228133,53.039153],[9.231012,53.036028],[9.243956,53.035622],[9.244264,53.033692],[9.24764,53.032999],[9.253312,53.030701],[9.25875,53.031449],[9.259638,53.032744],[9.268077,53.030493],[9.283192,53.028364],[9.285349,53.029147],[9.292127,53.027159],[9.296516,53.021303],[9.295956,53.019832],[9.312533,53.012527],[9.315655,53.01527],[9.321544,53.016068],[9.327249,53.012886],[9.324859,53.010804],[9.325578,53.007071],[9.331258,53.006932],[9.330072,53.012744],[9.331534,53.013538],[9.340432,53.014765],[9.342556,53.013168],[9.343345,53.007142],[9.350194,53.004204],[9.349606,53.003281],[9.338887,52.998828],[9.334361,52.988952],[9.336814,52.987099],[9.347019,52.987873],[9.350361,52.988814],[9.355212,52.988396],[9.357218,52.985761],[9.36987,52.984657],[9.373148,52.982332],[9.380345,52.984147],[9.382373,52.986869],[9.38828,52.990729],[9.392719,52.991337],[9.392817,52.994059],[9.403913,52.997415],[9.42098,52.997892],[9.437319,53.002814],[9.457697,52.989113],[9.455132,52.985132],[9.455478,52.982518],[9.454612,52.974965],[9.453169,52.974398],[9.463927,52.969261],[9.46012,52.965218],[9.456561,52.965206],[9.463245,52.959554],[9.459977,52.956055],[9.456125,52.954993],[9.449711,52.95174],[9.449795,52.949496],[9.444299,52.948763],[9.444373,52.946076],[9.449678,52.941054],[9.449028,52.936801],[9.456763,52.930413],[9.457132,52.926324],[9.454723,52.917411],[9.459618,52.919287],[9.464186,52.923678],[9.464515,52.925533],[9.469411,52.928065],[9.468369,52.929998],[9.474081,52.931989],[9.48255,52.932554],[9.488008,52.934012],[9.494193,52.933568],[9.496672,52.934497],[9.503746,52.935453],[9.507869,52.938221],[9.50726,52.942562],[9.508805,52.946802],[9.512526,52.948816],[9.535743,52.951239],[9.540803,52.95091],[9.542571,52.949583],[9.551388,52.947417],[9.553797,52.94377],[9.550676,52.941413],[9.555124,52.940553],[9.561397,52.937345],[9.56203,52.931044],[9.561124,52.924906],[9.567228,52.924077],[9.577781,52.926335],[9.581616,52.924936],[9.58526,52.925047],[9.588963,52.926561],[9.589988,52.928618],[9.595287,52.932038],[9.597789,52.937433],[9.597836,52.939634],[9.603824,52.942376],[9.603899,52.955182],[9.608168,52.954388],[9.61665,52.957146],[9.618384,52.95393],[9.624191,52.953715],[9.627623,52.955281],[9.627311,52.957242],[9.632087,52.960046],[9.634883,52.959779],[9.640552,52.960763],[9.652163,52.965158],[9.662663,52.970214],[9.669475,52.974086],[9.670953,52.976007],[9.667266,52.978059],[9.672892,52.979053],[9.678456,52.981092],[9.675753,52.983843],[9.665331,52.981947],[9.660574,52.981456],[9.662785,52.98424],[9.671788,52.984767],[9.679745,52.986762],[9.680305,52.98987],[9.666438,52.989718],[9.661336,52.990594],[9.662693,52.992862],[9.654194,52.996372],[9.656906,52.997621],[9.657046,53.000595],[9.65998,53.001225],[9.658125,53.004928],[9.66676,53.009156],[9.676053,53.011476],[9.677978,53.013337],[9.676034,53.014661],[9.674418,53.021055],[9.654125,53.029562],[9.645854,53.028762],[9.640375,53.031992],[9.638411,53.034133],[9.631173,53.036194],[9.627191,53.035838],[9.625432,53.039179],[9.62284,53.039732],[9.620996,53.03676],[9.615894,53.039762],[9.615508,53.044026],[9.618348,53.044899],[9.616587,53.048729],[9.61238,53.049423],[9.615829,53.052271],[9.607947,53.05447],[9.611171,53.055765],[9.615329,53.058659],[9.627381,53.060409],[9.62375,53.062172],[9.623508,53.064607],[9.62515,53.066102],[9.632044,53.067543],[9.635115,53.069437],[9.64162,53.077715],[9.643142,53.080839],[9.64089,53.086387],[9.640306,53.089556],[9.646201,53.089803],[9.64329,53.097765],[9.63517,53.100191],[9.628432,53.107856],[9.62533,53.115179],[9.628882,53.118422],[9.627887,53.121121],[9.632018,53.128596],[9.642641,53.126297],[9.64391,53.130996],[9.642885,53.132177],[9.643933,53.135623],[9.647934,53.134425],[9.651111,53.136825],[9.642377,53.142196],[9.645853,53.144136],[9.660106,53.140719],[9.663684,53.134955],[9.665802,53.134376],[9.673459,53.136717],[9.669241,53.147826],[9.672299,53.161148],[9.681324,53.158294],[9.692112,53.15637],[9.700273,53.156195],[9.712382,53.158297],[9.722565,53.156713],[9.72705,53.157233],[9.729172,53.160029],[9.745115,53.163373],[9.758328,53.165818],[9.758395,53.167846],[9.747063,53.169145],[9.743771,53.16727],[9.737597,53.167231],[9.734975,53.171937],[9.730086,53.173471],[9.717735,53.179006],[9.719596,53.184241],[9.707584,53.187707],[9.712055,53.196869],[9.70243,53.198506],[9.694554,53.199362],[9.696089,53.208236],[9.681882,53.212969],[9.6826,53.219482],[9.648038,53.223948],[9.624234,53.227142],[9.623089,53.227475],[9.615529,53.236958],[9.614333,53.237552],[9.60165,53.240156],[9.607417,53.243182],[9.601278,53.259129],[9.598001,53.268381],[9.59863,53.26986],[9.597754,53.276055],[9.593866,53.27697],[9.595583,53.280264],[9.591808,53.280766],[9.590649,53.283167],[9.589576,53.291563],[9.597579,53.29389],[9.597945,53.288446],[9.604452,53.288517],[9.603654,53.294815],[9.602057,53.294392],[9.601591,53.299647],[9.596815,53.298304],[9.595842,53.306368],[9.593775,53.307218],[9.58653,53.306758],[9.584151,53.309302],[9.585116,53.310589],[9.584088,53.313983],[9.580821,53.320119],[9.574533,53.330413],[9.562704,53.337588],[9.556073,53.342867],[9.554911,53.345267],[9.555175,53.348325],[9.560937,53.353537],[9.565385,53.354883],[9.570445,53.35503],[9.569352,53.359812],[9.573275,53.369719],[9.568849,53.370108],[9.565188,53.372669],[9.547423,53.373115],[9.544656,53.371497],[9.530924,53.373249],[9.514954,53.382585],[9.516958,53.386106],[9.511906,53.385926],[9.511681,53.383494],[9.505798,53.383327],[9.506157,53.381814],[9.497164,53.373666],[9.491054,53.369597],[9.490581,53.365978],[9.479453,53.358793],[9.474178,53.359486],[9.476213,53.350191],[9.468518,53.349525],[9.46492,53.351899],[9.461945,53.351968],[9.458785,53.34941],[9.461052,53.347927],[9.453475,53.3468],[9.450455,53.345433],[9.442106,53.345779],[9.438979,53.349341],[9.43377,53.351315],[9.420912,53.354592],[9.413189,53.357929],[9.411583,53.360636],[9.406301,53.36252],[9.404834,53.366312],[9.396148,53.366395],[9.39224,53.36814],[9.392594,53.370168],[9.380797,53.377575],[9.36673,53.383369],[9.361757,53.384924],[9.356844,53.38973],[9.365564,53.394403],[9.374743,53.402388],[9.375334,53.406339],[9.370642,53.409449],[9.352276,53.408023],[9.341499,53.410591],[9.338076,53.418891],[9.344103,53.426729],[9.346831,53.436715],[9.338115,53.445262],[9.346265,53.447588],[9.34356,53.450531],[9.336277,53.450492],[9.332014,53.455193],[9.331488,53.458384],[9.325889,53.463894],[9.325233,53.461398],[9.307747,53.453309],[9.291826,53.461749],[9.285757,53.471513],[9.281754,53.470689],[9.281636,53.468372],[9.275983,53.466941],[9.275708,53.464889],[9.270614,53.459922],[9.26056,53.464252],[9.253385,53.460216],[9.249984,53.466455],[9.247644,53.467716],[9.24245,53.463596],[9.237968,53.468417],[9.231824,53.478395],[9.234671,53.479104],[9.230115,53.483688],[9.234753,53.485362],[9.232463,53.49057],[9.226018,53.497016],[9.233459,53.497592],[9.260605,53.512995],[9.266319,53.515003],[9.269173,53.514247],[9.27438,53.5173],[9.276711,53.520366],[9.279786,53.520831],[9.28286,53.523262],[9.278385,53.526333],[9.275391,53.527519],[9.272189,53.527146],[9.27025,53.531207],[9.261992,53.533578],[9.2607,53.541915],[9.269959,53.543121],[9.27375,53.542901],[9.273032,53.547115],[9.259758,53.546506],[9.259455,53.547527],[9.252707,53.547091],[9.25333,53.545008],[9.250981,53.541483],[9.247622,53.539715],[9.2257,53.539715],[9.212839,53.540948],[9.209624,53.537921],[9.209796,53.535155],[9.203623,53.534749],[9.203897,53.532127],[9.189847,53.532261],[9.185544,53.531524],[9.183392,53.533454],[9.182432,53.537122],[9.180625,53.538495],[9.171052,53.542734],[9.165432,53.552856],[9.158954,53.555931],[9.161065,53.560942],[9.160502,53.562106],[9.161263,53.575151],[9.15783,53.576351],[9.154952,53.580557],[9.152568,53.588359],[9.148607,53.592396],[9.143644,53.593141],[9.135063,53.583853],[9.121974,53.570838],[9.122734,53.560161],[9.115632,53.555129],[9.10994,53.555191],[9.107154,53.554504],[9.105004,53.556609],[9.098451,53.559043],[9.09151,53.562738],[9.088136,53.561558],[9.082689,53.563347],[9.083506,53.566098],[9.078501,53.566804],[9.078449,53.568403],[9.074183,53.570784],[9.068646,53.572135],[9.06038,53.572245],[9.060447,53.570855],[9.052478,53.571108],[9.050406,53.568746],[9.049097,53.564761],[9.041179,53.561593],[9.037913,53.558395],[9.033612,53.557481],[9.026006,53.55491],[9.016821,53.554886],[9.011096,53.556007],[9.000182,53.55691],[8.995573,53.558237],[8.984205,53.556704],[8.979165,53.557101],[8.978888,53.552037],[8.977445,53.550123],[8.974046,53.550051],[8.97294,53.548563],[8.974989,53.544759],[8.978155,53.542303],[8.981311,53.542666],[8.98605,53.539138],[8.982066,53.536123],[8.978009,53.538239],[8.967153,53.533719],[8.966932,53.53057],[8.96361,53.529792],[8.951358,53.530726],[8.941089,53.532567],[8.936188,53.532823],[8.932661,53.536386],[8.922656,53.531837],[8.921377,53.531749],[8.910739,53.526751],[8.906756,53.526428],[8.904077,53.522115],[8.901648,53.519666],[8.898751,53.519296],[8.896576,53.516913],[8.904836,53.514539],[8.906801,53.51523],[8.913365,53.513445],[8.915067,53.514357],[8.920167,53.513838],[8.921697,53.511547],[8.933468,53.508749],[8.936441,53.509947],[8.941986,53.508391],[8.945402,53.508814],[8.951109,53.507626],[8.958171,53.507595],[8.961714,53.506796],[8.965634,53.501182],[8.963791,53.494525],[8.954595,53.491983],[8.956485,53.472565],[8.967863,53.472456],[8.973031,53.469419],[8.97111,53.464442],[8.965668,53.464581],[8.966266,53.455956],[8.964617,53.455436],[8.958379,53.457677],[8.950644,53.458305],[8.950979,53.456991],[8.930408,53.449369],[8.923168,53.447442],[8.916337,53.444462],[8.907259,53.438435],[8.910301,53.437453],[8.914152,53.43921],[8.915083,53.43651],[8.921516,53.436316],[8.927578,53.43472],[8.927591,53.433027],[8.930419,53.428857],[8.937088,53.421202],[8.954221,53.411558],[8.950201,53.410366],[8.952037,53.407518],[8.923716,53.392528],[8.916422,53.385467],[8.905828,53.389448],[8.902503,53.386385],[8.901948,53.384489],[8.911414,53.380926],[8.91071,53.38]]]}},
{"type":"Feature","id":"DEU:ADM3:DE-NI.heidekreis","properties":{"shapeName":"Heidekreis","shapeISO":"","shapeGroup":"DEU","shapeType":"ADM3","adm1ISO":"DE-NI","parentISO":"DE-NI","parentID":"DEU:ADM1:DE-NI","src_shape_id":"24449704B78897164823992"},"geometry":{"type":"Polygon","coordinates":[[[9.534659,52.660066],[9.534115,52.664523],[9.537945,52.664903],[9.538731,52.663125],[9.542634,52.663523],[9.541771,52.666078],[9.537872,52.665664],[9.537324,52.667691],[9.541031,52.668257],[9.539579,52.671311],[9.544402,52.670593],[9.548035,52.670918],[9.548318,52.672415],[9.5687,52.675144],[9.570107,52.676486],[9.587639,52.677047],[9.589947,52.674408],[9.587361,52.673869],[9.586003,52.669483],[9.586721,52.66703],[9.585311,52.665215],[9.587752,52.663789],[9.592785,52.664391],[9.595425,52.663144],[9.595009,52.66154],[9.589826,52.660478],[9.591333,52.657586],[9.594997,52.65828],[9.602097,52.655406],[9.603007,52.652986],[9.600721,52.6499],[9.600113,52.647088],[9.607109,52.647378],[9.610461,52.646022],[9.614272,52.647169],[9.620725,52.645289],[9.619423,52.641877],[9.621709,52.638991],[9.626608,52.639435],[9.63528,52.638185],[9.639931,52.635349],[9.662448,52.633511],[9.657894,52.632778],[9.646022,52.633765],[9.641175,52.633721],[9.635106,52.625787],[9.640561,52.622685],[9.638721,52.620768],[9.646223,52.608496],[9.642547,52.607598],[9.643791,52.605887],[9.650891,52.607194],[9.652292,52.605491],[9.658963,52.601895],[9.667324,52.600226],[9.669669,52.601178],[9.676641,52.59969],[9.677389,52.601504],[9.682564,52.600563],[9.694116,52.601426],[9.694792,52.599856],[9.698896,52.600182],[9.7033,52.602034],[9.705366,52.604152],[9.706369,52.60706],[9.709478,52.610141],[9.707094,52.610797],[9.707319,52.613535],[9.711566,52.614324],[9.709298,52.616147],[9.706508,52.620748],[9.713034,52.623788],[9.713219,52.632533],[9.715491,52.634541],[9.728261,52.633765],[9.734624,52.638303],[9.745698,52.651442],[9.745872,52.655954],[9.742626,52.664424],[9.742325,52.667476],[9.740012,52.6702],[9.738779,52.673598],[9.731568,52.674564],[9.729259,52.676124],[9.732202,52.678793],[9.733923,52.682515],[9.732266,52.683275],[9.732192,52.687092],[9.734306,52.693024],[9.738392,52.693193],[9.737925,52.697146],[9.733217,52.697841],[9.725827,52.706518],[9.730397,52.711466],[9.734399,52.712014],[9.742875,52.710782],[9.756623,52.712953],[9.760906,52.715353],[9.759521,52.716766],[9.755595,52.723944],[9.751679,52.732283],[9.771706,52.735643],[9.790271,52.738965],[9.793768,52.742211],[9.792751,52.743751],[9.800708,52.745806],[9.80097,52.744094],[9.816022,52.744243],[9.82274,52.748026],[9.831431,52.746129],[9.82978,52.754768],[9.825521,52.762546],[9.828035,52.772998],[9.827108,52.775424],[9.828901,52.780075],[9.825881,52.781993],[9.820426,52.77995],[9.816083,52.781768],[9.825427,52.786504],[9.822307,52.792763],[9.824217,52.796856],[9.821153,52.800327],[9.82545,52.802626],[9.827008,52.814404],[9.825791,52.817392],[9.826487,52.819419],[9.831737,52.819682],[9.832319,52.83012],[9.847342,52.833271],[9.853248,52.840601],[9.858283,52.841009],[9.857287,52.845939],[9.855017,52.850935],[9.852557,52.859733],[9.839631,52.86567],[9.840976,52.86833],[9.840671,52.870772],[9.838723,52.872483],[9.841321,52.876196],[9.843984,52.878188],[9.850807,52.879737],[9.85588,52.879927],[9.853517,52.883754],[9.864288,52.88637],[9.863612,52.89073],[9.861386,52.892893],[9.865238,52.896537],[9.865971,52.898312],[9.863716,52.900409],[9.867848,52.902233],[9.879543,52.903927],[9.881582,52.90574],[9.885749,52.901139],[9.881495,52.900994],[9.87359,52.897779],[9.876538,52.895463],[9.888557,52.90037],[9.890944,52.891103],[9.900802,52.890946],[9.913751,52.888626],[9.916978,52.888548],[9.944738,52.891653],[9.948942,52.888864],[9.950082,52.884076],[9.953125,52.877922],[9.957221,52.874685],[9.972474,52.87111],[9.972369,52.867334],[9.97507,52.866893],[9.979499,52.870144],[9.999001,52.873948],[10.005008,52.878917],[10.017107,52.885592],[10.033984,52.891268],[10.034304,52.892644],[10.03878,52.894073],[10.058045,52.897938],[10.066619,52.901937],[10.07012,52.906119],[10.076625,52.905432],[10.083351,52.908062],[10.083268,52.905787],[10.086365,52.905348],[10.086606,52.903452],[10.091975,52.901735],[10.10069,52.905154],[10.11317,52.899497],[10.119253,52.898394],[10.119704,52.900108],[10.117233,52.912507],[10.12635,52.912463],[10.132159,52.911483],[10.135488,52.915072],[10.14906,52.914379],[10.148941,52.91579],[10.156644,52.916636],[10.163033,52.937034],[10.164601,52.936211],[10.192137,52.929899],[10.192257,52.926303],[10.190884,52.922741],[10.209498,52.926689],[10.211095,52.928221],[10.214131,52.927139],[10.222668,52.927896],[10.236851,52.936133],[10.232014,52.938212],[10.223019,52.954009],[10.223685,52.9611],[10.224322,52.978363],[10.222153,52.979796],[10.216174,52.987739],[10.216092,53.007597],[10.211593,53.007218],[10.205987,53.014316],[10.197237,53.012092],[10.192073,53.014764],[10.180979,53.01192],[10.169494,53.012649],[10.158932,53.013762],[10.157351,53.025372],[10.15665,53.027339],[10.198343,53.029247],[10.204077,53.025746],[10.207821,53.025679],[10.213188,53.023323],[10.218309,53.024216],[10.214267,53.038641],[10.21787,53.044423],[10.21513,53.04599],[10.219752,53.052134],[10.21882,53.057155],[10.214408,53.058201],[10.211788,53.067734],[10.201885,53.067938],[10.199233,53.069522],[10.199616,53.072418],[10.198692,53.078771],[10.176476,53.075074],[10.169109,53.071958],[10.164887,53.066323],[10.15804,53.063537],[10.153632,53.056772],[10.164083,53.04836],[10.165614,53.041968],[10.150755,53.036412],[10.145756,53.047148],[10.126572,53.046142],[10.10574,53.045859],[10.091052,53.045278],[10.09119,53.04344],[10.082964,53.043049],[10.069276,53.043002],[10.063334,53.047263],[10.058187,53.047118],[10.054441,53.050526],[10.042604,53.052061],[10.042171,53.05991],[10.03609,53.062063],[10.045636,53.069477],[10.051859,53.065577],[10.060307,53.061881],[10.067404,53.065227],[10.072239,53.065071],[10.077041,53.065908],[10.072837,53.073694],[10.065677,53.069921],[10.063825,53.072183],[10.101565,53.08928],[10.0999,53.090048],[10.094486,53.096107],[10.099487,53.098835],[10.10549,53.099496],[10.11758,53.105557],[10.111837,53.108092],[10.10787,53.110659],[10.108816,53.111813],[10.105501,53.115047],[10.100198,53.113259],[10.096634,53.117048],[10.082306,53.124626],[10.076122,53.126269],[10.075396,53.129005],[10.073967,53.131213],[10.070204,53.131028],[10.071356,53.135969],[10.060907,53.136812],[10.061404,53.138526],[10.056753,53.14208],[10.051299,53.147206],[10.048692,53.150669],[10.041215,53.152249],[10.038297,53.153603],[10.036865,53.149208],[10.032402,53.152697],[10.029249,53.157477],[10.025731,53.158278],[9.996885,53.159346],[9.997791,53.164472],[10.001244,53.173563],[9.997624,53.174192],[9.991328,53.177198],[9.9846,53.179336],[9.980659,53.179868],[9.967969,53.180011],[9.956274,53.18087],[9.947084,53.178165],[9.934806,53.173891],[9.913182,53.173909],[9.903446,53.183555],[9.896957,53.186505],[9.892797,53.191904],[9.887653,53.195207],[9.883242,53.194508],[9.875941,53.197447],[9.857374,53.202187],[9.857324,53.203364],[9.851411,53.210175],[9.846697,53.210199],[9.832083,53.205498],[9.832931,53.202969],[9.828041,53.200411],[9.825897,53.196965],[9.799064,53.186954],[9.794308,53.187718],[9.789116,53.19022],[9.789443,53.192077],[9.785256,53.193837],[9.768316,53.195566],[9.765299,53.195408],[9.76047,53.1971],[9.75519,53.197952],[9.745727,53.201633],[9.743942,53.207329],[9.740185,53.208804],[9.737382,53.208715],[9.73616,53.211459],[9.725647,53.214247],[9.691316,53.218259],[9.6826,53.219482],[9.681882,53.212969],[9.696089,53.208236],[9.694554,53.199362],[9.70243,53.198506],[9.712055,53.196869],[9.707584,53.187707],[9.719596,53.184241],[9.717735,53.179006],[9.730086,53.173471],[9.734975,53.171937],[9.737597,53.167231],[9.743771,53.16727],[9.747063,53.169145],[9.758395,53.167846],[9.758328,53.165818],[9.745115,53.163373],[9.729172,53.160029],[9.72705,53.157233],[9.722565,53.156713],[9.712382,53.158297],[9.700273,53.156195],[9.692112,53.15637],[9.681324,53.158294],[9.672299,53.161148],[9.669241,53.147826],[9.673459,53.136717],[9.665802,53.134376],[9.663684,53.134955],[9.660106,53.140719],[9.645853,53.144136],[9.642377,53.142196],[9.651111,53.136825],[9.647934,53.134425],[9.643933,53.135623],[9.642885,53.132177],[9.64391,53.130996],[9.642641,53.126297],[9.632018,53.128596],[9.627887,53.121121],[9.628882,53.118422],[9.62533,53.115179],[9.628432,53.107856],[9.63517,53.100191],[9.64329,53.097765],[9.646201,53.089803],[9.640306,53.089556],[9.64089,53.086387],[9.643142,53.080839],[9.64162,53.077715],[9.635115,53.069437],[9.632044,53.067543],[9.62515,53.066102],[9.623508,53.064607],[9.62375,53.062172],[9.627381,53.060409],[9.615329,53.058659],[9.611171,53.055765],[9.607947,53.05447],[9.615829,53.052271],[9.61238,53.049423],[9.616587,53.048729],[9.618348,53.044899],[9.615508,53.044026],[9.615894,53.039762],[9.620996,53.03676],[9.62284,53.039732],[9.625432,53.039179],[9.627191,53.035838],[9.631173,53.036194],[9.638411,53.034133],[9.640375,53.031992],[9.645854,53.028762],[9.654125,53.029562],[9.674418,53.021055],[9.676034,53.014661],[9.677978,53.013337],[9.676053,53.011476],[9.66676,53.009156],[9.658125,53.004928],[9.65998,53.001225],[9.657046,53.000595],[9.656906,52.997621],[9.654194,52.996372],[9.662693,52.992862],[9.661336,52.990594],[9.666438,52.989718],[9.680305,52.98987],[9.679745,52.986762],[9.671788,52.984767],[9.662785,52.98424],[9.660574,52.981456],[9.665331,52.981947],[9.675753,52.983843],[9.678456,52.981092],[9.672892,52.979053],[9.667266,52.978059],[9.670953,52.976007],[9.669475,52.974086],[9.662663,52.970214],[9.652163,52.965158],[9.640552,52.960763],[9.634883,52.959779],[9.632087,52.960046],[9.627311,52.957242],[9.627623,52.955281],[9.624191,52.953715],[9.618384,52.95393],[9.61665,52.957146],[9.608168,52.954388],[9.603899,52.955182],[9.603824,52.942376],[9.597836,52.939634],[9.597789,52.937433],[9.595287,52.932038],[9.589988,52.928618],[9.588963,52.926561],[9.58526,52.925047],[9.581616,52.924936],[9.577781,52.926335],[9.567228,52.924077],[9.561124,52.924906],[9.56203,52.931044],[9.561397,52.937345],[9.555124,52.940553],[9.550676,52.941413],[9.553797,52.94377],[9.551388,52.947417],[9.542571,52.949583],[9.540803,52.95091],[9.535743,52.951239],[9.512526,52.948816],[9.508805,52.946802],[9.50726,52.942562],[9.507869,52.938221],[9.503746,52.935453],[9.496672,52.934497],[9.494193,52.933568],[9.488008,52.934012],[9.48255,52.932554],[9.474081,52.931989],[9.468369,52.929998],[9.469411,52.928065],[9.464515,52.925533],[9.464186,52.923678],[9.459618,52.919287],[9.454723,52.917411],[9.451337,52.916555],[9.451978,52.913314],[9.441433,52.908287],[9.43652,52.907255],[9.43523,52.905859],[9.431714,52.906745],[9.427951,52.906552],[9.426832,52.902611],[9.422316,52.903516],[9.417953,52.901445],[9.412866,52.898012],[9.412782,52.896616],[9.416167,52.89366],[9.416851,52.890651],[9.415163,52.88828],[9.4169,52.884234],[9.414149,52.883073],[9.413501,52.87916],[9.40566,52.87828],[9.404014,52.874436],[9.396209,52.87184],[9.397853,52.867069],[9.382167,52.859193],[9.381506,52.855923],[9.379314,52.855687],[9.37523,52.849925],[9.387353,52.840908],[9.3894,52.837332],[9.38818,52.83328],[9.380103,52.826111],[9.378541,52.826825],[9.366234,52.820569],[9.354927,52.824887],[9.351555,52.827417],[9.345914,52.825546],[9.343518,52.826319],[9.341018,52.820578],[9.338388,52.81928],[9.333147,52.818219],[9.330355,52.816883],[9.331089,52.814321],[9.333197,52.813294],[9.341152,52.813918],[9.34407,52.813446],[9.343894,52.808139],[9.346055,52.806565],[9.349692,52.805747],[9.357856,52.805024],[9.360325,52.804238],[9.360469,52.802063],[9.354925,52.800716],[9.340397,52.801396],[9.344156,52.796989],[9.3512,52.794431],[9.348835,52.79165],[9.348339,52.789197],[9.343925,52.787231],[9.347977,52.784239],[9.347236,52.782142],[9.348839,52.777827],[9.342375,52.776668],[9.344097,52.774594],[9.341838,52.772431],[9.336837,52.773335],[9.343378,52.781958],[9.341143,52.783322],[9.33308,52.777296],[9.330166,52.77772],[9.326688,52.772714],[9.328669,52.771971],[9.328418,52.768067],[9.325602,52.767712],[9.323334,52.76457],[9.323056,52.761833],[9.317167,52.759439],[9.318843,52.757838],[9.32378,52.758005],[9.326477,52.756889],[9.328555,52.758385],[9.333487,52.754269],[9.338831,52.75389],[9.341837,52.750655],[9.340146,52.749529],[9.338368,52.744425],[9.331324,52.741019],[9.334815,52.739458],[9.344836,52.738484],[9.350347,52.725752],[9.334362,52.72444],[9.324904,52.722781],[9.322139,52.72089],[9.331935,52.714996],[9.34814,52.714819],[9.368025,52.730662],[9.369568,52.736093],[9.377881,52.733869],[9.40196,52.733496],[9.402356,52.731318],[9.41138,52.726371],[9.419429,52.724616],[9.423352,52.724548],[9.4356,52.725808],[9.440536,52.726894],[9.448139,52.7267],[9.461764,52.728085],[9.469754,52.728441],[9.48091,52.727061],[9.480722,52.724291],[9.481194,52.704994],[9.496468,52.703385],[9.504052,52.703513],[9.506835,52.704229],[9.507822,52.701098],[9.510684,52.700888],[9.509917,52.695732],[9.506901,52.693879],[9.507467,52.689878],[9.503935,52.679053],[9.510904,52.678912],[9.512021,52.672498],[9.517815,52.672486],[9.5245,52.662819],[9.524986,52.660322],[9.534659,52.660066]]]}},
{"type":"Feature","id":"DEU:ADM3:DE-NI.stade","properties":{"shapeName":"Stade","shapeISO":"","shapeGroup":"DEU","shapeType":"ADM3","adm1ISO":"DE-NI","parentISO":"DE-NI","parentID":"DEU:ADM1:DE-NI","src_shape_id":"24449704B67459323092731"},"geometry":{"type":"Polygon","coordinates":[[[9.768861,53.505279],[9.763784,53.508673],[9.766203,53.514609],[9.769027,53.519721],[9.771585,53.522756],[9.77832,53.519461],[9.776263,53.525072],[9.773766,53.527648],[9.769996,53.52945],[9.771523,53.531068],[9.765442,53.541115],[9.772076,53.543386],[9.773577,53.550061],[9.773735,53.550903],[9.774233,53.553583],[9.762708,53.555204],[9.740286,53.556892],[9.73204,53.557472],[9.730104,53.557581],[9.716279,53.558517],[9.702788,53.559328],[9.699618,53.560021],[9.691607,53.561579],[9.67576,53.564689],[9.633385,53.582456],[9.587862,53.59851],[9.562524,53.611444],[9.55063,53.616014],[9.543302,53.622355],[9.536834,53.630571],[9.531083,53.642845],[9.529999,53.657237],[9.526796,53.664431],[9.519747,53.67432],[9.511972,53.68526],[9.507804,53.691164],[9.502181,53.696805],[9.48589,53.707665],[9.447082,53.724582],[9.433311,53.731978],[9.422587,53.740668],[9.406265,53.76044],[9.381455,53.790743],[9.367622,53.808589],[9.358718,53.817903],[9.340017,53.831655],[9.319524,53.850836],[9.289728,53.863351],[9.272733,53.867663],[9.275123,53.857269],[9.265371,53.85917],[9.245098,53.860873],[9.215925,53.864212],[9.207508,53.864601],[9.200245,53.865404],[9.190456,53.86592],[9.184668,53.865811],[9.168688,53.866235],[9.165608,53.865679],[9.149082,53.865549],[9.140291,53.865025],[9.117871,53.86435],[9.106117,53.863411],[9.100609,53.863349],[9.098545,53.862517],[9.088946,53.8621],[9.081564,53.860328],[9.069199,53.856026],[9.057457,53.853632],[9.040841,53.847275],[9.032333,53.845001],[9.029372,53.843609],[9.020032,53.841989],[9.013168,53.840239],[9.017062,53.837552],[9.018513,53.834841],[9.025081,53.83079],[9.028403,53.828002],[9.029918,53.825565],[9.033533,53.819335],[9.040279,53.812882],[9.047698,53.815764],[9.051366,53.815069],[9.051698,53.812315],[9.057771,53.812759],[9.065878,53.811482],[9.06501,53.80972],[9.065636,53.805457],[9.074812,53.804897],[9.076832,53.80993],[9.083638,53.808312],[9.084653,53.810331],[9.091952,53.807805],[9.091766,53.804824],[9.094522,53.805035],[9.096107,53.8072],[9.100577,53.808383],[9.10039,53.801004],[9.106864,53.801696],[9.107832,53.804645],[9.116597,53.803485],[9.119157,53.80125],[9.124031,53.801214],[9.124007,53.797574],[9.129577,53.797994],[9.137111,53.799378],[9.141933,53.800771],[9.142578,53.792478],[9.145075,53.790744],[9.143705,53.788438],[9.146681,53.785954],[9.150022,53.785353],[9.153663,53.786354],[9.15948,53.781744],[9.168197,53.779978],[9.167347,53.785926],[9.169057,53.787068],[9.174744,53.786661],[9.174923,53.782782],[9.180335,53.783414],[9.181179,53.780028],[9.186227,53.779739],[9.186268,53.773342],[9.188539,53.771461],[9.202586,53.768868],[9.202929,53.766885],[9.209492,53.764766],[9.221854,53.755213],[9.223647,53.755599],[9.261682,53.768097],[9.268697,53.758285],[9.275897,53.742576],[9.29858,53.729636],[9.286805,53.723733],[9.279183,53.721061],[9.256131,53.709133],[9.250694,53.706508],[9.255387,53.703255],[9.242698,53.699104],[9.236726,53.697758],[9.220725,53.692931],[9.217175,53.68646],[9.213695,53.683571],[9.207816,53.681941],[9.207861,53.68042],[9.211338,53.677959],[9.216318,53.676027],[9.219608,53.673147],[9.22895,53.670999],[9.239579,53.66931],[9.246637,53.667504],[9.249056,53.668313],[9.248572,53.675417],[9.250703,53.676508],[9.259021,53.676925],[9.267382,53.672943],[9.271461,53.673126],[9.275979,53.671911],[9.279231,53.668733],[9.278824,53.66754],[9.274334,53.664904],[9.274996,53.66092],[9.272332,53.656396],[9.271782,53.653157],[9.274407,53.650025],[9.279521,53.648336],[9.27986,53.646223],[9.278145,53.643519],[9.273586,53.641668],[9.267925,53.640922],[9.263229,53.642872],[9.260146,53.642936],[9.254156,53.641117],[9.252589,53.63996],[9.253144,53.635923],[9.257198,53.633966],[9.25817,53.629388],[9.243788,53.628767],[9.238296,53.629187],[9.23534,53.63044],[9.232727,53.633169],[9.230496,53.633315],[9.227621,53.630385],[9.230083,53.626891],[9.228271,53.624543],[9.225343,53.623466],[9.21944,53.622906],[9.218022,53.619444],[9.209834,53.617742],[9.204623,53.618139],[9.202498,53.619662],[9.203962,53.622911],[9.200146,53.623466],[9.187399,53.621738],[9.185984,53.617827],[9.190538,53.614658],[9.188262,53.611642],[9.179799,53.614957],[9.175985,53.614638],[9.173992,53.613053],[9.174062,53.610492],[9.167126,53.608491],[9.165749,53.606826],[9.152179,53.606355],[9.155904,53.60219],[9.154392,53.600745],[9.14973,53.599058],[9.152675,53.596161],[9.15243,53.594307],[9.148607,53.592396],[9.152568,53.588359],[9.154952,53.580557],[9.15783,53.576351],[9.161263,53.575151],[9.160502,53.562106],[9.161065,53.560942],[9.158954,53.555931],[9.165432,53.552856],[9.171052,53.542734],[9.180625,53.538495],[9.182432,53.537122],[9.183392,53.533454],[9.185544,53.531524],[9.189847,53.532261],[9.203897,53.532127],[9.203623,53.534749],[9.209796,53.535155],[9.209624,53.537921],[9.212839,53.540948],[9.2257,53.539715],[9.247622,53.539715],[9.250981,53.541483],[9.25333,53.545008],[9.252707,53.547091],[9.259455,53.547527],[9.259758,53.546506],[9.273032,53.547115],[9.27375,53.542901],[9.269959,53.543121],[9.2607,53.541915],[9.261992,53.533578],[9.27025,53.531207],[9.272189,53.527146],[9.275391,53.527519],[9.278385,53.526333],[9.28286,53.523262],[9.279786,53.520831],[9.276711,53.520366],[9.27438,53.5173],[9.269173,53.514247],[9.266319,53.515003],[9.260605,53.512995],[9.233459,53.497592],[9.226018,53.497016],[9.232463,53.49057],[9.234753,53.485362],[9.230115,53.483688],[9.234671,53.479104],[9.231824,53.478395],[9.237968,53.468417],[9.24245,53.463596],[9.247644,53.467716],[9.249984,53.466455],[9.253385,53.460216],[9.26056,53.464252],[9.270614,53.459922],[9.275708,53.464889],[9.275983,53.466941],[9.281636,53.468372],[9.281754,53.470689],[9.285757,53.471513],[9.291826,53.461749],[9.307747,53.453309],[9.325233,53.461398],[9.325889,53.463894],[9.331488,53.458384],[9.332014,53.455193],[9.336277,53.450492],[9.34356,53.450531],[9.346265,53.447588],[9.338115,53.445262],[9.346831,53.436715],[9.344103,53.426729],[9.338076,53.418891],[9.341499,53.410591],[9.352276,53.408023],[9.370642,53.409449],[9.375334,53.406339],[9.374743,53.402388],[9.365564,53.394403],[9.356844,53.38973],[9.361757,53.384924],[9.36673,53.383369],[9.380797,53.377575],[9.392594,53.370168],[9.39224,53.36814],[9.396148,53.366395],[9.404834,53.366312],[9.406301,53.36252],[9.411583,53.360636],[9.413189,53.357929],[9.420912,53.354592],[9.43377,53.351315],[9.438979,53.349341],[9.442106,53.345779],[9.450455,53.345433],[9.453475,53.3468],[9.461052,53.347927],[9.458785,53.34941],[9.461945,53.351968],[9.46492,53.351899],[9.468518,53.349525],[9.476213,53.350191],[9.474178,53.359486],[9.479453,53.358793],[9.490581,53.365978],[9.491054,53.369597],[9.497164,53.373666],[9.506157,53.381814],[9.505798,53.383327],[9.511681,53.383494],[9.511906,53.385926],[9.516958,53.386106],[9.514954,53.382585],[9.530924,53.373249],[9.544656,53.371497],[9.547423,53.373115],[9.565188,53.372669],[9.568849,53.370108],[9.573275,53.369719],[9.569352,53.359812],[9.570445,53.35503],[9.565385,53.354883],[9.560937,53.353537],[9.555175,53.348325],[9.554911,53.345267],[9.556073,53.342867],[9.562704,53.337588],[9.565992,53.341154],[9.570004,53.343216],[9.574881,53.346983],[9.583659,53.358212],[9.59588,53.362266],[9.5958,53.364692],[9.60208,53.368885],[9.609652,53.37001],[9.61703,53.366924],[9.618246,53.370077],[9.616488,53.379052],[9.620533,53.383467],[9.619596,53.386064],[9.623148,53.386835],[9.62211,53.388826],[9.626209,53.391381],[9.631778,53.392642],[9.642471,53.392631],[9.646532,53.394678],[9.643606,53.396383],[9.646385,53.400802],[9.649398,53.40137],[9.649301,53.406363],[9.65184,53.409777],[9.666717,53.409422],[9.670513,53.408369],[9.675865,53.409116],[9.688351,53.413269],[9.68842,53.414795],[9.696973,53.415041],[9.705109,53.415724],[9.718919,53.423308],[9.726711,53.422593],[9.740741,53.437885],[9.742425,53.436866],[9.749892,53.43931],[9.752027,53.437383],[9.756723,53.436641],[9.765892,53.435999],[9.775199,53.436969],[9.776998,53.439944],[9.783427,53.440461],[9.783694,53.445597],[9.780248,53.456278],[9.776148,53.46014],[9.770445,53.458085],[9.7672,53.471072],[9.771169,53.472047],[9.770133,53.479558],[9.76779,53.481889],[9.759717,53.480861],[9.760293,53.484208],[9.749732,53.48492],[9.750191,53.489889],[9.743617,53.490146],[9.738072,53.490965],[9.739651,53.492934],[9.743679,53.492484],[9.746925,53.49619],[9.756994,53.494991],[9.758455,53.495832],[9.765255,53.494823],[9.7694,53.504572],[9.768861,53.505279]]]}},
{"type":"Feature","id":"DEU:ADM3:DE-NI.uelzen","properties":{"shapeName":"Uelzen","shapeISO":"","shapeGroup":"DEU","shapeType":"ADM3","adm1ISO":"DE-NI","parentISO":"DE-NI","parentID":"DEU:ADM1:DE-NI","src_shape_id":"24449704B85092418584391"},"geometry":{"type":"MultiPolygon","coordinates":[[[[10.759314,52.79583],[10.761744,52.802726],[10.756996,52.818102],[10.75865,52.820457],[10.764434,52.823643],[10.766967,52.827701],[10.763986,52.830208],[10.771729,52.833946],[10.764697,52.840479],[10.766692,52.842192],[10.774298,52.842884],[10.796147,52.843642],[10.800553,52.850292],[10.808911,52.848606],[10.824274,52.84727],[10.834775,52.847475],[10.840006,52.850402],[10.841556,52.852205],[10.839458,52.853971],[10.831959,52.85428],[10.832989,52.860922],[10.829667,52.861579],[10.81808,52.865852],[10.807282,52.865623],[10.804068,52.866916],[10.813783,52.8716],[10.817065,52.875946],[10.82552,52.876209],[10.827064,52.881445],[10.822996,52.883832],[10.82376,52.88502],[10.814889,52.887941],[10.809398,52.891191],[10.804569,52.897408],[10.810163,52.901155],[10.81426,52.901858],[10.813112,52.905941],[10.819437,52.913783],[10.823403,52.917059],[10.831329,52.920254],[10.831752,52.922133],[10.835683,52.924603],[10.843029,52.926352],[10.84225,52.929269],[10.842968,52.932039],[10.850185,52.929993],[10.854772,52.926087],[10.856457,52.927662],[10.862405,52.929115],[10.854442,52.933409],[10.856574,52.934211],[10.852068,52.936936],[10.851856,52.939981],[10.855845,52.947525],[10.859427,52.950572],[10.86032,52.955963],[10.872835,52.96069],[10.87347,52.963746],[10.858853,52.961959],[10.85338,52.960506],[10.85007,52.965451],[10.849773,52.968268],[10.845365,52.97405],[10.842413,52.975514],[10.841074,52.979627],[10.843707,52.980822],[10.850885,52.981516],[10.857568,52.984029],[10.863598,52.98732],[10.862768,52.989606],[10.864458,52.99306],[10.880436,52.992896],[10.885186,52.994302],[10.892682,52.998176],[10.888142,53.003516],[10.888978,53.006518],[10.888195,53.009512],[10.888572,53.013476],[10.890487,53.017668],[10.88226,53.017928],[10.875013,53.017662],[10.871626,53.019129],[10.871882,53.025027],[10.870957,53.036535],[10.865893,53.037963],[10.865963,53.039969],[10.861122,53.040831],[10.861178,53.044041],[10.854796,53.042996],[10.839962,53.044474],[10.841495,53.049575],[10.841417,53.057133],[10.836524,53.065096],[10.833256,53.077025],[10.830231,53.076534],[10.828682,53.078562],[10.816094,53.084047],[10.803918,53.091548],[10.796081,53.094129],[10.78882,53.095809],[10.780096,53.095524],[10.767816,53.097259],[10.767641,53.099602],[10.762257,53.102852],[10.767071,53.107392],[10.773403,53.109511],[10.776396,53.113999],[10.767766,53.112021],[10.755098,53.111211],[10.750509,53.121243],[10.75468,53.12163],[10.754824,53.123338],[10.744631,53.122963],[10.727629,53.138097],[10.722746,53.141039],[10.71728,53.143015],[10.715067,53.145032],[10.703789,53.14507],[10.703684,53.142951],[10.701457,53.141914],[10.696671,53.143119],[10.699979,53.146845],[10.695114,53.149994],[10.692423,53.148488],[10.676273,53.152539],[10.673589,53.152717],[10.668959,53.155809],[10.665591,53.154411],[10.661589,53.154526],[10.656693,53.157157],[10.650538,53.158792],[10.644553,53.158062],[10.644276,53.160346],[10.64118,53.160232],[10.639993,53.158544],[10.63248,53.159129],[10.628374,53.163923],[10.627679,53.168279],[10.629198,53.173599],[10.636039,53.172996],[10.641031,53.174278],[10.658777,53.176243],[10.660579,53.177098],[10.662067,53.182975],[10.658529,53.189532],[10.653064,53.18864],[10.645784,53.186485],[10.646257,53.184999],[10.640071,53.183119],[10.64046,53.187568],[10.633714,53.188897],[10.632529,53.18781],[10.622062,53.189022],[10.606783,53.191549],[10.59937,53.186363],[10.6016,53.185039],[10.601338,53.182501],[10.598489,53.179122],[10.591819,53.174161],[10.580866,53.170502],[10.58,53.174289],[10.576852,53.175959],[10.572486,53.176992],[10.572983,53.178413],[10.56923,53.180186],[10.566613,53.179504],[10.563761,53.174365],[10.552601,53.174945],[10.542621,53.17343],[10.537775,53.174061],[10.53911,53.178968],[10.53874,53.183454],[10.534747,53.185873],[10.534481,53.188735],[10.521538,53.194136],[10.522781,53.197264],[10.509027,53.203872],[10.501871,53.1959],[10.492847,53.189518],[10.482341,53.188133],[10.476355,53.188078],[10.470176,53.186305],[10.464331,53.179284],[10.464483,53.176345],[10.462733,53.174951],[10.452888,53.175828],[10.447579,53.174514],[10.441736,53.169864],[10.44171,53.166529],[10.4436,53.162494],[10.4384,53.158959],[10.436814,53.159129],[10.419869,53.15147],[10.41408,53.152778],[10.405871,53.152799],[10.402362,53.150252],[10.396994,53.150392],[10.391565,53.145075],[10.392271,53.143538],[10.387924,53.142222],[10.388376,53.140658],[10.399305,53.14038],[10.397636,53.137979],[10.398883,53.13513],[10.397038,53.131416],[10.391739,53.128985],[10.388651,53.126582],[10.390308,53.123602],[10.393591,53.123034],[10.393994,53.119823],[10.389345,53.113564],[10.385127,53.113877],[10.375852,53.113236],[10.368267,53.114857],[10.358465,53.114418],[10.346468,53.115759],[10.344221,53.112865],[10.329215,53.114119],[10.313949,53.088663],[10.297845,53.089518],[10.276124,53.095908],[10.27308,53.093237],[10.27075,53.093067],[10.267387,53.090967],[10.259692,53.087627],[10.252956,53.087029],[10.248031,53.085591],[10.237023,53.084622],[10.232396,53.085574],[10.229895,53.084562],[10.233627,53.080069],[10.220395,53.076099],[10.211872,53.076339],[10.210907,53.071892],[10.212569,53.071383],[10.211788,53.067734],[10.214408,53.058201],[10.21882,53.057155],[10.219752,53.052134],[10.21513,53.04599],[10.21787,53.044423],[10.214267,53.038641],[10.218309,53.024216],[10.213188,53.023323],[10.207821,53.025679],[10.204077,53.025746],[10.198343,53.029247],[10.15665,53.027339],[10.157351,53.025372],[10.158932,53.013762],[10.169494,53.012649],[10.180979,53.01192],[10.192073,53.014764],[10.197237,53.012092],[10.205987,53.014316],[10.211593,53.007218],[10.216092,53.007597],[10.216174,52.987739],[10.222153,52.979796],[10.224322,52.978363],[10.223685,52.9611],[10.223019,52.954009],[10.232014,52.938212],[10.236851,52.936133],[10.246657,52.932084],[10.244327,52.929109],[10.250005,52.921834],[10.271216,52.904812],[10.280922,52.881544],[10.282963,52.877484],[10.298279,52.868637],[10.305406,52.874952],[10.31214,52.872426],[10.308923,52.871518],[10.303151,52.865588],[10.308361,52.86252],[10.318293,52.861738],[10.31645,52.85419],[10.322946,52.846258],[10.313948,52.842429],[10.318555,52.837066],[10.320962,52.836701],[10.329095,52.841388],[10.342419,52.843725],[10.364706,52.839877],[10.379266,52.816879],[10.401764,52.814037],[10.413503,52.80554],[10.416945,52.80566],[10.42363,52.809287],[10.432098,52.812233],[10.438458,52.816237],[10.44441,52.815763],[10.445804,52.81589],[10.457953,52.810377],[10.458864,52.809113],[10.471458,52.814381],[10.478667,52.816337],[10.523872,52.832431],[10.531009,52.827955],[10.536512,52.830749],[10.532567,52.834222],[10.552464,52.832398],[10.556426,52.830699],[10.570978,52.820584],[10.57547,52.817003],[10.579611,52.815224],[10.584752,52.808976],[10.591028,52.799959],[10.591081,52.798065],[10.593669,52.794638],[10.599689,52.79341],[10.601948,52.795656],[10.618848,52.786362],[10.632937,52.776556],[10.632145,52.774192],[10.636319,52.772218],[10.641584,52.772554],[10.64878,52.769803],[10.660957,52.767423],[10.66962,52.765208],[10.670451,52.770278],[10.67401,52.769935],[10.674662,52.77324],[10.682831,52.772383],[10.682592,52.775625],[10.68834,52.775158],[10.690622,52.778121],[10.69376,52.778511],[10.694672,52.781699],[10.70373,52.781948],[10.709149,52.783215],[10.713149,52.782523],[10.723185,52.78333],[10.743825,52.789314],[10.747631,52.795371],[10.749241,52.796669],[10.754149,52.795886],[10.759314,52.79583]]],[[[10.145756,53.047148],[10.150755,53.036412],[10.165614,53.041968],[10.164083,53.04836],[10.153632,53.056772],[10.145756,53.047148]]]]}},
{"type":"Feature","id":"DEU:ADM3:DE-NI.verden","properties":{"shapeName":"Verden","shapeISO":"","shapeGroup":"DEU","shapeType":"ADM3","adm1ISO":"DE-NI","parentISO":"DE-NI","parentID":"DEU:ADM1:DE-NI","src_shape_id":"24449704B74680623677722"},"geometry":{"type":"Polygon","coordinates":[[[8.915827,53.011021],[8.92767,53.009601],[8.919801,53.004143],[8.91943,53.002927],[8.926532,53.000936],[8.931301,52.99884],[8.931281,52.993226],[8.932546,52.990982],[8.929321,52.989499],[8.927259,52.986649],[8.924702,52.986148],[8.916833,52.980543],[8.910278,52.983659],[8.907301,52.978695],[8.907973,52.977945],[8.905422,52.973571],[8.903698,52.96771],[8.905882,52.959205],[8.912092,52.947322],[8.91633,52.944352],[8.92195,52.936161],[8.927112,52.929501],[8.930196,52.926457],[8.930575,52.922458],[8.932554,52.919259],[8.931275,52.917802],[8.931772,52.915111],[8.935113,52.916414],[8.936465,52.908865],[8.941867,52.902984],[8.944495,52.898543],[8.946269,52.897257],[8.950955,52.898189],[8.952622,52.895408],[8.95012,52.894172],[8.952131,52.888909],[8.963831,52.895909],[8.96556,52.897816],[8.9717,52.893456],[8.970834,52.89256],[8.979412,52.888842],[8.981804,52.888527],[8.985607,52.894652],[8.990036,52.897351],[8.991183,52.89989],[8.99029,52.902579],[8.994544,52.908802],[8.99389,52.912371],[8.998113,52.918421],[9.001225,52.924502],[9.004171,52.927005],[9.009379,52.925178],[9.010445,52.926218],[9.021074,52.926233],[9.03016,52.923281],[9.032699,52.926146],[9.038526,52.925673],[9.036159,52.92143],[9.038167,52.920995],[9.041183,52.924871],[9.058505,52.922885],[9.061985,52.922862],[9.06727,52.919075],[9.071084,52.917061],[9.072971,52.91435],[9.073922,52.910224],[9.075916,52.908791],[9.07777,52.904317],[9.079595,52.902126],[9.086957,52.905368],[9.089103,52.904305],[9.089853,52.90176],[9.093217,52.900243],[9.100615,52.902461],[9.100423,52.904058],[9.109468,52.903961],[9.111742,52.899779],[9.115513,52.898704],[9.115997,52.896953],[9.130774,52.895967],[9.139401,52.894546],[9.13942,52.89683],[9.148429,52.894962],[9.152472,52.893404],[9.15638,52.894106],[9.162257,52.893973],[9.161399,52.895789],[9.165851,52.89759],[9.167621,52.899611],[9.164254,52.901728],[9.160261,52.906908],[9.164605,52.907369],[9.166783,52.909534],[9.170598,52.905403],[9.170177,52.900084],[9.175885,52.892171],[9.176853,52.886624],[9.183107,52.884282],[9.189939,52.88396],[9.195214,52.882003],[9.196691,52.879522],[9.200921,52.877426],[9.208062,52.876622],[9.210876,52.8745],[9.2112,52.8715],[9.205598,52.867097],[9.201853,52.863417],[9.198492,52.862738],[9.19067,52.863612],[9.183624,52.862608],[9.180354,52.860193],[9.181697,52.855996],[9.186183,52.854632],[9.190233,52.854846],[9.197224,52.856372],[9.20117,52.853131],[9.20439,52.851881],[9.212198,52.851413],[9.219057,52.84948],[9.220526,52.846586],[9.215624,52.843512],[9.204083,52.841772],[9.201371,52.840434],[9.199957,52.837755],[9.202072,52.833438],[9.200978,52.830216],[9.19683,52.827131],[9.195594,52.825096],[9.194244,52.819015],[9.192288,52.816067],[9.196518,52.81471],[9.201151,52.815614],[9.203367,52.813929],[9.209879,52.81559],[9.210612,52.814375],[9.221022,52.814728],[9.225153,52.818665],[9.225034,52.820267],[9.231739,52.822448],[9.241807,52.821267],[9.238937,52.819537],[9.236228,52.811181],[9.239059,52.811068],[9.242264,52.806009],[9.245937,52.805262],[9.250957,52.803071],[9.271141,52.805058],[9.274205,52.811872],[9.269839,52.811516],[9.269636,52.814736],[9.287835,52.816514],[9.29307,52.817517],[9.291134,52.81362],[9.301201,52.813078],[9.306963,52.811611],[9.306921,52.807627],[9.30147,52.806719],[9.297045,52.80111],[9.300214,52.798377],[9.305176,52.798611],[9.30375,52.795611],[9.303647,52.791858],[9.30548,52.788233],[9.301131,52.783575],[9.302273,52.780493],[9.306262,52.780984],[9.304395,52.774518],[9.32421,52.772951],[9.325602,52.767712],[9.328418,52.768067],[9.328669,52.771971],[9.326688,52.772714],[9.330166,52.77772],[9.33308,52.777296],[9.341143,52.783322],[9.343378,52.781958],[9.336837,52.773335],[9.341838,52.772431],[9.344097,52.774594],[9.342375,52.776668],[9.348839,52.777827],[9.347236,52.782142],[9.347977,52.784239],[9.343925,52.787231],[9.348339,52.789197],[9.348835,52.79165],[9.3512,52.794431],[9.344156,52.796989],[9.340397,52.801396],[9.354925,52.800716],[9.360469,52.802063],[9.360325,52.804238],[9.357856,52.805024],[9.349692,52.805747],[9.346055,52.806565],[9.343894,52.808139],[9.34407,52.813446],[9.341152,52.813918],[9.333197,52.813294],[9.331089,52.814321],[9.330355,52.816883],[9.333147,52.818219],[9.338388,52.81928],[9.341018,52.820578],[9.343518,52.826319],[9.345914,52.825546],[9.351555,52.827417],[9.354927,52.824887],[9.366234,52.820569],[9.378541,52.826825],[9.380103,52.826111],[9.38818,52.83328],[9.3894,52.837332],[9.387353,52.840908],[9.37523,52.849925],[9.379314,52.855687],[9.381506,52.855923],[9.382167,52.859193],[9.397853,52.867069],[9.396209,52.87184],[9.404014,52.874436],[9.40566,52.87828],[9.413501,52.87916],[9.414149,52.883073],[9.4169,52.884234],[9.415163,52.88828],[9.416851,52.890651],[9.416167,52.89366],[9.412782,52.896616],[9.412866,52.898012],[9.417953,52.901445],[9.422316,52.903516],[9.426832,52.902611],[9.427951,52.906552],[9.431714,52.906745],[9.43523,52.905859],[9.43652,52.907255],[9.441433,52.908287],[9.451978,52.913314],[9.451337,52.916555],[9.454723,52.917411],[9.457132,52.926324],[9.456763,52.930413],[9.449028,52.936801],[9.449678,52.941054],[9.444373,52.946076],[9.444299,52.948763],[9.449795,52.949496],[9.449711,52.95174],[9.456125,52.954993],[9.459977,52.956055],[9.463245,52.959554],[9.456561,52.965206],[9.46012,52.965218],[9.463927,52.969261],[9.453169,52.974398],[9.454612,52.974965],[9.455478,52.982518],[9.455132,52.985132],[9.457697,52.989113],[9.437319,53.002814],[9.42098,52.997892],[9.403913,52.997415],[9.392817,52.994059],[9.392719,52.991337],[9.38828,52.990729],[9.382373,52.986869],[9.380345,52.984147],[9.373148,52.982332],[9.36987,52.984657],[9.357218,52.985761],[9.355212,52.988396],[9.350361,52.988814],[9.347019,52.987873],[9.336814,52.987099],[9.334361,52.988952],[9.338887,52.998828],[9.349606,53.003281],[9.350194,53.004204],[9.343345,53.007142],[9.342556,53.013168],[9.340432,53.014765],[9.331534,53.013538],[9.330072,53.012744],[9.331258,53.006932],[9.325578,53.007071],[9.324859,53.010804],[9.327249,53.012886],[9.321544,53.016068],[9.315655,53.01527],[9.312533,53.012527],[9.295956,53.019832],[9.296516,53.021303],[9.292127,53.027159],[9.285349,53.029147],[9.283192,53.028364],[9.268077,53.030493],[9.259638,53.032744],[9.25875,53.031449],[9.253312,53.030701],[9.24764,53.032999],[9.244264,53.033692],[9.243956,53.035622],[9.231012,53.036028],[9.228133,53.039153],[9.222098,53.042552],[9.215314,53.04142],[9.204845,53.038884],[9.20436,53.036024],[9.187788,53.048068],[9.182378,53.057396],[9.185862,53.063691],[9.17769,53.072847],[9.168874,53.072228],[9.162721,53.07823],[9.161317,53.082172],[9.155648,53.086701],[9.158679,53.088351],[9.160187,53.090951],[9.153337,53.097127],[9.152893,53.10314],[9.164379,53.102362],[9.166081,53.100977],[9.169206,53.102201],[9.169841,53.105154],[9.171955,53.10675],[9.168322,53.107947],[9.171005,53.110165],[9.181866,53.116199],[9.182555,53.118175],[9.181596,53.121761],[9.173057,53.126919],[9.178778,53.13206],[9.179774,53.134247],[9.178277,53.138816],[9.181941,53.140761],[9.183863,53.143506],[9.189062,53.144155],[9.193689,53.147477],[9.188471,53.155018],[9.185664,53.157352],[9.187304,53.160076],[9.182919,53.160128],[9.172132,53.161198],[9.166157,53.163911],[9.16658,53.168231],[9.174018,53.169633],[9.175108,53.166723],[9.177191,53.166602],[9.182946,53.164263],[9.187376,53.166527],[9.19571,53.169827],[9.192372,53.174263],[9.18558,53.17841],[9.179953,53.177797],[9.177949,53.179753],[9.182461,53.18303],[9.175713,53.184476],[9.168437,53.1801],[9.174959,53.17368],[9.172591,53.171829],[9.163526,53.170769],[9.153529,53.167908],[9.152937,53.1672],[9.144965,53.169108],[9.142261,53.166525],[9.139205,53.166185],[9.132702,53.16759],[9.133219,53.160324],[9.131505,53.157402],[9.12622,53.156061],[9.125005,53.153296],[9.119567,53.151194],[9.110329,53.146666],[9.109296,53.144144],[9.071453,53.151298],[9.065906,53.152177],[9.064048,53.14445],[9.057862,53.133777],[9.039206,53.13293],[9.03629,53.132125],[9.036847,53.125076],[9.017471,53.127882],[9.004576,53.129972],[9.003726,53.129018],[8.994792,53.129313],[8.988736,53.128941],[8.986572,53.130137],[8.982529,53.130339],[8.984185,53.126071],[8.978114,53.123541],[8.96737,53.122193],[8.964483,53.120538],[8.95871,53.118919],[8.953326,53.118626],[8.947018,53.116101],[8.951673,53.11331],[8.955321,53.112843],[8.959389,53.11017],[8.959833,53.106849],[8.962989,53.100299],[8.967462,53.100535],[8.970474,53.10157],[8.979457,53.099255],[8.981524,53.096493],[8.989616,53.098347],[8.990913,53.096673],[8.986423,53.095637],[8.981692,53.09289],[8.965676,53.090002],[8.961377,53.085218],[8.965735,53.082701],[8.964326,53.080724],[8.964544,53.073129],[8.963577,53.071741],[8.965535,53.069518],[8.967714,53.063564],[8.962676,53.061147],[8.964564,53.056189],[8.96978,53.056848],[8.973381,53.051075],[8.976551,53.051497],[8.980267,53.046747],[8.976918,53.044556],[8.97232,53.039895],[8.965622,53.036421],[8.963392,53.037068],[8.956726,53.034025],[8.950135,53.032674],[8.947034,53.031201],[8.945149,53.02726],[8.945009,53.024453],[8.93813,53.024986],[8.935916,53.013667],[8.929354,53.014245],[8.928866,53.012872],[8.921862,53.014876],[8.921475,53.012336],[8.917734,53.013141],[8.915827,53.011021]]]}},
{"type":"Feature","id":"DEU:ADM3:DE-NI.delmenhorst-kreisfreie-stadt","properties":{"shapeName":"Delmenhorst, Kreisfreie Stadt","shapeISO":"","shapeGroup":"DEU","shapeType":"ADM3","adm1ISO":"DE-NI","parentISO":"DE-NI","parentID":"DEU:ADM1:DE-NI","src_shape_id":"24449704B29660768084329"},"geometry":{"type":"Polygon","coordinates":[[[8.654899,53.108865],[8.648476,53.108794],[8.647447,53.107322],[8.64159,53.106235],[8.635673,53.099276],[8.62329,53.086428],[8.632156,53.084022],[8.633711,53.081566],[8.631864,53.077204],[8.632678,53.075238],[8.62705,53.074864],[8.625743,53.072929],[8.620087,53.073219],[8.619774,53.070751],[8.617743,53.069353],[8.612752,53.069114],[8.612547,53.065154],[8.610219,53.065837],[8.607116,53.061608],[8.600678,53.060653],[8.596367,53.061629],[8.595046,53.057985],[8.591969,53.057352],[8.590502,53.051916],[8.583205,53.050506],[8.583852,53.048655],[8.586863,53.046986],[8.584457,53.043979],[8.580162,53.041266],[8.582605,53.037476],[8.591108,53.03403],[8.596108,53.032597],[8.601102,53.032666],[8.607561,53.031059],[8.601604,53.026398],[8.596538,53.019097],[8.594217,53.013782],[8.594351,53.011707],[8.588427,53.007657],[8.582967,53.005388],[8.579315,53.002892],[8.578331,53.000142],[8.58285,52.997668],[8.591264,52.986434],[8.598228,52.989096],[8.621947,53.000125],[8.61205,53.008144],[8.627612,53.018877],[8.632899,53.014057],[8.643278,53.005502],[8.657161,53.008995],[8.660636,53.015097],[8.664005,53.019772],[8.672122,53.020033],[8.674024,53.018691],[8.678775,53.018277],[8.681471,53.029143],[8.684469,53.028783],[8.684184,53.035757],[8.686748,53.034707],[8.689077,53.036118],[8.690393,53.038952],[8.700735,53.037423],[8.703304,53.038459],[8.706067,53.042052],[8.711424,53.04463],[8.709801,53.046018],[8.706949,53.053354],[8.710242,53.066598],[8.710363,53.070143],[8.709155,53.075908],[8.706745,53.077284],[8.700763,53.082294],[8.688031,53.085734],[8.682138,53.085861],[8.674082,53.086692],[8.666494,53.091559],[8.664919,53.094627],[8.666844,53.098973],[8.669831,53.102975],[8.660972,53.106196],[8.654899,53.108865]]]}},
{"type":"Feature","id":"DEU:ADM3:DE-NI.emden-kreisfreie-stadt","properties":{"shapeName":"Emden, Kreisfreie Stadt","shapeISO":"","shapeGroup":"DEU","shapeType":"ADM3","adm1ISO":"DE-NI","parentISO":"DE-NI","parentID":"DEU:ADM1:DE-NI","src_shape_id":"24449704B34948389435230"},"geometry":{"type":"Polygon","coordinates":[[[7.30732,53.35016],[7.307706,53.352913],[7.303936,53.357412],[7.308016,53.36239],[7.311147,53.36241],[7.311399,53.365303],[7.310015,53.367386],[7.304799,53.370371],[7.302164,53.373307],[7.297853,53.373419],[7.298617,53.375526],[7.292547,53.376051],[7.289919,53.375164],[7.281043,53.377838],[7.286189,53.381535],[7.278879,53.387253],[7.283219,53.389004],[7.279431,53.394294],[7.282268,53.396653],[7.275327,53.406321],[7.26758,53.408699],[7.260049,53.404876],[7.258424,53.406093],[7.253831,53.404073],[7.249906,53.40361],[7.24795,53.404817],[7.244406,53.403689],[7.250367,53.400033],[7.240054,53.394172],[7.227382,53.391956],[7.226675,53.395392],[7.221384,53.397113],[7.223007,53.401486],[7.218475,53.399779],[7.209716,53.401983],[7.207792,53.398927],[7.200142,53.398162],[7.203392,53.39306],[7.203713,53.389903],[7.198422,53.389428],[7.195994,53.39369],[7.191246,53.392963],[7.192254,53.390681],[7.186727,53.39058],[7.184984,53.388022],[7.173778,53.387153],[7.168595,53.387831],[7.168061,53.38913],[7.159373,53.388202],[7.155486,53.388456],[7.150279,53.392605],[7.142975,53.392667],[7.14099,53.397561],[7.130264,53.393165],[7.118122,53.389404],[7.101679,53.387178],[7.09633,53.383773],[7.089378,53.369682],[7.083449,53.366089],[7.080358,53.363461],[7.073237,53.360896],[7.057668,53.353172],[7.050693,53.354987],[7.049882,53.356305],[7.042315,53.35252],[7.038101,53.352375],[7.033237,53.361235],[7.027719,53.364057],[7.019693,53.369876],[7.01585,53.376596],[7.012875,53.378635],[7.008074,53.372534],[7.000124,53.361386],[6.999447,53.359888],[7.003862,53.354239],[7.012918,53.344669],[7.01997,53.339023],[7.024991,53.337114],[7.033714,53.336299],[7.049129,53.338505],[7.059576,53.334669],[7.135108,53.335431],[7.170622,53.335451],[7.174804,53.3344],[7.180586,53.334105],[7.186907,53.334789],[7.223523,53.332524],[7.240404,53.331669],[7.244131,53.330859],[7.257799,53.329703],[7.265761,53.327197],[7.2643,53.325527],[7.298885,53.320209],[7.302078,53.323638],[7.3026,53.325127],[7.304833,53.350008],[7.30732,53.35016]]]}},
{"type":"Feature","id":"DEU:ADM3:DE-NI.oldenburg-oldenburg-kreisfreie-stadt","properties":{"shapeName":"Oldenburg (Oldenburg), Kreisfreie Stadt","shapeISO":"","shapeGroup":"DEU","shapeType":"ADM3","adm1ISO":"DE-NI","parentISO":"DE-NI","parentID":"DEU:ADM1:DE-NI","src_shape_id":"24449704B67518636503479"},"geometry":{"type":"Polygon","coordinates":[[[8.303906,53.189084],[8.296816,53.191942],[8.290096,53.189492],[8.277438,53.188877],[8.275439,53.1916],[8.269379,53.191472],[8.265955,53.192514],[8.254448,53.193295],[8.247301,53.19721],[8.247788,53.199395],[8.245664,53.200516],[8.2418,53.200526],[8.235259,53.198705],[8.22868,53.198799],[8.22325,53.201864],[8.21739,53.201656],[8.209396,53.203026],[8.20551,53.202288],[8.203579,53.205157],[8.2005,53.203885],[8.197001,53.196301],[8.192092,53.189374],[8.189038,53.190521],[8.177715,53.182042],[8.170599,53.183553],[8.161447,53.176849],[8.159676,53.174405],[8.166532,53.169284],[8.162629,53.164983],[8.158551,53.166542],[8.15514,53.162852],[8.15519,53.155146],[8.156735,53.153673],[8.153777,53.149996],[8.146592,53.149644],[8.146365,53.145],[8.147177,53.141636],[8.144441,53.139281],[8.144666,53.135895],[8.143355,53.133837],[8.145545,53.132027],[8.138018,53.127655],[8.130104,53.128014],[8.128332,53.115056],[8.128091,53.107838],[8.167566,53.108959],[8.177993,53.110128],[8.185611,53.112215],[8.193061,53.112534],[8.195431,53.113178],[8.201624,53.113133],[8.204241,53.112177],[8.202658,53.109479],[8.202522,53.101158],[8.194919,53.096028],[8.195429,53.091886],[8.199736,53.091797],[8.206147,53.088694],[8.207672,53.086724],[8.214171,53.087103],[8.215613,53.085224],[8.218985,53.085871],[8.223005,53.082349],[8.228564,53.083478],[8.23307,53.085891],[8.238223,53.085914],[8.272114,53.095441],[8.275434,53.095672],[8.279835,53.09819],[8.277966,53.10357],[8.278746,53.107082],[8.28416,53.117259],[8.286056,53.118375],[8.285678,53.121444],[8.288278,53.130439],[8.289998,53.132521],[8.297947,53.139043],[8.300678,53.13983],[8.299158,53.141754],[8.299293,53.144946],[8.304566,53.146893],[8.307179,53.150609],[8.312264,53.153048],[8.309301,53.153363],[8.307965,53.155578],[8.30199,53.160804],[8.300047,53.165265],[8.301631,53.166211],[8.294811,53.174227],[8.292445,53.180236],[8.302337,53.185108],[8.303906,53.189084]]]}},
{"type":"Feature","id":"DEU:ADM3:DE-NI.osnabruck-kreisfreie-stadt","properties":{"shapeName":"Osnabrück, Kreisfreie Stadt","shapeISO":"","shapeGroup":"DEU","shapeType":"ADM3","adm1ISO":"DE-NI","parentISO":"DE-NI","parentID":"DEU:ADM1:DE-NI","src_shape_id":"24449704B96398818121879"},"geometry":{"type":"Polygon","coordinates":[[[7.956465,52.272491],[7.958954,52.273192],[7.96151,52.275877],[7.963858,52.274165],[7.966133,52.269609],[7.96795,52.262101],[7.963848,52.261461],[7.963278,52.25856],[7.957935,52.25527],[7.957665,52.251121],[7.962414,52.24946],[7.976391,52.243583],[7.978537,52.241901],[7.981989,52.242315],[7.983958,52.239855],[7.989006,52.237135],[7.995925,52.236065],[8.00634,52.236102],[8.008389,52.235137],[8.011568,52.231519],[8.016476,52.231526],[8.021245,52.228429],[8.023362,52.228552],[8.026519,52.226147],[8.034366,52.224187],[8.036931,52.228842],[8.040047,52.228803],[8.040128,52.232705],[8.048346,52.233158],[8.051352,52.234097],[8.061873,52.234637],[8.063638,52.236464],[8.067739,52.238071],[8.077859,52.238561],[8.08158,52.239968],[8.085206,52.238059],[8.092439,52.236173],[8.09727,52.236583],[8.093133,52.232777],[8.099011,52.231924],[8.097571,52.228926],[8.103373,52.225135],[8.108471,52.220549],[8.111371,52.22059],[8.113486,52.223037],[8.117697,52.222095],[8.113544,52.230216],[8.115163,52.231711],[8.114458,52.234157],[8.117799,52.234168],[8.118988,52.231871],[8.12207,52.231042],[8.133693,52.23339],[8.133428,52.23584],[8.131076,52.236819],[8.131943,52.24131],[8.123337,52.245897],[8.126367,52.248774],[8.124779,52.250245],[8.130742,52.253405],[8.1262,52.254556],[8.127299,52.258007],[8.121348,52.260484],[8.127249,52.262734],[8.130621,52.262401],[8.134737,52.264183],[8.137884,52.264011],[8.146617,52.262195],[8.150142,52.264621],[8.154322,52.266323],[8.159006,52.26695],[8.160275,52.269375],[8.164253,52.269704],[8.163616,52.272624],[8.167571,52.273591],[8.166823,52.276065],[8.172087,52.279054],[8.178388,52.28156],[8.180514,52.284907],[8.179886,52.288604],[8.17515,52.287035],[8.170969,52.289035],[8.170298,52.291959],[8.164729,52.297598],[8.163654,52.29516],[8.159819,52.29275],[8.158896,52.29499],[8.153703,52.293481],[8.151988,52.295411],[8.152715,52.29841],[8.145623,52.298676],[8.143036,52.295643],[8.135664,52.295493],[8.134114,52.292831],[8.130382,52.294584],[8.126214,52.293188],[8.124031,52.291453],[8.119401,52.290479],[8.11675,52.293711],[8.114031,52.295547],[8.109226,52.296008],[8.106275,52.303041],[8.102897,52.3039],[8.097641,52.307223],[8.097362,52.311777],[8.09996,52.314019],[8.097985,52.320465],[8.091481,52.319988],[8.085339,52.318478],[8.082387,52.31956],[8.074023,52.315828],[8.062158,52.315984],[8.055369,52.318459],[8.047347,52.318652],[8.028038,52.317453],[8.027193,52.318668],[8.020051,52.319286],[8.01933,52.325984],[8.016228,52.328946],[8.009856,52.338766],[7.998449,52.335962],[7.983967,52.33202],[7.976597,52.329541],[7.964625,52.324858],[7.967581,52.322176],[7.967614,52.320296],[7.972235,52.317757],[7.979025,52.312149],[7.984135,52.310295],[7.990608,52.30954],[7.98724,52.303584],[7.959008,52.305715],[7.949574,52.305875],[7.938106,52.302562],[7.933976,52.30258],[7.931738,52.298678],[7.932997,52.296639],[7.930163,52.293633],[7.932169,52.287991],[7.956271,52.273584],[7.956465,52.272491]]]}},
{"type":"Feature","id":"DEU:ADM3:DE-NI.wilhelmshaven-kreisfreie-stadt","properties":{"shapeName":"Wilhelmshaven, Kreisfreie Stadt","shapeISO":"","shapeGroup":"DEU","shapeType":"ADM3","adm1ISO":"DE-NI","parentISO":"DE-NI","parentID":"DEU:ADM1:DE-NI","src_shape_id":"24449704B4117348101900"},"geometry":{"type":"Polygon","coordinates":[[[8.062341,53.505668],[8.072767,53.502682],[8.078203,53.501793],[8.086231,53.501758],[8.095471,53.502196],[8.102139,53.503385],[8.116594,53.507005],[8.135449,53.510997],[8.148225,53.51309],[8.15433,53.513555],[8.154652,53.514545],[8.161773,53.519789],[8.164876,53.52328],[8.166289,53.52677],[8.165857,53.530062],[8.169613,53.534381],[8.170975,53.54047],[8.168853,53.541257],[8.168694,53.54473],[8.161818,53.549797],[8.157775,53.558926],[8.156041,53.560725],[8.151185,53.56187],[8.154396,53.563834],[8.146575,53.57182],[8.14236,53.579668],[8.154433,53.5829],[8.155599,53.585753],[8.148864,53.601832],[8.124054,53.59841],[8.121765,53.600734],[8.119015,53.608649],[8.114287,53.616122],[8.096556,53.632736],[8.091291,53.638109],[8.050585,53.625059],[8.042124,53.629486],[8.03854,53.627329],[8.036847,53.628392],[8.032624,53.623363],[8.027427,53.621532],[8.026913,53.619796],[8.022468,53.616556],[8.007901,53.612186],[8.005876,53.60979],[8.000494,53.605491],[7.994191,53.604004],[7.994211,53.601247],[8.003651,53.600575],[8.005355,53.601427],[8.011752,53.59882],[8.013347,53.590863],[8.011166,53.587762],[8.015759,53.586452],[8.020579,53.58778],[8.023372,53.585841],[8.014783,53.58369],[8.018066,53.581429],[8.018449,53.579605],[8.024398,53.579725],[8.027769,53.578079],[8.027122,53.572807],[8.031601,53.573472],[8.033089,53.571731],[8.041718,53.570842],[8.039575,53.566529],[8.034803,53.565166],[8.033209,53.566663],[8.029252,53.567098],[8.02629,53.565777],[8.026549,53.564022],[8.022011,53.5616],[8.022527,53.556604],[8.028486,53.555902],[8.031071,53.554693],[8.026299,53.552633],[8.030114,53.551129],[8.033314,53.553881],[8.041612,53.552667],[8.041625,53.548579],[8.03722,53.544239],[8.033884,53.544765],[8.030112,53.538585],[8.03363,53.537487],[8.03587,53.53523],[8.035447,53.531425],[8.039846,53.529195],[8.03812,53.527686],[8.042307,53.526484],[8.043439,53.524322],[8.047402,53.524419],[8.049554,53.521548],[8.046142,53.5189],[8.046489,53.51728],[8.050402,53.51341],[8.054309,53.512058],[8.052642,53.509759],[8.058813,53.507917],[8.062341,53.505668]]]}},
{"type":"Feature","id":"DEU:ADM3:DE-NI.ammerland","properties":{"shapeName":"Ammerland","shapeISO":"","shapeGroup":"DEU","shapeType":"ADM3","adm1ISO":"DE-NI","parentISO":"DE-NI","parentID":"DEU:ADM1:DE-NI","src_shape_id":"24449704B24855562142477"},"geometry":{"type":"Polygon","coordinates":[[[8.303906,53.189084],[8.307205,53.193199],[8.31462,53.196155],[8.311697,53.201957],[8.310816,53.205292],[8.311862,53.206187],[8.307364,53.217185],[8.304316,53.222975],[8.300654,53.232109],[8.296196,53.238905],[8.288363,53.236033],[8.286165,53.234446],[8.282022,53.233688],[8.282469,53.236115],[8.2927,53.243727],[8.282036,53.25277],[8.279,53.255898],[8.276869,53.255635],[8.275107,53.258462],[8.272463,53.265374],[8.269583,53.275456],[8.269798,53.279869],[8.275653,53.280261],[8.279023,53.282218],[8.277659,53.284576],[8.274796,53.28332],[8.267459,53.284736],[8.261522,53.289732],[8.257153,53.295956],[8.256924,53.299566],[8.25311,53.29902],[8.250788,53.302457],[8.252046,53.306617],[8.244396,53.30591],[8.244108,53.308314],[8.229964,53.305371],[8.222812,53.304644],[8.215923,53.302684],[8.209556,53.304986],[8.191661,53.315594],[8.192662,53.315981],[8.190072,53.321108],[8.186135,53.319878],[8.18507,53.322717],[8.178384,53.320217],[8.171837,53.322572],[8.170112,53.327369],[8.175106,53.32989],[8.170192,53.335393],[8.169113,53.335058],[8.164328,53.339733],[8.16418,53.341097],[8.170884,53.343319],[8.179584,53.347305],[8.173923,53.354041],[8.167735,53.352442],[8.162342,53.349913],[8.157917,53.348684],[8.156025,53.344988],[8.151235,53.338034],[8.143853,53.335585],[8.138258,53.334668],[8.132466,53.331511],[8.125906,53.330076],[8.121385,53.332106],[8.109496,53.33366],[8.090305,53.332095],[8.089058,53.335032],[8.083883,53.334174],[8.080607,53.33983],[8.077453,53.340519],[8.078354,53.342537],[8.073508,53.343502],[8.072298,53.341495],[8.067399,53.339663],[8.063503,53.342027],[8.053304,53.336375],[8.047448,53.331735],[8.041405,53.328575],[8.032324,53.321307],[8.030155,53.310364],[8.009595,53.308296],[7.999142,53.307577],[7.997193,53.308842],[7.993465,53.306814],[7.970525,53.304698],[7.968907,53.305411],[7.968066,53.310897],[7.962381,53.315583],[7.961403,53.319465],[7.962729,53.321967],[7.963977,53.327204],[7.959946,53.329839],[7.94849,53.327156],[7.945911,53.325771],[7.941444,53.330868],[7.929619,53.335962],[7.906125,53.34451],[7.89255,53.3492],[7.885608,53.351967],[7.872108,53.330374],[7.861322,53.312128],[7.850141,53.294009],[7.836887,53.286563],[7.82468,53.280964],[7.824433,53.277864],[7.819934,53.276093],[7.810628,53.271174],[7.783419,53.254914],[7.766922,53.245508],[7.760614,53.241674],[7.73576,53.237295],[7.733555,53.233247],[7.729231,53.231364],[7.72263,53.230808],[7.71689,53.227449],[7.711557,53.226464],[7.707952,53.224214],[7.702119,53.22284],[7.700489,53.220232],[7.700878,53.217592],[7.697543,53.214931],[7.701757,53.213384],[7.703211,53.208446],[7.699217,53.208354],[7.701712,53.204498],[7.715391,53.185444],[7.719023,53.178889],[7.720825,53.177383],[7.72563,53.177159],[7.728748,53.174225],[7.733231,53.175325],[7.735641,53.177242],[7.743794,53.174952],[7.745045,53.173379],[7.750164,53.1729],[7.755825,53.173399],[7.760674,53.174584],[7.768802,53.174604],[7.774627,53.171667],[7.779973,53.172128],[7.779126,53.174699],[7.789683,53.178559],[7.794714,53.176835],[7.798884,53.176208],[7.802813,53.176691],[7.808004,53.1747],[7.810678,53.174786],[7.813763,53.172375],[7.817562,53.174586],[7.821698,53.174272],[7.824827,53.171795],[7.828704,53.171043],[7.833665,53.168471],[7.834102,53.16643],[7.842006,53.165414],[7.847578,53.163602],[7.853785,53.163673],[7.855477,53.16066],[7.855059,53.158898],[7.849985,53.157169],[7.843807,53.154268],[7.851003,53.147166],[7.839518,53.141347],[7.848819,53.136447],[7.860187,53.12992],[7.885134,53.10966],[7.893426,53.116583],[7.897836,53.119376],[7.901628,53.119475],[7.916108,53.113458],[7.914517,53.109476],[7.949004,53.095693],[7.941106,53.087083],[7.951799,53.085561],[7.963918,53.084985],[7.963972,53.081946],[7.966414,53.08027],[7.965779,53.075697],[7.989461,53.074747],[7.995879,53.075616],[7.997552,53.071396],[8.015268,53.073971],[8.015422,53.073632],[8.044857,53.062337],[8.05083,53.059624],[8.05239,53.061382],[8.051251,53.063626],[8.061869,53.067661],[8.058969,53.070427],[8.070039,53.08183],[8.069408,53.084289],[8.070025,53.089914],[8.073545,53.090829],[8.102237,53.102288],[8.112168,53.104911],[8.122208,53.107175],[8.128091,53.107838],[8.128332,53.115056],[8.130104,53.128014],[8.138018,53.127655],[8.145545,53.132027],[8.143355,53.133837],[8.144666,53.135895],[8.144441,53.139281],[8.147177,53.141636],[8.146365,53.145],[8.146592,53.149644],[8.153777,53.149996],[8.156735,53.153673],[8.15519,53.155146],[8.15514,53.162852],[8.158551,53.166542],[8.162629,53.164983],[8.166532,53.169284],[8.159676,53.174405],[8.161447,53.176849],[8.170599,53.183553],[8.177715,53.182042],[8.189038,53.190521],[8.192092,53.189374],[8.197001,53.196301],[8.2005,53.203885],[8.203579,53.205157],[8.20551,53.202288],[8.209396,53.203026],[8.21739,53.201656],[8.22325,53.201864],[8.22868,53.198799],[8.235259,53.198705],[8.2418,53.200526],[8.245664,53.200516],[8.247788,53.199395],[8.247301,53.19721],[8.254448,53.193295],[8.265955,53.192514],[8.269379,53.191472],[8.275439,53.1916],[8.277438,53.188877],[8.290096,53.189492],[8.296816,53.191942],[8.303906,53.189084]]]}},
{"type":"Feature","id":"DEU:ADM3:DE-NI.aurich","properties":{"shapeName":"Aurich","shapeISO":"","shapeGroup":"DEU","shapeType":"ADM3","adm1ISO":"DE-NI","parentISO":"DE-NI","parentID":"DEU:ADM1:DE-NI","src_shape_id":"24449704B85075679624110"},"geometry":{"type":"MultiPolygon","coordinates":[[[[7.30732,53.35016],[7.317678,53.349547],[7.320509,53.349899],[7.320459,53.360153],[7.323035,53.359878],[7.325324,53.357967],[7.328237,53.358315],[7.328717,53.367543],[7.33273,53.367075],[7.3327,53.3616],[7.335514,53.361568],[7.341393,53.36309],[7.340524,53.356717],[7.347473,53.358591],[7.349874,53.368944],[7.351931,53.375707],[7.353569,53.375515],[7.352171,53.368771],[7.358329,53.369476],[7.3596,53.363939],[7.358668,53.363059],[7.351132,53.362176],[7.350193,53.354208],[7.355871,53.355955],[7.361062,53.356331],[7.363746,53.358756],[7.371039,53.357692],[7.369983,53.35162],[7.374595,53.350181],[7.381149,53.351463],[7.383368,53.350494],[7.385994,53.352683],[7.390288,53.352765],[7.390424,53.350844],[7.396318,53.35254],[7.400739,53.351878],[7.406086,53.352166],[7.410421,53.348668],[7.416965,53.351462],[7.421397,53.355868],[7.427903,53.358091],[7.431331,53.357813],[7.431745,53.36236],[7.436924,53.364165],[7.438305,53.361826],[7.44177,53.363526],[7.444937,53.363806],[7.447618,53.361477],[7.450994,53.362454],[7.455075,53.366821],[7.457834,53.366411],[7.461623,53.368222],[7.467544,53.369398],[7.471644,53.370987],[7.479292,53.369599],[7.486524,53.370406],[7.492277,53.369234],[7.493589,53.367021],[7.499739,53.36549],[7.505648,53.361083],[7.509968,53.359695],[7.50914,53.357723],[7.512051,53.354503],[7.518907,53.352698],[7.524036,53.353992],[7.52622,53.352331],[7.529465,53.352576],[7.531368,53.356067],[7.535452,53.356813],[7.541249,53.356243],[7.547346,53.356785],[7.55312,53.354399],[7.562356,53.345461],[7.567384,53.34488],[7.571695,53.345207],[7.574297,53.343317],[7.581401,53.343397],[7.584795,53.341624],[7.588685,53.341663],[7.595217,53.344082],[7.597162,53.344128],[7.597986,53.340078],[7.594609,53.338832],[7.596962,53.335113],[7.597029,53.332281],[7.602165,53.333914],[7.609269,53.332931],[7.612581,53.333351],[7.622358,53.333228],[7.62617,53.334478],[7.630033,53.34045],[7.618137,53.343242],[7.619302,53.346101],[7.624427,53.342982],[7.635618,53.341462],[7.639878,53.341474],[7.64371,53.344436],[7.650624,53.346976],[7.663197,53.340034],[7.670623,53.342305],[7.677212,53.343631],[7.695966,53.350734],[7.722934,53.355942],[7.730432,53.357658],[7.729699,53.358793],[7.755616,53.363395],[7.756834,53.364582],[7.794467,53.371199],[7.815485,53.375455],[7.810083,53.387628],[7.804066,53.400044],[7.81463,53.401993],[7.814219,53.40872],[7.804444,53.408587],[7.804262,53.406164],[7.794695,53.406089],[7.794236,53.403534],[7.78378,53.403944],[7.780461,53.409429],[7.776629,53.408631],[7.771929,53.408931],[7.770062,53.407634],[7.767453,53.413327],[7.784052,53.420384],[7.782974,53.421137],[7.786138,53.423947],[7.784941,53.427295],[7.774134,53.426508],[7.773453,53.430692],[7.780978,53.434888],[7.774459,53.439716],[7.782219,53.443062],[7.770875,53.44649],[7.764705,53.440579],[7.761555,53.442074],[7.755248,53.435737],[7.739454,53.441194],[7.735349,53.440598],[7.731759,53.448089],[7.731736,53.454429],[7.74149,53.454567],[7.744542,53.456344],[7.744265,53.462911],[7.751919,53.463181],[7.749888,53.464598],[7.741553,53.464754],[7.741609,53.466155],[7.736643,53.472435],[7.712626,53.471345],[7.698929,53.467551],[7.692486,53.464566],[7.693968,53.463071],[7.677234,53.46294],[7.679198,53.474811],[7.679247,53.4785],[7.678079,53.50251],[7.649756,53.522857],[7.644406,53.525521],[7.651342,53.527939],[7.652957,53.529559],[7.65205,53.532563],[7.653465,53.534766],[7.659462,53.536146],[7.662583,53.535904],[7.661738,53.539158],[7.656106,53.550592],[7.650445,53.560732],[7.647939,53.561645],[7.622665,53.561724],[7.594716,53.558181],[7.564554,53.554807],[7.553582,53.55379],[7.531856,53.552134],[7.495187,53.548434],[7.481846,53.547218],[7.476912,53.54571],[7.448642,53.535277],[7.441665,53.541147],[7.436003,53.539208],[7.437894,53.536998],[7.433717,53.535635],[7.429238,53.532762],[7.41401,53.539991],[7.412109,53.542111],[7.41895,53.550035],[7.420766,53.550844],[7.418515,53.563937],[7.41583,53.576092],[7.415306,53.581592],[7.407817,53.583851],[7.419085,53.595527],[7.416734,53.601657],[7.419146,53.602813],[7.421872,53.605966],[7.421467,53.611282],[7.427497,53.612428],[7.421098,53.617602],[7.426987,53.621399],[7.432566,53.622941],[7.453447,53.620903],[7.457416,53.624302],[7.459713,53.625194],[7.463247,53.624625],[7.46565,53.626617],[7.473499,53.627097],[7.472256,53.625161],[7.483523,53.623233],[7.506337,53.623185],[7.510139,53.62378],[7.511066,53.626366],[7.513492,53.627827],[7.507324,53.631752],[7.508087,53.635844],[7.498865,53.6408],[7.498855,53.643372],[7.494394,53.64338],[7.494896,53.645479],[7.491836,53.6475],[7.493494,53.651775],[7.495665,53.651244],[7.501157,53.654587],[7.506197,53.652389],[7.512716,53.654444],[7.514678,53.657855],[7.513747,53.660845],[7.51166,53.661469],[7.509804,53.664472],[7.520928,53.666971],[7.529542,53.667672],[7.536404,53.668961],[7.541422,53.671104],[7.54584,53.671389],[7.554982,53.673905],[7.550173,53.675038],[7.547449,53.675785],[7.532954,53.674078],[7.524686,53.672103],[7.516346,53.67211],[7.512363,53.673218],[7.508949,53.675662],[7.490907,53.680427],[7.485306,53.680235],[7.486592,53.682087],[7.480576,53.683211],[7.47749,53.682636],[7.462996,53.68359],[7.446642,53.683616],[7.434868,53.68425],[7.426947,53.684114],[7.406128,53.682395],[7.394899,53.682344],[7.391852,53.683481],[7.377813,53.682509],[7.366091,53.68531],[7.361623,53.685292],[7.360492,53.68681],[7.352735,53.686175],[7.348023,53.684637],[7.345527,53.68562],[7.340309,53.684846],[7.311033,53.682334],[7.302149,53.680459],[7.296327,53.680099],[7.28973,53.678786],[7.281123,53.674275],[7.274325,53.673216],[7.271701,53.672202],[7.266385,53.67327],[7.243065,53.668539],[7.239639,53.665543],[7.231543,53.663973],[7.231938,53.663218],[7.225203,53.660944],[7.221928,53.657032],[7.214126,53.654231],[7.190714,53.644445],[7.182599,53.640872],[7.174616,53.631591],[7.170177,53.628868],[7.15833,53.629376],[7.156507,53.629264],[7.152133,53.625082],[7.152236,53.620631],[7.146271,53.61488],[7.148199,53.613743],[7.1401,53.607169],[7.128101,53.601392],[7.112405,53.594822],[7.090336,53.579652],[7.087065,53.571467],[7.094861,53.565828],[7.095681,53.564541],[7.101619,53.56273],[7.104868,53.560731],[7.104549,53.556605],[7.112734,53.554443],[7.11431,53.551851],[7.119923,53.547087],[7.124553,53.544169],[7.124063,53.543027],[7.127851,53.540883],[7.130278,53.540674],[7.133374,53.537435],[7.13291,53.53451],[7.130959,53.532862],[7.122726,53.529805],[7.119425,53.529096],[7.107181,53.528331],[7.100082,53.526136],[7.097179,53.522117],[7.093266,53.521711],[7.087412,53.525365],[7.082821,53.529473],[7.076756,53.53274],[7.075289,53.529604],[7.07037,53.526833],[7.064619,53.527671],[7.060496,53.52911],[7.053718,53.533225],[7.048475,53.535615],[7.042187,53.536902],[7.039746,53.538362],[7.035951,53.546078],[7.034145,53.54567],[7.037311,53.538789],[7.03677,53.536308],[7.032904,53.532153],[7.029254,53.531371],[7.031244,53.528744],[7.035947,53.525014],[7.039922,53.517992],[7.048642,53.508664],[7.047839,53.506402],[7.036777,53.495295],[7.025264,53.484381],[7.024108,53.482371],[7.025572,53.476835],[7.012004,53.43414],[7.010322,53.424076],[7.012178,53.423843],[7.011313,53.416978],[7.012745,53.409192],[7.012728,53.406392],[7.00995,53.403456],[7.009999,53.399788],[7.008078,53.393796],[7.008276,53.390802],[7.011061,53.386823],[7.009835,53.382218],[7.005736,53.376083],[7.002451,53.374942],[6.998063,53.371656],[6.998761,53.369295],[6.998089,53.365334],[6.999447,53.359888],[7.000124,53.361386],[7.008074,53.372534],[7.012875,53.378635],[7.01585,53.376596],[7.019693,53.369876],[7.027719,53.364057],[7.033237,53.361235],[7.038101,53.352375],[7.042315,53.35252],[7.049882,53.356305],[7.050693,53.354987],[7.057668,53.353172],[7.073237,53.360896],[7.080358,53.363461],[7.083449,53.366089],[7.089378,53.369682],[7.09633,53.383773],[7.101679,53.387178],[7.118122,53.389404],[7.130264,53.393165],[7.14099,53.397561],[7.142975,53.392667],[7.150279,53.392605],[7.155486,53.388456],[7.159373,53.388202],[7.168061,53.38913],[7.168595,53.387831],[7.173778,53.387153],[7.184984,53.388022],[7.186727,53.39058],[7.192254,53.390681],[7.191246,53.392963],[7.195994,53.39369],[7.198422,53.389428],[7.203713,53.389903],[7.203392,53.39306],[7.200142,53.398162],[7.207792,53.398927],[7.209716,53.401983],[7.218475,53.399779],[7.223007,53.401486],[7.221384,53.397113],[7.226675,53.395392],[7.227382,53.391956],[7.240054,53.394172],[7.250367,53.400033],[7.244406,53.403689],[7.24795,53.404817],[7.249906,53.40361],[7.253831,53.404073],[7.258424,53.406093],[7.260049,53.404876],[7.26758,53.408699],[7.275327,53.406321],[7.282268,53.396653],[7.279431,53.394294],[7.283219,53.389004],[7.278879,53.387253],[7.286189,53.381535],[7.281043,53.377838],[7.289919,53.375164],[7.292547,53.376051],[7.298617,53.375526],[7.297853,53.373419],[7.302164,53.373307],[7.304799,53.370371],[7.310015,53.367386],[7.311399,53.365303],[7.311147,53.36241],[7.308016,53.36239],[7.303936,53.357412],[7.307706,53.352913],[7.30732,53.35016]]],[[[6.900066,53.647818],[6.905671,53.652241],[6.900505,53.653662],[6.895325,53.653321],[6.890397,53.651868],[6.885606,53.649253],[6.878305,53.646468],[6.872047,53.646094],[6.86624,53.645115],[6.864964,53.643125],[6.865526,53.639262],[6.873133,53.631583],[6.877563,53.628381],[6.885495,53.625924],[6.894435,53.62578],[6.898181,53.627936],[6.891464,53.631691],[6.89587,53.633629],[6.899184,53.640057],[6.902617,53.641656],[6.905799,53.641439],[6.909712,53.644504],[6.902994,53.645832],[6.900066,53.647818]]],[[[7.065486,53.686897],[7.054474,53.686386],[7.030421,53.684843],[7.024741,53.684069],[7.005834,53.682972],[6.999394,53.683148],[6.982118,53.681557],[6.977641,53.681404],[6.961526,53.679433],[6.926864,53.675887],[6.908171,53.673132],[6.885474,53.671234],[6.880983,53.670519],[6.859818,53.668242],[6.85702,53.667188],[6.853512,53.664286],[6.854267,53.662281],[6.856965,53.661713],[6.862806,53.662744],[6.870058,53.665756],[6.874885,53.666697],[6.881562,53.666207],[6.886933,53.664079],[6.897344,53.664954],[6.912043,53.666782],[6.915459,53.665856],[6.921692,53.66627],[6.931431,53.667907],[6.93648,53.667815],[6.958049,53.670158],[6.96362,53.671701],[6.968968,53.671752],[6.975338,53.672755],[6.974959,53.669706],[6.980876,53.671271],[6.984907,53.6731],[6.991751,53.67383],[7.016867,53.674006],[7.018152,53.67578],[7.032062,53.676733],[7.035125,53.677442],[7.051643,53.679055],[7.051801,53.678225],[7.068335,53.679437],[7.079543,53.678855],[7.086969,53.679932],[7.095593,53.678939],[7.099753,53.68095],[7.099495,53.683147],[7.092227,53.685561],[7.074119,53.687065],[7.065486,53.686897]]],[[[7.164926,53.698081],[7.164783,53.699287],[7.169452,53.701206],[7.168962,53.703846],[7.165098,53.706347],[7.166621,53.707411],[7.171119,53.707687],[7.176793,53.704566],[7.177802,53.701333],[7.183354,53.700868],[7.191424,53.699298],[7.196619,53.699286],[7.199067,53.700267],[7.202345,53.705178],[7.206316,53.705249],[7.208766,53.706599],[7.215496,53.705189],[7.215462,53.70359],[7.259488,53.703729],[7.263999,53.704111],[7.270238,53.70369],[7.278605,53.705736],[7.287685,53.7066],[7.302474,53.709666],[7.304723,53.710713],[7.321778,53.712061],[7.333912,53.714814],[7.340804,53.718201],[7.348642,53.718659],[7.346737,53.721434],[7.345987,53.724912],[7.337256,53.726402],[7.329522,53.726865],[7.314776,53.726913],[7.293673,53.725798],[7.266289,53.723715],[7.230373,53.72243],[7.217485,53.723517],[7.197278,53.722573],[7.19042,53.723056],[7.186314,53.722708],[7.166835,53.718259],[7.155226,53.714267],[7.143431,53.711164],[7.138067,53.708424],[7.137296,53.706976],[7.141314,53.701159],[7.145493,53.700011],[7.152756,53.696877],[7.164926,53.698081]]],[[[7.363434,53.722296],[7.368809,53.722214],[7.372976,53.722511],[7.382561,53.721799],[7.388625,53.720328],[7.39953,53.720194],[7.40177,53.720765],[7.411745,53.719962],[7.4266,53.720282],[7.430359,53.721771],[7.430091,53.725077],[7.431779,53.727057],[7.435405,53.72846],[7.433936,53.731361],[7.430395,53.732232],[7.406472,53.734596],[7.39386,53.736137],[7.382553,53.734931],[7.373244,53.731229],[7.360435,53.728026],[7.359924,53.726205],[7.362999,53.725284],[7.363434,53.722296]]]]}},
{"type":"Feature","id":"DEU:ADM3:DE-NI.cloppenburg","properties":{"shapeName":"Cloppenburg","shapeISO":"","shapeGroup":"DEU","shapeType":"ADM3","adm1ISO":"DE-NI","parentISO":"DE-NI","parentID":"DEU:ADM1:DE-NI","src_shape_id":"24449704B33286596684477"},"geometry":{"type":"Polygon","coordinates":[[[7.719023,53.178889],[7.713674,53.180854],[7.712461,53.179189],[7.708983,53.179964],[7.705843,53.178723],[7.701155,53.180163],[7.692842,53.177616],[7.690911,53.180432],[7.686875,53.181734],[7.681219,53.181909],[7.668744,53.179364],[7.665627,53.177802],[7.65967,53.179837],[7.658127,53.182877],[7.650057,53.184567],[7.647777,53.182682],[7.645827,53.173236],[7.647195,53.173142],[7.645839,53.166103],[7.644298,53.148498],[7.646039,53.146335],[7.640412,53.142884],[7.639941,53.138133],[7.64063,53.133039],[7.637234,53.131196],[7.636226,53.124138],[7.638706,53.123935],[7.636965,53.114107],[7.627136,53.114434],[7.617186,53.077846],[7.61188,53.057707],[7.645909,53.043417],[7.675142,53.031554],[7.69884,53.021437],[7.704165,53.019597],[7.712429,53.015632],[7.712613,53.011447],[7.714446,53.008656],[7.711254,53.002942],[7.711866,53.000742],[7.716575,53.000517],[7.718442,52.988931],[7.72037,52.981004],[7.723161,52.972144],[7.716178,52.968242],[7.719435,52.965959],[7.726244,52.963586],[7.724761,52.962761],[7.728698,52.959612],[7.731606,52.95598],[7.735657,52.957149],[7.740904,52.956904],[7.740916,52.945144],[7.742699,52.946898],[7.752862,52.943878],[7.769223,52.939405],[7.775466,52.941856],[7.778535,52.940621],[7.775801,52.937609],[7.786795,52.934607],[7.823819,52.927555],[7.827052,52.924037],[7.832035,52.920889],[7.830276,52.915723],[7.826578,52.914471],[7.825262,52.909515],[7.821204,52.90695],[7.816975,52.902001],[7.811245,52.897804],[7.806264,52.896322],[7.804834,52.89444],[7.806107,52.892762],[7.804555,52.889776],[7.796855,52.885287],[7.793384,52.882282],[7.790266,52.877262],[7.784113,52.873006],[7.779996,52.872128],[7.776529,52.869647],[7.773483,52.869146],[7.768203,52.866865],[7.76551,52.866519],[7.735987,52.857995],[7.72628,52.855988],[7.721457,52.853235],[7.714629,52.851746],[7.712894,52.850563],[7.7092,52.842385],[7.707056,52.840195],[7.70764,52.83216],[7.704342,52.828966],[7.703396,52.825873],[7.696429,52.821689],[7.692545,52.813957],[7.690649,52.811771],[7.693348,52.808834],[7.689027,52.804472],[7.684362,52.803079],[7.684999,52.799832],[7.681804,52.797077],[7.685286,52.794655],[7.694795,52.786269],[7.712603,52.769509],[7.714946,52.766754],[7.708097,52.764054],[7.706619,52.760592],[7.704797,52.759607],[7.693433,52.758344],[7.687884,52.755987],[7.686009,52.749887],[7.679459,52.748478],[7.675031,52.746289],[7.66945,52.74487],[7.664334,52.742011],[7.65304,52.739003],[7.648436,52.738866],[7.646834,52.735943],[7.643178,52.734971],[7.637472,52.731465],[7.637738,52.728609],[7.635241,52.725969],[7.651918,52.71483],[7.657608,52.711296],[7.661109,52.707713],[7.661801,52.70405],[7.665051,52.702785],[7.674798,52.696274],[7.677594,52.695339],[7.679864,52.696379],[7.683499,52.694384],[7.678657,52.69101],[7.683436,52.687937],[7.689615,52.67892],[7.69359,52.679287],[7.725124,52.678389],[7.763729,52.677436],[7.770045,52.679121],[7.775292,52.682123],[7.775975,52.684746],[7.780137,52.686735],[7.788292,52.687412],[7.790727,52.686171],[7.79497,52.687762],[7.796476,52.696751],[7.803285,52.700347],[7.84223,52.707185],[7.855138,52.709339],[7.878872,52.700471],[7.882053,52.70054],[7.889093,52.698686],[7.89238,52.694645],[7.900576,52.691987],[7.906227,52.689013],[7.906746,52.684166],[7.908327,52.683201],[7.916971,52.680669],[7.918008,52.67989],[7.943921,52.689042],[7.944762,52.693189],[7.951494,52.69182],[7.956878,52.689844],[7.959112,52.692552],[7.963004,52.692415],[7.963878,52.69475],[7.967967,52.694055],[7.976795,52.696363],[7.991085,52.689535],[8.018152,52.683912],[8.025597,52.699989],[8.026632,52.702961],[8.030664,52.70236],[8.035018,52.703438],[8.03941,52.703294],[8.045428,52.702129],[8.052025,52.702002],[8.05593,52.703719],[8.062148,52.703772],[8.066737,52.703001],[8.070528,52.700891],[8.074336,52.699987],[8.075217,52.702745],[8.073469,52.704165],[8.074715,52.711088],[8.072554,52.711943],[8.067187,52.711323],[8.053209,52.711212],[8.05544,52.714544],[8.046188,52.715181],[8.053843,52.735056],[8.061174,52.756329],[8.091461,52.753407],[8.101198,52.752935],[8.103507,52.752275],[8.101736,52.758928],[8.105371,52.765522],[8.107273,52.764894],[8.110985,52.771584],[8.123111,52.769928],[8.144493,52.767512],[8.152393,52.767332],[8.157053,52.770958],[8.161945,52.772132],[8.167984,52.766995],[8.172777,52.765881],[8.195953,52.761717],[8.198887,52.763138],[8.198586,52.768713],[8.195645,52.772246],[8.200892,52.78189],[8.204033,52.788575],[8.207669,52.791266],[8.211478,52.789877],[8.223492,52.788648],[8.228283,52.793236],[8.235658,52.79723],[8.235958,52.799044],[8.239591,52.799089],[8.239066,52.804755],[8.237398,52.80691],[8.244496,52.808913],[8.241795,52.819729],[8.23564,52.831578],[8.235422,52.837619],[8.237987,52.84122],[8.247368,52.849295],[8.253118,52.854999],[8.255398,52.85651],[8.253631,52.858852],[8.253458,52.861979],[8.250132,52.862512],[8.251881,52.866133],[8.253944,52.86618],[8.258849,52.874195],[8.249352,52.874109],[8.240885,52.873377],[8.234592,52.869319],[8.230812,52.869465],[8.222906,52.871586],[8.210117,52.877334],[8.206697,52.878493],[8.201411,52.883529],[8.194092,52.888185],[8.190297,52.892212],[8.179337,52.894122],[8.171778,52.897105],[8.168886,52.899473],[8.162039,52.903539],[8.156198,52.905135],[8.15739,52.910893],[8.155905,52.913673],[8.158523,52.917793],[8.156237,52.920463],[8.157081,52.924473],[8.153473,52.925716],[8.14764,52.924033],[8.145624,52.92566],[8.135842,52.925208],[8.131354,52.927406],[8.125823,52.926988],[8.121591,52.928072],[8.121542,52.931189],[8.124832,52.936679],[8.123041,52.940125],[8.124012,52.943657],[8.122707,52.949234],[8.124136,52.953581],[8.119719,52.957902],[8.116742,52.962575],[8.117075,52.964137],[8.114896,52.966991],[8.117198,52.969618],[8.117695,52.972299],[8.119753,52.975561],[8.117536,52.977207],[8.117742,52.980854],[8.119114,52.982787],[8.117615,52.986014],[8.121485,52.992773],[8.12158,52.995158],[8.123518,52.996842],[8.123255,52.99943],[8.118113,53.002337],[8.11313,53.006961],[8.099712,53.020202],[8.082285,53.036686],[8.07578,53.034218],[8.075296,53.037888],[8.070329,53.046288],[8.062453,53.053218],[8.061222,53.052574],[8.052717,53.054652],[8.05083,53.059624],[8.044857,53.062337],[8.015422,53.073632],[8.015268,53.073971],[7.997552,53.071396],[7.995879,53.075616],[7.989461,53.074747],[7.965779,53.075697],[7.966414,53.08027],[7.963972,53.081946],[7.963918,53.084985],[7.951799,53.085561],[7.941106,53.087083],[7.949004,53.095693],[7.914517,53.109476],[7.916108,53.113458],[7.901628,53.119475],[7.897836,53.119376],[7.893426,53.116583],[7.885134,53.10966],[7.860187,53.12992],[7.848819,53.136447],[7.839518,53.141347],[7.851003,53.147166],[7.843807,53.154268],[7.849985,53.157169],[7.855059,53.158898],[7.855477,53.16066],[7.853785,53.163673],[7.847578,53.163602],[7.842006,53.165414],[7.834102,53.16643],[7.833665,53.168471],[7.828704,53.171043],[7.824827,53.171795],[7.821698,53.174272],[7.817562,53.174586],[7.813763,53.172375],[7.810678,53.174786],[7.808004,53.1747],[7.802813,53.176691],[7.798884,53.176208],[7.794714,53.176835],[7.789683,53.178559],[7.779126,53.174699],[7.779973,53.172128],[7.774627,53.171667],[7.768802,53.174604],[7.760674,53.174584],[7.755825,53.173399],[7.750164,53.1729],[7.745045,53.173379],[7.743794,53.174952],[7.735641,53.177242],[7.733231,53.175325],[7.728748,53.174225],[7.72563,53.177159],[7.720825,53.177383],[7.719023,53.178889]]]}},
{"type":"Feature","id":"DEU:ADM3:DE-NI.emsland","properties":{"shapeName":"Emsland","shapeISO":"","shapeGroup":"DEU","shapeType":"ADM3","adm1ISO":"DE-NI","parentISO":"DE-NI","parentID":"DEU:ADM1:DE-NI","src_shape_id":"24449704B80940038958894"},"geometry":{"type":"Polygon","coordinates":[[[7.61188,53.057707],[7.608093,53.059252],[7.606202,53.058253],[7.580834,53.046895],[7.571277,53.042413],[7.568667,53.040569],[7.561636,53.038781],[7.563588,53.036578],[7.5585,53.036546],[7.552961,53.034559],[7.546395,53.034544],[7.545124,53.033676],[7.524594,53.043361],[7.519477,53.056399],[7.4948,53.076972],[7.483158,53.086231],[7.471059,53.087244],[7.446466,53.088053],[7.438416,53.088625],[7.408957,53.089961],[7.402845,53.091453],[7.407107,53.096545],[7.408576,53.099273],[7.400051,53.102106],[7.385219,53.105967],[7.383443,53.104644],[7.383753,53.09812],[7.383322,53.094906],[7.380096,53.095498],[7.373367,53.098925],[7.362819,53.105824],[7.360345,53.104853],[7.346805,53.101841],[7.337318,53.101127],[7.330413,53.103198],[7.329291,53.106015],[7.333927,53.109778],[7.333453,53.111432],[7.327165,53.112003],[7.321356,53.110853],[7.31666,53.109184],[7.312427,53.11026],[7.306868,53.110421],[7.303546,53.111702],[7.293682,53.114305],[7.288301,53.115297],[7.281797,53.115279],[7.280525,53.113329],[7.273231,53.113518],[7.245216,53.117539],[7.202794,53.113282],[7.200599,53.095736],[7.199255,53.081019],[7.206026,53.046894],[7.212802,53.010958],[7.217281,53.006984],[7.209295,53.000245],[7.200932,52.982762],[7.18157,52.941304],[7.170394,52.930217],[7.156586,52.917194],[7.129986,52.889819],[7.112099,52.871871],[7.104656,52.864182],[7.087324,52.849929],[7.092692,52.838201],[7.072045,52.810874],[7.069588,52.787628],[7.064686,52.730088],[7.062768,52.713228],[7.062756,52.710659],[7.054699,52.644402],[7.055577,52.64337],[7.041867,52.632681],[7.039033,52.63277],[7.034915,52.634891],[7.02804,52.634693],[7.012811,52.636708],[7.00623,52.638763],[7.00243,52.636224],[6.998417,52.618799],[6.995278,52.606289],[7.033347,52.618391],[7.044188,52.609601],[7.042112,52.608335],[7.045346,52.597118],[7.04873,52.599604],[7.048881,52.606467],[7.068539,52.605035],[7.072511,52.604332],[7.082843,52.597208],[7.090175,52.594239],[7.093807,52.591222],[7.097101,52.591624],[7.104877,52.589652],[7.10899,52.589267],[7.110467,52.599151],[7.111736,52.600383],[7.118837,52.59751],[7.121174,52.592724],[7.142418,52.587902],[7.146644,52.572596],[7.159431,52.573491],[7.161488,52.566112],[7.16225,52.557043],[7.183179,52.551084],[7.184455,52.551596],[7.189712,52.550012],[7.195583,52.549687],[7.197999,52.542552],[7.192614,52.540875],[7.193312,52.537575],[7.241242,52.540575],[7.257808,52.542349],[7.270343,52.526987],[7.26565,52.524935],[7.272667,52.523197],[7.284659,52.517721],[7.283469,52.515393],[7.280599,52.515695],[7.278932,52.510763],[7.280778,52.509217],[7.272049,52.508673],[7.265727,52.507692],[7.258024,52.50783],[7.258552,52.502709],[7.257714,52.500805],[7.261232,52.500185],[7.264466,52.497557],[7.268886,52.499034],[7.27083,52.496966],[7.273393,52.496716],[7.277225,52.498114],[7.279127,52.496141],[7.274697,52.488985],[7.274653,52.487933],[7.264179,52.481616],[7.26978,52.476096],[7.272741,52.471654],[7.275155,52.469336],[7.254081,52.460316],[7.22052,52.447243],[7.218919,52.44889],[7.21266,52.446571],[7.215904,52.440502],[7.234449,52.40364],[7.231613,52.402158],[7.238553,52.391913],[7.243674,52.378641],[7.251026,52.36123],[7.255189,52.347353],[7.256227,52.340287],[7.269991,52.330448],[7.281511,52.321109],[7.288173,52.312367],[7.301594,52.298556],[7.307686,52.289464],[7.317481,52.280272],[7.345595,52.28269],[7.361555,52.288312],[7.370753,52.300237],[7.38648,52.309304],[7.396964,52.306185],[7.399857,52.308321],[7.400368,52.311566],[7.403872,52.312935],[7.412248,52.3118],[7.419597,52.312368],[7.427224,52.314013],[7.426823,52.31817],[7.429168,52.322205],[7.430879,52.322451],[7.437776,52.333357],[7.463904,52.342453],[7.479405,52.347639],[7.486507,52.350999],[7.505272,52.361055],[7.511473,52.361327],[7.52048,52.364737],[7.523762,52.367582],[7.529923,52.369876],[7.538201,52.370495],[7.541455,52.369875],[7.543057,52.367977],[7.549889,52.370425],[7.554237,52.368756],[7.560368,52.369964],[7.560086,52.372152],[7.570444,52.378597],[7.575808,52.376894],[7.579867,52.376707],[7.579383,52.378956],[7.571322,52.381235],[7.574948,52.385194],[7.581568,52.394204],[7.583583,52.395539],[7.581754,52.397809],[7.583679,52.401774],[7.582762,52.403666],[7.590219,52.40899],[7.601163,52.413862],[7.602719,52.421031],[7.596151,52.422447],[7.57931,52.428555],[7.57347,52.430276],[7.570965,52.432331],[7.575754,52.44133],[7.577491,52.446998],[7.583034,52.454863],[7.591293,52.463515],[7.591713,52.464859],[7.60423,52.47509],[7.608976,52.473991],[7.611874,52.477512],[7.609143,52.482961],[7.610633,52.492546],[7.603971,52.496127],[7.603997,52.496904],[7.617046,52.501256],[7.611785,52.50511],[7.614749,52.522316],[7.618977,52.537195],[7.615397,52.544849],[7.615546,52.563121],[7.615158,52.572363],[7.613988,52.573325],[7.616225,52.578829],[7.621695,52.582796],[7.61915,52.585849],[7.62031,52.587325],[7.618744,52.593431],[7.613958,52.601555],[7.60724,52.609299],[7.607753,52.616478],[7.61158,52.622641],[7.62495,52.630794],[7.63117,52.633891],[7.657818,52.648166],[7.660805,52.649571],[7.686532,52.659207],[7.688106,52.661775],[7.694648,52.663129],[7.68785,52.678987],[7.689615,52.67892],[7.683436,52.687937],[7.678657,52.69101],[7.683499,52.694384],[7.679864,52.696379],[7.677594,52.695339],[7.674798,52.696274],[7.665051,52.702785],[7.661801,52.70405],[7.661109,52.707713],[7.657608,52.711296],[7.651918,52.71483],[7.635241,52.725969],[7.637738,52.728609],[7.637472,52.731465],[7.643178,52.734971],[7.646834,52.735943],[7.648436,52.738866],[7.65304,52.739003],[7.664334,52.742011],[7.66945,52.74487],[7.675031,52.746289],[7.679459,52.748478],[7.686009,52.749887],[7.687884,52.755987],[7.693433,52.758344],[7.704797,52.759607],[7.706619,52.760592],[7.708097,52.764054],[7.714946,52.766754],[7.712603,52.769509],[7.694795,52.786269],[7.685286,52.794655],[7.681804,52.797077],[7.684999,52.799832],[7.684362,52.803079],[7.689027,52.804472],[7.693348,52.808834],[7.690649,52.811771],[7.692545,52.813957],[7.696429,52.821689],[7.703396,52.825873],[7.704342,52.828966],[7.70764,52.83216],[7.707056,52.840195],[7.7092,52.842385],[7.712894,52.850563],[7.714629,52.851746],[7.721457,52.853235],[7.72628,52.855988],[7.735987,52.857995],[7.76551,52.866519],[7.768203,52.866865],[7.773483,52.869146],[7.776529,52.869647],[7.779996,52.872128],[7.784113,52.873006],[7.790266,52.877262],[7.793384,52.882282],[7.796855,52.885287],[7.804555,52.889776],[7.806107,52.892762],[7.804834,52.89444],[7.806264,52.896322],[7.811245,52.897804],[7.816975,52.902001],[7.821204,52.90695],[7.825262,52.909515],[7.826578,52.914471],[7.830276,52.915723],[7.832035,52.920889],[7.827052,52.924037],[7.823819,52.927555],[7.786795,52.934607],[7.775801,52.937609],[7.778535,52.940621],[7.775466,52.941856],[7.769223,52.939405],[7.752862,52.943878],[7.742699,52.946898],[7.740916,52.945144],[7.740904,52.956904],[7.735657,52.957149],[7.731606,52.95598],[7.728698,52.959612],[7.724761,52.962761],[7.726244,52.963586],[7.719435,52.965959],[7.716178,52.968242],[7.723161,52.972144],[7.72037,52.981004],[7.718442,52.988931],[7.716575,53.000517],[7.711866,53.000742],[7.711254,53.002942],[7.714446,53.008656],[7.712613,53.011447],[7.712429,53.015632],[7.704165,53.019597],[7.69884,53.021437],[7.675142,53.031554],[7.645909,53.043417],[7.61188,53.057707]]]}},
{"type":"Feature","id":"DEU:ADM3:DE-NI.friesland-de","properties":{"shapeName":"Friesland (DE)","shapeISO":"","shapeGroup":"DEU","shapeType":"ADM3","adm1ISO":"DE-NI","parentISO":"DE-NI","parentID":"DEU:ADM1:DE-NI","src_shape_id":"24449704B38677606159112"},"geometry":{"type":"MultiPolygon","coordinates":[[[[8.091291,53.638109],[8.086001,53.642261],[8.084416,53.64388],[8.072955,53.646985],[8.071699,53.645973],[8.06052,53.642412],[8.051757,53.64093],[8.044694,53.641408],[8.039333,53.648462],[8.037294,53.650241],[8.034499,53.655775],[8.032603,53.656736],[8.029593,53.662658],[8.030413,53.667289],[8.027029,53.678948],[8.023727,53.68314],[8.023192,53.684712],[8.024083,53.688702],[8.023326,53.690827],[8.025001,53.693611],[8.031651,53.699479],[8.03213,53.705278],[8.027947,53.70753],[8.012121,53.711704],[8.000531,53.712649],[7.99052,53.713982],[7.98444,53.714037],[7.963752,53.716122],[7.948739,53.716629],[7.941161,53.716395],[7.930681,53.71663],[7.913327,53.717839],[7.904391,53.717057],[7.880634,53.71601],[7.87041,53.714336],[7.862812,53.714324],[7.851742,53.712991],[7.831611,53.711111],[7.821699,53.711228],[7.817353,53.711826],[7.811633,53.71105],[7.810558,53.711046],[7.809896,53.707662],[7.811652,53.707045],[7.81286,53.70317],[7.817673,53.692665],[7.821946,53.687957],[7.82695,53.680935],[7.834323,53.669074],[7.834488,53.659682],[7.836776,53.65146],[7.834304,53.648304],[7.839913,53.647592],[7.841513,53.646294],[7.840869,53.642403],[7.836756,53.642243],[7.836201,53.640185],[7.837769,53.638102],[7.836597,53.635038],[7.832786,53.636071],[7.829436,53.634884],[7.829744,53.633056],[7.824938,53.63298],[7.821147,53.63412],[7.820261,53.631548],[7.824027,53.630577],[7.822482,53.628638],[7.825358,53.627612],[7.828023,53.630286],[7.832092,53.628306],[7.828977,53.625811],[7.831111,53.623061],[7.835276,53.623708],[7.840042,53.62293],[7.844102,53.623803],[7.851927,53.622214],[7.858916,53.617175],[7.86037,53.610877],[7.858978,53.608402],[7.855868,53.606069],[7.855813,53.599738],[7.854206,53.597816],[7.851267,53.598679],[7.849776,53.59559],[7.84453,53.592141],[7.84716,53.59013],[7.848206,53.587095],[7.851217,53.589021],[7.855759,53.586637],[7.858209,53.586348],[7.856623,53.58234],[7.857136,53.580354],[7.851485,53.581852],[7.849257,53.580977],[7.853663,53.578077],[7.84815,53.576808],[7.844671,53.574378],[7.845407,53.571966],[7.84139,53.571699],[7.836232,53.569817],[7.838191,53.566676],[7.835818,53.565456],[7.836918,53.560534],[7.833921,53.560398],[7.836753,53.556296],[7.830941,53.551315],[7.824625,53.551394],[7.825152,53.549931],[7.831266,53.549218],[7.829781,53.546569],[7.829897,53.54332],[7.831421,53.537999],[7.826544,53.532831],[7.822195,53.526045],[7.815647,53.520285],[7.81553,53.519473],[7.821227,53.500839],[7.847478,53.509163],[7.851583,53.51125],[7.856874,53.512862],[7.862467,53.512863],[7.888188,53.516528],[7.894028,53.514988],[7.899946,53.515428],[7.904179,53.514729],[7.907937,53.512944],[7.913757,53.512751],[7.918083,53.514074],[7.922888,53.51216],[7.930055,53.512381],[7.935825,53.511216],[7.938969,53.509825],[7.93701,53.505657],[7.934771,53.503713],[7.935723,53.500846],[7.931173,53.500518],[7.931209,53.497075],[7.933205,53.491838],[7.932622,53.489947],[7.928633,53.487769],[7.928841,53.481658],[7.930745,53.479684],[7.933987,53.480641],[7.946271,53.482884],[7.946272,53.480789],[7.942574,53.472359],[7.950359,53.472137],[7.956863,53.473104],[7.959624,53.470716],[7.96973,53.464018],[7.969576,53.4612],[7.962699,53.449594],[7.96589,53.446773],[7.967231,53.443888],[7.960671,53.442988],[7.952645,53.441237],[7.948328,53.439813],[7.949824,53.438646],[7.912577,53.422416],[7.904558,53.41797],[7.891137,53.4123],[7.867781,53.402742],[7.858672,53.398644],[7.871523,53.375875],[7.885608,53.351967],[7.89255,53.3492],[7.906125,53.34451],[7.929619,53.335962],[7.941444,53.330868],[7.945911,53.325771],[7.94849,53.327156],[7.959946,53.329839],[7.963977,53.327204],[7.962729,53.321967],[7.961403,53.319465],[7.962381,53.315583],[7.968066,53.310897],[7.968907,53.305411],[7.970525,53.304698],[7.993465,53.306814],[7.997193,53.308842],[7.999142,53.307577],[8.009595,53.308296],[8.030155,53.310364],[8.032324,53.321307],[8.041405,53.328575],[8.047448,53.331735],[8.053304,53.336375],[8.063503,53.342027],[8.067399,53.339663],[8.072298,53.341495],[8.073508,53.343502],[8.078354,53.342537],[8.077453,53.340519],[8.080607,53.33983],[8.083883,53.334174],[8.089058,53.335032],[8.090305,53.332095],[8.109496,53.33366],[8.121385,53.332106],[8.125906,53.330076],[8.132466,53.331511],[8.138258,53.334668],[8.143853,53.335585],[8.151235,53.338034],[8.156025,53.344988],[8.157917,53.348684],[8.162342,53.349913],[8.167735,53.352442],[8.173923,53.354041],[8.177431,53.356481],[8.182979,53.354934],[8.18734,53.355182],[8.189915,53.359156],[8.192258,53.359224],[8.202197,53.366143],[8.203913,53.36867],[8.202748,53.370366],[8.205082,53.373057],[8.203577,53.37651],[8.200008,53.377443],[8.1991,53.384138],[8.200719,53.387967],[8.204626,53.388358],[8.206987,53.390118],[8.2072,53.395962],[8.20205,53.397641],[8.19533,53.402866],[8.194127,53.40684],[8.195555,53.409172],[8.191229,53.408876],[8.190637,53.410631],[8.194955,53.411658],[8.196424,53.413258],[8.193893,53.415946],[8.183395,53.42398],[8.173766,53.432077],[8.160181,53.441117],[8.159962,53.442519],[8.153093,53.446957],[8.149141,53.447404],[8.147047,53.450052],[8.143758,53.449704],[8.141512,53.451445],[8.136942,53.45269],[8.132195,53.452028],[8.12153,53.451727],[8.117897,53.45111],[8.109647,53.446739],[8.105296,53.446579],[8.100303,53.445445],[8.097738,53.446102],[8.089093,53.451682],[8.078424,53.459789],[8.075559,53.46257],[8.069246,53.470151],[8.064939,53.476632],[8.062259,53.482526],[8.060035,53.495367],[8.060646,53.500909],[8.062341,53.505668],[8.058813,53.507917],[8.052642,53.509759],[8.054309,53.512058],[8.050402,53.51341],[8.046489,53.51728],[8.046142,53.5189],[8.049554,53.521548],[8.047402,53.524419],[8.043439,53.524322],[8.042307,53.526484],[8.03812,53.527686],[8.039846,53.529195],[8.035447,53.531425],[8.03587,53.53523],[8.03363,53.537487],[8.030112,53.538585],[8.033884,53.544765],[8.03722,53.544239],[8.041625,53.548579],[8.041612,53.552667],[8.033314,53.553881],[8.030114,53.551129],[8.026299,53.552633],[8.031071,53.554693],[8.028486,53.555902],[8.022527,53.556604],[8.022011,53.5616],[8.026549,53.564022],[8.02629,53.565777],[8.029252,53.567098],[8.033209,53.566663],[8.034803,53.565166],[8.039575,53.566529],[8.041718,53.570842],[8.033089,53.571731],[8.031601,53.573472],[8.027122,53.572807],[8.027769,53.578079],[8.024398,53.579725],[8.018449,53.579605],[8.018066,53.581429],[8.014783,53.58369],[8.023372,53.585841],[8.020579,53.58778],[8.015759,53.586452],[8.011166,53.587762],[8.013347,53.590863],[8.011752,53.59882],[8.005355,53.601427],[8.003651,53.600575],[7.994211,53.601247],[7.994191,53.604004],[8.000494,53.605491],[8.005876,53.60979],[8.007901,53.612186],[8.022468,53.616556],[8.026913,53.619796],[8.027427,53.621532],[8.032624,53.623363],[8.036847,53.628392],[8.03854,53.627329],[8.042124,53.629486],[8.050585,53.625059],[8.091291,53.638109]]],[[[7.885377,53.794553],[7.881934,53.794771],[7.864609,53.793885],[7.856762,53.792179],[7.850769,53.79015],[7.847541,53.787094],[7.851223,53.784366],[7.858138,53.781254],[7.864119,53.77589],[7.866563,53.774983],[7.868705,53.77681],[7.869768,53.783987],[7.874668,53.788515],[7.880937,53.786917],[7.890923,53.785581],[7.909147,53.78116],[7.917425,53.78014],[7.9308,53.780353],[7.935019,53.77986],[7.942626,53.780984],[7.94408,53.782174],[7.949934,53.78165],[7.959155,53.779072],[7.966249,53.775989],[7.970672,53.776628],[7.968849,53.779233],[7.974229,53.78031],[7.972587,53.782339],[7.962392,53.784516],[7.956557,53.786588],[7.945149,53.788062],[7.929875,53.790487],[7.926986,53.790556],[7.914034,53.792349],[7.907149,53.793688],[7.899381,53.794332],[7.885377,53.794553]]]]}},
{"type":"Feature","id":"DEU:ADM3:DE-NI.grafschaft-bentheim","properties":{"shapeName":"Grafschaft Bentheim","shapeISO":"","shapeGroup":"DEU","shapeType":"ADM3","adm1ISO":"DE-NI","parentISO":"DE-NI","parentID":"DEU:ADM1:DE-NI","src_shape_id":"24449704B24462500693885"},"geometry":{"type":"Polygon","coordinates":[[[7.00623,52.638763],[7.004416,52.640919],[6.998923,52.64207],[6.993385,52.64129],[6.984719,52.643444],[6.981568,52.645162],[6.975804,52.646257],[6.970063,52.642588],[6.967158,52.641693],[6.95879,52.641543],[6.953045,52.638945],[6.945847,52.639353],[6.940004,52.63799],[6.934712,52.638307],[6.927926,52.640182],[6.919652,52.639841],[6.915567,52.642334],[6.913953,52.646675],[6.902652,52.648687],[6.898217,52.651096],[6.890845,52.651453],[6.879841,52.650547],[6.874015,52.652913],[6.871224,52.652983],[6.865197,52.65003],[6.854469,52.64963],[6.849979,52.648801],[6.839076,52.651868],[6.832512,52.651669],[6.82919,52.649767],[6.822725,52.647798],[6.816301,52.648615],[6.809,52.648952],[6.805804,52.651227],[6.802267,52.651947],[6.795127,52.650757],[6.790125,52.65269],[6.783463,52.652542],[6.777429,52.651613],[6.772288,52.65014],[6.767955,52.646861],[6.75886,52.648838],[6.753518,52.645843],[6.750507,52.646994],[6.741992,52.645324],[6.737306,52.641438],[6.730742,52.637541],[6.726187,52.633255],[6.717563,52.631031],[6.710081,52.627843],[6.714288,52.626775],[6.718541,52.62231],[6.724703,52.618882],[6.727108,52.614799],[6.724412,52.608469],[6.723685,52.603181],[6.720734,52.597987],[6.721578,52.594839],[6.720141,52.593446],[6.718713,52.588684],[6.766715,52.563502],[6.764025,52.561537],[6.753509,52.559209],[6.751045,52.559228],[6.741524,52.561814],[6.73346,52.561944],[6.726181,52.563212],[6.720956,52.553322],[6.71632,52.550365],[6.716081,52.548571],[6.683378,52.55313],[6.680868,52.553336],[6.695976,52.532638],[6.704447,52.522063],[6.705367,52.520264],[6.704073,52.516721],[6.69772,52.486345],[6.720505,52.477122],[6.723919,52.477033],[6.745203,52.467648],[6.753103,52.463797],[6.774633,52.459612],[6.812814,52.459627],[6.831806,52.460091],[6.848274,52.459332],[6.854308,52.459599],[6.852613,52.449943],[6.861858,52.451414],[6.88863,52.446599],[6.906843,52.441935],[6.941684,52.43549],[6.948022,52.436938],[6.962202,52.444589],[6.966511,52.449466],[6.969926,52.45477],[6.974393,52.459619],[6.977563,52.465477],[6.987942,52.469541],[6.993967,52.465515],[6.994522,52.462104],[6.999803,52.454885],[7.005568,52.44408],[7.010889,52.429073],[7.022135,52.422692],[7.035835,52.402526],[7.040627,52.402669],[7.046843,52.400847],[7.052639,52.399917],[7.055481,52.400952],[7.058798,52.399332],[7.058629,52.39595],[7.064286,52.38971],[7.072192,52.373412],[7.07283,52.367203],[7.072174,52.352266],[7.056856,52.338593],[7.055551,52.332162],[7.0471,52.323913],[7.048053,52.319996],[7.046759,52.316185],[7.042374,52.315088],[7.043151,52.313366],[7.039121,52.307493],[7.033749,52.302336],[7.026687,52.2922],[7.026413,52.286619],[7.028993,52.28248],[7.029045,52.27951],[7.027478,52.277556],[7.02879,52.273479],[7.031844,52.271947],[7.037189,52.264472],[7.042445,52.256103],[7.065868,52.241259],[7.068559,52.241185],[7.098065,52.242769],[7.099149,52.243059],[7.105451,52.244584],[7.109054,52.24724],[7.109589,52.252411],[7.113803,52.25588],[7.117878,52.256319],[7.120786,52.258436],[7.121248,52.261078],[7.146497,52.265635],[7.153168,52.266513],[7.207847,52.264505],[7.238166,52.264005],[7.255736,52.26405],[7.284002,52.263813],[7.294542,52.264543],[7.29789,52.263975],[7.317481,52.280272],[7.307686,52.289464],[7.301594,52.298556],[7.288173,52.312367],[7.281511,52.321109],[7.269991,52.330448],[7.256227,52.340287],[7.255189,52.347353],[7.251026,52.36123],[7.243674,52.378641],[7.238553,52.391913],[7.231613,52.402158],[7.234449,52.40364],[7.215904,52.440502],[7.21266,52.446571],[7.218919,52.44889],[7.22052,52.447243],[7.254081,52.460316],[7.275155,52.469336],[7.272741,52.471654],[7.26978,52.476096],[7.264179,52.481616],[7.274653,52.487933],[7.274697,52.488985],[7.279127,52.496141],[7.277225,52.498114],[7.273393,52.496716],[7.27083,52.496966],[7.268886,52.499034],[7.264466,52.497557],[7.261232,52.500185],[7.257714,52.500805],[7.258552,52.502709],[7.258024,52.50783],[7.265727,52.507692],[7.272049,52.508673],[7.280778,52.509217],[7.278932,52.510763],[7.280599,52.515695],[7.283469,52.515393],[7.284659,52.517721],[7.272667,52.523197],[7.26565,52.524935],[7.270343,52.526987],[7.257808,52.542349],[7.241242,52.540575],[7.193312,52.537575],[7.192614,52.540875],[7.197999,52.542552],[7.195583,52.549687],[7.189712,52.550012],[7.184455,52.551596],[7.183179,52.551084],[7.16225,52.557043],[7.161488,52.566112],[7.159431,52.573491],[7.146644,52.572596],[7.142418,52.587902],[7.121174,52.592724],[7.118837,52.59751],[7.111736,52.600383],[7.110467,52.599151],[7.10899,52.589267],[7.104877,52.589652],[7.097101,52.591624],[7.093807,52.591222],[7.090175,52.594239],[7.082843,52.597208],[7.072511,52.604332],[7.068539,52.605035],[7.048881,52.606467],[7.04873,52.599604],[7.045346,52.597118],[7.042112,52.608335],[7.044188,52.609601],[7.033347,52.618391],[6.995278,52.606289],[6.998417,52.618799],[7.00243,52.636224],[7.00623,52.638763]]]}},
{"type":"Feature","id":"DEU:ADM3:DE-NI.leer","properties":{"shapeName":"Leer","shapeISO":"","shapeGroup":"DEU","shapeType":"ADM3","adm1ISO":"DE-NI","parentISO":"DE-NI","parentID":"DEU:ADM1:DE-NI","src_shape_id":"24449704B47542563804474"},"geometry":{"type":"MultiPolygon","coordinates":[[[[7.30732,53.35016],[7.304833,53.350008],[7.3026,53.325127],[7.302078,53.323638],[7.298885,53.320209],[7.2643,53.325527],[7.249577,53.324886],[7.248408,53.320366],[7.24506,53.318298],[7.191116,53.317602],[7.192055,53.314307],[7.197451,53.291241],[7.208935,53.243065],[7.212596,53.228185],[7.211998,53.224503],[7.216927,53.214465],[7.217604,53.198971],[7.216421,53.195683],[7.210942,53.191965],[7.20796,53.188484],[7.224139,53.181571],[7.227045,53.179923],[7.213884,53.177058],[7.203743,53.1765],[7.190464,53.161762],[7.19116,53.159602],[7.189246,53.157396],[7.189632,53.148026],[7.185822,53.144709],[7.182947,53.140013],[7.178938,53.138143],[7.180919,53.127705],[7.183547,53.124908],[7.185727,53.124191],[7.182865,53.121709],[7.202794,53.113282],[7.245216,53.117539],[7.273231,53.113518],[7.280525,53.113329],[7.281797,53.115279],[7.288301,53.115297],[7.293682,53.114305],[7.303546,53.111702],[7.306868,53.110421],[7.312427,53.11026],[7.31666,53.109184],[7.321356,53.110853],[7.327165,53.112003],[7.333453,53.111432],[7.333927,53.109778],[7.329291,53.106015],[7.330413,53.103198],[7.337318,53.101127],[7.346805,53.101841],[7.360345,53.104853],[7.362819,53.105824],[7.373367,53.098925],[7.380096,53.095498],[7.383322,53.094906],[7.383753,53.09812],[7.383443,53.104644],[7.385219,53.105967],[7.400051,53.102106],[7.408576,53.099273],[7.407107,53.096545],[7.402845,53.091453],[7.408957,53.089961],[7.438416,53.088625],[7.446466,53.088053],[7.471059,53.087244],[7.483158,53.086231],[7.4948,53.076972],[7.519477,53.056399],[7.524594,53.043361],[7.545124,53.033676],[7.546395,53.034544],[7.552961,53.034559],[7.5585,53.036546],[7.563588,53.036578],[7.561636,53.038781],[7.568667,53.040569],[7.571277,53.042413],[7.580834,53.046895],[7.606202,53.058253],[7.608093,53.059252],[7.61188,53.057707],[7.617186,53.077846],[7.627136,53.114434],[7.636965,53.114107],[7.638706,53.123935],[7.636226,53.124138],[7.637234,53.131196],[7.64063,53.133039],[7.639941,53.138133],[7.640412,53.142884],[7.646039,53.146335],[7.644298,53.148498],[7.645839,53.166103],[7.647195,53.173142],[7.645827,53.173236],[7.647777,53.182682],[7.650057,53.184567],[7.658127,53.182877],[7.65967,53.179837],[7.665627,53.177802],[7.668744,53.179364],[7.681219,53.181909],[7.686875,53.181734],[7.690911,53.180432],[7.692842,53.177616],[7.701155,53.180163],[7.705843,53.178723],[7.708983,53.179964],[7.712461,53.179189],[7.713674,53.180854],[7.719023,53.178889],[7.715391,53.185444],[7.701712,53.204498],[7.699217,53.208354],[7.703211,53.208446],[7.701757,53.213384],[7.697543,53.214931],[7.700878,53.217592],[7.700489,53.220232],[7.702119,53.22284],[7.707952,53.224214],[7.711557,53.226464],[7.71689,53.227449],[7.72263,53.230808],[7.729231,53.231364],[7.733555,53.233247],[7.73576,53.237295],[7.760614,53.241674],[7.766922,53.245508],[7.783419,53.254914],[7.810628,53.271174],[7.819934,53.276093],[7.824433,53.277864],[7.82468,53.280964],[7.836887,53.286563],[7.850141,53.294009],[7.861322,53.312128],[7.872108,53.330374],[7.885608,53.351967],[7.871523,53.375875],[7.851768,53.367052],[7.847453,53.367291],[7.842322,53.364617],[7.833932,53.362889],[7.828788,53.371348],[7.815485,53.375455],[7.794467,53.371199],[7.756834,53.364582],[7.755616,53.363395],[7.729699,53.358793],[7.730432,53.357658],[7.722934,53.355942],[7.695966,53.350734],[7.677212,53.343631],[7.670623,53.342305],[7.663197,53.340034],[7.650624,53.346976],[7.64371,53.344436],[7.639878,53.341474],[7.635618,53.341462],[7.624427,53.342982],[7.619302,53.346101],[7.618137,53.343242],[7.630033,53.34045],[7.62617,53.334478],[7.622358,53.333228],[7.612581,53.333351],[7.609269,53.332931],[7.602165,53.333914],[7.597029,53.332281],[7.596962,53.335113],[7.594609,53.338832],[7.597986,53.340078],[7.597162,53.344128],[7.595217,53.344082],[7.588685,53.341663],[7.584795,53.341624],[7.581401,53.343397],[7.574297,53.343317],[7.571695,53.345207],[7.567384,53.34488],[7.562356,53.345461],[7.55312,53.354399],[7.547346,53.356785],[7.541249,53.356243],[7.535452,53.356813],[7.531368,53.356067],[7.529465,53.352576],[7.52622,53.352331],[7.524036,53.353992],[7.518907,53.352698],[7.512051,53.354503],[7.50914,53.357723],[7.509968,53.359695],[7.505648,53.361083],[7.499739,53.36549],[7.493589,53.367021],[7.492277,53.369234],[7.486524,53.370406],[7.479292,53.369599],[7.471644,53.370987],[7.467544,53.369398],[7.461623,53.368222],[7.457834,53.366411],[7.455075,53.366821],[7.450994,53.362454],[7.447618,53.361477],[7.444937,53.363806],[7.44177,53.363526],[7.438305,53.361826],[7.436924,53.364165],[7.431745,53.36236],[7.431331,53.357813],[7.427903,53.358091],[7.421397,53.355868],[7.416965,53.351462],[7.410421,53.348668],[7.406086,53.352166],[7.400739,53.351878],[7.396318,53.35254],[7.390424,53.350844],[7.390288,53.352765],[7.385994,53.352683],[7.383368,53.350494],[7.381149,53.351463],[7.374595,53.350181],[7.369983,53.35162],[7.371039,53.357692],[7.363746,53.358756],[7.361062,53.356331],[7.355871,53.355955],[7.350193,53.354208],[7.351132,53.362176],[7.358668,53.363059],[7.3596,53.363939],[7.358329,53.369476],[7.352171,53.368771],[7.353569,53.375515],[7.351931,53.375707],[7.349874,53.368944],[7.347473,53.358591],[7.340524,53.356717],[7.341393,53.36309],[7.335514,53.361568],[7.3327,53.3616],[7.33273,53.367075],[7.328717,53.367543],[7.328237,53.358315],[7.325324,53.357967],[7.323035,53.359878],[7.320459,53.360153],[7.320509,53.349899],[7.317678,53.349547],[7.30732,53.35016]]],[[[6.748564,53.557583],[6.752273,53.559091],[6.758661,53.562975],[6.756865,53.568268],[6.749503,53.569711],[6.745145,53.569698],[6.741012,53.57107],[6.738631,53.572904],[6.738572,53.575449],[6.732858,53.575846],[6.73308,53.577448],[6.72719,53.581267],[6.723721,53.582066],[6.716662,53.582278],[6.71811,53.584037],[6.724994,53.584461],[6.725663,53.586479],[6.732034,53.587598],[6.735569,53.587093],[6.739834,53.588676],[6.742571,53.592211],[6.745477,53.591918],[6.748191,53.594334],[6.760923,53.597624],[6.783508,53.596559],[6.787935,53.59796],[6.796346,53.598185],[6.805022,53.59974],[6.813218,53.602338],[6.813375,53.604018],[6.806387,53.606007],[6.7792,53.614346],[6.768077,53.616997],[6.760059,53.617684],[6.750736,53.617007],[6.73587,53.614132],[6.722929,53.612953],[6.709239,53.611277],[6.698456,53.610431],[6.687543,53.609981],[6.670265,53.607618],[6.662605,53.607323],[6.656499,53.607933],[6.650397,53.606315],[6.647467,53.604681],[6.641738,53.59776],[6.639255,53.593373],[6.641238,53.591294],[6.643634,53.59151],[6.643598,53.595143],[6.65111,53.598224],[6.654795,53.597824],[6.653796,53.595215],[6.656128,53.589169],[6.656458,53.584965],[6.665335,53.577524],[6.679778,53.573572],[6.688675,53.569705],[6.697368,53.565402],[6.702515,53.56674],[6.708185,53.564661],[6.712332,53.56214],[6.717831,53.557097],[6.724827,53.556071],[6.720429,53.56591],[6.721123,53.567734],[6.723889,53.568579],[6.730507,53.568669],[6.733128,53.569566],[6.740887,53.566844],[6.74258,53.562557],[6.741134,53.560529],[6.741085,53.556956],[6.743376,53.557277],[6.748564,53.557583]]]]}},
{"type":"Feature","id":"DEU:ADM3:DE-NI.oldenburg-landkreis","properties":{"shapeName":"Oldenburg, Landkreis","shapeISO":"","shapeGroup":"DEU","shapeType":"ADM3","adm1ISO":"DE-NI","parentISO":"DE-NI","parentID":"DEU:ADM1:DE-NI","src_shape_id":"24449704B8746113835319"},"geometry":{"type":"Polygon","coordinates":[[[8.657161,53.008995],[8.643278,53.005502],[8.632899,53.014057],[8.627612,53.018877],[8.61205,53.008144],[8.621947,53.000125],[8.598228,52.989096],[8.591264,52.986434],[8.58285,52.997668],[8.578331,53.000142],[8.579315,53.002892],[8.582967,53.005388],[8.588427,53.007657],[8.594351,53.011707],[8.594217,53.013782],[8.596538,53.019097],[8.601604,53.026398],[8.607561,53.031059],[8.601102,53.032666],[8.596108,53.032597],[8.591108,53.03403],[8.582605,53.037476],[8.580162,53.041266],[8.584457,53.043979],[8.586863,53.046986],[8.583852,53.048655],[8.583205,53.050506],[8.590502,53.051916],[8.591969,53.057352],[8.595046,53.057985],[8.596367,53.061629],[8.600678,53.060653],[8.607116,53.061608],[8.610219,53.065837],[8.612547,53.065154],[8.612752,53.069114],[8.617743,53.069353],[8.619774,53.070751],[8.620087,53.073219],[8.625743,53.072929],[8.62705,53.074864],[8.632678,53.075238],[8.631864,53.077204],[8.633711,53.081566],[8.632156,53.084022],[8.62329,53.086428],[8.635673,53.099276],[8.616666,53.105646],[8.613259,53.110447],[8.610069,53.106777],[8.603216,53.108738],[8.601439,53.112238],[8.591053,53.115597],[8.593988,53.119069],[8.589825,53.120552],[8.578716,53.122875],[8.570786,53.113787],[8.569558,53.116763],[8.566234,53.119633],[8.563531,53.118556],[8.554271,53.120099],[8.538573,53.1242],[8.524269,53.127504],[8.513502,53.129587],[8.507959,53.126405],[8.496153,53.130304],[8.495245,53.129409],[8.50525,53.125076],[8.506928,53.121854],[8.505284,53.120191],[8.488367,53.127017],[8.472275,53.138217],[8.46931,53.1393],[8.462926,53.139581],[8.461485,53.140357],[8.451894,53.134986],[8.448305,53.13219],[8.445129,53.132548],[8.436822,53.128883],[8.42356,53.125394],[8.421817,53.125904],[8.401678,53.12089],[8.397206,53.137919],[8.398199,53.141246],[8.392716,53.14991],[8.38802,53.15866],[8.385877,53.16561],[8.388765,53.1703],[8.384859,53.171833],[8.38158,53.171902],[8.375276,53.166065],[8.37027,53.164988],[8.355067,53.165613],[8.351154,53.165454],[8.338318,53.16128],[8.331656,53.161495],[8.327476,53.162585],[8.322305,53.161788],[8.312264,53.153048],[8.307179,53.150609],[8.304566,53.146893],[8.299293,53.144946],[8.299158,53.141754],[8.300678,53.13983],[8.297947,53.139043],[8.289998,53.132521],[8.288278,53.130439],[8.285678,53.121444],[8.286056,53.118375],[8.28416,53.117259],[8.278746,53.107082],[8.277966,53.10357],[8.279835,53.09819],[8.275434,53.095672],[8.272114,53.095441],[8.238223,53.085914],[8.23307,53.085891],[8.228564,53.083478],[8.223005,53.082349],[8.218985,53.085871],[8.215613,53.085224],[8.214171,53.087103],[8.207672,53.086724],[8.206147,53.088694],[8.199736,53.091797],[8.195429,53.091886],[8.194919,53.096028],[8.202522,53.101158],[8.202658,53.109479],[8.204241,53.112177],[8.201624,53.113133],[8.195431,53.113178],[8.193061,53.112534],[8.185611,53.112215],[8.177993,53.110128],[8.167566,53.108959],[8.128091,53.107838],[8.122208,53.107175],[8.112168,53.104911],[8.102237,53.102288],[8.073545,53.090829],[8.070025,53.089914],[8.069408,53.084289],[8.070039,53.08183],[8.058969,53.070427],[8.061869,53.067661],[8.051251,53.063626],[8.05239,53.061382],[8.05083,53.059624],[8.052717,53.054652],[8.061222,53.052574],[8.062453,53.053218],[8.070329,53.046288],[8.075296,53.037888],[8.07578,53.034218],[8.082285,53.036686],[8.099712,53.020202],[8.11313,53.006961],[8.118113,53.002337],[8.123255,52.99943],[8.123518,52.996842],[8.12158,52.995158],[8.121485,52.992773],[8.117615,52.986014],[8.119114,52.982787],[8.117742,52.980854],[8.117536,52.977207],[8.119753,52.975561],[8.117695,52.972299],[8.117198,52.969618],[8.114896,52.966991],[8.117075,52.964137],[8.116742,52.962575],[8.119719,52.957902],[8.124136,52.953581],[8.122707,52.949234],[8.124012,52.943657],[8.123041,52.940125],[8.124832,52.936679],[8.121542,52.931189],[8.121591,52.928072],[8.125823,52.926988],[8.131354,52.927406],[8.135842,52.925208],[8.145624,52.92566],[8.14764,52.924033],[8.153473,52.925716],[8.157081,52.924473],[8.156237,52.920463],[8.158523,52.917793],[8.155905,52.913673],[8.15739,52.910893],[8.156198,52.905135],[8.162039,52.903539],[8.168886,52.899473],[8.171778,52.897105],[8.179337,52.894122],[8.190297,52.892212],[8.194092,52.888185],[8.201411,52.883529],[8.206697,52.878493],[8.210117,52.877334],[8.222906,52.871586],[8.230812,52.869465],[8.234592,52.869319],[8.240885,52.873377],[8.249352,52.874109],[8.258849,52.874195],[8.261794,52.876183],[8.265742,52.8772],[8.273167,52.876779],[8.282436,52.878433],[8.290239,52.876398],[8.297911,52.876978],[8.302105,52.876353],[8.30591,52.877564],[8.309663,52.876831],[8.31607,52.878367],[8.318943,52.878293],[8.322181,52.880474],[8.32571,52.880978],[8.332077,52.884258],[8.335016,52.878248],[8.340129,52.872663],[8.344291,52.867259],[8.345835,52.861764],[8.350578,52.856496],[8.353926,52.856064],[8.356077,52.852474],[8.362761,52.852198],[8.363794,52.85362],[8.367803,52.854452],[8.378246,52.855587],[8.385141,52.853043],[8.385693,52.85053],[8.388723,52.849631],[8.39331,52.849901],[8.401748,52.849357],[8.406385,52.848556],[8.405749,52.844562],[8.4071,52.840606],[8.400163,52.834482],[8.396596,52.832028],[8.39303,52.831426],[8.393627,52.828855],[8.396688,52.825355],[8.405279,52.825828],[8.423449,52.824017],[8.428859,52.82455],[8.435572,52.826091],[8.439368,52.823015],[8.445126,52.820828],[8.449951,52.820124],[8.456746,52.821],[8.464373,52.820866],[8.471229,52.823004],[8.471329,52.81863],[8.473458,52.814573],[8.472056,52.809123],[8.469101,52.803648],[8.463128,52.801349],[8.459277,52.801056],[8.46375,52.800103],[8.467695,52.798367],[8.478654,52.797885],[8.485367,52.798483],[8.491693,52.799632],[8.514306,52.806229],[8.516142,52.807804],[8.526603,52.810547],[8.531021,52.810999],[8.532072,52.814185],[8.530291,52.816444],[8.535827,52.816079],[8.536974,52.818233],[8.546947,52.819265],[8.53938,52.831117],[8.543065,52.830799],[8.560241,52.834603],[8.58861,52.841575],[8.606631,52.845287],[8.627415,52.850821],[8.63367,52.85091],[8.631432,52.855292],[8.627759,52.857181],[8.639658,52.861002],[8.643505,52.861563],[8.637436,52.871154],[8.640846,52.876531],[8.640039,52.877975],[8.639547,52.884078],[8.64676,52.886568],[8.643188,52.893913],[8.641981,52.897948],[8.646596,52.902205],[8.646857,52.904391],[8.651938,52.90395],[8.653773,52.900842],[8.657339,52.901397],[8.653151,52.904454],[8.648549,52.905679],[8.644685,52.911749],[8.651642,52.91388],[8.649941,52.916546],[8.653318,52.917631],[8.660897,52.916766],[8.668425,52.91728],[8.672537,52.915539],[8.673125,52.912822],[8.679104,52.912858],[8.68202,52.914314],[8.680791,52.916724],[8.687819,52.917674],[8.688048,52.91462],[8.690623,52.913857],[8.691233,52.918966],[8.694027,52.920149],[8.692827,52.924034],[8.693378,52.928413],[8.690931,52.931497],[8.689509,52.936818],[8.685947,52.940938],[8.685863,52.946998],[8.683913,52.949532],[8.684612,52.960367],[8.68538,52.962781],[8.688331,52.966751],[8.681818,52.967011],[8.68205,52.968085],[8.674798,52.968176],[8.657502,52.96901],[8.655896,52.963059],[8.651931,52.966498],[8.648821,52.971138],[8.647279,52.971258],[8.643051,52.977166],[8.648732,52.980821],[8.642158,52.988145],[8.652299,52.997412],[8.656764,53.002904],[8.65956,53.008704],[8.657161,53.008995]]]}},
{"type":"Feature","id":"DEU:ADM3:DE-NI.osnabruck-landkreis","properties":{"shapeName":"Osnabrück, Landkreis","shapeISO":"","shapeGroup":"DEU","shapeType":"ADM3","adm1ISO":"DE-NI","parentISO":"DE-NI","parentID":"DEU:ADM1:DE-NI","src_shape_id":"24449704B95496837251529"},"geometry":{"type":"Polygon","coordinates":[[[8.308324,52.499112],[8.302284,52.500077],[8.29861,52.498653],[8.268431,52.488804],[8.259116,52.485584],[8.256578,52.486442],[8.253187,52.483863],[8.246895,52.481496],[8.24591,52.479783],[8.239503,52.480044],[8.238601,52.478598],[8.214904,52.476913],[8.211731,52.47721],[8.202846,52.479877],[8.201221,52.477007],[8.186417,52.462039],[8.17963,52.458562],[8.182739,52.455391],[8.177414,52.453273],[8.178296,52.451023],[8.159197,52.43294],[8.141437,52.438217],[8.131522,52.444507],[8.119211,52.442976],[8.102115,52.445526],[8.088687,52.446871],[8.075526,52.445388],[8.067262,52.445446],[8.060989,52.443807],[8.05798,52.450935],[8.053707,52.458827],[8.062763,52.459967],[8.062401,52.476661],[8.060675,52.481853],[8.057609,52.484342],[8.060905,52.486572],[8.061318,52.488049],[8.05709,52.49263],[8.052237,52.495793],[8.056408,52.499425],[8.063581,52.502984],[8.044847,52.512286],[8.034586,52.515171],[8.022501,52.521951],[8.017692,52.526216],[8.013967,52.532734],[8.02467,52.534305],[8.030312,52.531462],[8.033228,52.533204],[8.036882,52.532486],[8.033925,52.545303],[8.037445,52.545897],[8.036736,52.549073],[8.043814,52.551881],[8.043807,52.555166],[8.045136,52.565238],[8.043277,52.566187],[8.036336,52.577551],[8.038466,52.579646],[8.040749,52.583889],[8.041358,52.589521],[8.051064,52.590717],[8.053369,52.590382],[8.056996,52.594103],[8.07221,52.597164],[8.074062,52.602346],[8.080586,52.616926],[8.083915,52.61973],[8.087176,52.623818],[8.085202,52.625612],[8.07844,52.6255],[8.075269,52.634935],[8.076376,52.635644],[8.072631,52.644973],[8.069212,52.645776],[8.05961,52.646273],[8.054946,52.649978],[8.051342,52.651447],[8.047563,52.65499],[8.042768,52.661383],[8.032929,52.675569],[8.019482,52.683427],[8.018152,52.683912],[7.991085,52.689535],[7.976795,52.696363],[7.967967,52.694055],[7.963878,52.69475],[7.963004,52.692415],[7.959112,52.692552],[7.956878,52.689844],[7.951494,52.69182],[7.944762,52.693189],[7.943921,52.689042],[7.918008,52.67989],[7.916971,52.680669],[7.908327,52.683201],[7.906746,52.684166],[7.906227,52.689013],[7.900576,52.691987],[7.89238,52.694645],[7.889093,52.698686],[7.882053,52.70054],[7.878872,52.700471],[7.855138,52.709339],[7.84223,52.707185],[7.803285,52.700347],[7.796476,52.696751],[7.79497,52.687762],[7.790727,52.686171],[7.788292,52.687412],[7.780137,52.686735],[7.775975,52.684746],[7.775292,52.682123],[7.770045,52.679121],[7.763729,52.677436],[7.725124,52.678389],[7.69359,52.679287],[7.689615,52.67892],[7.68785,52.678987],[7.694648,52.663129],[7.688106,52.661775],[7.686532,52.659207],[7.660805,52.649571],[7.657818,52.648166],[7.63117,52.633891],[7.62495,52.630794],[7.61158,52.622641],[7.607753,52.616478],[7.60724,52.609299],[7.613958,52.601555],[7.618744,52.593431],[7.62031,52.587325],[7.61915,52.585849],[7.621695,52.582796],[7.616225,52.578829],[7.613988,52.573325],[7.615158,52.572363],[7.615546,52.563121],[7.615397,52.544849],[7.618977,52.537195],[7.614749,52.522316],[7.611785,52.50511],[7.617046,52.501256],[7.603997,52.496904],[7.603971,52.496127],[7.610633,52.492546],[7.609143,52.482961],[7.611874,52.477512],[7.608976,52.473991],[7.610592,52.472445],[7.615074,52.472017],[7.623027,52.469612],[7.631468,52.468117],[7.644793,52.463635],[7.648679,52.462773],[7.655827,52.462474],[7.654612,52.460807],[7.667706,52.458479],[7.667431,52.45607],[7.683546,52.456565],[7.688382,52.453673],[7.696767,52.443726],[7.702342,52.43437],[7.705354,52.423587],[7.707104,52.416049],[7.713825,52.401002],[7.725451,52.399895],[7.805555,52.371833],[7.807089,52.371427],[7.843036,52.369028],[7.863164,52.375065],[7.870512,52.377499],[7.880942,52.377821],[7.89028,52.378582],[7.89177,52.380513],[7.908455,52.372686],[7.921682,52.365618],[7.930329,52.364282],[7.93667,52.364977],[7.937066,52.362129],[7.942854,52.358823],[7.941251,52.356646],[7.943924,52.355589],[7.940716,52.349908],[7.94201,52.347569],[7.947782,52.3501],[7.953497,52.347221],[7.950014,52.34529],[7.95098,52.340596],[7.94772,52.338871],[7.948564,52.335128],[7.951338,52.332829],[7.954136,52.332708],[7.957678,52.330195],[7.959297,52.326286],[7.964625,52.324858],[7.976597,52.329541],[7.983967,52.33202],[7.998449,52.335962],[8.009856,52.338766],[8.016228,52.328946],[8.01933,52.325984],[8.020051,52.319286],[8.027193,52.318668],[8.028038,52.317453],[8.047347,52.318652],[8.055369,52.318459],[8.062158,52.315984],[8.074023,52.315828],[8.082387,52.31956],[8.085339,52.318478],[8.091481,52.319988],[8.097985,52.320465],[8.09996,52.314019],[8.097362,52.311777],[8.097641,52.307223],[8.102897,52.3039],[8.106275,52.303041],[8.109226,52.296008],[8.114031,52.295547],[8.11675,52.293711],[8.119401,52.290479],[8.124031,52.291453],[8.126214,52.293188],[8.130382,52.294584],[8.134114,52.292831],[8.135664,52.295493],[8.143036,52.295643],[8.145623,52.298676],[8.152715,52.29841],[8.151988,52.295411],[8.153703,52.293481],[8.158896,52.29499],[8.159819,52.29275],[8.163654,52.29516],[8.164729,52.297598],[8.170298,52.291959],[8.170969,52.289035],[8.17515,52.287035],[8.179886,52.288604],[8.180514,52.284907],[8.178388,52.28156],[8.172087,52.279054],[8.166823,52.276065],[8.167571,52.273591],[8.163616,52.272624],[8.164253,52.269704],[8.160275,52.269375],[8.159006,52.26695],[8.154322,52.266323],[8.150142,52.264621],[8.146617,52.262195],[8.137884,52.264011],[8.134737,52.264183],[8.130621,52.262401],[8.127249,52.262734],[8.121348,52.260484],[8.127299,52.258007],[8.1262,52.254556],[8.130742,52.253405],[8.124779,52.250245],[8.126367,52.248774],[8.123337,52.245897],[8.131943,52.24131],[8.131076,52.236819],[8.133428,52.23584],[8.133693,52.23339],[8.12207,52.231042],[8.118988,52.231871],[8.117799,52.234168],[8.114458,52.234157],[8.115163,52.231711],[8.113544,52.230216],[8.117697,52.222095],[8.113486,52.223037],[8.111371,52.22059],[8.108471,52.220549],[8.103373,52.225135],[8.097571,52.228926],[8.099011,52.231924],[8.093133,52.232777],[8.09727,52.236583],[8.092439,52.236173],[8.085206,52.238059],[8.08158,52.239968],[8.077859,52.238561],[8.067739,52.238071],[8.063638,52.236464],[8.061873,52.234637],[8.051352,52.234097],[8.048346,52.233158],[8.040128,52.232705],[8.040047,52.228803],[8.036931,52.228842],[8.034366,52.224187],[8.026519,52.226147],[8.023362,52.228552],[8.021245,52.228429],[8.016476,52.231526],[8.011568,52.231519],[8.008389,52.235137],[8.00634,52.236102],[7.995925,52.236065],[7.989006,52.237135],[7.983958,52.239855],[7.981989,52.242315],[7.978537,52.241901],[7.976391,52.243583],[7.962414,52.24946],[7.957665,52.251121],[7.957935,52.25527],[7.963278,52.25856],[7.963848,52.261461],[7.96795,52.262101],[7.966133,52.269609],[7.963858,52.274165],[7.96151,52.275877],[7.958954,52.273192],[7.956465,52.272491],[7.952417,52.268841],[7.944311,52.264966],[7.931981,52.265525],[7.929174,52.265123],[7.925624,52.262814],[7.925426,52.258319],[7.923113,52.254652],[7.923492,52.24789],[7.927243,52.244971],[7.928629,52.241226],[7.927034,52.238618],[7.926481,52.23417],[7.928135,52.230101],[7.926551,52.226512],[7.922207,52.222774],[7.919821,52.221697],[7.914578,52.222933],[7.914419,52.220077],[7.912786,52.217369],[7.910732,52.217685],[7.909514,52.214139],[7.906647,52.215337],[7.905361,52.212717],[7.906362,52.208059],[7.901762,52.208562],[7.89984,52.206829],[7.902451,52.203708],[7.906745,52.201381],[7.902993,52.198869],[7.908853,52.195027],[7.908109,52.189863],[7.915175,52.186137],[7.918979,52.183385],[7.924131,52.181354],[7.928353,52.181256],[7.930995,52.178307],[7.933987,52.176922],[7.938839,52.176136],[7.957574,52.176859],[7.969015,52.173835],[7.974333,52.17113],[7.981955,52.172524],[7.984064,52.174011],[7.996217,52.175595],[8.007512,52.175957],[8.016978,52.172051],[8.015162,52.168611],[8.018395,52.16597],[8.023013,52.165099],[8.025189,52.16351],[8.023015,52.16018],[8.020629,52.159131],[8.01785,52.160433],[8.011819,52.161801],[8.012505,52.159178],[8.002047,52.159958],[8.000647,52.157167],[8.003147,52.154555],[8.000626,52.153306],[7.997776,52.150339],[8.003505,52.149658],[8.001977,52.147215],[8.004348,52.14424],[8.002807,52.137665],[8.004943,52.136846],[8.007796,52.115333],[7.971769,52.115983],[7.967836,52.114681],[7.958075,52.10524],[7.946058,52.100888],[7.939075,52.100829],[7.932303,52.098874],[7.916066,52.096076],[7.916147,52.095168],[7.906062,52.093168],[7.897525,52.090435],[7.888349,52.085581],[7.885159,52.083302],[7.888736,52.083488],[7.895522,52.07813],[7.898185,52.075053],[7.905244,52.068406],[7.909395,52.065553],[7.911807,52.06229],[7.91487,52.060211],[7.920705,52.057997],[7.916921,52.051637],[7.928191,52.048546],[7.928836,52.049553],[7.934247,52.048127],[7.932853,52.046717],[7.963036,52.039933],[7.97233,52.038411],[7.973536,52.037465],[7.979814,52.036356],[7.985992,52.038898],[7.987519,52.040848],[7.988045,52.043991],[7.991849,52.046195],[7.993717,52.049636],[8.001893,52.053849],[8.005647,52.055142],[8.013711,52.056364],[8.019098,52.058606],[8.019258,52.062299],[8.025464,52.064123],[8.030835,52.067906],[8.035943,52.067157],[8.035856,52.063939],[8.04246,52.063053],[8.049561,52.063226],[8.055548,52.064191],[8.056434,52.067524],[8.060161,52.0672],[8.066703,52.068121],[8.069899,52.065181],[8.073938,52.066196],[8.087008,52.06453],[8.092399,52.063425],[8.095074,52.058145],[8.096448,52.057145],[8.103496,52.061064],[8.11095,52.063409],[8.120478,52.06576],[8.129083,52.068748],[8.131997,52.071249],[8.136719,52.072976],[8.1428,52.073429],[8.150341,52.075009],[8.161873,52.075438],[8.164434,52.073431],[8.170227,52.072852],[8.176439,52.073595],[8.178966,52.07188],[8.185503,52.072556],[8.192495,52.072619],[8.195098,52.074056],[8.197825,52.07922],[8.198205,52.081801],[8.201063,52.084772],[8.201446,52.088172],[8.205496,52.091264],[8.207024,52.091402],[8.208914,52.096774],[8.214101,52.09996],[8.219371,52.102086],[8.221359,52.106146],[8.224867,52.106411],[8.225226,52.108587],[8.22959,52.108688],[8.239195,52.115358],[8.239885,52.11736],[8.24321,52.118395],[8.245896,52.121397],[8.262539,52.120378],[8.264706,52.122687],[8.265005,52.126094],[8.267227,52.130257],[8.266732,52.132281],[8.273433,52.130724],[8.278046,52.131457],[8.283158,52.133667],[8.288215,52.134574],[8.285931,52.131388],[8.284823,52.127435],[8.28525,52.125488],[8.292361,52.125172],[8.293899,52.123608],[8.298549,52.122695],[8.301224,52.120881],[8.311215,52.118329],[8.315097,52.119687],[8.314138,52.122288],[8.323918,52.125922],[8.329736,52.125029],[8.335228,52.123293],[8.337831,52.123907],[8.34122,52.122421],[8.342814,52.123722],[8.349206,52.119568],[8.354564,52.119404],[8.357717,52.117748],[8.363706,52.118353],[8.365393,52.116052],[8.368874,52.114765],[8.368208,52.112089],[8.373228,52.109812],[8.38731,52.108704],[8.388116,52.108025],[8.395124,52.108797],[8.404937,52.111489],[8.410586,52.115115],[8.410191,52.118932],[8.407466,52.121917],[8.405157,52.122516],[8.404285,52.128088],[8.405229,52.131065],[8.41196,52.136969],[8.416759,52.139779],[8.427956,52.144347],[8.432089,52.145444],[8.434061,52.147413],[8.442907,52.149642],[8.444499,52.151241],[8.453534,52.155387],[8.458837,52.154893],[8.462092,52.153104],[8.464863,52.155247],[8.469517,52.155849],[8.481537,52.159885],[8.484133,52.164671],[8.486566,52.166547],[8.493095,52.166801],[8.493934,52.169002],[8.49831,52.172848],[8.505009,52.177221],[8.505603,52.179382],[8.514465,52.182872],[8.517437,52.18495],[8.515244,52.186313],[8.510767,52.186639],[8.50789,52.188355],[8.496704,52.189346],[8.484885,52.191719],[8.478305,52.192022],[8.461494,52.195563],[8.456254,52.198119],[8.454843,52.202441],[8.452262,52.203179],[8.452221,52.205762],[8.448668,52.210272],[8.443408,52.212439],[8.442207,52.214304],[8.447173,52.217186],[8.450738,52.218056],[8.452127,52.220362],[8.452519,52.224943],[8.461412,52.229801],[8.459003,52.234731],[8.459955,52.238375],[8.458757,52.239126],[8.459848,52.242801],[8.461989,52.244311],[8.466308,52.24541],[8.468063,52.247114],[8.46607,52.251336],[8.462702,52.252223],[8.463574,52.25662],[8.458797,52.258185],[8.466186,52.267614],[8.463802,52.272027],[8.465003,52.273694],[8.463141,52.28212],[8.459407,52.281642],[8.458533,52.287008],[8.458751,52.294515],[8.461108,52.298856],[8.457972,52.301997],[8.459816,52.3047],[8.464937,52.303744],[8.469287,52.31339],[8.472149,52.315364],[8.462027,52.317136],[8.460649,52.318732],[8.459257,52.324806],[8.453547,52.330586],[8.450981,52.335995],[8.45052,52.339352],[8.444725,52.35079],[8.442479,52.355886],[8.442615,52.35901],[8.440487,52.359802],[8.43941,52.362713],[8.435403,52.362791],[8.432412,52.366455],[8.429275,52.366275],[8.400951,52.377447],[8.397737,52.381634],[8.393053,52.384638],[8.389714,52.384678],[8.38151,52.386618],[8.3675,52.388937],[8.359434,52.390944],[8.343029,52.398172],[8.323574,52.400511],[8.313627,52.406027],[8.314037,52.407845],[8.322097,52.409015],[8.319883,52.410939],[8.315882,52.412523],[8.317266,52.416826],[8.320015,52.418694],[8.321637,52.42198],[8.322037,52.426162],[8.317214,52.427892],[8.318428,52.429866],[8.31336,52.431781],[8.311724,52.436357],[8.307951,52.436757],[8.307256,52.434711],[8.303993,52.434309],[8.306194,52.443193],[8.308313,52.444726],[8.307716,52.446397],[8.304221,52.44659],[8.29743,52.454464],[8.297214,52.456498],[8.297154,52.464529],[8.3,52.46689],[8.301418,52.471368],[8.304149,52.472917],[8.307098,52.481969],[8.306187,52.490236],[8.312058,52.494478],[8.308183,52.495071],[8.308324,52.499112]]]}},
{"type":"Feature","id":"DEU:ADM3:DE-NI.vechta","properties":{"shapeName":"Vechta","shapeISO":"","shapeGroup":"DEU","shapeType":"ADM3","adm1ISO":"DE-NI","parentISO":"DE-NI","parentID":"DEU:ADM1:DE-NI","src_shape_id":"24449704B18159687381539"},"geometry":{"type":"Polygon","coordinates":[[[8.459277,52.801056],[8.463128,52.801349],[8.469101,52.803648],[8.472056,52.809123],[8.473458,52.814573],[8.471329,52.81863],[8.471229,52.823004],[8.464373,52.820866],[8.456746,52.821],[8.449951,52.820124],[8.445126,52.820828],[8.439368,52.823015],[8.435572,52.826091],[8.428859,52.82455],[8.423449,52.824017],[8.405279,52.825828],[8.396688,52.825355],[8.393627,52.828855],[8.39303,52.831426],[8.396596,52.832028],[8.400163,52.834482],[8.4071,52.840606],[8.405749,52.844562],[8.406385,52.848556],[8.401748,52.849357],[8.39331,52.849901],[8.388723,52.849631],[8.385693,52.85053],[8.385141,52.853043],[8.378246,52.855587],[8.367803,52.854452],[8.363794,52.85362],[8.362761,52.852198],[8.356077,52.852474],[8.353926,52.856064],[8.350578,52.856496],[8.345835,52.861764],[8.344291,52.867259],[8.340129,52.872663],[8.335016,52.878248],[8.332077,52.884258],[8.32571,52.880978],[8.322181,52.880474],[8.318943,52.878293],[8.31607,52.878367],[8.309663,52.876831],[8.30591,52.877564],[8.302105,52.876353],[8.297911,52.876978],[8.290239,52.876398],[8.282436,52.878433],[8.273167,52.876779],[8.265742,52.8772],[8.261794,52.876183],[8.258849,52.874195],[8.253944,52.86618],[8.251881,52.866133],[8.250132,52.862512],[8.253458,52.861979],[8.253631,52.858852],[8.255398,52.85651],[8.253118,52.854999],[8.247368,52.849295],[8.237987,52.84122],[8.235422,52.837619],[8.23564,52.831578],[8.241795,52.819729],[8.244496,52.808913],[8.237398,52.80691],[8.239066,52.804755],[8.239591,52.799089],[8.235958,52.799044],[8.235658,52.79723],[8.228283,52.793236],[8.223492,52.788648],[8.211478,52.789877],[8.207669,52.791266],[8.204033,52.788575],[8.200892,52.78189],[8.195645,52.772246],[8.198586,52.768713],[8.198887,52.763138],[8.195953,52.761717],[8.172777,52.765881],[8.167984,52.766995],[8.161945,52.772132],[8.157053,52.770958],[8.152393,52.767332],[8.144493,52.767512],[8.123111,52.769928],[8.110985,52.771584],[8.107273,52.764894],[8.105371,52.765522],[8.101736,52.758928],[8.103507,52.752275],[8.101198,52.752935],[8.091461,52.753407],[8.061174,52.756329],[8.053843,52.735056],[8.046188,52.715181],[8.05544,52.714544],[8.053209,52.711212],[8.067187,52.711323],[8.072554,52.711943],[8.074715,52.711088],[8.073469,52.704165],[8.075217,52.702745],[8.074336,52.699987],[8.070528,52.700891],[8.066737,52.703001],[8.062148,52.703772],[8.05593,52.703719],[8.052025,52.702002],[8.045428,52.702129],[8.03941,52.703294],[8.035018,52.703438],[8.030664,52.70236],[8.026632,52.702961],[8.025597,52.699989],[8.018152,52.683912],[8.019482,52.683427],[8.032929,52.675569],[8.042768,52.661383],[8.047563,52.65499],[8.051342,52.651447],[8.054946,52.649978],[8.05961,52.646273],[8.069212,52.645776],[8.072631,52.644973],[8.076376,52.635644],[8.075269,52.634935],[8.07844,52.6255],[8.085202,52.625612],[8.087176,52.623818],[8.083915,52.61973],[8.080586,52.616926],[8.074062,52.602346],[8.07221,52.597164],[8.056996,52.594103],[8.053369,52.590382],[8.051064,52.590717],[8.041358,52.589521],[8.040749,52.583889],[8.038466,52.579646],[8.036336,52.577551],[8.043277,52.566187],[8.045136,52.565238],[8.043807,52.555166],[8.043814,52.551881],[8.036736,52.549073],[8.037445,52.545897],[8.033925,52.545303],[8.036882,52.532486],[8.033228,52.533204],[8.030312,52.531462],[8.02467,52.534305],[8.013967,52.532734],[8.017692,52.526216],[8.022501,52.521951],[8.034586,52.515171],[8.044847,52.512286],[8.063581,52.502984],[8.056408,52.499425],[8.052237,52.495793],[8.05709,52.49263],[8.061318,52.488049],[8.060905,52.486572],[8.057609,52.484342],[8.060675,52.481853],[8.062401,52.476661],[8.062763,52.459967],[8.053707,52.458827],[8.05798,52.450935],[8.060989,52.443807],[8.067262,52.445446],[8.075526,52.445388],[8.088687,52.446871],[8.102115,52.445526],[8.119211,52.442976],[8.131522,52.444507],[8.141437,52.438217],[8.159197,52.43294],[8.178296,52.451023],[8.177414,52.453273],[8.182739,52.455391],[8.17963,52.458562],[8.186417,52.462039],[8.201221,52.477007],[8.202846,52.479877],[8.211731,52.47721],[8.214904,52.476913],[8.238601,52.478598],[8.239503,52.480044],[8.24591,52.479783],[8.246895,52.481496],[8.253187,52.483863],[8.256578,52.486442],[8.259116,52.485584],[8.268431,52.488804],[8.29861,52.498653],[8.302284,52.500077],[8.308324,52.499112],[8.308315,52.500987],[8.311841,52.504993],[8.312039,52.512414],[8.311227,52.521189],[8.311853,52.529216],[8.311044,52.530974],[8.313524,52.535348],[8.319529,52.538505],[8.322556,52.539081],[8.326448,52.537433],[8.328946,52.538926],[8.333075,52.538105],[8.340204,52.539956],[8.343409,52.541426],[8.346242,52.544491],[8.348933,52.549001],[8.349646,52.553206],[8.348784,52.554864],[8.34182,52.560632],[8.339506,52.563829],[8.340356,52.566193],[8.340242,52.570707],[8.343968,52.574815],[8.336403,52.577127],[8.332648,52.577202],[8.329241,52.572264],[8.322899,52.573922],[8.314369,52.580479],[8.312139,52.583497],[8.307356,52.60125],[8.303525,52.617292],[8.301304,52.624335],[8.295321,52.64572],[8.293795,52.650476],[8.300091,52.659326],[8.304345,52.66173],[8.30404,52.664991],[8.30922,52.667941],[8.30827,52.677921],[8.308974,52.683337],[8.310358,52.687075],[8.314829,52.689216],[8.318484,52.689156],[8.325311,52.686934],[8.335544,52.686929],[8.33844,52.692314],[8.363997,52.703431],[8.37489,52.708359],[8.410174,52.723424],[8.445648,52.723075],[8.452212,52.726947],[8.462236,52.733433],[8.465585,52.733509],[8.471996,52.735548],[8.471036,52.737394],[8.466792,52.741535],[8.469626,52.742651],[8.467142,52.748593],[8.469261,52.752865],[8.466627,52.757295],[8.46232,52.758841],[8.457778,52.762852],[8.459548,52.767124],[8.463735,52.771669],[8.462448,52.774931],[8.45688,52.776551],[8.45462,52.777893],[8.452454,52.783198],[8.450164,52.785912],[8.450462,52.787814],[8.455062,52.79179],[8.456895,52.794799],[8.457242,52.799154],[8.459277,52.801056]]]}},
{"type":"Feature","id":"DEU:ADM3:DE-NI.wesermarsch","properties":{"shapeName":"Wesermarsch","shapeISO":"","shapeGroup":"DEU","shapeType":"ADM3","adm1ISO":"DE-NI","parentISO":"DE-NI","parentID":"DEU:ADM1:DE-NI","src_shape_id":"24449704B71957467521611"},"geometry":{"type":"Polygon","coordinates":[[[8.485331,53.22712],[8.481526,53.234943],[8.480735,53.24637],[8.482808,53.259682],[8.489943,53.286027],[8.492551,53.296967],[8.492189,53.310124],[8.489958,53.318584],[8.49128,53.329187],[8.500075,53.343747],[8.501532,53.351059],[8.499987,53.366848],[8.497854,53.378375],[8.496472,53.402429],[8.492626,53.419007],[8.492358,53.431698],[8.492652,53.47242],[8.492654,53.475123],[8.501615,53.490986],[8.509038,53.497644],[8.514609,53.501413],[8.532156,53.509201],[8.552684,53.516176],[8.548105,53.519941],[8.553519,53.522952],[8.554898,53.525131],[8.55531,53.526801],[8.552972,53.530314],[8.552653,53.5339],[8.55071,53.537542],[8.545162,53.539459],[8.53815,53.540022],[8.534243,53.541066],[8.520775,53.54708],[8.5157,53.550661],[8.513104,53.553307],[8.510102,53.551689],[8.502961,53.550646],[8.49603,53.551128],[8.475573,53.553988],[8.4676,53.553782],[8.467771,53.552245],[8.460458,53.553423],[8.443526,53.559303],[8.438782,53.559961],[8.435684,53.562121],[8.414106,53.565588],[8.398862,53.569125],[8.386221,53.574271],[8.384471,53.573906],[8.374502,53.583667],[8.368738,53.586793],[8.356504,53.599601],[8.348979,53.606179],[8.337981,53.61155],[8.331975,53.613477],[8.32402,53.615063],[8.315291,53.61542],[8.311608,53.616283],[8.304534,53.615372],[8.291096,53.612921],[8.279476,53.608352],[8.274655,53.605212],[8.263859,53.600731],[8.251516,53.592544],[8.242973,53.582398],[8.240913,53.577708],[8.242139,53.576028],[8.238746,53.566736],[8.237205,53.560993],[8.235856,53.551549],[8.234957,53.538045],[8.234318,53.533762],[8.230827,53.520776],[8.244627,53.52059],[8.264768,53.518527],[8.277185,53.52001],[8.300071,53.525851],[8.303364,53.525487],[8.309415,53.52282],[8.313749,53.519087],[8.316887,53.514599],[8.315562,53.513149],[8.316911,53.507457],[8.316153,53.499025],[8.31663,53.489812],[8.316065,53.482372],[8.316856,53.4777],[8.316169,53.473074],[8.316833,53.471753],[8.314805,53.457255],[8.311535,53.451733],[8.308486,53.448141],[8.297606,53.442859],[8.296344,53.441573],[8.29469,53.434835],[8.2972,53.433239],[8.29765,53.43063],[8.291418,53.424046],[8.278496,53.412864],[8.272702,53.40936],[8.26747,53.405122],[8.257939,53.400761],[8.250797,53.398551],[8.24352,53.398418],[8.222523,53.401124],[8.2108,53.401501],[8.200418,53.4044],[8.195555,53.409172],[8.194127,53.40684],[8.19533,53.402866],[8.20205,53.397641],[8.2072,53.395962],[8.206987,53.390118],[8.204626,53.388358],[8.200719,53.387967],[8.1991,53.384138],[8.200008,53.377443],[8.203577,53.37651],[8.205082,53.373057],[8.202748,53.370366],[8.203913,53.36867],[8.202197,53.366143],[8.192258,53.359224],[8.189915,53.359156],[8.18734,53.355182],[8.182979,53.354934],[8.177431,53.356481],[8.173923,53.354041],[8.179584,53.347305],[8.170884,53.343319],[8.16418,53.341097],[8.164328,53.339733],[8.169113,53.335058],[8.170192,53.335393],[8.175106,53.32989],[8.170112,53.327369],[8.171837,53.322572],[8.178384,53.320217],[8.18507,53.322717],[8.186135,53.319878],[8.190072,53.321108],[8.192662,53.315981],[8.191661,53.315594],[8.209556,53.304986],[8.215923,53.302684],[8.222812,53.304644],[8.229964,53.305371],[8.244108,53.308314],[8.244396,53.30591],[8.252046,53.306617],[8.250788,53.302457],[8.25311,53.29902],[8.256924,53.299566],[8.257153,53.295956],[8.261522,53.289732],[8.267459,53.284736],[8.274796,53.28332],[8.277659,53.284576],[8.279023,53.282218],[8.275653,53.280261],[8.269798,53.279869],[8.269583,53.275456],[8.272463,53.265374],[8.275107,53.258462],[8.276869,53.255635],[8.279,53.255898],[8.282036,53.25277],[8.2927,53.243727],[8.282469,53.236115],[8.282022,53.233688],[8.286165,53.234446],[8.288363,53.236033],[8.296196,53.238905],[8.300654,53.232109],[8.304316,53.222975],[8.307364,53.217185],[8.311862,53.206187],[8.310816,53.205292],[8.311697,53.201957],[8.31462,53.196155],[8.307205,53.193199],[8.303906,53.189084],[8.302337,53.185108],[8.292445,53.180236],[8.294811,53.174227],[8.301631,53.166211],[8.300047,53.165265],[8.30199,53.160804],[8.307965,53.155578],[8.309301,53.153363],[8.312264,53.153048],[8.322305,53.161788],[8.327476,53.162585],[8.331656,53.161495],[8.338318,53.16128],[8.351154,53.165454],[8.355067,53.165613],[8.37027,53.164988],[8.375276,53.166065],[8.38158,53.171902],[8.384859,53.171833],[8.388765,53.1703],[8.385877,53.16561],[8.38802,53.15866],[8.392716,53.14991],[8.398199,53.141246],[8.397206,53.137919],[8.401678,53.12089],[8.421817,53.125904],[8.42356,53.125394],[8.436822,53.128883],[8.445129,53.132548],[8.448305,53.13219],[8.451894,53.134986],[8.461485,53.140357],[8.462926,53.139581],[8.46931,53.1393],[8.472275,53.138217],[8.488367,53.127017],[8.505284,53.120191],[8.506928,53.121854],[8.50525,53.125076],[8.495245,53.129409],[8.496153,53.130304],[8.507959,53.126405],[8.513502,53.129587],[8.524269,53.127504],[8.538573,53.1242],[8.554271,53.120099],[8.563531,53.118556],[8.566234,53.119633],[8.569558,53.116763],[8.570786,53.113787],[8.578716,53.122875],[8.589825,53.120552],[8.593988,53.119069],[8.591053,53.115597],[8.601439,53.112238],[8.603216,53.108738],[8.610069,53.106777],[8.613259,53.110447],[8.616666,53.105646],[8.635673,53.099276],[8.64159,53.106235],[8.647447,53.107322],[8.648476,53.108794],[8.654899,53.108865],[8.653941,53.111404],[8.655093,53.114955],[8.657681,53.118492],[8.650097,53.118269],[8.651598,53.122051],[8.647964,53.123884],[8.645947,53.126907],[8.635832,53.13297],[8.631067,53.138176],[8.627901,53.143019],[8.626088,53.148737],[8.623603,53.163212],[8.619465,53.167521],[8.616556,53.168958],[8.60796,53.170856],[8.58663,53.17297],[8.578896,53.174266],[8.556543,53.181658],[8.533268,53.187347],[8.522678,53.192508],[8.515326,53.197979],[8.511716,53.197213],[8.504712,53.200786],[8.501035,53.205923],[8.496168,53.209881],[8.491661,53.216434],[8.486842,53.220923],[8.482631,53.223578],[8.481735,53.22645],[8.485331,53.22712]]]}},
{"type":"Feature","id":"DEU:ADM3:DE-NI.wittmund","properties":{"shapeName":"Wittmund","shapeISO":"","shapeGroup":"DEU","shapeType":"ADM3","adm1ISO":"DE-NI","parentISO":"DE-NI","parentID":"DEU:ADM1:DE-NI","src_shape_id":"24449704B59544465737471"},"geometry":{"type":"MultiPolygon","coordinates":[[[[7.815485,53.375455],[7.828788,53.371348],[7.833932,53.362889],[7.842322,53.364617],[7.847453,53.367291],[7.851768,53.367052],[7.871523,53.375875],[7.858672,53.398644],[7.867781,53.402742],[7.891137,53.4123],[7.904558,53.41797],[7.912577,53.422416],[7.949824,53.438646],[7.948328,53.439813],[7.952645,53.441237],[7.960671,53.442988],[7.967231,53.443888],[7.96589,53.446773],[7.962699,53.449594],[7.969576,53.4612],[7.96973,53.464018],[7.959624,53.470716],[7.956863,53.473104],[7.950359,53.472137],[7.942574,53.472359],[7.946272,53.480789],[7.946271,53.482884],[7.933987,53.480641],[7.930745,53.479684],[7.928841,53.481658],[7.928633,53.487769],[7.932622,53.489947],[7.933205,53.491838],[7.931209,53.497075],[7.931173,53.500518],[7.935723,53.500846],[7.934771,53.503713],[7.93701,53.505657],[7.938969,53.509825],[7.935825,53.511216],[7.930055,53.512381],[7.922888,53.51216],[7.918083,53.514074],[7.913757,53.512751],[7.907937,53.512944],[7.904179,53.514729],[7.899946,53.515428],[7.894028,53.514988],[7.888188,53.516528],[7.862467,53.512863],[7.856874,53.512862],[7.851583,53.51125],[7.847478,53.509163],[7.821227,53.500839],[7.81553,53.519473],[7.815647,53.520285],[7.822195,53.526045],[7.826544,53.532831],[7.831421,53.537999],[7.829897,53.54332],[7.829781,53.546569],[7.831266,53.549218],[7.825152,53.549931],[7.824625,53.551394],[7.830941,53.551315],[7.836753,53.556296],[7.833921,53.560398],[7.836918,53.560534],[7.835818,53.565456],[7.838191,53.566676],[7.836232,53.569817],[7.84139,53.571699],[7.845407,53.571966],[7.844671,53.574378],[7.84815,53.576808],[7.853663,53.578077],[7.849257,53.580977],[7.851485,53.581852],[7.857136,53.580354],[7.856623,53.58234],[7.858209,53.586348],[7.855759,53.586637],[7.851217,53.589021],[7.848206,53.587095],[7.84716,53.59013],[7.84453,53.592141],[7.849776,53.59559],[7.851267,53.598679],[7.854206,53.597816],[7.855813,53.599738],[7.855868,53.606069],[7.858978,53.608402],[7.86037,53.610877],[7.858916,53.617175],[7.851927,53.622214],[7.844102,53.623803],[7.840042,53.62293],[7.835276,53.623708],[7.831111,53.623061],[7.828977,53.625811],[7.832092,53.628306],[7.828023,53.630286],[7.825358,53.627612],[7.822482,53.628638],[7.824027,53.630577],[7.820261,53.631548],[7.821147,53.63412],[7.824938,53.63298],[7.829744,53.633056],[7.829436,53.634884],[7.832786,53.636071],[7.836597,53.635038],[7.837769,53.638102],[7.836201,53.640185],[7.836756,53.642243],[7.840869,53.642403],[7.841513,53.646294],[7.839913,53.647592],[7.834304,53.648304],[7.836776,53.65146],[7.834488,53.659682],[7.834323,53.669074],[7.82695,53.680935],[7.821946,53.687957],[7.817673,53.692665],[7.81286,53.70317],[7.811652,53.707045],[7.809896,53.707662],[7.810558,53.711046],[7.8097,53.710953],[7.787804,53.70942],[7.786997,53.707698],[7.780929,53.70728],[7.775296,53.705681],[7.775051,53.704463],[7.767398,53.703616],[7.762962,53.701473],[7.741977,53.699865],[7.729754,53.699319],[7.71756,53.699593],[7.712735,53.700339],[7.707791,53.702834],[7.699552,53.702529],[7.684876,53.700789],[7.684774,53.699882],[7.672148,53.698001],[7.666258,53.695487],[7.656077,53.694255],[7.65437,53.693383],[7.644613,53.691802],[7.637644,53.691118],[7.630539,53.688836],[7.613132,53.687813],[7.604151,53.686057],[7.588148,53.680233],[7.579706,53.680941],[7.570601,53.680427],[7.574098,53.677914],[7.562795,53.675735],[7.558275,53.676667],[7.550173,53.675038],[7.554982,53.673905],[7.54584,53.671389],[7.541422,53.671104],[7.536404,53.668961],[7.529542,53.667672],[7.520928,53.666971],[7.509804,53.664472],[7.51166,53.661469],[7.513747,53.660845],[7.514678,53.657855],[7.512716,53.654444],[7.506197,53.652389],[7.501157,53.654587],[7.495665,53.651244],[7.493494,53.651775],[7.491836,53.6475],[7.494896,53.645479],[7.494394,53.64338],[7.498855,53.643372],[7.498865,53.6408],[7.508087,53.635844],[7.507324,53.631752],[7.513492,53.627827],[7.511066,53.626366],[7.510139,53.62378],[7.506337,53.623185],[7.483523,53.623233],[7.472256,53.625161],[7.473499,53.627097],[7.46565,53.626617],[7.463247,53.624625],[7.459713,53.625194],[7.457416,53.624302],[7.453447,53.620903],[7.432566,53.622941],[7.426987,53.621399],[7.421098,53.617602],[7.427497,53.612428],[7.421467,53.611282],[7.421872,53.605966],[7.419146,53.602813],[7.416734,53.601657],[7.419085,53.595527],[7.407817,53.583851],[7.415306,53.581592],[7.41583,53.576092],[7.418515,53.563937],[7.420766,53.550844],[7.41895,53.550035],[7.412109,53.542111],[7.41401,53.539991],[7.429238,53.532762],[7.433717,53.535635],[7.437894,53.536998],[7.436003,53.539208],[7.441665,53.541147],[7.448642,53.535277],[7.476912,53.54571],[7.481846,53.547218],[7.495187,53.548434],[7.531856,53.552134],[7.553582,53.55379],[7.564554,53.554807],[7.594716,53.558181],[7.622665,53.561724],[7.647939,53.561645],[7.650445,53.560732],[7.656106,53.550592],[7.661738,53.539158],[7.662583,53.535904],[7.659462,53.536146],[7.653465,53.534766],[7.65205,53.532563],[7.652957,53.529559],[7.651342,53.527939],[7.644406,53.525521],[7.649756,53.522857],[7.678079,53.50251],[7.679247,53.4785],[7.679198,53.474811],[7.677234,53.46294],[7.693968,53.463071],[7.692486,53.464566],[7.698929,53.467551],[7.712626,53.471345],[7.736643,53.472435],[7.741609,53.466155],[7.741553,53.464754],[7.749888,53.464598],[7.751919,53.463181],[7.744265,53.462911],[7.744542,53.456344],[7.74149,53.454567],[7.731736,53.454429],[7.731759,53.448089],[7.735349,53.440598],[7.739454,53.441194],[7.755248,53.435737],[7.761555,53.442074],[7.764705,53.440579],[7.770875,53.44649],[7.782219,53.443062],[7.774459,53.439716],[7.780978,53.434888],[7.773453,53.430692],[7.774134,53.426508],[7.784941,53.427295],[7.786138,53.423947],[7.782974,53.421137],[7.784052,53.420384],[7.767453,53.413327],[7.770062,53.407634],[7.771929,53.408931],[7.776629,53.408631],[7.780461,53.409429],[7.78378,53.403944],[7.794236,53.403534],[7.794695,53.406089],[7.804262,53.406164],[7.804444,53.408587],[7.814219,53.40872],[7.81463,53.401993],[7.804066,53.400044],[7.810083,53.387628],[7.815485,53.375455]]],[[[7.495687,53.723064],[7.505414,53.723683],[7.506186,53.725595],[7.50365,53.730982],[7.502006,53.734463],[7.508468,53.741447],[7.511634,53.74326],[7.526167,53.743479],[7.527102,53.743031],[7.53887,53.743164],[7.551079,53.745109],[7.552614,53.745847],[7.569078,53.748093],[7.577913,53.748313],[7.602193,53.747147],[7.611048,53.746232],[7.622762,53.746964],[7.630569,53.748093],[7.631031,53.750704],[7.641805,53.752471],[7.642693,53.75435],[7.639012,53.755983],[7.623217,53.757736],[7.599121,53.759033],[7.572438,53.759318],[7.555537,53.758477],[7.534625,53.758074],[7.527086,53.757475],[7.50984,53.757003],[7.503156,53.757099],[7.490886,53.756595],[7.479802,53.75436],[7.474893,53.7518],[7.469257,53.746109],[7.465765,53.735151],[7.463421,53.730065],[7.460299,53.725732],[7.461469,53.724178],[7.468521,53.721862],[7.476032,53.721508],[7.480322,53.722541],[7.481505,53.725011],[7.485066,53.725716],[7.489038,53.724837],[7.49183,53.722607],[7.495687,53.723064]]],[[[7.695065,53.763124],[7.697231,53.763135],[7.70103,53.76266],[7.707221,53.763173],[7.718384,53.76158],[7.72832,53.760922],[7.740137,53.760686],[7.747147,53.762198],[7.757593,53.763333],[7.7674,53.763788],[7.795162,53.76925],[7.804586,53.77246],[7.810501,53.77377],[7.814941,53.776093],[7.81517,53.780311],[7.813396,53.781516],[7.772644,53.781194],[7.766429,53.781419],[7.743617,53.781175],[7.731664,53.781551],[7.720575,53.782254],[7.70603,53.781102],[7.70033,53.781038],[7.690072,53.778808],[7.683397,53.776444],[7.676109,53.772149],[7.669312,53.767013],[7.666254,53.763423],[7.665323,53.76107],[7.668631,53.754652],[7.675036,53.752443],[7.684408,53.752133],[7.684982,53.754429],[7.691498,53.757955],[7.695065,53.763124]]]]}}
]}